date,slot,model,side,r,win,range,body_ratio,candle_dir,inside_prev,overlap_prev,exp_ratio,break_with_candle,opp_swept_first,time_to_break,bars_outside,entry_delay,vol_break_ratio,pen_pts,dow,edge_pos_on,fade_with_on_trend,rel_range
2021-04-01,6am,retest,short,-1.0,False,18.0,0.7083333333333334,-1.0,False,0.7638888888888888,0.6857142857142857,False,False,34,1,1,2.7248322147651005,4.75,3,0.8541666666666666,False,
2021-04-01,7am,failure,short,-1.0,False,28.5,0.5789473684210527,1.0,False,0.5263157894736842,1.5833333333333333,True,False,3,1,1,,2.5,3,0.9564393939393939,False,
2021-04-02,6am,retest,short,1.3,True,19.5,0.41025641025641024,-1.0,False,0.23076923076923078,2.2285714285714286,False,False,67,1,1,2.6842105263157894,2.75,4,0.8342245989304813,False,
2021-04-02,6am,failure,short,1.3,True,19.5,0.41025641025641024,-1.0,False,0.23076923076923078,2.2285714285714286,False,False,66,1,1,1.8911174785100286,0.75,4,0.8342245989304813,False,
2021-04-02,7am,failure,short,-1.0,False,11.5,0.5434782608695652,1.0,True,1.0,0.5897435897435898,True,False,0,1,2,,0.25,4,0.7700534759358288,False,
2021-04-05,6am,retest,short,1.3,True,26.25,0.6095238095238096,-1.0,False,0.9619047619047619,0.7894736842105263,False,False,61,1,1,2.7364016736401675,2.75,0,1.0125,False,
2021-04-05,6am,failure,short,1.3,True,26.25,0.6095238095238096,-1.0,False,0.9619047619047619,0.7894736842105263,False,False,60,1,1,3.7688198154443904,3.5,0,1.0125,False,
2021-04-05,7am,retest,short,1.3,True,23.25,0.9247311827956989,1.0,True,1.0,0.8857142857142857,True,False,0,2,1,,4.0,0,1.00625,False,
2021-04-06,7am,retest,short,-1.0,False,36.75,0.7482993197278912,1.0,False,0.564625850340136,1.4134615384615385,True,False,0,54,1,,28.75,1,0.5382653061224489,True,
2021-04-07,6am,retest,long,-1.0,False,24.75,0.020202020202020204,1.0,False,0.7373737373737373,0.792,False,False,5,4,1,,6.0,2,0.620253164556962,False,
2021-04-07,7am,retest,long,-1.0,False,21.0,0.5714285714285714,-1.0,False,0.47619047619047616,0.8484848484848485,True,False,15,14,1,2.181536874677669,8.75,2,0.8059071729957806,False,
2021-04-08,6am,retest,long,1.3,True,30.0,0.3,1.0,False,0.05,0.96,False,False,65,1,4,1.486652977412731,2.75,3,0.18633540372670807,True,
2021-04-08,6am,failure,long,1.3,True,30.0,0.3,1.0,False,0.05,0.96,False,False,47,1,1,4.051482932288752,0.5,3,0.18633540372670807,True,
2021-04-08,7am,retest,long,1.3,True,20.75,0.13253012048192772,-1.0,False,0.8554216867469879,0.6916666666666667,True,False,12,5,1,3.1749460043196542,6.5,3,0.2111801242236025,True,
2021-04-09,6am,retest,short,-1.0,False,31.0,0.04838709677419355,-1.0,False,0.7016129032258065,1.3478260869565217,False,False,3,1,1,,3.0,4,0.24259259259259258,True,
2021-04-09,6am,retest,long,-1.0,False,31.0,0.04838709677419355,-1.0,False,0.7016129032258065,1.3478260869565217,True,True,90,1,1,3.45437171524128,7.0,4,0.987037037037037,False,
2021-04-09,6am,failure,long,-1.0,False,31.0,0.04838709677419355,-1.0,False,0.7016129032258065,1.3478260869565217,True,True,70,1,13,2.861371484953133,1.25,4,0.987037037037037,False,
2021-04-09,7am,failure,long,-1.0,False,32.0,0.09375,-1.0,False,0.5234375,1.032258064516129,True,False,1,1,1,,0.5,4,0.8814814814814815,False,
2021-04-12,7am,retest,short,1.3,True,26.0,0.4519230769230769,1.0,True,1.0,0.6666666666666666,True,True,63,2,1,2.5571803524559433,6.25,0,0.562015503875969,True,
2021-04-12,7am,failure,short,1.3,True,26.0,0.4519230769230769,1.0,True,1.0,0.6666666666666666,True,True,54,1,9,2.2522522522522523,2.0,0,0.562015503875969,True,
2021-04-13,6am,retest,short,1.3,True,37.75,0.5099337748344371,-1.0,False,0.543046357615894,1.8414634146341464,False,True,74,6,1,2.857142857142857,5.0,1,0.7950819672131147,True,
2021-04-13,6am,retest,long,1.3,True,37.75,0.5099337748344371,-1.0,False,0.543046357615894,1.8414634146341464,True,False,1,2,1,,2.5,1,0.8237704918032787,False,
2021-04-14,6am,retest,long,-1.0,False,11.5,0.3695652173913043,-1.0,False,0.8043478260869565,0.8363636363636363,True,True,137,3,1,2.546563904945408,5.25,2,0.31840796019900497,True,
2021-04-14,6am,failure,long,-1.0,False,11.5,0.3695652173913043,-1.0,False,0.8043478260869565,0.8363636363636363,True,True,136,1,1,1.7954856361149112,1.0,2,0.31840796019900497,True,
2021-04-14,7am,retest,long,-1.0,False,30.5,0.860655737704918,1.0,False,0.1557377049180328,2.652173913043478,False,False,61,1,1,2.2145045965270684,1.5,2,0.18407960199004975,True,
2021-04-15,7am,failure,short,-1.0,False,36.25,0.4827586206896552,1.0,False,0.5724137931034483,1.0431654676258992,True,False,3,1,8,,0.75,3,1.1756440281030445,False,
2021-04-16,6am,failure,short,-1.0,False,19.5,0.5,1.0,False,0.5641025641025641,0.7428571428571429,True,False,5,1,3,,0.25,4,0.8237547892720306,False,
2021-04-16,7am,retest,short,-1.0,False,32.75,0.8320610687022901,1.0,False,0.24427480916030533,1.6794871794871795,True,False,0,66,1,,28.25,4,1.2030651340996168,False,1.201834862385321
2021-04-19,6am,retest,long,-1.0,False,48.0,0.6614583333333334,-1.0,False,0.15625,2.3132530120481927,True,False,61,1,3,4.616336633663367,4.25,0,0.9778481012658228,True,
2021-04-20,6am,retest,short,-1.0,False,44.5,0.1797752808988764,1.0,False,0.6910112359550562,0.5085714285714286,True,False,36,3,1,1.5239096163951655,10.0,1,0.29009433962264153,True,1.7450980392156863
2021-04-20,7am,retest,short,1.3,True,33.0,0.25757575757575757,1.0,False,0.696969696969697,0.7415730337078652,True,False,3,2,1,,5.5,1,0.38443396226415094,True,1.1578947368421053
2021-04-20,7am,failure,short,1.3,True,33.0,0.25757575757575757,1.0,False,0.696969696969697,0.7415730337078652,True,False,1,1,2,,2.25,1,0.38443396226415094,True,1.1578947368421053
2021-04-21,6am,retest,long,-1.0,False,33.25,0.6766917293233082,1.0,False,0.7819548872180451,1.0075757575757576,False,True,66,1,2,3.8594594594594596,3.75,2,0.3649122807017544,True,1.2666666666666666
2021-04-21,7am,retest,long,-1.0,False,30.5,0.819672131147541,-1.0,False,0.9918032786885246,0.9172932330827067,True,False,6,8,1,,6.75,2,0.32280701754385965,True,1.0338983050847457
2021-04-21,7am,failure,long,-1.0,False,30.5,0.819672131147541,-1.0,False,0.9918032786885246,0.9172932330827067,True,False,3,1,3,,1.75,2,0.32280701754385965,True,1.0338983050847457
2021-04-22,6am,failure,long,1.3,True,33.0,0.3939393939393939,-1.0,False,0.3939393939393939,1.736842105263158,True,False,64,1,3,2.5703125,2.0,3,0.9166666666666666,True,1.1733333333333333
2021-04-22,7am,retest,short,1.3,True,24.25,0.35051546391752575,-1.0,True,1.0,0.7348484848484849,False,True,34,14,2,2.8910089621277826,8.0,3,0.49583333333333335,True,0.7950819672131147
2021-04-22,7am,failure,long,1.3,True,24.25,0.35051546391752575,-1.0,True,1.0,0.7348484848484849,True,False,4,1,3,,2.5,3,0.9083333333333333,False,0.7950819672131147
2021-04-23,7am,failure,short,1.3,True,19.75,0.25316455696202533,-1.0,False,0.6962025316455697,1.0675675675675675,False,False,1,1,1,,0.75,4,0.8333333333333334,False,0.6694915254237288
2021-04-26,6am,retest,short,-1.0,False,18.0,0.16666666666666666,-1.0,False,0.7777777777777778,1.2857142857142858,False,True,55,7,3,2.7680525164113785,3.75,0,0.2690909090909091,True,0.6
2021-04-26,6am,retest,long,1.3,True,18.0,0.16666666666666666,-1.0,False,0.7777777777777778,1.2857142857142858,True,False,5,7,1,,10.5,0,0.9927272727272727,False,0.6
2021-04-26,7am,retest,short,-1.0,False,32.25,0.4728682170542636,1.0,False,0.5581395348837209,1.7916666666666667,True,False,24,1,1,1.8228279386712094,1.25,0,0.3236363636363636,True,1.131578947368421
2021-04-26,7am,failure,short,-1.0,False,32.25,0.4728682170542636,1.0,False,0.5581395348837209,1.7916666666666667,True,False,9,1,1,,2.0,0,0.3236363636363636,True,1.131578947368421
2021-04-27,6am,retest,short,1.3,True,21.25,0.788235294117647,1.0,True,1.0,0.6692913385826772,True,False,6,3,9,,2.5,1,0.6094674556213018,False,0.7555555555555555
2021-04-27,6am,failure,short,1.3,True,21.25,0.788235294117647,1.0,True,1.0,0.6692913385826772,True,False,5,1,1,,1.0,1,0.6094674556213018,False,0.7555555555555555
2021-04-27,7am,retest,short,1.3,True,13.75,0.18181818181818182,1.0,False,0.8181818181818182,0.6470588235294118,True,False,8,2,4,,2.75,1,0.6686390532544378,False,0.4661016949152542
2021-04-28,6am,retest,short,-1.0,False,15.75,0.5238095238095238,1.0,True,1.0,0.6774193548387096,True,False,3,3,1,,4.0,2,0.5067114093959731,True,0.6
2021-04-28,6am,retest,long,-1.0,False,15.75,0.5238095238095238,1.0,True,1.0,0.6774193548387096,False,True,43,3,6,1.1554690035702693,9.0,2,0.7046979865771812,False,0.6
2021-04-28,6am,failure,long,-1.0,False,15.75,0.5238095238095238,1.0,True,1.0,0.6774193548387096,False,True,37,1,6,1.047586442998973,1.5,2,0.7046979865771812,False,0.6
2021-04-29,6am,retest,short,-1.0,False,19.5,0.15384615384615385,1.0,False,0.7051282051282052,1.4181818181818182,True,False,5,22,1,,12.5,3,0.967741935483871,False,0.7647058823529411
2021-04-29,7am,retest,short,-1.0,False,26.75,0.22429906542056074,1.0,False,0.5327102803738317,1.3717948717948718,True,False,36,1,1,2.964747098751916,3.5,3,1.1143695014662756,False,0.9385964912280702
2021-04-29,7am,failure,short,-1.0,False,26.75,0.22429906542056074,1.0,False,0.5327102803738317,1.3717948717948718,True,False,34,1,1,5.356585111920874,2.25,3,1.1143695014662756,False,0.9385964912280702
2021-04-30,6am,retest,long,1.3,True,59.0,0.5635593220338984,-1.0,False,0.2033898305084746,1.6857142857142857,True,False,97,1,1,3.038203874705776,6.0,4,1.392749244712991,False,2.3838383838383836
2021-04-30,7am,retest,long,1.3,True,28.5,0.5789473684210527,1.0,True,1.0,0.4830508474576271,False,True,33,11,1,1.8725829432118868,22.0,4,1.2900302114803626,False,1.0316742081447965
2021-04-30,7am,failure,long,-1.0,False,28.5,0.5789473684210527,1.0,True,1.0,0.4830508474576271,False,True,31,1,1,6.475808760377898,3.0,4,1.2900302114803626,False,1.0316742081447965
2021-05-03,6am,retest,short,-1.0,False,34.25,0.44525547445255476,1.0,False,0.6058394160583942,0.9785714285714285,True,False,17,2,4,4.47823629169022,4.75,0,0.6928571428571428,True,1.3431372549019607
2021-05-03,7am,retest,short,-1.0,False,23.5,0.5531914893617021,1.0,False,0.7021276595744681,0.6861313868613139,True,False,31,5,1,3.010600706713781,10.0,0,0.7928571428571428,False,0.8245614035087719
2021-05-04,6am,failure,long,-1.0,False,30.75,0.3008130081300813,-1.0,False,0.8130081300813008,1.128440366972477,True,False,35,1,1,2.287756925826631,3.25,1,0.8669064748201439,False,1.1714285714285715
2021-05-05,7am,failure,long,1.3,True,33.0,0.06060606060606061,1.0,False,0.7803030303030303,1.2815533980582525,False,True,34,1,1,2.6430629888843145,0.5,2,0.13875598086124402,True,1.1945701357466063
2021-05-06,6am,retest,long,-1.0,False,37.25,0.06711409395973154,-1.0,True,1.0,0.645021645021645,True,False,3,3,1,,11.25,3,0.5167364016736402,True,1.3244444444444445
2021-05-06,7am,retest,long,-1.0,False,32.0,0.1171875,-1.0,False,0.6484375,0.8590604026845637,True,False,7,1,3,,4.5,3,0.6108786610878661,True,1.158371040723982
2021-05-07,7am,retest,long,1.3,True,17.0,0.5147058823529411,-1.0,False,0.9264705882352942,0.7727272727272727,True,False,0,9,1,,8.25,4,0.4879725085910653,True,0.576271186440678
2021-05-07,7am,failure,short,-1.0,False,17.0,0.5147058823529411,-1.0,False,0.9264705882352942,0.7727272727272727,False,True,27,1,1,1.8382591750568367,2.75,4,0.7457044673539519,False,0.576271186440678
2021-05-10,6am,retest,short,1.3,True,26.5,0.08490566037735849,-1.0,False,0.7830188679245284,0.9217391304347826,False,True,98,1,1,2.517207472959685,4.5,0,0.3484848484848485,True,0.8724279835390947
2021-05-10,6am,retest,long,1.3,True,26.5,0.08490566037735849,-1.0,False,0.7830188679245284,0.9217391304347826,True,True,34,10,1,5.029880478087649,7.75,0,0.8809523809523809,False,0.8724279835390947
2021-05-10,6am,failure,short,1.3,True,26.5,0.08490566037735849,-1.0,False,0.7830188679245284,0.9217391304347826,False,False,0,1,11,,0.5,0,0.3484848484848485,True,0.8724279835390947
2021-05-11,6am,retest,long,-1.0,False,40.0,0.0125,-1.0,False,0.55,1.0256410256410255,True,False,39,5,3,2.36,12.25,1,0.9278728606356969,False,1.316872427983539
2021-05-11,6am,failure,long,-1.0,False,40.0,0.0125,-1.0,False,0.55,1.0256410256410255,True,False,26,1,8,3.0490471727585127,2.5,1,0.9278728606356969,False,1.316872427983539
2021-05-11,7am,retest,long,-1.0,False,71.75,0.8745644599303136,-1.0,False,0.4808362369337979,1.79375,True,False,13,2,1,0.5926470588235294,9.5,1,1.1100244498777505,False,2.4322033898305087
2021-05-11,7am,failure,long,-1.0,False,71.75,0.8745644599303136,-1.0,False,0.4808362369337979,1.79375,True,False,0,1,10,,4.25,1,1.1100244498777505,False,2.4322033898305087
2021-05-12,6am,failure,short,1.3,True,52.75,0.3175355450236967,-1.0,False,0.95260663507109,1.0445544554455446,False,False,77,1,1,3.172072567344695,2.25,2,0.7065868263473054,True,1.708502024291498
2021-05-12,7am,failure,short,-1.0,False,32.0,0.4765625,1.0,True,1.0,0.6066350710900474,True,False,10,1,1,1.4866581956797966,0.25,2,0.5898203592814372,True,1.0847457627118644
2021-05-13,6am,failure,short,-1.0,False,42.75,0.17543859649122806,1.0,False,0.9590643274853801,0.9,True,False,16,1,1,1.198237885462555,2.0,3,0.413290113452188,True,1.3359375
2021-05-13,7am,retest,short,-1.0,False,130.5,0.6762452107279694,1.0,False,0.19540229885057472,3.0526315789473686,True,False,11,3,2,2.258407079646018,5.75,3,1.0940032414910859,False,4.278688524590164
2021-05-14,6am,failure,short,1.3,True,23.25,0.5698924731182796,-1.0,True,1.0,0.4696969696969697,False,True,8,1,1,,2.25,4,0.9261213720316622,False,0.7018867924528301
2021-05-14,7am,retest,long,1.3,True,32.25,0.23255813953488372,1.0,False,0.7209302325581395,1.3870967741935485,False,True,36,9,1,2.2886297376093294,16.25,4,0.22295514511873352,True,1.032
2021-05-14,7am,failure,long,-1.0,False,32.25,0.23255813953488372,1.0,False,0.7209302325581395,1.3870967741935485,False,True,35,1,1,2.7872619829284306,5.75,4,0.22295514511873352,True,1.032
2021-05-17,6am,retest,long,1.3,True,21.5,0.6511627906976745,-1.0,False,0.2441860465116279,0.8113207547169812,True,False,25,1,1,5.051194539249147,8.25,0,1.055793991416309,False,0.6490566037735849
2021-05-17,7am,retest,long,1.3,True,39.75,0.6226415094339622,-1.0,False,0.5345911949685535,1.8488372093023255,True,False,13,6,7,1.131268436578171,6.0,0,1.2145922746781115,False,1.272
2021-05-17,7am,failure,long,1.3,True,39.75,0.6226415094339622,-1.0,False,0.5345911949685535,1.8488372093023255,True,False,0,1,1,,2.75,0,1.2145922746781115,False,1.272
2021-05-18,6am,retest,long,-1.0,False,26.75,0.32710280373831774,-1.0,False,0.7850467289719626,1.1758241758241759,True,False,24,46,1,4.542190305206463,21.75,1,0.31282952548330406,True,0.8392156862745098
2021-05-18,7am,retest,long,-1.0,False,31.5,0.7857142857142857,-1.0,False,0.30952380952380953,1.1775700934579438,True,False,45,1,1,0.8357628765792031,1.5,1,0.46572934973637964,True,0.984375
2021-05-18,7am,failure,long,-1.0,False,31.5,0.7857142857142857,-1.0,False,0.30952380952380953,1.1775700934579438,True,False,39,1,3,3.013537374926427,4.5,1,0.46572934973637964,True,0.984375
2021-05-19,6am,retest,long,-1.0,False,39.75,0.6163522012578616,1.0,True,1.0,0.6068702290076335,False,False,19,2,1,2.090281203749383,3.5,2,0.9738805970149254,False,1.2470588235294118
2021-05-20,7am,failure,short,-1.0,False,47.25,0.7671957671957672,1.0,False,0.06349206349206349,1.2272727272727273,True,False,11,1,18,3.757952973720608,1.75,3,0.8188073394495413,False,1.4765625
2021-05-21,6am,retest,short,-1.0,False,18.5,0.22972972972972974,-1.0,False,0.7567567567567568,0.9487179487179487,False,False,12,5,1,1.2138996138996139,6.5,4,0.6639344262295082,False,0.5584905660377358
2021-05-21,6am,failure,short,-1.0,False,18.5,0.22972972972972974,-1.0,False,0.7567567567567568,0.9487179487179487,False,False,9,1,1,,0.75,4,0.6639344262295082,False,0.5584905660377358
2021-05-21,7am,failure,short,-1.0,False,37.0,0.7837837837837838,1.0,False,0.40540540540540543,2.0,True,False,85,1,1,8.584452975047984,7.25,4,1.0245901639344261,False,1.15625
2021-05-24,6am,failure,long,-1.0,False,15.0,0.23333333333333334,-1.0,False,0.95,0.425531914893617,True,False,14,1,1,0.6388349514563108,1.0,0,0.10070671378091872,True,0.47058823529411764
2021-05-25,6am,retest,long,1.3,True,41.5,0.7530120481927711,-1.0,False,0.40963855421686746,2.4411764705882355,True,False,0,4,2,,8.75,1,0.5081967213114754,True,1.4434782608695653
2021-05-26,6am,retest,short,-1.0,False,17.75,0.6901408450704225,1.0,True,1.0,0.5819672131147541,True,False,3,5,1,,6.25,2,0.7079646017699115,False,0.6173913043478261
2021-05-26,6am,failure,short,-1.0,False,17.75,0.6901408450704225,1.0,True,1.0,0.5819672131147541,True,False,0,1,2,,3.75,2,0.7079646017699115,False,0.6173913043478261
2021-05-26,6am,failure,long,1.3,True,17.75,0.6901408450704225,1.0,True,1.0,0.5819672131147541,False,True,136,1,1,1.054306743584643,0.75,2,0.6061946902654868,True,0.6173913043478261
2021-05-26,7am,failure,long,-1.0,False,31.25,0.328,1.0,False,0.2,1.7605633802816902,False,False,57,1,1,7.640833048822124,2.25,2,0.4026548672566372,True,0.9765625
2021-05-27,6am,retest,short,1.3,True,29.5,0.576271186440678,1.0,False,0.576271186440678,1.4047619047619047,True,False,4,1,7,,3.5,3,0.34536082474226804,True,1.107981220657277
2021-05-27,7am,retest,long,1.3,True,35.0,0.6,1.0,False,0.5571428571428572,1.1864406779661016,False,True,23,1,1,1.6766964100435775,3.25,3,0.8556701030927835,False,1.1023622047244095
2021-05-31,6am,retest,short,1.3,True,21.75,0.4367816091954023,1.0,False,0.8505747126436781,0.925531914893617,True,False,96,10,1,2.309368191721133,4.75,0,0.31223628691983124,True,0.7733333333333333
2021-05-31,6am,failure,short,1.3,True,21.75,0.4367816091954023,1.0,False,0.8505747126436781,0.925531914893617,True,False,0,1,1,,1.25,0,0.31223628691983124,True,0.7733333333333333
2021-05-31,7am,retest,short,1.3,True,12.0,0.5208333333333334,-1.0,False,0.8958333333333334,0.5517241379310345,False,True,36,9,11,2.309368191721133,3.5,0,0.3333333333333333,True,0.375
2021-05-31,7am,retest,long,1.3,True,12.0,0.5208333333333334,-1.0,False,0.8958333333333334,0.5517241379310345,True,False,2,3,1,,4.5,0,0.869198312236287,False,0.375
2021-06-01,6am,retest,short,1.3,True,11.75,0.19148936170212766,-1.0,True,1.0,0.746031746031746,False,True,22,8,1,1.36,10.5,1,0.9811827956989247,False,0.4177777777777778
2021-06-01,6am,retest,long,1.3,True,11.75,0.19148936170212766,-1.0,True,1.0,0.746031746031746,True,False,0,1,1,,2.75,1,0.14516129032258066,True,0.4177777777777778
2021-06-01,6am,failure,short,-1.0,False,11.75,0.19148936170212766,-1.0,True,1.0,0.746031746031746,False,True,21,1,1,1.9166215484569573,0.25,1,0.9811827956989247,False,0.4177777777777778
2021-06-02,6am,retest,short,-1.0,False,17.25,0.42028985507246375,1.0,False,0.6376811594202898,0.8846153846153846,True,False,2,18,4,,11.25,2,0.6779661016949152,True,0.6133333333333333
2021-06-02,6am,failure,short,-1.0,False,17.25,0.42028985507246375,1.0,False,0.6376811594202898,0.8846153846153846,True,False,0,1,1,,0.75,2,0.6779661016949152,True,0.6133333333333333
2021-06-02,7am,failure,short,-1.0,False,18.75,0.4533333333333333,1.0,False,0.4,1.0869565217391304,True,False,20,1,2,3.1934731934731935,1.0,2,0.9322033898305084,False,0.5859375
2021-06-03,6am,failure,long,-1.0,False,76.5,0.8464052287581699,-1.0,False,0.17973856209150327,2.1549295774647885,True,False,1,1,1,,3.5,3,1.8175895765472312,False,2.72
2021-06-03,7am,failure,long,1.3,True,63.0,0.7103174603174603,-1.0,False,0.20634920634920634,0.8235294117647058,True,False,4,1,11,,1.75,3,2.469055374592834,False,1.96875
2021-06-04,6am,retest,short,-1.0,False,41.0,0.054878048780487805,-1.0,False,0.5,1.8636363636363635,False,False,1,43,1,,15.5,4,0.9301587301587302,False,1.4577777777777778
2021-06-04,6am,failure,short,-1.0,False,41.0,0.054878048780487805,-1.0,False,0.5,1.8636363636363635,False,False,0,1,1,,4.0,4,0.9301587301587302,False,1.4577777777777778
2021-06-04,7am,retest,short,1.3,True,22.25,0.9662921348314607,1.0,False,0.2696629213483146,0.5426829268292683,True,False,2,7,1,,10.5,4,1.1365079365079365,False,0.6953125
2021-06-04,7am,failure,short,-1.0,False,22.25,0.9662921348314607,1.0,False,0.2696629213483146,0.5426829268292683,True,False,0,1,1,,1.75,4,1.1365079365079365,False,0.6953125
2021-06-07,6am,failure,short,-1.0,False,21.75,0.20689655172413793,1.0,True,1.0,0.5403726708074534,True,False,0,1,1,,0.5,0,0.3378016085790885,True,0.7733333333333333
2021-06-07,7am,failure,short,1.3,True,48.75,0.8461538461538461,1.0,False,0.24615384615384617,2.2413793103448274,True,False,33,1,3,3.440650406504065,2.0,0,0.7319034852546917,True,1.5234375
2021-06-08,7am,retest,short,-1.0,False,41.75,0.7485029940119761,1.0,False,0.2754491017964072,0.6706827309236948,True,False,5,1,2,,4.5,1,1.1672240802675586,False,1.2996108949416343
2021-06-09,6am,retest,short,1.3,True,27.25,0.8807339449541285,1.0,False,0.3302752293577982,1.3974358974358974,True,False,6,4,1,,7.25,2,1.2095808383233533,False,1.0234741784037558
2021-06-09,6am,failure,short,1.3,True,27.25,0.8807339449541285,1.0,False,0.3302752293577982,1.3974358974358974,True,False,5,1,1,,0.25,2,1.2095808383233533,False,1.0234741784037558
2021-06-09,7am,retest,short,-1.0,False,34.75,0.15827338129496402,1.0,False,0.7122302158273381,1.275229357798165,True,False,35,10,3,9.356037151702786,7.75,2,1.4491017964071857,False,1.0651340996168583
2021-06-10,6am,retest,short,1.3,True,23.0,0.3804347826086957,-1.0,False,0.8478260869565217,0.9108910891089109,False,False,15,1,1,1.504,0.75,3,0.3222591362126246,True,0.863849765258216
2021-06-10,7am,retest,short,1.3,True,51.0,0.07352941176470588,1.0,False,0.45098039215686275,2.217391304347826,True,False,23,1,1,1.6706217370669199,1.5,3,0.43521594684385384,True,1.5055350553505535
2021-06-11,6am,failure,short,1.3,True,46.75,0.7593582887700535,1.0,False,0.31016042780748665,3.2241379310344827,True,False,7,1,2,,1.0,4,1.2468354430379747,False,1.87
2021-06-11,7am,retest,long,-1.0,False,22.25,0.7865168539325843,-1.0,False,0.9550561797752809,0.47593582887700536,True,False,0,1,10,,1.75,4,0.2911392405063291,True,0.6379928315412187
2021-06-14,6am,retest,short,1.3,True,20.5,0.5609756097560976,1.0,False,0.4024390243902439,1.9523809523809523,True,False,6,7,1,,6.25,0,1.2207792207792207,False,0.82
2021-06-14,6am,failure,short,1.3,True,20.5,0.5609756097560976,1.0,False,0.4024390243902439,1.9523809523809523,True,False,5,1,1,,0.5,0,1.2207792207792207,False,0.82
2021-06-14,6am,failure,long,-1.0,False,20.5,0.5609756097560976,1.0,False,0.4024390243902439,1.9523809523809523,False,True,96,1,1,1.5492957746478875,1.0,0,0.3116883116883117,True,0.82
2021-06-14,7am,failure,long,-1.0,False,20.75,0.1686746987951807,-1.0,False,0.6987951807228916,1.0121951219512195,True,False,15,1,11,1.440922190201729,1.0,0,0.15584415584415584,True,0.5949820788530465
2021-06-15,6am,retest,short,1.3,True,20.0,0.6,1.0,False,0.625,1.6,True,False,54,3,1,1.8229166666666667,4.75,1,0.7211538461538461,False,0.8648648648648649
2021-06-15,6am,retest,long,-1.0,False,20.0,0.6,1.0,False,0.625,1.6,False,True,93,1,3,5.605143721633889,3.75,1,0.6634615384615384,True,0.8648648648648649
2021-06-15,6am,failure,short,1.3,True,20.0,0.6,1.0,False,0.625,1.6,True,False,23,1,21,2.2673964034401877,1.0,1,0.7211538461538461,False,0.8648648648648649
2021-06-15,7am,failure,long,-1.0,False,13.25,0.09433962264150944,-1.0,False,0.6415094339622641,0.6625,True,False,30,1,1,7.670527670527671,4.75,1,0.4423076923076923,True,0.37992831541218636
2021-06-16,6am,retest,short,-1.0,False,16.5,0.030303030303030304,1.0,False,0.5757575757575758,1.0476190476190477,True,True,120,8,8,3.7044334975369457,4.5,2,0.92,True,0.7374301675977654
2021-06-16,7am,retest,short,-1.0,False,15.0,0.2833333333333333,-1.0,False,0.9166666666666666,0.9090909090909091,False,True,59,12,1,0.6686332350049164,7.25,2,0.81,True,0.44776119402985076
2021-06-16,7am,retest,long,1.3,True,15.0,0.2833333333333333,-1.0,False,0.9166666666666666,0.9090909090909091,True,False,0,3,1,,10.5,2,0.79,False,0.44776119402985076
2021-06-16,7am,failure,short,-1.0,False,15.0,0.2833333333333333,-1.0,False,0.9166666666666666,0.9090909090909091,False,True,41,1,18,1.7929562433297759,0.75,2,0.81,True,0.44776119402985076
2021-06-17,6am,retest,short,1.3,True,34.75,0.1223021582733813,-1.0,False,0.762589928057554,1.112,False,False,6,45,1,,16.25,3,0.7581863979848866,True,1.5977011494252873
2021-06-17,6am,failure,short,-1.0,False,34.75,0.1223021582733813,-1.0,False,0.762589928057554,1.112,False,False,5,1,1,,1.5,3,0.7581863979848866,True,1.5977011494252873
2021-06-17,7am,retest,short,-1.0,False,32.25,0.015503875968992248,-1.0,False,0.49612403100775193,0.9280575539568345,False,True,77,1,1,0.4845738190691999,1.25,3,0.9219143576826196,True,0.9626865671641791
2021-06-17,7am,retest,long,1.3,True,32.25,0.015503875968992248,-1.0,False,0.49612403100775193,0.9280575539568345,True,False,20,10,1,4.366471734892787,16.75,3,0.40302267002518893,False,0.9626865671641791
2021-06-17,7am,failure,short,-1.0,False,32.25,0.015503875968992248,-1.0,False,0.49612403100775193,0.9280575539568345,False,True,72,1,1,2.8436392280425364,5.25,3,0.9219143576826196,True,0.9626865671641791
2021-06-18,6am,failure,long,-1.0,False,20.0,0.45,-1.0,False,0.45,1.7777777777777777,True,False,9,1,1,,0.5,4,0.9101796407185628,False,0.8938547486033519
2021-06-21,7am,retest,long,-1.0,False,45.25,0.5248618784530387,-1.0,False,0.2983425414364641,2.104651162790698,True,False,5,1,6,,1.75,0,0.4527972027972028,True,1.4031007751937985
2021-06-22,6am,retest,short,1.3,True,38.75,0.8129032258064516,1.0,False,0.2838709677419355,1.2601626016260163,True,False,1,102,1,,35.25,1,0.8828571428571429,False,1.7816091954022988
2021-06-22,7am,retest,long,-1.0,False,42.0,0.7797619047619048,1.0,False,0.16071428571428573,1.0838709677419356,False,False,45,1,1,2.2292849035187285,2.25,1,0.19428571428571428,True,1.2537313432835822
2021-06-23,6am,retest,long,1.3,True,22.0,0.1590909090909091,1.0,False,0.6590909090909091,1.035294117647059,False,False,19,17,1,0.9247787610619469,19.5,2,0.8911290322580645,False,1.0114942528735633
2021-06-23,6am,failure,long,-1.0,False,22.0,0.1590909090909091,1.0,False,0.6590909090909091,1.035294117647059,False,False,13,1,4,2.3516260162601625,0.5,2,0.8911290322580645,False,1.0114942528735633
2021-06-23,7am,retest,short,1.3,True,31.5,0.1746031746031746,-1.0,False,0.38095238095238093,1.4318181818181819,False,False,11,13,1,2.004265691651432,8.75,2,0.3024193548387097,True,0.9402985074626866
2021-06-24,6am,retest,short,1.3,True,15.25,0.4098360655737705,-1.0,False,0.6557377049180327,0.9682539682539683,False,True,65,1,1,3.0400736987563337,1.75,3,0.9352112676056338,False,0.6971428571428572
2021-06-24,7am,retest,short,-1.0,False,12.75,0.5098039215686274,1.0,False,0.9019607843137255,0.8360655737704918,True,False,4,28,1,,8.75,3,0.8929577464788733,False,0.3805970149253731
2021-06-24,7am,failure,short,-1.0,False,12.75,0.5098039215686274,1.0,False,0.9019607843137255,0.8360655737704918,True,False,0,1,1,,1.25,3,0.8929577464788733,False,0.3805970149253731
2021-06-25,6am,retest,short,-1.0,False,12.75,0.13725490196078433,-1.0,True,1.0,0.4594594594594595,False,True,92,1,1,3.4249837627192035,1.5,4,0.875,False,0.5828571428571429
2021-06-25,6am,retest,long,-1.0,False,12.75,0.13725490196078433,-1.0,True,1.0,0.4594594594594595,True,False,15,2,1,3.4009900990099013,2.0,4,0.3375,True,0.5828571428571429
2021-06-25,7am,retest,short,-1.0,False,26.5,0.7358490566037735,-1.0,False,0.44339622641509435,2.0784313725490198,False,True,32,1,1,3.4249837627192035,2.5,4,0.8583333333333333,True,0.8313725490196079
2021-06-28,6am,retest,short,-1.0,False,17.5,0.11428571428571428,-1.0,False,0.4714285714285714,1.4,False,False,15,1,2,2.243679775280899,3.25,0,0.7757009345794392,False,0.8045977011494253
2021-06-28,6am,failure,short,-1.0,False,17.5,0.11428571428571428,-1.0,False,0.4714285714285714,1.4,False,False,13,1,2,1.138910812943962,0.75,0,0.7757009345794392,False,0.8045977011494253
2021-06-28,7am,retest,short,-1.0,False,22.5,0.5111111111111111,1.0,False,0.36666666666666664,1.2857142857142858,True,False,56,1,1,2.25,2.75,0,1.0420560747663552,False,0.7171314741035857
2021-06-28,7am,failure,short,-1.0,False,22.5,0.5111111111111111,1.0,False,0.36666666666666664,1.2857142857142858,True,False,42,1,14,3.8206627680311893,4.0,0,1.0420560747663552,False,0.7171314741035857
2021-06-29,6am,retest,long,-1.0,False,22.0,0.5681818181818182,1.0,False,0.5,1.1578947368421053,False,False,42,37,4,2.8774422735346357,12.75,1,0.36363636363636365,True,1.0114942528735633
2021-06-29,7am,retest,long,1.3,True,31.0,0.7258064516129032,-1.0,False,0.6935483870967742,1.4090909090909092,True,False,5,1,1,,2.5,1,0.6293706293706294,False,1.0689655172413792
2021-06-29,7am,failure,long,1.3,True,31.0,0.7258064516129032,-1.0,False,0.6935483870967742,1.4090909090909092,True,False,0,1,4,,1.25,1,0.6293706293706294,False,1.0689655172413792
2021-06-30,6am,retest,short,-1.0,False,14.75,0.11864406779661017,1.0,False,0.9661016949152542,0.5566037735849056,True,False,3,2,1,,2.75,2,0.3776223776223776,True,0.6781609195402298
2021-06-30,6am,failure,short,-1.0,False,14.75,0.11864406779661017,1.0,False,0.9661016949152542,0.5566037735849056,True,False,2,1,1,,0.25,2,0.3776223776223776,True,0.6781609195402298
2021-07-01,6am,retest,short,1.3,True,46.25,0.7783783783783784,-1.0,False,0.3027027027027027,1.2333333333333334,False,False,46,1,3,1.6993103448275861,1.5,3,0.1848184818481848,True,2.1893491124260356
2021-07-01,7am,retest,short,1.3,True,42.0,0.8452380952380952,1.0,False,0.8988095238095238,0.9081081081081082,True,False,1,4,4,,7.0,3,0.24092409240924093,True,1.4608695652173913
2021-07-02,6am,retest,short,-1.0,False,15.5,0.3387096774193548,1.0,False,0.7903225806451613,0.8266666666666667,True,False,25,1,3,0.4723618090452261,0.5,4,0.8896103896103896,False,0.7085714285714285
2021-07-02,6am,failure,short,-1.0,False,15.5,0.3387096774193548,1.0,False,0.7903225806451613,0.8266666666666667,True,False,6,1,2,,1.25,4,0.8896103896103896,False,0.7085714285714285
2021-07-02,7am,retest,short,1.3,True,27.5,0.8090909090909091,1.0,False,0.2727272727272727,1.7741935483870968,True,False,0,6,1,,12.25,4,1.1493506493506493,False,0.88
2021-07-05,6am,retest,short,-1.0,False,10.5,0.42857142857142855,1.0,False,0.9761904761904762,0.5675675675675675,True,False,0,10,1,,2.25,0,0.6402116402116402,True,0.48
2021-07-05,7am,failure,short,1.3,True,14.25,0.24561403508771928,-1.0,False,0.5964912280701754,1.3571428571428572,False,False,61,1,5,9.984871406959154,3.5,0,0.7619047619047619,True,0.456
2021-07-06,6am,retest,short,-1.0,False,28.5,0.2543859649122807,1.0,False,0.2543859649122807,1.7538461538461538,True,False,24,12,13,6.7895545314900145,10.5,1,1.1745283018867925,False,1.349112426035503
2021-07-06,6am,failure,short,-1.0,False,28.5,0.2543859649122807,1.0,False,0.2543859649122807,1.7538461538461538,True,False,23,1,1,2.9989212513484356,1.0,1,1.1745283018867925,False,1.349112426035503
2021-07-06,7am,retest,short,-1.0,False,27.25,0.5963302752293578,1.0,False,0.6146788990825688,0.956140350877193,True,False,81,6,1,1.7096165933375236,5.25,1,1.3726415094339623,False,0.9316239316239316
2021-07-06,7am,failure,short,-1.0,False,27.25,0.5963302752293578,1.0,False,0.6146788990825688,0.956140350877193,True,False,40,1,1,2.5060827250608275,1.5,1,1.3726415094339623,False,0.9316239316239316
2021-07-07,6am,retest,short,-1.0,False,27.5,0.3090909090909091,1.0,False,0.7272727272727273,1.375,True,False,9,35,1,,11.0,2,0.9691943127962085,False,1.301775147928994
2021-07-07,6am,failure,short,-1.0,False,27.5,0.3090909090909091,1.0,False,0.7272727272727273,1.375,True,False,8,1,1,,0.25,2,0.9691943127962085,False,1.301775147928994
2021-07-07,7am,failure,short,1.3,True,23.5,0.5531914893617021,1.0,False,0.5319148936170213,0.8545454545454545,True,False,10,1,1,3.7097878165639973,1.75,2,1.0734597156398105,False,0.8034188034188035
2021-07-08,6am,retest,long,1.3,True,65.75,0.1634980988593156,1.0,False,0.39923954372623577,1.2644230769230769,False,True,68,9,5,2.632099742727093,25.5,3,1.1854460093896713,False,3.0941176470588236
2021-07-08,7am,retest,long,1.3,True,58.25,0.7939914163090128,-1.0,False,0.9141630901287554,0.8859315589353612,True,False,0,27,3,,38.0,3,1.1267605633802817,False,2.127853881278539
2021-07-09,6am,retest,short,-1.0,False,32.5,0.2230769230769231,-1.0,False,0.2230769230769231,0.7182320441988951,False,False,1,21,1,,17.25,4,0.5833333333333334,True,1.5294117647058822
2021-07-09,6am,failure,short,-1.0,False,32.5,0.2230769230769231,-1.0,False,0.2230769230769231,0.7182320441988951,False,False,0,1,1,,0.75,4,0.5833333333333334,True,1.5294117647058822
2021-07-09,7am,retest,long,1.3,True,36.75,0.9523809523809523,1.0,False,0.23809523809523808,1.1307692307692307,False,True,82,2,4,1.2176234979973297,3.75,4,0.5024509803921569,True,1.3424657534246576
2021-07-09,7am,failure,long,1.3,True,36.75,0.9523809523809523,1.0,False,0.23809523809523808,1.1307692307692307,False,True,74,1,1,1.699733491264436,1.5,4,0.5024509803921569,True,1.3424657534246576
2021-07-12,6am,retest,short,-1.0,False,33.75,0.06666666666666667,-1.0,False,0.4222222222222222,1.7307692307692308,False,False,25,1,1,1.3703284258210646,1.0,0,0.9111111111111111,False,1.588235294117647
2021-07-12,7am,failure,short,-1.0,False,17.5,0.5714285714285714,1.0,False,0.6857142857142857,0.5185185185185185,True,False,9,1,1,,0.25,0,0.9925925925925926,False,0.639269406392694
2021-07-13,6am,retest,long,-1.0,False,12.0,0.020833333333333332,1.0,False,0.8333333333333334,0.42857142857142855,False,False,57,9,1,1.6793893129770994,5.25,1,0.132890365448505,True,0.5647058823529412
2021-07-13,6am,failure,long,-1.0,False,12.0,0.020833333333333332,1.0,False,0.8333333333333334,0.42857142857142855,False,False,55,1,2,2.54421768707483,1.25,1,0.132890365448505,True,0.5647058823529412
2021-07-13,7am,failure,long,-1.0,False,15.0,0.6,-1.0,False,0.6833333333333333,1.25,True,False,0,1,30,,0.5,1,0.19601328903654486,True,0.5581395348837209
2021-07-14,6am,retest,short,1.3,True,14.0,0.10714285714285714,-1.0,True,1.0,0.3010752688172043,False,True,5,1,1,,2.5,2,0.8864265927977839,False,0.6666666666666666
2021-07-14,6am,failure,long,1.3,True,14.0,0.10714285714285714,-1.0,True,1.0,0.3010752688172043,True,False,0,1,1,,4.25,2,0.26869806094182824,True,0.6666666666666666
2021-07-15,6am,retest,long,-1.0,False,50.75,0.7487684729064039,-1.0,False,0.16748768472906403,2.3068181818181817,True,False,7,1,6,,6.25,3,0.7301136363636364,True,2.4166666666666665
2021-07-16,6am,retest,short,-1.0,False,27.0,0.25925925925925924,1.0,False,0.7314814814814815,1.173913043478261,True,False,3,6,2,,3.75,4,1.0605095541401275,False,1.2272727272727273
2021-07-16,7am,retest,short,1.3,True,19.0,0.13157894736842105,-1.0,False,0.6447368421052632,0.7037037037037037,False,False,17,1,1,1.0950740613158803,1.75,4,1.1464968152866242,False,0.7069767441860465
2021-07-16,7am,failure,short,1.3,True,19.0,0.13157894736842105,-1.0,False,0.6447368421052632,0.7037037037037037,False,False,15,1,1,2.221741013425725,0.5,4,1.1464968152866242,False,0.7069767441860465
2021-07-19,7am,retest,long,1.3,True,98.5,0.700507614213198,-1.0,False,0.1548223350253807,3.0076335877862594,True,False,16,8,1,4.95110936579619,19.75,0,1.956923076923077,False,3.6651162790697676
2021-07-20,6am,retest,short,1.3,True,36.0,0.6875,1.0,False,0.9166666666666666,1.0,True,False,4,1,1,,2.0,1,0.6528301886792452,False,1.6363636363636365
2021-07-20,6am,retest,long,-1.0,False,36.0,0.6875,1.0,False,0.9166666666666666,1.0,False,True,133,4,1,2.0009505703422055,7.5,1,0.8905660377358491,True,1.6363636363636365
2021-07-20,6am,failure,long,-1.0,False,36.0,0.6875,1.0,False,0.9166666666666666,1.0,False,True,132,1,1,1.9851485148514851,1.0,1,0.8905660377358491,True,1.6363636363636365
2021-07-20,7am,retest,long,-1.0,False,36.75,0.3333333333333333,-1.0,False,0.8503401360544217,1.0208333333333333,True,False,71,17,1,2.5669291338582676,19.0,1,0.8188679245283019,True,1.3424657534246576
2021-07-22,6am,retest,long,-1.0,False,19.75,0.35443037974683544,1.0,False,0.5569620253164557,1.490566037735849,False,True,102,2,2,1.6347381864623245,3.75,3,0.7904761904761904,True,0.8061224489795918
2021-07-22,6am,failure,long,-1.0,False,19.75,0.35443037974683544,1.0,False,0.5569620253164557,1.490566037735849,False,True,101,1,1,1.8583106267029972,2.0,3,0.7904761904761904,True,0.8061224489795918
2021-07-22,7am,retest,long,1.3,True,24.25,0.20618556701030927,-1.0,False,0.7938144329896907,1.2278481012658229,True,False,42,2,1,1.6347381864623245,4.25,3,0.780952380952381,True,0.8290598290598291
2021-07-22,7am,failure,long,1.3,True,24.25,0.20618556701030927,-1.0,False,0.7938144329896907,1.2278481012658229,True,False,41,1,1,1.8583106267029972,2.5,3,0.780952380952381,True,0.8290598290598291
2021-07-23,6am,failure,long,-1.0,False,10.0,0.35,-1.0,True,1.0,0.5194805194805194,True,False,4,1,1,,1.0,4,0.35294117647058826,True,0.45454545454545453
2021-07-23,7am,retest,long,-1.0,False,28.25,0.6371681415929203,-1.0,False,0.17699115044247787,2.825,True,False,52,4,1,2.3514294892386762,4.5,4,0.8088235294117647,True,1.0319634703196348
2021-07-23,7am,failure,long,-1.0,False,28.25,0.6371681415929203,-1.0,False,0.17699115044247787,2.825,True,False,49,1,1,2.7773995915588836,1.25,4,0.8088235294117647,True,1.0319634703196348
2021-07-26,6am,retest,short,1.3,True,28.5,0.7192982456140351,-1.0,True,1.0,0.95,False,False,37,1,1,5.114268066707844,2.5,0,0.5914285714285714,True,1.3652694610778444
2021-07-26,6am,retest,long,1.3,True,28.5,0.7192982456140351,-1.0,True,1.0,0.95,True,True,98,1,1,1.6803154382772219,2.75,0,0.7342857142857143,False,1.3652694610778444
2021-07-26,7am,retest,long,1.3,True,34.25,0.6204379562043796,1.0,False,0.8248175182481752,1.2017543859649122,False,False,38,1,1,1.6803154382772219,3.0,0,0.7314285714285714,False,1.2511415525114156
2021-07-27,6am,retest,short,-1.0,False,15.5,0.7096774193548387,1.0,False,0.5,0.496,True,False,1,77,1,,21.0,1,0.7905405405405406,True,0.6326530612244898
2021-07-27,6am,failure,short,-1.0,False,15.5,0.7096774193548387,1.0,False,0.5,0.496,True,False,0,1,1,,3.0,1,0.7905405405405406,True,0.6326530612244898
2021-07-27,7am,retest,long,-1.0,False,22.5,0.3333333333333333,1.0,False,0.06666666666666667,1.4516129032258065,False,False,74,3,1,2.3884013735215563,5.0,1,0.22972972972972974,False,0.821917808219178
2021-07-27,7am,failure,long,1.3,True,22.5,0.3333333333333333,1.0,False,0.06666666666666667,1.4516129032258065,False,False,18,1,1,2.5842026825633386,1.0,1,0.22972972972972974,False,0.821917808219178
2021-07-28,6am,retest,short,-1.0,False,35.25,0.375886524822695,-1.0,False,0.24113475177304963,1.9583333333333333,False,False,20,1,2,1.5469613259668509,3.75,2,0.9283018867924528,False,1.4387755102040816
2021-07-28,6am,failure,short,-1.0,False,35.25,0.375886524822695,-1.0,False,0.24113475177304963,1.9583333333333333,False,False,15,1,1,1.5463917525773196,0.75,2,0.9283018867924528,False,1.4387755102040816
2021-07-28,7am,retest,short,-1.0,False,35.0,0.45,1.0,False,0.7071428571428572,0.9929078014184397,True,False,21,67,1,0.8216432865731463,20.0,2,1.0056603773584907,False,1.302325581395349
2021-07-28,7am,failure,short,-1.0,False,35.0,0.45,1.0,False,0.7071428571428572,0.9929078014184397,True,False,19,1,1,2.1170064227869307,2.25,2,1.0056603773584907,False,1.302325581395349
2021-07-29,6am,retest,short,1.3,True,45.0,0.6277777777777778,-1.0,False,0.3055555555555556,2.6470588235294117,False,False,68,1,1,1.8449612403100775,4.5,3,0.7570093457943925,True,1.651376146788991
2021-07-29,6am,failure,short,1.3,True,45.0,0.6277777777777778,-1.0,False,0.3055555555555556,2.6470588235294117,False,False,67,1,1,2.4662162162162162,2.25,3,0.7570093457943925,True,1.651376146788991
2021-07-29,7am,retest,short,1.3,True,23.75,0.8842105263157894,1.0,True,1.0,0.5277777777777778,True,False,1,37,1,,21.0,3,0.6697819314641744,False,0.867579908675799
2021-07-29,7am,failure,short,-1.0,False,23.75,0.8842105263157894,1.0,True,1.0,0.5277777777777778,True,False,0,1,1,,0.75,3,0.6697819314641744,False,0.867579908675799
2021-07-30,6am,retest,long,1.3,True,45.25,0.9281767955801105,1.0,False,0.39779005524861877,2.3815789473684212,False,True,62,1,3,4.367469879518072,10.75,4,0.6381709741550696,False,1.6160714285714286
2021-07-30,6am,failure,long,1.3,True,45.25,0.9281767955801105,1.0,False,0.39779005524861877,2.3815789473684212,False,True,61,1,1,3.0304594734124937,1.0,4,0.6381709741550696,False,1.6160714285714286
2021-07-30,7am,retest,long,1.3,True,40.5,0.7407407407407407,-1.0,False,0.9691358024691358,0.8950276243093923,True,False,1,4,1,,16.75,4,0.5904572564612326,False,1.4794520547945205
2021-07-30,7am,failure,long,-1.0,False,40.5,0.7407407407407407,-1.0,False,0.9691358024691358,0.8950276243093923,True,False,0,1,1,,0.5,4,0.5904572564612326,False,1.4794520547945205
2021-08-03,6am,retest,short,-1.0,False,15.5,0.24193548387096775,1.0,True,1.0,0.496,True,True,113,16,1,3.094414236282748,10.25,1,0.7669902912621359,False,0.543859649122807
2021-08-03,6am,retest,long,1.3,True,15.5,0.24193548387096775,1.0,True,1.0,0.496,False,False,17,7,1,3.886679920477137,5.5,1,0.5339805825242718,True,0.543859649122807
2021-08-03,6am,failure,long,1.3,True,15.5,0.24193548387096775,1.0,True,1.0,0.496,False,False,15,1,1,1.6938300349243307,0.5,1,0.5339805825242718,True,0.543859649122807
2021-08-04,6am,retest,long,-1.0,False,12.25,0.1836734693877551,1.0,False,0.673469387755102,1.0208333333333333,False,False,18,2,1,1.773293768545994,3.75,2,0.4380952380952381,True,0.4375
2021-08-04,6am,failure,long,1.3,True,12.25,0.1836734693877551,1.0,False,0.673469387755102,1.0208333333333333,False,False,2,1,1,,0.75,2,0.4380952380952381,True,0.4375
2021-08-04,7am,failure,long,1.3,True,24.75,0.7373737373737373,-1.0,False,0.29292929292929293,2.020408163265306,True,False,0,1,1,,2.25,2,0.7714285714285715,False,0.8878923766816144
2021-08-05,6am,retest,long,1.3,True,15.0,0.5166666666666667,-1.0,False,0.8666666666666667,0.6060606060606061,True,False,4,2,1,,5.25,3,0.2826086956521739,True,0.5357142857142857
2021-08-05,6am,failure,long,1.3,True,15.0,0.5166666666666667,-1.0,False,0.8666666666666667,0.6060606060606061,True,False,3,1,1,,0.25,3,0.2826086956521739,True,0.5357142857142857
2021-08-05,7am,retest,long,-1.0,False,19.75,0.3037974683544304,1.0,False,0.7341772151898734,1.3166666666666667,False,False,53,7,12,0.9926470588235294,5.0,3,0.3967391304347826,True,0.7214611872146118
2021-08-05,7am,failure,long,-1.0,False,19.75,0.3037974683544304,1.0,False,0.7341772151898734,1.3166666666666667,False,False,50,1,1,2.5337837837837838,3.0,3,0.3967391304347826,True,0.7214611872146118
2021-08-06,7am,retest,long,1.3,True,8.0,0.0625,-1.0,True,1.0,0.7272727272727273,True,False,4,3,1,,3.5,4,0.7807017543859649,False,0.3076923076923077
2021-08-06,7am,failure,long,-1.0,False,8.0,0.0625,-1.0,True,1.0,0.7272727272727273,True,False,1,1,2,,0.75,4,0.7807017543859649,False,0.3076923076923077
2021-08-09,6am,retest,short,-1.0,False,17.25,0.5652173913043478,1.0,False,0.34782608695652173,1.38,True,False,10,1,1,1.424914675767918,2.5,0,1.0990338164251208,False,0.6160714285714286
2021-08-09,6am,retest,long,1.3,True,17.25,0.5652173913043478,1.0,False,0.34782608695652173,1.38,False,True,125,1,1,3.093525179856115,3.0,0,0.06763285024154589,True,0.6160714285714286
2021-08-09,7am,retest,long,1.3,True,24.0,0.21875,1.0,False,0.59375,1.391304347826087,False,False,65,10,1,3.093525179856115,7.25,0,0.03864734299516908,True,0.9795918367346939
2021-08-09,7am,failure,long,1.3,True,24.0,0.21875,1.0,False,0.59375,1.391304347826087,False,False,63,1,1,1.3987138263665595,1.0,0,0.03864734299516908,True,0.9795918367346939
2021-08-10,6am,retest,short,1.3,True,11.0,0.29545454545454547,-1.0,True,1.0,0.7333333333333333,False,False,2,4,1,,4.25,1,0.9511111111111111,False,0.4036697247706422
2021-08-10,7am,failure,long,1.3,True,13.5,0.2962962962962963,1.0,False,0.6851851851851852,1.2272727272727273,False,False,60,1,1,3.0161579892280073,0.5,1,0.21333333333333335,True,0.5510204081632653
2021-08-11,6am,retest,short,-1.0,False,36.75,0.7755102040816326,1.0,False,0.5714285714285714,1.1574803149606299,True,False,67,1,22,2.7160493827160495,1.5,2,0.6291390728476821,True,1.572192513368984
2021-08-11,6am,failure,short,-1.0,False,36.75,0.7755102040816326,1.0,False,0.5714285714285714,1.1574803149606299,True,False,0,1,2,,0.25,2,0.6291390728476821,True,1.572192513368984
2021-08-12,6am,failure,long,-1.0,False,29.25,0.5128205128205128,1.0,False,0.18803418803418803,2.207547169811321,False,False,90,1,9,11.777301927194861,0.5,3,0.23529411764705882,True,1.2513368983957218
2021-08-12,7am,retest,long,-1.0,False,15.5,0.12903225806451613,-1.0,True,1.0,0.5299145299145299,True,False,30,6,1,11.777301927194861,10.5,3,-0.10084033613445378,True,0.6424870466321243
2021-08-12,7am,failure,long,-1.0,False,15.5,0.12903225806451613,-1.0,True,1.0,0.5299145299145299,True,False,26,1,1,3.4803057025279247,0.5,3,-0.10084033613445378,True,0.6424870466321243
2021-08-13,6am,retest,short,-1.0,False,9.0,0.6944444444444444,-1.0,True,1.0,0.5294117647058824,False,True,137,5,1,0.8036984352773827,4.5,4,0.7428571428571429,False,0.3850267379679144
2021-08-13,6am,retest,long,1.3,True,9.0,0.6944444444444444,-1.0,True,1.0,0.5294117647058824,True,False,10,108,1,5.428571428571429,23.25,4,0.5142857142857142,True,0.3850267379679144
2021-08-13,6am,failure,short,-1.0,False,9.0,0.6944444444444444,-1.0,True,1.0,0.5294117647058824,False,True,136,1,1,1.209647495361781,0.5,4,0.7428571428571429,False,0.3850267379679144
2021-08-13,6am,failure,long,-1.0,False,9.0,0.6944444444444444,-1.0,True,1.0,0.5294117647058824,True,False,7,1,1,,0.5,4,0.5142857142857142,True,0.3850267379679144
2021-08-13,7am,failure,short,-1.0,False,25.25,0.7920792079207921,-1.0,False,0.1782178217821782,2.8055555555555554,False,True,67,1,4,1.437125748502994,0.5,4,0.6142857142857143,True,1.0466321243523315
2021-08-16,7am,retest,long,1.3,True,29.25,0.4700854700854701,-1.0,True,1.0,0.6882352941176471,True,False,2,3,1,,4.0,0,1.5714285714285714,False,1.2124352331606219
2021-08-16,7am,failure,long,1.3,True,29.25,0.4700854700854701,-1.0,True,1.0,0.6882352941176471,True,False,1,1,1,,0.5,0,1.5714285714285714,False,1.2124352331606219
2021-08-17,6am,retest,long,1.3,True,16.75,0.5074626865671642,1.0,True,1.0,0.6979166666666666,False,False,18,1,3,6.8093023255813945,4.5,1,0.8283828382838284,False,0.9054054054054054
2021-08-18,6am,failure,long,-1.0,False,43.0,0.5697674418604651,1.0,False,0.45348837209302323,2.2051282051282053,False,False,91,1,15,4.940536867142372,1.0,2,0.527972027972028,True,2.324324324324324
2021-08-18,7am,retest,long,-1.0,False,25.75,0.5922330097087378,-1.0,True,1.0,0.5988372093023255,True,False,9,13,3,,8.25,2,0.2867132867132867,True,1.067357512953368
2021-08-19,6am,retest,long,-1.0,False,44.25,0.4858757062146893,-1.0,False,0.7627118644067796,0.5746753246753247,True,False,8,6,1,,9.0,3,0.7275494672754946,False,1.893048128342246
2021-08-19,7am,retest,long,1.3,True,29.25,0.48717948717948717,-1.0,False,0.5128205128205128,0.6610169491525424,True,False,0,4,1,,7.25,3,0.8143074581430746,False,1.1938775510204083
2021-08-20,6am,retest,short,-1.0,False,21.0,0.23809523809523808,-1.0,True,1.0,0.5454545454545454,False,True,30,1,1,1.6844805472424111,2.25,4,0.4858490566037736,True,0.8983957219251337
2021-08-20,6am,retest,long,1.3,True,21.0,0.23809523809523808,-1.0,True,1.0,0.5454545454545454,True,False,9,1,2,,4.5,4,0.7122641509433962,False,0.8983957219251337
2021-08-20,6am,failure,short,-1.0,False,21.0,0.23809523809523808,-1.0,True,1.0,0.5454545454545454,False,True,29,1,1,1.639751552795031,1.25,4,0.4858490566037736,True,0.8983957219251337
2021-08-20,6am,failure,long,1.3,True,21.0,0.23809523809523808,-1.0,True,1.0,0.5454545454545454,True,False,4,1,5,,0.5,4,0.7122641509433962,False,0.8983957219251337
2021-08-20,7am,retest,short,-1.0,False,37.25,0.26174496644295303,1.0,False,0.5637583892617449,1.7738095238095237,True,False,12,1,1,2.064837905236908,1.75,4,0.5966981132075472,True,1.49
2021-08-23,6am,retest,short,1.3,True,10.5,0.047619047619047616,-1.0,False,0.9761904761904762,0.6666666666666666,False,False,3,2,2,,1.0,0,0.6865671641791045,False,0.5153374233128835
2021-08-23,6am,retest,long,1.3,True,10.5,0.047619047619047616,-1.0,False,0.9761904761904762,0.6666666666666666,True,True,104,4,1,1.8487394957983194,5.25,0,0.4701492537313433,True,0.5153374233128835
2021-08-23,6am,failure,short,1.3,True,10.5,0.047619047619047616,-1.0,False,0.9761904761904762,0.6666666666666666,False,False,0,1,1,,1.0,0,0.6865671641791045,False,0.5153374233128835
2021-08-23,7am,retest,long,1.3,True,15.5,0.12903225806451613,1.0,False,0.4838709677419355,1.4761904761904763,False,False,40,11,1,2.3473734027449122,8.25,0,0.4253731343283582,True,0.6078431372549019
2021-08-23,7am,failure,long,-1.0,False,15.5,0.12903225806451613,1.0,False,0.4838709677419355,1.4761904761904763,False,False,33,1,7,2.2328548644338118,0.25,0,0.4253731343283582,True,0.6078431372549019
2021-08-24,6am,retest,long,-1.0,False,11.75,0.40425531914893614,1.0,True,1.0,0.33098591549295775,False,False,22,9,1,4.573110893032385,5.5,1,0.6275303643724697,True,0.6351351351351351
2021-08-24,7am,retest,long,-1.0,False,26.25,0.8571428571428571,-1.0,False,0.3904761904761905,2.234042553191489,True,False,9,4,6,,2.5,1,0.8866396761133604,True,1.05
2021-08-25,6am,retest,long,-1.0,False,18.5,0.6216216216216216,-1.0,False,0.47297297297297297,1.2758620689655173,True,False,1,2,2,,3.25,2,0.7674418604651163,False,1.088235294117647
2021-08-25,6am,failure,long,-1.0,False,18.5,0.6216216216216216,-1.0,False,0.47297297297297297,1.2758620689655173,True,False,0,1,1,,1.75,2,0.7674418604651163,False,1.088235294117647
2021-08-25,7am,retest,short,-1.0,False,25.75,0.30097087378640774,-1.0,False,0.10679611650485436,1.3918918918918919,False,False,40,2,1,2.76651406147809,2.75,2,0.29651162790697677,True,1.03
2021-08-25,7am,failure,short,-1.0,False,25.75,0.30097087378640774,-1.0,False,0.10679611650485436,1.3918918918918919,False,False,39,1,1,2.0754064337599445,0.25,2,0.29651162790697677,True,1.03
2021-08-26,6am,retest,short,1.3,True,16.75,0.5074626865671642,1.0,False,0.3880597014925373,1.098360655737705,True,False,21,32,1,16.617375231053604,12.25,3,0.6494845360824743,True,0.9370629370629371
2021-08-26,6am,retest,long,-1.0,False,16.75,0.5074626865671642,1.0,False,0.3880597014925373,1.098360655737705,False,True,96,9,1,9.16437818752452,9.75,3,0.5807560137457045,False,0.9370629370629371
2021-08-26,6am,failure,short,-1.0,False,16.75,0.5074626865671642,1.0,False,0.3880597014925373,1.098360655737705,True,False,19,1,1,3.4638619201725995,0.25,3,0.6494845360824743,True,0.9370629370629371
2021-08-26,7am,retest,long,1.3,True,20.75,0.1566265060240964,1.0,False,0.40963855421686746,1.2388059701492538,False,False,35,50,1,6.090909090909091,18.0,3,0.46735395189003437,False,0.8137254901960784
2021-08-27,6am,retest,long,-1.0,False,9.75,0.02564102564102564,-1.0,False,0.7692307692307693,0.7959183673469388,True,False,20,7,1,1.116031886625332,4.5,4,0.20701754385964913,True,0.5735294117647058
2021-08-27,7am,retest,short,1.3,True,20.75,0.6265060240963856,-1.0,False,0.3493975903614458,2.128205128205128,False,False,56,2,2,2.999653619674403,4.25,4,0.8947368421052632,False,0.83
2021-08-27,7am,retest,long,-1.0,False,20.75,0.6265060240963856,-1.0,False,0.3493975903614458,2.128205128205128,True,True,77,3,1,3.2275416890801507,3.25,4,0.39649122807017545,True,0.83
2021-08-27,7am,failure,short,1.3,True,20.75,0.6265060240963856,-1.0,False,0.3493975903614458,2.128205128205128,False,False,44,1,10,2.5168918918918917,1.75,4,0.8947368421052632,False,0.83
2021-08-30,6am,retest,short,-1.0,False,9.75,0.02564102564102564,1.0,False,0.6923076923076923,1.1818181818181819,True,True,146,1,1,6.702371843917368,4.0,0,0.9790209790209791,False,0.5735294117647058
2021-08-30,6am,retest,long,-1.0,False,9.75,0.02564102564102564,1.0,False,0.6923076923076923,1.1818181818181819,False,False,0,3,2,,2.75,0,0.2937062937062937,True,0.5735294117647058
2021-08-30,7am,retest,short,1.3,True,8.25,0.3333333333333333,-1.0,False,0.30303030303030304,0.8461538461538461,False,False,3,1,1,,1.25,0,0.7762237762237763,False,0.3384615384615385
2021-08-30,7am,retest,long,1.3,True,8.25,0.3333333333333333,-1.0,False,0.30303030303030304,0.8461538461538461,True,True,37,1,2,3.48109517601043,2.5,0,0.45454545454545453,True,0.3384615384615385
2021-08-30,7am,failure,short,1.3,True,8.25,0.3333333333333333,-1.0,False,0.30303030303030304,0.8461538461538461,False,False,1,1,1,,1.25,0,0.7762237762237763,False,0.3384615384615385
2021-08-30,7am,failure,long,1.3,True,8.25,0.3333333333333333,-1.0,False,0.30303030303030304,0.8461538461538461,True,True,20,1,1,1.6168857029072083,0.25,0,0.45454545454545453,True,0.3384615384615385
2021-08-31,6am,retest,long,1.3,True,65.0,0.7730769230769231,-1.0,False,0.1576923076923077,2.3423423423423424,True,False,87,1,1,3.033468756045657,3.75,1,1.205128205128205,False,3.8805970149253732
2021-08-31,7am,retest,long,1.3,True,38.75,0.38064516129032255,1.0,True,1.0,0.5961538461538461,False,False,25,17,1,1.2864077669902914,13.5,1,1.1481481481481481,False,1.5897435897435896
2021-08-31,7am,failure,long,1.3,True,38.75,0.38064516129032255,1.0,True,1.0,0.5961538461538461,False,False,24,1,1,1.5201698513800426,1.5,1,1.1481481481481481,False,1.5897435897435896
2021-09-01,6am,retest,short,-1.0,False,15.0,0.75,1.0,False,0.3333333333333333,0.5825242718446602,True,False,32,3,4,2.050113895216401,2.5,2,0.6178571428571429,False,0.8955223880597015
2021-09-01,7am,retest,short,-1.0,False,20.0,0.325,1.0,False,0.6625,1.3333333333333333,True,False,8,2,1,,1.75,2,0.7142857142857143,False,0.8205128205128205
2021-09-01,7am,failure,short,-1.0,False,20.0,0.325,1.0,False,0.6625,1.3333333333333333,True,False,7,1,1,,0.25,2,0.7142857142857143,False,0.8205128205128205
2021-09-02,6am,retest,short,-1.0,False,8.75,0.14285714285714285,1.0,True,1.0,0.5303030303030303,True,False,14,1,5,1.4242774566473988,0.75,3,0.8786407766990292,False,0.5426356589147286
2021-09-02,7am,retest,short,-1.0,False,18.25,0.5753424657534246,1.0,False,0.3424657534246575,2.085714285714286,True,False,48,2,1,0.9187279151943463,1.75,3,1.1116504854368932,False,0.7487179487179487
2021-09-02,7am,failure,short,-1.0,False,18.25,0.5753424657534246,1.0,False,0.3424657534246575,2.085714285714286,True,False,33,1,1,12.257200267916945,5.5,3,1.1116504854368932,False,0.7487179487179487
2021-09-03,6am,retest,short,-1.0,False,10.0,0.1,1.0,False,0.55,1.1111111111111112,True,False,12,1,1,1.6062992125984252,1.0,4,0.7638888888888888,False,0.6299212598425197
2021-09-03,7am,retest,long,-1.0,False,14.25,0.2807017543859649,1.0,False,0.49122807017543857,1.425,False,True,38,17,1,4.970190323320339,48.25,4,0.4305555555555556,True,0.6368715083798883
2021-09-07,6am,retest,short,-1.0,False,19.75,0.26582278481012656,-1.0,True,1.0,0.42021276595744683,False,False,27,83,1,1.2570839773312725,16.5,1,0.2950310559006211,True,1.2440944881889764
2021-09-07,6am,failure,short,-1.0,False,19.75,0.26582278481012656,-1.0,True,1.0,0.42021276595744683,False,False,26,1,1,2.610169491525424,1.75,1,0.2950310559006211,True,1.2440944881889764
2021-09-08,6am,retest,short,-1.0,False,12.0,0.1875,-1.0,False,0.6041666666666666,0.375,False,False,11,10,1,3.574568288854003,8.5,2,0.760932944606414,True,0.7164179104477612
2021-09-08,6am,retest,long,1.3,True,12.0,0.1875,-1.0,False,0.6041666666666666,0.375,True,True,75,1,1,3.054003724394786,1.5,2,0.37900874635568516,False,0.7164179104477612
2021-09-08,7am,retest,long,1.3,True,19.25,0.4675324675324675,1.0,False,0.5584415584415584,1.6041666666666667,False,False,15,1,1,2.5980687990343996,2.75,2,0.36443148688046645,False,0.927710843373494
2021-09-09,7am,retest,short,-1.0,False,54.25,0.6405529953917051,1.0,False,0.2350230414746544,4.254901960784314,True,False,50,1,1,3.617119190059825,5.25,3,1.218045112781955,False,2.6144578313253013
2021-09-10,6am,retest,short,-1.0,False,15.75,0.8095238095238095,1.0,False,0.6666666666666666,1.5,True,False,2,19,1,,5.75,4,0.979381443298969,False,0.9921259842519685
2021-09-10,7am,retest,short,1.3,True,12.75,0.4117647058823529,1.0,False,0.3333333333333333,0.8095238095238095,True,False,8,9,2,,5.25,4,1.0962199312714778,False,0.5698324022346368
2021-09-10,7am,failure,short,-1.0,False,12.75,0.4117647058823529,1.0,False,0.3333333333333333,0.8095238095238095,True,False,6,1,1,,1.25,4,1.0962199312714778,False,0.5698324022346368
2021-09-13,7am,retest,short,-1.0,False,16.25,0.3384615384615385,-1.0,False,0.9538461538461539,0.7471264367816092,False,False,7,10,8,,8.5,0,1.1701030927835052,False,0.7831325301204819
2021-09-13,7am,failure,short,-1.0,False,16.25,0.3384615384615385,-1.0,False,0.9538461538461539,0.7471264367816092,False,False,6,1,1,,0.75,0,1.1701030927835052,False,0.7831325301204819
2021-09-14,6am,retest,long,-1.0,False,24.0,0.3125,1.0,False,0.7395833333333334,1.263157894736842,False,False,45,1,2,4.953203743700504,3.25,1,0.6503496503496503,False,1.476923076923077
2021-09-15,6am,retest,long,-1.0,False,20.25,0.6419753086419753,-1.0,False,0.4074074074074074,1.7234042553191489,True,False,2,1,1,,5.0,2,0.37549407114624506,True,1.2461538461538462
2021-09-15,7am,failure,long,1.3,True,24.5,0.40816326530612246,-1.0,False,0.336734693877551,1.2098765432098766,True,False,25,1,1,7.026828371922087,3.0,2,0.6324110671936759,True,1.180722891566265
2021-09-16,6am,retest,short,1.3,True,14.25,0.7192982456140351,1.0,True,1.0,0.5480769230769231,True,False,2,6,1,,5.75,3,0.25539568345323743,True,0.8769230769230769
2021-09-16,6am,retest,long,-1.0,False,14.25,0.7192982456140351,1.0,True,1.0,0.5480769230769231,False,True,35,2,1,10.786516853932584,5.5,3,0.9496402877697842,False,0.8769230769230769
2021-09-16,6am,failure,short,-1.0,False,14.25,0.7192982456140351,1.0,True,1.0,0.5480769230769231,True,False,1,1,1,,1.5,3,0.25539568345323743,True,0.8769230769230769
2021-09-16,7am,retest,long,-1.0,False,28.0,0.5535714285714286,-1.0,False,0.5089285714285714,1.9649122807017543,True,False,1,2,1,,5.25,3,1.064748201438849,False,1.2375690607734806
2021-09-17,6am,failure,short,-1.0,False,26.75,0.17757009345794392,-1.0,False,0.6635514018691588,0.7086092715231788,False,True,63,1,1,1.3939980638915779,0.25,4,0.3515625,True,1.646153846153846
2021-09-20,6am,retest,long,-1.0,False,33.75,0.1259259259259259,1.0,False,0.9629629629629629,0.7758620689655172,False,False,20,1,3,3.910946196660482,3.25,0,0.9464068209500609,False,2.076923076923077
2021-09-20,7am,retest,long,-1.0,False,77.0,0.7662337662337663,-1.0,False,0.2597402597402597,2.2814814814814817,True,False,14,60,1,1.4191229331416246,38.75,0,1.2241169305724726,False,3.403314917127072
2021-09-20,7am,failure,long,-1.0,False,77.0,0.7662337662337663,-1.0,False,0.2597402597402597,2.2814814814814817,True,False,11,1,1,1.5389791183294663,2.75,0,1.2241169305724726,False,3.403314917127072
2021-09-21,6am,retest,short,1.3,True,18.5,0.14864864864864866,1.0,True,1.0,0.5068493150684932,True,True,67,2,1,2.0607122008172793,4.0,1,0.8195592286501377,False,1.1384615384615384
2021-09-21,6am,retest,long,1.3,True,18.5,0.14864864864864866,1.0,True,1.0,0.5068493150684932,False,False,37,6,1,6.861313868613139,9.5,1,0.28236914600550966,True,1.1384615384615384
2021-09-21,6am,failure,short,1.3,True,18.5,0.14864864864864866,1.0,True,1.0,0.5068493150684932,True,True,66,1,1,1.5596330275229358,0.25,1,0.8195592286501377,False,1.1384615384615384
2021-09-21,7am,retest,long,1.3,True,25.75,0.17475728155339806,-1.0,False,0.6310679611650486,1.3918918918918919,True,True,14,1,1,12.261437908496731,11.75,1,0.3347107438016529,True,1.138121546961326
2021-09-22,6am,retest,short,-1.0,False,16.0,0.015625,-1.0,True,1.0,0.48854961832061067,False,True,92,1,1,2.1004566210045663,1.5,2,0.9208955223880597,False,0.9846153846153847
2021-09-22,6am,retest,long,-1.0,False,16.0,0.015625,-1.0,True,1.0,0.48854961832061067,True,False,3,2,1,,6.0,2,0.1746268656716418,True,0.9846153846153847
2021-09-22,6am,failure,long,-1.0,False,16.0,0.015625,-1.0,True,1.0,0.48854961832061067,True,False,0,1,3,,1.0,2,0.1746268656716418,True,0.9846153846153847
2021-09-22,7am,retest,short,-1.0,False,17.5,0.21428571428571427,-1.0,False,0.18571428571428572,1.09375,False,False,8,5,1,,4.75,2,0.844776119402985,False,0.7734806629834254
2021-09-22,7am,failure,short,-1.0,False,17.5,0.21428571428571427,-1.0,False,0.18571428571428572,1.09375,False,False,3,1,1,,1.0,2,0.844776119402985,False,0.7734806629834254
2021-09-23,6am,retest,long,-1.0,False,55.75,0.5291479820627802,-1.0,False,0.4260089686098655,1.1925133689839573,True,False,65,1,6,1.1984145488458848,3.25,3,0.5876865671641791,True,3.5118110236220472
2021-09-23,6am,failure,long,-1.0,False,55.75,0.5291479820627802,-1.0,False,0.4260089686098655,1.1925133689839573,True,False,58,1,6,2.6666666666666665,1.25,3,0.5876865671641791,True,3.5118110236220472
2021-09-23,7am,retest,long,1.3,True,33.25,0.2932330827067669,-1.0,False,0.9624060150375939,0.5964125560538116,True,False,5,1,8,,2.0,3,0.5970149253731343,True,1.6024096385542168
2021-09-23,7am,failure,long,1.3,True,33.25,0.2932330827067669,-1.0,False,0.9624060150375939,0.5964125560538116,True,False,4,1,1,,8.0,3,0.5970149253731343,True,1.6024096385542168
2021-09-24,6am,retest,long,-1.0,False,33.25,0.18796992481203006,1.0,True,1.0,0.8209876543209876,False,False,13,10,2,5.449054301403295,14.25,4,0.9409448818897638,False,2.030534351145038
2021-09-24,7am,retest,long,-1.0,False,37.0,0.527027027027027,-1.0,False,0.5472972972972973,1.112781954887218,True,False,1,1,1,,2.25,4,1.0728346456692914,False,1.783132530120482
2021-09-27,6am,retest,long,-1.0,False,65.25,0.5478927203065134,-1.0,False,0.25287356321839083,0.9738805970149254,True,False,8,2,2,,7.0,0,1.3823529411764706,False,3.702127659574468
2021-09-27,7am,retest,long,-1.0,False,34.5,0.2028985507246377,-1.0,False,0.7971014492753623,0.5287356321839081,True,False,2,3,2,,6.0,0,1.4372549019607843,False,1.5248618784530388
2021-09-27,7am,failure,long,-1.0,False,34.5,0.2028985507246377,-1.0,False,0.7971014492753623,0.5287356321839081,True,False,0,1,2,,0.75,0,1.4372549019607843,False,1.5248618784530388
2021-09-28,6am,retest,short,1.3,True,49.5,0.2474747474747475,-1.0,False,0.6060606060606061,0.5706051873198847,False,False,4,1,1,,2.75,1,0.12084592145015106,True,2.8085106382978724
2021-09-28,6am,failure,short,1.3,True,49.5,0.2474747474747475,-1.0,False,0.6060606060606061,0.5706051873198847,False,False,0,1,3,,0.75,1,0.12084592145015106,True,2.8085106382978724
2021-09-28,7am,retest,short,-1.0,False,68.75,0.6472727272727272,1.0,False,0.7054545454545454,1.3888888888888888,True,False,72,13,1,1.4431351780749373,27.5,1,0.20241691842900303,True,3.0386740331491713
2021-09-28,7am,failure,short,-1.0,False,68.75,0.6472727272727272,1.0,False,0.7054545454545454,1.3888888888888888,True,False,68,1,4,2.2649172133708215,2.75,1,0.20241691842900303,True,3.0386740331491713
2021-09-29,6am,retest,long,-1.0,False,32.0,0.4375,-1.0,False,0.828125,0.9770992366412213,True,False,4,57,1,,45.5,2,0.23007518796992482,True,1.673202614379085
2021-09-29,7am,retest,long,-1.0,False,58.0,0.3232758620689655,-1.0,False,0.21551724137931033,1.8125,True,False,36,11,6,1.7810892318609188,15.75,2,0.5037593984962406,True,2.56353591160221
2021-09-30,6am,retest,long,1.3,True,42.0,0.25,-1.0,False,0.5952380952380952,0.8155339805825242,True,False,125,5,2,5.257164547352439,8.0,3,0.7708737864077669,True,2.1
2021-09-30,7am,retest,long,1.3,True,35.75,0.1888111888111888,1.0,True,1.0,0.8511904761904762,False,False,65,9,3,5.257164547352439,12.0,3,0.7398058252427184,True,1.4228855721393034
2021-10-01,7am,retest,short,1.3,True,95.5,0.7879581151832461,1.0,False,0.03926701570680628,3.0078740157480315,True,False,19,1,1,0.7106050531914894,3.0,4,1.0222531293463144,False,3.5534883720930233
2021-10-01,7am,failure,short,1.3,True,95.5,0.7879581151832461,1.0,False,0.03926701570680628,3.0078740157480315,True,False,18,1,1,1.6387377584330796,2.5,4,1.0222531293463144,False,3.5534883720930233
2021-10-04,6am,retest,short,1.3,True,41.75,0.1437125748502994,1.0,False,0.7425149700598802,1.346774193548387,True,True,105,18,4,1.788888888888889,16.5,0,0.42431761786600497,True,1.887005649717514
2021-10-04,6am,retest,long,1.3,True,41.75,0.1437125748502994,1.0,False,0.7425149700598802,1.346774193548387,False,False,13,2,1,3.493601462522852,11.0,0,0.78287841191067,False,1.887005649717514
2021-10-04,6am,failure,short,-1.0,False,41.75,0.1437125748502994,1.0,False,0.7425149700598802,1.346774193548387,True,True,104,1,1,1.2768427161926872,2.75,0,0.42431761786600497,True,1.887005649717514
2021-10-04,7am,retest,short,1.3,True,44.25,0.3672316384180791,-1.0,False,0.7005649717514124,1.0598802395209581,False,False,40,29,3,2.729511079845234,27.25,0,0.3709677419354839,True,1.4448979591836735
2021-10-04,7am,failure,short,-1.0,False,44.25,0.3672316384180791,-1.0,False,0.7005649717514124,1.0598802395209581,False,False,37,1,2,2.2262907359941413,0.5,0,0.3709677419354839,True,1.4448979591836735
2021-10-06,6am,retest,short,-1.0,False,38.25,0.0196078431372549,1.0,True,1.0,0.8360655737704918,True,False,13,15,1,1.4470948012232416,10.0,2,0.1774033696729435,True,1.728813559322034
2021-10-06,6am,failure,short,-1.0,False,38.25,0.0196078431372549,1.0,True,1.0,0.8360655737704918,True,False,11,1,2,2.428006329113924,3.25,2,0.1774033696729435,True,1.728813559322034
2021-10-06,7am,retest,short,-1.0,False,49.25,0.7817258883248731,1.0,False,0.4467005076142132,1.2875816993464053,True,False,10,5,10,0.8745813174544101,9.5,2,0.28543111992071357,True,1.6081632653061224
2021-10-06,7am,failure,short,-1.0,False,49.25,0.7817258883248731,1.0,False,0.4467005076142132,1.2875816993464053,True,False,8,1,1,,2.5,2,0.28543111992071357,True,1.6081632653061224
2021-10-07,6am,retest,short,1.3,True,31.0,0.6935483870967742,1.0,False,0.6612903225806451,1.3777777777777778,True,False,0,117,1,,36.5,3,1.0278745644599303,False,1.2216748768472907
2021-10-08,7am,failure,short,-1.0,False,29.0,0.8448275862068966,1.0,False,0.3793103448275862,1.2340425531914894,True,False,3,1,1,,2.0,4,0.7,False,0.8560885608856088
2021-10-11,6am,retest,short,-1.0,False,67.0,0.7350746268656716,-1.0,False,0.208955223880597,2.5283018867924527,False,True,135,2,1,2.287912532901397,6.25,0,0.4,True,2.3203463203463204
2021-10-11,6am,retest,long,1.3,True,67.0,0.7350746268656716,-1.0,False,0.208955223880597,2.5283018867924527,True,False,62,1,5,2.0242914979757085,5.5,0,1.136,False,2.3203463203463204
2021-10-11,6am,failure,long,1.3,True,67.0,0.7350746268656716,-1.0,False,0.208955223880597,2.5283018867924527,True,False,56,1,1,2.9726516052318672,1.25,0,1.136,False,2.3203463203463204
2021-10-11,7am,retest,short,-1.0,False,42.25,0.1301775147928994,-1.0,False,0.9704142011834319,0.6305970149253731,False,True,37,16,1,1.1524097456873557,14.75,0,0.192,True,1.2472324723247232
2021-10-11,7am,retest,long,1.3,True,42.25,0.1301775147928994,-1.0,False,0.9704142011834319,0.6305970149253731,True,False,2,1,5,,4.25,0,1.146,False,1.2472324723247232
2021-10-12,6am,failure,short,1.3,True,38.5,0.551948051948052,1.0,False,0.577922077922078,1.0845070422535212,True,False,21,1,1,2.2544550352258597,0.75,1,1.1111111111111112,False,1.2222222222222223
2021-10-12,7am,retest,long,1.3,True,28.25,0.49557522123893805,-1.0,False,0.6548672566371682,0.7337662337662337,True,False,3,1,1,,3.5,1,0.015384615384615385,True,0.8042704626334519
2021-10-13,6am,retest,short,-1.0,False,37.75,0.09933774834437085,-1.0,False,0.5894039735099338,1.3245614035087718,False,True,146,2,1,3.440860215053763,9.75,2,1.1059245960502693,False,1.157088122605364
2021-10-13,6am,retest,long,-1.0,False,37.75,0.09933774834437085,-1.0,False,0.5894039735099338,1.3245614035087718,True,False,0,3,1,,4.0,2,0.1651705565529623,True,1.157088122605364
2021-10-13,7am,retest,short,1.3,True,34.5,0.06521739130434782,-1.0,False,0.4855072463768116,0.9139072847682119,False,False,1,2,1,,3.75,2,0.9551166965888689,False,0.9822064056939501
2021-10-13,7am,retest,long,-1.0,False,34.5,0.06521739130434782,-1.0,False,0.4855072463768116,0.9139072847682119,True,True,34,2,1,4.48764867337603,12.75,2,0.2926391382405745,True,0.9822064056939501
2021-10-14,6am,retest,short,-1.0,False,16.75,0.7761194029850746,-1.0,False,0.26865671641791045,1.0634920634920635,False,False,11,1,1,1.500880281690141,0.75,3,0.9131274131274131,False,0.5
2021-10-14,7am,retest,short,1.3,True,45.75,0.8306010928961749,1.0,False,0.3442622950819672,2.7313432835820897,True,False,6,71,3,,32.75,3,1.1447876447876448,False,1.326086956521739
2021-10-14,7am,failure,short,-1.0,False,45.75,0.8306010928961749,1.0,False,0.3442622950819672,2.7313432835820897,True,False,1,1,1,,1.75,3,1.1447876447876448,False,1.326086956521739
2021-10-15,6am,retest,short,1.3,True,20.0,0.1375,-1.0,False,0.5,0.851063829787234,False,False,30,10,1,1.9595645412130638,5.5,4,0.7717391304347826,False,0.5970149253731343
2021-10-15,6am,retest,long,1.3,True,20.0,0.1375,-1.0,False,0.5,0.851063829787234,True,True,135,2,1,2.556872797180391,6.0,4,0.44565217391304346,True,0.5970149253731343
2021-10-15,6am,failure,short,1.3,True,20.0,0.1375,-1.0,False,0.5,0.851063829787234,False,False,29,1,1,2.1212121212121215,1.25,4,0.7717391304347826,False,0.5970149253731343
2021-10-15,6am,failure,long,1.3,True,20.0,0.1375,-1.0,False,0.5,0.851063829787234,True,True,134,1,1,1.4902483747291215,0.5,4,0.44565217391304346,True,0.5970149253731343
2021-10-15,7am,retest,short,1.3,True,24.25,0.5360824742268041,1.0,False,0.7731958762886598,1.2125,True,False,40,6,1,3.8173076923076925,8.75,4,0.8315217391304348,False,0.6903914590747331
2021-10-15,7am,retest,long,1.3,True,24.25,0.5360824742268041,1.0,False,0.7731958762886598,1.2125,False,True,74,9,1,1.4902483747291215,8.0,4,0.4320652173913043,True,0.6903914590747331
2021-10-18,7am,retest,long,1.3,True,53.0,0.5707547169811321,1.0,False,0.12264150943396226,1.7666666666666666,False,False,47,1,1,2.9518304431599227,3.75,0,0.7575150300601202,False,1.508896797153025
2021-10-19,6am,retest,short,1.3,True,27.75,0.6306306306306306,1.0,False,0.4774774774774775,1.2758620689655173,True,False,17,30,3,0.4915188897455667,13.75,1,1.1971830985915493,False,0.8283582089552238
2021-10-19,6am,retest,long,-1.0,False,27.75,0.6306306306306306,1.0,False,0.4774774774774775,1.2758620689655173,False,True,128,1,1,1.2980269989615785,1.0,1,0.1936619718309859,True,0.8283582089552238
2021-10-19,6am,failure,short,-1.0,False,27.75,0.6306306306306306,1.0,False,0.4774774774774775,1.2758620689655173,True,False,14,1,1,1.265266243282853,1.5,1,1.1971830985915493,False,0.8283582089552238
2021-10-19,6am,failure,long,-1.0,False,27.75,0.6306306306306306,1.0,False,0.4774774774774775,1.2758620689655173,False,True,120,1,1,3.0661205383265067,1.25,1,0.1936619718309859,True,0.8283582089552238
2021-10-19,7am,retest,long,-1.0,False,24.75,0.26262626262626265,1.0,False,0.4444444444444444,0.8918918918918919,False,False,24,1,1,1.4945736434108527,1.5,1,-0.04225352112676056,True,0.6804123711340206
2021-10-20,6am,retest,short,-1.0,False,17.5,0.34285714285714286,1.0,False,0.6285714285714286,0.8045977011494253,True,True,85,1,1,3.7404092071611252,4.0,2,0.9641025641025641,True,0.5223880597014925
2021-10-20,6am,retest,long,1.3,True,17.5,0.34285714285714286,1.0,False,0.6285714285714286,0.8045977011494253,False,False,43,20,1,4.5372750642673525,9.25,2,0.39487179487179486,False,0.5223880597014925
2021-10-20,7am,retest,short,-1.0,False,26.25,0.7238095238095238,-1.0,False,0.6476190476190476,1.5,False,False,25,1,1,3.7404092071611252,4.5,2,0.9538461538461539,True,0.7216494845360825
2021-10-21,6am,retest,long,1.3,True,21.75,0.6896551724137931,-1.0,False,0.896551724137931,1.1153846153846154,True,False,25,69,1,1.8847209515096066,26.5,3,0.4090909090909091,False,0.6492537313432836
2021-10-21,7am,retest,short,-1.0,False,38.25,0.6862745098039216,-1.0,False,0.3333333333333333,1.7586206896551724,False,True,44,2,6,1.1737717453641752,2.0,3,0.7840909090909091,True,1.0889679715302492
2021-10-21,7am,failure,long,1.3,True,38.25,0.6862745098039216,-1.0,False,0.3333333333333333,1.7586206896551724,True,False,1,1,1,,0.25,3,0.7954545454545454,False,1.0889679715302492
2021-10-22,6am,retest,short,1.3,True,28.75,0.591304347826087,1.0,False,0.20869565217391303,2.3469387755102042,True,False,11,3,1,1.458851391355832,3.5,4,1.296875,False,0.8582089552238806
2021-10-22,6am,retest,long,-1.0,False,28.75,0.591304347826087,1.0,False,0.20869565217391303,2.3469387755102042,False,True,128,4,3,2.2800495662949194,7.5,4,0.15234375,True,0.8582089552238806
2021-10-22,6am,failure,short,1.3,True,28.75,0.591304347826087,1.0,False,0.20869565217391303,2.3469387755102042,True,False,10,1,1,1.024804177545692,1.0,4,1.296875,False,0.8582089552238806
2021-10-22,7am,retest,long,1.3,True,18.25,0.2054794520547945,1.0,False,0.684931506849315,0.6347826086956522,False,False,3,1,3,,1.5,4,-0.1015625,True,0.5017182130584192
2021-10-25,6am,retest,short,-1.0,False,12.0,0.4791666666666667,1.0,False,0.8125,0.8888888888888888,True,True,48,13,1,4.406332453825858,8.75,0,0.921875,False,0.367816091954023
2021-10-25,6am,retest,long,1.3,True,12.0,0.4791666666666667,1.0,False,0.8125,0.8888888888888888,False,False,0,14,1,,17.75,0,0.203125,True,0.367816091954023
2021-10-25,7am,retest,short,-1.0,False,38.5,0.2922077922077922,1.0,False,0.3116883116883117,3.2083333333333335,True,False,45,1,30,1.1463133640552996,0.75,0,1.0130208333333333,False,1.0584192439862543
2021-10-25,7am,failure,short,-1.0,False,38.5,0.2922077922077922,1.0,False,0.3116883116883117,3.2083333333333335,True,False,18,1,1,2.57393850658858,1.25,0,1.0130208333333333,False,1.0584192439862543
2021-10-26,7am,retest,long,1.3,True,14.5,0.20689655172413793,1.0,True,1.0,0.5471698113207547,False,True,25,1,1,2.778675282714055,3.75,1,0.35511363636363635,True,0.3853820598006645
2021-10-26,7am,failure,short,1.3,True,14.5,0.20689655172413793,1.0,True,1.0,0.5471698113207547,True,True,17,1,1,1.0383319292333613,0.25,1,0.8096590909090909,False,0.3853820598006645
2021-10-26,7am,failure,long,1.3,True,14.5,0.20689655172413793,1.0,True,1.0,0.5471698113207547,False,False,8,1,1,,0.5,1,0.35511363636363635,True,0.3853820598006645
2021-10-27,6am,retest,short,-1.0,False,31.0,0.1532258064516129,-1.0,False,0.6693548387096774,0.8493150684931506,False,False,81,5,1,1.314613911933631,4.5,2,0.2757475083056478,True,0.9501915708812261
2021-10-27,6am,failure,short,-1.0,False,31.0,0.1532258064516129,-1.0,False,0.6693548387096774,0.8493150684931506,False,False,75,1,1,1.8118721461187215,1.25,2,0.2757475083056478,True,0.9501915708812261
2021-10-27,7am,retest,short,-1.0,False,26.75,0.102803738317757,-1.0,True,1.0,0.8629032258064516,False,False,21,5,1,1.314613911933631,4.5,2,0.2757475083056478,True,0.722972972972973
2021-10-27,7am,failure,short,-1.0,False,26.75,0.102803738317757,-1.0,True,1.0,0.8629032258064516,False,False,15,1,1,1.9456066945606694,1.25,2,0.2757475083056478,True,0.722972972972973
2021-10-28,6am,retest,short,-1.0,False,30.5,0.8114754098360656,1.0,False,0.5245901639344263,1.3863636363636365,True,False,5,25,1,,15.0,3,1.1384083044982698,False,0.9348659003831418
2021-10-28,6am,failure,short,-1.0,False,30.5,0.8114754098360656,1.0,False,0.5245901639344263,1.3863636363636365,True,False,1,1,1,,1.5,3,1.1384083044982698,False,0.9348659003831418
2021-10-28,7am,retest,long,-1.0,False,24.0,0.14583333333333334,-1.0,False,0.375,0.7868852459016393,True,False,39,1,1,1.4559386973180077,1.5,3,-0.01384083044982699,True,0.6486486486486487
2021-10-29,6am,retest,short,-1.0,False,41.5,0.12650602409638553,-1.0,False,0.43373493975903615,1.6435643564356435,False,False,39,2,3,3.5023474178403755,1.5,4,0.25675675675675674,True,1.3174603174603174
2021-10-29,7am,retest,short,1.3,True,29.75,0.37815126050420167,1.0,False,0.6974789915966386,0.7168674698795181,True,False,12,1,1,1.9587715607909129,2.5,4,0.3783783783783784,True,0.8469750889679716
2021-10-29,7am,retest,long,1.3,True,29.75,0.37815126050420167,1.0,False,0.6974789915966386,0.7168674698795181,False,True,50,1,1,2.1895982701718446,5.25,4,1.0236486486486487,False,0.8469750889679716
2021-10-29,7am,failure,short,1.3,True,29.75,0.37815126050420167,1.0,False,0.6974789915966386,0.7168674698795181,True,False,11,1,1,1.167054443927408,0.5,4,0.3783783783783784,True,0.8469750889679716
2021-11-01,6am,retest,short,-1.0,False,16.5,0.5151515151515151,1.0,False,0.8636363636363636,0.8461538461538461,True,False,4,7,1,,3.75,0,0.9098712446351931,False,0.5238095238095238
2021-11-01,6am,retest,long,-1.0,False,16.5,0.5151515151515151,1.0,False,0.8636363636363636,0.8461538461538461,False,True,73,4,1,2.463442069741282,5.0,0,0.37339055793991416,True,0.5238095238095238
2021-11-01,6am,failure,short,-1.0,False,16.5,0.5151515151515151,1.0,False,0.8636363636363636,0.8461538461538461,True,False,1,1,1,,0.25,0,0.9098712446351931,False,0.5238095238095238
2021-11-01,6am,failure,long,-1.0,False,16.5,0.5151515151515151,1.0,False,0.8636363636363636,0.8461538461538461,False,True,68,1,3,2.986666666666667,0.75,0,0.37339055793991416,True,0.5238095238095238
2021-11-01,7am,retest,long,-1.0,False,18.75,0.5066666666666667,-1.0,False,0.64,1.1363636363636365,True,False,3,2,2,,1.5,0,0.296137339055794,True,0.5836575875486382
2021-11-02,6am,retest,short,1.3,True,13.75,0.2,1.0,False,0.9636363636363636,0.7236842105263158,True,False,33,14,1,5.40016168148747,5.75,1,0.45789473684210524,True,0.4435483870967742
2021-11-03,6am,retest,short,1.3,True,22.0,0.3181818181818182,-1.0,False,0.6818181818181818,1.2222222222222223,False,False,50,1,1,0.6941838649155723,1.25,2,0.9393939393939394,False,0.7154471544715447
2021-11-03,6am,failure,short,1.3,True,22.0,0.3181818181818182,-1.0,False,0.6818181818181818,1.2222222222222223,False,False,48,1,1,5.240274599542333,2.75,2,0.9393939393939394,False,0.7154471544715447
2021-11-03,7am,failure,short,1.3,True,21.25,0.611764705882353,1.0,False,0.8705882352941177,0.9659090909090909,True,False,2,1,1,,0.75,2,0.9949494949494949,False,0.723404255319149
2021-11-04,6am,retest,long,1.3,True,17.5,0.6,1.0,False,0.5428571428571428,1.3461538461538463,False,False,21,2,2,0.7069059271343121,3.0,3,0.3208092485549133,True,0.5907172995780591
2021-11-04,6am,failure,long,1.3,True,17.5,0.6,1.0,False,0.5428571428571428,1.3461538461538463,False,False,20,1,1,1.5054945054945055,0.5,3,0.3208092485549133,True,0.5907172995780591
2021-11-04,7am,retest,long,-1.0,False,20.0,0.6375,-1.0,False,0.75,1.1428571428571428,True,False,35,15,1,1.371212121212121,11.75,3,0.3786127167630058,True,0.6986899563318777
2021-11-04,7am,failure,long,-1.0,False,20.0,0.6375,-1.0,False,0.75,1.1428571428571428,True,False,32,1,1,2.248427672955975,1.5,3,0.3786127167630058,True,0.6986899563318777
2021-11-05,6am,retest,long,1.3,True,26.25,0.24761904761904763,-1.0,False,0.5523809523809524,0.42168674698795183,True,False,1,129,1,,67.5,4,0.1318181818181818,True,0.9292035398230089
2021-11-05,7am,retest,short,-1.0,False,59.5,0.6260504201680672,-1.0,False,0.1134453781512605,2.2666666666666666,False,True,75,3,2,1.9639873770187486,4.5,4,0.9295454545454546,False,2.1636363636363636
2021-11-08,6am,retest,short,-1.0,False,18.5,0.5,1.0,False,0.6486486486486487,0.7872340425531915,True,True,134,1,1,2.4505735904320236,1.75,0,1.065,False,0.6851851851851852
2021-11-08,6am,failure,long,1.3,True,18.5,0.5,1.0,False,0.6486486486486487,0.7872340425531915,False,False,1,1,8,,1.25,0,0.12,True,0.6851851851851852
2021-11-08,7am,retest,short,-1.0,False,24.25,0.4536082474226804,-1.0,False,0.6701030927835051,1.3108108108108107,False,False,74,2,2,2.4505735904320236,6.25,0,1.0425,False,0.8818181818181818
2021-11-09,6am,retest,short,-1.0,False,18.5,0.2972972972972973,-1.0,False,0.5135135135135135,1.3454545454545455,False,True,101,17,1,1.9224116629602175,14.75,1,1.1104294478527608,False,0.7668393782383419
2021-11-09,6am,retest,long,1.3,True,18.5,0.2972972972972973,-1.0,False,0.5135135135135135,1.3454545454545455,True,False,1,1,3,,2.25,1,0.1165644171779141,True,0.7668393782383419
2021-11-09,6am,failure,long,1.3,True,18.5,0.2972972972972973,-1.0,False,0.5135135135135135,1.3454545454545455,True,False,0,1,1,,1.0,1,0.1165644171779141,True,0.7668393782383419
2021-11-09,7am,failure,short,-1.0,False,32.75,0.3969465648854962,-1.0,False,0.3816793893129771,1.7702702702702702,False,False,32,1,1,2.7280405405405403,2.5,1,1.0368098159509203,False,1.2358490566037736
2021-11-10,6am,retest,short,1.3,True,47.5,0.5052631578947369,-1.0,False,0.5736842105263158,0.6834532374100719,False,False,69,1,1,1.4868883482022168,1.25,2,0.24660633484162897,True,2.1714285714285713
2021-11-10,6am,retest,long,-1.0,False,47.5,0.5052631578947369,-1.0,False,0.5736842105263158,0.6834532374100719,True,True,91,2,1,11.207441207441208,21.25,2,1.1832579185520362,False,2.1714285714285713
2021-11-10,7am,retest,short,-1.0,False,28.25,0.24778761061946902,1.0,True,1.0,0.5947368421052631,True,False,6,6,1,,12.75,2,0.15610859728506787,True,1.0660377358490567
2021-11-11,7am,retest,short,-1.0,False,20.75,0.08433734939759036,1.0,False,0.8554216867469879,1.0921052631578947,True,False,22,3,1,6.93175711982805,7.0,3,0.9748953974895398,False,0.7830188679245284
2021-11-12,6am,retest,short,1.3,True,22.25,0.30337078651685395,1.0,False,0.7752808988764045,0.8725490196078431,True,False,123,25,1,2.928637627432808,17.5,4,0.6477732793522267,False,1.0171428571428571
2021-11-12,7am,retest,long,1.3,True,16.25,0.6461538461538462,-1.0,True,1.0,0.7303370786516854,True,False,1,1,1,,2.25,4,0.6639676113360324,True,0.6372549019607843
2021-11-12,7am,failure,short,-1.0,False,16.25,0.6461538461538462,-1.0,True,1.0,0.7303370786516854,False,True,49,1,3,1.9440042260961437,1.5,4,0.5991902834008097,False,0.6372549019607843
2021-11-12,7am,failure,long,1.3,True,16.25,0.6461538461538462,-1.0,True,1.0,0.7303370786516854,True,False,0,1,1,,0.5,4,0.6639676113360324,True,0.6372549019607843
2021-11-15,6am,retest,short,-1.0,False,16.5,0.3333333333333333,1.0,False,0.9242424242424242,1.064516129032258,True,False,62,1,1,5.690566037735849,4.0,0,0.8802816901408451,False,0.7542857142857143
2021-11-15,7am,retest,short,-1.0,False,14.75,0.13559322033898305,-1.0,True,1.0,0.8939393939393939,False,False,2,1,1,,4.25,0,0.8732394366197183,False,0.6020408163265306
2021-11-16,6am,retest,long,1.3,True,46.0,0.7554347826086957,1.0,False,0.46195652173913043,1.6576576576576576,False,True,134,6,1,1.8706375058166589,15.75,1,0.912751677852349,True,2.2035928143712575
2021-11-16,6am,failure,long,1.3,True,46.0,0.7554347826086957,1.0,False,0.46195652173913043,1.6576576576576576,False,True,133,1,1,2.0790435071404847,1.0,1,0.912751677852349,True,2.2035928143712575
2021-11-16,7am,retest,long,-1.0,False,28.0,0.5357142857142857,-1.0,False,0.9821428571428571,0.6086956521739131,True,True,45,4,1,3.2713400095374348,12.5,1,0.6644295302013423,False,1.1428571428571428
2021-11-16,7am,failure,long,1.3,True,28.0,0.5357142857142857,-1.0,False,0.9821428571428571,0.6086956521739131,True,False,31,1,2,3.3460559796437663,1.25,1,0.6644295302013423,False,1.1428571428571428
2021-11-17,6am,retest,short,1.3,True,16.25,0.4153846153846154,1.0,False,0.8307692307692308,0.9558823529411765,True,False,0,11,1,,6.75,2,0.8438818565400844,False,0.7428571428571429
2021-11-17,6am,retest,long,-1.0,False,16.25,0.4153846153846154,1.0,False,0.8307692307692308,0.9558823529411765,False,True,64,3,1,3.7562326869806095,4.5,2,0.43037974683544306,True,0.7428571428571429
2021-11-17,7am,retest,long,1.3,True,16.5,0.2878787878787879,-1.0,False,0.5909090909090909,1.0153846153846153,True,False,3,81,1,,23.25,2,0.3206751054852321,True,0.673469387755102
2021-11-18,6am,retest,long,1.3,True,19.25,0.025974025974025976,-1.0,False,0.6363636363636364,0.927710843373494,True,False,64,5,1,2.1745089081772497,3.5,3,0.23055555555555557,True,0.88
2021-11-18,7am,retest,short,1.3,True,12.5,0.52,-1.0,True,1.0,0.6493506493506493,False,True,42,1,4,1.092896174863388,2.0,3,0.9111111111111111,False,0.5181347150259067
2021-11-18,7am,retest,long,1.3,True,12.5,0.52,-1.0,True,1.0,0.6493506493506493,True,False,4,5,1,,3.75,3,0.22777777777777777,True,0.5181347150259067
2021-11-18,7am,failure,short,1.3,True,12.5,0.52,-1.0,True,1.0,0.6493506493506493,False,True,41,1,1,1.5331448319195726,0.5,3,0.9111111111111111,False,0.5181347150259067
2021-11-19,7am,retest,short,1.3,True,28.75,0.6347826086956522,1.0,False,0.7565217391304347,0.7986111111111112,True,False,3,2,1,,3.5,4,0.6842105263157895,False,1.270718232044199
2021-11-22,6am,retest,short,1.3,True,16.5,0.48484848484848486,1.0,True,1.0,0.825,True,False,3,1,1,,1.25,0,0.947565543071161,False,0.8048780487804879
2021-11-22,6am,retest,long,1.3,True,16.5,0.48484848484848486,1.0,True,1.0,0.825,False,True,20,1,2,2.5701724721001016,1.0,0,0.299625468164794,True,0.8048780487804879
2021-11-22,7am,retest,short,-1.0,False,19.75,0.3291139240506329,-1.0,False,0.8354430379746836,1.196969696969697,False,False,56,5,1,4.540007049700388,14.75,0,0.9662921348314607,False,0.8729281767955801
2021-11-22,7am,failure,short,-1.0,False,19.75,0.3291139240506329,-1.0,False,0.8354430379746836,1.196969696969697,False,False,39,1,16,1.527027027027027,1.0,0,0.9662921348314607,False,0.8729281767955801
2021-11-23,6am,retest,short,1.3,True,52.25,0.2966507177033493,1.0,False,0.5406698564593302,1.771186440677966,True,False,6,9,2,,22.75,1,0.5569395017793595,True,2.548780487804878
2021-11-25,6am,retest,long,1.3,True,37.75,0.2913907284768212,-1.0,False,0.17880794701986755,2.9607843137254903,True,False,133,1,1,5.47918683446273,1.5,3,0.7194029850746269,True,1.8303030303030303
2021-11-25,7am,retest,long,-1.0,False,23.0,0.22826086956521738,-1.0,True,1.0,0.609271523178808,True,False,46,5,3,3.5643564356435644,6.0,3,0.5701492537313433,True,1.0165745856353592
2021-11-26,6am,retest,short,1.3,True,51.75,0.3285024154589372,1.0,False,0.4057971014492754,1.2777777777777777,True,False,7,20,1,,32.5,4,0.34913793103448276,True,2.5090909090909093
2021-11-26,7am,retest,long,1.3,True,68.0,0.0661764705882353,1.0,False,0.5220588235294118,1.3140096618357489,False,False,2,4,12,,12.75,4,0.7732758620689655,False,3.073446327683616
2021-11-26,7am,failure,long,1.3,True,68.0,0.0661764705882353,1.0,False,0.5220588235294118,1.3140096618357489,False,False,0,1,2,,0.5,4,0.7732758620689655,False,3.073446327683616
2021-11-29,6am,retest,long,-1.0,False,31.25,0.472,-1.0,False,0.728,0.6218905472636815,True,False,0,22,1,,15.25,0,0.2641946697566628,True,1.4124293785310735
2021-11-30,6am,retest,short,1.3,True,42.5,0.5764705882352941,-1.0,False,0.8058823529411765,1.2056737588652482,False,False,24,8,1,1.9521044992743104,12.5,1,0.4160493827160494,True,1.92090395480226
2021-12-01,6am,retest,short,1.3,True,37.75,0.4503311258278146,1.0,False,0.6158940397350994,1.6236559139784945,True,False,17,1,1,8.854757929883139,6.5,2,0.9366515837104072,False,1.7062146892655368
2021-12-01,6am,retest,long,-1.0,False,37.75,0.4503311258278146,1.0,False,0.6158940397350994,1.6236559139784945,False,True,113,8,14,3.6,14.25,2,0.2341628959276018,True,1.7062146892655368
2021-12-01,6am,failure,long,-1.0,False,37.75,0.4503311258278146,1.0,False,0.6158940397350994,1.6236559139784945,False,True,112,1,1,2.4816805080605766,1.75,2,0.2341628959276018,True,1.7062146892655368
2021-12-02,7am,retest,long,1.3,True,122.75,0.4093686354378819,-1.0,False,0.21181262729124237,2.654054054054054,True,False,44,1,1,2.362452750944981,4.5,3,1.5278884462151394,False,5.223404255319149
2021-12-03,6am,retest,short,-1.0,False,55.25,0.8687782805429864,1.0,False,0.6153846153846154,1.0574162679425838,True,False,4,1,1,,1.25,4,0.7481146304675717,True,2.4971751412429377
2021-12-03,6am,failure,short,-1.0,False,55.25,0.8687782805429864,1.0,False,0.6153846153846154,1.0574162679425838,True,False,0,1,2,,4.0,4,0.7481146304675717,True,2.4971751412429377
2021-12-03,7am,retest,short,-1.0,False,52.0,0.6875,1.0,False,0.25,0.9411764705882353,True,False,4,1,1,,0.25,4,0.9834087481146304,True,2.2127659574468086
2021-12-06,6am,retest,short,-1.0,False,92.0,0.9375,1.0,True,1.0,0.8382687927107062,True,False,97,11,1,2.3013923013923017,29.5,0,0.4504608294930876,True,3.7938144329896906
2021-12-06,7am,retest,short,-1.0,False,59.75,0.5606694560669456,-1.0,False,0.9330543933054394,0.6494565217391305,False,False,37,11,3,2.3013923013923017,25.5,0,0.46889400921658986,True,2.5291005291005293
2021-12-07,6am,retest,short,1.3,True,34.75,0.37410071942446044,-1.0,True,1.0,0.547244094488189,False,True,105,1,1,0.6284962158604804,0.75,1,0.9518599562363238,False,1.208695652173913
2021-12-07,6am,failure,short,1.3,True,34.75,0.37410071942446044,-1.0,True,1.0,0.547244094488189,False,True,96,1,1,2.513792276325258,1.75,1,0.9518599562363238,False,1.208695652173913
2021-12-07,7am,retest,long,1.3,True,29.75,0.12605042016806722,-1.0,False,0.8907563025210085,0.8561151079136691,True,True,72,13,1,1.4156735283495847,15.25,1,0.15900802334062727,True,1.2592592592592593
2021-12-07,7am,failure,short,-1.0,False,29.75,0.12605042016806722,-1.0,False,0.8907563025210085,0.8561151079136691,False,False,31,1,2,5.49738219895288,1.75,1,0.9277899343544858,False,1.2592592592592593
2021-12-08,6am,retest,long,-1.0,False,91.25,0.18356164383561643,1.0,False,0.3506849315068493,2.8515625,False,False,80,7,1,2.784736382173026,8.5,2,0.8005540166204986,True,2.765151515151515
2021-12-08,6am,failure,long,-1.0,False,91.25,0.18356164383561643,1.0,False,0.3506849315068493,2.8515625,False,False,11,1,1,1.8145531614270576,0.5,2,0.8005540166204986,True,2.765151515151515
2021-12-08,7am,retest,long,-1.0,False,56.5,0.17256637168141592,-1.0,False,0.8716814159292036,0.6191780821917808,True,False,30,2,1,2.6609005342152123,7.25,2,0.8808864265927978,True,2.1626794258373208
2021-12-08,7am,failure,long,-1.0,False,56.5,0.17256637168141592,-1.0,False,0.8716814159292036,0.6191780821917808,True,False,21,1,9,4.0171627782247255,1.25,2,0.8808864265927978,True,2.1626794258373208
2021-12-09,6am,retest,short,1.3,True,34.0,0.18382352941176472,-1.0,False,0.5514705882352942,0.85,False,False,15,11,1,2.927650028042625,6.75,3,0.18292682926829268,True,0.9379310344827586
2021-12-09,7am,retest,long,1.3,True,26.75,0.719626168224299,1.0,False,0.7476635514018691,0.7867647058823529,False,False,32,4,1,2.55653883972468,7.25,3,1.0121951219512195,False,0.9511111111111111
2021-12-10,6am,retest,long,-1.0,False,30.0,0.5583333333333333,1.0,False,0.23333333333333334,1.518987341772152,False,False,16,5,6,1.3805309734513274,4.0,4,0.1111111111111111,True,0.8275862068965517
2021-12-10,6am,failure,long,-1.0,False,30.0,0.5583333333333333,1.0,False,0.23333333333333334,1.518987341772152,False,False,14,1,2,3.2855007473841553,1.25,4,0.1111111111111111,True,0.8275862068965517
2021-12-13,6am,retest,long,-1.0,False,35.75,0.04895104895104895,1.0,False,0.6713286713286714,1.4895833333333333,False,False,124,1,7,2.17930029154519,3.0,0,0.3482142857142857,True,0.9862068965517241
2021-12-13,7am,retest,long,-1.0,False,20.25,0.2839506172839506,-1.0,True,1.0,0.5664335664335665,True,False,61,4,1,3.2676812891674127,7.75,0,0.2916666666666667,True,0.72
2021-12-13,7am,failure,long,-1.0,False,20.25,0.2839506172839506,-1.0,True,1.0,0.5664335664335665,True,False,60,1,1,1.5839781520254894,0.25,0,0.2916666666666667,True,0.72
2021-12-14,6am,retest,short,-1.0,False,33.25,0.14285714285714285,-1.0,False,0.8571428571428571,0.8807947019867549,False,False,10,31,1,1.1278648974668275,21.5,1,0.24566473988439305,True,0.9047619047619048
2021-12-14,6am,retest,long,-1.0,False,33.25,0.14285714285714285,-1.0,False,0.8571428571428571,0.8807947019867549,True,True,90,1,1,11.02349446394815,4.5,1,0.9465317919075145,False,0.9047619047619048
2021-12-14,6am,failure,short,-1.0,False,33.25,0.14285714285714285,-1.0,False,0.8571428571428571,0.8807947019867549,False,False,9,1,1,,0.75,1,0.24566473988439305,True,0.9047619047619048
2021-12-15,6am,retest,short,-1.0,False,47.0,0.34574468085106386,-1.0,False,0.776595744680851,1.2876712328767124,False,False,13,9,1,2.090909090909091,9.0,2,0.48131868131868133,True,1.3333333333333333
2021-12-15,7am,retest,short,-1.0,False,39.0,0.4551282051282051,1.0,False,0.5192307692307693,0.8297872340425532,True,False,20,8,1,1.2226684515841142,10.5,2,0.6461538461538462,True,1.4246575342465753
2021-12-16,6am,retest,long,-1.0,False,51.25,0.4146341463414634,1.0,False,0.17560975609756097,1.3311688311688312,False,False,8,1,1,,2.5,3,0.16693679092382496,True,1.3945578231292517
2021-12-16,6am,failure,long,-1.0,False,51.25,0.4146341463414634,1.0,False,0.17560975609756097,1.3311688311688312,False,False,7,1,1,,2.25,3,0.16693679092382496,True,1.3945578231292517
2021-12-16,7am,failure,long,-1.0,False,51.25,0.8975609756097561,-1.0,False,0.5658536585365853,1.0,True,False,0,1,1,,1.75,3,0.31118314424635335,True,1.8222222222222222
2021-12-17,6am,retest,long,-1.0,False,50.75,0.7586206896551724,1.0,True,1.0,0.725,False,True,28,2,1,1.6998294485503127,8.25,4,0.8176670441676104,False,1.3443708609271523
2021-12-17,6am,failure,long,-1.0,False,50.75,0.7586206896551724,1.0,True,1.0,0.725,False,True,27,1,1,1.579105373761633,0.5,4,0.8176670441676104,False,1.3443708609271523
2021-12-20,6am,retest,short,-1.0,False,47.25,0.5079365079365079,1.0,False,0.582010582010582,1.0384615384615385,True,False,1,1,1,,10.0,0,0.2630824372759857,True,1.2516556291390728
2021-12-20,6am,retest,long,1.3,True,47.25,0.5079365079365079,1.0,False,0.582010582010582,1.0384615384615385,False,True,73,1,2,1.7318963887313292,5.5,0,0.8724014336917563,False,1.2516556291390728
2021-12-20,6am,failure,short,-1.0,False,47.25,0.5079365079365079,1.0,False,0.582010582010582,1.0384615384615385,True,False,0,1,1,,1.0,0,0.2630824372759857,True,1.2516556291390728
2021-12-20,7am,retest,long,-1.0,False,54.75,0.4840182648401826,-1.0,False,0.5799086757990868,1.1587301587301588,True,False,2,2,1,,6.25,0,0.8279569892473119,False,1.9466666666666668
2021-12-20,7am,failure,long,-1.0,False,54.75,0.4840182648401826,-1.0,False,0.5799086757990868,1.1587301587301588,True,False,0,1,2,,3.5,0,0.8279569892473119,False,1.9466666666666668
2021-12-21,6am,retest,short,1.3,True,56.0,0.7723214285714286,1.0,False,0.1875,1.2043010752688172,True,False,27,2,17,2.5906735751295336,2.75,1,0.8807631160572337,False,1.395638629283489
2021-12-21,7am,retest,long,1.3,True,33.75,0.4222222222222222,1.0,False,0.6518518518518519,0.6026785714285714,False,False,8,3,1,,5.5,1,0.2591414944356121,True,1.1894273127753303
2021-12-22,6am,retest,long,-1.0,False,38.5,0.538961038961039,1.0,False,0.44155844155844154,0.7549019607843137,False,False,76,3,1,2.7525906735751295,2.0,2,0.35323383084577115,True,0.8603351955307262
2021-12-22,7am,retest,long,-1.0,False,28.5,0.7982456140350878,-1.0,True,1.0,0.7402597402597403,True,False,2,8,1,,7.75,2,0.263681592039801,False,0.9743589743589743
2021-12-22,7am,failure,long,-1.0,False,28.5,0.7982456140350878,-1.0,True,1.0,0.7402597402597403,True,False,0,1,2,,0.5,2,0.263681592039801,False,0.9743589743589743
2021-12-23,6am,retest,short,1.3,True,17.25,0.30434782608695654,1.0,False,0.8115942028985508,0.5847457627118644,True,False,2,20,1,,7.25,3,1.0555555555555556,False,0.3854748603351955
2021-12-23,6am,retest,long,1.3,True,17.25,0.30434782608695654,1.0,False,0.8115942028985508,0.5847457627118644,False,True,100,8,1,3.286071726438699,19.5,3,0.23931623931623933,True,0.3854748603351955
2021-12-23,6am,failure,short,-1.0,False,17.25,0.30434782608695654,1.0,False,0.8115942028985508,0.5847457627118644,True,False,1,1,1,,0.75,3,1.0555555555555556,False,0.3854748603351955
2021-12-23,7am,retest,long,-1.0,False,18.75,0.49333333333333335,1.0,False,0.6133333333333333,1.0869565217391304,False,True,25,4,1,2.842483324781939,5.0,3,0.14102564102564102,True,0.6410256410256411
2021-12-27,7am,retest,short,1.3,True,43.25,0.6416184971098265,1.0,False,0.17341040462427745,3.760869565217391,True,False,36,14,1,2.0107238605898123,6.0,0,1.2723404255319148,False,1.4786324786324787
2021-12-28,6am,retest,short,-1.0,False,20.0,0.6375,-1.0,False,0.6,1.25,False,True,32,1,1,1.3816155988857939,1.75,1,0.9666666666666667,False,0.49382716049382713
2021-12-28,6am,retest,long,1.3,True,20.0,0.6375,-1.0,False,0.6,1.25,True,False,0,1,4,,3.0,1,0.2,True,0.49382716049382713
2021-12-28,6am,failure,short,-1.0,False,20.0,0.6375,-1.0,False,0.6,1.25,False,True,30,1,1,4.079670329670329,0.5,1,0.9666666666666667,False,0.49382716049382713
2021-12-29,6am,retest,long,-1.0,False,27.75,0.6486486486486487,-1.0,False,0.3153153153153153,1.2613636363636365,True,False,6,19,5,,15.75,2,0.7348484848484849,True,0.6851851851851852
2021-12-29,7am,retest,long,-1.0,False,28.25,0.8230088495575221,-1.0,False,0.40707964601769914,1.018018018018018,True,False,3,2,1,,6.25,2,0.9886363636363636,False,0.889763779527559
2021-12-29,7am,failure,long,-1.0,False,28.25,0.8230088495575221,-1.0,False,0.40707964601769914,1.018018018018018,True,False,0,1,3,,0.75,2,0.9886363636363636,False,0.889763779527559
2021-12-30,6am,retest,short,1.3,True,26.75,0.35514018691588783,1.0,False,0.8037383177570093,1.244186046511628,True,False,42,2,2,1.4203137902559868,5.0,3,0.9820051413881749,False,0.7016393442622951
2021-12-30,6am,retest,long,-1.0,False,26.75,0.35514018691588783,1.0,False,0.8037383177570093,1.244186046511628,False,True,81,9,1,3.273092369477912,10.5,3,0.2930591259640103,True,0.7016393442622951
2021-12-30,6am,failure,short,1.3,True,26.75,0.35514018691588783,1.0,False,0.8037383177570093,1.244186046511628,True,False,35,1,7,3.2577665827036104,1.0,3,0.9820051413881749,False,0.7016393442622951
2021-12-30,7am,retest,long,-1.0,False,20.75,0.4578313253012048,-1.0,False,0.7590361445783133,0.7757009345794392,True,False,0,4,7,,7.0,3,0.17994858611825193,True,0.6535433070866141
2021-12-31,6am,failure,short,-1.0,False,29.5,0.5423728813559322,-1.0,False,0.211864406779661,1.9666666666666666,False,True,33,1,1,2.065217391304348,2.75,4,0.5710526315789474,True,0.7737704918032787
2021-12-31,6am,failure,long,1.3,True,29.5,0.5423728813559322,-1.0,False,0.211864406779661,1.9666666666666666,True,False,5,1,1,,1.5,4,0.7394736842105263,False,0.7737704918032787
2021-12-31,7am,retest,short,-1.0,False,49.5,0.6616161616161617,1.0,False,0.5959595959595959,1.6779661016949152,True,False,26,52,2,2.745995423340961,18.5,4,0.7263157894736842,True,1.5590551181102361
2022-01-03,6am,retest,long,-1.0,False,26.25,0.780952380952381,1.0,False,0.10476190476190476,1.3125,False,False,93,18,1,3.3748055987558323,14.25,0,0.03767123287671233,True,0.7142857142857143
2022-01-03,7am,retest,long,-1.0,False,20.5,0.8536585365853658,-1.0,True,1.0,0.780952380952381,True,False,32,19,1,2.2157916494419183,15.75,0,0.017123287671232876,True,0.563573883161512
2022-01-04,6am,retest,long,-1.0,False,27.25,0.26605504587155965,-1.0,False,0.45871559633027525,0.8934426229508197,True,False,4,2,1,,2.25,1,0.17301038062283736,True,0.7730496453900709
2022-01-04,6am,failure,long,-1.0,False,27.25,0.26605504587155965,-1.0,False,0.45871559633027525,0.8934426229508197,True,False,0,1,4,,1.5,1,0.17301038062283736,True,0.7730496453900709
2022-01-05,6am,retest,long,1.3,True,33.0,0.20454545454545456,-1.0,False,0.2727272727272727,0.9041095890410958,True,False,49,1,1,2.7370579190158892,3.75,2,0.7223650385604113,False,0.96
2022-01-06,6am,retest,long,1.3,True,67.0,0.48134328358208955,-1.0,False,0.4216417910447761,1.3467336683417086,True,False,26,2,1,3.3214920071047955,5.75,3,0.6913099870298314,False,1.9925650557620818
2022-01-07,6am,retest,long,-1.0,False,41.0,0.07926829268292683,-1.0,False,0.725609756097561,0.5795053003533569,True,True,38,1,1,1.3897280966767371,2.75,4,0.3865771812080537,False,1.2193308550185873
2022-01-07,7am,retest,long,1.3,True,60.0,0.29583333333333334,-1.0,False,0.6833333333333333,1.4634146341463414,True,False,16,2,1,2.7458952306489444,3.75,4,0.4697986577181208,False,1.6494845360824741
2022-01-07,7am,failure,long,1.3,True,60.0,0.29583333333333334,-1.0,False,0.6833333333333333,1.4634146341463414,True,False,14,1,2,1.7764350453172204,0.75,4,0.4697986577181208,False,1.6494845360824741
2022-01-10,7am,retest,long,-1.0,False,177.0,0.9322033898305084,-1.0,False,0.2556497175141243,3.2777777777777777,True,False,0,1,76,,5.0,0,1.952922077922078,False,4.303951367781155
2022-01-11,6am,retest,long,-1.0,False,44.75,0.8603351955307262,-1.0,False,0.33519553072625696,1.2971014492753623,True,False,46,4,3,5.035812672176308,8.5,1,0.37961595273264404,True,1.3308550185873607
2022-01-12,6am,retest,short,-1.0,False,34.25,0.6496350364963503,-1.0,False,0.9343065693430657,0.8404907975460123,False,True,85,1,2,3.805104408352668,6.5,2,0.9114391143911439,False,0.9927536231884058
2022-01-12,6am,retest,long,-1.0,False,34.25,0.6496350364963503,-1.0,False,0.9343065693430657,0.8404907975460123,True,False,0,1,6,,5.75,2,0.3413284132841328,True,0.9927536231884058
2022-01-12,7am,retest,short,-1.0,False,43.25,0.17341040462427745,1.0,False,0.5953757225433526,1.2627737226277371,True,False,19,2,1,1.9466382070437567,6.75,2,0.8487084870848709,False,1.0516717325227964
2022-01-12,7am,failure,short,1.3,True,43.25,0.17341040462427745,1.0,False,0.5953757225433526,1.2627737226277371,True,False,5,1,1,,3.5,2,0.8487084870848709,False,1.0516717325227964
2022-01-13,6am,retest,short,-1.0,False,41.0,0.573170731707317,-1.0,False,0.6341463414634146,1.2148148148148148,False,False,90,10,1,15.255255255255255,22.0,3,0.9253012048192771,True,1.1714285714285715
2022-01-14,6am,retest,long,-1.0,False,52.5,0.41904761904761906,-1.0,False,0.8476190476190476,0.9502262443438914,True,False,6,9,1,,27.5,4,0.7064056939501779,False,1.443298969072165
2022-01-17,6am,retest,short,1.3,True,23.5,0.7553191489361702,1.0,False,0.9574468085106383,0.6861313868613139,True,False,3,2,1,,5.25,0,0.803082191780822,False,0.5911949685534591
2022-01-17,6am,failure,long,-1.0,False,23.5,0.7553191489361702,1.0,False,0.9574468085106383,0.6861313868613139,False,True,136,1,2,2.1722846441947565,0.25,0,0.3578767123287671,True,0.5911949685534591
2022-01-17,7am,retest,long,1.3,True,17.75,0.2535211267605634,-1.0,False,0.704225352112676,0.7553191489361702,True,False,6,1,1,,6.75,0,0.2825342465753425,False,0.4316109422492401
2022-01-17,7am,failure,long,1.3,True,17.75,0.2535211267605634,-1.0,False,0.704225352112676,0.7553191489361702,True,False,5,1,1,,1.25,0,0.2825342465753425,False,0.4316109422492401
2022-01-18,6am,retest,short,-1.0,False,42.0,0.017857142857142856,-1.0,False,0.7857142857142857,0.9230769230769231,False,False,0,78,1,,44.75,1,0.1905476369092273,True,1.1546391752577319
2022-01-18,7am,failure,short,1.3,True,57.25,0.851528384279476,1.0,False,0.2183406113537118,1.3630952380952381,True,False,32,1,1,2.714319084326092,6.5,1,0.32483120780195046,True,1.5738831615120275
2022-01-19,7am,failure,short,-1.0,False,45.75,0.14207650273224043,-1.0,False,0.9672131147540983,0.8511627906976744,False,False,1,1,1,,1.5,2,1.038946162657503,False,1.2577319587628866
2022-01-20,6am,retest,short,-1.0,False,42.25,0.6390532544378699,1.0,False,0.23076923076923078,1.1655172413793105,True,True,93,3,6,3.0532853873814974,11.5,3,1.1045655375552283,False,1.161512027491409
2022-01-20,6am,retest,long,1.3,True,42.25,0.6390532544378699,1.0,False,0.23076923076923078,1.1655172413793105,False,False,34,23,3,1.4665498101080923,22.5,3,0.14432989690721648,True,1.161512027491409
2022-01-20,6am,failure,long,-1.0,False,42.25,0.6390532544378699,1.0,False,0.23076923076923078,1.1655172413793105,False,False,33,1,1,1.5816618911174785,1.25,3,0.14432989690721648,True,1.161512027491409
2022-01-20,7am,retest,short,-1.0,False,58.25,0.33905579399141633,-1.0,False,0.6137339055793991,1.378698224852071,False,False,32,5,2,3.37652721214365,18.0,3,1.0662739322533137,False,1.4164133738601823
2022-01-21,6am,retest,long,1.3,True,100.0,0.49,-1.0,False,0.32,1.9704433497536946,True,False,10,4,40,1.48112983622122,17.75,4,0.5542590431738623,True,2.7491408934707904
2022-01-21,6am,failure,long,1.3,True,100.0,0.49,-1.0,False,0.32,1.9704433497536946,True,False,7,1,1,,10.5,4,0.5542590431738623,True,2.7491408934707904
2022-01-21,7am,retest,long,1.3,True,70.0,0.5678571428571428,-1.0,False,0.7464285714285714,0.7,True,False,69,1,1,1.1072144288577155,5.0,4,0.6371061843640606,False,1.702127659574468
2022-01-21,7am,failure,long,1.3,True,70.0,0.5678571428571428,-1.0,False,0.7464285714285714,0.7,True,False,67,1,1,3.3560749020177094,6.25,4,0.6371061843640606,False,1.702127659574468
2022-01-24,6am,retest,long,-1.0,False,77.75,0.7491961414790996,1.0,True,1.0,0.4806800618238022,False,False,21,3,8,2.7822516974577614,12.5,0,0.8508620689655172,False,2.1374570446735395
2022-01-25,6am,retest,long,-1.0,False,110.5,0.3665158371040724,-1.0,False,0.583710407239819,0.9424307036247335,True,False,4,3,1,,11.0,1,0.8346513299784328,False,3.0378006872852232
2022-01-25,7am,retest,long,-1.0,False,67.5,0.3333333333333333,-1.0,False,0.6074074074074074,0.6108597285067874,True,False,7,10,1,,53.75,1,0.9108554996405464,False,1.560693641618497
2022-01-26,6am,retest,short,-1.0,False,57.5,0.908695652173913,1.0,False,0.4434782608695652,0.8518518518518519,True,True,77,2,1,2.059880239520958,8.0,2,1.0482897384305836,False,1.5282392026578073
2022-01-26,6am,retest,long,-1.0,False,57.5,0.908695652173913,1.0,False,0.4434782608695652,0.8518518518518519,False,False,14,17,1,1.4877209088822585,38.75,2,0.06740442655935613,True,1.5282392026578073
2022-01-26,6am,failure,long,-1.0,False,57.5,0.908695652173913,1.0,False,0.4434782608695652,0.8518518518518519,False,False,10,1,4,1.2533254507833285,1.25,2,0.06740442655935613,True,1.5282392026578073
2022-01-26,7am,retest,short,-1.0,False,92.5,0.4945945945945946,-1.0,False,0.581081081081081,1.608695652173913,False,False,17,2,1,1.8682379667755218,11.75,2,1.0407444668008048,False,2.0786516853932584
2022-01-26,7am,failure,short,-1.0,False,92.5,0.4945945945945946,-1.0,False,0.581081081081081,1.608695652173913,False,False,15,1,1,2.106076210092688,2.25,2,1.0407444668008048,False,2.0786516853932584
2022-01-27,6am,failure,short,1.3,True,129.0,0.9476744186046512,1.0,True,1.0,0.7621861152141802,True,False,0,1,10,,2.75,3,0.8623643632210166,False,3.1463414634146343
2022-01-27,7am,retest,short,1.3,True,110.0,0.12045454545454545,1.0,False,0.6090909090909091,0.8527131782945736,True,False,6,1,2,,8.25,3,0.9605939463163906,False,2.309711286089239
2022-01-28,6am,retest,short,-1.0,False,95.25,0.4356955380577428,-1.0,False,0.49343832020997375,1.48828125,False,True,146,1,1,0.9576768612913191,4.5,4,0.25066666666666665,True,2.2951807228915664
2022-01-28,6am,retest,long,-1.0,False,95.25,0.4356955380577428,-1.0,False,0.49343832020997375,1.48828125,True,False,22,6,1,5.771176758609434,46.0,4,1.2573333333333334,False,2.2951807228915664
2022-01-28,7am,retest,short,-1.0,False,187.5,0.6,-1.0,False,0.37733333333333335,1.968503937007874,False,False,41,3,1,1.2471943007709574,30.5,4,0.12,True,3.937007874015748
2022-01-31,6am,retest,long,-1.0,False,45.25,0.19889502762430938,-1.0,False,0.8784530386740331,0.8302752293577982,True,False,4,1,1,,4.25,0,0.41419354838709677,True,1.0741839762611276
2022-02-01,6am,retest,short,-1.0,False,49.0,0.08163265306122448,-1.0,False,0.8877551020408163,0.9289099526066351,False,False,23,2,1,1.4370881706934422,3.75,1,0.6190476190476191,False,1.1264367816091954
2022-02-01,6am,failure,short,-1.0,False,49.0,0.08163265306122448,-1.0,False,0.8877551020408163,0.9289099526066351,False,False,22,1,1,1.400854981913844,0.25,1,0.6190476190476191,False,1.1264367816091954
2022-02-01,7am,retest,short,1.3,True,70.75,0.7667844522968198,1.0,False,0.5759717314487632,1.4438775510204083,True,False,5,1,1,,8.25,1,0.8231292517006803,False,1.4855643044619422
2022-02-02,6am,retest,short,1.3,True,45.75,0.2786885245901639,1.0,False,0.5792349726775956,1.0338983050847457,True,False,11,64,1,2.2392373923739237,30.75,2,0.8389261744966443,False,1.0166666666666666
2022-02-02,6am,failure,short,-1.0,False,45.75,0.2786885245901639,1.0,False,0.5792349726775956,1.0338983050847457,True,False,10,1,1,1.4911660777385158,0.75,2,0.8389261744966443,False,1.0166666666666666
2022-02-02,7am,retest,long,-1.0,False,53.25,0.43661971830985913,1.0,False,0.4225352112676056,1.1639344262295082,False,False,24,1,1,1.4149274849663955,1.0,2,0.31208053691275167,True,0.9976580796252927
2022-02-02,7am,failure,long,-1.0,False,53.25,0.43661971830985913,1.0,False,0.4225352112676056,1.1639344262295082,False,False,23,1,1,1.3406392694063927,2.75,2,0.31208053691275167,True,0.9976580796252927
2022-02-03,6am,retest,short,1.3,True,61.5,0.24796747967479674,1.0,False,0.532520325203252,1.8778625954198473,True,False,38,8,1,3.723872387238724,20.75,3,0.47257383966244726,True,1.3516483516483517
2022-02-03,6am,failure,short,1.3,True,61.5,0.24796747967479674,1.0,False,0.532520325203252,1.8778625954198473,True,False,37,1,1,2.493273542600897,1.25,3,0.47257383966244726,True,1.3516483516483517
2022-02-03,6am,failure,long,-1.0,False,61.5,0.24796747967479674,1.0,False,0.532520325203252,1.8778625954198473,False,True,106,1,1,3.0496802754549925,3.75,3,1.0464135021097047,False,1.3516483516483517
2022-02-03,7am,failure,long,-1.0,False,72.0,0.11458333333333333,1.0,False,0.7118055555555556,1.170731707317073,False,False,44,1,1,3.137434955616774,4.0,3,0.959915611814346,False,1.3031674208144797
2022-02-04,6am,retest,short,1.3,True,107.75,0.9489559164733179,-1.0,False,0.382830626450116,0.9514348785871964,False,False,55,2,1,1.9682977257064094,11.5,4,0.17098445595854922,True,2.2744063324538257
2022-02-04,6am,retest,long,-1.0,False,107.75,0.9489559164733179,-1.0,False,0.382830626450116,0.9514348785871964,True,True,90,1,1,12.946236559139784,5.0,4,1.2756476683937823,False,2.2744063324538257
2022-02-04,6am,failure,short,1.3,True,107.75,0.9489559164733179,-1.0,False,0.382830626450116,0.9514348785871964,False,False,53,1,2,2.2571606475716064,1.5,4,0.17098445595854922,True,2.2744063324538257
2022-02-04,7am,retest,long,-1.0,False,117.0,0.9081196581196581,1.0,False,0.9017094017094017,1.08584686774942,False,False,30,2,1,12.946236559139784,7.25,4,1.266321243523316,False,2.0259740259740258
2022-02-07,6am,retest,short,-1.0,False,51.0,0.4950980392156863,1.0,False,0.7745098039215687,1.2911392405063291,True,False,2,1,1,,2.5,0,0.6533101045296167,True,1.0049261083743843
2022-02-07,7am,retest,short,-1.0,False,58.75,0.8042553191489362,1.0,False,0.2851063829787234,1.1519607843137254,True,False,2,3,1,,6.0,0,0.945993031358885,False,0.9936575052854123
2022-02-08,6am,retest,long,1.3,True,70.5,0.5815602836879432,-1.0,False,0.549645390070922,1.5932203389830508,True,False,15,24,1,3.714486145212206,26.0,1,1.3103448275862069,False,1.41
2022-02-08,6am,failure,long,1.3,True,70.5,0.5815602836879432,-1.0,False,0.549645390070922,1.5932203389830508,True,False,5,1,10,,1.5,1,1.3103448275862069,False,1.41
2022-02-08,7am,retest,short,1.3,True,49.0,0.24489795918367346,-1.0,False,0.46938775510204084,0.6950354609929078,False,False,6,17,1,,14.5,1,-0.04597701149425287,True,0.8252631578947368
2022-02-09,6am,retest,short,-1.0,False,54.5,0.591743119266055,1.0,False,0.45871559633027525,1.3053892215568863,True,False,4,33,3,,22.0,2,1.2122302158273381,False,1.0531400966183575
2022-02-09,7am,retest,short,1.3,True,38.25,0.5294117647058824,1.0,False,0.3660130718954248,0.7018348623853211,True,False,10,14,1,4.086444007858546,12.75,2,1.3866906474820144,False,0.6442105263157895
2022-02-10,7am,retest,short,1.3,True,33.75,0.8666666666666667,1.0,False,0.4148148148148148,1.5,True,False,4,18,1,,25.25,3,0.6344647519582245,True,0.5684210526315789
2022-02-11,6am,failure,short,-1.0,False,39.75,0.3018867924528302,-1.0,False,0.7421383647798742,1.1865671641791045,False,False,2,1,5,,2.25,4,0.46070460704607047,True,0.7429906542056075
2022-02-11,7am,retest,short,-1.0,False,102.25,0.6894865525672371,1.0,False,0.14425427872860636,2.5723270440251573,True,False,20,1,1,1.4749262536873158,5.0,4,0.9349593495934959,True,1.7221052631578948
2022-02-11,7am,failure,short,-1.0,False,102.25,0.6894865525672371,1.0,False,0.14425427872860636,2.5723270440251573,True,False,19,1,1,2.3402845449230174,3.5,4,0.9349593495934959,True,1.7221052631578948
2022-02-14,7am,failure,short,-1.0,False,200.75,0.6239103362391034,1.0,False,0.3138231631382316,3.1865079365079363,True,False,1,1,2,,1.75,0,0.8698501872659176,True,3.1801980198019804
2022-02-15,6am,failure,long,-1.0,False,59.0,0.4703389830508475,1.0,False,0.4788135593220339,1.0350877192982457,False,False,79,1,8,3.2518115942028984,0.25,1,0.08821233411397346,True,1.102803738317757
2022-02-15,7am,retest,long,-1.0,False,46.0,0.02717391304347826,1.0,True,1.0,0.7796610169491526,False,False,19,4,2,3.1411466728068156,12.5,1,0.04996096799375488,True,0.7287128712871287
2022-02-15,7am,failure,long,-1.0,False,46.0,0.02717391304347826,1.0,True,1.0,0.7796610169491526,False,False,18,1,1,1.41246585547554,1.25,1,0.04996096799375488,True,0.7287128712871287
2022-02-16,6am,retest,short,1.3,True,33.25,0.42857142857142855,1.0,True,1.0,0.6519607843137255,True,False,2,6,5,,7.75,2,0.5608247422680412,False,0.59375
2022-02-16,6am,retest,long,-1.0,False,33.25,0.42857142857142855,1.0,True,1.0,0.6519607843137255,False,True,36,1,1,2.001836547291093,7.25,2,0.7134020618556701,True,0.59375
2022-02-16,6am,failure,long,-1.0,False,33.25,0.42857142857142855,1.0,True,1.0,0.6519607843137255,False,True,35,1,1,12.975791433891992,10.5,2,0.7134020618556701,True,0.59375
2022-02-17,6am,failure,long,-1.0,False,31.5,0.06349206349206349,1.0,False,0.7619047619047619,1.0,False,True,101,1,1,3.2655709342560555,0.5,3,0.7577464788732394,False,0.5625
2022-02-17,7am,retest,long,-1.0,False,49.25,0.766497461928934,1.0,False,0.19796954314720813,1.5634920634920635,False,True,13,1,1,0.7598051781594463,3.5,3,0.6352112676056338,False,0.7801980198019802
2022-02-17,7am,failure,long,-1.0,False,49.25,0.766497461928934,1.0,False,0.19796954314720813,1.5634920634920635,False,True,12,1,1,0.927920463960232,2.75,3,0.6352112676056338,False,0.7801980198019802
2022-02-18,7am,retest,short,1.3,True,30.5,0.5491803278688525,1.0,True,1.0,0.6740331491712708,True,False,5,1,1,,2.0,4,0.8179148311306902,False,0.48316831683168315
2022-02-18,7am,failure,short,1.3,True,30.5,0.5491803278688525,1.0,True,1.0,0.6740331491712708,True,False,0,1,5,,1.25,4,0.8179148311306902,False,0.48316831683168315
2022-02-21,6am,retest,long,-1.0,False,108.25,0.5080831408775982,-1.0,False,0.3140877598152425,2.945578231292517,True,False,18,6,1,4.960030745580323,17.25,0,0.7907979870596693,False,1.9330357142857142
2022-02-21,7am,retest,long,1.3,True,103.75,0.6409638554216868,-1.0,False,0.42891566265060244,0.9584295612009238,True,False,18,25,1,4.893295069136446,48.75,0,0.9611790079079798,False,1.6435643564356435
2022-02-22,6am,retest,short,1.3,True,68.25,0.21978021978021978,-1.0,True,1.0,0.27631578947368424,False,False,15,15,1,2.3562855337965884,24.5,1,0.9114414996767938,False,1.1716738197424892
2022-02-23,6am,retest,short,-1.0,False,58.25,0.7510729613733905,-1.0,False,0.4592274678111588,1.0130434782608695,False,False,29,1,1,1.2015086206896552,1.25,2,0.6230031948881789,False,0.966804979253112
2022-02-23,6am,failure,short,-1.0,False,58.25,0.7510729613733905,-1.0,False,0.4592274678111588,1.0130434782608695,False,False,26,1,1,3.3406318423522054,2.75,2,0.6230031948881789,False,0.966804979253112
2022-02-24,6am,retest,long,-1.0,False,92.0,0.17391304347826086,1.0,False,0.529891304347826,0.8720379146919431,False,False,35,4,1,1.4226278351899073,10.5,3,0.9090447154471545,False,1.5692963752665245
2022-02-24,6am,failure,long,-1.0,False,92.0,0.17391304347826086,1.0,False,0.529891304347826,0.8720379146919431,False,False,33,1,1,1.5774804905239688,4.0,3,0.9090447154471545,False,1.5692963752665245
2022-02-24,7am,retest,long,1.3,True,107.75,0.6937354988399071,-1.0,False,0.8445475638051044,1.171195652173913,True,False,15,3,1,2.731736348757625,16.5,3,0.943089430894309,False,1.5672727272727274
2022-02-24,7am,failure,long,1.3,True,107.75,0.6937354988399071,-1.0,False,0.8445475638051044,1.171195652173913,True,False,8,1,1,,2.5,3,0.943089430894309,False,1.5672727272727274
2022-02-25,6am,retest,short,-1.0,False,112.75,0.1130820399113082,-1.0,False,0.5631929046563193,1.7755905511811023,False,False,18,1,8,2.9761138404201253,13.75,4,1.0165745856353592,True,1.9232409381663114
2022-02-25,7am,retest,short,1.3,True,141.75,0.7707231040564374,1.0,False,0.43033509700176364,1.2572062084257207,True,False,19,41,2,2.0483604623732012,82.5,4,1.462707182320442,False,2.0142095914742453
2022-02-28,6am,failure,short,-1.0,False,70.5,0.19148936170212766,-1.0,False,0.7127659574468085,1.0483271375464684,False,False,19,1,1,0.883804143126177,1.0,0,0.956343792633015,False,1.2025586353944564
2022-02-28,7am,retest,long,1.3,True,80.0,0.31875,1.0,False,0.565625,1.1347517730496455,False,False,35,5,1,2.297720160929817,13.5,0,0.16712141882673942,True,1.1208406304728546
2022-03-01,6am,retest,short,-1.0,False,94.75,0.5936675461741425,-1.0,False,0.7941952506596306,1.2591362126245846,False,False,88,50,1,3.4334052081605573,45.0,1,0.3424242424242424,True,1.5726141078838174
2022-03-02,6am,retest,long,-1.0,False,56.25,0.17333333333333334,1.0,True,1.0,0.78125,False,False,30,26,1,8.544041450777202,19.75,2,0.25374732334047106,True,0.9336099585062241
2022-03-02,7am,retest,long,-1.0,False,63.75,0.2901960784313726,-1.0,False,0.6901960784313725,1.1333333333333333,True,False,8,80,1,,61.25,2,0.33832976445396146,True,0.8388157894736842
2022-03-04,6am,retest,short,-1.0,False,47.25,0.18518518518518517,1.0,False,0.9788359788359788,0.5542521994134897,True,True,90,2,1,16.64509706321553,63.5,4,0.5897435897435898,True,0.8059701492537313
2022-03-04,6am,retest,long,-1.0,False,47.25,0.18518518518518517,1.0,False,0.9788359788359788,0.5542521994134897,False,False,11,4,1,2.2709276018099547,11.25,4,0.5487179487179488,False,0.8059701492537313
2022-03-04,7am,retest,short,-1.0,False,69.0,0.11956521739130435,1.0,False,0.605072463768116,1.4603174603174602,True,False,8,1,21,,8.0,4,0.5736263736263736,True,0.9667250437828371
2022-03-07,7am,retest,short,-1.0,False,123.75,0.4686868686868687,1.0,False,0.03838383838383838,1.3904494382022472,True,False,35,3,1,3.1549917264202976,16.25,0,1.0509013785790031,True,1.7710196779964222
2022-03-08,6am,retest,short,1.3,True,57.25,0.13973799126637554,1.0,True,1.0,0.7483660130718954,True,False,3,29,1,,66.25,1,0.9232158988256549,False,0.976545842217484
2022-03-08,6am,retest,long,-1.0,False,57.25,0.13973799126637554,1.0,True,1.0,0.7483660130718954,False,True,50,1,1,2.204831575365771,3.5,1,0.2836495031616983,True,0.976545842217484
2022-03-08,6am,failure,short,-1.0,False,57.25,0.13973799126637554,1.0,True,1.0,0.7483660130718954,True,False,0,1,3,,4.25,1,0.9232158988256549,False,0.976545842217484
2022-03-08,7am,retest,long,-1.0,False,132.0,0.3068181818181818,-1.0,False,0.4337121212121212,2.3056768558951966,True,False,1,1,8,,8.5,1,0.3143631436314363,True,1.889087656529517
2022-03-09,6am,retest,short,-1.0,False,78.25,0.0670926517571885,-1.0,False,0.805111821086262,1.242063492063492,False,True,60,4,4,4.118926758520667,16.75,2,1.0185062789160608,False,1.3347547974413647
2022-03-09,6am,failure,long,1.3,True,78.25,0.0670926517571885,-1.0,False,0.805111821086262,1.242063492063492,True,False,0,1,1,,2.75,2,0.18836748182419036,True,1.3347547974413647
2022-03-09,7am,retest,short,-1.0,False,82.5,0.6121212121212121,1.0,False,0.9030303030303031,1.0543130990415335,True,False,0,4,1,,20.5,2,1.0085922009253139,False,1.1702127659574468
2022-03-10,6am,retest,long,1.3,True,77.0,0.461038961038961,-1.0,False,0.32142857142857145,1.1535580524344569,True,False,4,2,1,,4.0,3,1.2655654383735706,False,1.2780082987551866
2022-03-10,7am,retest,short,-1.0,False,67.5,0.4666666666666667,-1.0,False,0.7518518518518519,0.8766233766233766,False,True,30,1,1,10.79885154534707,28.75,3,-0.007623888182973317,True,0.8881578947368421
2022-03-10,7am,failure,long,1.3,True,67.5,0.4666666666666667,-1.0,False,0.7518518518518519,0.8766233766233766,True,False,8,1,1,,3.5,3,1.3506988564167726,False,0.8881578947368421
2022-03-11,7am,retest,long,-1.0,False,66.75,0.6104868913857678,-1.0,True,1.0,0.2744090441932169,True,False,12,14,1,1.5375552282768779,27.0,4,-0.33043478260869563,True,0.8959731543624161
2022-03-14,6am,retest,long,-1.0,False,54.5,0.46788990825688076,-1.0,True,1.0,0.45134575569358176,True,False,4,1,1,,5.5,0,0.5408805031446541,True,0.8565815324165029
2022-03-15,6am,retest,short,-1.0,False,99.0,0.6893939393939394,1.0,False,0.4166666666666667,1.010204081632653,True,False,6,1,1,,7.75,1,0.7876106194690266,True,1.6886993603411513
2022-03-15,6am,failure,short,-1.0,False,99.0,0.6893939393939394,1.0,False,0.4166666666666667,1.010204081632653,True,False,5,1,1,,0.25,1,0.7876106194690266,True,1.6886993603411513
2022-03-15,7am,failure,short,-1.0,False,66.25,0.05660377358490566,1.0,False,0.6339622641509434,0.6691919191919192,True,False,22,1,1,1.8276602269242563,2.75,1,0.9102402022756005,True,0.9706959706959707
2022-03-16,6am,failure,long,1.3,True,51.25,0.47317073170731705,1.0,False,0.6829268292682927,1.1647727272727273,False,False,15,1,1,1.8607594936708862,2.25,2,0.12205754141238012,True,0.8055009823182712
2022-03-16,7am,retest,short,1.3,True,41.5,0.14457831325301204,1.0,False,0.9156626506024096,0.8097560975609757,True,False,0,4,3,,7.75,2,1.010462074978204,False,0.608058608058608
2022-03-17,7am,retest,long,-1.0,False,62.75,0.32270916334661354,-1.0,False,0.9402390438247012,0.6895604395604396,True,False,42,6,1,1.3310827103930551,14.25,3,1.1953125,False,0.9194139194139194
2022-03-17,7am,failure,long,-1.0,False,62.75,0.32270916334661354,-1.0,False,0.9402390438247012,0.6895604395604396,True,False,41,1,1,1.6496350364963503,4.25,3,1.1953125,False,0.9194139194139194
2022-03-18,6am,retest,long,-1.0,False,45.5,0.34065934065934067,-1.0,False,0.9395604395604396,1.064327485380117,True,False,8,6,11,,13.25,4,0.7281323877068558,False,0.7761194029850746
2022-03-18,6am,failure,short,1.3,True,45.5,0.34065934065934067,-1.0,False,0.9395604395604396,1.064327485380117,False,True,148,1,1,4.796349877587358,5.75,4,0.7021276595744681,True,0.7761194029850746
2022-03-18,7am,failure,short,1.3,True,38.75,0.4645161290322581,-1.0,False,0.5290322580645161,0.8516483516483516,False,False,27,1,1,1.3689776733254995,0.5,4,0.4657210401891253,True,0.5677655677655677
2022-03-21,6am,retest,short,1.3,True,30.0,0.06666666666666667,-1.0,True,1.0,0.4838709677419355,False,False,4,82,1,,50.75,0,0.552734375,True,0.511727078891258
2022-03-21,7am,retest,long,1.3,True,64.75,0.555984555984556,1.0,False,0.21621621621621623,2.158333333333333,False,False,60,3,1,1.8858560794044665,6.25,0,0.556640625,False,0.9487179487179487
2022-03-21,7am,failure,long,1.3,True,64.75,0.555984555984556,1.0,False,0.21621621621621623,2.158333333333333,False,False,47,1,11,1.9339622641509435,3.0,0,0.556640625,False,0.9487179487179487
2022-03-22,6am,retest,long,-1.0,False,39.5,0.08860759493670886,1.0,False,0.6329113924050633,1.0,False,False,18,10,7,0.9031931069437404,9.25,1,0.34894991922455576,True,0.673773987206823
2022-03-22,6am,failure,long,-1.0,False,39.5,0.08860759493670886,1.0,False,0.6329113924050633,1.0,False,False,8,1,5,,1.0,1,0.34894991922455576,True,0.673773987206823
2022-03-22,7am,retest,long,-1.0,False,43.25,0.8554913294797688,-1.0,False,0.6820809248554913,1.0949367088607596,True,False,8,1,1,,3.5,1,0.4378029079159935,False,0.6443202979515829
2022-03-22,7am,failure,long,-1.0,False,43.25,0.8554913294797688,-1.0,False,0.6820809248554913,1.0949367088607596,True,False,2,1,6,,1.75,1,0.4378029079159935,False,0.6443202979515829
2022-03-23,6am,retest,long,-1.0,False,42.75,0.45614035087719296,-1.0,False,0.43859649122807015,0.7402597402597403,True,False,21,13,1,2.0242914979757085,11.5,2,1.2546419098143236,False,0.7402597402597403
2022-03-23,7am,retest,long,1.3,True,52.5,0.5619047619047619,-1.0,False,0.4380952380952381,1.2280701754385965,True,False,52,8,5,4.013641133263379,9.25,2,1.5676392572944298,False,0.7894736842105263
2022-03-25,6am,retest,short,1.3,True,41.5,0.7771084337349398,1.0,False,0.23493975903614459,0.70042194092827,True,False,22,103,1,1.4832089552238805,42.25,4,0.8695652173913043,False,0.7186147186147186
2022-03-25,6am,failure,short,-1.0,False,41.5,0.7771084337349398,1.0,False,0.23493975903614459,0.70042194092827,True,False,12,1,10,4.542299349240781,4.25,4,0.8695652173913043,False,0.7186147186147186
2022-03-25,7am,retest,long,-1.0,False,62.75,0.5338645418326693,1.0,False,0.32669322709163345,1.5120481927710843,False,False,80,1,1,2.247774480712166,1.5,4,0.3002070393374741,True,0.943609022556391
2022-03-28,6am,retest,short,-1.0,False,46.25,0.5621621621621622,1.0,False,0.6756756756756757,0.8726415094339622,True,False,1,110,1,,63.5,0,0.7474120082815735,True,0.8008658008658008
2022-03-28,6am,failure,short,-1.0,False,46.25,0.5621621621621622,1.0,False,0.6756756756756757,0.8726415094339622,True,False,0,1,1,,2.25,0,0.7474120082815735,True,0.8008658008658008
2022-03-29,6am,retest,short,1.3,True,38.25,0.7124183006535948,-1.0,True,1.0,0.5666666666666667,False,True,43,1,1,2.346820809248555,3.0,1,0.7948717948717948,False,0.6740088105726872
2022-03-29,6am,failure,long,1.3,True,38.25,0.7124183006535948,-1.0,True,1.0,0.5666666666666667,True,False,32,1,1,2.109704641350211,3.25,1,0.5069033530571992,True,0.6740088105726872
2022-03-29,7am,retest,short,-1.0,False,87.25,0.6962750716332379,1.0,False,0.4383954154727794,2.281045751633987,True,False,4,2,1,,3.75,1,1.1341222879684418,False,1.3120300751879699
2022-03-30,6am,retest,short,1.3,True,40.75,0.294478527607362,-1.0,False,0.49693251533742333,1.963855421686747,False,False,17,1,2,0.8142235123367199,0.5,2,0.3080260303687636,True,0.7358916478555305
2022-03-30,6am,failure,short,1.3,True,40.75,0.294478527607362,-1.0,False,0.49693251533742333,1.963855421686747,False,False,2,1,1,,2.25,2,0.3080260303687636,True,0.7358916478555305
2022-03-30,6am,failure,long,1.3,True,40.75,0.294478527607362,-1.0,False,0.49693251533742333,1.963855421686747,True,True,80,1,1,1.7995396526469973,3.75,2,1.0455531453362257,False,0.7358916478555305
2022-03-31,6am,retest,long,-1.0,False,30.75,0.7317073170731707,-1.0,False,0.45528455284552843,1.732394366197183,True,False,7,2,1,,4.5,3,0.826865671641791,True,0.5815602836879432
2022-03-31,6am,failure,long,-1.0,False,30.75,0.7317073170731707,-1.0,False,0.45528455284552843,1.732394366197183,True,False,0,1,7,,0.25,3,0.826865671641791,True,0.5815602836879432
2022-03-31,7am,retest,short,1.3,True,44.25,0.04519774011299435,1.0,False,0.22598870056497175,1.4390243902439024,True,False,8,2,2,,3.75,3,0.29253731343283584,False,0.659217877094972
2022-04-01,6am,retest,long,1.3,True,23.0,0.043478260869565216,1.0,False,0.4782608695652174,0.5542168674698795,False,False,11,4,1,2.7712519319938176,4.5,4,0.20388349514563106,True,0.467005076142132
2022-04-01,7am,retest,short,1.3,True,19.5,0.23076923076923078,1.0,False,0.717948717948718,0.8478260869565217,True,False,22,1,1,0.8720651653090561,1.5,4,0.9773462783171522,False,0.2932330827067669
2022-04-04,6am,retest,long,1.3,True,27.75,0.08108108108108109,-1.0,False,0.4864864864864865,0.578125,True,False,2,1,1,,2.5,0,0.10909090909090909,True,0.5935828877005348
2022-04-04,7am,retest,long,-1.0,False,26.25,0.4,1.0,False,0.7714285714285715,0.9459459459459459,False,True,30,1,7,1.490169023801311,2.75,0,0.15757575757575756,True,0.40076335877862596
2022-04-04,7am,failure,long,-1.0,False,26.25,0.4,1.0,False,0.7714285714285715,0.9459459459459459,False,True,29,1,1,2.2953216374269005,2.25,0,0.15757575757575756,True,0.40076335877862596
2022-04-05,6am,retest,long,-1.0,False,35.25,0.15602836879432624,-1.0,False,0.48226950354609927,0.9276315789473685,True,True,84,1,2,4.4983461962513775,2.0,1,1.263537906137184,False,0.7683923705722071
2022-04-05,6am,failure,short,1.3,True,35.25,0.15602836879432624,-1.0,False,0.48226950354609927,0.9276315789473685,False,False,62,1,2,3.4111158252015277,1.75,1,0.24548736462093862,True,0.7683923705722071
2022-04-05,7am,retest,long,-1.0,False,29.5,0.211864406779661,1.0,True,1.0,0.8368794326241135,False,True,24,2,1,4.4983461962513775,7.25,1,1.1913357400722022,False,0.4591439688715953
2022-04-05,7am,failure,short,1.3,True,29.5,0.211864406779661,1.0,True,1.0,0.8368794326241135,True,False,2,1,1,,2.5,1,0.23465703971119134,True,0.4591439688715953
2022-04-08,6am,retest,short,1.3,True,48.5,0.2422680412371134,1.0,False,0.5773195876288659,1.7321428571428572,True,False,6,8,3,,5.75,4,0.5682730923694779,False,1.0991501416430596
2022-04-11,6am,retest,long,-1.0,False,63.0,0.2698412698412698,1.0,False,0.7142857142857143,1.1004366812227073,False,False,42,8,1,3.6686746987951806,10.5,0,0.887292817679558,False,1.4277620396600565
2022-04-11,7am,retest,long,-1.0,False,68.25,0.8241758241758241,-1.0,False,0.8461538461538461,1.0833333333333333,True,False,6,45,1,,42.75,0,0.9337016574585635,False,1.0790513833992095
2022-04-12,6am,retest,short,-1.0,False,37.75,0.40397350993377484,-1.0,True,1.0,0.634453781512605,False,True,65,24,1,4.030801911842804,19.75,1,0.9860383944153578,False,0.8555240793201133
2022-04-12,6am,retest,long,-1.0,False,37.75,0.40397350993377484,-1.0,True,1.0,0.634453781512605,True,False,5,1,1,,0.75,1,0.2774869109947644,True,0.8555240793201133
2022-04-12,7am,failure,short,-1.0,False,48.25,0.3626943005181347,1.0,False,0.5958549222797928,1.2781456953642385,True,False,0,1,4,,3.0,1,0.9232111692844677,False,0.7568627450980392
2022-04-13,6am,retest,short,1.3,True,56.0,0.8348214285714286,1.0,True,1.0,0.6726726726726727,True,False,3,21,4,,16.5,2,0.6836248012718601,False,1.3293768545994065
2022-04-13,6am,retest,long,-1.0,False,56.0,0.8348214285714286,1.0,True,1.0,0.6726726726726727,False,True,55,1,1,2.525577316574101,2.25,2,0.6724960254372019,True,1.3293768545994065
2022-04-13,7am,retest,long,-1.0,False,91.75,0.7084468664850136,-1.0,False,0.6103542234332425,1.6383928571428572,True,False,4,1,1,,1.0,2,0.794912559618442,True,1.4621513944223108
2022-04-13,7am,failure,long,-1.0,False,91.75,0.7084468664850136,-1.0,False,0.6103542234332425,1.6383928571428572,True,False,0,1,4,,1.5,2,0.794912559618442,True,1.4621513944223108
2022-04-14,6am,retest,long,1.3,True,47.75,0.3403141361256545,-1.0,False,0.6649214659685864,1.5039370078740157,True,False,54,1,1,2.0672137553731926,7.25,3,1.1179941002949854,True,1.1335311572700297
2022-04-14,7am,retest,long,1.3,True,53.5,0.3925233644859813,-1.0,False,0.8037383177570093,1.1204188481675392,True,False,47,1,1,1.1824080749819754,2.5,3,1.2418879056047198,False,0.852589641434263
2022-04-18,6am,retest,short,1.3,True,31.0,0.6612903225806451,1.0,False,0.6774193548387096,0.8211920529801324,True,False,0,68,1,,43.75,0,0.5523672883787661,True,0.7359050445103857
2022-04-18,7am,retest,long,1.3,True,54.25,0.4377880184331797,1.0,False,0.1935483870967742,1.75,False,False,14,6,1,0.8668730650154799,13.25,0,0.5078909612625538,False,0.9333333333333333
2022-04-18,7am,failure,long,1.3,True,54.25,0.4377880184331797,1.0,False,0.1935483870967742,1.75,False,False,12,1,1,6.096774193548387,5.75,0,0.5078909612625538,False,0.9333333333333333
2022-04-19,6am,retest,short,-1.0,False,54.5,0.536697247706422,1.0,False,0.5458715596330275,1.2386363636363635,True,False,1,5,3,,10.0,1,0.3599476439790576,True,1.325227963525836
2022-04-19,7am,retest,short,1.3,True,49.0,0.6326530612244898,1.0,False,0.32142857142857145,0.8990825688073395,True,False,5,13,1,,17.0,1,0.5340314136125655,True,0.9095127610208816
2022-04-19,7am,retest,long,-1.0,False,49.0,0.6326530612244898,1.0,False,0.32142857142857145,0.8990825688073395,False,True,65,18,2,3.3597213426219126,35.0,1,0.7225130890052356,False,0.9095127610208816
2022-04-21,6am,retest,short,-1.0,False,45.75,0.5901639344262295,1.0,False,0.8907103825136612,0.9838709677419355,True,False,25,19,8,1.7102315160567587,14.0,3,0.9536290322580645,False,1.1124620060790273
2022-04-21,6am,failure,short,-1.0,False,45.75,0.5901639344262295,1.0,False,0.8907103825136612,0.9838709677419355,True,False,21,1,1,1.34032197678772,0.75,3,0.9536290322580645,False,1.1124620060790273
2022-04-21,7am,retest,short,1.3,True,47.5,0.4263157894736842,1.0,False,0.6578947368421053,1.0382513661202186,True,False,1,4,1,,4.75,3,1.0846774193548387,False,0.8962264150943396
2022-04-22,6am,retest,short,-1.0,False,45.5,0.4175824175824176,1.0,False,0.989010989010989,0.629757785467128,True,False,7,126,1,,83.5,4,0.5750421585160203,True,1.1063829787234043
2022-04-22,7am,retest,short,1.3,True,73.25,0.9010238907849829,1.0,False,0.22525597269624573,1.60989010989011,True,False,15,18,2,1.1913646055437102,26.75,4,0.9578414839797639,False,1.4433497536945812
2022-04-22,7am,failure,short,1.3,True,73.25,0.9010238907849829,1.0,False,0.22525597269624573,1.60989010989011,True,False,0,1,1,,4.5,4,0.9578414839797639,False,1.4433497536945812
2022-04-25,6am,retest,short,-1.0,False,44.5,0.09550561797752809,1.0,True,1.0,0.6379928315412187,True,True,90,1,9,1.9957234497505345,9.0,0,0.45,True,1.082066869300912
2022-04-25,6am,retest,long,-1.0,False,44.5,0.09550561797752809,1.0,True,1.0,0.6379928315412187,False,False,10,1,1,1.6137566137566137,5.5,0,0.828125,False,1.082066869300912
2022-04-25,6am,failure,short,1.3,True,44.5,0.09550561797752809,1.0,True,1.0,0.6379928315412187,True,True,85,1,1,0.8941659337437701,0.75,0,0.45,True,1.082066869300912
2022-04-25,7am,retest,short,-1.0,False,81.5,0.03987730061349693,-1.0,False,0.4662576687116564,1.8314606741573034,False,False,24,3,2,1.6778002174926208,7.25,0,0.409375,True,1.6059113300492611
2022-04-26,6am,retest,long,-1.0,False,40.25,0.6583850931677019,-1.0,False,0.6273291925465838,1.0320512820512822,True,False,0,20,12,,17.75,1,0.7112211221122112,False,0.9554896142433235
2022-04-26,7am,retest,long,1.3,True,34.5,0.2971014492753623,1.0,False,0.4855072463768116,0.8571428571428571,False,True,37,2,1,5.7334826427771555,10.0,1,0.8283828382838284,False,0.6509433962264151
2022-04-26,7am,failure,short,1.3,True,34.5,0.2971014492753623,1.0,False,0.4855072463768116,0.8571428571428571,True,False,0,1,3,,1.25,1,0.39933993399339934,True,0.6509433962264151
2022-04-27,7am,retest,long,1.3,True,131.5,0.8041825095057035,-1.0,False,0.33079847908745247,2.2869565217391306,True,False,65,13,1,4.34299986124601,22.75,2,0.5528255528255528,True,2.5911330049261085
2022-04-28,6am,retest,short,-1.0,False,44.0,0.3693181818181818,-1.0,False,0.4431818181818182,0.5986394557823129,False,False,4,2,1,,5.25,3,0.7482517482517482,False,1.0445103857566767
2022-04-28,6am,retest,long,-1.0,False,44.0,0.3693181818181818,-1.0,False,0.4431818181818182,0.5986394557823129,True,True,65,36,2,2.8162973552537527,43.25,3,0.4568764568764569,True,1.0445103857566767
2022-04-28,6am,failure,long,-1.0,False,44.0,0.3693181818181818,-1.0,False,0.4431818181818182,0.5986394557823129,True,True,64,1,1,2.4685534591194966,2.75,3,0.4568764568764569,True,1.0445103857566767
2022-04-28,7am,retest,long,-1.0,False,60.25,0.08713692946058091,-1.0,False,0.6265560165975104,1.3693181818181819,True,False,1,1,2,,5.0,3,0.42773892773892774,True,1.1367924528301887
2022-04-29,6am,retest,long,-1.0,False,57.75,0.354978354978355,-1.0,False,0.6277056277056277,1.0845070422535212,True,False,12,4,1,2.5188431200701142,12.25,4,0.5695159629248198,True,1.3508771929824561
2022-04-29,6am,failure,long,-1.0,False,57.75,0.354978354978355,-1.0,False,0.6277056277056277,1.0845070422535212,True,False,3,1,9,,0.75,4,0.5695159629248198,True,1.3508771929824561
2022-04-29,7am,retest,long,1.3,True,59.75,0.5104602510460251,-1.0,False,0.4435146443514644,1.0346320346320346,True,True,74,1,1,2.8996809641970933,10.25,4,0.7064881565396498,True,1.1273584905660377
2022-05-02,6am,failure,long,-1.0,False,41.75,0.03592814371257485,-1.0,False,0.844311377245509,0.9488636363636364,True,False,9,1,1,,0.25,0,0.47919655667144906,True,0.943502824858757
2022-05-03,6am,retest,short,1.3,True,86.0,0.7209302325581395,-1.0,False,0.40406976744186046,2.356164383561644,False,True,75,1,1,2.41185296324081,5.75,1,0.42657342657342656,True,2.0058309037900877
2022-05-04,6am,retest,short,1.3,True,24.75,0.1717171717171717,1.0,False,0.43434343434343436,0.7226277372262774,True,False,23,20,1,6.121562952243126,14.5,2,0.9310344827586207,False,0.559322033898305
2022-05-04,6am,retest,long,-1.0,False,24.75,0.1717171717171717,1.0,False,0.43434343434343436,0.7226277372262774,False,True,81,1,2,4.639943242284499,6.5,2,0.4482758620689655,True,0.559322033898305
2022-05-04,7am,retest,long,-1.0,False,35.5,0.07042253521126761,1.0,False,0.5915492957746479,1.4343434343434343,False,False,21,2,1,4.639943242284499,10.25,2,0.39080459770114945,True,0.6589327146171694
2022-05-04,7am,failure,long,-1.0,False,35.5,0.07042253521126761,1.0,False,0.5915492957746479,1.4343434343434343,False,False,20,1,1,2.325233644859813,0.5,2,0.39080459770114945,True,0.6589327146171694
2022-05-05,6am,retest,long,1.3,True,38.5,0.21428571428571427,-1.0,False,0.7792207792207793,0.9333333333333333,True,True,31,3,1,1.1265260821309657,5.5,3,0.8058823529411765,False,0.8700564971751412
2022-05-05,6am,failure,short,1.3,True,38.5,0.21428571428571427,-1.0,False,0.7792207792207793,0.9333333333333333,False,True,12,1,3,1.1920219006648416,3.0,3,0.42058823529411765,True,0.8700564971751412
2022-05-05,7am,failure,long,-1.0,False,47.0,0.17553191489361702,1.0,False,0.8191489361702128,1.2207792207792207,False,True,50,1,1,2.0820021299254523,4.5,3,0.8382352941176471,False,0.8723897911832946
2022-05-06,6am,retest,short,-1.0,False,51.25,0.48292682926829267,-1.0,False,0.9170731707317074,0.8723404255319149,False,True,90,1,1,11.919458035378247,58.75,4,0.5565371024734982,True,1.1581920903954803
2022-05-06,6am,retest,long,-1.0,False,51.25,0.48292682926829267,-1.0,False,0.9170731707317074,0.8723404255319149,True,False,1,1,2,,2.25,4,0.8056537102473498,False,1.1581920903954803
2022-05-06,7am,retest,short,-1.0,False,67.5,0.26666666666666666,-1.0,False,0.2814814814814815,1.3170731707317074,False,False,8,6,1,,8.75,4,0.3286219081272085,True,1.3170731707317074
2022-05-06,7am,retest,long,1.3,True,67.5,0.26666666666666666,-1.0,False,0.2814814814814815,1.3170731707317074,True,True,59,1,4,1.901098901098901,10.75,4,1.1484098939929328,False,1.3170731707317074
2022-05-09,6am,retest,short,-1.0,False,98.25,0.7022900763358778,-1.0,False,0.35368956743002544,1.113314447592068,False,True,101,1,9,2.3529411764705883,7.0,0,0.16889428918590524,True,2.183333333333333
2022-05-09,6am,retest,long,1.3,True,98.25,0.7022900763358778,-1.0,False,0.35368956743002544,1.113314447592068,True,False,20,13,1,2.5681750074917593,24.25,0,1.3086269744835966,False,2.183333333333333
2022-05-09,7am,retest,short,-1.0,False,81.25,0.3076923076923077,1.0,False,0.7015384615384616,0.8269720101781171,True,False,5,5,1,,30.0,0,-0.031591737545565005,True,1.5853658536585367
2022-05-10,6am,retest,short,-1.0,False,44.5,0.3539325842696629,-1.0,False,0.6629213483146067,0.6666666666666666,False,True,68,1,1,2.316870563359009,6.75,1,0.882306477093207,False,0.9753424657534246
2022-05-10,6am,retest,long,-1.0,False,44.5,0.3539325842696629,-1.0,False,0.6629213483146067,0.6666666666666666,True,False,2,46,2,,43.25,1,0.25829383886255924,True,0.9753424657534246
2022-05-10,6am,failure,long,-1.0,False,44.5,0.3539325842696629,-1.0,False,0.6629213483146067,0.6666666666666666,True,False,0,1,2,,2.5,1,0.25829383886255924,True,0.9753424657534246
2022-05-11,6am,retest,short,1.3,True,64.5,0.2248062015503876,1.0,False,0.5193798449612403,1.9253731343283582,True,False,22,1,1,2.448566610455312,2.25,2,1.0628019323671498,False,1.4136986301369863
2022-05-12,6am,retest,long,-1.0,False,58.25,0.5407725321888412,1.0,False,0.721030042918455,0.8503649635036497,False,True,48,53,1,1.7166710148708584,64.5,3,0.9049327354260089,False,1.2767123287671234
2022-05-13,6am,retest,short,-1.0,False,49.0,0.3673469387755102,1.0,False,0.8469387755102041,0.9158878504672897,True,False,44,7,1,2.301943198804185,25.5,4,0.9385281385281385,False,1.073972602739726
2022-05-13,6am,failure,short,-1.0,False,49.0,0.3673469387755102,1.0,False,0.8469387755102041,0.9158878504672897,True,False,36,1,5,1.6732751784298177,1.5,4,0.9385281385281385,False,1.073972602739726
2022-05-13,7am,retest,long,-1.0,False,71.5,0.6188811188811189,1.0,False,0.3706293706293706,1.4591836734693877,False,False,80,1,3,1.3996478873239435,1.75,4,0.15324675324675324,True,1.3271461716937354
2022-05-16,6am,retest,short,-1.0,False,36.0,0.7222222222222222,1.0,True,1.0,0.5313653136531366,True,False,5,1,1,,3.75,0,0.36964618249534453,True,0.7700534759358288
2022-05-16,7am,failure,long,1.3,True,32.25,0.35658914728682173,1.0,False,0.5426356589147286,0.8958333333333334,False,True,80,1,1,3.852526926263463,1.75,0,0.6955307262569832,False,0.5657894736842105
2022-05-17,6am,retest,long,-1.0,False,59.5,0.7815126050420168,-1.0,False,0.8739495798319328,1.1442307692307692,True,False,0,10,4,,16.5,1,0.17868852459016393,True,1.3041095890410959
2022-05-17,7am,retest,long,-1.0,False,41.5,0.22289156626506024,-1.0,False,0.6024096385542169,0.6974789915966386,True,False,10,1,1,2.6914563966356795,2.25,1,0.23278688524590163,True,0.7280701754385965
2022-05-18,6am,failure,long,-1.0,False,59.5,0.5,-1.0,False,0.6764705882352942,1.4782608695652173,True,False,4,1,1,,2.25,2,0.9628252788104089,False,1.3041095890410959
2022-05-18,7am,retest,long,-1.0,False,80.75,0.8421052631578947,-1.0,False,0.3065015479876161,1.3571428571428572,True,False,41,5,1,2.177734375,10.0,2,1.379182156133829,False,1.4166666666666667
2022-05-19,6am,retest,short,-1.0,False,92.0,0.8722826086956522,1.0,False,0.41304347826086957,1.6727272727272726,True,False,22,53,3,1.0844068448375312,46.5,3,0.43687374749499,True,1.9419525065963061
2022-05-19,6am,failure,short,-1.0,False,92.0,0.8722826086956522,1.0,False,0.41304347826086957,1.6727272727272726,True,False,0,1,21,,4.5,3,0.43687374749499,True,1.9419525065963061
2022-05-19,7am,retest,short,-1.0,False,87.5,0.4257142857142857,1.0,False,0.4685714285714286,0.9510869565217391,True,False,71,4,1,1.29552840972767,21.75,3,0.6232464929859719,True,1.5350877192982457
2022-05-20,6am,retest,short,1.3,True,34.75,0.26618705035971224,-1.0,False,0.8705035971223022,0.6435185185185185,False,True,51,5,1,2.8003003003003006,12.25,4,0.8822800495662949,False,0.7335092348284961
2022-05-20,6am,retest,long,-1.0,False,34.75,0.26618705035971224,-1.0,False,0.8705035971223022,0.6435185185185185,True,False,0,1,1,,6.0,4,0.2899628252788104,True,0.7335092348284961
2022-05-20,7am,retest,long,-1.0,False,61.25,0.27346938775510204,1.0,False,0.5673469387755102,1.7625899280575539,False,False,48,4,1,2.5424466695690033,12.25,4,0.36059479553903345,True,1.0208333333333333
2022-05-23,6am,retest,long,-1.0,False,87.75,0.8176638176638177,1.0,False,0.6495726495726496,1.3346007604562737,False,False,114,1,7,1.52186703275152,0.5,0,0.8521970705725699,True,1.8571428571428572
2022-05-23,7am,retest,long,-1.0,False,70.75,0.6395759717314488,-1.0,True,1.0,0.8062678062678063,True,False,32,3,9,1.8422018348623854,9.5,0,0.7683089214380826,True,1.1791666666666667
2022-05-24,6am,retest,short,1.3,True,35.5,0.07042253521126761,1.0,False,0.647887323943662,0.6604651162790698,True,False,8,30,1,,29.5,1,0.5714285714285714,True,0.7082294264339152
2022-05-24,6am,retest,long,1.3,True,35.5,0.07042253521126761,1.0,False,0.647887323943662,0.6604651162790698,False,True,81,5,4,1.522108843537415,7.5,1,0.6443768996960486,False,0.7082294264339152
2022-05-24,6am,failure,long,1.3,True,35.5,0.07042253521126761,1.0,False,0.647887323943662,0.6604651162790698,False,True,67,1,2,3.1275720164609053,0.25,1,0.6443768996960486,False,0.7082294264339152
2022-05-24,7am,retest,long,1.3,True,54.0,0.08796296296296297,1.0,False,0.4537037037037037,1.5211267605633803,False,False,7,5,1,,12.0,1,0.5775075987841946,False,0.8888888888888888
2022-05-24,7am,failure,long,1.3,True,54.0,0.08796296296296297,1.0,False,0.4537037037037037,1.5211267605633803,False,False,2,1,5,,0.5,1,0.5775075987841946,False,0.8888888888888888
2022-05-26,6am,retest,short,-1.0,False,48.25,0.20725388601036268,1.0,False,0.5906735751295337,0.7174721189591078,True,False,3,3,1,,9.75,3,0.797945205479452,False,0.9625935162094763
2022-05-26,6am,failure,short,-1.0,False,48.25,0.20725388601036268,1.0,False,0.5906735751295337,0.7174721189591078,True,False,2,1,1,,7.25,3,0.797945205479452,False,0.9625935162094763
2022-05-26,6am,failure,long,1.3,True,48.25,0.20725388601036268,1.0,False,0.5906735751295337,0.7174721189591078,False,True,146,1,1,1.2031598136520154,0.5,3,0.5325342465753424,True,0.9625935162094763
2022-05-26,7am,failure,long,1.3,True,76.5,0.38562091503267976,1.0,False,0.27124183006535946,1.5854922279792747,False,False,30,1,1,6.011484098939929,11.25,3,0.3441780821917808,True,1.2592592592592593
2022-05-27,6am,retest,long,-1.0,False,42.25,0.23668639053254437,-1.0,True,1.0,0.6353383458646616,True,False,21,5,1,2.627450980392157,10.5,4,0.34761120263591433,True,0.8428927680798005
2022-05-27,6am,failure,long,-1.0,False,42.25,0.23668639053254437,-1.0,True,1.0,0.6353383458646616,True,False,19,1,2,2.2588235294117647,0.25,4,0.34761120263591433,True,0.8428927680798005
2022-05-30,6am,retest,long,-1.0,False,60.75,0.3786008230452675,-1.0,False,0.49794238683127573,1.463855421686747,True,False,86,1,1,2.8434657730971757,8.0,0,0.34244946492271106,True,1.2119700748129676
2022-05-30,6am,failure,long,-1.0,False,60.75,0.3786008230452675,-1.0,False,0.49794238683127573,1.463855421686747,True,False,82,1,1,1.6125860373647984,2.25,0,0.34244946492271106,True,1.2119700748129676
2022-05-30,7am,failure,long,-1.0,False,21.0,0.4880952380952381,-1.0,True,1.0,0.345679012345679,True,False,5,1,3,,0.75,0,0.26634958382877527,True,0.3262135922330097
2022-05-31,6am,retest,short,1.3,True,70.5,0.24468085106382978,1.0,False,0.9822695035460993,0.6844660194174758,True,False,6,7,23,,20.5,1,0.33133971291866027,True,1.4064837905236909
2022-05-31,6am,retest,long,1.3,True,70.5,0.24468085106382978,1.0,False,0.9822695035460993,0.6844660194174758,False,True,93,2,2,2.1190655614167295,7.5,1,1.005980861244019,False,1.4064837905236909
2022-05-31,6am,failure,short,1.3,True,70.5,0.24468085106382978,1.0,False,0.9822695035460993,0.6844660194174758,True,False,5,1,1,,3.75,1,0.33133971291866027,True,1.4064837905236909
2022-05-31,6am,failure,long,1.3,True,70.5,0.24468085106382978,1.0,False,0.9822695035460993,0.6844660194174758,False,True,87,1,4,1.6810877626699627,1.25,1,1.005980861244019,False,1.4064837905236909
2022-05-31,7am,retest,long,1.3,True,48.0,0.3333333333333333,1.0,False,0.5729166666666666,0.6808510638297872,False,False,2,71,2,,63.75,1,0.8002392344497608,False,0.7456310679611651
2022-06-01,7am,retest,short,-1.0,False,67.0,0.9626865671641791,1.0,False,0.30970149253731344,2.0150375939849625,True,False,2,16,1,,14.25,2,0.72,False,1.102880658436214
2022-06-01,7am,failure,short,-1.0,False,67.0,0.9626865671641791,1.0,False,0.30970149253731344,2.0150375939849625,True,False,0,1,2,,4.5,2,0.72,False,1.102880658436214
2022-06-02,6am,retest,long,-1.0,False,53.5,0.48598130841121495,1.0,False,0.7850467289719626,1.1382978723404256,False,False,77,1,15,2.8692762186115215,10.5,3,0.29180327868852457,True,0.9771689497716894
2022-06-02,7am,retest,long,-1.0,False,29.25,0.38461538461538464,-1.0,True,1.0,0.5467289719626168,True,False,7,8,1,,16.5,3,0.17704918032786884,True,0.48148148148148145
2022-06-02,7am,failure,long,-1.0,False,29.25,0.38461538461538464,-1.0,True,1.0,0.5467289719626168,True,False,6,1,1,,0.5,3,0.17704918032786884,True,0.48148148148148145
2022-06-03,6am,retest,long,-1.0,False,65.75,0.8517110266159695,-1.0,False,0.4220532319391635,1.6134969325153374,True,False,7,22,1,,24.75,4,1.2657342657342658,False,1.2553699284009547
2022-06-03,6am,failure,long,-1.0,False,65.75,0.8517110266159695,-1.0,False,0.4220532319391635,1.6134969325153374,True,False,6,1,1,,2.0,4,1.2657342657342658,False,1.2553699284009547
2022-06-03,7am,retest,short,-1.0,False,56.5,0.7256637168141593,-1.0,False,0.34513274336283184,0.8593155893536122,False,False,30,1,1,15.85897435897436,11.75,4,-0.12937062937062938,True,0.9300411522633745
2022-06-03,7am,retest,long,-1.0,False,56.5,0.7256637168141593,-1.0,False,0.34513274336283184,0.8593155893536122,True,True,39,7,1,1.2861806311207835,37.75,4,1.5244755244755244,False,0.9300411522633745
2022-06-06,6am,failure,long,1.3,True,36.0,0.7013888888888888,1.0,True,1.0,0.7783783783783784,False,False,49,1,2,5.240263024785028,2.25,0,0.18729096989966554,True,0.6442953020134228
2022-06-06,7am,failure,short,-1.0,False,36.25,0.041379310344827586,1.0,False,0.9379310344827586,1.0069444444444444,True,False,0,1,8,,0.25,0,0.9643255295429208,False,0.6041666666666666
2022-06-07,6am,retest,long,-1.0,False,57.75,0.6883116883116883,-1.0,False,0.24675324675324675,1.7238805970149254,True,False,9,25,1,,40.5,1,0.9340277777777778,False,1.0335570469798658
2022-06-07,7am,retest,long,1.3,True,71.75,0.2787456445993031,-1.0,False,0.4355400696864111,1.2424242424242424,True,False,31,2,3,5.0748322724926895,8.0,1,1.2152777777777777,False,1.2344086021505376
2022-06-08,6am,retest,short,-1.0,False,47.5,0.19473684210526315,1.0,False,0.7210526315789474,1.3868613138686132,True,False,14,2,1,1.051356589147287,3.0,2,0.853448275862069,False,0.8189655172413793
2022-06-08,6am,retest,long,1.3,True,47.5,0.19473684210526315,1.0,False,0.7210526315789474,1.3868613138686132,False,True,92,4,5,4.7407407407407405,19.75,2,0.6925287356321839,True,0.8189655172413793
2022-06-08,6am,failure,short,-1.0,False,47.5,0.19473684210526315,1.0,False,0.7210526315789474,1.3868613138686132,True,False,13,1,1,2.914590747330961,2.0,2,0.853448275862069,False,0.8189655172413793
2022-06-08,7am,retest,long,-1.0,False,43.5,0.13793103448275862,-1.0,False,0.4540229885057471,0.9157894736842105,True,False,1,1,1,,4.5,2,0.3735632183908046,True,0.7388535031847133
2022-06-09,7am,retest,long,-1.0,False,83.75,0.5761194029850746,-1.0,False,0.808955223880597,1.109271523178808,True,False,2,1,3,,3.25,3,0.42462845010615713,True,1.4225053078556262
2022-06-10,6am,failure,short,1.3,True,44.25,0.3220338983050847,-1.0,False,0.6271186440677966,1.0662650602409638,False,False,36,1,9,4.821670428893905,7.0,4,0.7071651090342679,True,0.7955056179775281
2022-06-10,7am,retest,short,1.3,True,46.0,0.08152173913043478,1.0,False,0.8478260869565217,1.03954802259887,True,False,25,1,1,2.926829268292683,2.75,4,0.794392523364486,True,0.7173489278752436
2022-06-13,6am,retest,short,1.3,True,48.75,0.46153846153846156,1.0,False,0.6717948717948717,0.8441558441558441,True,False,3,1,2,,4.75,0,0.31170886075949367,True,0.8764044943820225
2022-06-13,6am,retest,long,1.3,True,48.75,0.46153846153846156,1.0,False,0.6717948717948717,0.8441558441558441,False,True,23,3,1,2.295178941141674,7.0,0,0.8425632911392406,False,0.8764044943820225
2022-06-14,6am,retest,short,-1.0,False,67.0,0.07835820895522388,1.0,False,0.5335820895522388,1.8741258741258742,True,True,94,1,5,2.233544478105205,2.5,1,0.48620236530880423,False,1.3073170731707318
2022-06-14,6am,retest,long,1.3,True,67.0,0.07835820895522388,1.0,False,0.5335820895522388,1.8741258741258742,False,False,45,1,1,1.6898540889039702,1.75,1,0.8659658344283837,True,1.3073170731707318
2022-06-14,7am,retest,short,-1.0,False,64.25,0.8871595330739299,-1.0,False,0.7821011673151751,0.9589552238805971,False,False,31,18,1,3.021060275962237,56.0,1,0.39816031537450725,True,1.0912951167728238
2022-06-14,7am,failure,short,-1.0,False,64.25,0.8871595330739299,-1.0,False,0.7821011673151751,0.9589552238805971,False,False,30,1,1,6.334065934065934,2.75,1,0.39816031537450725,True,1.0912951167728238
2022-06-15,6am,failure,short,-1.0,False,32.5,0.49230769230769234,-1.0,True,1.0,0.8387096774193549,False,False,15,1,1,1.9958741619391436,1.0,2,0.7250608272506083,False,0.6341463414634146
2022-06-15,7am,retest,short,-1.0,False,85.25,0.7683284457478006,1.0,False,0.3724340175953079,2.623076923076923,True,False,49,12,1,4.289180009704027,30.25,2,1.245742092457421,False,1.4479830148619957
2022-06-16,6am,retest,short,-1.0,False,63.0,0.3055555555555556,-1.0,False,0.6190476190476191,1.024390243902439,False,True,62,2,1,2.584698780337563,10.75,3,0.1690558576371725,True,1.2322738386308068
2022-06-16,6am,retest,long,1.3,True,63.0,0.3055555555555556,-1.0,False,0.6190476190476191,1.024390243902439,True,False,46,1,1,2.502951593860685,7.0,3,0.9555116164112704,False,1.2322738386308068
2022-06-16,6am,failure,long,1.3,True,63.0,0.3055555555555556,-1.0,False,0.6190476190476191,1.024390243902439,True,False,45,1,1,4.20611144397843,3.75,3,0.9555116164112704,False,1.2322738386308068
2022-06-16,7am,retest,short,1.3,True,59.5,0.29411764705882354,1.0,False,0.8823529411764706,0.9444444444444444,True,False,2,65,1,,81.25,3,0.14829461196243204,True,1.010615711252654
2022-06-17,6am,retest,short,1.3,True,42.0,0.03571428571428571,1.0,False,0.7678571428571429,0.8795811518324608,True,False,29,6,1,2.5512104283054007,13.0,4,1.0372340425531914,False,0.755056179775281
2022-06-17,6am,failure,long,-1.0,False,42.0,0.03571428571428571,1.0,False,0.7678571428571429,0.8795811518324608,False,True,101,1,4,3.375594294770206,4.5,4,0.26063829787234044,True,0.755056179775281
2022-06-17,7am,retest,long,-1.0,False,47.5,0.010526315789473684,-1.0,False,0.7263157894736842,1.130952380952381,True,False,40,2,1,1.9672131147540983,12.0,4,0.2074468085106383,True,0.7867494824016563
2022-06-20,6am,retest,long,-1.0,False,28.25,0.17699115044247787,-1.0,False,0.48672566371681414,1.1649484536082475,True,False,113,1,1,2.1485573971761815,2.5,0,0.39083969465648855,True,0.5525672371638142
2022-06-20,7am,retest,long,-1.0,False,25.75,0.5436893203883495,1.0,False,0.912621359223301,0.911504424778761,False,True,57,6,1,1.094407696933253,6.75,0,0.40458015267175573,True,0.42650103519668736
2022-06-20,7am,failure,long,-1.0,False,25.75,0.5436893203883495,1.0,False,0.912621359223301,0.911504424778761,False,True,53,1,1,2.1485573971761815,0.25,0,0.40458015267175573,True,0.42650103519668736
2022-06-21,6am,retest,long,-1.0,False,24.5,0.16326530612244897,1.0,False,0.7346938775510204,0.5833333333333334,False,False,7,21,1,,12.0,1,0.3771043771043771,True,0.5051546391752577
2022-06-21,7am,failure,long,1.3,True,56.75,0.8766519823788547,-1.0,False,0.29515418502202645,2.316326530612245,True,False,6,1,1,,0.75,1,0.6464646464646465,True,0.978448275862069
2022-06-22,6am,retest,short,-1.0,False,25.0,0.21,1.0,False,0.35,0.7936507936507936,True,False,2,2,1,,5.75,2,0.29904761904761906,True,0.5221932114882507
2022-06-22,6am,retest,long,1.3,True,25.0,0.21,1.0,False,0.35,0.7936507936507936,False,True,96,6,1,0.9639794168096055,9.0,2,0.7961904761904762,False,0.5221932114882507
2022-06-22,6am,failure,long,1.3,True,25.0,0.21,1.0,False,0.35,0.7936507936507936,False,True,92,1,4,2.3410975128306357,2.0,2,0.7961904761904762,False,0.5221932114882507
2022-06-22,7am,retest,long,-1.0,False,44.25,0.3333333333333333,1.0,False,0.3333333333333333,1.77,False,False,18,6,1,2.1749502982107356,8.25,2,0.7571428571428571,False,0.7814569536423841
2022-06-22,7am,failure,short,-1.0,False,44.25,0.3333333333333333,1.0,False,0.3333333333333333,1.77,True,True,74,1,1,1.8837116686579052,5.5,2,0.4114285714285714,True,0.7814569536423841
2022-06-23,6am,retest,long,1.3,True,70.75,0.8127208480565371,1.0,False,0.27208480565371024,1.0884615384615384,False,True,92,20,1,2.0268317853457174,20.75,3,0.1010498687664042,True,1.4778067885117494
2022-06-23,6am,failure,long,1.3,True,70.75,0.8127208480565371,1.0,False,0.27208480565371024,1.0884615384615384,False,True,90,1,1,2.2634508348794062,1.75,3,0.1010498687664042,True,1.4778067885117494
2022-06-23,7am,retest,long,-1.0,False,35.75,0.46853146853146854,-1.0,False,0.9300699300699301,0.5053003533568905,True,False,1,1,2,,4.5,3,-0.09580052493438321,True,0.6470588235294118
2022-06-24,6am,retest,long,1.3,True,24.0,0.4166666666666667,-1.0,False,0.5729166666666666,0.9320388349514563,True,False,0,1,1,,1.75,4,0.18193717277486912,True,0.5013054830287206
2022-06-24,7am,failure,long,1.3,True,43.25,0.44508670520231214,-1.0,False,0.3872832369942196,1.8020833333333333,True,False,0,1,1,,1.75,4,0.3206806282722513,True,0.8480392156862745
2022-06-27,6am,retest,long,1.3,True,45.75,0.5027322404371585,-1.0,False,0.5136612021857924,1.6194690265486726,True,False,89,45,1,3.3113166006164687,30.0,0,0.44327176781002636,True,0.9556135770234987
2022-06-27,7am,failure,long,1.3,True,28.5,0.2719298245614035,1.0,True,1.0,0.6229508196721312,False,False,12,1,1,0.9777777777777777,1.25,0,0.36675461741424803,True,0.5968586387434555
2022-06-28,6am,retest,short,-1.0,False,32.75,0.5038167938931297,1.0,False,0.816793893129771,0.7401129943502824,True,False,9,1,1,,2.0,1,0.7146562905317769,False,0.7024128686327078
2022-06-28,6am,retest,long,-1.0,False,32.75,0.5038167938931297,1.0,False,0.816793893129771,0.7401129943502824,False,True,81,39,1,1.4153511159499184,33.25,1,0.45525291828793774,True,0.7024128686327078
2022-06-29,6am,retest,short,1.3,True,33.5,0.41044776119402987,1.0,True,1.0,0.4174454828660436,True,False,38,55,1,2.5556040122110772,68.5,2,0.352803738317757,True,0.7184986595174263
2022-06-29,7am,retest,short,1.3,True,73.5,0.7006802721088435,1.0,False,0.4523809523809524,2.1940298507462686,True,False,0,22,1,,28.25,2,0.7289719626168224,False,1.572192513368984
2022-06-30,6am,retest,short,1.3,True,34.75,0.05755395683453238,-1.0,True,1.0,0.5245283018867924,False,False,14,2,1,1.5362595419847327,4.25,3,0.20276008492569003,True,0.7722222222222223
2022-06-30,7am,retest,short,-1.0,False,42.5,0.2823529411764706,-1.0,False,0.7764705882352941,1.223021582733813,False,False,25,2,3,1.2808065720687078,2.5,3,0.24309978768577495,True,0.8900523560209425
2022-06-30,7am,failure,short,-1.0,False,42.5,0.2823529411764706,-1.0,False,0.7764705882352941,1.223021582733813,False,False,24,1,1,3.5002121340687316,4.0,3,0.24309978768577495,True,0.8900523560209425
2022-07-01,6am,retest,long,1.3,True,69.25,0.776173285198556,-1.0,False,0.6714801444043321,1.489247311827957,True,False,47,17,2,1.9154228855721391,29.25,4,0.5581061692969871,False,1.6057971014492753
2022-07-01,6am,failure,long,-1.0,False,69.25,0.776173285198556,-1.0,False,0.6714801444043321,1.489247311827957,True,False,45,1,2,1.2746683921061144,1.0,4,0.5581061692969871,False,1.6057971014492753
2022-07-01,7am,retest,short,-1.0,False,72.25,0.29411764705882354,-1.0,False,0.5951557093425606,1.0433212996389891,False,False,34,1,11,2.195719653651364,2.25,4,0.6886657101865137,True,1.5454545454545454
2022-07-04,7am,failure,short,1.3,True,26.25,0.14285714285714285,-1.0,True,1.0,0.9130434782608695,False,False,74,1,1,2.0153714773697695,0.5,0,0.6526315789473685,True,0.5614973262032086
2022-07-05,6am,failure,long,-1.0,False,29.25,0.27350427350427353,1.0,False,0.3504273504273504,0.823943661971831,False,False,16,1,1,2.310850439882698,0.5,1,0.8958762886597939,False,0.6782608695652174
2022-07-06,6am,retest,short,-1.0,False,42.75,0.3684210526315789,-1.0,False,0.7543859649122807,0.7668161434977578,False,True,108,1,1,1.0086563793752352,3.0,2,0.6287215411558669,True,1.0961538461538463
2022-07-06,6am,retest,long,-1.0,False,42.75,0.3684210526315789,-1.0,False,0.7543859649122807,0.7668161434977578,True,False,7,12,1,,10.75,2,0.670753064798599,False,1.0961538461538463
2022-07-06,6am,failure,short,-1.0,False,42.75,0.3684210526315789,-1.0,False,0.7543859649122807,0.7668161434977578,False,True,107,1,1,1.2921052631578946,2.5,2,0.6287215411558669,True,1.0961538461538463
2022-07-06,7am,retest,short,-1.0,False,47.75,0.6963350785340314,-1.0,False,0.23036649214659685,1.1169590643274854,False,True,39,1,1,1.4412344057780695,5.75,2,0.4063047285464098,True,1.0213903743315509
2022-07-06,7am,retest,long,1.3,True,47.75,0.6963350785340314,-1.0,False,0.23036649214659685,1.1169590643274854,True,False,2,4,2,,13.5,2,0.9281961471103327,False,1.0213903743315509
2022-07-06,7am,failure,short,-1.0,False,47.75,0.6963350785340314,-1.0,False,0.23036649214659685,1.1169590643274854,False,True,38,1,1,1.5136054421768708,2.75,2,0.4063047285464098,True,1.0213903743315509
2022-07-07,6am,retest,short,-1.0,False,42.5,0.4588235294117647,1.0,False,0.5882352941176471,1.0119047619047619,True,False,43,1,1,0.9126594700686947,1.75,3,0.75,False,1.0029498525073746
2022-07-07,6am,failure,short,-1.0,False,42.5,0.4588235294117647,1.0,False,0.5882352941176471,1.0119047619047619,True,False,42,1,1,2.014314928425358,1.5,3,0.75,False,1.0029498525073746
2022-07-07,7am,failure,short,1.3,True,39.75,0.37735849056603776,1.0,False,0.610062893081761,0.9352941176470588,True,False,0,1,1,,2.0,3,0.87109375,False,0.8502673796791443
2022-07-08,7am,retest,short,1.3,True,33.0,0.5,1.0,True,1.0,0.5344129554655871,True,False,15,1,1,1.753607103218646,3.25,4,0.6038338658146964,True,0.7058823529411765
2022-07-11,6am,retest,long,1.3,True,40.75,0.3312883435582822,1.0,False,0.6625766871165644,1.5092592592592593,False,False,53,7,2,1.4574187884108867,7.75,0,0.6835236541598695,False,0.9644970414201184
2022-07-11,6am,failure,long,1.3,True,40.75,0.3312883435582822,1.0,False,0.6625766871165644,1.5092592592592593,False,False,50,1,2,3.219358232509206,1.0,0,0.6835236541598695,False,0.9644970414201184
2022-07-12,6am,failure,short,-1.0,False,45.75,0.28415300546448086,1.0,False,0.5628415300546448,1.2620689655172415,True,False,18,1,1,1.9953079178885629,0.5,1,0.6225165562913907,True,1.105740181268882
2022-07-12,7am,retest,short,-1.0,False,90.5,0.6823204419889503,1.0,False,0.40331491712707185,1.9781420765027322,True,False,36,12,1,2.4743381955699624,19.25,1,0.9801324503311258,True,2.005540166204986
2022-07-13,6am,failure,short,-1.0,False,24.0,0.09375,1.0,False,0.34375,0.9320388349514563,True,False,8,1,1,,0.25,2,0.691131498470948,False,0.5800604229607251
2022-07-13,7am,retest,short,-1.0,False,33.0,0.3484848484848485,1.0,False,0.4772727272727273,1.375,True,False,2,8,1,,21.75,2,0.9021406727828746,False,0.7058823529411765
2022-07-14,6am,failure,long,1.3,True,45.75,0.2185792349726776,-1.0,False,0.7868852459016393,0.8970588235294118,True,False,34,1,2,1.6568047337278107,1.75,3,0.8112633181126332,False,1.2119205298013245
2022-07-14,7am,retest,short,1.3,True,41.75,0.31137724550898205,-1.0,False,0.9520958083832335,0.912568306010929,False,True,31,1,1,4.767277856135402,12.75,3,0.4307458143074581,True,0.925207756232687
2022-07-14,7am,retest,long,1.3,True,41.75,0.31137724550898205,-1.0,False,0.9520958083832335,0.912568306010929,True,False,3,1,1,,3.0,3,0.8234398782343988,False,0.925207756232687
2022-07-14,7am,failure,long,1.3,True,41.75,0.31137724550898205,-1.0,False,0.9520958083832335,0.912568306010929,True,False,2,1,1,,1.75,3,0.8234398782343988,False,0.925207756232687
2022-07-15,6am,retest,short,-1.0,False,23.0,0.2391304347826087,1.0,False,0.6739130434782609,0.6216216216216216,True,False,1,8,1,,5.75,4,0.6211031175059952,False,0.609271523178808
2022-07-15,6am,retest,long,1.3,True,23.0,0.2391304347826087,1.0,False,0.6739130434782609,0.6216216216216216,False,True,66,30,1,2.2589345920431554,65.25,4,0.5995203836930456,True,0.609271523178808
2022-07-15,6am,failure,long,-1.0,False,23.0,0.2391304347826087,1.0,False,0.6739130434782609,0.6216216216216216,False,True,59,1,1,3.3333333333333335,2.0,4,0.5995203836930456,True,0.609271523178808
2022-07-15,7am,failure,long,-1.0,False,38.25,0.4444444444444444,-1.0,False,0.6013071895424836,1.6630434782608696,True,False,5,1,1,,1.75,4,0.6187050359712231,False,0.8742857142857143
2022-07-18,6am,retest,short,1.3,True,17.75,0.2112676056338028,-1.0,False,0.8591549295774648,0.6068376068376068,False,True,23,2,4,1.080182800166182,5.75,0,0.8604269293924466,False,0.47019867549668876
2022-07-18,6am,retest,long,1.3,True,17.75,0.2112676056338028,-1.0,False,0.8591549295774648,0.6068376068376068,True,False,0,3,1,,8.25,0,0.2561576354679803,True,0.47019867549668876
2022-07-18,6am,failure,short,1.3,True,17.75,0.2112676056338028,-1.0,False,0.8591549295774648,0.6068376068376068,False,True,22,1,1,1.8571428571428572,2.5,0,0.8604269293924466,False,0.47019867549668876
2022-07-18,7am,failure,long,-1.0,False,31.75,0.11023622047244094,1.0,False,0.5590551181102362,1.7887323943661972,False,False,16,1,1,4.682767089643881,4.5,0,0.3103448275862069,True,0.7405247813411079
2022-07-19,6am,retest,short,-1.0,False,50.75,0.6108374384236454,1.0,False,0.33004926108374383,1.2608695652173914,True,False,114,2,14,3.3029958285930983,4.75,1,1.325358851674641,False,1.4871794871794872
2022-07-19,7am,retest,short,-1.0,False,28.25,0.07079646017699115,1.0,True,1.0,0.5566502463054187,True,True,51,1,1,1.36327185244587,2.75,1,1.2392344497607655,False,0.6706231454005934
2022-07-19,7am,retest,long,1.3,True,28.25,0.07079646017699115,1.0,True,1.0,0.5566502463054187,False,False,21,1,1,1.4378378378378378,1.5,1,0.03110047846889952,True,0.6706231454005934
2022-07-19,7am,failure,short,-1.0,False,28.25,0.07079646017699115,1.0,True,1.0,0.5566502463054187,True,True,50,1,1,1.6358405260994655,1.0,1,1.2392344497607655,False,0.6706231454005934
2022-07-20,6am,failure,long,1.3,True,81.0,0.6080246913580247,-1.0,False,0.25617283950617287,3.24,True,False,84,1,1,2.7686821202788137,2.75,2,1.4545454545454546,False,2.3736263736263736
2022-07-20,7am,retest,short,1.3,True,24.5,0.3877551020408163,-1.0,True,1.0,0.30246913580246915,False,False,7,1,1,,5.0,2,-0.01818181818181818,True,0.6012269938650306
2022-07-20,7am,retest,long,1.3,True,24.5,0.3877551020408163,-1.0,True,1.0,0.30246913580246915,True,True,23,5,1,3.340129749768304,14.25,2,1.3151515151515152,False,0.6012269938650306
2022-07-21,6am,retest,short,1.3,True,37.5,0.04666666666666667,-1.0,False,0.26,0.8928571428571429,False,True,80,4,1,4.6425189393939394,23.0,3,1.0837696335078535,False,0.9933774834437086
2022-07-21,6am,retest,long,1.3,True,37.5,0.04666666666666667,-1.0,False,0.26,0.8928571428571429,True,False,22,1,1,1.44,1.0,3,0.3089005235602094,True,0.9933774834437086
2022-07-21,6am,failure,long,1.3,True,37.5,0.04666666666666667,-1.0,False,0.26,0.8928571428571429,True,False,5,1,17,,3.25,3,0.3089005235602094,True,0.9933774834437086
2022-07-21,7am,retest,short,-1.0,False,24.75,0.1414141414141414,1.0,False,0.6666666666666666,0.66,True,False,2,1,1,,2.25,3,0.8638743455497382,False,0.6346153846153846
2022-07-21,7am,failure,short,-1.0,False,24.75,0.1414141414141414,1.0,False,0.6666666666666666,0.66,True,False,1,1,1,,2.75,3,0.8638743455497382,False,0.6346153846153846
2022-07-22,6am,retest,short,-1.0,False,39.5,0.46835443037974683,1.0,False,0.6075949367088608,1.6458333333333333,True,False,47,2,4,2.6516220028208743,5.5,4,1.1842105263157894,False,1.0095846645367412
2022-07-22,7am,failure,short,1.3,True,51.25,0.5853658536585366,1.0,False,0.7121951219512195,1.2974683544303798,True,False,0,1,24,,0.25,4,1.406015037593985,False,1.314102564102564
2022-07-25,6am,retest,long,1.3,True,23.5,0.18085106382978725,-1.0,False,0.8829787234042553,0.5529411764705883,True,False,2,1,1,,1.75,0,0.1873589164785553,True,0.5856697819314641
2022-07-25,6am,failure,long,1.3,True,23.5,0.18085106382978725,-1.0,False,0.8829787234042553,0.5529411764705883,True,False,1,1,1,,0.25,0,0.1873589164785553,True,0.5856697819314641
2022-07-26,6am,retest,long,-1.0,False,57.0,0.5,-1.0,False,0.44298245614035087,2.130841121495327,True,False,108,3,1,2.637030643072939,10.75,1,1.0263157894736843,False,1.4805194805194806
2022-07-26,7am,retest,long,-1.0,False,32.75,0.183206106870229,-1.0,True,1.0,0.5745614035087719,True,True,47,13,1,1.8850783556665909,16.5,1,0.9254385964912281,False,0.8397435897435898
2022-07-27,6am,retest,short,-1.0,False,26.25,0.1523809523809524,-1.0,False,0.3523809523809524,0.8974358974358975,False,True,112,5,5,2.6472068444891796,6.5,2,0.7670250896057348,False,0.6542056074766355
2022-07-27,6am,retest,long,1.3,True,26.25,0.1523809523809524,-1.0,False,0.3523809523809524,0.8974358974358975,True,False,9,5,1,,8.5,2,0.4211469534050179,True,0.6542056074766355
2022-07-27,7am,failure,short,-1.0,False,29.25,0.7692307692307693,-1.0,False,0.7094017094017094,1.1142857142857143,False,False,46,1,2,2.1107110711071106,0.5,2,0.7275985663082437,False,0.7905405405405406
2022-07-28,6am,retest,short,-1.0,False,24.25,0.5773195876288659,1.0,False,0.36082474226804123,0.5,True,False,0,3,1,,6.75,3,0.5663716814159292,True,0.6298701298701299
2022-07-28,7am,retest,long,-1.0,False,22.5,0.13333333333333333,-1.0,False,0.5333333333333333,0.9278350515463918,True,False,4,17,1,,11.0,3,0.5398230088495575,False,0.631578947368421
2022-07-28,7am,failure,long,-1.0,False,22.5,0.13333333333333333,-1.0,False,0.5333333333333333,0.9278350515463918,True,False,0,1,2,,0.5,3,0.5398230088495575,False,0.631578947368421
2022-07-29,6am,retest,long,-1.0,False,24.0,0.71875,-1.0,False,0.9479166666666666,0.631578947368421,True,False,5,2,1,,4.25,4,0.7630057803468208,False,0.6233766233766234
2022-07-29,6am,failure,long,-1.0,False,24.0,0.71875,-1.0,False,0.9479166666666666,0.631578947368421,True,False,4,1,1,,2.75,4,0.7630057803468208,False,0.6233766233766234
2022-07-29,7am,retest,long,-1.0,False,39.5,0.3860759493670886,-1.0,False,0.25316455696202533,1.6458333333333333,True,False,16,8,5,5.35557240333586,9.5,4,1.1040462427745665,False,1.196969696969697
2022-08-01,6am,retest,short,-1.0,False,18.75,0.13333333333333333,1.0,False,0.7466666666666667,0.6302521008403361,True,False,14,1,1,4.768651092690279,8.5,0,0.5274151436031331,True,0.487012987012987
2022-08-01,6am,retest,long,-1.0,False,18.75,0.13333333333333333,1.0,False,0.7466666666666667,0.6302521008403361,False,True,92,2,1,1.947280930895274,3.0,0,0.6684073107049608,False,0.487012987012987
2022-08-01,7am,retest,long,-1.0,False,44.25,0.4689265536723164,1.0,False,0.22033898305084745,2.36,False,False,21,1,1,0.7986024457199901,2.75,0,0.5744125326370757,False,1.2421052631578948
2022-08-01,7am,failure,long,-1.0,False,44.25,0.4689265536723164,1.0,False,0.22033898305084745,2.36,False,False,19,1,1,0.6679094540612517,0.5,0,0.5744125326370757,False,1.2421052631578948
2022-08-02,6am,retest,short,1.3,True,31.75,0.44881889763779526,1.0,False,0.5984251968503937,0.7383720930232558,True,False,0,97,1,,35.0,1,0.1281618887015177,True,0.8246753246753247
2022-08-02,7am,retest,long,1.3,True,39.75,0.42138364779874216,1.0,False,0.11949685534591195,1.2519685039370079,False,False,41,14,1,1.4162265962554008,12.25,1,0.9038785834738617,False,1.1157894736842104
2022-08-02,7am,failure,long,1.3,True,39.75,0.42138364779874216,1.0,False,0.11949685534591195,1.2519685039370079,False,False,40,1,1,0.7726737338044759,0.5,1,0.9038785834738617,False,1.1157894736842104
2022-08-03,6am,retest,short,-1.0,False,24.0,0.19791666666666666,-1.0,True,1.0,0.3595505617977528,False,False,4,18,2,,16.0,2,0.869140625,False,0.6931407942238267
2022-08-03,7am,retest,short,-1.0,False,36.0,0.5,1.0,False,0.4722222222222222,1.5,True,False,14,12,1,2.2450355938553765,19.25,2,1.017578125,False,1.0105263157894737
2022-08-04,6am,retest,long,-1.0,False,63.5,0.6181102362204725,1.0,False,0.0984251968503937,1.1813953488372093,False,False,54,26,1,1.8264563106796114,25.25,3,0.08741258741258741,True,1.8339350180505416
2022-08-04,6am,failure,long,-1.0,False,63.5,0.6181102362204725,1.0,False,0.0984251968503937,1.1813953488372093,False,False,53,1,1,0.7298001737619461,0.75,3,0.08741258741258741,True,1.8339350180505416
2022-08-05,6am,retest,short,-1.0,False,27.5,0.6636363636363637,-1.0,False,0.5545454545454546,1.0185185185185186,False,True,40,1,6,0.8278145695364238,0.5,4,0.19741100323624594,True,0.7942238267148014
2022-08-05,6am,failure,short,-1.0,False,27.5,0.6636363636363637,-1.0,False,0.5545454545454546,1.0185185185185186,False,True,39,1,1,0.626204238921002,0.5,4,0.19741100323624594,True,0.7942238267148014
2022-08-05,6am,failure,long,1.3,True,27.5,0.6636363636363637,-1.0,False,0.5545454545454546,1.0185185185185186,True,False,6,1,1,,0.5,4,1.1585760517799353,False,0.7942238267148014
2022-08-05,7am,failure,short,1.3,True,48.25,0.6217616580310881,1.0,False,0.5699481865284974,1.7545454545454546,True,False,5,1,18,,1.5,4,0.4045307443365696,False,1.3985507246376812
2022-08-08,6am,retest,short,-1.0,False,51.0,0.9019607843137255,1.0,False,0.4950980392156863,1.5223880597014925,True,False,54,2,4,4.300402324541797,6.5,0,1.1207207207207208,False,1.7215189873417722
2022-08-08,6am,retest,long,-1.0,False,51.0,0.9019607843137255,1.0,False,0.4950980392156863,1.5223880597014925,False,True,123,13,1,3.3403466586514377,25.25,0,0.24684684684684685,True,1.7215189873417722
2022-08-08,7am,retest,short,-1.0,False,36.5,0.0136986301369863,-1.0,False,0.821917808219178,0.7156862745098039,False,False,26,8,1,1.5326292986731653,11.0,0,1.1675675675675676,False,0.9831649831649831
2022-08-08,7am,failure,short,-1.0,False,36.5,0.0136986301369863,-1.0,False,0.821917808219178,0.7156862745098039,False,False,6,1,1,,4.75,0,1.1675675675675676,False,0.9831649831649831
2022-08-09,6am,retest,long,-1.0,False,70.0,0.7107142857142857,-1.0,False,0.125,1.728395061728395,True,False,42,22,1,6.726978998384491,19.0,1,1.853658536585366,False,2.3628691983122363
2022-08-09,7am,failure,long,1.3,True,51.25,0.5024390243902439,-1.0,False,0.6292682926829268,0.7321428571428571,True,False,11,1,1,3.5821596244131455,5.25,1,2.1184668989547037,False,1.4137931034482758
2022-08-10,6am,retest,short,-1.0,False,26.75,0.5700934579439252,-1.0,False,0.35514018691588783,0.6903225806451613,False,False,10,1,11,1.6113744075829384,2.0,2,0.7587628865979381,False,0.9029535864978903
2022-08-10,7am,retest,short,-1.0,False,36.0,0.8194444444444444,1.0,False,0.6180555555555556,1.3457943925233644,True,False,7,15,1,,14.25,2,0.8721649484536083,False,0.993103448275862
2022-08-10,7am,failure,short,-1.0,False,36.0,0.8194444444444444,1.0,False,0.6180555555555556,1.3457943925233644,True,False,0,1,1,,0.25,2,0.8721649484536083,False,0.993103448275862
2022-08-11,6am,failure,short,-1.0,False,24.5,0.5816326530612245,-1.0,True,1.0,0.6012269938650306,False,False,32,1,1,1.0896130346232178,0.25,3,0.5233853006681515,False,0.8270042194092827
2022-08-12,6am,retest,short,-1.0,False,32.5,0.7923076923076923,-1.0,False,0.49230769230769234,1.2380952380952381,False,True,122,7,2,0.7168674698795181,9.75,4,0.8645833333333334,False,1.1981566820276497
2022-08-12,6am,retest,long,1.3,True,32.5,0.7923076923076923,-1.0,False,0.49230769230769234,1.2380952380952381,True,False,1,34,5,,20.5,4,0.4739583333333333,True,1.1981566820276497
2022-08-12,6am,failure,short,-1.0,False,32.5,0.7923076923076923,-1.0,False,0.49230769230769234,1.2380952380952381,False,True,120,1,1,1.8991869918699187,2.0,4,0.8645833333333334,False,1.1981566820276497
2022-08-12,7am,failure,short,-1.0,False,29.75,0.14285714285714285,-1.0,False,0.31092436974789917,0.9153846153846154,False,False,11,1,3,1.4364937388193202,0.5,4,0.6223958333333334,False,0.8206896551724138
2022-08-15,6am,retest,short,1.3,True,32.0,0.84375,1.0,False,0.21875,1.1228070175438596,True,False,0,2,2,,2.75,0,0.6750788643533123,True,1.080168776371308
2022-08-15,6am,retest,long,1.3,True,32.0,0.84375,1.0,False,0.21875,1.1228070175438596,False,True,62,1,1,0.9665673618007281,3.25,0,0.7287066246056783,False,1.080168776371308
2022-08-15,6am,failure,long,1.3,True,32.0,0.84375,1.0,False,0.21875,1.1228070175438596,False,True,53,1,1,1.9269369731031714,2.5,0,0.7287066246056783,False,1.080168776371308
2022-08-15,7am,failure,long,1.3,True,37.25,0.610738255033557,-1.0,False,0.8590604026845637,1.1640625,True,False,2,1,10,,0.75,0,0.7602523659305994,False,1.0347222222222223
2022-08-16,6am,retest,short,1.3,True,19.5,0.038461538461538464,1.0,False,0.7564102564102564,0.582089552238806,True,False,7,84,1,,22.25,1,0.5365853658536586,True,0.611764705882353
2022-08-16,6am,failure,short,-1.0,False,19.5,0.038461538461538464,1.0,False,0.7564102564102564,0.582089552238806,True,False,6,1,1,,2.25,1,0.5365853658536586,True,0.611764705882353
2022-08-16,7am,retest,short,1.3,True,32.25,0.3023255813953488,1.0,False,0.4263565891472868,1.6538461538461537,True,False,12,2,1,2.188953488372093,2.5,1,0.8373983739837398,True,0.8896551724137931
2022-08-16,7am,retest,long,-1.0,False,32.25,0.3023255813953488,1.0,False,0.4263565891472868,1.6538461538461537,False,True,47,2,1,3.1092821216278006,4.5,1,0.6869918699186992,False,0.8896551724137931
2022-08-17,6am,retest,long,-1.0,False,33.5,0.3656716417910448,-1.0,False,0.373134328358209,0.7657142857142857,True,False,17,5,1,7.870370370370371,16.75,2,1.1822125813449025,False,1.130801687763713
2022-08-17,7am,retest,long,1.3,True,47.75,0.5654450261780105,-1.0,False,0.5130890052356021,1.4253731343283582,True,False,32,1,1,2.5502101821578704,6.75,2,1.383947939262473,False,1.3263888888888888
2022-08-17,7am,failure,long,1.3,True,47.75,0.5654450261780105,-1.0,False,0.5130890052356021,1.4253731343283582,True,False,31,1,1,3.224468636599274,2.5,2,1.383947939262473,False,1.3263888888888888
2022-08-18,6am,retest,short,1.3,True,37.25,0.4161073825503356,-1.0,False,0.6174496644295302,0.8465909090909091,False,True,61,17,6,1.775964857232507,27.0,3,1.1331775700934579,True,1.2573839662447257
2022-08-18,6am,retest,long,1.3,True,37.25,0.4161073825503356,-1.0,False,0.6174496644295302,0.8465909090909091,True,False,2,1,1,,0.75,3,0.21495327102803738,False,1.2573839662447257
2022-08-18,6am,failure,short,-1.0,False,37.25,0.4161073825503356,-1.0,False,0.6174496644295302,0.8465909090909091,False,True,60,1,1,9.362267493356953,7.25,3,1.1331775700934579,True,1.2573839662447257
2022-08-18,6am,failure,long,1.3,True,37.25,0.4161073825503356,-1.0,False,0.6174496644295302,0.8465909090909091,True,False,0,1,2,,0.75,3,0.21495327102803738,False,1.2573839662447257
2022-08-18,7am,retest,short,1.3,True,39.75,0.8050314465408805,1.0,False,0.9182389937106918,1.0671140939597314,True,False,0,18,1,,27.75,3,1.1261682242990654,False,1.1041666666666667
2022-08-18,7am,failure,long,-1.0,False,39.75,0.8050314465408805,1.0,False,0.9182389937106918,1.0671140939597314,False,True,85,1,1,4.205267938237966,1.0,3,0.24532710280373832,True,1.1041666666666667
2022-08-19,6am,failure,short,1.3,True,50.75,0.4039408866995074,-1.0,False,0.3645320197044335,1.6111111111111112,False,False,145,1,2,4.884146341463414,3.25,4,0.23124042879019907,True,1.7130801687763713
2022-08-19,7am,retest,short,1.3,True,30.25,0.6115702479338843,1.0,True,1.0,0.5960591133004927,True,False,4,1,1,,3.0,4,0.1332312404287902,True,0.8344827586206897
2022-08-22,6am,retest,long,-1.0,False,29.25,0.2222222222222222,1.0,False,0.4444444444444444,0.9590163934426229,False,False,31,13,1,1.3462202278218847,9.25,0,0.9026425591098748,False,0.9873417721518988
2022-08-22,6am,failure,long,-1.0,False,29.25,0.2222222222222222,1.0,False,0.4444444444444444,0.9590163934426229,False,False,27,1,3,1.8928833455612617,1.5,0,0.9026425591098748,False,0.9873417721518988
2022-08-22,7am,retest,long,1.3,True,32.75,0.06870229007633588,-1.0,False,0.7175572519083969,1.1196581196581197,True,False,10,2,1,2.126107347576863,4.0,0,0.9541029207232267,False,0.903448275862069
2022-08-23,6am,retest,long,-1.0,False,43.5,0.6839080459770115,-1.0,False,0.7586206896551724,1.2340425531914894,True,False,99,2,2,4.46064139941691,10.0,1,0.4028268551236749,False,1.4262295081967213
2022-08-23,7am,retest,long,-1.0,False,39.75,0.5094339622641509,1.0,True,1.0,0.9137931034482759,False,False,39,3,1,4.46064139941691,12.25,1,0.3869257950530035,True,1.096551724137931
2022-08-24,6am,retest,short,-1.0,False,26.25,0.38095238095238093,-1.0,False,0.6190476190476191,0.7446808510638298,False,False,29,73,1,1.6160714285714286,40.0,2,0.774798927613941,True,0.860655737704918
2022-08-24,6am,failure,short,-1.0,False,26.25,0.38095238095238093,-1.0,False,0.6190476190476191,0.7446808510638298,False,False,12,1,3,1.3322834645669293,0.25,2,0.774798927613941,True,0.860655737704918
2022-08-24,7am,retest,short,1.3,True,57.5,0.8043478260869565,1.0,False,0.41739130434782606,2.1904761904761907,True,False,3,4,1,,6.5,2,1.1340482573726542,False,1.5593220338983051
2022-08-24,7am,failure,long,1.3,True,57.5,0.8043478260869565,1.0,False,0.41739130434782606,2.1904761904761907,False,True,88,1,1,4.570475396163469,5.0,2,0.48257372654155495,True,1.5593220338983051
2022-08-25,6am,retest,short,1.3,True,35.0,0.5571428571428572,1.0,True,1.0,0.4794520547945205,True,False,12,19,1,3.223744292237443,14.5,3,0.6651090342679128,False,1.1475409836065573
2022-08-25,6am,retest,long,1.3,True,35.0,0.5571428571428572,1.0,True,1.0,0.4794520547945205,False,True,102,3,1,0.9262282915244173,10.0,3,0.5529595015576324,True,1.1475409836065573
2022-08-25,6am,failure,long,1.3,True,35.0,0.5571428571428572,1.0,True,1.0,0.4794520547945205,False,True,90,1,1,5.718099305926321,4.5,3,0.5529595015576324,True,1.1475409836065573
2022-08-25,7am,retest,long,-1.0,False,32.25,0.11627906976744186,1.0,False,0.5503875968992248,0.9214285714285714,False,False,20,3,1,3.6802721088435373,6.75,3,0.4454828660436137,True,0.8745762711864407
2022-08-26,6am,failure,short,-1.0,False,18.75,0.21333333333333335,1.0,True,1.0,0.6818181818181818,True,True,31,1,1,2.439252336448598,0.75,4,0.22788203753351208,True,0.5882352941176471
2022-08-26,6am,failure,long,-1.0,False,18.75,0.21333333333333335,1.0,True,1.0,0.6818181818181818,False,False,5,1,1,,1.75,4,0.9731903485254692,False,0.5882352941176471
2022-08-26,7am,retest,short,-1.0,False,48.75,0.40512820512820513,1.0,False,0.38461538461538464,2.6,True,False,30,13,2,22.27832882476706,49.5,4,0.4477211796246649,True,1.3220338983050848
2022-08-29,6am,retest,short,-1.0,False,31.5,0.1746031746031746,-1.0,False,0.5793650793650794,0.863013698630137,False,True,89,14,1,1.181636726546906,21.75,0,0.7226415094339622,True,0.9882352941176471
2022-08-29,6am,retest,long,-1.0,False,31.5,0.1746031746031746,-1.0,False,0.5793650793650794,0.863013698630137,True,False,5,19,1,,12.25,0,0.5150943396226415,False,0.9882352941176471
2022-08-29,7am,retest,short,1.3,True,28.75,0.14782608695652175,1.0,False,0.5565217391304348,0.9126984126984127,True,False,6,1,1,,2.0,0,0.6056603773584905,True,0.749185667752443
2022-08-29,7am,failure,short,1.3,True,28.75,0.14782608695652175,1.0,False,0.5565217391304348,0.9126984126984127,True,False,5,1,1,,0.75,0,0.6056603773584905,True,0.749185667752443
2022-08-30,6am,retest,long,-1.0,False,25.25,0.22772277227722773,-1.0,False,0.8811881188118812,0.7013888888888888,True,False,0,1,1,,1.5,1,0.18025751072961374,True,0.792156862745098
2022-08-31,6am,retest,short,1.3,True,97.25,0.622107969151671,1.0,False,0.20822622107969152,2.818840579710145,True,False,130,4,1,4.0378051982147545,18.5,2,0.8611111111111112,False,3.062992125984252
2022-08-31,6am,failure,short,1.3,True,97.25,0.622107969151671,1.0,False,0.20822622107969152,2.818840579710145,True,False,112,1,18,2.0680100755667508,3.0,2,0.8611111111111112,False,3.062992125984252
2022-08-31,7am,retest,short,1.3,True,45.0,0.16666666666666666,-1.0,True,1.0,0.46272493573264784,False,False,15,1,1,4.40868045441305,7.0,2,0.7604166666666666,False,1.1726384364820848
2022-09-01,6am,retest,short,-1.0,False,28.0,0.5714285714285714,1.0,False,0.5892857142857143,0.6086956521739131,True,False,2,4,1,,5.75,3,0.3342579750346741,True,0.8682170542635659
2022-09-01,6am,failure,short,-1.0,False,28.0,0.5714285714285714,1.0,False,0.5892857142857143,0.6086956521739131,True,False,1,1,1,,0.25,3,0.3342579750346741,True,0.8682170542635659
2022-09-01,7am,retest,long,1.3,True,70.25,0.5551601423487544,1.0,False,0.09252669039145907,2.5089285714285716,False,False,64,1,22,1.531764705882353,6.25,3,0.7018030513176144,False,1.8246753246753247
2022-09-01,7am,failure,long,1.3,True,70.25,0.5551601423487544,1.0,False,0.09252669039145907,2.5089285714285716,False,False,35,1,1,1.7114695340501793,5.5,3,0.7018030513176144,False,1.8246753246753247
2022-09-02,6am,retest,short,-1.0,False,53.0,0.5330188679245284,-1.0,False,0.37735849056603776,1.7235772357723578,False,False,84,1,1,2.2153846153846155,3.0,4,0.6459016393442623,True,1.669291338582677
2022-09-02,7am,retest,short,-1.0,False,45.5,0.3516483516483517,1.0,True,1.0,0.8584905660377359,True,False,23,4,1,2.96387318751536,10.5,4,0.5540983606557377,True,1.1818181818181819
2022-09-05,6am,retest,short,1.3,True,32.5,0.676923076923077,-1.0,True,1.0,0.6989247311827957,False,True,139,2,1,1.683107274969174,2.75,0,0.6965699208443272,True,1.0077519379844961
2022-09-05,6am,retest,long,-1.0,False,32.5,0.676923076923077,-1.0,True,1.0,0.6989247311827957,True,False,16,29,1,0.8672689367616401,13.0,0,0.6464379947229552,False,1.0077519379844961
2022-09-05,7am,retest,short,-1.0,False,41.0,0.5182926829268293,-1.0,False,0.3902439024390244,1.2615384615384615,False,True,61,2,1,3.2711924023918395,3.25,0,0.5224274406332454,True,1.0649350649350648
2022-09-05,7am,retest,long,1.3,True,41.0,0.5182926829268293,-1.0,False,0.3902439024390244,1.2615384615384615,True,False,8,2,1,,7.25,0,0.9102902374670184,False,1.0649350649350648
2022-09-06,6am,retest,long,-1.0,False,51.0,0.03431372549019608,1.0,False,0.5196078431372549,1.2592592592592593,False,False,21,40,1,0.9352517985611511,41.5,1,0.4490566037735849,True,1.5813953488372092
2022-09-06,6am,failure,long,-1.0,False,51.0,0.03431372549019608,1.0,False,0.5196078431372549,1.2592592592592593,False,False,5,1,13,,3.0,1,0.4490566037735849,True,1.5813953488372092
2022-09-06,7am,retest,short,1.3,True,55.25,0.27149321266968324,-1.0,False,0.248868778280543,1.0833333333333333,False,False,9,1,1,,4.5,1,0.6547169811320754,False,1.389937106918239
2022-09-07,6am,retest,long,-1.0,False,27.25,0.5412844036697247,-1.0,False,0.981651376146789,0.956140350877193,True,False,5,1,2,,5.0,2,0.2816,True,0.8449612403100775
2022-09-07,6am,failure,long,-1.0,False,27.25,0.5412844036697247,-1.0,False,0.981651376146789,0.956140350877193,True,False,3,1,1,,1.0,2,0.2816,True,0.8449612403100775
2022-09-08,6am,retest,short,1.3,True,33.5,0.31343283582089554,1.0,False,0.6194029850746269,1.2884615384615385,True,False,4,1,4,,3.5,3,0.5545243619489559,False,1.0387596899224807
2022-09-08,6am,retest,long,-1.0,False,33.5,0.31343283582089554,1.0,False,0.6194029850746269,1.2884615384615385,False,True,36,2,1,1.2779552715654952,8.25,3,0.7563805104408353,True,1.0387596899224807
2022-09-08,6am,failure,long,-1.0,False,33.5,0.31343283582089554,1.0,False,0.6194029850746269,1.2884615384615385,False,True,33,1,1,1.8505103720777083,0.25,3,0.7563805104408353,True,1.0387596899224807
2022-09-09,6am,retest,long,1.3,True,46.5,0.25268817204301075,1.0,False,0.5483870967741935,1.8235294117647058,False,False,69,5,1,2.990258365099534,7.75,4,0.2137546468401487,True,1.4307692307692308
2022-09-09,7am,retest,long,1.3,True,29.5,0.6186440677966102,-1.0,True,1.0,0.6344086021505376,True,False,9,5,1,,7.75,4,0.2137546468401487,True,0.7421383647798742
2022-09-12,6am,retest,long,-1.0,False,22.5,0.5555555555555556,-1.0,False,0.1111111111111111,0.6766917293233082,True,True,81,35,1,1.5786749482401656,32.0,0,0.2689393939393939,True,0.6818181818181818
2022-09-12,6am,failure,long,1.3,True,22.5,0.5555555555555556,-1.0,False,0.1111111111111111,0.6766917293233082,True,False,1,1,1,,1.0,0,0.2689393939393939,True,0.6818181818181818
2022-09-12,7am,retest,long,1.3,True,40.75,0.6134969325153374,1.0,False,0.5521472392638037,1.8111111111111111,False,False,21,34,1,1.5786749482401656,31.0,0,0.273989898989899,True,1.0251572327044025
2022-09-13,6am,retest,short,-1.0,False,42.25,0.6982248520710059,1.0,False,0.34911242603550297,1.8571428571428572,True,False,3,9,1,,9.0,1,1.1907894736842106,False,1.2803030303030303
2022-09-14,6am,retest,long,-1.0,False,37.25,0.15436241610738255,-1.0,False,0.825503355704698,0.9371069182389937,True,False,5,4,2,,6.75,2,0.46449136276391556,True,1.1119402985074627
2022-09-14,6am,failure,long,-1.0,False,37.25,0.15436241610738255,-1.0,False,0.825503355704698,0.9371069182389937,True,False,4,1,1,,3.0,2,0.46449136276391556,True,1.1119402985074627
2022-09-14,7am,retest,short,1.3,True,94.0,0.8962765957446809,-1.0,False,0.1595744680851064,2.523489932885906,False,False,55,1,2,1.4725831494647381,4.0,2,0.6506717850287908,True,2.3647798742138364
2022-09-15,6am,retest,long,1.3,True,81.5,0.6226993865030674,-1.0,False,0.39570552147239263,2.5271317829457365,True,False,69,1,11,1.8302447952413634,2.25,3,1.6879699248120301,False,2.3795620437956204
2022-09-15,7am,retest,long,-1.0,False,47.5,0.02631578947368421,1.0,True,1.0,0.5828220858895705,False,False,2,9,1,,14.5,3,1.5037593984962405,False,1.1801242236024845
2022-09-16,6am,retest,long,-1.0,False,62.5,0.784,1.0,False,0.384,2.6041666666666665,False,False,110,3,1,0.9404608726166803,10.0,4,0.9502369668246445,False,1.8248175182481752
2022-09-16,6am,failure,long,-1.0,False,62.5,0.784,1.0,False,0.384,2.6041666666666665,False,False,92,1,1,1.5573286052009456,2.75,4,0.9502369668246445,False,1.8248175182481752
2022-09-16,7am,retest,long,-1.0,False,37.25,0.5302013422818792,-1.0,True,1.0,0.596,True,False,4,1,6,,4.25,4,0.7535545023696683,False,0.9113149847094801
2022-09-19,6am,retest,short,1.3,True,37.75,0.304635761589404,1.0,False,0.7549668874172185,1.2377049180327868,True,False,0,8,1,,10.25,0,0.1915966386554622,True,1.102189781021898
2022-09-19,7am,retest,short,1.3,True,35.25,0.6453900709219859,-1.0,False,0.7092198581560284,0.9337748344370861,False,True,36,44,1,1.8124006359300477,26.75,0,0.2605042016806723,True,0.8623853211009175
2022-09-20,6am,retest,short,-1.0,False,28.5,0.18421052631578946,1.0,False,0.868421052631579,0.5786802030456852,True,False,0,11,5,,11.75,1,0.1706896551724138,True,0.7889273356401384
2022-09-20,6am,retest,long,-1.0,False,28.5,0.18421052631578946,1.0,False,0.868421052631579,0.5786802030456852,False,True,65,7,1,2.581448433284914,10.75,1,1.0258620689655173,False,0.7889273356401384
2022-09-20,7am,failure,long,-1.0,False,36.5,0.5,-1.0,False,0.5958904109589042,1.280701754385965,True,False,1,1,1,,1.5,1,0.9793103448275862,False,0.8929663608562691
2022-09-21,6am,retest,short,-1.0,False,34.5,0.3333333333333333,-1.0,True,1.0,0.8117647058823529,False,False,52,5,1,3.3984052790761616,8.75,2,0.8664850136239782,True,1.0072992700729928
2022-09-21,6am,failure,short,-1.0,False,34.5,0.3333333333333333,-1.0,True,1.0,0.8117647058823529,False,False,49,1,1,2.4892703862660945,2.75,2,0.8664850136239782,True,1.0072992700729928
2022-09-22,6am,retest,short,1.3,True,54.0,0.4675925925925926,1.0,False,0.9629629629629629,0.7224080267558528,True,True,110,5,1,2.460046687017418,17.5,3,0.75,False,1.5539568345323742
2022-09-22,6am,retest,long,-1.0,False,54.0,0.4675925925925926,1.0,False,0.9629629629629629,0.7224080267558528,False,True,9,7,1,,18.0,3,0.4695121951219512,True,1.5539568345323742
2022-09-22,7am,retest,short,1.3,True,96.75,0.26098191214470284,-1.0,False,0.5581395348837209,1.7916666666666667,False,False,50,4,2,2.460046687017418,15.25,3,0.7591463414634146,False,2.4037267080745344
2022-09-23,6am,retest,short,1.3,True,72.25,0.903114186851211,-1.0,False,0.5155709342560554,1.2245762711864407,False,True,124,1,2,3.489021213248977,7.0,4,0.20495185694635487,True,2.013937282229965
2022-09-23,6am,retest,long,1.3,True,72.25,0.903114186851211,-1.0,False,0.5155709342560554,1.2245762711864407,True,False,9,1,1,,2.75,4,1.1925722145804676,False,2.013937282229965
2022-09-23,6am,failure,long,1.3,True,72.25,0.903114186851211,-1.0,False,0.5155709342560554,1.2245762711864407,True,False,4,1,4,,1.0,4,1.1925722145804676,False,2.013937282229965
2022-09-23,7am,retest,short,1.3,True,38.25,0.5947712418300654,1.0,False,0.8954248366013072,0.5294117647058824,True,False,4,1,1,,4.0,4,-0.0041265474552957355,True,0.9357798165137615
2022-09-26,6am,retest,long,1.3,True,50.0,0.11,1.0,True,1.0,0.44742729306487694,False,False,10,2,1,0.946048632218845,3.75,0,0.7972768532526475,False,1.3333333333333333
2022-09-26,6am,failure,short,1.3,True,50.0,0.11,1.0,True,1.0,0.44742729306487694,True,True,86,1,1,1.7591001406030307,1.25,0,0.5052950075642966,True,1.3333333333333333
2022-09-26,6am,failure,long,1.3,True,50.0,0.11,1.0,True,1.0,0.44742729306487694,False,False,9,1,1,,0.75,0,0.7972768532526475,False,1.3333333333333333
2022-09-26,7am,retest,short,-1.0,False,41.75,0.1317365269461078,1.0,False,0.8982035928143712,0.835,True,False,24,7,1,2.4327607149054313,16.75,0,0.4296520423600605,True,1.0214067278287462
2022-09-27,6am,retest,short,-1.0,False,67.0,0.7388059701492538,1.0,False,0.6044776119402985,1.5056179775280898,True,False,35,81,13,0.7025033960799535,39.25,1,0.8791079812206573,False,1.675
2022-09-27,6am,failure,short,-1.0,False,67.0,0.7388059701492538,1.0,False,0.6044776119402985,1.5056179775280898,True,False,30,1,1,2.3047799337434927,1.25,1,0.8791079812206573,False,1.675
2022-09-27,7am,retest,short,1.3,True,57.5,0.4782608695652174,1.0,False,0.48695652173913045,0.8582089552238806,True,False,45,3,1,3.499934751402845,9.75,1,1.017605633802817,False,1.3897280966767371
2022-09-28,6am,retest,short,-1.0,False,170.25,0.5814977973568282,1.0,False,0.4390602055800294,2.277591973244147,True,False,99,1,1,1.886383011702705,5.25,2,0.6730769230769231,True,3.8366197183098594
2022-09-29,6am,retest,short,1.3,True,56.5,0.6238938053097345,-1.0,False,0.9690265486725663,0.7174603174603175,False,False,16,6,1,1.6765375854214124,14.5,3,0.4089264173703257,True,1.2732394366197184
2022-09-29,6am,retest,long,-1.0,False,56.5,0.6238938053097345,-1.0,False,0.9690265486725663,0.7174603174603175,True,True,93,36,1,2.4363945899933794,55.75,3,0.8636911942098915,False,1.2732394366197184
2022-09-29,6am,failure,short,1.3,True,56.5,0.6238938053097345,-1.0,False,0.9690265486725663,0.7174603174603175,False,False,15,1,1,3.0287474332648867,3.0,3,0.4089264173703257,True,1.2732394366197184
2022-09-29,7am,retest,long,1.3,True,53.25,0.20187793427230047,1.0,False,0.7276995305164319,0.9424778761061947,False,False,5,3,1,,7.5,3,0.7780458383594693,False,1.2276657060518732
2022-09-29,7am,failure,long,1.3,True,53.25,0.20187793427230047,1.0,False,0.7276995305164319,0.9424778761061947,False,False,1,1,1,,1.75,3,0.7780458383594693,False,1.2276657060518732
2022-09-30,6am,retest,long,-1.0,False,66.25,0.24528301886792453,-1.0,False,0.7471698113207547,1.0433070866141732,True,False,4,23,1,,26.75,4,0.5087719298245614,True,1.3730569948186528
2022-09-30,7am,failure,short,1.3,True,57.5,0.48695652173913045,-1.0,False,0.3,0.8679245283018868,False,False,25,1,1,5.685220171486702,11.0,4,0.5921052631578947,False,1.3256484149855907
2022-10-03,6am,retest,short,-1.0,False,43.0,0.7965116279069767,1.0,False,0.20930232558139536,0.6825396825396826,True,False,15,5,1,1.85302734375,11.75,0,0.882525697503671,False,0.8911917098445595
2022-10-03,6am,failure,short,-1.0,False,43.0,0.7965116279069767,1.0,False,0.20930232558139536,0.6825396825396826,True,False,0,1,1,,3.5,0,0.882525697503671,False,0.8911917098445595
2022-10-03,7am,retest,short,-1.0,False,48.0,0.71875,1.0,False,0.2760416666666667,1.1162790697674418,True,False,1,2,2,,11.25,0,1.0866372980910426,False,1.0607734806629834
2022-10-03,7am,failure,short,-1.0,False,48.0,0.71875,1.0,False,0.2760416666666667,1.1162790697674418,True,False,0,1,1,,1.0,0,1.0866372980910426,False,1.0607734806629834
2022-10-04,6am,retest,long,-1.0,False,50.75,0.33497536945812806,1.0,False,0.26108374384236455,1.0252525252525253,False,False,81,6,1,4.052863436123348,11.75,1,0.05644302449414271,True,1.0518134715025906
2022-10-04,7am,retest,long,-1.0,False,21.5,0.3372093023255814,-1.0,True,1.0,0.4236453201970443,True,False,21,33,1,4.052863436123348,23.75,1,0.043663471778487756,True,0.47513812154696133
2022-10-05,6am,failure,short,1.3,True,39.75,0.9119496855345912,1.0,False,0.8867924528301887,0.8457446808510638,True,False,0,1,2,,1.5,2,0.42201834862385323,True,0.8238341968911918
2022-10-05,6am,failure,long,1.3,True,39.75,0.9119496855345912,1.0,False,0.8867924528301887,0.8457446808510638,False,True,69,1,1,1.957571938668347,2.5,2,0.8697247706422019,False,0.8238341968911918
2022-10-05,7am,retest,long,-1.0,False,39.0,0.6923076923076923,-1.0,False,0.9615384615384616,0.9811320754716981,True,False,8,1,1,,1.0,2,0.8532110091743119,False,0.861878453038674
2022-10-06,6am,failure,short,-1.0,False,28.25,0.0,0.0,False,0.35398230088495575,0.5566502463054187,False,False,0,1,1,,1.0,3,0.05326231691078562,True,0.5854922279792746
2022-10-06,7am,retest,short,-1.0,False,44.75,0.770949720670391,1.0,False,0.17318435754189945,1.584070796460177,True,False,20,7,1,3.010211632381234,11.5,3,0.25033288948069243,True,1.0257879656160458
2022-10-07,6am,failure,short,-1.0,False,36.25,0.3793103448275862,-1.0,False,0.6068965517241379,1.124031007751938,False,False,76,1,2,1.9483204134366925,0.25,4,0.5861297539149888,False,0.7512953367875648
2022-10-07,7am,retest,short,-1.0,False,22.75,0.04395604395604396,1.0,True,1.0,0.6275862068965518,True,False,16,1,1,1.7915057915057915,2.0,4,0.5704697986577181,False,0.5260115606936416
2022-10-10,6am,retest,short,-1.0,False,49.5,0.6717171717171717,-1.0,False,0.9393939393939394,0.8181818181818182,False,False,96,4,1,6.487196323046619,15.0,0,0.9290780141843972,True,1.064516129032258
2022-10-10,6am,failure,short,1.3,True,49.5,0.6717171717171717,-1.0,False,0.9393939393939394,0.8181818181818182,False,False,30,1,4,2.324662495884096,1.0,0,0.9290780141843972,True,1.064516129032258
2022-10-10,7am,retest,short,-1.0,False,43.25,0.5838150289017341,1.0,False,0.976878612716763,0.8737373737373737,True,False,36,4,1,6.487196323046619,14.0,0,0.9385342789598109,True,1.0453172205438066
2022-10-11,6am,retest,short,-1.0,False,55.75,0.5246636771300448,1.0,False,0.695067264573991,1.4387096774193548,True,False,0,13,1,,15.0,1,0.34269662921348315,True,1.120603015075377
2022-10-11,7am,retest,short,-1.0,False,31.5,0.753968253968254,1.0,False,0.20634920634920634,0.5650224215246636,True,False,2,1,1,,9.75,1,0.48314606741573035,True,0.7411764705882353
2022-10-12,7am,retest,short,1.3,True,36.25,0.1724137931034483,1.0,True,1.0,0.6444444444444445,True,False,25,2,1,2.101605162998511,8.0,2,0.8792184724689165,False,0.8787878787878788
2022-10-12,7am,failure,short,1.3,True,36.25,0.1724137931034483,1.0,True,1.0,0.6444444444444445,True,False,24,1,1,2.15,2.0,2,0.8792184724689165,False,0.8787878787878788
2022-10-13,6am,retest,short,-1.0,False,27.75,0.34234234234234234,1.0,False,0.963963963963964,0.9098360655737705,True,False,17,3,1,2.8236698499317874,6.0,3,0.9546827794561934,False,0.5508684863523573
2022-10-13,6am,failure,short,-1.0,False,27.75,0.34234234234234234,1.0,False,0.963963963963964,0.9098360655737705,True,False,15,1,1,1.8569030633655055,3.0,3,0.9546827794561934,False,0.5508684863523573
2022-10-14,6am,retest,long,1.3,True,90.0,0.7722222222222223,1.0,False,0.10555555555555556,1.5254237288135593,False,False,55,2,1,0.7557166759620747,7.0,4,0.7484116899618806,True,1.7866004962779156
2022-10-17,6am,failure,short,-1.0,False,43.75,0.52,1.0,False,0.36,1.3358778625954197,True,False,92,1,1,3.268806028322723,7.75,0,1.0809018567639257,False,0.8684863523573201
2022-10-18,6am,retest,short,-1.0,False,50.5,0.04950495049504951,-1.0,False,0.26732673267326734,0.9099099099099099,False,False,34,2,2,3.8647114474929043,7.75,1,0.8386699507389163,False,1.015075376884422
2022-10-18,7am,retest,short,-1.0,False,72.25,0.7197231833910035,1.0,False,0.6401384083044983,1.4306930693069306,True,False,11,13,1,5.496340652029275,26.0,1,0.9667487684729064,False,1.7515151515151515
2022-10-18,7am,failure,short,-1.0,False,72.25,0.7197231833910035,1.0,False,0.6401384083044983,1.4306930693069306,True,False,10,1,1,2.6942567567567566,1.0,1,0.9667487684729064,False,1.7515151515151515
2022-10-19,6am,failure,long,-1.0,False,99.5,0.7386934673366834,-1.0,False,0.8366834170854272,1.1951951951951951,True,False,12,1,1,1.7387957107506187,1.5,2,0.9101796407185628,False,1.9800995024875623
2022-10-19,7am,retest,long,1.3,True,109.5,0.4292237442922374,-1.0,False,0.4041095890410959,1.100502512562814,True,False,7,3,18,,17.0,2,1.222754491017964,False,2.5764705882352943
2022-10-20,6am,retest,short,1.3,True,107.25,0.6899766899766899,1.0,False,0.31002331002331,1.9678899082568808,True,False,18,1,1,1.1231121281464531,4.75,3,1.1595925297113752,False,2.1185185185185187
2022-10-20,6am,failure,short,1.3,True,107.25,0.6899766899766899,1.0,False,0.31002331002331,1.9678899082568808,True,False,12,1,1,3.8544251447477254,9.5,3,1.1595925297113752,False,2.1185185185185187
2022-10-20,7am,retest,short,-1.0,False,64.25,0.0038910505836575876,-1.0,False,0.8521400778210116,0.5990675990675991,False,False,22,8,1,3.5947492426792325,17.25,3,1.2241086587436332,False,1.511764705882353
2022-10-20,7am,retest,long,-1.0,False,64.25,0.0038910505836575876,-1.0,False,0.8521400778210116,0.5990675990675991,True,True,40,1,2,0.9890418656926102,3.25,3,0.21222410865874364,True,1.511764705882353
2022-10-20,7am,failure,long,-1.0,False,64.25,0.0038910505836575876,-1.0,False,0.8521400778210116,0.5990675990675991,True,True,36,1,4,3.0533458118858214,7.5,3,0.21222410865874364,True,1.511764705882353
2022-10-21,6am,retest,short,1.3,True,31.0,0.08870967741935484,1.0,False,0.967741935483871,0.7560975609756098,True,False,21,23,1,2.892437481169027,19.25,4,0.3514644351464435,True,0.5918854415274463
2022-10-21,6am,retest,long,-1.0,False,31.0,0.08870967741935484,1.0,False,0.967741935483871,0.7560975609756098,False,True,61,1,1,1.5876598946576372,2.25,4,0.9079497907949791,False,0.5918854415274463
2022-10-21,6am,failure,short,1.3,True,31.0,0.08870967741935484,1.0,False,0.967741935483871,0.7560975609756098,True,False,0,1,8,,0.25,4,0.3514644351464435,True,0.5918854415274463
2022-10-21,7am,retest,short,-1.0,False,46.75,0.40641711229946526,-1.0,False,0.5882352941176471,1.5080645161290323,False,True,61,12,1,4.389529074801839,73.75,4,0.5125523012552301,True,1.1
2022-10-21,7am,retest,long,1.3,True,46.75,0.40641711229946526,-1.0,False,0.5882352941176471,1.5080645161290323,True,False,1,57,1,,45.75,4,0.8786610878661087,False,1.1
2022-10-24,6am,failure,short,-1.0,False,65.25,0.5172413793103449,1.0,False,0.49808429118773945,0.7909090909090909,True,False,3,1,1,,1.75,0,0.47866419294990725,True,1.288888888888889
2022-10-25,6am,retest,short,1.3,True,42.0,0.6309523809523809,1.0,False,0.7797619047619048,1.282442748091603,True,False,27,20,1,1.4782982380747745,11.75,1,0.6197604790419161,False,0.8296296296296296
2022-10-25,7am,retest,long,-1.0,False,31.25,0.464,-1.0,False,0.624,0.7440476190476191,True,False,0,1,1,,6.25,1,0.6137724550898204,True,0.7102272727272727
2022-10-26,6am,retest,long,-1.0,False,35.75,0.4405594405594406,1.0,False,0.8811188811188811,0.7222222222222222,False,True,81,37,1,3.787547244877661,25.75,2,0.4820415879017013,True,0.7061728395061728
2022-10-26,6am,failure,long,1.3,True,35.75,0.4405594405594406,1.0,False,0.8811188811188811,0.7222222222222222,False,True,52,1,1,1.0542516352443247,1.25,2,0.4820415879017013,True,0.7061728395061728
2022-10-26,7am,retest,long,-1.0,False,53.5,0.3317757009345794,-1.0,False,0.6682242990654206,1.4965034965034965,True,False,21,2,1,3.787547244877661,10.5,2,0.500945179584121,True,1.2159090909090908
2022-10-28,6am,retest,short,-1.0,False,27.5,0.07272727272727272,1.0,False,0.6181818181818182,0.6358381502890174,True,True,20,1,3,1.7358726194192944,1.75,4,0.5283757338551859,True,0.55
2022-10-28,7am,retest,short,-1.0,False,53.0,0.19339622641509435,1.0,False,0.5188679245283019,1.9272727272727272,True,False,30,2,1,15.494488902310133,66.0,4,0.7181996086105675,False,1.1584699453551912
2022-10-31,6am,retest,short,-1.0,False,23.25,0.3548387096774194,1.0,True,1.0,0.6992481203007519,True,False,0,53,1,,28.0,0,0.30337078651685395,True,0.49865951742627346
2022-10-31,6am,retest,long,1.3,True,23.25,0.3548387096774194,1.0,True,1.0,0.6992481203007519,False,True,97,2,1,1.5886115122756344,1.75,0,0.9056179775280899,False,0.49865951742627346
2022-10-31,7am,retest,long,-1.0,False,31.5,0.2698412698412698,1.0,False,0.1111111111111111,1.3548387096774193,False,False,3,1,1,,1.25,0,0.7280898876404495,False,0.6885245901639344
2022-11-01,6am,retest,short,-1.0,False,34.75,0.37410071942446044,1.0,False,0.4172661870503597,0.9328859060402684,True,False,60,3,10,6.941115164147994,5.75,1,1.1490196078431372,False,0.8011527377521613
2022-11-02,6am,retest,long,1.3,True,31.0,0.21774193548387097,-1.0,False,0.8145161290322581,0.6966292134831461,True,False,75,7,2,15.547383309759548,34.75,2,0.8385964912280702,True,0.7294117647058823
2022-11-02,7am,retest,long,1.3,True,24.0,0.3020833333333333,1.0,True,1.0,0.7741935483870968,False,True,15,17,1,13.483807654563297,40.0,2,0.7649122807017544,True,0.5245901639344263
2022-11-03,6am,retest,long,-1.0,False,69.25,0.703971119133574,-1.0,False,0.44404332129963897,1.6198830409356726,True,False,10,2,1,1.37984496124031,12.5,3,1.3675417661097853,False,1.694189602446483
2022-11-03,6am,failure,long,-1.0,False,69.25,0.703971119133574,-1.0,False,0.44404332129963897,1.6198830409356726,True,False,7,1,2,,1.0,3,1.3675417661097853,False,1.694189602446483
2022-11-03,7am,retest,long,-1.0,False,54.5,0.6743119266055045,-1.0,False,0.3256880733944954,0.7870036101083032,True,False,36,6,3,3.4881949733434885,9.5,3,1.7183770883054892,False,1.1912568306010929
2022-11-04,6am,retest,short,-1.0,False,35.75,0.3776223776223776,1.0,True,1.0,0.7486910994764397,True,True,96,1,1,4.03562270427611,39.5,4,0.9783783783783784,False,0.8746177370030581
2022-11-04,6am,retest,long,-1.0,False,35.75,0.3776223776223776,1.0,True,1.0,0.7486910994764397,False,True,72,4,1,0.820300973738566,11.5,4,0.27927927927927926,True,0.8746177370030581
2022-11-04,6am,failure,short,1.3,True,35.75,0.3776223776223776,1.0,True,1.0,0.7486910994764397,True,False,9,1,1,,15.75,4,0.9783783783783784,False,0.8746177370030581
2022-11-04,7am,retest,long,-1.0,False,46.25,0.03783783783783784,-1.0,False,0.6594594594594595,1.2937062937062938,True,False,5,3,1,,5.75,4,0.24144144144144145,True,1.010928961748634
2022-11-04,7am,failure,long,-1.0,False,46.25,0.03783783783783784,-1.0,False,0.6594594594594595,1.2937062937062938,True,False,4,1,1,,0.75,4,0.24144144144144145,True,1.010928961748634
2022-11-07,6am,failure,long,-1.0,False,29.0,0.14655172413793102,-1.0,False,0.3879310344827586,0.5497630331753555,True,False,0,1,1,,4.75,0,0.055350553505535055,True,0.7412140575079872
2022-11-07,7am,failure,long,1.3,True,43.25,0.2947976878612717,-1.0,False,0.4508670520231214,1.4913793103448276,True,False,1,1,1,,1.0,0,0.17220172201722017,True,0.9505494505494505
2022-11-08,7am,retest,short,-1.0,False,34.75,0.35251798561151076,-1.0,True,1.0,0.5889830508474576,False,True,50,5,6,1.6299137104506232,5.5,1,1.0971074380165289,False,0.7897727272727273
2022-11-08,7am,retest,long,1.3,True,34.75,0.35251798561151076,-1.0,True,1.0,0.5889830508474576,True,False,9,3,8,,4.5,1,0.19008264462809918,True,0.7897727272727273
2022-11-08,7am,failure,short,-1.0,False,34.75,0.35251798561151076,-1.0,True,1.0,0.5889830508474576,False,True,49,1,1,0.9214092140921408,1.0,1,1.0971074380165289,False,0.7897727272727273
2022-11-09,6am,retest,long,1.3,True,43.25,0.36416184971098264,1.0,False,0.3468208092485549,0.7178423236514523,False,False,11,20,1,1.8274275195582146,19.5,2,0.6868512110726643,False,1.1054313099041533
2022-11-09,7am,retest,long,-1.0,False,52.75,0.06635071090047394,1.0,False,0.6303317535545023,1.2196531791907514,False,True,22,23,1,1.875,35.25,2,0.8217993079584776,True,1.2196531791907514
2022-11-09,7am,failure,long,-1.0,False,52.75,0.06635071090047394,1.0,False,0.6303317535545023,1.2196531791907514,False,True,21,1,1,1.6311426879810538,1.25,2,0.8217993079584776,True,1.2196531791907514
2022-11-10,7am,retest,short,1.3,True,27.25,0.22018348623853212,-1.0,True,1.0,0.5396039603960396,False,False,13,2,1,2.2648860573388876,7.5,3,0.9911504424778761,False,0.6193181818181818
2022-11-10,7am,failure,short,1.3,True,27.25,0.22018348623853212,-1.0,True,1.0,0.5396039603960396,False,False,12,1,1,2.17424023154848,0.75,3,0.9911504424778761,False,0.6193181818181818
2022-11-11,6am,retest,long,-1.0,False,34.0,0.08088235294117647,1.0,False,0.9044117647058824,0.6238532110091743,False,False,12,1,1,1.8162779628748214,2.25,4,0.5859872611464968,True,0.7976539589442815
2022-11-11,6am,failure,short,1.3,True,34.0,0.08088235294117647,1.0,False,0.9044117647058824,0.6238532110091743,True,True,80,1,1,2.0763358778625953,1.25,4,0.6305732484076433,False,0.7976539589442815
2022-11-11,7am,retest,short,-1.0,False,35.25,0.06382978723404255,1.0,False,0.6099290780141844,1.036764705882353,True,False,2,1,1,,1.5,4,0.5509554140127388,False,0.8011363636363636
2022-11-14,6am,retest,short,-1.0,False,24.75,0.010101010101010102,1.0,False,0.8686868686868687,0.7734375,True,False,12,1,1,2.161137440758294,3.25,0,0.43653250773993807,True,0.6366559485530546
2022-11-14,7am,retest,long,1.3,True,37.75,0.7814569536423841,1.0,False,0.423841059602649,1.5252525252525253,False,True,80,1,1,2.4822695035460995,0.25,0,0.7616099071207431,True,0.8728323699421965
2022-11-14,7am,failure,short,1.3,True,37.75,0.7814569536423841,1.0,False,0.423841059602649,1.5252525252525253,True,False,19,1,1,1.7482960077896785,1.0,0,0.7058823529411765,False,0.8728323699421965
2022-11-15,7am,retest,short,-1.0,False,62.5,0.584,1.0,False,0.408,2.4271844660194173,True,False,1,1,3,,5.5,1,1.3453389830508475,False,1.4450867052023122
2022-11-15,7am,failure,short,-1.0,False,62.5,0.584,1.0,False,0.408,2.4271844660194173,True,False,0,1,1,,1.25,1,1.3453389830508475,False,1.4450867052023122
2022-11-16,6am,retest,long,1.3,True,39.0,0.4551282051282051,-1.0,False,0.21794871794871795,0.8715083798882681,True,False,7,5,1,,7.25,2,0.6867469879518072,True,1.0909090909090908
2022-11-18,6am,retest,short,-1.0,False,29.75,0.3277310924369748,-1.0,False,0.8151260504201681,0.4075342465753425,False,False,4,3,1,,9.75,4,1.038664323374341,False,0.7959866220735786
2022-11-18,7am,retest,short,1.3,True,39.5,0.3227848101265823,1.0,False,0.5949367088607594,1.3277310924369747,True,False,19,1,1,1.074116680361545,2.0,4,1.1511423550087874,False,0.88268156424581
2022-11-18,7am,failure,short,1.3,True,39.5,0.3227848101265823,1.0,False,0.5949367088607594,1.3277310924369747,True,False,5,1,1,,1.5,4,1.1511423550087874,False,0.88268156424581
2022-11-22,6am,retest,short,-1.0,False,48.5,0.4587628865979381,-1.0,False,0.3865979381443299,2.042105263157895,False,False,60,25,1,6.242670275146595,20.0,1,0.8793969849246231,True,1.3566433566433567
2022-11-22,7am,retest,short,-1.0,False,35.0,0.6428571428571429,1.0,True,1.0,0.7216494845360825,True,False,0,25,1,,20.0,1,0.8793969849246231,False,0.7821229050279329
2022-11-23,6am,retest,short,-1.0,False,31.75,0.5826771653543307,1.0,False,0.7559055118110236,1.3229166666666667,True,False,18,5,1,2.879614767255217,8.0,2,0.9387755102040817,False,0.8881118881118881
2022-11-23,6am,retest,long,1.3,True,31.75,0.5826771653543307,1.0,False,0.7559055118110236,1.3229166666666667,False,True,103,1,1,1.8195896244676733,3.0,2,0.5795918367346938,True,0.8881118881118881
2022-11-23,6am,failure,short,-1.0,False,31.75,0.5826771653543307,1.0,False,0.7559055118110236,1.3229166666666667,True,False,12,1,6,1.7811094452773613,1.75,2,0.9387755102040817,False,0.8881118881118881
2022-11-23,7am,retest,long,1.3,True,32.75,0.1984732824427481,1.0,False,0.5114503816793893,1.031496062992126,False,False,23,7,2,2.938944463608141,7.25,2,0.3346938775510204,True,0.7318435754189944
2022-11-24,6am,retest,short,1.3,True,12.25,0.16326530612244897,-1.0,False,0.9183673469387755,0.7777777777777778,False,False,2,1,2,,3.5,3,1.0180995475113122,False,0.3475177304964539
2022-11-24,6am,retest,long,-1.0,False,12.25,0.16326530612244897,-1.0,False,0.9183673469387755,0.7777777777777778,True,True,10,1,4,1.6079494128274616,1.5,3,0.20361990950226244,True,0.3475177304964539
2022-11-24,6am,failure,short,1.3,True,12.25,0.16326530612244897,-1.0,False,0.9183673469387755,0.7777777777777778,False,False,1,1,1,,2.0,3,1.0180995475113122,False,0.3475177304964539
2022-11-24,7am,retest,long,1.3,True,27.0,0.5,-1.0,False,0.4537037037037037,2.204081632653061,True,False,10,6,18,0.7705479452054794,5.0,3,0.4072398190045249,True,0.6525679758308157
2022-11-24,7am,failure,long,1.3,True,27.0,0.5,-1.0,False,0.4537037037037037,2.204081632653061,True,False,9,1,1,,1.25,3,0.4072398190045249,True,0.6525679758308157
2022-11-25,6am,retest,long,-1.0,False,27.5,0.7090909090909091,-1.0,False,0.7545454545454545,1.0091743119266054,True,False,35,2,4,4.931318681318682,4.25,4,1.0707395498392283,False,0.8
2022-11-25,7am,retest,long,-1.0,False,23.0,0.3695652173913043,-1.0,False,0.6304347826086957,0.8363636363636363,True,False,31,1,1,3.248245054243778,6.5,4,1.180064308681672,False,0.5954692556634305
2022-11-25,7am,failure,long,-1.0,False,23.0,0.3695652173913043,-1.0,False,0.6304347826086957,0.8363636363636363,True,False,30,1,1,3.0020993701889434,2.0,4,1.180064308681672,False,0.5954692556634305
2022-11-28,6am,retest,short,-1.0,False,31.0,0.6451612903225806,1.0,False,0.532258064516129,0.779874213836478,True,False,0,2,3,,5.0,0,0.5178997613365155,True,0.9429657794676806
2022-11-28,7am,retest,short,1.3,True,19.0,0.3157894736842105,1.0,False,0.2894736842105263,0.6129032258064516,True,True,50,4,1,2.9326513213981245,4.0,0,0.6467780429594272,True,0.5205479452054794
2022-11-29,7am,failure,long,-1.0,False,26.5,0.16981132075471697,-1.0,False,0.9339622641509434,1.0495049504950495,True,False,10,1,1,1.9516129032258065,0.25,1,0.5683646112600537,True,0.7544483985765125
2022-11-30,6am,retest,short,-1.0,False,26.0,0.49038461538461536,1.0,False,0.8173076923076923,1.223529411764706,True,False,75,2,1,18.160836639019113,20.5,2,0.895774647887324,False,0.7908745247148289
2022-11-30,7am,retest,short,-1.0,False,18.5,0.7702702702702703,-1.0,True,1.0,0.7115384615384616,False,True,15,3,1,17.349563619660085,22.0,2,0.8788732394366198,False,0.5266903914590747
2022-11-30,7am,retest,long,1.3,True,18.5,0.7702702702702703,-1.0,True,1.0,0.7115384615384616,True,False,2,2,1,,2.25,2,0.3295774647887324,True,0.5266903914590747
2022-11-30,7am,failure,long,1.3,True,18.5,0.7702702702702703,-1.0,True,1.0,0.7115384615384616,True,False,1,1,1,,0.25,2,0.3295774647887324,True,0.5266903914590747
2022-12-01,6am,retest,short,-1.0,False,31.75,0.5905511811023622,1.0,False,0.7007874015748031,1.4269662921348314,True,False,0,6,5,,5.25,3,0.4144385026737968,True,1.0119521912350598
2022-12-01,7am,failure,short,-1.0,False,31.75,0.8267716535433071,1.0,False,0.33070866141732286,1.0,True,False,1,1,1,,0.25,3,0.6417112299465241,True,0.910394265232975
2022-12-02,6am,retest,short,-1.0,False,21.25,0.6705882352941176,-1.0,False,0.36470588235294116,1.4912280701754386,False,True,59,1,5,0.827357970215113,1.5,4,0.8976377952755905,False,0.6772908366533864
2022-12-02,6am,retest,long,1.3,True,21.25,0.6705882352941176,-1.0,False,0.36470588235294116,1.4912280701754386,True,False,0,12,1,,10.5,4,0.43700787401574803,True,0.6772908366533864
2022-12-02,6am,failure,short,-1.0,False,21.25,0.6705882352941176,-1.0,False,0.36470588235294116,1.4912280701754386,False,True,33,1,1,1.6273584905660377,0.75,4,0.8976377952755905,False,0.6772908366533864
2022-12-02,7am,failure,short,1.3,True,33.25,0.45112781954887216,1.0,False,0.6390977443609023,1.5647058823529412,True,False,6,1,1,,0.5,4,0.9212598425196851,False,0.9851851851851852
2022-12-05,6am,retest,long,-1.0,False,26.75,0.8598130841121495,1.0,False,0.6542056074766355,1.0594059405940595,False,True,18,1,1,1.8219611387257117,2.25,0,0.6382252559726962,False,0.8629032258064516
2022-12-05,7am,retest,long,-1.0,False,47.25,0.6455026455026455,-1.0,False,0.5661375661375662,1.766355140186916,True,False,10,1,1,2.1633802816901406,3.0,0,0.8805460750853242,False,1.3897058823529411
2022-12-06,6am,failure,short,-1.0,False,28.0,0.4642857142857143,1.0,False,0.7678571428571429,0.7671232876712328,True,False,1,1,2,,1.25,1,0.8174603174603174,False,0.9032258064516129
2022-12-06,7am,retest,long,-1.0,False,26.5,0.330188679245283,-1.0,False,0.4811320754716981,0.9464285714285714,True,False,0,1,1,,1.5,1,0.38492063492063494,True,0.7598566308243727
2022-12-07,6am,failure,long,-1.0,False,60.25,0.6182572614107884,-1.0,False,0.35684647302904565,2.802325581395349,True,False,17,1,1,2.159018143009605,1.75,2,1.3701492537313433,False,1.9435483870967742
2022-12-07,7am,retest,short,-1.0,False,83.25,0.5915915915915916,-1.0,False,0.29429429429429427,1.3817427385892116,False,False,52,7,1,2.445193929173693,15.25,2,-0.07761194029850746,True,2.448529411764706
2022-12-08,6am,retest,short,-1.0,False,31.75,0.16535433070866143,1.0,False,0.6220472440944882,1.6075949367088607,True,False,40,1,1,2.1753857734286792,3.0,3,1.0086393088552916,False,1.0241935483870968
2022-12-08,6am,failure,short,-1.0,False,31.75,0.16535433070866143,1.0,False,0.6220472440944882,1.6075949367088607,True,False,39,1,1,3.438836612489307,0.25,3,1.0086393088552916,False,1.0241935483870968
2022-12-08,7am,retest,short,1.3,True,33.5,0.5373134328358209,1.0,False,0.6791044776119403,1.0551181102362204,True,False,21,54,1,1.4755610205963725,37.5,3,1.101511879049676,False,0.9852941176470589
2022-12-08,7am,failure,short,-1.0,False,33.5,0.5373134328358209,1.0,False,0.6791044776119403,1.0551181102362204,True,False,0,1,7,,0.5,3,1.101511879049676,False,0.9852941176470589
2022-12-12,6am,failure,long,1.3,True,16.75,0.14925373134328357,-1.0,False,0.835820895522388,0.6767676767676768,True,False,3,1,1,,0.25,0,0.06837606837606838,True,0.5338645418326693
2022-12-12,7am,retest,short,1.3,True,15.0,0.5833333333333334,-1.0,False,0.6166666666666667,0.8955223880597015,False,False,9,7,7,,4.25,0,0.9768009768009768,False,0.449438202247191
2022-12-12,7am,retest,long,1.3,True,15.0,0.5833333333333334,-1.0,False,0.6166666666666667,0.8955223880597015,True,True,31,1,1,2.7981651376146788,1.25,0,0.09645909645909646,True,0.449438202247191
2022-12-12,7am,failure,short,1.3,True,15.0,0.5833333333333334,-1.0,False,0.6166666666666667,0.8955223880597015,False,False,6,1,2,,0.25,0,0.9768009768009768,False,0.449438202247191
2022-12-13,6am,retest,short,-1.0,False,18.75,0.02666666666666667,1.0,False,0.6933333333333334,0.38071065989847713,True,True,31,36,1,2.47710843373494,24.75,1,1.0600522193211488,False,0.6172839506172839
2022-12-13,6am,retest,long,1.3,True,18.75,0.02666666666666667,1.0,False,0.6933333333333334,0.38071065989847713,False,False,3,6,1,,5.25,1,0.13577023498694518,True,0.6172839506172839
2022-12-13,6am,failure,long,1.3,True,18.75,0.02666666666666667,1.0,False,0.6933333333333334,0.38071065989847713,False,False,2,1,1,,1.0,1,0.13577023498694518,True,0.6172839506172839
2022-12-14,6am,retest,short,1.3,True,36.75,0.11564625850340136,1.0,False,0.36054421768707484,1.3008849557522124,True,False,7,34,1,,20.75,2,0.26198083067092653,True,1.251063829787234
2022-12-14,6am,failure,short,-1.0,False,36.75,0.11564625850340136,1.0,False,0.36054421768707484,1.3008849557522124,True,False,0,1,6,,0.5,2,0.26198083067092653,True,1.251063829787234
2022-12-14,7am,retest,long,1.3,True,42.75,0.25146198830409355,-1.0,False,0.5146198830409356,1.163265306122449,True,False,14,2,1,2.124724061810155,11.75,2,1.0191693290734825,False,1.2954545454545454
2022-12-14,7am,failure,long,1.3,True,42.75,0.25146198830409355,-1.0,False,0.5146198830409356,1.163265306122449,True,False,11,1,2,1.3170933113129644,0.5,2,1.0191693290734825,False,1.2954545454545454
2022-12-15,6am,retest,short,1.3,True,36.25,0.8689655172413793,1.0,False,0.7103448275862069,1.4077669902912622,True,False,0,2,21,,5.25,3,0.18016928657799275,True,1.1934156378600822
2022-12-15,6am,retest,long,-1.0,False,36.25,0.8689655172413793,1.0,False,0.7103448275862069,1.4077669902912622,False,True,80,10,1,1.8399264029438822,15.75,3,0.9951632406287787,False,1.1934156378600822
2022-12-15,6am,failure,long,-1.0,False,36.25,0.8689655172413793,1.0,False,0.7103448275862069,1.4077669902912622,False,True,79,1,1,1.436662522447852,2.0,3,0.9951632406287787,False,1.1934156378600822
2022-12-16,6am,retest,short,-1.0,False,49.5,0.5252525252525253,1.0,False,0.5606060606060606,1.2298136645962734,True,False,2,12,1,,13.75,4,0.4094151212553495,True,1.6296296296296295
2022-12-16,6am,failure,short,-1.0,False,49.5,0.5252525252525253,1.0,False,0.5606060606060606,1.2298136645962734,True,False,0,1,1,,3.5,4,0.4094151212553495,True,1.6296296296296295
2022-12-19,6am,retest,long,-1.0,False,27.5,0.37272727272727274,-1.0,False,0.9181818181818182,0.8148148148148148,True,False,74,3,1,3.936936936936937,3.0,0,0.39779005524861877,True,0.9053497942386831
2022-12-20,6am,retest,long,-1.0,False,30.5,0.16393442622950818,1.0,False,0.5901639344262295,1.0082644628099173,False,False,35,6,1,4.574961360123647,7.75,1,0.38513513513513514,False,1.0041152263374487
2022-12-20,7am,retest,long,1.3,True,57.75,0.7662337662337663,-1.0,False,0.38095238095238093,1.8934426229508197,True,False,71,1,10,3.7858130804188894,4.25,1,0.5783783783783784,False,1.75
2022-12-21,6am,retest,short,-1.0,False,24.25,0.061855670103092786,-1.0,False,0.4845360824742268,0.6643835616438356,False,True,57,3,1,1.1779935275080906,4.25,2,0.4362934362934363,False,0.8049792531120332
2022-12-21,7am,retest,short,1.3,True,44.5,0.2247191011235955,1.0,False,0.5449438202247191,1.8350515463917525,True,False,1,1,1,,0.5,2,0.5019305019305019,False,1.3333333333333333
2022-12-22,6am,retest,long,-1.0,False,27.5,0.5,-1.0,False,0.35454545454545455,1.4666666666666666,True,False,16,1,2,4.235294117647059,5.25,3,1.273076923076923,False,0.9401709401709402
2022-12-22,7am,failure,long,-1.0,False,47.5,0.45263157894736844,-1.0,False,0.5052631578947369,1.7272727272727273,True,False,22,1,8,2.0198781660788714,0.75,3,1.6346153846153846,False,1.4232209737827715
2022-12-23,6am,retest,long,-1.0,False,50.5,0.5148514851485149,-1.0,False,0.8118811881188119,0.7890625,True,False,89,1,1,6.149622512010982,23.0,4,0.4530386740331492,True,1.8198198198198199
2022-12-23,7am,retest,short,1.3,True,36.5,0.5821917808219178,1.0,True,1.0,0.7227722772277227,True,False,1,1,1,,3.75,4,0.9558011049723757,False,1.0936329588014981
2022-12-27,7am,failure,long,-1.0,False,56.0,0.8169642857142857,-1.0,False,0.15178571428571427,2.731707317073171,True,False,3,1,33,,0.5,1,1.3260188087774294,False,1.6779026217228465
2022-12-28,6am,retest,short,1.3,True,26.0,0.27884615384615385,1.0,False,0.8173076923076923,0.6011560693641619,True,False,48,4,1,1.2176681257461202,4.5,2,0.873015873015873,False,0.9369369369369369
2022-12-28,6am,retest,long,-1.0,False,26.0,0.27884615384615385,1.0,False,0.8173076923076923,0.6011560693641619,False,True,102,19,1,1.4183617372182518,13.0,2,0.5396825396825397,True,0.9369369369369369
2022-12-28,6am,failure,short,1.3,True,26.0,0.27884615384615385,1.0,False,0.8173076923076923,0.6011560693641619,True,False,30,1,1,3.799253421816674,0.5,2,0.873015873015873,False,0.9369369369369369
2022-12-28,6am,failure,long,-1.0,False,26.0,0.27884615384615385,1.0,False,0.8173076923076923,0.6011560693641619,False,True,101,1,1,2.2209131075110458,0.25,2,0.5396825396825397,True,0.9369369369369369
2022-12-28,7am,retest,long,-1.0,False,24.25,0.16494845360824742,1.0,False,0.7628865979381443,0.9326923076923077,False,False,31,1,1,1.903400971706202,2.25,2,0.42063492063492064,True,0.7265917602996255
2022-12-29,6am,retest,short,-1.0,False,27.75,0.09009009009009009,-1.0,False,0.5045045045045045,1.5205479452054795,False,True,92,2,1,5.588235294117648,6.25,3,1.1903114186851211,False,1.0
2022-12-29,6am,retest,long,1.3,True,27.75,0.09009009009009009,-1.0,False,0.5045045045045045,1.5205479452054795,True,False,21,4,5,2.5874460948730236,3.75,3,0.19377162629757785,True,1.0
2022-12-29,7am,retest,short,-1.0,False,22.0,0.29545454545454547,-1.0,False,0.7727272727272727,0.7927927927927928,False,False,9,8,2,,5.75,3,1.041522491349481,False,0.6666666666666666
2022-12-29,7am,failure,short,-1.0,False,22.0,0.29545454545454547,-1.0,False,0.7727272727272727,0.7927927927927928,False,False,8,1,1,,0.75,3,1.041522491349481,False,0.6666666666666666
2022-12-30,7am,retest,long,-1.0,False,63.25,0.841897233201581,-1.0,False,0.11067193675889328,2.4326923076923075,True,False,0,1,1,,4.25,4,1.185483870967742,False,1.9461538461538461
2023-01-03,6am,failure,long,1.3,True,94.0,0.6941489361702128,-1.0,False,0.2845744680851064,1.9282051282051282,True,False,1,1,1,,1.5,1,0.5296803652968036,False,3.3721973094170403
2023-01-04,6am,retest,short,1.3,True,35.25,0.4326241134751773,1.0,False,0.8936170212765957,0.6778846153846154,True,True,80,15,2,2.0099731492136557,19.5,2,0.8263358778625954,False,1.2645739910313902
2023-01-04,6am,retest,long,-1.0,False,35.25,0.4326241134751773,1.0,False,0.8936170212765957,0.6778846153846154,False,False,8,2,12,,4.0,2,0.44274809160305345,True,1.2645739910313902
2023-01-04,7am,retest,short,-1.0,False,39.5,0.5063291139240507,-1.0,False,0.4810126582278481,1.1205673758865249,False,False,10,1,1,1.4490861618798956,2.75,2,0.7022900763358778,False,1.1835205992509363
2023-01-04,7am,failure,short,-1.0,False,39.5,0.5063291139240507,-1.0,False,0.4810126582278481,1.1205673758865249,False,False,9,1,1,,0.5,2,0.7022900763358778,False,1.1835205992509363
2023-01-05,6am,retest,short,1.3,True,36.5,0.5684931506849316,1.0,False,0.3493150684931507,0.9182389937106918,True,False,34,3,1,4.358875625721987,6.5,3,1.278592375366569,False,1.2478632478632479
2023-01-05,6am,retest,long,-1.0,False,36.5,0.5684931506849316,1.0,False,0.3493150684931507,0.9182389937106918,False,True,63,6,1,2.3903554354604033,9.0,3,0.1495601173020528,True,1.2478632478632479
2023-01-05,6am,failure,long,-1.0,False,36.5,0.5684931506849316,1.0,False,0.3493150684931507,0.9182389937106918,False,True,51,1,12,0.9212802768166091,0.5,3,0.1495601173020528,True,1.2478632478632479
2023-01-05,7am,retest,long,-1.0,False,43.5,0.3850574712643678,-1.0,False,0.8390804597701149,1.1917808219178083,True,False,3,6,1,,8.5,3,0.15542521994134897,True,1.2428571428571429
2023-01-06,6am,retest,long,1.3,True,30.25,0.06611570247933884,1.0,False,0.768595041322314,0.8344827586206897,False,False,12,2,3,0.8112449799196787,2.5,4,0.9559164733178654,False,1.0341880341880343
2023-01-06,7am,retest,long,-1.0,False,28.75,0.08695652173913043,1.0,False,0.8521739130434782,0.9504132231404959,False,False,17,9,1,2.709606986899563,27.5,4,0.9953596287703016,False,0.756578947368421
2023-01-06,7am,failure,long,-1.0,False,28.75,0.08695652173913043,1.0,False,0.8521739130434782,0.9504132231404959,False,False,16,1,1,1.137511693171188,0.25,4,0.9953596287703016,False,0.756578947368421
2023-01-09,6am,retest,short,1.3,True,28.75,0.3739130434782609,-1.0,False,0.6434782608695652,1.074766355140187,False,False,32,18,1,3.930497303774715,16.0,0,0.7388059701492538,False,0.9465020576131687
2023-01-09,7am,retest,short,-1.0,False,37.75,0.5496688741721855,1.0,False,0.5761589403973509,1.3130434782608695,True,True,31,8,1,4.976039869656891,11.5,0,0.9776119402985075,False,0.993421052631579
2023-01-09,7am,failure,long,1.3,True,37.75,0.5496688741721855,1.0,False,0.5761589403973509,1.3130434782608695,False,False,7,1,1,,0.25,0,0.585820895522388,True,0.993421052631579
2023-01-10,6am,retest,long,-1.0,False,63.25,0.7865612648221344,-1.0,False,0.37549407114624506,2.1440677966101696,True,False,9,6,1,,16.0,1,0.8544891640866873,False,2.0823045267489713
2023-01-10,7am,retest,short,-1.0,False,55.5,0.5405405405405406,-1.0,False,0.22972972972972974,0.8774703557312253,False,False,64,8,1,4.420214278941879,24.5,1,0.30340557275541796,True,1.4368932038834952
2023-01-11,6am,retest,short,1.3,True,34.25,0.20437956204379562,1.0,False,0.8978102189781022,0.9448275862068966,True,True,84,3,2,3.0879237288135593,6.5,2,0.9349112426035503,False,1.1004016064257027
2023-01-11,6am,retest,long,1.3,True,34.25,0.20437956204379562,1.0,False,0.8978102189781022,0.9448275862068966,False,False,19,4,1,1.077731092436975,9.0,2,0.47041420118343197,True,1.1004016064257027
2023-01-11,6am,failure,short,1.3,True,34.25,0.20437956204379562,1.0,False,0.8978102189781022,0.9448275862068966,True,True,79,1,5,1.860730593607306,0.75,2,0.9349112426035503,False,1.1004016064257027
2023-01-11,6am,failure,long,1.3,True,34.25,0.20437956204379562,1.0,False,0.8978102189781022,0.9448275862068966,False,False,18,1,1,1.8885793871866294,1.75,2,0.47041420118343197,True,1.1004016064257027
2023-01-11,7am,retest,short,-1.0,False,31.25,0.048,-1.0,False,0.712,0.9124087591240876,False,False,6,1,1,,5.5,2,0.7928994082840237,False,0.7598784194528876
2023-01-11,7am,failure,short,-1.0,False,31.25,0.048,-1.0,False,0.712,0.9124087591240876,False,False,1,1,1,,0.75,2,0.7928994082840237,False,0.7598784194528876
2023-01-12,6am,retest,short,-1.0,False,14.0,0.07142857142857142,1.0,True,1.0,0.4148148148148148,True,False,14,2,1,2.535645472061657,4.0,3,0.5459770114942529,True,0.4497991967871486
2023-01-13,7am,retest,long,1.3,True,78.0,0.7884615384615384,-1.0,False,0.30128205128205127,1.4311926605504588,True,False,5,6,18,,10.75,4,2.027027027027027,False,1.8966565349544073
2023-01-13,7am,failure,long,1.3,True,78.0,0.7884615384615384,-1.0,False,0.30128205128205127,1.4311926605504588,True,False,4,1,1,,0.75,4,2.027027027027027,False,1.8966565349544073
2023-01-17,6am,retest,short,-1.0,False,16.0,0.0625,-1.0,True,1.0,0.49230769230769234,False,False,8,1,2,,2.0,1,0.5874125874125874,False,0.5267489711934157
2023-01-17,6am,retest,long,-1.0,False,16.0,0.0625,-1.0,True,1.0,0.49230769230769234,True,True,47,1,3,3.1808510638297873,3.25,1,0.6363636363636364,False,0.5267489711934157
2023-01-17,6am,failure,short,1.3,True,16.0,0.0625,-1.0,True,1.0,0.49230769230769234,False,False,0,1,1,,2.25,1,0.5874125874125874,False,0.5267489711934157
2023-01-17,7am,retest,long,1.3,True,37.5,0.26,-1.0,False,0.4266666666666667,2.34375,True,False,2,5,1,,9.25,1,0.7062937062937062,False,0.9118541033434651
2023-01-18,6am,retest,short,-1.0,False,17.0,0.39705882352941174,1.0,False,0.75,0.5354330708661418,True,False,5,2,3,,3.0,2,0.6162528216704289,False,0.5596707818930041
2023-01-18,6am,failure,short,-1.0,False,17.0,0.39705882352941174,1.0,False,0.75,0.5354330708661418,True,False,4,1,1,,1.75,2,0.6162528216704289,False,0.5596707818930041
2023-01-19,6am,retest,long,-1.0,False,41.25,0.703030303030303,-1.0,False,0.3515151515151515,1.1702127659574468,True,False,3,2,1,,5.5,3,1.30835734870317,False,1.3580246913580247
2023-01-19,6am,failure,long,-1.0,False,41.25,0.703030303030303,-1.0,False,0.3515151515151515,1.1702127659574468,True,False,2,1,1,,4.5,3,1.30835734870317,False,1.3580246913580247
2023-01-19,7am,retest,short,-1.0,False,32.25,0.5891472868217055,-1.0,False,0.46511627906976744,0.7818181818181819,False,True,54,2,1,1.8880060537268255,4.25,3,-0.13544668587896252,True,0.78419452887538
2023-01-19,7am,retest,long,1.3,True,32.25,0.5891472868217055,-1.0,False,0.46511627906976744,0.7818181818181819,True,False,31,1,1,3.9980034938857,8.5,3,1.5072046109510087,False,0.78419452887538
2023-01-20,6am,retest,short,-1.0,False,27.0,0.046296296296296294,1.0,False,0.8888888888888888,0.5837837837837838,True,False,11,5,1,2.11470113085622,5.0,4,0.7269372693726938,False,0.8888888888888888
2023-01-20,7am,failure,short,1.3,True,42.75,0.6549707602339181,1.0,False,0.28654970760233917,1.5833333333333333,True,False,6,1,1,,1.25,4,1.1771217712177122,False,1.1067961165048543
2023-01-23,6am,failure,short,-1.0,False,21.5,0.43023255813953487,-1.0,False,0.9186046511627907,0.6564885496183206,False,False,8,1,15,,0.25,0,0.4125560538116592,True,0.7288135593220338
2023-01-23,7am,retest,short,-1.0,False,43.25,0.5780346820809249,1.0,False,0.3179190751445087,2.011627906976744,True,False,7,2,1,,6.5,0,0.9417040358744395,False,1.0516717325227964
2023-01-23,7am,failure,short,-1.0,False,43.25,0.5780346820809249,1.0,False,0.3179190751445087,2.011627906976744,True,False,5,1,1,,1.75,0,0.9417040358744395,False,1.0516717325227964
2023-01-24,7am,failure,long,1.3,True,18.75,0.05333333333333334,-1.0,False,0.8266666666666667,0.7731958762886598,True,False,18,1,2,2.916729182295574,1.0,1,1.1818181818181819,False,0.43859649122807015
2023-01-26,6am,retest,short,-1.0,False,20.75,0.20481927710843373,1.0,False,0.6385542168674698,0.6535433070866141,True,False,12,2,1,1.7706185567010309,1.25,3,0.9268929503916449,False,0.7345132743362832
2023-01-26,7am,retest,short,-1.0,False,58.25,0.8154506437768241,1.0,False,0.2017167381974249,2.8072289156626504,True,True,38,1,1,3.063214013709063,6.5,3,1.412532637075718,False,1.4164133738601823
2023-01-26,7am,failure,long,1.3,True,58.25,0.8154506437768241,1.0,False,0.2017167381974249,2.8072289156626504,False,False,30,1,3,12.530864197530864,14.25,3,0.195822454308094,True,1.4164133738601823
2023-01-27,6am,retest,long,1.3,True,22.25,0.2247191011235955,1.0,False,0.7191011235955056,1.2361111111111112,False,True,39,1,4,1.0691703391454301,1.0,4,0.5202312138728323,True,0.7876106194690266
2023-01-27,6am,failure,long,1.3,True,22.25,0.2247191011235955,1.0,False,0.7191011235955056,1.2361111111111112,False,True,38,1,1,1.057616416732439,0.75,4,0.5202312138728323,True,0.7876106194690266
2023-01-27,7am,failure,long,1.3,True,41.25,0.5333333333333333,-1.0,False,0.5393939393939394,1.853932584269663,True,False,0,1,2,,0.75,4,0.6589595375722543,False,1.0030395136778116
2023-01-30,6am,retest,short,-1.0,False,41.75,0.41317365269461076,-1.0,False,0.46107784431137727,1.941860465116279,False,False,48,4,1,1.2292859294968366,3.25,0,0.12849872773536897,True,1.51131221719457
2023-01-30,6am,failure,short,-1.0,False,41.75,0.41317365269461076,-1.0,False,0.46107784431137727,1.941860465116279,False,False,30,1,17,2.057773450178513,0.75,0,0.12849872773536897,True,1.51131221719457
2023-01-30,7am,retest,short,1.3,True,30.0,0.775,1.0,False,0.675,0.718562874251497,True,False,10,1,1,0.9991235758106924,0.75,0,0.178117048346056,True,0.7430340557275542
2023-01-31,6am,retest,short,-1.0,False,43.0,0.627906976744186,1.0,False,0.6976744186046512,1.2554744525547445,True,False,0,5,7,,10.25,1,0.24896265560165975,True,1.5221238938053097
2023-01-31,7am,retest,short,1.3,True,33.75,0.5555555555555556,1.0,False,0.25925925925925924,0.7848837209302325,True,False,1,1,1,,1.5,1,0.45643153526970953,True,0.8737864077669902
2023-02-01,6am,retest,short,-1.0,False,25.25,0.801980198019802,1.0,False,0.7722772277227723,1.10989010989011,True,False,2,116,1,,36.25,2,0.7549407114624506,False,0.8559322033898306
2023-02-02,6am,retest,short,-1.0,False,33.0,0.1893939393939394,-1.0,False,0.6590909090909091,0.9230769230769231,False,True,34,1,9,1.861604409063074,1.5,3,0.8329355608591885,False,1.168141592920354
2023-02-02,7am,retest,short,-1.0,False,61.0,0.7090163934426229,1.0,False,0.5409836065573771,1.8484848484848484,True,False,22,4,1,1.7534839669868758,9.75,3,1.0692124105011933,False,1.5792880258899675
2023-02-02,7am,failure,short,-1.0,False,61.0,0.7090163934426229,1.0,False,0.5409836065573771,1.8484848484848484,True,False,16,1,4,2.6238040566398775,2.75,3,1.0692124105011933,False,1.5792880258899675
2023-02-03,6am,retest,short,-1.0,False,48.5,0.4845360824742268,1.0,False,0.6134020618556701,1.4057971014492754,True,False,0,26,1,,37.25,4,0.5756302521008403,True,1.6440677966101696
2023-02-03,6am,failure,long,1.3,True,48.5,0.4845360824742268,1.0,False,0.6134020618556701,1.4057971014492754,False,True,90,1,1,13.394319753217742,3.5,4,0.696078431372549,False,1.6440677966101696
2023-02-03,7am,failure,short,1.3,True,63.5,0.9173228346456693,1.0,False,0.15354330708661418,1.309278350515464,True,False,0,1,6,,1.75,4,0.876750700280112,True,1.6440129449838188
2023-02-06,6am,retest,short,-1.0,False,39.25,0.012738853503184714,1.0,False,0.7707006369426752,1.2661290322580645,True,False,0,95,1,,42.25,0,0.21723518850987433,True,1.2411067193675889
2023-02-06,7am,retest,long,1.3,True,46.0,0.7771739130434783,1.0,False,0.09782608695652174,1.1719745222929936,False,True,37,1,1,1.705305741403454,3.5,0,0.8150807899461401,False,1.1393188854489165
2023-02-06,7am,failure,long,1.3,True,46.0,0.7771739130434783,1.0,False,0.09782608695652174,1.1719745222929936,False,True,35,1,2,2.413246432975163,1.25,0,0.8150807899461401,False,1.1393188854489165
2023-02-07,6am,retest,short,-1.0,False,22.0,0.4659090909090909,1.0,False,0.7159090909090909,0.567741935483871,True,False,1,51,1,,20.25,1,0.7168367346938775,False,0.6956521739130435
2023-02-07,6am,failure,short,-1.0,False,22.0,0.4659090909090909,1.0,False,0.7159090909090909,0.567741935483871,True,False,0,1,1,,1.75,1,0.7168367346938775,False,0.6956521739130435
2023-02-07,6am,failure,long,1.3,True,22.0,0.4659090909090909,1.0,False,0.7159090909090909,0.567741935483871,False,True,86,1,1,1.7497749774977498,2.25,1,0.5076530612244898,True,0.6956521739130435
2023-02-08,6am,retest,short,1.3,True,24.75,0.26262626262626265,-1.0,False,0.7575757575757576,0.75,False,False,2,11,1,,19.25,2,0.5081967213114754,False,0.8389830508474576
2023-02-08,6am,retest,long,-1.0,False,24.75,0.26262626262626265,-1.0,False,0.7575757575757576,0.75,True,True,52,3,1,4.387755102040816,13.25,2,0.7622950819672131,True,0.8389830508474576
2023-02-08,7am,retest,long,-1.0,False,57.25,0.2052401746724891,-1.0,False,0.43231441048034935,2.313131313131313,True,False,11,1,2,2.968798751950078,5.5,2,0.907103825136612,False,1.3630952380952381
2023-02-09,6am,retest,long,1.3,True,49.5,0.5909090909090909,-1.0,False,0.7626262626262627,1.3112582781456954,True,False,39,1,16,3.028616852146264,3.0,3,0.2719665271966527,True,1.7757847533632287
2023-02-09,6am,failure,short,1.3,True,49.5,0.5909090909090909,-1.0,False,0.7626262626262627,1.3112582781456954,False,True,146,1,1,2.3744027797886202,3.75,3,1.00418410041841,False,1.7757847533632287
2023-02-09,6am,failure,long,1.3,True,49.5,0.5909090909090909,-1.0,False,0.7626262626262627,1.3112582781456954,True,False,12,1,26,0.9120715350223547,0.25,3,0.2719665271966527,True,1.7757847533632287
2023-02-09,7am,retest,short,-1.0,False,30.5,0.9016393442622951,-1.0,False,0.6311475409836066,0.6161616161616161,False,False,30,7,3,8.294815740162399,15.0,3,0.8354253835425384,False,0.7261904761904762
2023-02-10,6am,retest,short,-1.0,False,51.0,0.696078431372549,-1.0,False,0.46078431372549017,1.0851063829787233,False,True,73,1,1,1.2102668706442292,1.25,4,0.1551155115511551,True,1.8295964125560538
2023-02-10,6am,failure,short,-1.0,False,51.0,0.696078431372549,-1.0,False,0.46078431372549017,1.0851063829787233,False,True,72,1,1,2.179044852006537,0.75,4,0.1551155115511551,True,1.8295964125560538
2023-02-13,6am,retest,short,1.3,True,21.0,0.047619047619047616,1.0,False,0.47619047619047616,0.6131386861313869,True,False,12,65,2,2.6657496561210454,26.5,0,1.0841300191204588,False,0.7
2023-02-13,6am,retest,long,1.3,True,21.0,0.047619047619047616,1.0,False,0.47619047619047616,0.6131386861313869,False,True,113,1,2,0.7039337474120083,1.0,0,0.07648183556405354,True,0.7
2023-02-13,6am,failure,long,1.3,True,21.0,0.047619047619047616,1.0,False,0.47619047619047616,0.6131386861313869,False,True,109,1,3,1.351869606903164,1.0,0,0.07648183556405354,True,0.7
2023-02-13,7am,retest,long,-1.0,False,43.0,0.45930232558139533,1.0,False,0.38372093023255816,2.0476190476190474,False,False,47,3,1,1.9116507362438646,5.5,0,0.04206500956022945,True,1.0238095238095237
2023-02-14,6am,retest,short,1.3,True,26.5,0.2358490566037736,-1.0,False,0.8018867924528302,0.6708860759493671,False,False,53,1,1,2.0344287949921753,1.75,1,1.0591549295774647,False,1.014354066985646
2023-02-14,6am,failure,long,1.3,True,26.5,0.2358490566037736,-1.0,False,0.8018867924528302,0.6708860759493671,True,True,67,1,3,1.7716115261472785,1.0,1,0.23943661971830985,True,1.014354066985646
2023-02-14,7am,retest,long,1.3,True,26.0,0.6153846153846154,1.0,False,0.9230769230769231,0.9811320754716981,False,False,6,2,1,,3.5,1,0.2112676056338028,True,0.6190476190476191
2023-02-15,6am,retest,short,-1.0,False,22.0,0.26136363636363635,-1.0,False,0.9431818181818182,1.035294117647059,False,False,4,1,1,,1.5,2,0.5648648648648649,True,0.8502415458937198
2023-02-15,6am,failure,short,-1.0,False,22.0,0.26136363636363635,-1.0,False,0.9431818181818182,1.035294117647059,False,False,3,1,1,,1.25,2,0.5648648648648649,True,0.8502415458937198
2023-02-15,7am,retest,long,-1.0,False,46.5,0.45161290322580644,1.0,False,0.20967741935483872,2.1136363636363638,False,False,6,3,1,,7.25,2,0.5405405405405406,False,1.1071428571428572
2023-02-16,7am,retest,long,-1.0,False,50.25,0.7213930348258707,-1.0,False,0.26865671641791045,2.6103896103896105,True,False,5,4,1,,6.0,3,1.5689655172413792,False,1.1720116618075802
2023-02-17,6am,retest,short,-1.0,False,30.0,0.4,1.0,False,0.5666666666666667,1.1111111111111112,True,False,0,1,2,,3.0,4,0.27680311890838205,True,1.1594202898550725
2023-02-17,7am,failure,long,1.3,True,30.75,0.3902439024390244,1.0,False,0.3333333333333333,1.025,False,False,21,1,1,2.359767891682785,3.0,4,0.8031189083820662,False,0.717201166180758
2023-02-20,6am,retest,short,1.3,True,32.75,0.5954198473282443,1.0,False,0.35877862595419846,1.2242990654205608,True,False,5,5,1,,10.25,0,1.0166666666666666,False,1.2242990654205608
2023-02-21,6am,retest,long,1.3,True,33.25,0.47368421052631576,1.0,False,0.8195488721804511,0.95,False,False,9,1,1,,5.75,1,0.7970297029702971,False,1.1666666666666667
2023-02-21,7am,retest,long,-1.0,False,36.75,0.5170068027210885,-1.0,False,0.7346938775510204,1.105263157894737,True,False,25,4,14,0.9467455621301775,8.0,1,0.8613861386138614,False,0.8571428571428571
2023-02-21,7am,failure,long,-1.0,False,36.75,0.5170068027210885,-1.0,False,0.7346938775510204,1.105263157894737,True,False,10,1,12,1.5692684920310584,2.75,1,0.8613861386138614,False,0.8571428571428571
2023-02-23,6am,retest,short,-1.0,False,30.75,0.6422764227642277,1.0,False,0.4146341463414634,1.618421052631579,True,False,2,4,4,,7.0,3,0.7682119205298014,False,1.0789473684210527
2023-02-23,7am,retest,short,-1.0,False,23.25,0.2903225806451613,1.0,False,0.5268817204301075,0.7560975609756098,True,False,12,2,3,2.0833333333333335,4.0,3,0.9139072847682119,False,0.5535714285714286
2023-02-23,7am,retest,long,-1.0,False,23.25,0.2903225806451613,1.0,False,0.5268817204301075,0.7560975609756098,False,True,32,1,1,3.866623221461931,11.25,3,0.39403973509933776,True,0.5535714285714286
2023-02-24,7am,failure,long,1.3,True,20.75,0.0963855421686747,-1.0,True,1.0,0.5253164556962026,True,False,14,1,1,1.7596122778675283,1.25,4,1.1938534278959811,False,0.49404761904761907
2023-02-27,6am,retest,short,1.3,True,21.75,0.4942528735632184,1.0,False,0.8390804597701149,0.8529411764705882,True,False,12,9,10,0.9079229122055674,6.0,0,0.9176136363636364,False,0.7160493827160493
2023-02-27,6am,failure,short,1.3,True,21.75,0.4942528735632184,1.0,False,0.8390804597701149,0.8529411764705882,True,False,7,1,1,,1.25,0,0.9176136363636364,False,0.7160493827160493
2023-02-27,7am,retest,short,-1.0,False,23.25,0.22580645161290322,-1.0,False,0.7419354838709677,1.0689655172413792,False,False,22,7,1,1.0229007633587786,10.0,0,0.9857954545454546,False,0.5535714285714286
2023-02-27,7am,failure,short,-1.0,False,23.25,0.22580645161290322,-1.0,False,0.7419354838709677,1.0689655172413792,False,False,20,1,1,2.7478042659974906,1.25,0,0.9857954545454546,False,0.5535714285714286
2023-02-28,6am,retest,short,1.3,True,34.75,0.6330935251798561,1.0,False,0.1510791366906475,0.9328859060402684,True,False,11,28,1,1.1535859269282813,20.25,1,0.9722921914357683,False,1.1440329218106995
2023-02-28,6am,retest,long,-1.0,False,34.75,0.6330935251798561,1.0,False,0.1510791366906475,0.9328859060402684,False,True,95,15,12,3.675310033821871,16.5,1,0.3778337531486146,True,1.1440329218106995
2023-02-28,6am,failure,short,-1.0,False,34.75,0.6330935251798561,1.0,False,0.1510791366906475,0.9328859060402684,True,False,10,1,1,2.0850367947669666,2.25,1,0.9722921914357683,False,1.1440329218106995
2023-02-28,7am,failure,long,-1.0,False,34.75,0.6690647482014388,1.0,False,0.4172661870503597,1.0,False,False,8,1,13,,0.5,1,0.17380352644836272,True,0.8910256410256411
2023-03-01,6am,retest,long,-1.0,False,18.75,0.28,-1.0,False,0.8,0.5514705882352942,True,False,1,3,5,,3.0,2,0.10084033613445378,True,0.5905511811023622
2023-03-01,7am,failure,long,-1.0,False,22.0,0.5681818181818182,-1.0,False,0.25,1.1733333333333333,True,False,0,1,1,,0.5,2,0.21176470588235294,True,0.6153846153846154
2023-03-02,6am,retest,short,1.3,True,30.75,0.6910569105691057,1.0,False,0.1951219512195122,0.6949152542372882,True,False,0,13,1,,10.0,3,0.4772370486656201,True,0.968503937007874
2023-03-02,6am,retest,long,1.3,True,30.75,0.6910569105691057,1.0,False,0.1951219512195122,0.6949152542372882,False,True,51,3,1,1.8668596237337192,5.0,3,0.7158555729984302,False,0.968503937007874
2023-03-02,7am,retest,long,-1.0,False,45.75,0.5519125683060109,-1.0,False,0.6721311475409836,1.4878048780487805,True,False,0,1,9,,3.25,3,0.7472527472527473,False,1.2797202797202798
2023-03-03,6am,retest,short,1.3,True,25.0,0.73,1.0,False,0.5,0.9615384615384616,True,False,1,2,1,,4.5,4,1.135135135135135,False,0.8130081300813008
2023-03-03,6am,retest,long,-1.0,False,25.0,0.73,1.0,False,0.5,0.9615384615384616,False,True,42,24,1,2.2771084337349397,13.25,4,0.13513513513513514,True,0.8130081300813008
2023-03-03,7am,retest,short,-1.0,False,45.25,0.574585635359116,-1.0,False,0.5524861878453039,1.81,False,False,49,4,1,3.0869376536959354,4.75,4,1.2108108108108109,False,1.2657342657342658
2023-03-06,6am,failure,short,-1.0,False,44.5,0.6067415730337079,-1.0,False,0.5898876404494382,1.6952380952380952,False,False,70,1,1,2.2222222222222223,2.0,0,0.6265356265356266,True,1.4650205761316872
2023-03-06,7am,retest,short,-1.0,False,28.5,0.9824561403508771,1.0,True,1.0,0.6404494382022472,True,False,0,1,3,,3.25,0,0.5233415233415234,False,0.7972027972027972
2023-03-07,6am,retest,long,1.3,True,24.5,0.45918367346938777,-1.0,False,0.7653061224489796,1.3066666666666666,True,False,23,13,4,3.408943616331821,5.75,1,0.5,True,0.7967479674796748
2023-03-07,7am,retest,short,1.3,True,16.75,0.16417910447761194,-1.0,False,0.6567164179104478,0.6836734693877551,False,False,6,2,1,,3.75,1,0.6594202898550725,False,0.46853146853146854
2023-03-08,6am,retest,long,-1.0,False,27.75,0.23423423423423423,-1.0,False,0.3783783783783784,1.009090909090909,True,False,2,1,11,,4.0,2,0.17142857142857143,True,0.9135802469135802
2023-03-08,7am,retest,long,1.3,True,45.25,0.46408839779005523,-1.0,False,0.16574585635359115,1.6306306306306306,True,False,17,2,1,1.7397346809854708,5.5,2,0.7877551020408163,False,1.2657342657342658
2023-03-08,7am,failure,long,1.3,True,45.25,0.46408839779005523,-1.0,False,0.16574585635359115,1.6306306306306306,True,False,16,1,1,3.4322541046493784,6.5,2,0.7877551020408163,False,1.2657342657342658
2023-03-09,6am,retest,long,1.3,True,22.25,0.797752808988764,1.0,False,0.2696629213483146,0.9081632653061225,False,True,70,1,2,1.1062516079238487,0.5,3,0.8159203980099502,False,0.7705627705627706
2023-03-09,6am,failure,long,1.3,True,22.25,0.797752808988764,1.0,False,0.2696629213483146,0.9081632653061225,False,True,68,1,1,1.3579545454545454,0.5,3,0.8159203980099502,False,0.7705627705627706
2023-03-09,7am,retest,long,1.3,True,23.75,0.3894736842105263,-1.0,False,0.9368421052631579,1.0674157303370786,True,False,10,1,2,0.9976798143851509,0.5,3,0.8159203980099502,False,0.6643356643356644
2023-03-09,7am,failure,long,1.3,True,23.75,0.3894736842105263,-1.0,False,0.9368421052631579,1.0674157303370786,True,False,8,1,1,,0.5,3,0.8159203980099502,False,0.6643356643356644
2023-03-10,7am,retest,short,1.3,True,41.0,0.3719512195121951,-1.0,True,1.0,0.5521885521885522,False,True,30,44,1,13.42608695652174,77.75,4,1.062953995157385,False,1.251908396946565
2023-03-10,7am,failure,long,1.3,True,41.0,0.3719512195121951,-1.0,True,1.0,0.5521885521885522,True,False,23,1,5,1.4988142292490119,0.5,4,0.3341404358353511,True,1.251908396946565
2023-03-13,6am,retest,short,1.3,True,116.75,0.5653104925053534,1.0,False,0.7408993576017131,1.20671834625323,True,False,4,1,2,,16.25,0,0.6887994634473508,False,4.304147465437788
2023-03-13,6am,failure,short,1.3,True,116.75,0.5653104925053534,1.0,False,0.7408993576017131,1.20671834625323,True,False,0,1,4,,2.25,0,0.6887994634473508,False,4.304147465437788
2023-03-13,6am,failure,long,-1.0,False,116.75,0.5653104925053534,1.0,False,0.7408993576017131,1.20671834625323,False,True,72,1,20,2.9633235962349884,4.25,0,0.6244131455399061,True,4.304147465437788
2023-03-13,7am,failure,long,-1.0,False,87.75,0.34472934472934474,-1.0,False,0.8148148148148148,0.7516059957173448,True,False,4,1,1,,2.75,0,0.5030181086519114,True,2.6793893129770994
2023-03-14,6am,retest,short,-1.0,False,38.5,0.35064935064935066,1.0,False,0.7337662337662337,0.927710843373494,True,False,5,1,2,,2.75,1,0.6716867469879518,False,1.3333333333333333
2023-03-14,6am,failure,short,-1.0,False,38.5,0.35064935064935066,1.0,False,0.7337662337662337,0.927710843373494,True,False,1,1,4,,2.0,1,0.6716867469879518,False,1.3333333333333333
2023-03-14,7am,retest,short,-1.0,False,54.0,0.49537037037037035,1.0,False,0.20833333333333334,1.4025974025974026,True,False,27,1,1,0.8902729437625939,3.25,1,1.1867469879518073,False,1.6488549618320612
2023-03-14,7am,failure,short,-1.0,False,54.0,0.49537037037037035,1.0,False,0.20833333333333334,1.4025974025974026,True,False,13,1,1,2.605543710021322,3.0,1,1.1867469879518073,False,1.6488549618320612
2023-03-15,7am,retest,short,1.3,True,51.25,0.4634146341463415,1.0,True,1.0,0.3068862275449102,True,False,30,4,1,7.828403943511857,35.0,2,-0.4375,True,1.4335664335664335
2023-03-15,7am,retest,long,1.3,True,51.25,0.4634146341463415,1.0,True,1.0,0.3068862275449102,False,True,44,4,1,0.8981380065717416,27.75,2,1.8257575757575757,False,1.4335664335664335
2023-03-16,6am,retest,short,1.3,True,33.5,0.417910447761194,1.0,True,1.0,0.6733668341708543,True,True,46,6,1,3.9573732718894012,9.75,3,0.502906976744186,False,1.102880658436214
2023-03-16,6am,retest,long,1.3,True,33.5,0.417910447761194,1.0,True,1.0,0.6733668341708543,False,False,6,3,2,,4.25,3,0.8866279069767442,True,1.102880658436214
2023-03-16,7am,retest,long,-1.0,False,49.75,0.08040201005025126,-1.0,False,0.6733668341708543,1.4850746268656716,True,False,42,1,1,5.596126161497186,21.75,3,0.9622093023255814,True,1.3916083916083917
2023-03-17,6am,retest,short,1.3,True,26.25,0.37142857142857144,-1.0,True,1.0,0.75,False,True,53,1,2,1.7565020731247643,3.75,4,0.5666666666666667,False,0.8641975308641975
2023-03-17,6am,failure,long,-1.0,False,26.25,0.37142857142857144,-1.0,True,1.0,0.75,True,False,30,1,4,1.5982241953385128,0.75,4,0.7833333333333333,True,0.8641975308641975
2023-03-17,7am,retest,long,1.3,True,40.25,0.39751552795031053,1.0,False,0.6521739130434783,1.5333333333333334,False,True,22,43,1,3.9683680805176134,38.5,4,0.92,True,1.0353697749196142
2023-03-17,7am,failure,short,1.3,True,40.25,0.39751552795031053,1.0,False,0.6521739130434783,1.5333333333333334,True,False,0,1,1,,2.0,4,0.6166666666666667,False,1.0353697749196142
2023-03-20,6am,retest,long,1.3,True,45.5,0.06043956043956044,1.0,False,0.5659340659340659,0.7520661157024794,False,False,6,2,4,,13.5,0,0.5005561735261401,False,1.5757575757575757
2023-03-20,7am,retest,short,-1.0,False,51.25,0.33658536585365856,-1.0,False,0.5317073170731708,1.1263736263736264,False,False,38,3,1,3.013399813025865,12.25,0,0.6206896551724138,True,1.3311688311688312
2023-03-20,7am,failure,short,-1.0,False,51.25,0.33658536585365856,-1.0,False,0.5317073170731708,1.1263736263736264,False,False,36,1,2,2.7454188481675392,2.0,0,0.6206896551724138,True,1.3311688311688312
2023-03-22,6am,retest,short,1.3,True,26.5,0.5566037735849056,1.0,False,0.5943396226415094,0.7019867549668874,True,False,4,2,1,,5.75,2,0.6407766990291263,True,0.8724279835390947
2023-03-22,7am,retest,long,1.3,True,24.25,0.13402061855670103,-1.0,False,0.6494845360824743,0.9150943396226415,True,False,11,1,1,1.2207067575945445,1.0,2,0.5631067961165048,False,0.6298701298701299
2023-03-22,7am,failure,short,-1.0,False,24.25,0.13402061855670103,-1.0,False,0.6494845360824743,0.9150943396226415,False,True,75,1,1,2.2670172363423897,2.0,2,0.7508090614886731,True,0.6298701298701299
2023-03-23,6am,failure,short,1.3,True,48.5,0.1958762886597938,-1.0,False,0.5360824742268041,1.6302521008403361,False,False,106,1,1,1.829446064139942,1.25,3,0.90527950310559,False,1.5967078189300412
2023-03-23,7am,retest,long,1.3,True,24.75,0.030303030303030304,-1.0,True,1.0,0.5103092783505154,True,False,0,6,1,,11.5,3,0.2686335403726708,True,0.6428571428571429
2023-03-24,6am,retest,long,-1.0,False,45.0,0.2722222222222222,1.0,False,0.7111111111111111,0.5070422535211268,False,False,57,1,2,3.322321849929212,6.0,4,1.0982986767485823,False,1.4634146341463414
2023-03-24,7am,retest,long,1.3,True,48.5,0.634020618556701,-1.0,False,0.8762886597938144,1.0777777777777777,True,False,2,8,1,,15.5,4,1.1436672967863895,False,1.2933333333333332
2023-03-27,6am,retest,short,1.3,True,25.0,0.44,1.0,False,0.58,0.7246376811594203,True,False,7,30,1,,15.25,0,0.6887661141804788,False,0.7874015748031497
2023-03-27,6am,retest,long,1.3,True,25.0,0.44,1.0,False,0.58,0.7246376811594203,False,True,115,2,1,1.7737728242826654,6.0,0,0.4953959484346225,True,0.7874015748031497
2023-03-27,6am,failure,long,1.3,True,25.0,0.44,1.0,False,0.58,0.7246376811594203,False,True,114,1,1,2.003541613964078,2.25,0,0.4953959484346225,True,0.7874015748031497
2023-03-27,7am,retest,long,-1.0,False,30.5,0.5081967213114754,1.0,False,0.5,1.22,False,False,34,2,1,0.7935076645626691,5.0,0,0.42357274401473294,True,0.7507692307692307
2023-03-27,7am,failure,long,-1.0,False,30.5,0.5081967213114754,1.0,False,0.5,1.22,False,False,33,1,1,1.7731172545281222,2.5,0,0.42357274401473294,True,0.7507692307692307
2023-03-28,6am,retest,short,1.3,True,20.75,0.04819277108433735,1.0,False,0.7228915662650602,1.064102564102564,True,False,18,74,1,1.3216783216783217,23.25,1,0.2674772036474164,True,0.6747967479674797
2023-03-28,7am,failure,long,1.3,True,37.25,0.5973154362416108,1.0,False,0.37583892617449666,1.7951807228915662,False,False,44,1,1,0.9217506631299734,2.25,1,0.9027355623100304,False,0.916923076923077
2023-03-29,6am,retest,short,-1.0,False,20.5,0.7926829268292683,-1.0,False,0.7317073170731707,1.1714285714285715,False,True,112,7,1,2.602641056422569,7.5,2,0.9737991266375546,False,0.7008547008547008
2023-03-29,6am,failure,long,1.3,True,20.5,0.7926829268292683,-1.0,False,0.7317073170731707,1.1714285714285715,True,False,11,1,1,1.100714749837557,0.25,2,0.2052401746724891,True,0.7008547008547008
2023-03-30,6am,retest,short,-1.0,False,30.25,0.7024793388429752,1.0,False,0.2066115702479339,1.8059701492537314,True,False,3,1,1,,2.0,3,1.2990654205607477,False,1.1152073732718895
2023-03-30,7am,retest,short,1.3,True,16.25,0.2153846153846154,1.0,False,0.7076923076923077,0.5371900826446281,True,False,10,12,1,3.2717440288418205,8.5,3,1.3582554517133956,False,0.4
2023-03-31,7am,retest,short,-1.0,False,16.75,0.22388059701492538,-1.0,False,0.4925373134328358,1.3958333333333333,False,True,30,19,1,17.241689128481582,37.75,4,0.2814814814814815,True,0.4123076923076923
2023-03-31,7am,retest,long,-1.0,False,16.75,0.22388059701492538,-1.0,False,0.4925373134328358,1.3958333333333333,True,False,0,1,1,,3.5,4,0.9666666666666667,False,0.4123076923076923
2023-04-03,6am,failure,long,-1.0,False,14.0,0.07142857142857142,1.0,False,0.30357142857142855,0.9655172413793104,False,False,2,1,1,,1.5,0,0.7615894039735099,False,0.4827586206896552
2023-04-03,7am,retest,long,-1.0,False,26.0,0.36538461538461536,-1.0,False,0.38461538461538464,1.8571428571428572,True,False,5,1,1,,1.25,0,0.9735099337748344,False,0.64
2023-04-03,7am,failure,long,-1.0,False,26.0,0.36538461538461536,-1.0,False,0.38461538461538464,1.8571428571428572,True,False,4,1,1,,0.25,0,0.9735099337748344,False,0.64
2023-04-04,6am,retest,long,-1.0,False,21.75,0.8505747126436781,-1.0,True,1.0,0.2628398791540785,True,False,0,1,1,,2.25,1,0.18813905930470348,True,0.8018433179723502
2023-04-04,7am,retest,long,-1.0,False,21.25,0.12941176470588237,-1.0,False,0.38823529411764707,0.9770114942528736,True,False,30,1,1,1.619718309859155,0.75,1,0.294478527607362,True,0.5483870967741935
2023-04-05,6am,retest,short,-1.0,False,19.75,0.7088607594936709,1.0,False,0.6835443037974683,1.196969696969697,True,False,23,48,1,1.120783460282916,15.0,2,0.42402826855123676,True,0.728110599078341
2023-04-05,6am,failure,short,-1.0,False,19.75,0.7088607594936709,1.0,False,0.6835443037974683,1.196969696969697,True,False,0,1,1,,1.0,2,0.42402826855123676,True,0.728110599078341
2023-04-05,6am,failure,long,-1.0,False,19.75,0.7088607594936709,1.0,False,0.6835443037974683,1.196969696969697,False,True,141,1,1,1.6190258403841755,0.5,2,0.8551236749116607,False,0.728110599078341
2023-04-05,7am,retest,long,-1.0,False,22.25,0.2247191011235955,1.0,False,0.3258426966292135,1.1265822784810127,False,True,33,7,12,1.4813460131675202,9.0,2,0.6784452296819788,False,0.6568265682656826
2023-04-06,6am,retest,short,-1.0,False,61.75,0.5991902834008097,1.0,False,0.6923076923076923,1.1761904761904762,True,False,0,5,1,,10.5,3,0.5662251655629139,True,2.3412322274881516
2023-04-06,7am,retest,long,-1.0,False,26.75,0.7850467289719626,1.0,False,0.18691588785046728,0.4331983805668016,False,True,20,15,1,0.9835520850639642,21.5,3,0.5,False,0.7896678966789668
2023-04-07,6am,retest,short,1.3,True,12.5,0.08,-1.0,False,0.4,1.5151515151515151,False,False,2,3,1,,1.75,4,0.8472222222222222,False,0.4608294930875576
2023-04-07,6am,failure,short,1.3,True,12.5,0.08,-1.0,False,0.4,1.5151515151515151,False,False,1,1,1,,0.75,4,0.8472222222222222,False,0.4608294930875576
2023-04-07,6am,failure,long,-1.0,False,12.5,0.08,-1.0,False,0.4,1.5151515151515151,True,True,43,1,6,2.9374201787994894,0.25,4,0.5,True,0.4608294930875576
2023-04-07,7am,retest,short,-1.0,False,30.5,0.6557377049180327,-1.0,False,0.4098360655737705,2.44,False,True,31,1,1,8.00266311584554,15.25,4,0.8958333333333334,True,0.9003690036900369
2023-04-07,7am,failure,short,-1.0,False,30.5,0.6557377049180327,-1.0,False,0.4098360655737705,2.44,False,True,30,1,1,19.92202729044834,12.0,4,0.8958333333333334,True,0.9003690036900369
2023-04-07,7am,failure,long,1.3,True,30.5,0.6557377049180327,-1.0,False,0.4098360655737705,2.44,True,False,1,1,2,,1.25,4,0.9513888888888888,False,0.9003690036900369
2023-04-10,6am,failure,long,-1.0,False,16.75,0.1044776119402985,-1.0,False,0.8955223880597015,0.6633663366336634,True,False,1,1,1,,2.25,0,0.5651041666666666,False,0.6350710900473934
2023-04-12,6am,retest,long,1.3,True,32.5,0.6076923076923076,-1.0,False,0.823076923076923,1.1711711711711712,True,False,1,1,17,,0.75,2,0.4870689655172414,False,1.2322274881516588
2023-04-13,6am,retest,short,-1.0,False,25.5,0.5882352941176471,-1.0,True,1.0,0.5340314136125655,False,True,90,9,1,19.515619515619516,40.0,3,0.7816711590296496,False,0.966824644549763
2023-04-13,7am,retest,short,-1.0,False,36.25,0.43448275862068964,-1.0,False,0.7034482758620689,1.4215686274509804,False,True,30,4,1,19.515619515619516,39.25,3,0.7897574123989218,False,1.1885245901639345
2023-04-13,7am,retest,long,1.3,True,36.25,0.43448275862068964,-1.0,False,0.7034482758620689,1.4215686274509804,True,False,0,2,1,,4.75,3,0.601078167115903,True,1.1885245901639345
2023-04-14,6am,retest,long,1.3,True,53.5,0.5841121495327103,-1.0,False,0.2523364485981308,2.2061855670103094,True,False,104,6,1,2.7097514967604366,13.25,4,1.711111111111111,False,2.028436018957346
2023-04-14,7am,retest,long,-1.0,False,25.0,0.34,1.0,True,1.0,0.4672897196261682,False,True,44,17,1,2.7097514967604366,26.0,4,1.6044444444444443,False,0.7490636704119851
2023-04-14,7am,failure,long,1.3,True,25.0,0.34,1.0,True,1.0,0.4672897196261682,False,True,34,1,1,3.814558763725091,2.0,4,1.6044444444444443,False,0.7490636704119851
2023-04-17,6am,failure,short,1.3,True,33.5,0.6865671641791045,1.0,False,0.9776119402985075,0.9436619718309859,True,False,2,1,1,,2.0,0,0.5870445344129555,True,1.2701421800947867
2023-04-17,7am,retest,long,1.3,True,34.5,0.2391304347826087,-1.0,False,0.7246376811594203,1.0298507462686568,True,False,31,3,1,5.066926259430518,9.25,0,0.8178137651821862,False,1.1311475409836065
2023-04-18,6am,retest,short,-1.0,False,15.5,0.4838709677419355,-1.0,True,1.0,0.32460732984293195,False,True,30,22,1,3.1317600786627335,17.0,1,0.9471544715447154,False,0.5876777251184834
2023-04-18,6am,retest,long,1.3,True,15.5,0.4838709677419355,-1.0,True,1.0,0.32460732984293195,True,False,1,3,1,,4.75,1,0.17886178861788618,True,0.5876777251184834
2023-04-18,6am,failure,short,-1.0,False,15.5,0.4838709677419355,-1.0,True,1.0,0.32460732984293195,False,True,25,1,1,6.28826969384245,0.25,1,0.9471544715447154,False,0.5876777251184834
2023-04-18,6am,failure,long,1.3,True,15.5,0.4838709677419355,-1.0,True,1.0,0.32460732984293195,True,False,0,1,1,,0.75,1,0.17886178861788618,True,0.5876777251184834
2023-04-18,7am,retest,short,1.3,True,37.25,0.31543624161073824,1.0,False,0.4161073825503356,2.403225806451613,True,False,33,2,7,5.315341742446465,4.5,1,1.0853658536585367,False,1.221311475409836
2023-04-19,6am,retest,long,1.3,True,25.0,0.72,1.0,True,1.0,0.49019607843137253,False,True,105,1,1,1.6800757217226692,4.25,2,0.9342915811088296,False,0.966183574879227
2023-04-19,6am,failure,long,1.3,True,25.0,0.72,1.0,True,1.0,0.49019607843137253,False,True,103,1,1,4.104063139432914,0.5,2,0.9342915811088296,False,0.966183574879227
2023-04-19,7am,retest,long,1.3,True,23.5,0.18085106382978725,-1.0,False,0.6914893617021277,0.94,True,False,18,2,1,0.4406490179333903,3.25,2,0.8624229979466119,False,0.7704918032786885
2023-04-19,7am,failure,long,1.3,True,23.5,0.18085106382978725,-1.0,False,0.6914893617021277,0.94,True,False,4,1,9,,1.25,2,0.8624229979466119,False,0.7704918032786885
2023-04-20,6am,retest,short,1.3,True,25.0,0.68,1.0,False,0.28,1.1764705882352942,True,False,11,1,1,1.5339918651946542,1.25,3,0.3037300177619893,True,0.9900990099009901
2023-04-20,6am,retest,long,1.3,True,25.0,0.68,1.0,False,0.28,1.1764705882352942,False,True,68,11,1,1.0189359783588818,10.25,3,0.8738898756660746,False,0.9900990099009901
2023-04-20,6am,failure,short,1.3,True,25.0,0.68,1.0,False,0.28,1.1764705882352942,True,False,0,1,11,,0.75,3,0.3037300177619893,True,0.9900990099009901
2023-04-20,6am,failure,long,-1.0,False,25.0,0.68,1.0,False,0.28,1.1764705882352942,False,True,61,1,2,6.558595069233367,4.25,3,0.8738898756660746,False,0.9900990099009901
2023-04-20,7am,retest,short,1.3,True,24.25,0.711340206185567,-1.0,False,0.845360824742268,0.97,False,True,56,3,1,1.2319502833120086,3.75,3,0.33037300177619894,True,0.8471615720524017
2023-04-20,7am,retest,long,-1.0,False,24.25,0.711340206185567,-1.0,False,0.845360824742268,0.97,True,False,0,5,1,,8.75,3,0.8419182948490231,False,0.8471615720524017
2023-04-21,6am,retest,long,1.3,True,59.75,0.9372384937238494,-1.0,False,0.07112970711297072,2.298076923076923,True,False,2,1,1,,5.0,4,1.3914590747330962,False,2.39
2023-04-21,6am,failure,short,1.3,True,59.75,0.9372384937238494,-1.0,False,0.07112970711297072,2.298076923076923,False,True,144,1,1,1.967271433653504,1.0,4,0.45907473309608543,True,2.39
2023-04-21,6am,failure,long,1.3,True,59.75,0.9372384937238494,-1.0,False,0.07112970711297072,2.298076923076923,True,False,1,1,1,,0.75,4,1.3914590747330962,False,2.39
2023-04-21,7am,failure,short,-1.0,False,27.75,0.35135135135135137,1.0,False,0.8198198198198198,0.46443514644351463,True,False,9,1,1,,1.75,4,-0.06761565836298933,True,1.052132701421801
2023-04-24,6am,retest,short,-1.0,False,21.75,0.39080459770114945,1.0,True,1.0,0.4142857142857143,True,False,0,2,1,,6.5,0,0.9560439560439561,False,0.87
2023-04-24,7am,retest,short,1.3,True,22.0,0.0,0.0,False,0.2159090909090909,1.0114942528735633,False,True,54,1,1,1.2234533702677748,2.75,0,1.2087912087912087,False,0.8341232227488151
2023-04-24,7am,failure,short,1.3,True,22.0,0.0,0.0,False,0.2159090909090909,1.0114942528735633,False,True,51,1,1,2.6006355932203387,1.75,0,1.2087912087912087,False,0.8341232227488151
2023-04-25,6am,retest,short,1.3,True,22.25,0.11235955056179775,1.0,False,0.5842696629213483,1.1265822784810127,True,False,21,4,1,4.4981412639405205,4.5,1,0.49865229110512127,True,0.89
2023-04-25,7am,retest,long,1.3,True,22.75,0.10989010989010989,-1.0,False,0.7692307692307693,1.0224719101123596,True,False,52,2,1,1.707243763149985,3.5,1,0.6900269541778976,False,0.8921568627450981
2023-04-25,7am,failure,long,1.3,True,22.75,0.10989010989010989,-1.0,False,0.7692307692307693,1.0224719101123596,True,False,51,1,1,1.8639951426836674,0.25,1,0.6900269541778976,False,0.8921568627450981
2023-04-26,6am,retest,long,-1.0,False,52.75,0.7677725118483413,-1.0,False,0.35071090047393366,2.7051282051282053,True,False,4,40,1,,30.5,2,0.9965986394557823,False,2.232804232804233
2023-04-26,6am,failure,long,-1.0,False,52.75,0.7677725118483413,-1.0,False,0.35071090047393366,2.7051282051282053,True,False,2,1,2,,0.25,2,0.9965986394557823,False,2.232804232804233
2023-04-26,7am,retest,short,1.3,True,52.25,0.7129186602870813,-1.0,False,0.2727272727272727,0.990521327014218,False,False,34,37,1,1.4751939118981414,21.0,2,0.19727891156462585,True,2.049019607843137
2023-04-26,7am,failure,short,-1.0,False,52.25,0.7129186602870813,-1.0,False,0.2727272727272727,0.990521327014218,False,False,33,1,1,1.9080174021131138,1.5,2,0.19727891156462585,True,2.049019607843137
2023-04-27,7am,failure,short,-1.0,False,21.75,0.5402298850574713,1.0,False,0.2988505747126437,0.8207547169811321,True,False,0,1,1,,1.75,3,0.9657320872274143,False,0.8246445497630331
2023-04-28,6am,retest,short,1.3,True,18.0,0.18055555555555555,1.0,True,1.0,0.7422680412371134,True,False,1,2,8,,3.5,4,0.3836734693877551,True,0.7619047619047619
2023-04-28,6am,retest,long,1.3,True,18.0,0.18055555555555555,1.0,True,1.0,0.7422680412371134,False,True,61,1,1,2.4525630133106766,1.25,4,0.9102040816326531,False,0.7619047619047619
2023-04-28,7am,retest,short,-1.0,False,22.0,0.22727272727272727,-1.0,False,0.5568181818181818,1.2222222222222223,False,True,48,1,1,0.4195389518938552,1.5,4,0.5428571428571428,True,0.8627450980392157
2023-04-28,7am,retest,long,1.3,True,22.0,0.22727272727272727,-1.0,False,0.5568181818181818,1.2222222222222223,True,False,0,13,3,,10.5,4,0.8163265306122449,False,0.8627450980392157
2023-04-28,7am,failure,short,1.3,True,22.0,0.22727272727272727,-1.0,False,0.5568181818181818,1.2222222222222223,False,True,32,1,1,6.721629485935984,9.0,4,0.5428571428571428,True,0.8627450980392157
2023-05-01,6am,retest,long,-1.0,False,26.25,0.2761904761904762,-1.0,False,0.6571428571428571,1.1666666666666667,True,False,58,1,1,2.1552604698672115,3.0,0,0.9121621621621622,False,1.1111111111111112
2023-05-01,6am,failure,long,-1.0,False,26.25,0.2761904761904762,-1.0,False,0.6571428571428571,1.1666666666666667,True,False,47,1,1,2.2102747909199523,0.25,0,0.9121621621621622,False,1.1111111111111112
2023-05-01,7am,retest,long,-1.0,False,18.25,0.3698630136986301,-1.0,False,0.8356164383561644,0.6952380952380952,True,False,1,1,2,,3.0,0,0.9527027027027027,False,0.7411167512690355
2023-05-02,6am,retest,long,1.3,True,19.75,0.21518987341772153,-1.0,False,0.7721518987341772,0.7523809523809524,True,True,82,13,1,0.9974025974025974,10.75,1,0.6119402985074627,True,0.79
2023-05-02,6am,failure,long,-1.0,False,19.75,0.21518987341772153,-1.0,False,0.7721518987341772,0.7523809523809524,True,True,61,1,16,4.67204843592331,0.75,1,0.6119402985074627,True,0.79
2023-05-02,7am,retest,long,-1.0,False,20.25,0.4074074074074074,-1.0,False,0.8641975308641975,1.0253164556962024,True,False,1,2,1,,3.0,1,0.5783582089552238,True,0.8481675392670157
2023-05-03,6am,retest,short,1.3,True,20.5,0.4146341463414634,-1.0,False,0.6951219512195121,1.3666666666666667,False,True,27,9,1,3.8284839203675345,4.75,2,1.1111111111111112,False,0.8677248677248677
2023-05-03,6am,retest,long,1.3,True,20.5,0.4146341463414634,-1.0,False,0.6951219512195121,1.3666666666666667,True,True,120,1,1,2.85097192224622,3.5,2,0.25333333333333335,True,0.8677248677248677
2023-05-03,6am,failure,short,1.3,True,20.5,0.4146341463414634,-1.0,False,0.6951219512195121,1.3666666666666667,False,True,25,1,1,2.01385189131593,0.5,2,1.1111111111111112,False,0.8677248677248677
2023-05-03,7am,failure,long,1.3,True,27.25,0.6055045871559633,1.0,False,0.7522935779816514,1.329268292682927,False,True,60,1,1,2.85097192224622,1.5,2,0.28888888888888886,True,1.1413612565445026
2023-05-04,6am,retest,long,-1.0,False,29.25,0.19658119658119658,-1.0,False,0.7094017094017094,0.8540145985401459,True,False,9,21,2,,11.5,3,0.5631067961165048,True,1.2380952380952381
2023-05-04,6am,failure,long,-1.0,False,29.25,0.19658119658119658,-1.0,False,0.7094017094017094,0.8540145985401459,True,False,7,1,1,,8.25,3,0.5631067961165048,True,1.2380952380952381
2023-05-04,7am,retest,long,-1.0,False,22.75,0.6153846153846154,-1.0,False,0.4945054945054945,0.7777777777777778,True,False,1,31,1,,27.75,3,0.6524271844660194,True,0.9238578680203046
2023-05-05,6am,retest,short,1.3,True,17.5,0.014285714285714285,1.0,False,0.4,0.7777777777777778,True,False,27,5,1,5.7111716621253406,5.0,4,1.1510791366906474,False,0.7
2023-05-05,7am,retest,long,1.3,True,20.5,0.5121951219512195,1.0,False,0.7560975609756098,1.1714285714285715,False,True,30,11,1,18.09930592632141,35.0,4,0.07194244604316546,True,0.8586387434554974
2023-05-08,6am,retest,short,1.3,True,16.0,0.125,-1.0,False,0.640625,0.927536231884058,False,False,10,3,8,1.081267217630854,3.25,0,0.656441717791411,True,0.64
2023-05-08,6am,failure,short,1.3,True,16.0,0.125,-1.0,False,0.640625,0.927536231884058,False,False,7,1,1,,1.0,0,0.656441717791411,True,0.64
2023-05-09,6am,retest,long,-1.0,False,14.0,0.0,0.0,False,0.9821428571428571,0.7088607594936709,True,False,25,47,8,3.5785007072135784,15.0,1,0.9047619047619048,False,0.5925925925925926
2023-05-09,7am,retest,long,1.3,True,28.75,0.46956521739130436,-1.0,False,0.4782608695652174,2.0535714285714284,True,False,60,2,1,1.7717996289424862,2.75,1,1.1428571428571428,False,1.2041884816753927
2023-05-09,7am,failure,long,1.3,True,28.75,0.46956521739130436,-1.0,False,0.4782608695652174,2.0535714285714284,True,False,48,1,1,1.7963539350822588,1.5,1,1.1428571428571428,False,1.2041884816753927
2023-05-11,6am,retest,long,1.3,True,26.5,0.7075471698113207,-1.0,False,0.7358490566037735,1.1777777777777778,True,False,1,69,1,,30.0,3,0.4896265560165975,True,1.1216931216931216
2023-05-11,6am,failure,long,-1.0,False,26.5,0.7075471698113207,-1.0,False,0.7358490566037735,1.1777777777777778,True,False,0,1,1,,1.75,3,0.4896265560165975,True,1.1216931216931216
2023-05-11,7am,retest,short,-1.0,False,32.5,0.5538461538461539,-1.0,False,0.07692307692307693,1.2264150943396226,False,False,16,6,1,7.088502465611212,29.0,3,0.5518672199170125,False,1.3197969543147208
2023-05-11,7am,failure,short,-1.0,False,32.5,0.5538461538461539,-1.0,False,0.07692307692307693,1.2264150943396226,False,False,11,1,1,1.3556050482553823,1.5,3,0.5518672199170125,False,1.3197969543147208
2023-05-12,6am,retest,long,-1.0,False,13.25,0.05660377358490566,1.0,False,0.7358490566037735,0.6309523809523809,False,False,27,4,6,1.8107556160653504,2.75,4,0.5050505050505051,True,0.53
2023-05-12,7am,retest,long,-1.0,False,19.5,0.5641025641025641,-1.0,False,0.6025641025641025,1.471698113207547,True,False,19,6,1,2.0276360544217686,6.5,4,0.6616161616161617,True,0.7918781725888325
2023-05-12,7am,failure,long,-1.0,False,19.5,0.5641025641025641,-1.0,False,0.6025641025641025,1.471698113207547,True,False,5,1,14,,0.25,4,0.6616161616161617,True,0.7918781725888325
2023-05-15,7am,retest,long,-1.0,False,20.25,0.1728395061728395,-1.0,False,0.7530864197530864,1.0657894736842106,True,False,26,8,1,3.4398976982097187,8.75,0,0.25384615384615383,True,0.8481675392670157
2023-05-16,6am,retest,long,-1.0,False,22.5,0.25555555555555554,1.0,False,0.6,1.0843373493975903,False,True,91,1,2,3.1357340720221605,6.0,1,0.7348837209302326,True,0.9523809523809523
2023-05-16,6am,failure,short,1.3,True,22.5,0.25555555555555554,1.0,False,0.6,1.0843373493975903,True,False,1,1,2,,0.75,1,0.6837209302325581,False,0.9523809523809523
2023-05-16,6am,failure,long,-1.0,False,22.5,0.25555555555555554,1.0,False,0.6,1.0843373493975903,False,True,90,1,1,28.821192052980134,16.25,1,0.7348837209302326,True,0.9523809523809523
2023-05-16,7am,retest,long,-1.0,False,20.75,0.4457831325301205,-1.0,False,0.9397590361445783,0.9222222222222223,True,False,30,2,1,28.821192052980134,19.25,1,0.6790697674418604,True,0.8972972972972973
2023-05-17,6am,retest,short,-1.0,False,22.0,0.26136363636363635,-1.0,False,0.7613636363636364,1.3134328358208955,False,False,7,2,1,,2.5,2,0.7846153846153846,False,0.9832402234636871
2023-05-17,7am,retest,long,-1.0,False,17.25,0.6086956521739131,1.0,False,0.42028985507246375,0.7840909090909091,False,False,12,2,1,1.8176197836166925,2.75,2,0.3641025641025641,True,0.7582417582417582
2023-05-18,6am,retest,short,1.3,True,16.75,0.2835820895522388,1.0,False,0.5373134328358209,1.0307692307692307,True,False,34,1,21,0.9381318236959159,0.75,3,1.1047120418848169,False,0.7570621468926554
2023-05-18,6am,retest,long,-1.0,False,16.75,0.2835820895522388,1.0,False,0.5373134328358209,1.0307692307692307,False,True,85,1,4,1.7777777777777777,1.0,3,0.24607329842931938,True,0.7570621468926554
2023-05-18,6am,failure,short,1.3,True,16.75,0.2835820895522388,1.0,False,0.5373134328358209,1.0307692307692307,True,False,19,1,1,2.2692012288786483,2.25,3,1.1047120418848169,False,0.7570621468926554
2023-05-18,6am,failure,long,-1.0,False,16.75,0.2835820895522388,1.0,False,0.5373134328358209,1.0307692307692307,False,True,83,1,1,1.4521220624342335,0.75,3,0.24607329842931938,True,0.7570621468926554
2023-05-18,7am,retest,long,-1.0,False,13.75,0.5636363636363636,1.0,False,0.8363636363636363,0.8208955223880597,False,False,18,11,1,1.162962962962963,7.0,3,0.13612565445026178,True,0.6145251396648045
2023-05-18,7am,failure,long,-1.0,False,13.75,0.5636363636363636,1.0,False,0.8363636363636363,0.8208955223880597,False,False,17,1,1,1.5913591359135912,0.75,3,0.13612565445026178,True,0.6145251396648045
2023-05-19,6am,failure,long,1.3,True,36.5,0.7808219178082192,-1.0,False,0.363013698630137,1.9466666666666668,True,False,74,1,1,2.123734533183352,0.25,4,1.0242214532871972,False,1.6685714285714286
2023-05-19,7am,retest,long,1.3,True,30.75,0.43902439024390244,1.0,True,1.0,0.8424657534246576,False,False,12,1,1,1.1293103448275863,1.25,4,0.9965397923875432,False,1.3977272727272727
2023-05-19,7am,failure,short,1.3,True,30.75,0.43902439024390244,1.0,True,1.0,0.8424657534246576,True,True,62,1,6,1.48060486522025,0.75,4,0.4290657439446367,True,1.3977272727272727
2023-05-19,7am,failure,long,1.3,True,30.75,0.43902439024390244,1.0,True,1.0,0.8424657534246576,False,False,11,1,1,1.4184914841849148,1.0,4,0.9965397923875432,False,1.3977272727272727
2023-05-22,6am,retest,short,-1.0,False,17.75,0.15492957746478872,1.0,False,0.704225352112676,0.6339285714285714,True,True,47,1,1,0.5356496561708288,0.25,0,0.6470588235294118,False,0.8022598870056498
2023-05-22,6am,retest,long,1.3,True,17.75,0.15492957746478872,1.0,False,0.704225352112676,0.6339285714285714,False,False,10,2,1,4.795432921027593,7.0,0,0.5617647058823529,True,0.8022598870056498
2023-05-22,6am,failure,short,-1.0,False,17.75,0.15492957746478872,1.0,False,0.704225352112676,0.6339285714285714,True,True,32,1,15,8.583815028901734,3.25,0,0.6470588235294118,False,0.8022598870056498
2023-05-22,7am,retest,short,-1.0,False,33.5,0.48507462686567165,1.0,False,0.5298507462686567,1.8873239436619718,True,False,1,5,1,,4.5,0,0.75,False,1.5227272727272727
2023-05-22,7am,failure,short,-1.0,False,33.5,0.48507462686567165,1.0,False,0.5298507462686567,1.8873239436619718,True,False,0,1,1,,0.5,0,0.75,False,1.5227272727272727
2023-05-23,7am,retest,long,-1.0,False,53.0,0.7877358490566038,-1.0,False,0.419811320754717,2.3820224719101124,True,False,49,3,1,2.1146496815286624,4.25,1,1.3189873417721518,False,2.409090909090909
2023-05-24,6am,retest,long,-1.0,False,42.25,0.514792899408284,-1.0,False,0.2603550295857988,1.9425287356321839,True,False,10,58,1,4.569499155880698,16.25,2,1.1654135338345866,False,1.9314285714285715
2023-05-25,6am,failure,short,-1.0,False,31.5,0.36507936507936506,-1.0,False,0.5238095238095238,1.2857142857142858,False,True,50,1,1,1.194270078866892,0.75,3,1.1435406698564594,False,1.44
2023-05-25,7am,retest,short,-1.0,False,42.5,0.8764705882352941,1.0,False,0.7411764705882353,1.3492063492063493,True,False,2,31,1,,37.25,3,1.2320574162679425,False,1.9318181818181819
2023-05-25,7am,failure,short,-1.0,False,42.5,0.8764705882352941,1.0,False,0.7411764705882353,1.3492063492063493,True,False,0,1,1,,0.75,3,1.2320574162679425,False,1.9318181818181819
2023-05-26,6am,retest,short,1.3,True,58.25,0.6995708154506438,1.0,False,0.3261802575107296,3.0657894736842106,True,False,3,8,13,,9.25,4,1.3951048951048952,False,2.662857142857143
2023-05-26,6am,failure,short,1.3,True,58.25,0.6995708154506438,1.0,False,0.3261802575107296,3.0657894736842106,True,False,2,1,1,,2.25,4,1.3951048951048952,False,2.662857142857143
2023-05-26,7am,retest,long,-1.0,False,29.5,0.3474576271186441,1.0,False,0.3050847457627119,0.5064377682403434,False,False,30,18,1,15.963650132525558,36.75,4,-0.2692307692307692,True,1.318435754189944
2023-05-29,6am,retest,long,-1.0,False,29.0,0.14655172413793102,-1.0,False,0.43103448275862066,1.8412698412698412,True,False,5,1,1,,2.25,0,0.9052287581699346,False,1.310734463276836
2023-05-29,7am,retest,long,1.3,True,18.5,0.7027027027027027,-1.0,False,0.3108108108108108,0.6379310344827587,True,False,1,2,1,,2.25,0,1.0718954248366013,False,0.8268156424581006
2023-05-30,7am,retest,short,1.3,True,57.25,0.851528384279476,1.0,False,0.43231441048034935,2.313131313131313,True,False,7,19,12,,30.25,1,1.2403846153846154,False,2.617142857142857
2023-05-31,6am,failure,short,1.3,True,26.5,0.1509433962264151,1.0,False,0.6132075471698113,1.0707070707070707,True,False,0,1,1,,0.25,2,0.4702842377260982,True,1.1910112359550562
2023-05-31,7am,retest,long,1.3,True,51.25,0.6829268292682927,-1.0,False,0.5170731707317073,1.9339622641509433,True,False,9,3,1,,7.25,2,1.020671834625323,False,2.2905027932960893
2023-06-02,6am,retest,short,1.3,True,28.5,0.42105263157894735,-1.0,True,1.0,0.7402597402597403,False,False,25,11,4,4.812534974818131,10.5,4,0.9005524861878453,False,1.2808988764044944
2023-06-02,6am,failure,short,1.3,True,28.5,0.42105263157894735,-1.0,True,1.0,0.7402597402597403,False,False,23,1,1,1.2478031634446398,1.25,4,0.9005524861878453,False,1.2808988764044944
2023-06-02,7am,failure,long,-1.0,False,35.5,0.6197183098591549,1.0,False,0.704225352112676,1.2456140350877194,False,False,30,1,1,11.523341523341523,29.5,4,0.3756906077348066,True,1.42
2023-06-05,6am,retest,short,-1.0,False,25.25,0.594059405940594,1.0,False,0.7821782178217822,1.2784810126582278,True,False,2,2,1,,2.0,0,0.6067415730337079,True,1.035897435897436
2023-06-05,7am,retest,short,-1.0,False,19.0,0.23684210526315788,1.0,False,0.47368421052631576,0.7524752475247525,True,False,43,7,10,2.4726989079563184,5.25,0,0.7565543071161048,True,0.6785714285714286
2023-06-05,7am,failure,short,-1.0,False,19.0,0.23684210526315788,1.0,False,0.47368421052631576,0.7524752475247525,True,False,42,1,1,1.8061309030654515,0.5,0,0.7565543071161048,True,0.6785714285714286
2023-06-06,6am,retest,short,-1.0,False,18.25,0.0684931506849315,1.0,False,0.3698630136986301,1.106060606060606,True,False,28,3,4,2.013245033112583,2.75,1,0.44017094017094016,True,0.7643979057591623
2023-06-06,6am,failure,short,-1.0,False,18.25,0.0684931506849315,1.0,False,0.3698630136986301,1.106060606060606,True,False,5,1,22,,0.25,1,0.44017094017094016,True,0.7643979057591623
2023-06-06,6am,failure,long,-1.0,False,18.25,0.0684931506849315,1.0,False,0.3698630136986301,1.106060606060606,False,True,148,1,1,3.6569241475295757,1.25,1,0.8717948717948718,False,0.7643979057591623
2023-06-06,7am,retest,long,-1.0,False,20.75,0.2289156626506024,1.0,False,0.42168674698795183,1.1369863013698631,False,False,13,2,1,0.9641943734015346,4.75,1,0.7094017094017094,True,0.7410714285714286
2023-06-06,7am,failure,long,-1.0,False,20.75,0.2289156626506024,1.0,False,0.42168674698795183,1.1369863013698631,False,False,12,1,1,1.3485064011379801,1.0,1,0.7094017094017094,True,0.7410714285714286
2023-06-07,6am,retest,short,-1.0,False,26.25,0.8571428571428571,1.0,False,0.29523809523809524,1.3291139240506329,True,False,0,3,2,,4.25,2,0.7799227799227799,True,1.0994764397905759
2023-06-08,6am,retest,long,-1.0,False,28.5,0.5087719298245614,-1.0,False,0.7894736842105263,1.0857142857142856,True,False,9,1,3,,1.0,3,0.24861878453038674,True,1.1067961165048543
2023-06-08,6am,failure,long,-1.0,False,28.5,0.5087719298245614,-1.0,False,0.7894736842105263,1.0857142857142856,True,False,8,1,1,,1.75,3,0.24861878453038674,True,1.1067961165048543
2023-06-09,6am,retest,short,-1.0,False,31.75,0.07874015748031496,-1.0,False,0.7480314960629921,1.2828282828282829,False,False,14,2,1,3.71824480369515,3.25,4,0.921161825726141,True,1.233009708737864
2023-06-09,7am,retest,short,-1.0,False,33.75,0.6370370370370371,1.0,False,0.5777777777777777,1.062992125984252,True,False,8,21,1,,15.0,4,1.157676348547718,False,1.3106796116504855
2023-06-09,7am,failure,short,-1.0,False,33.75,0.6370370370370371,1.0,False,0.5777777777777777,1.062992125984252,True,False,7,1,1,,3.5,4,1.157676348547718,False,1.3106796116504855
2023-06-12,6am,retest,short,1.3,True,25.25,0.3465346534653465,-1.0,False,0.3465346534653465,0.7266187050359713,False,False,7,3,3,,2.25,0,0.9063063063063063,False,0.957345971563981
2023-06-12,6am,failure,short,1.3,True,25.25,0.3465346534653465,-1.0,False,0.3465346534653465,0.7266187050359713,False,False,6,1,1,,1.25,0,0.9063063063063063,False,0.957345971563981
2023-06-12,7am,retest,short,1.3,True,25.0,0.52,1.0,False,0.66,0.9900990099009901,True,True,50,8,1,0.6974209952778786,9.25,0,0.9369369369369369,False,0.8583690987124464
2023-06-12,7am,retest,long,1.3,True,25.0,0.52,1.0,False,0.66,0.9900990099009901,False,True,22,1,1,2.7893845285149634,4.25,0,0.15315315315315314,True,0.8583690987124464
2023-06-13,6am,retest,short,-1.0,False,34.5,0.6014492753623188,-1.0,False,0.4492753623188406,0.9787234042553191,False,True,90,4,1,21.34607564050427,48.75,1,0.6666666666666666,False,1.3080568720379147
2023-06-13,6am,retest,long,1.3,True,34.5,0.6014492753623188,-1.0,False,0.4492753623188406,0.9787234042553191,True,False,39,24,1,3.501367721766315,15.0,1,0.7231638418079096,True,1.3080568720379147
2023-06-13,6am,failure,long,-1.0,False,34.5,0.6014492753623188,-1.0,False,0.4492753623188406,0.9787234042553191,True,False,38,1,1,1.7878028404344193,0.25,1,0.7231638418079096,True,1.3080568720379147
2023-06-14,6am,retest,long,-1.0,False,27.25,0.42201834862385323,-1.0,False,0.6146788990825688,1.1720430107526882,True,True,100,4,1,2.3740095087163233,10.0,2,0.5880281690140845,True,1.028301886792453
2023-06-14,7am,retest,long,-1.0,False,17.25,0.17391304347826086,1.0,True,1.0,0.6330275229357798,False,True,40,4,1,2.3740095087163233,12.5,2,0.5528169014084507,True,0.592274678111588
2023-06-14,7am,failure,long,-1.0,False,17.25,0.17391304347826086,1.0,True,1.0,0.6330275229357798,False,True,38,1,1,0.6394316163410303,0.25,2,0.5528169014084507,True,0.592274678111588
2023-06-15,6am,failure,long,1.3,True,30.25,0.4049586776859504,-1.0,False,0.6198347107438017,0.6994219653179191,True,False,11,1,7,1.4103860294117647,0.75,3,1.0851851851851853,False,1.1255813953488372
2023-06-16,6am,retest,short,-1.0,False,29.0,0.14655172413793102,-1.0,False,0.41379310344827586,1.183673469387755,False,False,2,4,2,,4.75,4,0.8680738786279684,False,1.0403587443946187
2023-06-16,7am,retest,short,-1.0,False,35.75,0.36363636363636365,1.0,False,0.2517482517482518,1.2327586206896552,True,False,11,6,1,2.571147024044147,6.5,4,1.150395778364116,False,1.311926605504587
2023-06-19,6am,retest,long,-1.0,False,27.0,0.5648148148148148,-1.0,False,0.9166666666666666,0.9557522123893806,True,False,14,2,6,5.012618296529968,3.25,0,1.0142348754448398,False,0.9473684210526315
2023-06-19,7am,retest,long,1.3,True,22.5,0.7,-1.0,False,0.4222222222222222,0.8333333333333334,True,False,5,2,1,,4.25,0,1.199288256227758,False,0.8256880733944955
2023-06-20,6am,retest,short,-1.0,False,25.75,0.8252427184466019,1.0,False,0.36893203883495146,1.0842105263157895,True,False,0,13,3,,7.25,1,0.5028089887640449,True,0.9035087719298246
2023-06-20,7am,retest,short,-1.0,False,26.5,0.5660377358490566,1.0,False,0.20754716981132076,1.029126213592233,True,False,6,13,1,,12.5,1,0.7387640449438202,True,0.9724770642201835
2023-06-21,6am,failure,long,-1.0,False,22.5,0.17777777777777778,-1.0,False,0.7888888888888889,1.0,True,False,6,1,1,,1.25,2,0.6180257510729614,False,0.7894736842105263
2023-06-21,7am,retest,long,-1.0,False,26.5,0.5094339622641509,-1.0,False,0.3584905660377358,1.1777777777777778,True,False,1,1,3,,1.5,2,0.9098712446351931,False,0.9464285714285714
2023-06-22,6am,retest,long,1.3,True,46.25,0.8108108108108109,-1.0,False,0.6864864864864865,1.3805970149253732,True,False,2,1,3,,3.25,3,0.9318181818181818,False,1.6591928251121075
2023-06-22,6am,failure,long,1.3,True,46.25,0.8108108108108109,-1.0,False,0.6864864864864865,1.3805970149253732,True,False,0,1,1,,6.0,3,0.9318181818181818,False,1.6591928251121075
2023-06-22,7am,retest,short,-1.0,False,29.75,0.47058823529411764,1.0,False,0.7983193277310925,0.6432432432432432,True,False,0,1,8,,2.0,3,0.3380681818181818,True,1.0625
2023-06-23,6am,retest,short,-1.0,False,25.5,0.39215686274509803,-1.0,False,0.9117647058823529,0.9714285714285714,False,False,8,2,1,,1.25,4,0.2117039586919105,True,0.8947368421052632
2023-06-23,7am,retest,long,-1.0,False,36.25,0.4068965517241379,1.0,False,0.3310344827586207,1.4215686274509804,False,False,17,5,1,0.46641897685052874,11.25,4,0.8709122203098106,False,1.2236286919831223
2023-06-23,7am,failure,long,-1.0,False,36.25,0.4068965517241379,1.0,False,0.3310344827586207,1.4215686274509804,False,False,15,1,1,2.0466058763931105,2.75,4,0.8709122203098106,False,1.2236286919831223
2023-06-26,6am,retest,short,-1.0,False,19.75,0.5443037974683544,-1.0,True,1.0,0.6220472440944882,False,True,48,18,1,1.6789563244469652,16.75,0,0.3275488069414317,True,0.7085201793721974
2023-06-26,6am,failure,long,1.3,True,19.75,0.5443037974683544,-1.0,True,1.0,0.6220472440944882,True,False,3,1,1,,1.25,0,0.8438177874186551,False,0.7085201793721974
2023-06-26,7am,retest,short,-1.0,False,37.75,0.7152317880794702,1.0,False,0.5231788079470199,1.9113924050632911,True,False,20,1,2,2.475442043222004,1.25,0,0.47288503253796094,True,1.2479338842975207
2023-06-27,6am,retest,long,-1.0,False,23.0,0.5,1.0,False,0.34782608695652173,1.1948051948051948,False,False,20,1,4,0.9770992366412213,0.5,1,0.192,True,0.847926267281106
2023-06-27,6am,failure,short,1.3,True,23.0,0.5,1.0,False,0.34782608695652173,1.1948051948051948,True,True,98,1,2,2.3582474226804124,1.5,1,1.176,False,0.847926267281106
2023-06-27,6am,failure,long,-1.0,False,23.0,0.5,1.0,False,0.34782608695652173,1.1948051948051948,False,False,19,1,1,2.0575296108291035,0.75,1,0.192,True,0.847926267281106
2023-06-27,7am,retest,short,1.3,True,32.25,0.7131782945736435,-1.0,False,0.5503875968992248,1.4021739130434783,False,True,38,3,1,2.3582474226804124,6.75,1,1.092,False,1.0197628458498025
2023-06-27,7am,failure,long,1.3,True,32.25,0.7131782945736435,-1.0,False,0.5503875968992248,1.4021739130434783,True,False,0,1,1,,0.25,1,0.424,True,1.0197628458498025
2023-06-28,6am,retest,long,-1.0,False,25.25,0.801980198019802,1.0,False,0.13861386138613863,1.1348314606741574,False,True,102,1,1,4.069554606467358,3.75,2,0.7377622377622378,False,0.9439252336448598
2023-06-28,7am,retest,long,-1.0,False,42.5,0.3588235294117647,-1.0,False,0.4470588235294118,1.683168316831683,True,False,3,2,35,,6.0,2,0.6503496503496503,False,1.3709677419354838
2023-06-28,7am,failure,long,-1.0,False,42.5,0.3588235294117647,-1.0,False,0.4470588235294118,1.683168316831683,True,False,1,1,1,,2.0,2,0.6503496503496503,False,1.3709677419354838
2023-06-29,6am,retest,long,-1.0,False,29.5,0.2966101694915254,1.0,False,0.3389830508474576,0.9833333333333333,False,True,96,3,1,2.957473492190172,17.75,3,0.24372759856630824,True,1.1184834123222749
2023-06-29,7am,retest,long,-1.0,False,22.75,0.08791208791208792,-1.0,True,1.0,0.7711864406779662,True,True,36,5,1,2.957473492190172,21.0,3,0.1971326164874552,True,0.7338709677419355
2023-06-29,7am,failure,short,1.3,True,22.75,0.08791208791208792,-1.0,True,1.0,0.7711864406779662,False,False,2,1,1,,2.5,3,1.1290322580645162,False,0.7338709677419355
2023-06-29,7am,failure,long,-1.0,False,22.75,0.08791208791208792,-1.0,True,1.0,0.7711864406779662,True,True,35,1,1,2.3235887096774195,0.5,3,0.1971326164874552,True,0.7338709677419355
2023-06-30,6am,retest,short,-1.0,False,21.75,0.2413793103448276,1.0,False,0.7931034482758621,1.1756756756756757,True,False,76,1,1,1.1242414564037049,0.75,4,1.0552147239263803,False,0.8169014084507042
2023-06-30,6am,failure,short,-1.0,False,21.75,0.2413793103448276,1.0,False,0.7931034482758621,1.1756756756756757,True,False,74,1,1,2.138533960995293,0.25,4,1.0552147239263803,False,0.8169014084507042
2023-06-30,7am,retest,short,-1.0,False,19.25,0.15584415584415584,-1.0,True,1.0,0.8850574712643678,False,False,16,2,1,1.026987600291758,1.25,4,1.049079754601227,False,0.6497890295358649
2023-06-30,7am,failure,short,-1.0,False,19.25,0.15584415584415584,-1.0,True,1.0,0.8850574712643678,False,False,14,1,1,1.9892761394101877,0.75,4,1.049079754601227,False,0.6497890295358649
2023-07-03,6am,retest,long,-1.0,False,30.75,0.2845528455284553,-1.0,False,0.18699186991869918,2.7954545454545454,True,False,42,5,1,1.625153123723969,3.75,0,0.7601626016260162,True,1.1826923076923077
2023-07-03,6am,failure,long,-1.0,False,30.75,0.2845528455284553,-1.0,False,0.18699186991869918,2.7954545454545454,True,False,38,1,3,1.8095648427401982,0.25,0,0.7601626016260162,True,1.1826923076923077
2023-07-03,7am,retest,long,1.3,True,31.75,0.8267716535433071,-1.0,False,0.7165354330708661,1.032520325203252,True,False,1,1,1,,1.75,0,0.9065040650406504,True,1.1288888888888888
2023-07-04,6am,retest,short,-1.0,False,11.75,0.44680851063829785,-1.0,False,0.723404255319149,1.2702702702702702,False,False,32,1,1,2.108626198083067,2.25,1,0.6822429906542056,True,0.4413145539906103
2023-07-04,6am,failure,short,-1.0,False,11.75,0.44680851063829785,-1.0,False,0.723404255319149,1.2702702702702702,False,False,31,1,1,1.551155115511551,1.0,1,0.6822429906542056,True,0.4413145539906103
2023-07-04,7am,retest,short,-1.0,False,13.5,0.25925925925925924,1.0,False,0.7222222222222222,1.148936170212766,True,False,26,1,1,1.6845878136200718,1.0,1,0.822429906542056,True,0.43902439024390244
2023-07-05,6am,retest,short,-1.0,False,32.25,0.7286821705426356,1.0,True,1.0,0.6649484536082474,True,True,134,1,1,1.7304780445598096,1.5,2,0.38765432098765434,True,1.2112676056338028
2023-07-05,6am,failure,long,1.3,True,32.25,0.7286821705426356,1.0,True,1.0,0.6649484536082474,False,False,65,1,6,0.8304297328687573,1.0,2,0.9308641975308642,False,1.2112676056338028
2023-07-05,7am,retest,short,-1.0,False,22.75,0.8351648351648352,-1.0,True,1.0,0.7054263565891473,False,True,74,2,1,1.7304780445598096,2.75,2,0.37530864197530867,True,0.8088888888888889
2023-07-05,7am,retest,long,1.3,True,22.75,0.8351648351648352,-1.0,True,1.0,0.7054263565891473,True,False,0,14,1,,9.25,2,0.8493827160493828,False,0.8088888888888889
2023-07-05,7am,failure,short,-1.0,False,22.75,0.8351648351648352,-1.0,True,1.0,0.7054263565891473,False,True,73,1,1,1.5824376857992224,0.25,2,0.37530864197530867,True,0.8088888888888889
2023-07-06,6am,failure,short,1.3,True,25.75,0.5825242718446602,-1.0,False,0.9029126213592233,1.0,False,False,29,1,1,2.7596153846153846,0.5,3,0.39408866995073893,True,0.9493087557603687
2023-07-06,6am,failure,long,-1.0,False,25.75,0.5825242718446602,-1.0,False,0.9029126213592233,1.0,True,True,66,1,1,1.215375918598078,1.75,3,0.8596059113300493,False,0.9493087557603687
2023-07-06,7am,failure,long,-1.0,False,22.5,0.16666666666666666,1.0,False,0.9777777777777777,0.8737864077669902,False,False,2,1,3,,1.25,3,0.8226600985221675,False,0.8490566037735849
2023-07-07,6am,retest,short,1.3,True,17.75,0.22535211267605634,-1.0,False,0.30985915492957744,0.9726027397260274,False,False,1,1,1,,2.5,4,0.5842696629213483,True,0.6729857819905213
2023-07-07,7am,retest,short,-1.0,False,15.5,0.45161290322580644,-1.0,False,0.7741935483870968,0.8732394366197183,False,True,29,14,1,5.145185939887926,95.0,4,0.6367041198501873,True,0.6019417475728155
2023-07-07,7am,retest,long,-1.0,False,15.5,0.45161290322580644,-1.0,False,0.7741935483870968,0.8732394366197183,True,True,62,2,1,1.3389973007655205,17.5,4,0.5955056179775281,False,0.6019417475728155
2023-07-07,7am,failure,long,1.3,True,15.5,0.45161290322580644,-1.0,False,0.7741935483870968,0.8732394366197183,True,False,0,1,1,,1.0,4,0.5955056179775281,False,0.6019417475728155
2023-07-10,6am,retest,short,-1.0,False,25.75,0.6019417475728155,1.0,False,0.8543689320388349,1.1704545454545454,True,False,0,4,1,,7.25,0,0.529045643153527,True,1.0
2023-07-10,7am,retest,short,1.3,True,41.5,0.8493975903614458,1.0,False,0.08433734939759036,1.6116504854368932,True,False,6,16,3,,17.5,0,0.8443983402489627,True,1.6116504854368932
2023-07-11,6am,retest,short,-1.0,False,18.75,1.0,-1.0,True,1.0,0.5244755244755245,False,True,32,6,1,2.8463713477851087,7.5,1,0.7309236947791165,False,0.7281553398058253
2023-07-11,6am,failure,short,-1.0,False,18.75,1.0,-1.0,True,1.0,0.5244755244755245,False,True,24,1,2,2.574257425742574,1.75,1,0.7309236947791165,False,0.7281553398058253
2023-07-11,6am,failure,long,1.3,True,18.75,1.0,-1.0,True,1.0,0.5244755244755245,True,False,0,1,1,,1.25,1,0.570281124497992,True,0.7281553398058253
2023-07-11,7am,retest,short,1.3,True,29.75,0.8487394957983193,1.0,False,0.6302521008403361,1.5866666666666667,True,False,1,7,1,,4.5,1,0.8835341365461847,False,1.1226415094339623
2023-07-11,7am,failure,long,-1.0,False,29.75,0.8487394957983193,1.0,False,0.6302521008403361,1.5866666666666667,False,True,85,1,2,2.853055385244226,1.5,1,0.5943775100401606,True,1.1226415094339623
2023-07-12,7am,failure,short,1.3,True,31.5,0.746031746031746,1.0,False,0.38095238095238093,2.625,True,False,10,1,1,1.7893065113816833,1.5,2,1.2588832487309645,False,1.1886792452830188
2023-07-13,6am,retest,short,-1.0,False,22.0,0.25,1.0,True,1.0,0.8543689320388349,True,True,66,1,2,1.227967097532315,0.75,3,0.9854721549636803,False,0.8543689320388349
2023-07-13,6am,failure,short,-1.0,False,22.0,0.25,1.0,True,1.0,0.8543689320388349,True,True,63,1,1,1.9900166389351082,1.0,3,0.9854721549636803,False,0.8543689320388349
2023-07-13,7am,retest,short,-1.0,False,18.5,0.21621621621621623,1.0,False,0.9864864864864865,0.8409090909090909,True,False,1,22,1,,11.25,3,0.9491525423728814,False,0.6577777777777778
2023-07-13,7am,failure,long,-1.0,False,18.5,0.21621621621621623,1.0,False,0.9864864864864865,0.8409090909090909,False,True,35,1,1,2.8923523015585357,1.5,3,0.23002421307506055,True,0.6577777777777778
2023-07-14,6am,retest,short,-1.0,False,17.25,0.043478260869565216,-1.0,False,0.8985507246376812,0.6330275229357798,False,False,19,22,1,1.3009886488465765,9.0,4,0.39316239316239315,True,0.6731707317073171
2023-07-14,7am,retest,short,1.3,True,26.5,0.7547169811320755,1.0,False,0.46226415094339623,1.536231884057971,True,False,7,11,1,,7.5,4,0.6367521367521367,False,0.9422222222222222
2023-07-14,7am,failure,short,1.3,True,26.5,0.7547169811320755,1.0,False,0.46226415094339623,1.536231884057971,True,False,1,1,5,,0.5,4,0.6367521367521367,False,0.9422222222222222
2023-07-17,6am,retest,short,1.3,True,20.0,0.1625,-1.0,False,0.6,0.7547169811320755,False,False,14,2,1,0.4996869129618034,1.25,0,0.5559701492537313,True,0.7881773399014779
2023-07-17,6am,failure,short,1.3,True,20.0,0.1625,-1.0,False,0.6,0.7547169811320755,False,False,7,1,1,,4.75,0,0.5559701492537313,True,0.7881773399014779
2023-07-17,7am,retest,long,1.3,True,18.5,0.20270270270270271,1.0,False,0.7297297297297297,0.925,False,False,8,5,1,,6.0,0,0.6455223880597015,False,0.6981132075471698
2023-07-17,7am,failure,short,1.3,True,18.5,0.20270270270270271,1.0,False,0.7297297297297297,0.925,True,True,30,1,2,5.299420476497102,0.5,0,0.6305970149253731,True,0.6981132075471698
2023-07-18,6am,failure,long,1.3,True,21.25,0.4,-1.0,False,0.5882352941176471,1.7,True,False,35,1,1,2.891566265060241,0.75,1,0.6910112359550562,False,0.8808290155440415
2023-07-18,7am,failure,long,-1.0,False,20.75,0.060240963855421686,-1.0,False,0.9156626506024096,0.9764705882352941,True,True,32,1,1,4.550669216061186,1.25,1,0.7303370786516854,False,0.7830188679245284
2023-07-19,6am,retest,short,1.3,True,19.5,0.11538461538461539,1.0,True,1.0,0.6446280991735537,True,False,1,2,2,,2.5,2,0.9343629343629344,False,0.8571428571428571
2023-07-19,6am,retest,long,1.3,True,19.5,0.11538461538461539,1.0,True,1.0,0.6446280991735537,False,True,46,1,1,1.465648854961832,4.25,2,0.3667953667953668,True,0.8571428571428571
2023-07-19,6am,failure,short,1.3,True,19.5,0.11538461538461539,1.0,True,1.0,0.6446280991735537,True,False,0,1,1,,0.25,2,0.9343629343629344,False,0.8571428571428571
2023-07-19,6am,failure,long,1.3,True,19.5,0.11538461538461539,1.0,True,1.0,0.6446280991735537,False,True,25,1,1,3.9835728952772076,2.0,2,0.3667953667953668,True,0.8571428571428571
2023-07-19,7am,retest,short,-1.0,False,27.0,0.49074074074074076,-1.0,False,0.7222222222222222,1.3846153846153846,False,False,42,2,7,1.6656098076516592,4.25,2,0.9845559845559846,False,1.0188679245283019
2023-07-20,6am,retest,short,1.3,True,33.25,0.7969924812030075,1.0,False,0.11278195488721804,1.7733333333333334,True,False,52,16,1,1.4708321813657728,7.5,3,0.4447004608294931,True,1.4943820224719102
2023-07-20,6am,retest,long,-1.0,False,33.25,0.7969924812030075,1.0,False,0.11278195488721804,1.7733333333333334,False,True,103,4,1,4.159083249073138,13.75,3,0.8617511520737328,False,1.4943820224719102
2023-07-20,6am,failure,short,1.3,True,33.25,0.7969924812030075,1.0,False,0.11278195488721804,1.7733333333333334,True,False,50,1,1,1.4867841409691631,0.5,3,0.4447004608294931,True,1.4943820224719102
2023-07-20,7am,retest,short,1.3,True,32.25,0.2558139534883721,1.0,False,0.8604651162790697,0.9699248120300752,True,False,0,1,3,,0.75,3,0.4861751152073733,True,1.205607476635514
2023-07-20,7am,retest,long,-1.0,False,32.25,0.2558139534883721,1.0,False,0.8604651162790697,0.9699248120300752,False,True,42,14,1,0.6579389056730447,19.25,3,0.8110599078341014,False,1.205607476635514
2023-07-20,7am,failure,long,-1.0,False,32.25,0.2558139534883721,1.0,False,0.8604651162790697,0.9699248120300752,False,True,40,1,1,2.157159047978844,2.5,3,0.8110599078341014,False,1.205607476635514
2023-07-21,6am,retest,short,1.3,True,29.5,0.8389830508474576,1.0,False,0.4322033898305085,1.0727272727272728,True,False,0,1,2,,1.25,4,1.0746606334841629,False,1.3111111111111111
2023-07-24,6am,failure,short,1.3,True,14.25,0.5614035087719298,-1.0,True,1.0,0.6263736263736264,False,True,16,1,1,2.731866340668297,0.75,0,0.8996282527881041,False,0.6333333333333333
2023-07-25,6am,failure,short,1.3,True,31.25,0.536,-1.0,False,0.312,2.272727272727273,False,False,62,1,6,3.4119629317607414,1.5,1,0.928125,False,1.4285714285714286
2023-07-25,6am,failure,long,1.3,True,31.25,0.536,-1.0,False,0.312,2.272727272727273,True,True,135,1,4,2.133163698049194,1.75,1,0.4625,True,1.4285714285714286
2023-07-25,7am,retest,short,1.3,True,15.0,0.8833333333333333,1.0,True,1.0,0.48,True,False,1,4,1,,7.0,1,0.859375,False,0.5607476635514018
2023-07-25,7am,failure,short,-1.0,False,15.0,0.8833333333333333,1.0,True,1.0,0.48,True,False,0,1,1,,0.5,1,0.859375,False,0.5607476635514018
2023-07-25,7am,failure,long,1.3,True,15.0,0.8833333333333333,1.0,True,1.0,0.48,False,True,22,1,1,2.0905242591989577,0.75,1,0.328125,True,0.5607476635514018
2023-07-26,6am,retest,long,1.3,True,29.75,0.6050420168067226,-1.0,False,0.5630252100840336,1.4166666666666667,True,False,66,10,5,7.077640786404531,13.75,2,1.0,False,1.3222222222222222
2023-07-26,7am,retest,long,1.3,True,26.5,0.04716981132075472,1.0,True,1.0,0.8907563025210085,False,False,6,11,1,,14.25,2,0.9958071278825996,False,1.0761421319796953
2023-07-26,7am,failure,long,-1.0,False,26.5,0.04716981132075472,1.0,True,1.0,0.8907563025210085,False,False,1,1,5,,0.5,2,0.9958071278825996,False,1.0761421319796953
2023-07-27,6am,retest,short,-1.0,False,16.75,0.04477611940298507,-1.0,True,1.0,0.6633663366336634,False,False,35,4,1,2.49665327978581,4.5,3,0.9873595505617978,False,0.708994708994709
2023-07-27,6am,failure,short,-1.0,False,16.75,0.04477611940298507,-1.0,True,1.0,0.6633663366336634,False,False,34,1,1,1.1720867208672088,0.25,3,0.9873595505617978,False,0.708994708994709
2023-07-27,7am,retest,short,-1.0,False,27.5,0.6090909090909091,1.0,False,0.6090909090909091,1.6417910447761195,True,False,1,4,1,,7.25,3,1.047752808988764,False,1.116751269035533
2023-07-28,6am,retest,short,-1.0,False,30.75,0.024390243902439025,1.0,False,0.6910569105691057,0.7639751552795031,True,False,16,4,3,1.926153846153846,6.75,4,1.048465266558966,False,1.4057142857142857
2023-07-28,7am,retest,short,-1.0,False,33.5,0.5522388059701493,1.0,False,0.7014925373134329,1.089430894308943,True,False,2,11,2,,11.75,4,1.1130856219709209,False,1.3604060913705585
2023-07-28,7am,failure,short,-1.0,False,33.5,0.5522388059701493,1.0,False,0.7014925373134329,1.089430894308943,True,False,0,1,1,,0.25,4,1.1130856219709209,False,1.3604060913705585
2023-07-31,6am,retest,short,-1.0,False,18.75,0.6,1.0,True,1.0,0.625,True,False,1,1,1,,1.5,0,0.4831013916500994,False,0.8571428571428571
2023-07-31,7am,retest,short,-1.0,False,25.0,0.92,1.0,False,0.13,1.3333333333333333,True,False,0,8,1,,4.75,0,0.6560636182902585,False,1.015228426395939
2023-08-01,6am,retest,short,1.3,True,22.0,0.7272727272727273,1.0,False,0.4659090909090909,0.7586206896551724,True,False,0,2,1,,2.25,1,0.39371980676328505,True,1.0173410404624277
2023-08-01,7am,retest,long,1.3,True,62.25,0.8755020080321285,-1.0,False,0.3534136546184739,2.8295454545454546,True,False,29,3,4,3.4382314694408325,10.75,1,1.1859903381642511,False,2.4174757281553396
2023-08-02,6am,retest,short,1.3,True,54.0,0.9351851851851852,1.0,False,0.27314814814814814,1.4794520547945205,True,False,0,75,1,,26.25,2,0.5175438596491229,True,2.4971098265895955
2023-08-02,7am,retest,long,-1.0,False,29.75,0.23529411764705882,1.0,False,0.11764705882352941,0.5509259259259259,False,False,17,1,1,1.2546125461254614,0.25,2,0.5,False,1.1226415094339623
2023-08-02,7am,failure,long,-1.0,False,29.75,0.23529411764705882,1.0,False,0.11764705882352941,0.5509259259259259,False,False,15,1,2,9.047330097087379,4.0,2,0.5,False,1.1226415094339623
2023-08-03,6am,retest,long,1.3,True,33.75,0.15555555555555556,-1.0,False,0.674074074074074,0.9375,True,True,23,5,1,1.5698838606327594,9.75,3,0.6130952380952381,False,1.5340909090909092
2023-08-03,7am,retest,long,-1.0,False,50.75,0.18719211822660098,-1.0,False,0.6650246305418719,1.5037037037037038,True,False,5,3,3,,10.5,3,0.6711309523809523,False,1.9150943396226414
2023-08-03,7am,failure,long,-1.0,False,50.75,0.18719211822660098,-1.0,False,0.6650246305418719,1.5037037037037038,True,False,3,1,2,,2.25,3,0.6711309523809523,False,1.9150943396226414
2023-08-04,6am,retest,short,1.3,True,43.25,0.8034682080924855,-1.0,False,0.14450867052023122,1.5585585585585586,False,True,123,2,1,0.6951214343237401,6.0,4,0.7110266159695817,False,1.9659090909090908
2023-08-04,6am,retest,long,-1.0,False,43.25,0.8034682080924855,-1.0,False,0.14450867052023122,1.5585585585585586,True,False,0,2,4,,2.75,4,0.6178707224334601,True,1.9659090909090908
2023-08-04,6am,failure,short,1.3,True,43.25,0.8034682080924855,-1.0,False,0.14450867052023122,1.5585585585585586,False,True,112,1,1,1.4106753812636166,10.25,4,0.7110266159695817,False,1.9659090909090908
2023-08-04,7am,retest,short,-1.0,False,60.5,0.6033057851239669,-1.0,False,0.1859504132231405,1.3988439306358382,False,True,46,1,1,1.4129255747226985,5.5,4,0.467680608365019,False,2.2616822429906542
2023-08-04,7am,retest,long,1.3,True,60.5,0.6033057851239669,-1.0,False,0.1859504132231405,1.3988439306358382,True,True,36,2,1,4.1671469740634,30.25,4,0.9923954372623575,True,2.2616822429906542
2023-08-07,6am,retest,short,-1.0,False,42.5,0.3588235294117647,-1.0,False,0.5941176470588235,1.3934426229508197,False,True,111,12,2,1.6701173222912353,5.75,0,0.7310344827586207,False,1.9318181818181819
2023-08-07,7am,retest,short,-1.0,False,16.25,0.12307692307692308,-1.0,True,1.0,0.38235294117647056,False,True,38,1,1,0.6027181406342328,0.5,0,0.6022988505747127,False,0.5963302752293578
2023-08-07,7am,failure,short,-1.0,False,16.25,0.12307692307692308,-1.0,True,1.0,0.38235294117647056,False,True,36,1,1,1.6875664187035069,1.25,0,0.6022988505747127,False,0.5963302752293578
2023-08-07,7am,failure,long,-1.0,False,16.25,0.12307692307692308,-1.0,True,1.0,0.38235294117647056,True,False,17,1,1,2.6648137854363534,1.25,0,0.5471264367816092,True,0.5963302752293578
2023-08-08,6am,failure,long,-1.0,False,32.0,0.421875,-1.0,False,0.875,0.9411764705882353,True,False,1,1,1,,1.0,1,1.041343669250646,False,1.3403141361256545
2023-08-09,6am,retest,long,1.3,True,25.5,0.6666666666666666,-1.0,False,0.5490196078431373,0.8292682926829268,True,False,2,31,1,,18.5,2,0.5702247191011236,True,0.9902912621359223
2023-08-09,7am,retest,short,1.3,True,40.25,0.3416149068322981,1.0,False,0.5403726708074534,1.5784313725490196,True,False,4,1,1,,2.0,2,0.6741573033707865,False,1.4770642201834863
2023-08-09,7am,retest,long,-1.0,False,40.25,0.3416149068322981,1.0,False,0.5403726708074534,1.5784313725490196,False,True,87,1,1,1.5485362095531585,3.0,2,0.7780898876404494,True,1.4770642201834863
2023-08-09,7am,failure,long,-1.0,False,40.25,0.3416149068322981,1.0,False,0.5403726708074534,1.5784313725490196,False,True,74,1,13,3.6715961244263133,1.5,2,0.7780898876404494,True,1.4770642201834863
2023-08-10,6am,failure,long,1.3,True,27.0,0.4444444444444444,-1.0,False,0.6203703703703703,1.2134831460674158,True,True,45,1,1,1.492537313432836,1.0,3,0.3967828418230563,True,0.9818181818181818
2023-08-11,6am,retest,short,1.3,True,32.75,0.25190839694656486,1.0,True,1.0,0.6093023255813953,True,False,6,3,1,,5.5,4,0.3561368209255533,True,1.1592920353982301
2023-08-11,6am,failure,short,1.3,True,32.75,0.25190839694656486,1.0,True,1.0,0.6093023255813953,True,False,4,1,1,,0.5,4,0.3561368209255533,True,1.1592920353982301
2023-08-14,6am,retest,long,-1.0,False,31.75,0.33070866141732286,1.0,False,0.7637795275590551,1.2450980392156863,False,False,36,2,1,3.376477208778841,4.0,0,0.4369645042839657,True,1.0717299578059072
2023-08-15,6am,retest,short,-1.0,False,63.25,0.43478260869565216,-1.0,False,0.30434782608695654,1.9921259842519685,False,True,137,5,1,2.1839080459770117,14.25,1,0.23599320882852293,True,2.090909090909091
2023-08-15,6am,failure,short,-1.0,False,63.25,0.43478260869565216,-1.0,False,0.30434782608695654,1.9921259842519685,False,True,136,1,1,1.7225003208830703,1.25,1,0.23599320882852293,True,2.090909090909091
2023-08-15,6am,failure,long,1.3,True,63.25,0.43478260869565216,-1.0,False,0.30434782608695654,1.9921259842519685,True,False,91,1,1,5.643197458973001,0.25,1,1.1935483870967742,False,2.090909090909091
2023-08-15,7am,failure,long,1.3,True,41.25,0.32727272727272727,-1.0,True,1.0,0.6521739130434783,True,True,31,1,1,5.643197458973001,1.5,1,1.1850594227504245,False,1.4410480349344978
2023-08-16,6am,retest,long,-1.0,False,22.75,0.3516483516483517,-1.0,True,1.0,0.47643979057591623,True,False,3,31,1,,29.0,2,0.7134328358208956,False,0.7338709677419355
2023-08-16,7am,retest,short,1.3,True,38.0,0.006578947368421052,1.0,False,0.23684210526315788,1.6703296703296704,True,False,1,3,1,,3.0,2,0.3940298507462687,True,1.3275109170305677
2023-08-16,7am,retest,long,-1.0,False,38.0,0.006578947368421052,1.0,False,0.23684210526315788,1.6703296703296704,False,True,54,11,1,5.773905067645035,13.25,2,1.0597014925373134,False,1.3275109170305677
2023-08-17,6am,retest,short,-1.0,False,27.75,0.5045045045045045,-1.0,False,0.7747747747747747,1.2906976744186047,False,True,59,3,8,2.4659312134977287,3.25,3,1.0211640211640212,False,0.8951612903225806
2023-08-17,6am,retest,long,1.3,True,27.75,0.5045045045045045,-1.0,False,0.7747747747747747,1.2906976744186047,True,False,0,1,1,,2.0,3,0.2724867724867725,True,0.8951612903225806
2023-08-17,6am,failure,short,-1.0,False,27.75,0.5045045045045045,-1.0,False,0.7747747747747747,1.2906976744186047,False,True,47,1,1,0.9125475285171103,0.25,3,1.0211640211640212,False,0.8951612903225806
2023-08-17,7am,failure,short,-1.0,False,33.5,0.7164179104477612,1.0,False,0.8283582089552238,1.2072072072072073,True,False,0,1,11,,0.75,3,1.0476190476190477,False,1.1703056768558953
2023-08-18,6am,failure,long,-1.0,False,37.5,0.49333333333333335,-1.0,False,0.6733333333333333,0.9036144578313253,True,False,3,1,1,,1.25,4,1.1672354948805461,False,1.2396694214876034
2023-08-18,7am,retest,long,1.3,True,76.5,0.6633986928104575,-1.0,False,0.1568627450980392,2.04,True,False,20,5,1,1.7277594728171333,9.5,4,2.04778156996587,False,2.6724890829694323
2023-08-18,7am,failure,long,1.3,True,76.5,0.6633986928104575,-1.0,False,0.1568627450980392,2.04,True,False,17,1,1,2.3822069492172586,3.75,4,2.04778156996587,False,2.6724890829694323
2023-08-21,6am,retest,short,-1.0,False,27.25,0.42201834862385323,-1.0,False,0.6422018348623854,1.5571428571428572,False,False,46,1,1,1.4926309187833178,1.75,0,1.0262096774193548,False,0.8790322580645161
2023-08-21,7am,retest,short,1.3,True,31.0,0.7903225806451613,1.0,False,0.8145161290322581,1.1376146788990826,True,False,1,2,1,,5.0,0,1.0725806451612903,False,1.0
2023-08-21,7am,failure,short,1.3,True,31.0,0.7903225806451613,1.0,False,0.8145161290322581,1.1376146788990826,True,False,0,1,1,,0.5,0,1.0725806451612903,False,1.0
2023-08-21,7am,failure,long,-1.0,False,31.0,0.7903225806451613,1.0,False,0.8145161290322581,1.1376146788990826,False,True,54,1,1,1.9860930030421555,0.25,0,0.1774193548387097,True,1.0
2023-08-22,6am,retest,long,1.3,True,19.5,0.07692307692307693,-1.0,False,0.7435897435897436,0.6141732283464567,True,False,3,1,4,,0.5,1,0.11026615969581749,True,0.6290322580645161
2023-08-22,6am,failure,short,-1.0,False,19.5,0.07692307692307693,-1.0,False,0.7435897435897436,0.6141732283464567,False,True,19,1,1,1.3823353293413174,0.25,1,1.038022813688213,False,0.6290322580645161
2023-08-22,7am,retest,short,1.3,True,52.5,0.6238095238095238,1.0,False,0.37142857142857144,2.6923076923076925,True,False,5,9,1,,7.25,1,1.247148288973384,False,1.6600790513833992
2023-08-23,6am,retest,long,1.3,True,50.5,0.7079207920792079,-1.0,False,0.297029702970297,1.6833333333333333,True,False,2,128,2,,53.0,2,0.5785288270377733,True,1.6694214876033058
2023-08-23,6am,failure,long,-1.0,False,50.5,0.7079207920792079,-1.0,False,0.297029702970297,1.6833333333333333,True,False,1,1,1,,2.5,2,0.5785288270377733,True,1.6694214876033058
2023-08-24,6am,retest,short,1.3,True,28.0,0.6696428571428571,1.0,False,0.9821428571428571,0.632768361581921,True,False,11,17,1,1.3684595682400291,12.0,3,0.719758064516129,False,0.896
2023-08-24,6am,retest,long,-1.0,False,28.0,0.6696428571428571,1.0,False,0.9821428571428571,0.632768361581921,False,True,62,6,1,1.286797109113344,11.5,3,0.5060483870967742,True,0.896
2023-08-25,6am,retest,short,-1.0,False,36.75,0.6394557823129252,1.0,False,0.8503401360544217,1.0425531914893618,True,False,68,57,1,4.752629528632645,28.75,4,1.0121359223300972,False,1.176
2023-08-25,7am,retest,short,-1.0,False,29.5,0.0423728813559322,-1.0,True,1.0,0.8027210884353742,False,False,8,62,1,,32.25,4,0.9781553398058253,False,0.8973384030418251
2023-08-28,6am,retest,short,-1.0,False,26.75,0.0,0.0,True,1.0,0.9224137931034483,False,False,2,4,1,,5.5,0,0.8042553191489362,False,0.8392156862745098
2023-08-29,6am,retest,long,-1.0,False,31.0,0.8145161290322581,-1.0,False,0.8709677419354839,0.7380952380952381,True,False,2,3,21,,2.5,1,0.810126582278481,False,0.9725490196078431
2023-08-29,6am,failure,long,-1.0,False,31.0,0.8145161290322581,-1.0,False,0.8709677419354839,0.7380952380952381,True,False,0,1,2,,3.25,1,0.810126582278481,False,0.9725490196078431
2023-08-29,7am,retest,long,1.3,True,27.25,0.41284403669724773,-1.0,False,0.43119266055045874,0.8790322580645161,True,False,23,21,1,2.792574656981437,18.0,1,1.0063291139240507,False,0.8288973384030418
2023-08-30,6am,retest,short,1.3,True,26.25,0.7523809523809524,1.0,False,0.3904761904761905,1.25,True,False,26,4,18,4.574290484140234,3.75,2,0.3474178403755869,True,0.8235294117647058
2023-08-30,7am,retest,short,-1.0,False,25.5,0.049019607843137254,1.0,False,0.6764705882352942,0.9714285714285714,True,False,12,2,1,0.6926994906621392,2.0,2,0.42488262910798125,True,0.7756653992395437
2023-08-30,7am,failure,short,-1.0,False,25.5,0.049019607843137254,1.0,False,0.6764705882352942,0.9714285714285714,True,False,10,1,1,1.474673202614379,0.75,2,0.42488262910798125,True,0.7756653992395437
2023-08-31,6am,retest,short,-1.0,False,25.25,0.5841584158415841,1.0,True,1.0,0.51010101010101,True,False,18,107,1,1.9446794663195575,52.75,3,0.4375,True,0.8047808764940239
2023-08-31,6am,failure,short,-1.0,False,25.25,0.5841584158415841,1.0,True,1.0,0.51010101010101,True,False,15,1,1,1.310914216673379,1.5,3,0.4375,True,0.8047808764940239
2023-08-31,7am,retest,short,1.3,True,57.5,0.7,1.0,False,0.3347826086956522,2.277227722772277,True,False,16,4,4,2.945273631840796,6.25,3,0.96875,False,1.7829457364341086
2023-08-31,7am,failure,short,1.3,True,57.5,0.7,1.0,False,0.3347826086956522,2.277227722772277,True,False,15,1,1,2.063561166739225,1.0,3,0.96875,False,1.7829457364341086
2023-09-01,6am,retest,short,-1.0,False,20.75,0.25301204819277107,1.0,True,1.0,0.7757009345794392,True,False,5,1,8,,1.0,4,0.9962406015037594,False,0.7033898305084746
2023-09-01,6am,failure,short,-1.0,False,20.75,0.25301204819277107,1.0,True,1.0,0.7757009345794392,True,False,4,1,1,,1.5,4,0.9962406015037594,False,0.7033898305084746
2023-09-04,6am,retest,long,1.3,True,17.75,0.30985915492957744,-1.0,False,0.7746478873239436,1.126984126984127,True,False,27,3,1,2.5667351129363447,2.25,0,0.23161764705882354,True,0.6367713004484304
2023-09-04,7am,retest,long,1.3,True,15.75,0.36507936507936506,-1.0,False,0.8571428571428571,0.8873239436619719,True,False,45,7,1,2.0991735537190084,4.5,0,0.2647058823529412,True,0.4701492537313433
2023-09-05,6am,retest,short,1.3,True,28.25,0.22123893805309736,1.0,False,0.5486725663716814,0.9112903225806451,True,True,112,1,2,1.519627681100769,10.0,1,0.6094420600858369,True,1.0272727272727273
2023-09-05,6am,retest,long,-1.0,False,28.25,0.22123893805309736,1.0,False,0.5486725663716814,0.9112903225806451,False,False,4,1,1,,1.5,1,0.6330472103004292,False,1.0272727272727273
2023-09-05,6am,failure,short,1.3,True,28.25,0.22123893805309736,1.0,False,0.5486725663716814,0.9112903225806451,True,True,109,1,1,1.7473205586229295,3.75,1,0.6094420600858369,True,1.0272727272727273
2023-09-05,7am,retest,short,-1.0,False,35.75,0.06293706293706294,-1.0,False,0.5314685314685315,1.2654867256637168,False,True,48,9,1,2.3029292688735414,19.25,1,0.5300429184549357,True,1.0671641791044777
2023-09-06,6am,retest,short,1.3,True,14.75,0.3050847457627119,1.0,False,0.711864406779661,0.6082474226804123,True,False,12,30,1,2.9683032939714105,15.0,2,0.6021220159151194,True,0.5363636363636364
2023-09-06,6am,retest,long,1.3,True,14.75,0.3050847457627119,1.0,False,0.711864406779661,0.6082474226804123,False,True,96,3,1,2.831505483549352,6.5,2,0.5543766578249337,False,0.5363636363636364
2023-09-06,6am,failure,long,-1.0,False,14.75,0.3050847457627119,1.0,False,0.711864406779661,0.6082474226804123,False,True,95,1,1,2.3201730665224445,2.5,2,0.5543766578249337,False,0.5363636363636364
2023-09-06,7am,failure,long,1.3,True,28.5,0.17543859649122806,1.0,False,0.47368421052631576,1.9322033898305084,False,False,35,1,1,2.3201730665224445,3.75,2,0.5411140583554377,False,0.8231046931407943
2023-09-07,6am,retest,long,-1.0,False,30.5,0.5,-1.0,False,0.7540983606557377,0.8079470198675497,True,False,24,16,1,1.1923438970818951,13.75,3,0.8790983606557377,False,1.1090909090909091
2023-09-07,7am,retest,long,-1.0,False,37.75,0.46357615894039733,-1.0,False,0.6357615894039735,1.2377049180327868,True,False,0,3,1,,5.0,3,0.9918032786885246,False,1.0902527075812274
2023-09-08,6am,retest,short,1.3,True,34.25,0.8248175182481752,1.0,True,1.0,0.9194630872483222,True,False,8,1,3,,3.5,4,0.30952380952380953,True,1.2286995515695067
2023-09-08,6am,retest,long,1.3,True,34.25,0.8248175182481752,1.0,True,1.0,0.9194630872483222,False,True,41,2,4,1.8976744186046512,6.75,4,0.987012987012987,False,1.2286995515695067
2023-09-08,6am,failure,short,1.3,True,34.25,0.8248175182481752,1.0,True,1.0,0.9194630872483222,True,False,0,1,8,,0.25,4,0.30952380952380953,True,1.2286995515695067
2023-09-08,6am,failure,long,1.3,True,34.25,0.8248175182481752,1.0,True,1.0,0.9194630872483222,False,True,38,1,2,2.7303576089793786,1.0,4,0.987012987012987,False,1.2286995515695067
2023-09-11,6am,retest,short,-1.0,False,25.75,0.3300970873786408,1.0,False,0.6893203883495146,1.4507042253521127,True,False,1,1,1,,1.0,0,0.9198113207547169,False,0.9237668161434978
2023-09-11,6am,failure,short,-1.0,False,25.75,0.3300970873786408,1.0,False,0.6893203883495146,1.4507042253521127,True,False,0,1,1,,2.25,0,0.9198113207547169,False,0.9237668161434978
2023-09-11,7am,retest,short,-1.0,False,34.25,0.24817518248175183,1.0,False,0.31386861313868614,1.3300970873786409,True,False,13,7,2,0.4325141776937618,3.75,0,1.1415094339622642,False,0.9319727891156463
2023-09-11,7am,failure,short,-1.0,False,34.25,0.24817518248175183,1.0,False,0.31386861313868614,1.3300970873786409,True,False,10,1,1,0.9282907662082515,0.5,0,1.1415094339622642,False,0.9319727891156463
2023-09-12,6am,retest,long,1.3,True,22.5,0.6444444444444445,1.0,False,0.43333333333333335,0.9375,False,False,23,74,1,4.0877914951989025,19.0,1,0.7710843373493976,False,0.8181818181818182
2023-09-12,7am,retest,long,1.3,True,33.0,0.9090909090909091,-1.0,False,0.5833333333333334,1.4666666666666666,True,False,0,1,1,,3.5,1,0.9919678714859438,False,0.9428571428571428
2023-09-13,6am,retest,short,-1.0,False,33.25,0.3308270676691729,-1.0,False,0.46616541353383456,1.4943820224719102,False,False,35,2,4,1.9632327436697883,4.0,2,0.364,True,1.2314814814814814
2023-09-13,7am,retest,short,1.3,True,50.0,0.575,1.0,False,0.585,1.5037593984962405,True,False,14,1,1,0.9460719041278295,2.25,2,0.696,False,1.4285714285714286
2023-09-13,7am,failure,short,1.3,True,50.0,0.575,1.0,False,0.585,1.5037593984962405,True,False,10,1,3,1.4688494770350158,1.25,2,0.696,False,1.4285714285714286
2023-09-14,6am,retest,short,1.3,True,31.5,0.6904761904761905,1.0,False,0.4523809523809524,1.4482758620689655,True,False,6,1,4,,0.75,3,0.8869257950530035,False,1.1454545454545455
2023-09-14,6am,retest,long,-1.0,False,31.5,0.6904761904761905,1.0,False,0.4523809523809524,1.4482758620689655,False,True,90,3,1,6.6896375701888715,17.5,3,0.558303886925795,True,1.1454545454545455
2023-09-14,7am,retest,short,1.3,True,32.25,0.29457364341085274,-1.0,False,0.8294573643410853,1.0238095238095237,False,False,18,1,1,4.256612712198973,6.25,3,0.9646643109540636,False,0.9214285714285714
2023-09-15,6am,failure,short,1.3,True,21.0,0.5,1.0,False,0.6904761904761905,0.9333333333333333,True,False,1,1,2,,1.25,4,0.3729903536977492,True,0.7601809954751131
2023-09-15,6am,failure,long,1.3,True,21.0,0.5,1.0,False,0.6904761904761905,0.9333333333333333,False,True,61,1,1,2.036503362151777,0.5,4,0.8971061093247589,False,0.7601809954751131
2023-09-15,7am,failure,long,1.3,True,22.75,0.7032967032967034,-1.0,False,0.9230769230769231,1.0833333333333333,True,False,1,1,1,,0.5,4,0.8971061093247589,False,0.6715867158671587
2023-09-19,6am,retest,long,1.3,True,13.75,0.6363636363636364,-1.0,True,1.0,0.6043956043956044,True,False,1,1,1,,1.0,1,0.22580645161290322,True,0.5092592592592593
2023-09-19,6am,failure,long,1.3,True,13.75,0.6363636363636364,-1.0,True,1.0,0.6043956043956044,True,False,0,1,1,,2.0,1,0.22580645161290322,True,0.5092592592592593
2023-09-19,7am,retest,long,-1.0,False,24.75,0.0707070707070707,-1.0,False,0.5555555555555556,1.8,True,False,10,2,4,2.413793103448276,2.75,1,0.3870967741935484,True,0.7306273062730627
2023-09-20,6am,retest,short,1.3,True,18.75,0.2,-1.0,False,0.6666666666666666,1.1904761904761905,False,False,13,1,4,2.369047619047619,1.75,2,0.9520295202952029,False,0.7075471698113207
2023-09-20,6am,failure,short,1.3,True,18.75,0.2,-1.0,False,0.6666666666666666,1.1904761904761905,False,False,8,1,5,,0.25,2,0.9520295202952029,False,0.7075471698113207
2023-09-20,7am,retest,short,1.3,True,19.75,0.0,0.0,False,0.7215189873417721,1.0533333333333332,False,False,19,8,1,2.325200152497141,5.25,2,1.033210332103321,False,0.5939849624060151
2023-09-21,6am,failure,long,-1.0,False,27.0,0.49074074074074076,-1.0,False,0.26851851851851855,0.7659574468085106,True,False,3,1,1,,1.0,3,1.1767337807606264,False,1.0188679245283019
2023-09-21,7am,retest,long,-1.0,False,55.75,0.7713004484304933,-1.0,False,0.3452914798206278,2.064814814814815,True,False,8,4,3,,3.5,3,1.5033557046979866,False,1.7088122605363985
2023-09-22,6am,retest,short,-1.0,False,21.75,0.25287356321839083,-1.0,False,0.8275862068965517,0.7016129032258065,False,True,60,1,1,18.76737720111214,3.0,4,1.037593984962406,False,0.8207547169811321
2023-09-22,6am,retest,long,1.3,True,21.75,0.25287356321839083,-1.0,False,0.8275862068965517,0.7016129032258065,True,False,4,4,1,,5.25,4,0.18045112781954886,True,0.8207547169811321
2023-09-25,6am,retest,long,-1.0,False,38.0,0.046052631578947366,1.0,False,0.7631578947368421,1.1094890510948905,False,False,32,7,1,4.40771349862259,15.0,0,0.7348993288590604,False,1.4615384615384615
2023-09-25,7am,failure,long,1.3,True,57.5,0.6260869565217392,-1.0,False,0.5956521739130435,1.513157894736842,True,False,20,1,1,1.8177202335618179,0.75,0,0.8909395973154363,False,1.7624521072796935
2023-09-26,6am,retest,short,-1.0,False,33.25,0.9172932330827067,1.0,False,0.8721804511278195,1.047244094488189,True,False,26,21,1,3.3086167220659677,17.0,1,0.49837662337662336,True,1.2788461538461537
2023-09-26,6am,retest,long,-1.0,False,33.25,0.9172932330827067,1.0,False,0.8721804511278195,1.047244094488189,False,True,125,13,1,1.3038377744260097,12.25,1,0.7175324675324676,False,1.2788461538461537
2023-09-26,6am,failure,long,-1.0,False,33.25,0.9172932330827067,1.0,False,0.8721804511278195,1.047244094488189,False,True,118,1,7,1.8338201882505678,0.25,1,0.7175324675324676,False,1.2788461538461537
2023-09-26,7am,retest,short,1.3,True,47.5,0.10526315789473684,1.0,False,0.6421052631578947,1.4285714285714286,True,False,8,1,1,,3.25,1,0.6087662337662337,True,1.4559386973180077
2023-09-26,7am,retest,long,-1.0,False,47.5,0.10526315789473684,1.0,False,0.6421052631578947,1.4285714285714286,False,True,58,1,1,1.8338201882505678,3.0,1,0.6996753246753247,False,1.4559386973180077
2023-09-26,7am,failure,short,1.3,True,47.5,0.10526315789473684,1.0,False,0.6421052631578947,1.4285714285714286,True,False,7,1,1,,0.25,1,0.6087662337662337,True,1.4559386973180077
2023-09-27,6am,retest,short,-1.0,False,24.25,0.16494845360824742,1.0,False,0.5979381443298969,0.8151260504201681,True,False,11,3,1,2.353322528363047,4.0,2,0.6666666666666666,False,0.9326923076923077
2023-09-27,6am,retest,long,-1.0,False,24.25,0.16494845360824742,1.0,False,0.5979381443298969,0.8151260504201681,False,True,84,1,1,2.6445050855867027,4.0,2,0.6272727272727273,True,0.9326923076923077
2023-09-27,6am,failure,short,-1.0,False,24.25,0.16494845360824742,1.0,False,0.5979381443298969,0.8151260504201681,True,False,5,1,5,,0.25,2,0.6666666666666666,False,0.9326923076923077
2023-09-27,7am,retest,long,-1.0,False,30.75,0.10569105691056911,1.0,False,0.6829268292682927,1.268041237113402,False,False,22,6,1,2.4348810872027182,7.25,2,0.5878787878787879,True,0.9425287356321839
2023-09-27,7am,failure,short,1.3,True,30.75,0.10569105691056911,1.0,False,0.6829268292682927,1.268041237113402,True,True,69,1,1,2.914110429447853,3.25,2,0.7848484848484848,False,0.9425287356321839
2023-09-28,6am,retest,long,-1.0,False,29.5,0.15254237288135594,-1.0,False,0.8135593220338984,0.4777327935222672,True,False,8,1,2,,2.0,3,0.6752688172043011,False,1.1568627450980393
2023-09-28,7am,retest,short,-1.0,False,49.75,0.5728643216080402,-1.0,False,0.32663316582914576,1.6864406779661016,False,False,8,1,1,,3.75,3,0.4645161290322581,True,1.524904214559387
2023-09-28,7am,failure,short,-1.0,False,49.75,0.5728643216080402,-1.0,False,0.32663316582914576,1.6864406779661016,False,False,7,1,1,,4.25,3,0.4645161290322581,True,1.524904214559387
2023-09-29,6am,retest,long,-1.0,False,28.75,0.4260869565217391,-1.0,False,0.7391304347826086,0.9126984126984127,True,False,25,2,1,2.853223593964335,3.0,4,0.14991181657848324,True,1.1274509803921569
2023-09-29,6am,failure,long,-1.0,False,28.75,0.4260869565217391,-1.0,False,0.7391304347826086,0.9126984126984127,True,False,16,1,1,0.8055555555555556,0.75,4,0.14991181657848324,True,1.1274509803921569
2023-09-29,7am,retest,short,-1.0,False,40.75,0.4601226993865031,-1.0,False,0.36809815950920244,1.4173913043478261,False,False,15,1,2,1.8117875333495028,4.25,4,0.9559082892416225,False,1.2490421455938698
2023-10-02,6am,retest,long,-1.0,False,28.5,0.2982456140350877,-1.0,False,0.5526315789473685,0.38127090301003347,True,True,44,6,1,3.2377569144887084,12.25,0,1.106694560669456,False,1.080568720379147
2023-10-02,6am,failure,short,1.3,True,28.5,0.2982456140350877,-1.0,False,0.5526315789473685,0.38127090301003347,False,False,24,1,1,1.0848912044131167,0.25,0,0.13179916317991633,True,1.080568720379147
2023-10-02,7am,retest,long,-1.0,False,41.5,0.40963855421686746,-1.0,False,0.6867469879518072,1.456140350877193,True,False,1,9,5,,11.0,0,1.209205020920502,False,1.2342007434944238
2023-10-03,7am,retest,long,-1.0,False,84.25,0.7952522255192879,-1.0,False,0.02967359050445104,1.9479768786127167,True,False,7,3,6,,3.5,1,1.6714285714285715,False,2.407142857142857
2023-10-04,7am,retest,short,-1.0,False,60.75,0.7530864197530864,1.0,False,0.4279835390946502,1.3425414364640884,True,False,15,72,1,11.439678742310322,46.0,2,1.146086956521739,False,1.653061224489796
2023-10-05,6am,retest,short,-1.0,False,56.0,0.75,1.0,False,0.32589285714285715,1.75,True,False,0,4,24,,5.0,3,0.7361477572559367,False,2.0271493212669682
2023-10-05,6am,failure,long,1.3,True,56.0,0.75,1.0,False,0.32589285714285715,1.75,False,True,97,1,1,2.0833333333333335,1.5,3,0.8548812664907651,True,2.0271493212669682
2023-10-05,7am,retest,short,1.3,True,54.75,0.5388127853881278,1.0,False,0.502283105022831,0.9776785714285714,True,False,1,2,1,,5.75,3,1.0237467018469657,False,1.489795918367347
2023-10-05,7am,retest,long,1.3,True,54.75,0.5388127853881278,1.0,False,0.502283105022831,0.9776785714285714,False,True,34,26,3,3.3145086764554885,34.0,3,0.554089709762533,True,1.489795918367347
2023-10-05,7am,failure,long,-1.0,False,54.75,0.5388127853881278,1.0,False,0.502283105022831,0.9776785714285714,False,True,33,1,1,2.270723104056437,0.25,3,0.554089709762533,True,1.489795918367347
2023-10-06,6am,retest,long,-1.0,False,39.0,0.46153846153846156,1.0,False,0.1858974358974359,1.6421052631578947,False,False,31,14,10,1.5506072874493928,10.75,4,0.19047619047619047,True,1.3744493392070485
2023-10-09,6am,retest,long,-1.0,False,26.5,0.1509433962264151,-1.0,False,0.9905660377358491,0.803030303030303,True,False,6,4,1,,10.25,0,0.6618181818181819,False,0.925764192139738
2023-10-09,6am,failure,long,-1.0,False,26.5,0.1509433962264151,-1.0,False,0.9905660377358491,0.803030303030303,True,False,5,1,1,,0.25,0,0.6618181818181819,False,0.925764192139738
2023-10-09,7am,retest,short,-1.0,False,27.25,0.1743119266055046,-1.0,False,0.3761467889908257,1.028301886792453,False,False,11,10,1,1.1888361045130642,9.75,0,0.48727272727272725,True,0.6942675159235668
2023-10-09,7am,failure,long,1.3,True,27.25,0.1743119266055046,-1.0,False,0.3761467889908257,1.028301886792453,True,True,40,1,1,3.1670702179176757,4.25,0,0.9090909090909091,False,0.6942675159235668
2023-10-11,6am,retest,short,-1.0,False,27.5,0.35454545454545455,1.0,False,0.6181818181818182,1.0091743119266054,True,False,4,1,1,,3.5,2,1.2372881355932204,False,0.9606986899563319
2023-10-11,6am,failure,short,-1.0,False,27.5,0.35454545454545455,1.0,False,0.6181818181818182,1.0091743119266054,True,False,2,1,1,,1.0,2,1.2372881355932204,False,0.9606986899563319
2023-10-11,7am,retest,long,-1.0,False,24.0,0.46875,1.0,False,0.2604166666666667,0.8727272727272727,False,False,30,5,1,12.793522267206477,37.5,2,-0.096045197740113,True,0.6114649681528662
2023-10-12,6am,retest,long,-1.0,False,15.0,0.06666666666666667,-1.0,False,0.6833333333333333,1.0,True,False,20,2,1,1.7329974811083124,3.0,3,0.30845771144278605,True,0.5357142857142857
2023-10-13,6am,retest,short,-1.0,False,36.5,0.4520547945205479,1.0,False,0.726027397260274,0.5140845070422535,True,False,3,2,1,,3.25,4,0.22410147991543342,True,1.3394495412844036
2023-10-13,7am,retest,short,-1.0,False,32.0,0.6875,1.0,False,0.3046875,0.8767123287671232,True,False,26,2,1,2.2108890420399723,4.25,4,0.41226215644820297,True,0.8152866242038217
2023-10-16,6am,retest,short,-1.0,False,39.5,0.17088607594936708,1.0,False,0.3670886075949367,1.7173913043478262,True,False,26,1,1,1.5546875,1.75,0,0.45454545454545453,False,1.4107142857142858
2023-10-16,6am,failure,short,-1.0,False,39.5,0.17088607594936708,1.0,False,0.3670886075949367,1.7173913043478262,True,False,0,1,1,,0.25,0,0.45454545454545453,False,1.4107142857142858
2023-10-16,7am,retest,short,-1.0,False,45.0,0.3388888888888889,1.0,False,0.4166666666666667,1.139240506329114,True,False,39,5,1,2.4322080796900942,9.0,0,0.7057416267942583,False,1.2
2023-10-17,6am,retest,long,-1.0,False,32.25,0.4573643410852713,-1.0,False,0.8914728682170543,0.9020979020979021,True,False,5,27,1,,16.5,1,0.9632352941176471,False,1.1266375545851528
2023-10-17,6am,failure,long,-1.0,False,32.25,0.4573643410852713,-1.0,False,0.8914728682170543,0.9020979020979021,True,False,4,1,1,,2.25,1,0.9632352941176471,False,1.1266375545851528
2023-10-17,7am,retest,long,-1.0,False,28.5,0.0,0.0,False,0.42105263157894735,0.8837209302325582,True,True,12,6,12,2.2113303628262253,8.25,1,1.2058823529411764,False,0.6930091185410334
2023-10-17,7am,failure,long,-1.0,False,28.5,0.0,0.0,False,0.42105263157894735,0.8837209302325582,True,True,8,1,1,,2.0,1,1.2058823529411764,False,0.6930091185410334
2023-10-18,6am,retest,long,1.3,True,39.25,0.4968152866242038,-1.0,False,0.5796178343949044,0.6541666666666667,True,False,106,1,2,2.273909716908952,3.75,2,1.1964285714285714,False,1.3711790393013101
2023-10-18,7am,retest,short,1.3,True,26.0,0.34615384615384615,1.0,True,1.0,0.6624203821656051,True,False,21,2,2,1.3187670698400311,4.5,2,0.18154761904761904,True,0.6322188449848024
2023-10-18,7am,retest,long,-1.0,False,26.0,0.34615384615384615,1.0,True,1.0,0.6624203821656051,False,True,44,19,1,1.325016857720836,19.5,2,1.1279761904761905,False,0.6322188449848024
2023-10-18,7am,failure,short,1.3,True,26.0,0.34615384615384615,1.0,True,1.0,0.6624203821656051,True,False,18,1,1,1.2419503219871206,0.25,2,0.18154761904761904,True,0.6322188449848024
2023-10-18,7am,failure,long,-1.0,False,26.0,0.34615384615384615,1.0,True,1.0,0.6624203821656051,False,True,42,1,1,1.3729897976828638,0.75,2,1.1279761904761905,False,0.6322188449848024
2023-10-19,6am,retest,long,1.3,True,35.5,0.5422535211267606,1.0,False,0.29577464788732394,0.5991561181434599,False,False,26,1,2,0.6986712387483925,2.0,3,0.19668737060041408,True,1.240174672489083
2023-10-19,6am,failure,long,1.3,True,35.5,0.5422535211267606,1.0,False,0.29577464788732394,0.5991561181434599,False,False,18,1,1,1.9537297297297296,3.0,3,0.19668737060041408,True,1.240174672489083
2023-10-19,7am,retest,short,-1.0,False,43.25,0.6589595375722543,-1.0,False,0.7225433526011561,1.2183098591549295,False,False,31,1,1,3.9680851063829787,3.0,3,1.062111801242236,True,1.1849315068493151
2023-10-20,6am,retest,short,1.3,True,29.75,0.4957983193277311,-1.0,False,0.8319327731092437,0.7391304347826086,False,False,19,1,3,0.6853618803816616,0.5,4,0.6311475409836066,True,1.0214592274678111
2023-10-20,6am,retest,long,1.3,True,29.75,0.4957983193277311,-1.0,False,0.8319327731092437,0.7391304347826086,True,True,83,9,1,0.5143769968051118,19.5,4,0.6939890710382514,False,1.0214592274678111
2023-10-20,6am,failure,short,1.3,True,29.75,0.4957983193277311,-1.0,False,0.8319327731092437,0.7391304347826086,False,False,10,1,1,3.6738433348602837,3.75,4,0.6311475409836066,True,1.0214592274678111
2023-10-20,6am,failure,long,-1.0,False,29.75,0.4957983193277311,-1.0,False,0.8319327731092437,0.7391304347826086,True,True,80,1,1,2.4184879971336435,2.25,4,0.6939890710382514,False,1.0214592274678111
2023-10-20,7am,retest,long,-1.0,False,46.25,0.6270270270270271,1.0,False,0.6378378378378379,1.5546218487394958,False,False,21,1,1,1.1250627825213462,2.75,4,0.6912568306010929,True,1.1246200607902737
2023-10-20,7am,failure,long,-1.0,False,46.25,0.6270270270270271,1.0,False,0.6378378378378379,1.5546218487394958,False,False,20,1,1,2.4184879971336435,2.5,4,0.6912568306010929,True,1.1246200607902737
2023-10-23,6am,retest,short,-1.0,False,45.5,0.9285714285714286,1.0,True,1.0,0.4099099099099099,True,False,0,1,1,,5.75,0,0.2915601023017903,True,1.5358649789029535
2023-10-23,7am,retest,short,1.3,True,52.75,0.32701421800947866,1.0,False,0.25118483412322273,1.1593406593406594,True,False,28,1,7,6.395262768319763,11.25,0,0.4936061381074169,True,1.2448377581120944
2023-10-24,6am,retest,short,1.3,True,30.5,0.3442622950819672,-1.0,True,1.0,0.7625,False,False,21,1,1,2.1549636803874095,3.5,1,0.8714285714285714,False,0.9838709677419355
2023-10-24,6am,failure,long,-1.0,False,30.5,0.3442622950819672,-1.0,True,1.0,0.7625,True,True,125,1,1,3.5631901840490796,2.5,1,0.41904761904761906,True,0.9838709677419355
2023-10-24,7am,retest,long,1.3,True,27.75,0.36936936936936937,1.0,False,0.7567567567567568,0.9098360655737705,False,False,2,5,3,,9.25,1,0.32857142857142857,True,0.6288951841359773
2023-10-25,6am,retest,short,-1.0,False,40.5,0.4691358024691358,1.0,False,0.7901234567901234,1.265625,True,False,1,1,1,,3.75,2,0.41725352112676056,True,1.2908366533864541
2023-10-25,7am,retest,short,1.3,True,21.5,0.11627906976744186,-1.0,False,0.46511627906976744,0.5308641975308642,False,False,13,3,2,1.6648920437740313,5.5,2,0.4982394366197183,True,0.48725212464589235
2023-10-25,7am,retest,long,-1.0,False,21.5,0.11627906976744186,-1.0,False,0.46511627906976744,0.5308641975308642,True,True,39,1,1,1.9947043248014122,3.0,2,0.653169014084507,False,0.48725212464589235
2023-10-25,7am,failure,short,1.3,True,21.5,0.11627906976744186,-1.0,False,0.46511627906976744,0.5308641975308642,False,False,12,1,1,3.235448742020278,4.5,2,0.4982394366197183,True,0.48725212464589235
2023-10-26,6am,retest,long,-1.0,False,41.25,0.05454545454545454,-1.0,False,0.7575757575757576,0.9065934065934066,True,False,1,8,1,,11.75,3,0.6026011560693642,False,1.2595419847328244
2023-10-26,6am,failure,short,-1.0,False,41.25,0.05454545454545454,-1.0,False,0.7575757575757576,0.9065934065934066,False,True,90,1,1,8.35710772257747,16.25,3,0.6358381502890174,True,1.2595419847328244
2023-10-26,7am,retest,short,-1.0,False,34.5,0.13768115942028986,-1.0,False,0.32608695652173914,0.8363636363636363,False,False,8,3,1,,6.75,3,0.4624277456647399,True,0.8141592920353983
2023-10-26,7am,failure,short,-1.0,False,34.5,0.13768115942028986,-1.0,False,0.32608695652173914,0.8363636363636363,False,False,2,1,2,,1.5,3,0.4624277456647399,True,0.8141592920353983
2023-10-27,6am,retest,long,-1.0,False,29.75,0.5462184873949579,-1.0,False,0.865546218487395,1.017094017094017,True,False,5,1,3,,2.75,4,0.3427835051546392,True,0.9083969465648855
2023-10-27,6am,failure,long,-1.0,False,29.75,0.5462184873949579,-1.0,False,0.865546218487395,1.017094017094017,True,False,0,1,5,,1.25,4,0.3427835051546392,True,0.9083969465648855
2023-10-27,7am,retest,short,-1.0,False,44.5,0.702247191011236,-1.0,False,0.24157303370786518,1.495798319327731,False,True,50,1,1,3.5787350525860826,5.75,4,0.7680412371134021,False,1.082066869300912
2023-10-27,7am,failure,short,1.3,True,44.5,0.702247191011236,-1.0,False,0.24157303370786518,1.495798319327731,False,True,33,1,2,2.4158163265306123,0.25,4,0.7680412371134021,False,1.082066869300912
2023-10-27,7am,failure,long,1.3,True,44.5,0.702247191011236,-1.0,False,0.24157303370786518,1.495798319327731,True,False,0,1,1,,1.25,4,0.6907216494845361,True,1.082066869300912
2023-10-30,6am,retest,short,1.3,True,19.5,0.5128205128205128,-1.0,True,1.0,0.582089552238806,False,False,46,8,1,4.389473684210526,10.75,0,0.8760563380281691,False,0.6215139442231076
2023-10-30,6am,retest,long,-1.0,False,19.5,0.5128205128205128,-1.0,True,1.0,0.582089552238806,True,True,99,6,1,1.6752387950036738,7.25,0,0.3436619718309859,True,0.6215139442231076
2023-10-30,6am,failure,long,-1.0,False,19.5,0.5128205128205128,-1.0,True,1.0,0.582089552238806,True,True,88,1,2,1.5268411114108444,1.5,0,0.3436619718309859,True,0.6215139442231076
2023-10-30,7am,retest,long,-1.0,False,27.75,0.38738738738738737,1.0,False,0.6126126126126126,1.4230769230769231,False,False,27,1,1,1.9096626643796455,2.25,0,0.3154929577464789,True,0.6747720364741642
2023-10-31,6am,retest,short,1.3,True,28.0,0.39285714285714285,1.0,False,0.30357142857142855,0.717948717948718,True,False,14,2,1,1.5370590566785571,3.75,1,1.1974683544303797,False,0.8924302788844621
2023-10-31,6am,retest,long,1.3,True,28.0,0.39285714285714285,1.0,False,0.30357142857142855,0.717948717948718,False,True,98,1,2,1.4153520754384419,3.75,1,0.08607594936708861,True,0.8924302788844621
2023-10-31,7am,retest,short,1.3,True,28.5,0.043859649122807015,1.0,False,0.6403508771929824,1.0178571428571428,True,False,20,2,1,2.586862794826274,3.75,1,1.3012658227848102,False,0.6930091185410334
2023-10-31,7am,retest,long,-1.0,False,28.5,0.043859649122807015,1.0,False,0.6403508771929824,1.0178571428571428,False,True,37,10,3,2.2121065375302664,17.5,1,-0.012658227848101266,True,0.6930091185410334
2023-11-01,6am,retest,short,-1.0,False,26.0,0.16346153846153846,1.0,False,0.8365384615384616,0.8125,True,True,76,4,8,2.214369846878681,4.5,2,0.30633802816901406,True,0.8286852589641435
2023-11-01,6am,retest,long,1.3,True,26.0,0.16346153846153846,1.0,False,0.8365384615384616,0.8125,False,True,46,11,1,1.7592592592592593,6.25,2,1.0598591549295775,False,0.8286852589641435
2023-11-01,6am,failure,short,1.3,True,26.0,0.16346153846153846,1.0,False,0.8365384615384616,0.8125,True,False,4,1,1,,1.0,2,0.30633802816901406,True,0.8286852589641435
2023-11-01,6am,failure,long,1.3,True,26.0,0.16346153846153846,1.0,False,0.8365384615384616,0.8125,False,True,45,1,1,3.1646108039132286,1.75,2,1.0598591549295775,False,0.8286852589641435
2023-11-01,7am,retest,short,-1.0,False,33.25,0.46616541353383456,-1.0,False,0.7819548872180451,1.2788461538461537,False,False,16,1,1,1.9698755730189914,3.25,2,0.3204225352112676,True,0.8837209302325582
2023-11-01,7am,failure,short,-1.0,False,33.25,0.46616541353383456,-1.0,False,0.7819548872180451,1.2788461538461537,False,False,15,1,1,5.456981244417982,4.75,2,0.3204225352112676,True,0.8837209302325582
2023-11-02,6am,retest,short,-1.0,False,21.75,0.5977011494252874,1.0,False,0.7931034482758621,0.87,True,False,14,1,1,0.8976438779451527,1.5,3,1.0437956204379562,False,0.6932270916334662
2023-11-02,6am,failure,short,-1.0,False,21.75,0.5977011494252874,1.0,False,0.7931034482758621,0.87,True,False,4,1,10,,0.25,3,1.0437956204379562,False,0.6932270916334662
2023-11-02,7am,failure,short,-1.0,False,29.25,0.5897435897435898,1.0,False,0.37606837606837606,1.3448275862068966,True,False,2,1,3,,1.25,3,1.221411192214112,False,0.8634686346863468
2023-11-03,6am,retest,short,-1.0,False,18.0,0.2222222222222222,-1.0,False,0.8611111111111112,0.9,False,True,35,45,1,2.0567133583874275,18.0,4,0.7100591715976331,False,0.5737051792828686
2023-11-03,6am,retest,long,1.3,True,18.0,0.2222222222222222,-1.0,False,0.8611111111111112,0.9,True,False,9,7,1,,6.0,4,0.7159763313609467,True,0.5737051792828686
2023-11-03,6am,failure,short,-1.0,False,18.0,0.2222222222222222,-1.0,False,0.8611111111111112,0.9,False,True,34,1,1,2.027263194687172,0.75,4,0.7100591715976331,False,0.5737051792828686
2023-11-03,6am,failure,long,1.3,True,18.0,0.2222222222222222,-1.0,False,0.8611111111111112,0.9,True,False,7,1,2,,0.75,4,0.7159763313609467,True,0.5737051792828686
2023-11-06,6am,retest,long,-1.0,False,14.5,0.1206896551724138,-1.0,True,1.0,0.7733333333333333,True,False,27,1,1,1.2523020257826887,0.5,0,0.296,True,0.48132780082987553
2023-11-06,6am,failure,long,-1.0,False,14.5,0.1206896551724138,-1.0,True,1.0,0.7733333333333333,True,False,21,1,6,2.184049079754601,0.25,0,0.296,True,0.48132780082987553
2023-11-06,7am,retest,long,-1.0,False,19.0,0.4473684210526316,-1.0,False,0.5394736842105263,1.3103448275862069,True,False,5,3,1,,4.5,0,0.436,True,0.5823754789272031
2023-11-07,7am,retest,short,-1.0,False,32.5,0.9,1.0,False,0.4,1.1016949152542372,True,False,3,21,2,,20.0,1,0.9482758620689655,False,1.0612244897959184
2023-11-07,7am,failure,short,-1.0,False,32.5,0.9,1.0,False,0.4,1.1016949152542372,True,False,1,1,1,,1.0,1,0.9482758620689655,False,1.0612244897959184
2023-11-08,6am,retest,short,-1.0,False,18.75,0.18666666666666668,1.0,False,0.49333333333333335,0.9375,True,True,60,1,1,2.4817518248175183,0.5,2,1.05,True,0.6302521008403361
2023-11-08,6am,retest,long,1.3,True,18.75,0.18666666666666668,1.0,False,0.49333333333333335,0.9375,False,False,10,2,1,1.1,2.0,2,0.41875,False,0.6302521008403361
2023-11-08,6am,failure,short,-1.0,False,18.75,0.18666666666666668,1.0,False,0.49333333333333335,0.9375,True,True,58,1,2,2.536796536796537,0.5,2,1.05,True,0.6302521008403361
2023-11-08,7am,failure,short,-1.0,False,22.0,0.375,1.0,False,0.8522727272727273,1.1733333333333333,True,False,1,1,1,,3.0,2,1.0625,False,0.7183673469387755
2023-11-09,6am,retest,short,-1.0,False,34.0,0.8308823529411765,-1.0,False,0.75,1.1147540983606556,False,False,108,3,1,1.1225422953818016,5.75,3,0.911504424778761,False,1.1428571428571428
2023-11-09,7am,retest,short,-1.0,False,19.5,0.9230769230769231,1.0,True,1.0,0.5735294117647058,True,False,0,32,3,,13.5,3,0.6946902654867256,False,0.6753246753246753
2023-11-10,6am,failure,short,-1.0,False,26.25,0.09523809523809523,-1.0,False,0.6571428571428571,1.0194174757281553,False,False,11,1,1,1.2618771726535343,0.75,4,0.39615384615384613,True,0.8713692946058091
2023-11-10,7am,retest,short,-1.0,False,61.5,0.7682926829268293,1.0,False,0.1951219512195122,2.342857142857143,True,False,9,4,1,,5.5,4,1.1576923076923078,False,2.1298701298701297
2023-11-13,6am,retest,short,1.3,True,20.5,0.1951219512195122,-1.0,True,1.0,0.7256637168141593,False,False,81,2,1,3.2402234636871508,3.0,0,0.6376021798365122,True,0.6804979253112033
2023-11-13,7am,retest,short,-1.0,False,15.75,0.0,0.0,True,1.0,0.7682926829268293,False,False,21,2,1,3.2402234636871508,4.0,0,0.6267029972752044,True,0.5142857142857142
2023-11-13,7am,failure,short,-1.0,False,15.75,0.0,0.0,True,1.0,0.7682926829268293,False,False,19,1,2,2.2916830902640917,0.5,0,0.6267029972752044,True,0.5142857142857142
2023-11-14,6am,retest,short,-1.0,False,19.25,0.2077922077922078,1.0,False,0.7012987012987013,0.7,True,False,75,1,1,1.1934552454282963,1.0,1,0.6188340807174888,False,0.6470588235294118
2023-11-14,6am,failure,short,1.3,True,19.25,0.2077922077922078,1.0,False,0.7012987012987013,0.7,True,False,2,1,5,,0.25,1,0.6188340807174888,False,0.6470588235294118
2023-11-14,7am,failure,short,1.3,True,19.75,0.0759493670886076,-1.0,False,0.9746835443037974,1.025974025974026,False,False,1,1,1,,1.75,1,0.6278026905829597,False,0.683982683982684
2023-11-15,6am,retest,short,-1.0,False,22.75,0.38461538461538464,1.0,False,0.7472527472527473,0.558282208588957,True,False,10,12,4,3.2866043613707165,13.75,2,1.076158940397351,False,0.7878787878787878
2023-11-15,6am,failure,short,-1.0,False,22.75,0.38461538461538464,1.0,False,0.7472527472527473,0.558282208588957,True,False,9,1,1,,0.25,2,1.076158940397351,False,0.7878787878787878
2023-11-15,7am,retest,short,-1.0,False,24.0,0.625,1.0,False,0.4270833333333333,1.054945054945055,True,False,0,1,7,,2.5,2,1.2582781456953642,False,0.8421052631578947
2023-11-16,6am,retest,short,1.3,True,19.0,0.27631578947368424,-1.0,True,1.0,0.8837209302325582,False,True,105,19,1,2.0334040296924707,13.5,3,0.8026315789473685,False,0.7004608294930875
2023-11-16,6am,retest,long,-1.0,False,19.0,0.27631578947368424,-1.0,True,1.0,0.8837209302325582,True,False,5,85,1,,28.75,3,0.5307017543859649,True,0.7004608294930875
2023-11-16,6am,failure,short,1.3,True,19.0,0.27631578947368424,-1.0,True,1.0,0.8837209302325582,False,True,98,1,1,1.531439364130007,0.75,3,0.8026315789473685,False,0.7004608294930875
2023-11-16,7am,retest,short,-1.0,False,32.0,0.78125,-1.0,False,0.3046875,1.6842105263157894,False,True,37,4,1,2.4126874079209637,10.5,3,0.6403508771929824,True,1.1377777777777778
2023-11-16,7am,retest,long,1.3,True,32.0,0.78125,-1.0,False,0.3046875,1.6842105263157894,True,False,12,8,1,1.9039665970772444,6.5,3,0.9210526315789473,False,1.1377777777777778
2023-11-16,7am,failure,short,-1.0,False,32.0,0.78125,-1.0,False,0.3046875,1.6842105263157894,False,True,35,1,2,1.9180722891566264,1.0,3,0.6403508771929824,True,1.1377777777777778
2023-11-16,7am,failure,long,1.3,True,32.0,0.78125,-1.0,False,0.3046875,1.6842105263157894,True,False,1,1,11,,0.75,3,0.9210526315789473,False,1.1377777777777778
2023-11-17,7am,retest,short,1.3,True,22.25,0.056179775280898875,1.0,False,0.651685393258427,0.8317757009345794,True,False,6,2,1,,2.25,4,0.9195402298850575,False,0.7705627705627706
2023-11-17,7am,retest,long,-1.0,False,22.25,0.056179775280898875,1.0,False,0.651685393258427,0.8317757009345794,False,True,40,7,1,2.61486278137527,9.75,4,0.5919540229885057,True,0.7705627705627706
2023-11-17,7am,failure,short,1.3,True,22.25,0.056179775280898875,1.0,False,0.651685393258427,0.8317757009345794,True,False,5,1,1,,0.25,4,0.9195402298850575,False,0.7705627705627706
2023-11-20,6am,retest,long,1.3,True,23.75,0.17894736842105263,1.0,False,0.8842105263157894,0.9895833333333334,False,False,37,66,9,2.565668906536347,18.0,0,0.28232189973614774,True,0.9090909090909091
2023-11-20,7am,retest,long,1.3,True,33.25,0.7443609022556391,-1.0,False,0.5714285714285714,1.4,True,False,27,1,2,3.1665092854894556,3.75,0,0.43271767810026385,False,1.1822222222222223
2023-11-20,7am,failure,long,1.3,True,33.25,0.7443609022556391,-1.0,False,0.5714285714285714,1.4,True,False,0,1,2,,0.5,0,0.43271767810026385,False,1.1822222222222223
2023-11-21,6am,retest,long,-1.0,False,27.0,0.7314814814814815,-1.0,False,0.5092592592592593,1.148936170212766,True,False,40,2,1,1.4010605637733742,3.75,1,1.2560386473429952,False,1.085427135678392
2023-11-21,6am,failure,long,-1.0,False,27.0,0.7314814814814815,-1.0,False,0.5092592592592593,1.148936170212766,True,False,38,1,1,0.9367159185949262,0.75,1,1.2560386473429952,False,1.085427135678392
2023-11-21,7am,retest,long,-1.0,False,36.5,0.5547945205479452,-1.0,False,0.4726027397260274,1.3518518518518519,True,False,8,12,1,,7.25,1,1.6280193236714975,False,1.2977777777777777
2023-11-21,7am,failure,long,-1.0,False,36.5,0.5547945205479452,-1.0,False,0.4726027397260274,1.3518518518518519,True,False,7,1,1,,1.5,1,1.6280193236714975,False,1.2977777777777777
2023-11-22,6am,failure,short,-1.0,False,22.5,0.14444444444444443,1.0,False,0.4,0.4972375690607735,True,False,12,1,1,1.9831365935919056,1.5,2,1.1578947368421053,False,0.9045226130653267
2023-11-22,7am,retest,short,1.3,True,35.0,0.4714285714285714,1.0,False,0.45,1.5555555555555556,True,False,24,1,1,3.4509122502172023,3.0,2,1.3830409356725146,False,1.2444444444444445
2023-11-23,6am,retest,long,-1.0,False,9.5,0.10526315789473684,1.0,True,1.0,0.4367816091954023,False,True,35,85,1,1.786030061892131,11.0,3,0.3557692307692308,True,0.40860215053763443
2023-11-23,6am,failure,short,1.3,True,9.5,0.10526315789473684,1.0,True,1.0,0.4367816091954023,True,True,24,1,1,1.1121408711770158,0.25,3,0.8269230769230769,False,0.40860215053763443
2023-11-23,7am,failure,long,1.3,True,19.75,0.620253164556962,-1.0,False,0.4810126582278481,2.0789473684210527,True,False,8,1,3,,0.25,3,0.5480769230769231,True,0.683982683982684
2023-11-24,7am,retest,short,1.3,True,16.5,0.10606060606060606,-1.0,True,1.0,0.559322033898305,False,True,51,2,1,1.4045936395759717,1.75,4,0.45320197044334976,True,0.5714285714285714
2023-11-24,7am,retest,long,1.3,True,16.5,0.10606060606060606,-1.0,True,1.0,0.559322033898305,True,False,1,6,1,,6.5,4,0.8719211822660099,False,0.5714285714285714
2023-11-24,7am,failure,short,1.3,True,16.5,0.10606060606060606,-1.0,True,1.0,0.559322033898305,False,True,45,1,1,2.552712960359854,0.75,4,0.45320197044334976,True,0.5714285714285714
2023-11-27,6am,retest,short,1.3,True,18.5,0.32432432432432434,-1.0,False,0.9324324324324325,0.4868421052631579,False,False,6,2,1,,1.5,0,1.0171232876712328,True,0.8176795580110497
2023-11-27,6am,retest,long,1.3,True,18.5,0.32432432432432434,-1.0,False,0.9324324324324325,0.4868421052631579,True,True,123,23,1,3.9142974866089824,18.25,0,0.2363013698630137,False,0.8176795580110497
2023-11-27,6am,failure,long,-1.0,False,18.5,0.32432432432432434,-1.0,False,0.9324324324324325,0.4868421052631579,True,True,122,1,1,2.142857142857143,1.0,0,0.2363013698630137,False,0.8176795580110497
2023-11-27,7am,retest,short,1.3,True,21.0,0.08333333333333333,1.0,False,0.7380952380952381,1.135135135135135,True,False,23,2,1,0.5318332907184863,1.5,0,1.0924657534246576,True,0.7466666666666667
2023-11-27,7am,failure,short,1.3,True,21.0,0.08333333333333333,1.0,False,0.7380952380952381,1.135135135135135,True,False,9,1,3,,0.5,0,1.0924657534246576,True,0.7466666666666667
2023-11-27,7am,failure,long,-1.0,False,21.0,0.08333333333333333,1.0,False,0.7380952380952381,1.135135135135135,False,True,58,1,1,1.149370695796723,1.0,0,0.1952054794520548,False,0.7466666666666667
2023-11-28,6am,retest,long,-1.0,False,21.0,0.6785714285714286,-1.0,False,0.75,0.9230769230769231,True,False,20,2,1,2.4835454146555507,5.0,1,0.377431906614786,False,0.9491525423728814
2023-11-28,6am,failure,long,-1.0,False,21.0,0.6785714285714286,-1.0,False,0.75,0.9230769230769231,True,False,17,1,1,0.9296875,0.25,1,0.377431906614786,False,0.9491525423728814
2023-11-28,7am,retest,long,1.3,True,31.0,0.6290322580645161,-1.0,False,0.29838709677419356,1.4761904761904763,True,False,1,22,1,,22.75,1,0.7159533073929961,False,1.1980676328502415
2023-11-29,6am,retest,short,-1.0,False,26.0,0.46153846153846156,1.0,False,0.4519230769230769,2.2127659574468086,True,False,31,1,1,2.5375826819001803,1.5,2,1.1636904761904763,False,1.2163742690058479
2023-11-29,7am,retest,short,-1.0,False,21.5,0.6627906976744186,1.0,False,0.6976744186046512,0.8269230769230769,True,False,0,2,1,,2.75,2,1.2410714285714286,False,0.819047619047619
2023-11-30,6am,retest,short,-1.0,False,15.0,0.7166666666666667,-1.0,True,1.0,0.6976744186046512,False,False,5,13,1,,6.0,3,0.8490566037735849,False,0.7017543859649122
2023-11-30,6am,retest,long,-1.0,False,15.0,0.7166666666666667,-1.0,True,1.0,0.6976744186046512,True,True,118,1,1,0.9016261471582676,1.0,3,0.5283018867924528,True,0.7017543859649122
2023-11-30,7am,retest,short,-1.0,False,27.25,0.8073394495412844,1.0,False,0.4954128440366973,1.8166666666666667,True,False,14,1,1,1.81267217630854,1.0,3,1.1949685534591195,False,1.1783783783783783
2023-11-30,7am,failure,long,-1.0,False,27.25,0.8073394495412844,1.0,False,0.4954128440366973,1.8166666666666667,False,True,55,1,2,1.3704735376044568,1.0,3,0.49056603773584906,True,1.1783783783783783
2023-12-01,6am,retest,long,-1.0,False,19.0,0.23684210526315788,-1.0,False,0.5,0.926829268292683,True,False,1,4,1,,5.0,4,0.7954545454545454,True,0.8888888888888888
2023-12-04,6am,retest,long,1.3,True,31.5,0.6111111111111112,-1.0,False,0.49206349206349204,1.6363636363636365,True,False,1,2,1,,8.25,0,1.0303030303030303,False,1.5180722891566265
2023-12-05,6am,retest,short,-1.0,False,33.75,0.25925925925925924,-1.0,False,0.9259259259259259,0.9310344827586207,False,False,66,9,6,1.2182254196642686,12.75,1,0.33578431372549017,True,1.6265060240963856
2023-12-05,6am,failure,short,-1.0,False,33.75,0.25925925925925924,-1.0,False,0.9259259259259259,0.9310344827586207,False,False,63,1,1,1.367736521921544,0.5,1,0.33578431372549017,True,1.6265060240963856
2023-12-05,7am,retest,short,-1.0,False,31.0,0.4838709677419355,1.0,True,1.0,0.9185185185185185,True,False,6,9,1,,13.25,1,0.33088235294117646,True,1.3405405405405406
2023-12-05,7am,failure,short,-1.0,False,31.0,0.4838709677419355,1.0,True,1.0,0.9185185185185185,True,False,3,1,1,,1.0,1,0.33088235294117646,True,1.3405405405405406
2023-12-06,6am,retest,long,1.3,True,39.5,0.6835443037974683,-1.0,False,0.569620253164557,1.6808510638297873,True,False,9,2,1,,2.25,2,0.579746835443038,True,1.9036144578313252
2023-12-06,7am,retest,short,-1.0,False,24.75,0.1111111111111111,-1.0,False,0.5656565656565656,0.6265822784810127,False,False,15,8,1,6.588650208400128,11.5,2,0.5620253164556962,False,1.0702702702702702
2023-12-07,6am,retest,short,-1.0,False,21.75,0.21839080459770116,1.0,False,0.7241379310344828,1.2985074626865671,True,False,58,3,1,2.409448818897638,3.5,3,1.0857142857142856,False,1.0
2023-12-07,7am,retest,short,-1.0,False,22.5,0.32222222222222224,1.0,False,0.8444444444444444,1.0344827586206897,True,False,4,9,2,,7.25,3,1.1428571428571428,False,0.9230769230769231
2023-12-08,6am,retest,long,-1.0,False,43.0,0.7732558139534884,-1.0,False,0.36046511627906974,2.1772151898734178,True,False,3,18,1,,20.75,4,0.9356435643564357,False,1.9435028248587571
2023-12-11,6am,retest,short,-1.0,False,27.75,0.3063063063063063,1.0,False,0.5045045045045045,1.099009900990099,True,False,0,6,1,,6.25,0,0.9313432835820895,False,1.2265193370165746
2023-12-11,7am,retest,short,-1.0,False,19.25,0.44155844155844154,1.0,False,0.35064935064935066,0.6936936936936937,True,True,61,8,1,2.1213338690237045,11.25,0,0.981094527363184,False,0.8279569892473119
2023-12-11,7am,retest,long,-1.0,False,19.25,0.44155844155844154,1.0,False,0.35064935064935066,0.6936936936936937,False,False,2,7,1,,6.75,0,0.0955223880597015,True,0.8279569892473119
2023-12-12,6am,retest,long,-1.0,False,12.25,0.061224489795918366,-1.0,False,0.9795918367346939,0.7313432835820896,True,True,112,17,1,1.0115652724968314,21.0,1,0.5679611650485437,True,0.5414364640883977
2023-12-12,6am,failure,short,-1.0,False,12.25,0.061224489795918366,-1.0,False,0.9795918367346939,0.7313432835820896,False,False,22,1,1,4.325649828347229,0.75,1,0.6699029126213593,False,0.5414364640883977
2023-12-12,7am,retest,short,-1.0,False,31.75,0.84251968503937,1.0,False,0.3700787401574803,2.5918367346938775,True,False,3,1,1,,1.25,1,1.058252427184466,False,1.3655913978494623
2023-12-12,7am,retest,long,-1.0,False,31.75,0.84251968503937,1.0,False,0.3700787401574803,2.5918367346938775,False,True,52,17,1,1.0115652724968314,21.5,1,0.558252427184466,True,1.3655913978494623
2023-12-12,7am,failure,short,-1.0,False,31.75,0.84251968503937,1.0,False,0.3700787401574803,2.5918367346938775,True,False,1,1,1,,0.75,1,1.058252427184466,False,1.3655913978494623
2023-12-13,6am,retest,short,1.3,True,17.75,0.676056338028169,1.0,False,0.5070422535211268,1.5434782608695652,True,False,15,1,1,0.7724094087730452,0.25,2,0.8738738738738738,False,0.8022598870056498
2023-12-13,6am,failure,short,1.3,True,17.75,0.676056338028169,1.0,False,0.5070422535211268,1.5434782608695652,True,False,0,1,3,,0.25,2,0.8738738738738738,False,0.8022598870056498
2023-12-14,6am,retest,short,1.3,True,27.0,0.5925925925925926,-1.0,True,1.0,0.8503937007874016,False,False,25,1,1,0.9439071566731141,2.0,3,0.6970387243735763,False,1.2203389830508475
2023-12-14,6am,retest,long,1.3,True,27.0,0.5925925925925926,-1.0,True,1.0,0.8503937007874016,True,True,65,1,4,2.2048734326945825,1.25,3,0.5489749430523918,True,1.2203389830508475
2023-12-14,6am,failure,short,1.3,True,27.0,0.5925925925925926,-1.0,True,1.0,0.8503937007874016,False,False,18,1,4,1.065524944154877,0.75,3,0.6970387243735763,False,1.2203389830508475
2023-12-14,7am,retest,short,1.3,True,23.25,0.3978494623655914,1.0,False,0.9139784946236559,0.8611111111111112,True,True,61,1,2,0.7312789398052052,1.0,3,0.715261958997722,False,0.9538461538461539
2023-12-14,7am,retest,long,-1.0,False,23.25,0.3978494623655914,1.0,False,0.9139784946236559,0.8611111111111112,False,False,4,11,1,,8.0,3,0.49658314350797267,True,0.9538461538461539
2023-12-14,7am,failure,short,1.3,True,23.25,0.3978494623655914,1.0,False,0.9139784946236559,0.8611111111111112,True,True,57,1,4,0.8835839404743451,1.25,3,0.715261958997722,False,0.9538461538461539
2023-12-15,6am,retest,short,1.3,True,19.75,0.45569620253164556,1.0,True,1.0,0.9753086419753086,True,True,136,1,1,1.1659192825112106,3.0,4,1.0,False,0.8729281767955801
2023-12-15,6am,retest,long,1.3,True,19.75,0.45569620253164556,1.0,True,1.0,0.9753086419753086,False,False,66,1,1,0.9450707603741905,0.5,4,0.24307692307692308,True,0.8729281767955801
2023-12-15,6am,failure,short,1.3,True,19.75,0.45569620253164556,1.0,True,1.0,0.9753086419753086,True,True,135,1,1,1.8702357737989717,1.5,4,1.0,False,0.8729281767955801
2023-12-15,6am,failure,long,1.3,True,19.75,0.45569620253164556,1.0,True,1.0,0.9753086419753086,False,False,52,1,1,2.8866689631415774,1.25,4,0.24307692307692308,True,0.8729281767955801
2023-12-15,7am,retest,short,1.3,True,22.0,0.4431818181818182,-1.0,False,0.8636363636363636,1.1139240506329113,False,True,76,4,1,1.1659192825112106,3.75,4,0.9907692307692307,False,0.9312169312169312
2023-12-15,7am,failure,short,1.3,True,22.0,0.4431818181818182,-1.0,False,0.8636363636363636,1.1139240506329113,False,True,75,1,1,1.8702357737989717,2.25,4,0.9907692307692307,False,0.9312169312169312
2023-12-15,7am,failure,long,-1.0,False,22.0,0.4431818181818182,-1.0,False,0.8636363636363636,1.1139240506329113,True,False,34,1,1,3.7818181818181817,3.25,4,0.28,True,0.9312169312169312
2023-12-18,6am,retest,short,-1.0,False,25.0,0.54,-1.0,False,0.28,1.2658227848101267,False,False,62,1,10,2.0251396648044695,1.75,0,0.7035398230088495,False,1.1299435028248588
2023-12-19,6am,retest,short,-1.0,False,24.75,0.31313131313131315,1.0,False,0.3333333333333333,3.0,True,False,14,7,1,1.6979619111259607,25.75,1,1.3270440251572326,False,1.0702702702702702
2023-12-19,6am,failure,short,-1.0,False,24.75,0.31313131313131315,1.0,False,0.3333333333333333,3.0,True,False,13,1,1,1.8848508033664881,2.0,1,1.3270440251572326,False,1.0702702702702702
2023-12-20,6am,retest,short,1.3,True,16.75,0.08955223880597014,1.0,False,0.7761194029850746,1.0806451612903225,True,False,26,9,1,0.8061002178649238,6.75,2,0.21428571428571427,True,0.708994708994709
2023-12-20,6am,failure,short,-1.0,False,16.75,0.08955223880597014,1.0,False,0.7761194029850746,1.0806451612903225,True,False,17,1,1,1.9679218967921897,1.25,2,0.21428571428571427,True,0.708994708994709
2023-12-20,7am,failure,short,1.3,True,19.5,0.14102564102564102,-1.0,False,0.6538461538461539,1.164179104477612,False,False,48,1,1,1.5627508696815628,0.5,2,0.29464285714285715,True,0.8253968253968254
2023-12-21,6am,retest,short,1.3,True,19.25,0.42857142857142855,1.0,False,0.8571428571428571,0.9625,True,False,20,42,7,1.5033557046979866,8.5,3,0.9129353233830846,False,0.8700564971751412
2023-12-21,6am,failure,short,-1.0,False,19.25,0.42857142857142855,1.0,False,0.8571428571428571,0.9625,True,False,18,1,1,1.306812531079065,1.5,3,0.9129353233830846,False,0.8700564971751412
2023-12-22,6am,retest,short,-1.0,False,10.75,0.23255813953488372,1.0,False,0.5581395348837209,0.4942528735632184,True,False,0,92,1,,37.75,4,0.7104247104247104,True,0.5029239766081871
2023-12-22,7am,retest,short,-1.0,False,17.75,0.6619718309859155,1.0,False,0.16901408450704225,1.6511627906976745,True,False,2,9,1,,7.25,4,0.9382239382239382,True,0.7513227513227513
2023-12-26,6am,retest,long,1.3,True,12.0,0.6458333333333334,-1.0,False,0.75,1.0434782608695652,True,False,5,36,1,,19.25,1,0.4570446735395189,True,0.5614035087719298
2023-12-26,6am,failure,short,1.3,True,12.0,0.6458333333333334,-1.0,False,0.75,1.0434782608695652,False,True,58,1,1,1.59216166564605,0.25,1,0.7079037800687286,False,0.5614035087719298
2023-12-27,6am,retest,long,1.3,True,7.5,0.3333333333333333,1.0,False,0.9666666666666667,0.5454545454545454,False,False,8,5,1,,5.25,2,0.7583333333333333,False,0.3508771929824561
2023-12-28,6am,retest,short,-1.0,False,9.25,0.21621621621621623,1.0,False,0.8108108108108109,0.9024390243902439,True,False,16,1,1,2.0,0.25,3,0.8757763975155279,False,0.4457831325301205
2023-12-28,6am,retest,long,-1.0,False,9.25,0.21621621621621623,1.0,False,0.8108108108108109,0.9024390243902439,False,True,119,1,1,2.6813301911495158,2.0,3,0.35403726708074534,True,0.4457831325301205
2023-12-28,7am,retest,short,1.3,True,15.0,0.2833333333333333,1.0,False,0.43333333333333335,1.6216216216216217,True,False,31,1,1,3.062381852551985,3.25,3,1.0869565217391304,False,0.6557377049180327
2023-12-28,7am,retest,long,1.3,True,15.0,0.2833333333333333,1.0,False,0.43333333333333335,1.6216216216216217,False,True,59,25,1,2.6813301911495158,12.25,3,0.2857142857142857,True,0.6557377049180327
2023-12-28,7am,failure,short,1.3,True,15.0,0.2833333333333333,1.0,False,0.43333333333333335,1.6216216216216217,True,False,30,1,1,5.9405940594059405,2.0,3,1.0869565217391304,False,0.6557377049180327
2023-12-28,7am,failure,long,-1.0,False,15.0,0.2833333333333333,1.0,False,0.43333333333333335,1.6216216216216217,False,True,58,1,1,1.9499859511098625,0.5,3,0.2857142857142857,True,0.6557377049180327
2023-12-29,6am,failure,long,-1.0,False,14.5,0.27586206896551724,1.0,False,0.6551724137931034,1.16,False,False,5,1,1,,0.25,4,0.5287958115183246,True,0.7435897435897436
2024-01-02,6am,retest,long,-1.0,False,131.25,0.7314285714285714,-1.0,False,0.06285714285714286,4.487179487179487,True,False,50,44,1,5.736480430236033,28.25,1,2.7508896797153026,False,6.730769230769231
2024-01-03,6am,retest,long,-1.0,False,29.75,0.31932773109243695,-1.0,False,0.9747899159663865,0.7986577181208053,True,False,5,3,2,,6.0,2,1.007462686567164,False,1.4337349397590362
2024-01-03,7am,retest,long,1.3,True,46.5,0.8440860215053764,-1.0,False,0.2849462365591398,1.5630252100840336,True,False,0,2,4,,4.25,2,1.3383084577114428,False,2.078212290502793
2024-01-04,6am,retest,long,-1.0,False,44.75,0.770949720670391,-1.0,False,0.49162011173184356,1.6422018348623852,True,False,2,11,2,,23.75,3,1.087557603686636,False,2.1566265060240966
2024-01-04,6am,failure,long,-1.0,False,44.75,0.770949720670391,-1.0,False,0.49162011173184356,1.6422018348623852,True,False,1,1,1,,0.75,3,1.087557603686636,False,2.1566265060240966
2024-01-04,7am,retest,long,-1.0,False,31.25,0.312,-1.0,False,0.24,0.6983240223463687,True,False,10,5,4,1.4895870102364983,7.25,3,1.5253456221198156,False,1.366120218579235
2024-01-04,7am,failure,long,-1.0,False,31.25,0.312,-1.0,False,0.24,0.6983240223463687,True,False,6,1,2,,1.25,3,1.5253456221198156,False,1.366120218579235
2024-01-05,6am,retest,short,1.3,True,27.5,0.10909090909090909,1.0,False,0.8454545454545455,0.8333333333333334,True,False,24,1,1,1.485355648535565,1.5,4,0.2390745501285347,True,1.3253012048192772
2024-01-05,6am,failure,short,1.3,True,27.5,0.10909090909090909,1.0,False,0.8454545454545455,0.8333333333333334,True,False,19,1,1,1.0840550178298523,0.5,4,0.2390745501285347,True,1.3253012048192772
2024-01-05,7am,retest,long,-1.0,False,22.25,0.15730337078651685,1.0,False,0.6292134831460674,0.8090909090909091,False,True,30,12,1,17.20805369127517,46.75,4,0.9048843187660668,False,0.9726775956284153
2024-01-08,6am,retest,short,-1.0,False,57.25,0.5982532751091703,1.0,False,0.4279475982532751,2.336734693877551,True,False,7,15,1,,9.0,0,0.7295081967213115,True,2.7590361445783134
2024-01-08,6am,failure,short,-1.0,False,57.25,0.5982532751091703,1.0,False,0.4279475982532751,2.336734693877551,True,False,6,1,1,,0.5,0,0.7295081967213115,True,2.7590361445783134
2024-01-08,7am,retest,short,-1.0,False,34.0,0.7720588235294118,1.0,False,0.4411764705882353,0.5938864628820961,True,False,19,2,1,0.6167854315122723,1.5,0,0.8852459016393442,False,1.5195530726256983
2024-01-08,7am,failure,short,-1.0,False,34.0,0.7720588235294118,1.0,False,0.4411764705882353,0.5938864628820961,True,False,0,1,2,,1.25,0,0.8852459016393442,False,1.5195530726256983
2024-01-09,6am,failure,long,-1.0,False,52.75,0.6824644549763034,-1.0,False,0.27488151658767773,2.573170731707317,True,False,96,1,1,2.5447427293064875,3.5,1,1.4673202614379084,False,2.3707865168539324
2024-01-09,7am,retest,long,-1.0,False,37.0,0.777027027027027,1.0,True,1.0,0.7014218009478673,False,False,32,1,1,3.995248465650366,4.75,1,1.4052287581699345,False,1.6536312849162011
2024-01-10,6am,retest,long,-1.0,False,49.75,0.5527638190954773,-1.0,False,0.35175879396984927,1.4214285714285715,True,False,61,2,1,2.439724454649828,4.25,2,0.7175,True,2.235955056179775
2024-01-10,7am,retest,long,-1.0,False,26.0,0.23076923076923078,-1.0,True,1.0,0.5226130653266332,True,False,0,6,1,,9.75,2,0.6625,True,1.1366120218579234
2024-01-11,7am,failure,short,-1.0,False,17.5,0.22857142857142856,-1.0,True,1.0,0.7070707070707071,False,False,26,1,2,1.7518248175182483,0.5,3,0.711864406779661,False,0.7291666666666666
2024-01-15,6am,retest,short,1.3,True,25.5,0.0784313725490196,-1.0,False,0.6274509803921569,1.3972602739726028,False,False,7,28,4,,8.75,0,0.3888888888888889,False,1.146067415730337
2024-01-15,6am,retest,long,1.3,True,25.5,0.0784313725490196,-1.0,False,0.6274509803921569,1.3972602739726028,True,True,125,4,1,5.319148936170214,7.25,0,0.9093567251461988,True,1.146067415730337
2024-01-15,6am,failure,short,1.3,True,25.5,0.0784313725490196,-1.0,False,0.6274509803921569,1.3972602739726028,False,False,6,1,1,,0.5,0,0.3888888888888889,False,1.146067415730337
2024-01-15,7am,retest,long,-1.0,False,21.0,0.23809523809523808,-1.0,False,0.5833333333333334,0.8235294117647058,True,False,0,2,1,,3.5,0,0.7543859649122807,True,0.875
2024-01-16,6am,retest,short,-1.0,False,43.0,0.8372093023255814,1.0,False,0.28488372093023256,1.3650793650793651,True,False,6,7,3,,9.25,1,0.499184339314845,True,1.728643216080402
2024-01-16,7am,retest,short,1.3,True,44.25,0.6892655367231638,1.0,False,0.3559322033898305,1.0290697674418605,True,True,35,1,1,1.2640449438202246,5.0,1,0.6851549755301795,True,1.9344262295081966
2024-01-16,7am,failure,short,1.3,True,44.25,0.6892655367231638,1.0,False,0.3559322033898305,1.0290697674418605,True,True,34,1,1,3.012033837721911,6.0,1,0.6851549755301795,True,1.9344262295081966
2024-01-17,6am,retest,short,1.3,True,45.0,0.4388888888888889,1.0,False,0.6555555555555556,1.487603305785124,True,False,22,9,4,2.210690192008303,10.0,2,0.4939759036144578,True,1.7821782178217822
2024-01-17,6am,retest,long,-1.0,False,45.0,0.4388888888888889,1.0,False,0.6555555555555556,1.487603305785124,False,True,90,3,1,7.610986353428917,12.75,2,0.7771084337349398,False,1.7821782178217822
2024-01-17,6am,failure,short,1.3,True,45.0,0.4388888888888889,1.0,False,0.6555555555555556,1.487603305785124,True,False,20,1,1,1.629669734704927,1.0,2,0.4939759036144578,True,1.7821782178217822
2024-01-17,7am,retest,long,-1.0,False,25.75,0.05825242718446602,-1.0,False,0.6116504854368932,0.5722222222222222,True,False,2,3,1,,5.25,2,0.6009036144578314,False,1.0729166666666667
2024-01-17,7am,failure,long,-1.0,False,25.75,0.05825242718446602,-1.0,False,0.6116504854368932,0.5722222222222222,True,False,1,1,1,,1.75,2,0.6009036144578314,False,1.0729166666666667
2024-01-18,6am,retest,short,-1.0,False,58.0,0.8577586206896551,1.0,False,0.125,1.45,True,False,1,1,4,,10.75,3,1.447136563876652,False,2.297029702970297
2024-01-18,7am,retest,short,1.3,True,35.0,0.39285714285714285,1.0,False,0.2357142857142857,0.603448275862069,True,False,35,2,1,5.282286881061766,19.5,3,1.6828193832599119,False,1.4583333333333333
2024-01-18,7am,retest,long,1.3,True,35.0,0.39285714285714285,1.0,False,0.2357142857142857,0.603448275862069,False,True,44,5,2,1.355712720390477,14.0,3,-0.3744493392070485,True,1.4583333333333333
2024-01-18,7am,failure,long,-1.0,False,35.0,0.39285714285714285,1.0,False,0.2357142857142857,0.603448275862069,False,True,42,1,1,2.0176078057533786,4.0,3,-0.3744493392070485,True,1.4583333333333333
2024-01-19,7am,retest,short,1.3,True,39.25,0.21019108280254778,-1.0,False,0.535031847133758,1.5544554455445545,False,False,9,1,1,,2.25,4,1.0345454545454544,False,1.6354166666666667
2024-01-19,7am,retest,long,-1.0,False,39.25,0.21019108280254778,-1.0,False,0.535031847133758,1.5544554455445545,True,True,71,4,1,1.610755776008354,6.5,4,0.2509090909090909,True,1.6354166666666667
2024-01-19,7am,failure,long,-1.0,False,39.25,0.21019108280254778,-1.0,False,0.535031847133758,1.5544554455445545,True,True,62,1,1,2.6397369657116014,2.25,4,0.2509090909090909,True,1.6354166666666667
2024-01-22,6am,retest,short,-1.0,False,22.5,0.0,0.0,False,0.6333333333333333,1.0975609756097562,False,False,13,5,2,0.3409475465313029,3.25,0,0.8737864077669902,False,0.8490566037735849
2024-01-22,6am,retest,long,-1.0,False,22.5,0.0,0.0,False,0.6333333333333333,1.0975609756097562,True,True,93,1,1,2.1904591745577986,2.75,0,0.3446601941747573,True,0.8490566037735849
2024-01-22,6am,failure,short,-1.0,False,22.5,0.0,0.0,False,0.6333333333333333,1.0975609756097562,False,False,11,1,1,2.8287478944413254,3.75,0,0.8737864077669902,False,0.8490566037735849
2024-01-22,7am,retest,long,-1.0,False,48.5,0.711340206185567,1.0,False,0.4536082474226804,2.1555555555555554,False,False,33,1,1,2.1904591745577986,3.25,0,0.33980582524271846,True,1.9795918367346939
2024-01-23,6am,retest,short,-1.0,False,29.5,0.8728813559322034,1.0,False,0.5084745762711864,1.0825688073394495,True,False,13,1,8,1.7092034029389016,2.5,1,0.8550185873605948,False,1.1132075471698113
2024-01-23,6am,failure,short,-1.0,False,29.5,0.8728813559322034,1.0,False,0.5084745762711864,1.0825688073394495,True,False,5,1,8,,1.0,1,0.8550185873605948,False,1.1132075471698113
2024-01-23,7am,retest,short,-1.0,False,21.5,0.3488372093023256,1.0,False,0.5465116279069767,0.7288135593220338,True,False,3,2,3,,2.25,1,1.0,False,0.8309178743961353
2024-01-23,7am,failure,short,-1.0,False,21.5,0.3488372093023256,1.0,False,0.5465116279069767,0.7288135593220338,True,False,1,1,2,,5.5,1,1.0,False,0.8309178743961353
2024-01-24,6am,retest,short,-1.0,False,19.5,0.2692307692307692,-1.0,True,1.0,0.8571428571428571,False,True,39,6,1,7.20162932790224,9.0,2,0.9649122807017544,False,0.6842105263157895
2024-01-24,6am,failure,long,1.3,True,19.5,0.2692307692307692,-1.0,True,1.0,0.8571428571428571,True,False,0,1,1,,1.5,2,0.20614035087719298,True,0.6842105263157895
2024-01-24,7am,retest,short,1.3,True,30.0,0.5916666666666667,1.0,False,0.65,1.5384615384615385,True,False,4,42,1,,21.0,2,1.043859649122807,False,1.1594202898550725
2024-01-25,6am,retest,short,-1.0,False,38.5,0.7532467532467533,1.0,False,0.474025974025974,2.1095890410958904,True,False,0,16,1,,14.75,3,0.9015151515151515,False,1.3508771929824561
2024-01-26,6am,retest,short,-1.0,False,35.75,0.5174825174825175,1.0,False,0.7692307692307693,1.2016806722689075,True,False,1,90,1,,43.25,4,0.8436018957345972,True,1.2067510548523206
2024-01-26,7am,failure,long,1.3,True,42.5,0.3,1.0,False,0.17058823529411765,1.1888111888111887,False,True,31,1,1,5.715127411989984,0.75,4,0.22511848341232227,False,1.642512077294686
2024-01-29,6am,retest,short,1.3,True,18.25,0.1780821917808219,1.0,False,0.9041095890410958,0.6239316239316239,True,False,9,2,1,,4.25,0,0.8731343283582089,False,0.5572519083969466
2024-01-29,6am,retest,long,-1.0,False,18.25,0.1780821917808219,1.0,False,0.9041095890410958,0.6239316239316239,False,True,38,1,8,2.0089467263115086,4.25,0,0.2630597014925373,True,0.5572519083969466
2024-01-29,6am,failure,short,1.3,True,18.25,0.1780821917808219,1.0,False,0.9041095890410958,0.6239316239316239,True,False,4,1,1,,1.5,0,0.8731343283582089,False,0.5572519083969466
2024-01-29,6am,failure,long,-1.0,False,18.25,0.1780821917808219,1.0,False,0.9041095890410958,0.6239316239316239,False,True,37,1,1,2.4409799554565703,1.5,0,0.2630597014925373,True,0.5572519083969466
2024-01-29,7am,retest,long,-1.0,False,32.5,0.36923076923076925,-1.0,False,0.5615384615384615,1.7808219178082192,True,False,31,4,1,1.2989323843416372,4.5,0,0.3376865671641791,True,1.1607142857142858
2024-01-29,7am,failure,long,-1.0,False,32.5,0.36923076923076925,-1.0,False,0.5615384615384615,1.7808219178082192,True,False,22,1,1,1.946787800129786,1.25,0,0.3376865671641791,True,1.1607142857142858
2024-01-30,6am,retest,long,-1.0,False,22.75,0.01098901098901099,1.0,False,0.7692307692307693,0.9479166666666666,False,False,38,2,1,1.6975917883932095,2.75,1,0.7473309608540926,False,0.6946564885496184
2024-01-31,6am,retest,short,-1.0,False,63.0,0.5753968253968254,1.0,False,0.43253968253968256,2.311926605504587,True,False,0,2,9,,4.0,2,0.4297029702970297,True,1.9236641221374047
2024-01-31,7am,retest,short,-1.0,False,46.75,0.7379679144385026,1.0,False,0.26737967914438504,0.7420634920634921,True,False,0,4,5,,8.25,2,0.700990099009901,False,1.526530612244898
2024-01-31,7am,failure,long,1.3,True,46.75,0.7379679144385026,1.0,False,0.26737967914438504,0.7420634920634921,False,True,83,1,1,1.8157254796001079,0.25,2,0.6693069306930693,True,1.526530612244898
2024-02-01,6am,retest,short,1.3,True,32.5,0.46153846153846156,-1.0,False,0.8769230769230769,1.1403508771929824,False,False,44,3,7,3.3394902105652013,5.75,3,1.0214477211796247,False,0.8754208754208754
2024-02-01,6am,retest,long,1.3,True,32.5,0.46153846153846156,-1.0,False,0.8769230769230769,1.1403508771929824,True,True,72,14,1,2.0031941592516542,23.25,3,0.32707774798927614,True,0.8754208754208754
2024-02-01,7am,retest,long,-1.0,False,34.5,0.2536231884057971,1.0,False,0.8333333333333334,1.0615384615384615,False,False,9,1,1,,1.25,3,0.2868632707774799,True,1.0823529411764705
2024-02-02,6am,retest,short,-1.0,False,17.75,0.5633802816901409,1.0,True,1.0,0.6228070175438597,True,False,17,35,1,1.2175883952855848,23.75,4,0.7130434782608696,False,0.4781144781144781
2024-02-02,6am,failure,short,1.3,True,17.75,0.5633802816901409,1.0,True,1.0,0.6228070175438597,True,False,0,1,1,,1.0,4,0.7130434782608696,False,0.4781144781144781
2024-02-05,6am,retest,short,-1.0,False,21.0,0.4880952380952381,-1.0,True,1.0,0.5316455696202531,False,True,14,12,2,1.9394145677331518,13.0,0,0.914396887159533,False,0.6153846153846154
2024-02-05,6am,retest,long,-1.0,False,21.0,0.4880952380952381,-1.0,True,1.0,0.5316455696202531,True,True,98,2,1,1.1947136563876652,3.25,0,0.41245136186770426,True,0.6153846153846154
2024-02-05,7am,retest,long,1.3,True,35.0,0.7071428571428572,1.0,False,0.6,1.6666666666666667,False,True,42,2,1,0.9593604263824118,5.25,0,0.4280155642023346,True,1.0526315789473684
2024-02-05,7am,failure,long,1.3,True,35.0,0.7071428571428572,1.0,False,0.6,1.6666666666666667,False,True,38,1,1,1.1947136563876652,1.75,0,0.4280155642023346,True,1.0526315789473684
2024-02-06,6am,retest,short,-1.0,False,65.5,0.6641221374045801,-1.0,False,0.3244274809160305,3.0823529411764707,False,True,117,1,2,0.7827027027027027,0.75,1,0.6282894736842105,True,1.9194139194139195
2024-02-06,6am,retest,long,1.3,True,65.5,0.6641221374045801,-1.0,False,0.3244274809160305,3.0823529411764707,True,False,26,1,2,1.7401285583103765,4.75,1,1.2335526315789473,False,1.9194139194139195
2024-02-06,6am,failure,short,-1.0,False,65.5,0.6641221374045801,-1.0,False,0.3244274809160305,3.0823529411764707,False,True,112,1,1,3.2891125343092407,4.0,1,0.6282894736842105,True,1.9194139194139195
2024-02-06,6am,failure,long,1.3,True,65.5,0.6641221374045801,-1.0,False,0.3244274809160305,3.0823529411764707,True,False,23,1,1,1.489216799091941,2.25,1,1.2335526315789473,False,1.9194139194139195
2024-02-07,7am,failure,short,-1.0,False,58.5,0.4829059829059829,1.0,False,0.5299145299145299,1.8870967741935485,True,False,0,1,1,,1.5,2,0.9908814589665653,False,1.7080291970802919
2024-02-08,6am,retest,long,1.3,True,38.5,0.7012987012987013,-1.0,False,0.2077922077922078,1.9743589743589745,True,False,82,2,6,1.1371413529876284,7.75,3,1.5541401273885351,False,1.1282051282051282
2024-02-08,6am,failure,long,1.3,True,38.5,0.7012987012987013,-1.0,False,0.2077922077922078,1.9743589743589745,True,False,80,1,2,4.39766081871345,2.5,3,1.5541401273885351,False,1.1282051282051282
2024-02-08,7am,retest,short,-1.0,False,19.0,0.23684210526315788,-1.0,True,1.0,0.4935064935064935,False,True,38,3,1,2.452986725663717,6.75,3,-0.03821656050955414,True,0.5547445255474452
2024-02-08,7am,retest,long,-1.0,False,19.0,0.23684210526315788,-1.0,True,1.0,0.4935064935064935,True,False,22,2,1,1.1371413529876284,9.0,3,1.5222929936305734,False,0.5547445255474452
2024-02-09,6am,retest,short,-1.0,False,25.0,0.16,1.0,False,0.78,1.2820512820512822,True,False,1,6,2,,6.5,4,0.9731543624161074,False,0.6734006734006734
2024-02-09,7am,retest,short,-1.0,False,25.25,0.13861386138613863,-1.0,False,0.4158415841584158,1.01,False,True,32,3,1,6.350314026517795,32.5,4,1.1711409395973154,False,0.7372262773722628
2024-02-09,7am,retest,long,-1.0,False,25.25,0.13861386138613863,-1.0,False,0.4158415841584158,1.01,True,False,0,3,2,,7.0,4,0.16778523489932887,True,0.7372262773722628
2024-02-09,7am,failure,short,-1.0,False,25.25,0.13861386138613863,-1.0,False,0.4158415841584158,1.01,False,True,31,1,1,18.14968814968815,13.25,4,1.1711409395973154,False,0.7372262773722628
2024-02-12,6am,retest,long,-1.0,False,14.5,0.43103448275862066,-1.0,False,0.9482758620689655,0.90625,True,False,3,2,1,,6.75,0,0.30666666666666664,True,0.4249084249084249
2024-02-12,7am,retest,long,-1.0,False,18.75,0.21333333333333335,-1.0,False,0.4533333333333333,1.293103448275862,True,False,40,1,1,2.60748959778086,2.75,0,0.4888888888888889,True,0.5474452554744526
2024-02-12,7am,failure,long,-1.0,False,18.75,0.21333333333333335,-1.0,False,0.4533333333333333,1.293103448275862,True,False,39,1,1,1.4275362318840579,0.25,0,0.4888888888888889,True,0.5474452554744526
2024-02-13,6am,retest,long,-1.0,False,24.75,0.4444444444444444,-1.0,False,0.6868686868686869,0.8181818181818182,True,False,1,33,1,,28.25,1,1.0644490644490645,False,0.7983870967741935
2024-02-13,7am,retest,short,-1.0,False,37.5,0.22,-1.0,False,0.24666666666666667,1.5151515151515151,False,False,12,1,1,1.1079967023907666,2.5,1,0.012474012474012475,True,1.1194029850746268
2024-02-13,7am,failure,short,-1.0,False,37.5,0.22,-1.0,False,0.24666666666666667,1.5151515151515151,False,False,11,1,1,1.5051546391752577,1.5,1,0.012474012474012475,True,1.1194029850746268
2024-02-14,6am,retest,short,-1.0,False,33.5,0.12686567164179105,1.0,False,0.4701492537313433,1.576470588235294,True,False,1,17,1,,20.25,2,0.9569471624266145,False,1.2181818181818183
2024-02-14,6am,failure,short,-1.0,False,33.5,0.12686567164179105,1.0,False,0.4701492537313433,1.576470588235294,True,False,0,1,1,,2.5,2,0.9569471624266145,False,1.2181818181818183
2024-02-14,7am,retest,long,-1.0,False,29.0,0.02586206896551724,1.0,False,0.3017241379310345,0.8656716417910447,False,False,25,5,1,1.9400206825232678,8.75,2,0.11154598825831702,True,0.8656716417910447
2024-02-15,6am,retest,short,-1.0,False,14.75,0.22033898305084745,1.0,False,0.4576271186440678,0.8194444444444444,True,False,5,16,1,,10.5,3,0.7787878787878788,False,0.47580645161290325
2024-02-15,6am,retest,long,-1.0,False,14.75,0.22033898305084745,1.0,False,0.4576271186440678,0.8194444444444444,False,True,83,4,1,2.040302267002519,4.5,3,0.4,True,0.47580645161290325
2024-02-15,6am,failure,short,-1.0,False,14.75,0.22033898305084745,1.0,False,0.4576271186440678,0.8194444444444444,True,False,2,1,3,,0.25,3,0.7787878787878788,False,0.47580645161290325
2024-02-15,6am,failure,long,-1.0,False,14.75,0.22033898305084745,1.0,False,0.4576271186440678,0.8194444444444444,False,True,82,1,1,1.4299272382157544,0.25,3,0.4,True,0.47580645161290325
2024-02-15,7am,retest,short,-1.0,False,19.75,0.3037974683544304,1.0,False,0.46835443037974683,1.3389830508474576,True,True,32,2,1,3.063553826199741,14.75,3,0.906060606060606,False,0.5895522388059702
2024-02-15,7am,retest,long,-1.0,False,19.75,0.3037974683544304,1.0,False,0.46835443037974683,1.3389830508474576,False,False,5,1,2,,2.5,3,0.3333333333333333,True,0.5895522388059702
2024-02-15,7am,failure,long,-1.0,False,19.75,0.3037974683544304,1.0,False,0.46835443037974683,1.3389830508474576,False,False,4,1,1,,1.25,3,0.3333333333333333,True,0.5895522388059702
2024-02-16,7am,retest,long,-1.0,False,24.25,0.8350515463917526,-1.0,False,0.32989690721649484,1.5396825396825398,True,False,23,2,1,1.459977452085682,6.0,4,0.28104575163398693,True,0.7238805970149254
2024-02-19,6am,retest,long,1.3,True,25.75,0.1941747572815534,-1.0,False,0.7961165048543689,1.0842105263157895,True,False,24,1,40,4.4469783352337515,0.5,0,0.6084142394822006,True,0.944954128440367
2024-02-19,6am,failure,short,-1.0,False,25.75,0.1941747572815534,-1.0,False,0.7961165048543689,1.0842105263157895,False,True,90,1,2,3.3614330874604845,1.75,0,0.7249190938511327,False,0.944954128440367
2024-02-19,7am,failure,long,1.3,True,13.0,0.19230769230769232,1.0,False,0.9615384615384616,0.5048543689320388,False,False,5,1,1,,1.0,0,0.6148867313915858,True,0.3880597014925373
2024-02-20,6am,retest,short,-1.0,False,42.0,0.6071428571428571,1.0,False,0.875,0.9081081081081082,True,False,0,1,1,,5.75,1,0.21151079136690648,True,1.6551724137931034
2024-02-21,7am,failure,long,1.3,True,54.5,0.7477064220183486,-1.0,False,0.44954128440366975,1.6515151515151516,True,False,32,1,2,2.012920775246515,1.5,2,1.394736842105263,False,1.744
2024-02-22,6am,retest,long,1.3,True,49.0,0.42346938775510207,1.0,False,0.34183673469387754,1.96,False,False,132,2,3,2.113028586483994,6.5,3,0.09265536723163842,True,1.9310344827586208
2024-02-22,7am,retest,long,-1.0,False,29.25,0.717948717948718,-1.0,True,1.0,0.5969387755102041,True,False,71,4,1,1.6568533479392031,11.0,3,0.07231638418079096,True,0.8731343283582089
2024-02-22,7am,failure,long,1.3,True,29.25,0.717948717948718,-1.0,True,1.0,0.5969387755102041,True,False,30,1,1,4.9021029731689625,8.75,3,0.07231638418079096,True,0.8731343283582089
2024-02-23,6am,retest,short,1.3,True,23.0,0.7717391304347826,1.0,False,0.6413043478260869,0.8598130841121495,True,False,1,2,5,,4.0,4,0.6891891891891891,False,0.832579185520362
2024-02-23,6am,failure,short,1.3,True,23.0,0.7717391304347826,1.0,False,0.6413043478260869,0.8598130841121495,True,False,0,1,1,,2.25,4,0.6891891891891891,False,0.832579185520362
2024-02-26,6am,retest,short,-1.0,False,23.75,0.18947368421052632,-1.0,False,0.7578947368421053,1.3194444444444444,False,True,84,2,1,2.070030895983522,6.75,0,1.0571428571428572,False,0.9359605911330049
2024-02-26,6am,retest,long,-1.0,False,23.75,0.18947368421052632,-1.0,False,0.7578947368421053,1.3194444444444444,True,False,3,3,1,,6.5,0,0.24444444444444444,True,0.9359605911330049
2024-02-26,7am,retest,short,-1.0,False,18.0,0.6388888888888888,-1.0,False,0.6388888888888888,0.7578947368421053,False,True,13,2,1,1.5164684354986275,3.25,0,0.9015873015873016,False,0.576
2024-02-26,7am,failure,short,-1.0,False,18.0,0.6388888888888888,-1.0,False,0.6388888888888888,0.7578947368421053,False,True,12,1,1,1.2084592145015105,0.25,0,0.9015873015873016,False,0.576
2024-02-27,6am,retest,short,-1.0,False,18.25,0.4931506849315068,-1.0,False,0.9178082191780822,0.7373737373737373,False,False,8,1,1,,4.25,1,0.9181585677749361,False,0.7192118226600985
2024-02-27,6am,retest,long,-1.0,False,18.25,0.4931506849315068,-1.0,False,0.9178082191780822,0.7373737373737373,True,True,77,13,1,5.039408866995074,12.25,1,0.26854219948849106,True,0.7192118226600985
2024-02-27,6am,failure,short,-1.0,False,18.25,0.4931506849315068,-1.0,False,0.9178082191780822,0.7373737373737373,False,False,7,1,1,,1.0,1,0.9181585677749361,False,0.7192118226600985
2024-02-27,7am,retest,long,1.3,True,37.25,0.6778523489932886,1.0,False,0.3825503355704698,2.041095890410959,False,False,17,15,1,4.659967845659164,16.25,1,0.22762148337595908,True,1.2573839662447257
2024-02-28,6am,retest,long,-1.0,False,25.5,0.24509803921568626,1.0,False,0.5588235294117647,0.49514563106796117,False,False,54,9,1,2.5102880658436213,10.25,2,0.6843137254901961,False,1.0251256281407035
2024-02-28,7am,failure,short,1.3,True,35.0,0.65,-1.0,False,0.7142857142857143,1.3725490196078431,False,True,32,1,3,5.075069508804448,3.25,2,0.5117647058823529,True,1.1814345991561181
2024-02-29,6am,retest,long,1.3,True,28.25,0.7787610619469026,1.0,False,0.6017699115044248,1.4675324675324675,False,False,21,1,20,1.4022718370544456,1.25,3,0.6282973621103117,True,1.135678391959799
2024-03-01,6am,retest,short,-1.0,False,35.5,0.7816901408450704,1.0,True,1.0,0.3604060913705584,True,False,50,9,2,2.306648575305292,9.0,4,0.4868913857677903,False,1.4059405940594059
2024-03-01,7am,retest,short,1.3,True,29.25,0.008547008547008548,1.0,False,0.6923076923076923,0.823943661971831,True,False,6,10,1,,5.5,4,0.5543071161048689,False,0.936
2024-03-01,7am,failure,long,1.3,True,29.25,0.008547008547008548,1.0,False,0.6923076923076923,0.823943661971831,False,True,37,1,5,2.9933184855233854,0.75,4,0.6647940074906367,True,0.936
2024-03-04,6am,retest,short,-1.0,False,26.0,0.20192307692307693,1.0,False,0.6538461538461539,1.5294117647058822,True,False,3,6,1,,6.0,0,0.3080168776371308,True,1.0146341463414634
2024-03-04,6am,failure,short,-1.0,False,26.0,0.20192307692307693,1.0,False,0.6538461538461539,1.5294117647058822,True,False,0,1,1,,0.75,0,0.3080168776371308,True,1.0146341463414634
2024-03-05,6am,retest,short,-1.0,False,26.25,0.8952380952380953,1.0,False,0.18095238095238095,0.8333333333333334,True,False,0,2,1,,6.5,1,0.36614853195164077,True,1.024390243902439
2024-03-05,6am,retest,long,-1.0,False,26.25,0.8952380952380953,1.0,False,0.18095238095238095,0.8333333333333334,False,True,118,9,1,1.0767932489451477,10.0,1,0.8151986183074266,False,1.024390243902439
2024-03-05,7am,retest,long,-1.0,False,42.25,0.21301775147928995,-1.0,False,0.46745562130177515,1.6095238095238096,True,False,42,2,1,2.3772434812055536,7.75,1,0.770293609671848,False,1.368421052631579
2024-03-06,6am,retest,short,1.3,True,29.75,0.3025210084033613,-1.0,False,0.4957983193277311,1.1553398058252426,False,True,9,2,1,,5.25,2,0.9176029962546817,False,1.1609756097560975
2024-03-06,7am,retest,short,-1.0,False,41.25,0.6303030303030303,1.0,False,0.7212121212121212,1.3865546218487395,True,False,2,5,2,,9.25,2,0.9962546816479401,False,1.3360323886639676
2024-03-07,6am,retest,short,1.3,True,31.25,0.272,-1.0,False,0.872,0.6038647342995169,False,False,21,5,1,5.179180887372014,11.75,3,1.0194410692588092,False,1.2077294685990339
2024-03-07,7am,retest,short,-1.0,False,33.0,0.26515151515151514,1.0,False,0.6439393939393939,1.056,True,False,16,5,1,10.381940207443563,12.25,3,1.0765492102065615,False,1.035294117647059
2024-03-08,6am,retest,short,-1.0,False,59.75,0.5104602510460251,-1.0,False,0.3807531380753138,1.8818897637795275,False,True,91,3,1,9.001279149857327,38.25,4,0.7764705882352941,False,2.287081339712919
2024-03-08,6am,retest,long,1.3,True,59.75,0.5104602510460251,-1.0,False,0.3807531380753138,1.8818897637795275,True,False,21,1,15,1.5446768060836502,2.0,4,0.7858823529411765,True,2.287081339712919
2024-03-08,6am,failure,long,1.3,True,59.75,0.5104602510460251,-1.0,False,0.3807531380753138,1.8818897637795275,True,False,20,1,1,4.8856255295114375,6.75,4,0.7858823529411765,True,2.287081339712919
2024-03-11,7am,retest,long,-1.0,False,68.5,0.7554744525547445,-1.0,False,0.7372262773722628,1.1048387096774193,True,False,1,72,1,,53.0,0,0.24277016742770166,True,2.2008032128514055
2024-03-11,7am,failure,long,-1.0,False,68.5,0.7554744525547445,-1.0,False,0.7372262773722628,1.1048387096774193,True,False,0,1,1,,1.25,0,0.24277016742770166,True,2.2008032128514055
2024-03-12,6am,retest,short,-1.0,False,32.75,0.5343511450381679,1.0,False,0.7251908396946565,1.336734693877551,True,True,92,23,1,8.059925093632959,71.25,1,0.6484375,False,1.2535885167464116
2024-03-12,7am,retest,short,1.3,True,28.0,0.07142857142857142,-1.0,True,1.0,0.8549618320610687,False,True,32,33,1,8.059925093632959,76.0,1,0.5989583333333334,False,0.8995983935742972
2024-03-13,6am,retest,short,1.3,True,30.75,0.5772357723577236,1.0,False,0.5447154471544715,1.430232558139535,True,False,2,3,1,,5.0,2,0.5663082437275986,False,1.1770334928229664
2024-03-13,6am,failure,short,1.3,True,30.75,0.5772357723577236,1.0,False,0.5447154471544715,1.430232558139535,True,False,0,1,1,,0.5,2,0.5663082437275986,False,1.1770334928229664
2024-03-13,6am,failure,long,-1.0,False,30.75,0.5772357723577236,1.0,False,0.5447154471544715,1.430232558139535,False,True,78,1,1,1.1386593204775024,2.0,2,0.8745519713261649,True,1.1770334928229664
2024-03-13,7am,failure,long,-1.0,False,26.0,0.5480769230769231,-1.0,False,0.6153846153846154,0.8455284552845529,True,False,0,1,3,,0.25,2,0.6630824372759857,False,0.8888888888888888
2024-03-14,6am,failure,long,1.3,True,20.5,0.4268292682926829,-1.0,False,0.7317073170731707,1.1714285714285715,True,False,2,1,1,,2.5,3,0.3002754820936639,True,0.7522935779816514
2024-03-15,7am,retest,long,-1.0,False,35.75,0.7342657342657343,-1.0,False,0.5664335664335665,1.0751879699248121,True,False,1,1,3,,3.25,4,0.29198966408268734,True,1.2274678111587982
2024-03-15,7am,failure,long,-1.0,False,35.75,0.7342657342657343,-1.0,False,0.5664335664335665,1.0751879699248121,True,False,0,1,1,,1.25,4,0.29198966408268734,True,1.2274678111587982
2024-03-18,7am,retest,short,-1.0,False,77.0,0.8506493506493507,1.0,False,0.19805194805194806,2.3157894736842106,True,False,2,51,1,,21.0,0,1.5459662288930582,False,2.6324786324786325
2024-03-18,7am,failure,short,-1.0,False,77.0,0.8506493506493507,1.0,False,0.19805194805194806,2.3157894736842106,True,False,1,1,1,,1.5,0,1.5459662288930582,False,2.6324786324786325
2024-03-19,7am,retest,long,1.3,True,77.0,0.801948051948052,-1.0,False,0.17532467532467533,2.2814814814814817,True,False,9,3,1,,10.25,1,1.461916461916462,False,2.4738955823293174
2024-03-20,6am,retest,short,-1.0,False,38.25,0.4117647058823529,1.0,False,0.45751633986928103,1.0268456375838926,True,False,2,99,2,,37.75,2,1.1578947368421053,False,1.4036697247706422
2024-03-21,6am,retest,short,-1.0,False,16.75,0.05970149253731343,-1.0,True,1.0,0.48201438848920863,False,False,1,1,1,,4.0,3,0.597864768683274,False,0.5775862068965517
2024-03-21,6am,failure,short,-1.0,False,16.75,0.05970149253731343,-1.0,True,1.0,0.48201438848920863,False,False,0,1,1,,1.25,3,0.597864768683274,False,0.5775862068965517
2024-03-21,7am,retest,short,-1.0,False,42.25,0.7988165680473372,1.0,False,0.1242603550295858,2.5223880597014925,True,False,3,35,1,,27.0,3,0.8612099644128114,False,1.2426470588235294
2024-03-21,7am,failure,short,-1.0,False,42.25,0.7988165680473372,1.0,False,0.1242603550295858,2.5223880597014925,True,False,2,1,1,,3.0,3,0.8612099644128114,False,1.2426470588235294
2024-03-22,6am,retest,long,-1.0,False,24.75,0.6666666666666666,-1.0,False,0.7676767676767676,0.7674418604651163,True,False,20,3,1,3.0428502648050073,7.0,4,0.5066666666666667,False,0.908256880733945
2024-03-22,7am,retest,long,1.3,True,78.25,0.8274760383386581,-1.0,False,0.18210862619808307,3.1616161616161618,True,False,7,1,6,,3.0,4,1.36,False,2.301470588235294
2024-03-22,7am,failure,long,1.3,True,78.25,0.8274760383386581,-1.0,False,0.18210862619808307,3.1616161616161618,True,False,1,1,1,,0.5,4,1.36,False,2.301470588235294
2024-03-26,6am,retest,short,1.3,True,16.75,0.23880597014925373,1.0,True,1.0,0.6442307692307693,True,False,4,3,1,,5.5,1,0.9974226804123711,False,0.6146788990825688
2024-03-26,7am,retest,long,-1.0,False,26.0,0.23076923076923078,1.0,False,0.6442307692307693,1.5522388059701493,False,False,34,5,1,1.9819367787255393,14.75,1,0.21391752577319587,True,0.734982332155477
2024-03-26,7am,failure,long,-1.0,False,26.0,0.23076923076923078,1.0,False,0.6442307692307693,1.5522388059701493,False,False,30,1,1,6.715532286212914,5.25,1,0.21391752577319587,True,0.734982332155477
2024-03-27,6am,retest,short,-1.0,False,31.25,0.656,1.0,False,0.472,1.2626262626262625,True,False,110,1,1,1.640541120893279,1.0,2,1.2882096069868996,False,1.146788990825688
2024-03-27,7am,retest,short,-1.0,False,17.25,0.8260869565217391,-1.0,True,1.0,0.552,False,True,40,1,3,2.377049180327869,3.75,2,1.205240174672489,False,0.4876325088339223
2024-03-27,7am,retest,long,1.3,True,17.25,0.8260869565217391,-1.0,True,1.0,0.552,True,False,1,4,1,,4.75,2,0.09606986899563319,True,0.4876325088339223
2024-03-27,7am,failure,long,1.3,True,17.25,0.8260869565217391,-1.0,True,1.0,0.552,True,False,0,1,1,,0.25,2,0.09606986899563319,True,0.4876325088339223
2024-03-28,6am,retest,short,1.3,True,28.25,0.34513274336283184,1.0,False,0.5221238938053098,0.837037037037037,True,True,90,2,1,18.748208313425703,21.25,3,0.8513513513513513,True,1.036697247706422
2024-03-28,6am,retest,long,1.3,True,28.25,0.34513274336283184,1.0,False,0.5221238938053098,0.837037037037037,False,False,34,1,1,2.3097582811101165,1.5,3,0.6576576576576577,False,1.036697247706422
2024-03-28,7am,retest,short,-1.0,False,28.25,0.09734513274336283,1.0,False,0.8672566371681416,1.0,True,False,4,2,1,,3.5,3,0.7837837837837838,True,0.7985865724381626
2024-03-28,7am,failure,short,-1.0,False,28.25,0.09734513274336283,1.0,False,0.8672566371681416,1.0,True,False,3,1,1,,1.25,3,0.7837837837837838,True,0.7985865724381626
2024-04-02,6am,retest,long,-1.0,False,41.5,0.5180722891566265,-1.0,False,0.08433734939759036,1.2868217054263567,True,False,21,8,1,4.627625716104392,13.75,1,1.41015625,False,1.5229357798165137
2024-04-02,7am,retest,long,-1.0,False,44.0,0.7840909090909091,-1.0,False,0.5113636363636364,1.0602409638554218,True,False,15,7,2,2.1691176470588234,6.25,1,1.74609375,False,1.243816254416961
2024-04-02,7am,failure,long,-1.0,False,44.0,0.7840909090909091,-1.0,False,0.5113636363636364,1.0602409638554218,True,False,7,1,5,,0.75,1,1.74609375,False,1.243816254416961
2024-04-03,6am,retest,short,-1.0,False,26.75,0.102803738317757,1.0,False,0.5327102803738317,0.8294573643410853,True,False,2,6,3,,11.5,2,0.20489296636085627,True,0.9469026548672567
2024-04-03,6am,retest,long,-1.0,False,26.75,0.102803738317757,1.0,False,0.5327102803738317,0.8294573643410853,False,True,136,3,1,1.4092317729571031,6.75,2,1.1223241590214068,False,0.9469026548672567
2024-04-03,6am,failure,short,-1.0,False,26.75,0.102803738317757,1.0,False,0.5327102803738317,0.8294573643410853,True,False,0,1,1,,0.75,2,0.20489296636085627,True,0.9469026548672567
2024-04-03,7am,retest,short,1.3,True,41.5,0.8554216867469879,1.0,False,0.25301204819277107,1.5514018691588785,True,False,4,7,1,,9.75,2,0.5840978593272171,True,1.1731448763250882
2024-04-03,7am,retest,long,-1.0,False,41.5,0.8554216867469879,1.0,False,0.25301204819277107,1.5514018691588785,False,True,28,6,3,3.449071403852809,11.0,2,0.9235474006116208,False,1.1731448763250882
2024-04-03,7am,failure,short,1.3,True,41.5,0.8554216867469879,1.0,False,0.25301204819277107,1.5514018691588785,True,False,3,1,1,,1.5,2,0.5840978593272171,True,1.1731448763250882
2024-04-03,7am,failure,long,-1.0,False,41.5,0.8554216867469879,1.0,False,0.25301204819277107,1.5514018691588785,False,True,26,1,1,2.231825114387392,1.75,2,0.9235474006116208,False,1.1731448763250882
2024-04-05,6am,retest,short,-1.0,False,21.25,0.058823529411764705,1.0,False,0.8,1.0625,True,False,36,34,1,6.240352811466373,23.5,4,0.9522546419098143,False,0.7522123893805309
2024-04-05,6am,failure,short,-1.0,False,21.25,0.058823529411764705,1.0,False,0.8,1.0625,True,False,0,1,1,,1.0,4,0.9522546419098143,False,0.7522123893805309
2024-04-08,6am,retest,short,1.3,True,36.0,0.2013888888888889,1.0,False,0.8194444444444444,0.8421052631578947,True,False,0,10,1,,10.0,0,0.5447316103379721,True,1.2743362831858407
2024-04-08,7am,retest,short,-1.0,False,43.0,0.2616279069767442,-1.0,False,0.7674418604651163,1.1944444444444444,False,False,19,1,1,1.7102552619793998,3.5,0,0.6242544731610338,True,1.178082191780822
2024-04-08,7am,failure,short,-1.0,False,43.0,0.2616279069767442,-1.0,False,0.7674418604651163,1.1944444444444444,False,False,18,1,1,1.6740088105726871,1.25,0,0.6242544731610338,True,1.178082191780822
2024-04-09,6am,retest,short,-1.0,False,72.0,0.4861111111111111,-1.0,False,0.4340277777777778,1.7668711656441718,False,False,15,2,5,2.6564387533220586,9.5,1,0.8623188405797102,True,2.4827586206896552
2024-04-09,6am,failure,short,-1.0,False,72.0,0.4861111111111111,-1.0,False,0.4340277777777778,1.7668711656441718,False,False,14,1,1,1.6568495001350987,1.0,1,0.8623188405797102,True,2.4827586206896552
2024-04-09,7am,retest,short,-1.0,False,60.5,0.9338842975206612,1.0,False,0.6859504132231405,0.8402777777777778,True,False,1,1,1,,3.25,1,1.1376811594202898,False,1.5414012738853504
2024-04-09,7am,failure,short,-1.0,False,60.5,0.9338842975206612,1.0,False,0.6859504132231405,0.8402777777777778,True,False,0,1,1,,3.25,1,1.1376811594202898,False,1.5414012738853504
2024-04-10,6am,retest,short,-1.0,False,35.5,0.3732394366197183,1.0,False,0.6197183098591549,0.6255506607929515,True,False,10,8,1,1.0172026925953628,5.0,2,0.3876651982378855,True,1.1735537190082646
2024-04-10,7am,retest,short,-1.0,False,17.0,0.7941176470588235,1.0,False,0.5882352941176471,0.4788732394366197,True,False,2,18,1,,20.0,2,0.5110132158590308,False,0.4108761329305136
2024-04-10,7am,failure,short,-1.0,False,17.0,0.7941176470588235,1.0,False,0.5882352941176471,0.4788732394366197,True,False,0,1,1,,1.0,2,0.5110132158590308,False,0.4108761329305136
2024-04-11,6am,failure,short,1.3,True,29.0,0.1724137931034483,1.0,False,0.8793103448275862,1.0265486725663717,True,False,0,1,1,,1.5,3,0.38461538461538464,True,0.9586776859504132
2024-04-12,6am,failure,short,1.3,True,66.5,0.6240601503759399,-1.0,False,0.24436090225563908,1.8601398601398602,False,False,50,1,1,1.1143052703627652,3.0,4,0.16666666666666666,True,2.1983471074380163
2024-04-12,6am,failure,long,-1.0,False,66.5,0.6240601503759399,-1.0,False,0.24436090225563908,1.8601398601398602,True,True,101,1,1,1.844417722689853,4.5,4,1.5153846153846153,False,2.1983471074380163
2024-04-12,7am,failure,long,-1.0,False,53.5,0.5327102803738317,1.0,False,0.9439252336448598,0.8045112781954887,False,False,37,1,1,3.519414302523206,3.0,4,1.3512820512820514,False,1.2930513595166162
2024-04-15,6am,retest,short,-1.0,False,22.25,0.24719101123595505,1.0,True,1.0,0.6095890410958904,True,True,25,5,1,5.71222502704652,7.75,0,0.9495798319327731,False,0.717741935483871
2024-04-15,7am,retest,short,1.3,True,33.5,0.4701492537313433,1.0,False,0.664179104477612,1.5056179775280898,True,False,17,2,1,7.139054429876837,8.0,0,1.015126050420168,False,0.8
2024-04-16,6am,failure,short,-1.0,False,68.5,0.19708029197080293,1.0,False,0.5583941605839416,1.2568807339449541,True,False,0,1,2,,0.5,1,0.6607142857142857,True,2.2096774193548385
2024-04-17,6am,retest,long,1.3,True,27.5,0.2909090909090909,-1.0,False,0.5272727272727272,0.582010582010582,True,False,21,3,1,1.4417492312948412,4.25,2,0.1527777777777778,True,0.8870967741935484
2024-04-17,6am,failure,long,1.3,True,27.5,0.2909090909090909,-1.0,False,0.5272727272727272,0.582010582010582,True,False,20,1,1,2.8723782438677565,3.5,2,0.1527777777777778,True,0.8870967741935484
2024-04-17,7am,retest,long,1.3,True,33.5,0.3656716417910448,-1.0,False,0.6791044776119403,1.2181818181818183,True,False,1,3,5,,7.5,2,0.2191358024691358,True,0.8096676737160121
2024-04-17,7am,failure,short,-1.0,False,33.5,0.3656716417910448,-1.0,False,0.6791044776119403,1.2181818181818183,False,True,56,1,8,0.7518531591951993,1.25,2,0.9876543209876543,False,0.8096676737160121
2024-04-17,7am,failure,long,1.3,True,33.5,0.3656716417910448,-1.0,False,0.6791044776119403,1.2181818181818183,True,False,0,1,1,,0.25,2,0.2191358024691358,True,0.8096676737160121
2024-04-18,6am,retest,long,-1.0,False,37.0,0.0472972972972973,-1.0,True,1.0,0.6519823788546255,True,True,84,1,2,1.982585398526457,2.75,3,0.8539603960396039,True,1.2384937238493723
2024-04-18,7am,retest,long,-1.0,False,30.0,0.06666666666666667,1.0,False,0.9,0.8108108108108109,False,False,12,1,1,1.1376564277588168,2.0,3,0.754950495049505,True,0.7766990291262136
2024-04-19,6am,failure,short,-1.0,False,56.75,0.17180616740088106,1.0,False,0.9559471365638766,1.0460829493087558,True,False,17,1,1,3.58112493239589,4.5,4,0.7853185595567868,True,1.899581589958159
2024-04-22,6am,retest,long,1.3,True,42.0,0.32142857142857145,-1.0,False,0.6428571428571429,1.024390243902439,True,False,1,10,1,,15.25,0,0.30296127562642367,True,1.3941908713692945
2024-04-22,6am,failure,long,1.3,True,42.0,0.32142857142857145,-1.0,False,0.6428571428571429,1.024390243902439,True,False,0,1,1,,1.25,0,0.30296127562642367,True,1.3941908713692945
2024-04-22,7am,retest,short,1.3,True,42.5,0.029411764705882353,-1.0,False,0.6411764705882353,1.0119047619047619,False,True,40,1,1,1.6259334691106584,2.75,0,0.9453302961275627,False,1.1003236245954693
2024-04-22,7am,retest,long,1.3,True,42.5,0.029411764705882353,-1.0,False,0.6411764705882353,1.0119047619047619,True,False,11,1,1,2.9106194690265483,0.75,0,0.4419134396355353,True,1.1003236245954693
2024-04-23,6am,retest,short,1.3,True,45.75,0.7704918032786885,1.0,False,0.7377049180327869,1.2039473684210527,True,False,1,2,2,,3.25,1,1.1012658227848102,False,1.3707865168539326
2024-04-23,6am,retest,long,1.3,True,45.75,0.7704918032786885,1.0,False,0.7377049180327869,1.2039473684210527,False,True,72,2,1,1.3849129593810445,4.0,1,0.2848101265822785,True,1.3707865168539326
2024-04-23,6am,failure,long,1.3,True,45.75,0.7704918032786885,1.0,False,0.7377049180327869,1.2039473684210527,False,True,69,1,1,2.374024878768712,0.5,1,0.2848101265822785,True,1.3707865168539326
2024-04-23,7am,retest,short,-1.0,False,44.75,0.43575418994413406,-1.0,False,0.7094972067039106,0.9781420765027322,False,True,71,1,1,1.059487624837169,3.0,1,1.2109704641350212,False,1.1585760517799353
2024-04-23,7am,retest,long,-1.0,False,44.75,0.43575418994413406,-1.0,False,0.7094972067039106,0.9781420765027322,True,False,2,4,1,,8.0,1,0.16666666666666666,True,1.1585760517799353
2024-04-23,7am,failure,short,-1.0,False,44.75,0.43575418994413406,-1.0,False,0.7094972067039106,0.9781420765027322,False,True,70,1,1,2.650985378258105,2.75,1,1.2109704641350212,False,1.1585760517799353
2024-04-24,6am,retest,short,-1.0,False,36.5,0.3972602739726027,1.0,False,0.9383561643835616,0.863905325443787,True,False,24,1,1,1.708185053380783,1.75,2,0.5675675675675675,False,1.0936329588014981
2024-04-24,6am,failure,short,-1.0,False,36.5,0.3972602739726027,1.0,False,0.9383561643835616,0.863905325443787,True,False,16,1,8,1.76672760511883,2.25,2,0.5675675675675675,False,1.0936329588014981
2024-04-24,7am,retest,short,1.3,True,38.5,0.7467532467532467,1.0,False,0.4935064935064935,1.0547945205479452,True,False,22,14,1,2.062256809338521,23.75,2,0.8018018018018018,False,0.9194029850746268
2024-04-24,7am,retest,long,1.3,True,38.5,0.7467532467532467,1.0,False,0.4935064935064935,1.0547945205479452,False,True,60,1,14,1.9389953509468194,2.5,2,0.6606606606606606,True,0.9194029850746268
2024-04-24,7am,failure,short,-1.0,False,38.5,0.7467532467532467,1.0,False,0.4935064935064935,1.0547945205479452,True,False,20,1,1,1.7771428571428571,1.25,2,0.8018018018018018,False,0.9194029850746268
2024-04-25,6am,retest,long,1.3,True,47.25,0.6984126984126984,-1.0,False,0.6507936507936508,1.3695652173913044,True,False,2,1,5,,12.5,3,0.43312101910828027,True,1.3216783216783217
2024-04-25,6am,failure,long,1.3,True,47.25,0.6984126984126984,-1.0,False,0.6507936507936508,1.3695652173913044,True,False,1,1,1,,1.75,3,0.43312101910828027,True,1.3216783216783217
2024-04-26,6am,retest,short,1.3,True,31.75,0.05511811023622047,-1.0,False,0.6850393700787402,1.233009708737864,False,False,10,21,1,0.5248490478402229,16.25,4,0.3115468409586057,True,0.8758620689655172
2024-04-26,6am,failure,short,-1.0,False,31.75,0.05511811023622047,-1.0,False,0.6850393700787402,1.233009708737864,False,False,8,1,1,,2.0,4,0.3115468409586057,True,0.8758620689655172
2024-04-26,6am,failure,long,1.3,True,31.75,0.05511811023622047,-1.0,False,0.6850393700787402,1.233009708737864,True,True,87,1,1,2.3407607472428538,2.0,4,0.9651416122004357,False,0.8758620689655172
2024-04-29,6am,retest,short,-1.0,False,43.0,0.7151162790697675,1.0,False,0.8430232558139535,1.186206896551724,True,False,30,1,1,1.7952635599694422,1.75,0,0.7877697841726619,False,1.186206896551724
2024-04-29,7am,retest,short,-1.0,False,37.5,0.4066666666666667,1.0,False,0.66,0.872093023255814,True,False,22,2,1,1.0477299185098952,6.0,0,0.9712230215827338,False,0.8955223880597015
2024-04-29,7am,failure,short,-1.0,False,37.5,0.4066666666666667,1.0,False,0.66,0.872093023255814,True,False,9,1,13,,1.75,0,0.9712230215827338,False,0.8955223880597015
2024-04-30,7am,failure,long,1.3,True,24.25,0.6494845360824743,-1.0,True,1.0,0.8981481481481481,True,False,10,1,1,1.3657056145675264,1.0,1,0.851063829787234,False,0.5791044776119403
2024-05-01,6am,retest,short,-1.0,False,48.75,0.48717948717948717,1.0,False,0.8923076923076924,0.8405172413793104,True,False,6,1,3,,5.0,2,0.38839285714285715,True,1.3265306122448979
2024-05-01,6am,failure,short,-1.0,False,48.75,0.48717948717948717,1.0,False,0.8923076923076924,0.8405172413793104,True,False,0,1,1,,2.5,2,0.38839285714285715,True,1.3265306122448979
2024-05-01,7am,retest,short,-1.0,False,34.75,0.38848920863309355,-1.0,False,0.6546762589928058,0.7128205128205128,False,False,18,2,1,1.9316168898043253,6.25,2,0.4955357142857143,True,0.86875
2024-05-01,7am,failure,short,-1.0,False,34.75,0.38848920863309355,-1.0,False,0.6546762589928058,0.7128205128205128,False,False,17,1,1,1.2357490057445868,1.5,2,0.4955357142857143,True,0.86875
2024-05-02,6am,retest,short,1.3,True,28.5,0.22807017543859648,1.0,False,0.4298245614035088,0.991304347826087,True,False,8,7,1,,8.5,3,1.048780487804878,False,0.7261146496815286
2024-05-02,6am,retest,long,1.3,True,28.5,0.22807017543859648,1.0,False,0.4298245614035088,0.991304347826087,False,True,55,5,1,2.186046511627907,9.75,3,0.2039911308203991,True,0.7261146496815286
2024-05-02,6am,failure,short,1.3,True,28.5,0.22807017543859648,1.0,False,0.4298245614035088,0.991304347826087,True,False,2,1,6,,0.25,3,1.048780487804878,False,0.7261146496815286
2024-05-02,7am,retest,long,1.3,True,46.75,0.5187165775401069,-1.0,False,0.6096256684491979,1.6403508771929824,True,True,68,1,1,1.0173281162660703,2.5,3,0.29046563192904656,True,1.230263157894737
2024-05-02,7am,failure,short,1.3,True,46.75,0.5187165775401069,-1.0,False,0.6096256684491979,1.6403508771929824,False,True,42,1,1,1.5520195838433293,3.25,3,1.124168514412417,False,1.230263157894737
2024-05-06,6am,retest,short,-1.0,False,18.5,0.4864864864864865,1.0,False,0.24324324324324326,0.891566265060241,True,True,82,1,1,1.0438990667127548,2.0,0,0.95,False,0.5034013605442177
2024-05-06,6am,retest,long,1.3,True,18.5,0.4864864864864865,1.0,False,0.24324324324324326,0.891566265060241,False,False,10,1,1,1.3572679509632224,1.0,0,0.28125,True,0.5034013605442177
2024-05-06,6am,failure,short,-1.0,False,18.5,0.4864864864864865,1.0,False,0.24324324324324326,0.891566265060241,True,True,81,1,1,2.017636684303351,1.25,0,0.95,False,0.5034013605442177
2024-05-06,6am,failure,long,1.3,True,18.5,0.4864864864864865,1.0,False,0.24324324324324326,0.891566265060241,False,False,5,1,1,,0.75,0,0.28125,True,0.5034013605442177
2024-05-06,7am,failure,short,-1.0,False,15.5,0.6290322580645161,-1.0,False,0.7096774193548387,0.8378378378378378,False,False,10,1,7,1.7432530999270606,0.75,0,0.85625,True,0.40789473684210525
2024-05-07,6am,retest,short,-1.0,False,17.75,0.4084507042253521,1.0,True,1.0,0.5107913669064749,True,True,106,1,1,1.0475937250731189,1.75,1,0.6363636363636364,True,0.48299319727891155
2024-05-07,6am,retest,long,-1.0,False,17.75,0.4084507042253521,1.0,True,1.0,0.5107913669064749,False,True,18,13,1,2.187914774711841,9.0,1,0.7670454545454546,False,0.48299319727891155
2024-05-07,6am,failure,short,1.3,True,17.75,0.4084507042253521,1.0,True,1.0,0.5107913669064749,True,False,0,1,3,,2.0,1,0.6363636363636364,True,0.48299319727891155
2024-05-08,7am,retest,long,-1.0,False,38.0,0.7763157894736842,-1.0,False,0.13815789473684212,1.876543209876543,True,False,1,1,1,,3.0,2,1.951048951048951,False,1.0519031141868511
2024-05-08,7am,failure,long,-1.0,False,38.0,0.7763157894736842,-1.0,False,0.13815789473684212,1.876543209876543,True,False,0,1,1,,1.75,2,1.951048951048951,False,1.0519031141868511
2024-05-09,6am,retest,short,1.3,True,27.25,0.2018348623853211,1.0,False,0.07339449541284404,1.0380952380952382,True,True,39,1,1,1.5165262475696695,0.75,3,0.7054794520547946,True,0.7414965986394558
2024-05-10,6am,retest,long,-1.0,False,18.25,0.6575342465753424,-1.0,False,0.9178082191780822,0.9240506329113924,True,False,14,10,1,0.8155339805825242,3.25,4,0.22788203753351208,True,0.4965986394557823
2024-05-10,6am,failure,long,-1.0,False,18.25,0.6575342465753424,-1.0,False,0.9178082191780822,0.9240506329113924,True,False,12,1,1,2.518613607188703,0.75,4,0.22788203753351208,True,0.4965986394557823
2024-05-10,7am,retest,long,-1.0,False,23.75,0.22105263157894736,-1.0,False,0.6736842105263158,1.3013698630136987,True,True,38,47,1,1.1636363636363636,30.0,4,0.3109919571045576,True,0.6291390728476821
2024-05-10,7am,failure,long,-1.0,False,23.75,0.22105263157894736,-1.0,False,0.6736842105263158,1.3013698630136987,True,True,37,1,1,2.727643936300531,5.25,4,0.3109919571045576,True,0.6291390728476821
2024-05-13,6am,retest,short,-1.0,False,19.5,0.8076923076923077,1.0,False,0.8717948717948718,0.7428571428571429,True,False,8,1,1,,0.5,0,1.034013605442177,False,0.5416666666666666
2024-05-13,7am,failure,short,1.3,True,23.75,0.5894736842105263,1.0,False,0.3157894736842105,1.2179487179487178,True,False,7,1,1,,1.25,0,1.2551020408163265,False,0.6291390728476821
2024-05-14,6am,retest,long,-1.0,False,14.25,0.10526315789473684,1.0,True,1.0,0.7215189873417721,False,False,28,15,1,1.942257217847769,10.0,1,0.4076086956521739,True,0.4175824175824176
2024-05-14,7am,retest,long,-1.0,False,23.75,0.6736842105263158,-1.0,False,0.5789473684210527,1.6666666666666667,True,True,30,43,7,48.59880239520958,114.5,1,0.625,True,0.6291390728476821
2024-05-15,6am,retest,short,1.3,True,13.0,0.6153846153846154,-1.0,False,0.5961538461538461,0.9629629629629629,False,False,14,2,1,3.0481927710843375,2.0,2,0.4972375690607735,True,0.38095238095238093
2024-05-15,6am,failure,long,-1.0,False,13.0,0.6153846153846154,-1.0,False,0.5961538461538461,0.9629629629629629,True,True,79,1,1,1.2119183126883162,0.5,2,0.7900552486187845,False,0.38095238095238093
2024-05-15,7am,retest,long,-1.0,False,14.25,0.3333333333333333,1.0,False,0.8070175438596491,1.0961538461538463,False,False,17,1,1,1.041746457296055,1.5,2,0.7569060773480663,True,0.3944636678200692
2024-05-15,7am,failure,long,-1.0,False,14.25,0.3333333333333333,1.0,False,0.8070175438596491,1.0961538461538463,False,False,15,1,1,1.9066604127579738,1.0,2,0.7569060773480663,True,0.3944636678200692
2024-05-16,7am,retest,long,1.3,True,13.25,0.33962264150943394,-1.0,False,0.8113207547169812,1.2045454545454546,True,False,0,1,1,,0.75,3,0.5170731707317073,True,0.3882783882783883
2024-05-17,7am,retest,short,-1.0,False,22.25,0.07865168539325842,1.0,False,0.5393258426966292,1.0853658536585367,True,False,22,1,8,3.296789350039154,4.25,4,1.0478260869565217,False,0.664179104477612
2024-05-20,6am,retest,short,1.3,True,13.5,0.42592592592592593,1.0,False,0.5185185185185185,0.7397260273972602,True,False,0,1,1,,1.5,0,0.9837837837837838,False,0.44813278008298757
2024-05-20,6am,retest,long,-1.0,False,13.5,0.42592592592592593,1.0,False,0.5185185185185185,0.7397260273972602,False,True,96,3,1,1.0229088971763454,3.25,0,0.3081081081081081,True,0.44813278008298757
2024-05-20,6am,failure,long,-1.0,False,13.5,0.42592592592592593,1.0,False,0.5185185185185185,0.7397260273972602,False,True,95,1,1,2.3002832861189804,2.25,0,0.3081081081081081,True,0.44813278008298757
2024-05-20,7am,retest,long,-1.0,False,20.75,0.24096385542168675,1.0,False,0.46987951807228917,1.537037037037037,False,False,31,1,2,1.468126207340631,2.25,0,0.22702702702702704,True,0.6535433070866141
2024-05-20,7am,failure,long,-1.0,False,20.75,0.24096385542168675,1.0,False,0.46987951807228917,1.537037037037037,False,False,30,1,1,2.1743660993400487,0.5,0,0.22702702702702704,True,0.6535433070866141
2024-05-21,6am,retest,short,1.3,True,17.0,0.9411764705882353,1.0,False,0.5441176470588235,1.0,True,False,5,16,5,,6.25,1,0.7226277372262774,False,0.5643153526970954
2024-05-21,6am,failure,short,1.3,True,17.0,0.9411764705882353,1.0,False,0.5441176470588235,1.0,True,False,0,1,1,,1.0,1,0.7226277372262774,False,0.5643153526970954
2024-05-21,6am,failure,long,-1.0,False,17.0,0.9411764705882353,1.0,False,0.5441176470588235,1.0,False,True,80,1,1,0.7210258891846116,0.25,1,0.7737226277372263,True,0.5643153526970954
2024-05-21,7am,retest,long,1.3,True,11.25,0.2222222222222222,-1.0,False,0.4444444444444444,0.6617647058823529,True,False,0,1,3,,1.75,1,0.4233576642335766,True,0.3543307086614173
2024-05-24,6am,retest,short,1.3,True,23.5,0.5851063829787234,1.0,False,0.6170212765957447,1.0804597701149425,True,False,3,1,4,,2.25,4,1.1221374045801527,False,0.8392857142857143
2024-05-24,6am,retest,long,1.3,True,23.5,0.5851063829787234,1.0,False,0.6170212765957447,1.0804597701149425,False,True,81,1,2,1.7408906882591093,1.25,4,0.2366412213740458,True,0.8392857142857143
2024-05-24,6am,failure,long,1.3,True,23.5,0.5851063829787234,1.0,False,0.6170212765957447,1.0804597701149425,False,True,80,1,1,2.4541353383458646,1.25,4,0.2366412213740458,True,0.8392857142857143
2024-05-24,7am,retest,short,-1.0,False,26.0,0.5096153846153846,1.0,False,0.6730769230769231,1.1063829787234043,True,True,36,1,1,2.2350791717417784,4.25,4,1.251908396946565,False,0.9585253456221198
2024-05-24,7am,retest,long,-1.0,False,26.0,0.5096153846153846,1.0,False,0.6730769230769231,1.1063829787234043,False,False,20,2,1,2.4541353383458646,7.25,4,0.1450381679389313,True,0.9585253456221198
2024-05-24,7am,failure,long,-1.0,False,26.0,0.5096153846153846,1.0,False,0.6730769230769231,1.1063829787234043,False,False,19,1,1,1.5180253329002922,1.0,4,0.1450381679389313,True,0.9585253456221198
2024-05-27,6am,retest,short,1.3,True,15.25,0.32786885245901637,1.0,False,0.8360655737704918,0.953125,True,False,92,1,1,2.8431372549019605,0.5,0,0.8693693693693694,True,0.547085201793722
2024-05-27,6am,failure,short,1.3,True,15.25,0.32786885245901637,1.0,False,0.8360655737704918,0.953125,True,False,60,1,2,9.25553319919517,1.5,0,0.8693693693693694,True,0.547085201793722
2024-05-27,7am,retest,short,1.3,True,10.5,0.42857142857142855,1.0,True,1.0,0.6885245901639344,True,False,32,1,1,2.8431372549019605,0.75,0,0.8648648648648649,False,0.417910447761194
2024-05-27,7am,retest,long,1.3,True,10.5,0.42857142857142855,1.0,True,1.0,0.6885245901639344,False,True,59,1,1,2.503259452411995,2.0,0,0.32432432432432434,True,0.417910447761194
2024-05-27,7am,failure,short,1.3,True,10.5,0.42857142857142855,1.0,True,1.0,0.6885245901639344,True,False,0,1,1,,1.75,0,0.8648648648648649,False,0.417910447761194
2024-05-28,6am,retest,long,-1.0,False,55.75,0.8878923766816144,-1.0,False,0.12556053811659193,3.378787878787879,True,False,0,1,2,,5.0,1,0.6832460732984293,False,2.1970443349753697
2024-05-28,7am,retest,long,1.3,True,24.5,0.25510204081632654,1.0,False,0.7551020408163265,0.43946188340807174,False,False,45,5,1,3.8905592303066743,10.0,1,0.7460732984293194,False,1.0208333333333333
2024-05-28,7am,failure,long,-1.0,False,24.5,0.25510204081632654,1.0,False,0.7551020408163265,0.43946188340807174,False,False,44,1,1,4.338209061719586,2.25,1,0.7460732984293194,False,1.0208333333333333
2024-05-29,6am,retest,long,-1.0,False,25.25,0.2871287128712871,-1.0,False,0.8217821782178217,0.8145161290322581,True,False,13,2,1,2.520713463751439,4.5,2,0.9328968903436988,False,0.9950738916256158
2024-05-29,6am,failure,short,1.3,True,25.25,0.2871287128712871,-1.0,False,0.8217821782178217,0.8145161290322581,False,True,75,1,1,2.7494563904324716,2.75,2,0.23240589198036007,True,0.9950738916256158
2024-05-29,7am,failure,short,1.3,True,32.0,0.265625,1.0,False,0.625,1.2673267326732673,True,False,13,1,1,0.6602228047182176,0.25,2,0.19803600654664485,True,1.3333333333333333
2024-05-30,6am,retest,short,-1.0,False,43.5,0.5862068965517241,1.0,False,0.41954022988505746,2.3835616438356166,True,False,46,1,31,0.9729334308705194,2.0,3,0.9437939110070258,False,1.7846153846153847
2024-05-30,6am,failure,short,-1.0,False,43.5,0.5862068965517241,1.0,False,0.41954022988505746,2.3835616438356166,True,False,45,1,1,2.7003205128205128,1.75,3,0.9437939110070258,False,1.7846153846153847
2024-05-30,7am,retest,short,1.3,True,20.75,0.4939759036144578,-1.0,False,0.8674698795180723,0.47701149425287354,False,True,30,26,1,15.21286660359508,25.75,3,0.9695550351288056,True,0.8645833333333334
2024-05-31,6am,retest,short,-1.0,False,64.75,0.305019305019305,-1.0,False,0.3667953667953668,2.7263157894736842,False,False,39,3,1,1.871476888387824,6.0,4,0.525,True,2.6564102564102563
2024-05-31,7am,retest,short,-1.0,False,51.75,0.7777777777777778,1.0,False,0.6811594202898551,0.7992277992277992,True,False,7,5,1,,5.25,4,0.7083333333333334,True,2.1789473684210527
2024-05-31,7am,failure,short,-1.0,False,51.75,0.7777777777777778,1.0,False,0.6811594202898551,0.7992277992277992,True,False,1,1,1,,0.75,4,0.7083333333333334,True,2.1789473684210527
2024-06-03,6am,retest,short,1.3,True,23.25,0.21505376344086022,-1.0,False,0.7849462365591398,0.9029126213592233,False,False,18,2,1,2.3491027732463294,4.75,0,1.0143112701252237,False,0.9538461538461539
2024-06-03,6am,failure,short,1.3,True,23.25,0.21505376344086022,-1.0,False,0.7849462365591398,0.9029126213592233,False,False,13,1,1,1.4637857577601947,1.25,0,1.0143112701252237,False,0.9538461538461539
2024-06-03,7am,retest,short,-1.0,False,32.25,0.7829457364341085,1.0,False,0.6744186046511628,1.3870967741935485,True,False,13,6,1,0.9742388758782201,11.25,0,1.0894454382826475,False,1.3578947368421053
2024-06-03,7am,failure,short,-1.0,False,32.25,0.7829457364341085,1.0,False,0.6744186046511628,1.3870967741935485,True,False,0,1,6,,0.5,0,1.0894454382826475,False,1.3578947368421053
2024-06-04,6am,retest,short,-1.0,False,38.75,0.3096774193548387,1.0,False,0.8516129032258064,0.748792270531401,True,False,16,51,1,2.7552376085845682,31.75,1,0.3469079939668175,True,1.6577540106951871
2024-06-04,7am,failure,short,1.3,True,42.75,0.9532163742690059,1.0,False,0.30994152046783624,1.103225806451613,True,False,0,1,1,,2.0,1,0.5248868778280543,True,1.8
2024-06-05,6am,retest,short,1.3,True,23.5,0.3191489361702128,-1.0,False,0.574468085106383,0.6911764705882353,False,True,39,39,3,2.8118538938662994,18.25,2,1.108991825613079,False,1.0053475935828877
2024-06-05,6am,retest,long,1.3,True,23.5,0.3191489361702128,-1.0,False,0.574468085106383,0.6911764705882353,True,False,0,11,1,,9.75,2,0.14713896457765668,True,1.0053475935828877
2024-06-05,6am,failure,short,-1.0,False,23.5,0.3191489361702128,-1.0,False,0.574468085106383,0.6911764705882353,False,True,38,1,1,2.4419931532902246,1.0,2,1.108991825613079,False,1.0053475935828877
2024-06-05,7am,retest,short,-1.0,False,50.25,0.572139303482587,1.0,False,0.46766169154228854,2.1382978723404253,True,False,45,3,1,1.8822409141406125,4.75,2,1.2942779291553133,False,2.1157894736842104
2024-06-05,7am,failure,short,1.3,True,50.25,0.572139303482587,1.0,False,0.46766169154228854,2.1382978723404253,True,False,5,1,10,,0.5,2,1.2942779291553133,False,2.1157894736842104
2024-06-06,6am,retest,short,1.3,True,17.25,0.4927536231884058,1.0,True,1.0,0.5655737704918032,True,False,11,3,7,0.9732510288065844,2.0,3,0.6724137931034483,False,0.7379679144385026
2024-06-06,6am,retest,long,1.3,True,17.25,0.4927536231884058,1.0,True,1.0,0.5655737704918032,False,True,96,8,1,1.8706621130329404,22.75,3,0.7241379310344828,True,0.7379679144385026
2024-06-06,6am,failure,short,1.3,True,17.25,0.4927536231884058,1.0,True,1.0,0.5655737704918032,True,False,5,1,1,,1.0,3,0.6724137931034483,False,0.7379679144385026
2024-06-06,6am,failure,long,-1.0,False,17.25,0.4927536231884058,1.0,True,1.0,0.5655737704918032,False,True,95,1,1,1.744351053378452,1.5,3,0.7241379310344828,True,0.7379679144385026
2024-06-06,7am,retest,short,1.3,True,14.25,0.5087719298245614,1.0,False,0.7017543859649122,0.8260869565217391,True,False,2,20,1,,23.25,3,0.7701149425287356,False,0.6
2024-06-06,7am,failure,long,-1.0,False,14.25,0.5087719298245614,1.0,False,0.7017543859649122,0.8260869565217391,False,True,33,1,1,1.2512962322848256,3.75,3,0.5574712643678161,True,0.6
2024-06-07,6am,retest,long,-1.0,False,17.5,0.5142857142857142,-1.0,False,0.6571428571428571,1.25,True,False,4,12,1,,8.5,4,0.8742857142857143,True,0.8187134502923976
2024-06-07,6am,failure,long,-1.0,False,17.5,0.5142857142857142,-1.0,False,0.6571428571428571,1.25,True,False,1,1,2,,0.75,4,0.8742857142857143,True,0.8187134502923976
2024-06-07,7am,failure,short,-1.0,False,45.75,0.40437158469945356,1.0,False,0.3825136612021858,2.6142857142857143,True,False,3,1,1,,0.25,4,0.8971428571428571,False,1.9263157894736842
2024-06-10,6am,retest,short,1.3,True,42.5,0.34705882352941175,1.0,False,0.27647058823529413,1.2878787878787878,True,False,34,1,8,3.477817440081591,1.5,0,0.7456140350877193,True,2.236842105263158
2024-06-10,6am,retest,long,-1.0,False,42.5,0.34705882352941175,1.0,False,0.27647058823529413,1.2878787878787878,False,True,116,4,1,2.3556012332990752,7.25,0,0.7514619883040936,False,2.236842105263158
2024-06-10,7am,retest,long,-1.0,False,25.0,0.42,1.0,False,0.94,0.5882352941176471,False,False,41,2,1,2.6939872354719516,3.5,0,0.5292397660818714,True,1.0526315789473684
2024-06-10,7am,failure,long,-1.0,False,25.0,0.42,1.0,False,0.94,0.5882352941176471,False,False,40,1,1,1.8219749652294852,0.5,0,0.5292397660818714,True,1.0526315789473684
2024-06-11,6am,retest,short,1.3,True,28.5,0.38596491228070173,1.0,False,0.6228070175438597,1.0178571428571428,True,True,67,1,6,0.5225273260463876,0.75,1,0.2720306513409962,True,1.3333333333333333
2024-06-11,6am,retest,long,1.3,True,28.5,0.38596491228070173,1.0,False,0.6228070175438597,1.0178571428571428,False,False,9,2,1,,8.0,1,1.1647509578544062,False,1.3333333333333333
2024-06-11,6am,failure,short,1.3,True,28.5,0.38596491228070173,1.0,False,0.6228070175438597,1.0178571428571428,True,True,66,1,1,2.3526093088857545,2.0,1,0.2720306513409962,True,1.3333333333333333
2024-06-11,7am,retest,short,1.3,True,31.75,0.25196850393700787,-1.0,False,0.7480314960629921,1.1140350877192982,False,False,3,6,1,,6.75,1,0.19923371647509577,True,1.3368421052631578
2024-06-12,6am,retest,short,1.3,True,14.0,0.05357142857142857,1.0,False,0.9642857142857143,0.8,True,False,11,1,1,2.3584437086092715,3.0,2,0.9473684210526315,False,0.5989304812834224
2024-06-12,6am,failure,short,1.3,True,14.0,0.05357142857142857,1.0,False,0.9642857142857143,0.8,True,False,8,1,2,,0.75,2,0.9473684210526315,False,0.5989304812834224
2024-06-13,6am,retest,short,-1.0,False,35.75,0.5174825174825175,1.0,True,1.0,0.55859375,True,False,2,1,1,,2.0,3,0.41899441340782123,False,1.672514619883041
2024-06-13,7am,retest,short,1.3,True,23.25,0.2903225806451613,-1.0,False,0.6021505376344086,0.6503496503496503,False,False,12,34,1,2.8431818181818183,62.0,3,0.5223463687150838,False,0.9637305699481865
2024-06-14,6am,retest,long,1.3,True,42.5,0.4,-1.0,False,0.19411764705882353,0.6137184115523465,True,False,6,4,7,,19.5,4,1.3317191283292977,False,1.8181818181818181
2024-06-14,7am,retest,short,-1.0,False,65.5,0.015267175572519083,-1.0,False,0.648854961832061,1.5411764705882354,False,False,24,1,1,2.57649667405765,3.75,4,0.11380145278450363,True,2.715025906735751
2024-06-17,6am,retest,short,1.3,True,28.5,0.42105263157894735,-1.0,False,0.7368421052631579,1.2258064516129032,False,False,27,3,16,0.6508549365692222,3.5,0,0.6575757575757576,False,1.2127659574468086
2024-06-17,6am,retest,long,-1.0,False,28.5,0.42105263157894735,-1.0,False,0.7368421052631579,1.2258064516129032,True,True,98,3,8,0.8237844533911428,8.0,0,0.6878787878787879,True,1.2127659574468086
2024-06-17,6am,failure,short,1.3,True,28.5,0.42105263157894735,-1.0,False,0.7368421052631579,1.2258064516129032,False,False,23,1,2,5.34711964549483,2.25,0,0.6575757575757576,False,1.2127659574468086
2024-06-17,6am,failure,long,-1.0,False,28.5,0.42105263157894735,-1.0,False,0.7368421052631579,1.2258064516129032,True,True,96,1,2,2.5602836879432624,0.5,0,0.6878787878787879,True,1.2127659574468086
2024-06-18,6am,retest,long,1.3,True,29.25,0.38461538461538464,-1.0,False,0.8034188034188035,1.0446428571428572,True,False,12,1,2,1.5326821938392186,3.25,1,0.35904255319148937,True,1.2
2024-06-18,7am,retest,short,-1.0,False,22.0,0.19318181818181818,-1.0,False,0.6931818181818182,0.7521367521367521,False,False,23,6,1,0.8068097705403405,5.0,1,0.8031914893617021,False,0.8888888888888888
2024-06-18,7am,retest,long,-1.0,False,22.0,0.19318181818181818,-1.0,False,0.6931818181818182,0.7521367521367521,True,True,33,1,2,5.569533000172325,11.25,1,0.4308510638297872,True,0.8888888888888888
2024-06-18,7am,failure,short,-1.0,False,22.0,0.19318181818181818,-1.0,False,0.6931818181818182,0.7521367521367521,False,False,7,1,16,,0.25,1,0.8031914893617021,False,0.8888888888888888
2024-06-19,6am,retest,short,1.3,True,13.25,0.4339622641509434,1.0,False,0.6415094339622641,1.1777777777777778,True,False,3,1,21,,1.25,2,1.1027397260273972,False,0.4930232558139535
2024-06-19,6am,failure,short,1.3,True,13.25,0.4339622641509434,1.0,False,0.6415094339622641,1.1777777777777778,True,False,1,1,2,,0.25,2,1.1027397260273972,False,0.4930232558139535
2024-06-19,7am,retest,short,-1.0,False,11.5,0.5869565217391305,-1.0,False,0.8913043478260869,0.8679245283018868,False,True,55,2,7,1.451905626134301,2.25,2,1.1369863013698631,False,0.46464646464646464
2024-06-19,7am,retest,long,1.3,True,11.5,0.5869565217391305,-1.0,False,0.8913043478260869,0.8679245283018868,True,False,15,3,1,1.5223880597014927,2.5,2,0.1780821917808219,True,0.46464646464646464
2024-06-19,7am,failure,long,1.3,True,11.5,0.5869565217391305,-1.0,False,0.8913043478260869,0.8679245283018868,True,False,2,1,1,,0.5,2,0.1780821917808219,True,0.46464646464646464
2024-06-20,7am,retest,long,-1.0,False,39.0,0.5833333333333334,-1.0,False,0.48717948717948717,1.5,True,False,10,2,1,4.337270341207349,10.25,3,0.5574912891986062,True,1.5757575757575757
2024-06-21,6am,retest,short,1.3,True,46.25,0.2,1.0,False,0.7351351351351352,0.9203980099502488,True,False,4,7,1,,13.75,4,0.5913200723327305,True,1.7209302325581395
2024-06-21,6am,retest,long,1.3,True,46.25,0.2,1.0,False,0.7351351351351352,0.9203980099502488,False,True,75,1,1,1.5397181948131509,4.5,4,0.7432188065099458,False,1.7209302325581395
2024-06-21,6am,failure,long,1.3,True,46.25,0.2,1.0,False,0.7351351351351352,0.9203980099502488,False,True,60,1,1,2.450817729319744,1.0,4,0.7432188065099458,False,1.7209302325581395
2024-06-21,7am,retest,long,1.3,True,53.25,0.43661971830985913,-1.0,False,0.7417840375586855,1.1513513513513514,True,False,0,2,5,,7.75,4,0.6943942133815552,False,2.088235294117647
2024-06-21,7am,failure,short,1.3,True,53.25,0.43661971830985913,-1.0,False,0.7417840375586855,1.1513513513513514,False,True,87,1,1,3.766426694092104,2.25,4,0.6907775768535263,True,2.088235294117647
2024-06-24,6am,retest,short,1.3,True,27.75,0.46846846846846846,1.0,True,1.0,0.3908450704225352,True,False,3,5,2,,6.25,0,0.5279642058165548,True,0.9736842105263158
2024-06-24,6am,retest,long,-1.0,False,27.75,0.46846846846846846,1.0,True,1.0,0.3908450704225352,False,True,61,10,1,1.408531348411108,23.75,0,0.7203579418344519,False,0.9736842105263158
2024-06-24,6am,failure,short,1.3,True,27.75,0.46846846846846846,1.0,True,1.0,0.3908450704225352,True,False,1,1,1,,0.5,0,0.5279642058165548,True,0.9736842105263158
2024-06-24,6am,failure,long,-1.0,False,27.75,0.46846846846846846,1.0,True,1.0,0.3908450704225352,False,True,60,1,1,2.486689633573442,3.25,0,0.7203579418344519,False,0.9736842105263158
2024-06-24,7am,retest,long,1.3,True,33.25,0.39097744360902253,-1.0,False,0.8120300751879699,1.1981981981981982,True,False,0,11,1,,24.5,0,0.7136465324384788,False,1.1515151515151516
2024-06-25,6am,retest,long,1.3,True,22.0,0.17045454545454544,-1.0,False,0.8522727272727273,0.7719298245614035,True,True,41,19,1,0.9590699927343183,17.5,1,0.16268980477223427,True,0.7719298245614035
2024-06-25,6am,failure,long,-1.0,False,22.0,0.17045454545454544,-1.0,False,0.8522727272727273,0.7719298245614035,True,True,39,1,1,0.9272816007808687,1.0,1,0.16268980477223427,True,0.7719298245614035
2024-06-26,6am,retest,long,-1.0,False,34.25,0.7153284671532847,-1.0,False,0.12408759124087591,1.2568807339449541,True,False,26,3,1,2.447418738049713,5.75,2,0.7336448598130841,True,1.2017543859649122
2024-06-26,7am,retest,long,-1.0,False,28.75,0.06956521739130435,1.0,False,0.6086956521739131,0.8394160583941606,False,False,13,9,1,2.8224530168150346,11.75,2,0.8387850467289719,True,0.9019607843137255
2024-06-27,6am,retest,short,-1.0,False,19.75,0.5189873417721519,1.0,False,0.26582278481012656,0.7596153846153846,True,True,96,1,1,1.6917038841521181,6.75,3,1.1397590361445784,False,0.6929824561403509
2024-06-27,6am,retest,long,-1.0,False,19.75,0.5189873417721519,1.0,False,0.26582278481012656,0.7596153846153846,False,False,4,3,1,,3.75,3,0.05060240963855422,True,0.6929824561403509
2024-07-01,6am,retest,short,-1.0,False,28.25,0.6194690265486725,1.0,False,0.4247787610619469,0.6975308641975309,True,False,2,1,2,,1.5,0,0.4758909853249476,True,0.9912280701754386
2024-07-01,7am,retest,short,1.3,True,32.25,0.6821705426356589,1.0,False,0.2248062015503876,1.1415929203539823,True,False,5,1,14,,5.75,0,0.6855345911949685,False,1.011764705882353
2024-07-02,6am,retest,short,-1.0,False,21.75,0.26436781609195403,1.0,True,1.0,0.7310924369747899,True,True,125,1,1,1.2363387978142077,2.25,1,0.2712215320910973,True,0.7665198237885462
2024-07-02,6am,retest,long,-1.0,False,21.75,0.26436781609195403,1.0,True,1.0,0.7310924369747899,False,False,10,1,1,1.724770642201835,2.25,1,0.9089026915113871,False,0.7665198237885462
2024-07-02,6am,failure,long,-1.0,False,21.75,0.26436781609195403,1.0,True,1.0,0.7310924369747899,False,False,9,1,1,,0.75,1,0.9089026915113871,False,0.7665198237885462
2024-07-02,7am,retest,short,-1.0,False,54.5,0.555045871559633,-1.0,False,0.3623853211009174,2.5057471264367814,False,False,65,1,1,1.2363387978142077,4.25,1,0.2546583850931677,True,1.6964980544747081
2024-07-02,7am,failure,short,-1.0,False,54.5,0.555045871559633,-1.0,False,0.3623853211009174,2.5057471264367814,False,False,64,1,1,1.1121344692608794,1.75,1,0.2546583850931677,True,1.6964980544747081
2024-07-03,6am,retest,long,-1.0,False,14.75,0.8983050847457628,-1.0,True,1.0,0.6483516483516484,True,False,0,1,8,,4.25,2,0.5215311004784688,True,0.5267857142857143
2024-07-03,7am,retest,long,-1.0,False,25.75,0.2524271844660194,-1.0,False,0.2815533980582524,1.7457627118644068,True,False,13,1,2,0.696503047802374,2.25,2,0.8755980861244019,True,0.7984496124031008
2024-07-03,7am,failure,long,-1.0,False,25.75,0.2524271844660194,-1.0,False,0.2815533980582524,1.7457627118644068,True,False,11,1,2,1.0613313388182497,1.25,2,0.8755980861244019,True,0.7984496124031008
2024-07-04,6am,retest,short,1.3,True,9.25,0.10810810810810811,1.0,False,0.8378378378378378,0.9487179487179487,True,False,121,1,2,1.25,0.5,3,0.5619834710743802,True,0.33035714285714285
2024-07-04,6am,failure,short,1.3,True,9.25,0.10810810810810811,1.0,False,0.8378378378378378,0.9487179487179487,True,False,101,1,1,3.8235294117647056,1.25,3,0.5619834710743802,True,0.33035714285714285
2024-07-04,7am,retest,short,-1.0,False,4.25,0.17647058823529413,1.0,True,1.0,0.4594594594594595,True,True,41,4,1,3.8235294117647056,2.0,3,0.5371900826446281,True,0.13178294573643412
2024-07-05,6am,retest,short,1.3,True,22.0,0.3977272727272727,1.0,False,0.8295454545454546,1.1282051282051282,True,True,90,7,1,22.07188160676533,46.5,4,0.8916876574307305,False,0.8585365853658536
2024-07-05,6am,retest,long,1.3,True,22.0,0.3977272727272727,1.0,False,0.8295454545454546,1.1282051282051282,False,False,73,1,1,2.7906976744186043,1.5,4,0.32997481108312343,True,0.8585365853658536
2024-07-05,7am,retest,long,1.3,True,21.0,0.39285714285714285,-1.0,False,0.9761904761904762,0.9545454545454546,True,False,13,1,1,2.5392781316348194,1.0,4,0.3350125944584383,True,0.6511627906976745
2024-07-08,6am,retest,short,-1.0,False,10.25,0.17073170731707318,-1.0,True,1.0,0.5189873417721519,False,True,9,1,3,,4.5,0,0.9397590361445783,False,0.4120603015075377
2024-07-08,6am,failure,short,-1.0,False,10.25,0.17073170731707318,-1.0,True,1.0,0.5189873417721519,False,True,7,1,1,,0.75,0,0.9397590361445783,False,0.4120603015075377
2024-07-08,6am,failure,long,1.3,True,10.25,0.17073170731707318,-1.0,True,1.0,0.5189873417721519,True,False,0,1,1,,3.0,0,0.3072289156626506,True,0.4120603015075377
2024-07-08,7am,retest,short,-1.0,False,26.25,0.7047619047619048,1.0,False,0.3904761904761905,2.5609756097560976,True,False,7,34,1,,6.25,0,1.2530120481927711,False,0.8203125
2024-07-08,7am,failure,short,-1.0,False,26.25,0.7047619047619048,1.0,False,0.3904761904761905,2.5609756097560976,True,False,6,1,1,,2.5,0,1.2530120481927711,False,0.8203125
2024-07-09,6am,retest,long,-1.0,False,13.25,0.09433962264150944,-1.0,True,1.0,0.7910447761194029,True,True,23,4,1,1.8867924528301887,5.0,1,0.23278688524590163,True,0.5326633165829145
2024-07-09,6am,failure,short,1.3,True,13.25,0.09433962264150944,-1.0,True,1.0,0.7910447761194029,False,False,4,1,1,,0.75,1,0.940983606557377,False,0.5326633165829145
2024-07-09,6am,failure,long,-1.0,False,13.25,0.09433962264150944,-1.0,True,1.0,0.7910447761194029,True,True,20,1,1,1.6378830083565459,1.0,1,0.23278688524590163,True,0.5326633165829145
2024-07-09,7am,retest,long,1.3,True,26.75,0.514018691588785,-1.0,False,0.4953271028037383,2.018867924528302,True,False,23,27,1,1.811876896402254,15.25,1,0.39672131147540984,True,0.8842975206611571
2024-07-09,7am,failure,long,-1.0,False,26.75,0.514018691588785,-1.0,False,0.4953271028037383,2.018867924528302,True,False,22,1,1,2.307692307692308,2.0,1,0.39672131147540984,True,0.8842975206611571
2024-07-10,7am,retest,short,1.3,True,29.75,0.44537815126050423,1.0,False,0.3949579831932773,1.75,True,False,7,1,1,,1.75,2,1.5894736842105264,False,1.072072072072072
2024-07-11,7am,retest,long,1.3,True,7.75,0.12903225806451613,1.0,False,0.6451612903225806,0.96875,False,False,4,2,1,,2.0,3,0.43169398907103823,False,0.27927927927927926
2024-07-11,7am,failure,long,1.3,True,7.75,0.12903225806451613,1.0,False,0.6451612903225806,0.96875,False,False,3,1,1,,0.75,3,0.43169398907103823,False,0.27927927927927926
2024-07-12,6am,retest,short,1.3,True,34.0,0.19852941176470587,-1.0,False,0.8602941176470589,1.1239669421487604,False,True,108,9,1,1.8651396517471075,21.5,4,0.8649425287356322,True,1.3668341708542713
2024-07-12,6am,retest,long,1.3,True,34.0,0.19852941176470587,-1.0,False,0.8602941176470589,1.1239669421487604,True,False,8,2,1,,9.0,4,0.5258620689655172,False,1.3668341708542713
2024-07-12,6am,failure,long,1.3,True,34.0,0.19852941176470587,-1.0,False,0.8602941176470589,1.1239669421487604,True,False,6,1,1,,1.5,4,0.5258620689655172,False,1.3668341708542713
2024-07-12,7am,retest,short,1.3,True,41.5,0.3614457831325301,1.0,False,0.7831325301204819,1.2205882352941178,True,True,48,9,1,1.8651396517471075,23.0,4,0.8477011494252874,False,1.4954954954954955
2024-07-12,7am,failure,long,1.3,True,41.5,0.3614457831325301,1.0,False,0.7831325301204819,1.2205882352941178,False,False,30,1,1,23.924170616113745,69.0,4,0.6293103448275862,True,1.4954954954954955
2024-07-15,6am,retest,short,-1.0,False,28.0,0.125,1.0,False,0.375,2.6666666666666665,True,False,6,1,1,,3.75,0,1.0261044176706828,False,1.1256281407035176
2024-07-15,6am,failure,short,-1.0,False,28.0,0.125,1.0,False,0.375,2.6666666666666665,True,False,5,1,1,,4.0,0,1.0261044176706828,False,1.1256281407035176
2024-07-15,6am,failure,long,1.3,True,28.0,0.125,1.0,False,0.375,2.6666666666666665,False,True,61,1,1,2.788065843621399,1.5,0,0.19879518072289157,True,1.1256281407035176
2024-07-16,6am,retest,short,1.3,True,39.25,0.4968152866242038,1.0,False,0.3630573248407643,1.129496402877698,True,False,4,1,5,,2.0,1,0.8278145695364238,True,1.5778894472361809
2024-07-16,6am,failure,short,1.3,True,39.25,0.4968152866242038,1.0,False,0.3630573248407643,1.129496402877698,True,False,3,1,1,,1.25,1,0.8278145695364238,True,1.5778894472361809
2024-07-16,7am,retest,short,-1.0,False,20.5,0.524390243902439,1.0,False,0.9024390243902439,0.5222929936305732,True,True,31,8,1,4.05001225790635,11.25,1,0.8454746136865342,False,0.7387387387387387
2024-07-16,7am,failure,short,-1.0,False,20.5,0.524390243902439,1.0,False,0.9024390243902439,0.5222929936305732,True,False,30,1,1,25.413290113452188,5.5,1,0.8454746136865342,False,0.7387387387387387
2024-07-17,6am,failure,long,-1.0,False,47.25,0.19576719576719576,-1.0,False,0.7724867724867724,1.2857142857142858,True,False,4,1,1,,1.75,2,0.957685664939551,False,1.695067264573991
2024-07-17,7am,failure,long,-1.0,False,89.75,0.532033426183844,-1.0,False,0.3231197771587744,1.8994708994708995,True,False,88,1,1,3.4386379293376637,2.5,2,1.1675302245250432,False,3.234234234234234
2024-07-18,6am,retest,short,-1.0,False,62.25,0.17670682730923695,1.0,False,0.3534136546184739,0.8892857142857142,True,False,5,1,9,,0.75,3,0.40867992766726946,False,2.233183856502242
2024-07-19,6am,retest,short,-1.0,False,60.0,0.32916666666666666,1.0,False,0.30833333333333335,1.0256410256410255,True,False,13,1,1,1.5205541676129912,5.25,4,0.6806629834254143,True,2.1524663677130045
2024-07-19,7am,failure,short,1.3,True,75.75,0.7095709570957096,1.0,False,0.5808580858085809,1.2625,True,False,4,1,1,,5.25,4,0.8209944751381215,True,2.72972972972973
2024-07-22,6am,retest,short,-1.0,False,53.25,0.8169014084507042,1.0,False,0.27699530516431925,1.23121387283237,True,False,43,2,1,0.8224163027656477,5.75,0,1.2878504672897195,False,1.9103139013452914
2024-07-22,6am,failure,short,-1.0,False,53.25,0.8169014084507042,1.0,False,0.27699530516431925,1.23121387283237,True,False,0,1,1,,1.25,0,1.2878504672897195,False,1.9103139013452914
2024-07-22,7am,retest,short,-1.0,False,33.0,0.22727272727272727,1.0,False,0.75,0.6197183098591549,True,False,1,12,1,,13.25,0,1.3495327102803738,False,1.1282051282051282
2024-07-22,7am,failure,short,-1.0,False,33.0,0.22727272727272727,1.0,False,0.75,0.6197183098591549,True,False,0,1,1,,1.0,0,1.3495327102803738,False,1.1282051282051282
2024-07-23,6am,retest,short,-1.0,False,42.0,0.35714285714285715,1.0,False,0.4642857142857143,0.8195121951219512,True,False,2,1,1,,5.75,1,0.9673076923076923,True,1.506726457399103
2024-07-23,6am,retest,long,-1.0,False,42.0,0.35714285714285715,1.0,False,0.4642857142857143,0.8195121951219512,False,True,83,5,1,3.5708927231807954,13.75,1,0.3557692307692308,False,1.506726457399103
2024-07-23,7am,retest,long,-1.0,False,42.75,0.5263157894736842,1.0,False,0.49707602339181284,1.0178571428571428,False,False,21,41,1,1.6700375613984397,49.0,1,0.19615384615384615,True,1.4615384615384615
2024-07-23,7am,failure,long,-1.0,False,42.75,0.5263157894736842,1.0,False,0.49707602339181284,1.0178571428571428,False,False,18,1,3,0.9423791821561338,0.25,1,0.19615384615384615,True,1.4615384615384615
2024-07-24,6am,retest,long,1.3,True,44.25,0.02824858757062147,-1.0,True,1.0,0.9123711340206185,True,False,2,1,1,,8.25,2,0.8873591989987485,False,1.5733333333333333
2024-07-24,6am,failure,long,1.3,True,44.25,0.02824858757062147,-1.0,True,1.0,0.9123711340206185,True,False,1,1,1,,1.75,2,0.8873591989987485,False,1.5733333333333333
2024-07-25,6am,retest,short,-1.0,False,72.5,0.21724137931034482,1.0,False,0.4724137931034483,0.7231920199501247,True,False,0,1,2,,3.5,3,0.44123711340206184,True,2.577777777777778
2024-07-25,7am,retest,short,-1.0,False,81.25,0.3507692307692308,-1.0,False,0.52,1.1206896551724137,False,True,38,1,1,2.2695466991177367,15.5,3,0.6020618556701031,True,2.620967741935484
2024-07-25,7am,retest,long,-1.0,False,81.25,0.3507692307692308,-1.0,False,0.52,1.1206896551724137,True,False,24,1,1,1.799526440410418,3.5,3,0.7329896907216494,False,2.620967741935484
2024-07-26,6am,retest,short,-1.0,False,37.75,0.6688741721854304,-1.0,False,0.5695364238410596,0.893491124260355,False,True,41,1,2,1.8377321603128056,1.5,4,0.9085903083700441,False,1.21285140562249
2024-07-26,6am,failure,short,-1.0,False,37.75,0.6688741721854304,-1.0,False,0.5695364238410596,0.893491124260355,False,True,40,1,1,2.7852004110996917,1.25,4,0.9085903083700441,False,1.21285140562249
2024-07-26,7am,retest,short,1.3,True,60.25,0.7468879668049793,1.0,False,0.6265560165975104,1.596026490066225,True,False,5,8,12,,8.0,4,0.9680616740088106,False,1.8467432950191571
2024-07-26,7am,failure,short,1.3,True,60.25,0.7468879668049793,1.0,False,0.6265560165975104,1.596026490066225,True,False,3,1,2,,0.25,4,0.9680616740088106,False,1.8467432950191571
2024-07-29,6am,retest,short,-1.0,False,35.0,0.42857142857142855,1.0,False,0.35,0.9271523178807947,True,False,23,1,2,1.8930041152263375,3.75,0,0.7634730538922155,False,1.0256410256410255
2024-07-29,6am,failure,short,-1.0,False,35.0,0.42857142857142855,1.0,False,0.35,0.9271523178807947,True,False,11,1,1,0.7070457354758961,1.0,0,0.7634730538922155,False,1.0256410256410255
2024-07-29,7am,retest,short,1.3,True,41.5,0.3433734939759036,1.0,False,0.41566265060240964,1.1857142857142857,True,False,26,25,1,1.7620534165799513,42.5,0,0.9086826347305389,False,1.2720306513409962
2024-07-29,7am,failure,short,-1.0,False,41.5,0.3433734939759036,1.0,False,0.41566265060240964,1.1857142857142857,True,False,24,1,1,1.3558155540261527,0.5,0,0.9086826347305389,False,1.2720306513409962
2024-07-29,7am,failure,long,-1.0,False,41.5,0.3433734939759036,1.0,False,0.41566265060240964,1.1857142857142857,False,True,78,1,1,1.44611605772183,0.75,0,0.3398203592814371,True,1.2720306513409962
2024-07-30,6am,retest,short,-1.0,False,37.0,0.7094594594594594,1.0,True,1.0,0.6244725738396625,True,False,2,1,2,,3.25,1,0.9486842105263158,False,1.0724637681159421
2024-07-30,6am,failure,short,-1.0,False,37.0,0.7094594594594594,1.0,True,1.0,0.6244725738396625,True,False,1,1,1,,2.5,1,0.9486842105263158,False,1.0724637681159421
2024-07-30,7am,retest,short,1.3,True,35.0,0.2642857142857143,1.0,False,0.32142857142857145,0.9459459459459459,True,False,78,1,8,2.327064073956009,3.0,1,1.0736842105263158,False,1.0727969348659003
2024-07-30,7am,failure,short,1.3,True,35.0,0.2642857142857143,1.0,False,0.32142857142857145,0.9459459459459459,True,False,77,1,1,5.251087386318703,1.0,1,1.0736842105263158,False,1.0727969348659003
2024-07-31,7am,failure,short,-1.0,False,46.75,0.2192513368983957,1.0,False,0.6310160427807486,1.016304347826087,True,False,15,1,1,3.253370340999207,0.75,2,1.035691109669046,False,1.4329501915708813
2024-08-01,6am,retest,short,-1.0,False,47.75,0.05235602094240838,1.0,False,0.9109947643979057,0.5584795321637427,True,False,2,2,1,,2.75,3,0.47703180212014135,True,1.3263888888888888
2024-08-01,6am,retest,long,-1.0,False,47.75,0.05235602094240838,1.0,False,0.9109947643979057,0.5584795321637427,False,True,127,1,1,6.235087719298246,3.0,3,0.7479387514723204,False,1.3263888888888888
2024-08-01,7am,failure,long,1.3,True,61.75,0.291497975708502,-1.0,False,0.5789473684210527,1.293193717277487,True,False,1,1,1,,3.25,3,0.6914016489988222,False,1.8161764705882353
2024-08-02,6am,retest,long,-1.0,False,95.25,0.29658792650918636,1.0,False,0.7874015748031497,1.27,False,False,90,45,1,19.1573144319748,136.75,4,0.9881831610044313,False,2.548494983277592
2024-08-05,6am,retest,long,-1.0,False,179.75,0.23504867872044508,-1.0,False,0.8164116828929068,0.8235967926689576,True,True,53,1,1,1.7318602567930728,3.0,0,0.7235322425409048,False,4.6688311688311686
2024-08-05,7am,retest,long,1.3,True,232.0,0.5463362068965517,-1.0,False,0.7747844827586207,1.2906815020862308,True,False,13,50,13,0.7869172565291678,226.25,0,0.7711742059672763,False,6.065359477124183
2024-08-06,6am,retest,short,-1.0,False,134.5,0.6133828996282528,1.0,False,0.8587360594795539,0.8805237315875614,True,False,1,3,1,,20.0,1,0.4084423305588585,False,3.310769230769231
2024-08-06,7am,retest,long,-1.0,False,129.5,0.13706563706563707,1.0,False,0.4942084942084942,0.9628252788104089,False,False,30,56,1,5.254237288135593,71.75,1,0.7437574316290131,True,3.3856209150326797
2024-08-07,6am,retest,short,1.3,True,53.0,0.47641509433962265,1.0,False,0.8962264150943396,0.7210884353741497,True,False,2,2,4,,10.5,2,1.0132450331125828,False,1.228985507246377
2024-08-07,6am,failure,long,1.3,True,53.0,0.47641509433962265,1.0,False,0.8962264150943396,0.7210884353741497,False,True,47,1,1,2.5857059848925044,3.0,2,0.11438892233594221,True,1.228985507246377
2024-08-08,6am,retest,short,1.3,True,81.0,0.345679012345679,1.0,True,1.0,0.7587822014051522,True,False,53,1,17,1.1466260781329274,2.0,3,0.7651851851851852,False,1.7704918032786885
2024-08-08,6am,failure,short,1.3,True,81.0,0.345679012345679,1.0,True,1.0,0.7587822014051522,True,False,14,1,1,2.5421436004162334,7.0,3,0.7651851851851852,False,1.7704918032786885
2024-08-12,6am,failure,short,1.3,True,38.75,0.27741935483870966,1.0,False,0.7677419354838709,1.054421768707483,True,False,19,1,1,1.9029275808936825,5.75,0,0.8933143669985776,False,0.8157894736842105
2024-08-12,7am,retest,short,1.3,True,43.0,0.01744186046511628,1.0,False,0.7383720930232558,1.1096774193548387,True,False,27,1,1,1.6570327552986512,3.0,0,0.957325746799431,False,1.036144578313253
2024-08-13,6am,retest,short,-1.0,False,97.75,0.8772378516624041,-1.0,False,0.17135549872122763,2.7928571428571427,False,False,67,21,1,1.5511363636363635,20.5,1,0.6185430463576159,False,2.057894736842105
2024-08-13,6am,failure,short,-1.0,False,97.75,0.8772378516624041,-1.0,False,0.17135549872122763,2.7928571428571427,False,False,65,1,2,2.75390625,0.75,1,0.6185430463576159,False,2.057894736842105
2024-08-13,7am,failure,short,-1.0,False,65.0,0.8384615384615385,1.0,True,1.0,0.6649616368286445,True,False,0,1,1,,1.75,1,0.4503311258278146,False,1.543026706231454
2024-08-14,6am,failure,long,1.3,True,29.0,0.4051724137931034,1.0,False,0.27586206896551724,1.0841121495327102,False,False,14,1,5,1.94014313597918,0.75,2,0.6657381615598886,True,0.575682382133995
2024-08-14,7am,failure,long,1.3,True,27.5,0.07272727272727272,1.0,False,0.9181818181818182,0.9482758620689655,False,False,21,1,1,1.761290322580645,1.0,2,0.6908077994428969,True,0.641399416909621
2024-08-15,6am,retest,short,1.3,True,62.5,0.876,-1.0,False,0.388,2.577319587628866,False,True,25,1,6,1.1410788381742738,3.0,3,0.5955734406438632,True,1.2406947890818858
2024-08-15,6am,failure,short,1.3,True,62.5,0.876,-1.0,False,0.388,2.577319587628866,False,True,24,1,1,2.682648401826484,1.5,3,0.5955734406438632,True,1.2406947890818858
2024-08-16,6am,retest,long,-1.0,False,47.25,0.5079365079365079,-1.0,False,0.15343915343915343,1.56198347107438,True,False,13,2,3,2.305154639175258,5.0,4,0.9038854805725971,True,0.8894117647058823
2024-08-16,6am,failure,long,-1.0,False,47.25,0.5079365079365079,-1.0,False,0.15343915343915343,1.56198347107438,True,False,9,1,4,,1.5,4,0.9038854805725971,True,0.8894117647058823
2024-08-16,7am,retest,long,-1.0,False,51.25,0.8097560975609757,-1.0,False,0.5463414634146342,1.0846560846560847,True,False,4,1,1,,3.25,4,1.0940695296523517,False,1.19533527696793
2024-08-19,6am,retest,short,-1.0,False,30.25,0.024793388429752067,1.0,False,0.30578512396694213,0.6954022988505747,True,False,12,8,1,2.687603305785124,12.5,0,0.49615975422427033,True,0.5694117647058824
2024-08-19,7am,retest,short,-1.0,False,40.5,0.7654320987654321,1.0,False,0.691358024691358,1.3388429752066116,True,False,4,1,1,,2.5,0,0.5729646697388633,True,0.9025069637883009
2024-08-19,7am,failure,short,-1.0,False,40.5,0.7654320987654321,1.0,False,0.691358024691358,1.3388429752066116,True,False,3,1,1,,1.25,0,0.5729646697388633,True,0.9025069637883009
2024-08-20,7am,retest,long,-1.0,False,28.75,0.1391304347826087,-1.0,False,0.7304347826086957,1.25,True,False,31,10,1,2.5765765765765765,9.25,1,0.811046511627907,True,0.6406685236768802
2024-08-20,7am,failure,long,-1.0,False,28.75,0.1391304347826087,-1.0,False,0.7304347826086957,1.25,True,False,24,1,7,4.994350282485875,2.75,1,0.811046511627907,True,0.6406685236768802
2024-08-21,6am,retest,short,-1.0,False,49.5,0.9242424242424242,1.0,False,0.36363636363636365,2.2,True,False,0,28,1,,17.25,2,0.8428571428571429,False,0.9826302729528535
2024-08-21,7am,retest,short,1.3,True,37.5,0.24,-1.0,False,0.54,0.7575757575757576,False,True,30,1,1,5.100240577385725,2.0,2,1.0892857142857142,False,0.8356545961002786
2024-08-21,7am,failure,long,1.3,True,37.5,0.24,-1.0,False,0.54,0.7575757575757576,True,False,6,1,2,,1.25,2,0.44642857142857145,True,0.8356545961002786
2024-08-22,6am,retest,short,-1.0,False,45.25,0.8784530386740331,1.0,False,0.5193370165745856,1.925531914893617,True,False,0,81,1,,36.5,3,1.1757188498402555,False,0.9305912596401028
2024-08-22,7am,retest,long,1.3,True,35.75,0.5804195804195804,1.0,False,0.18181818181818182,0.7900552486187845,False,True,37,1,1,1.6202611294635834,6.25,3,-0.0926517571884984,True,0.7966573816155988
2024-08-23,6am,retest,short,-1.0,False,39.5,0.620253164556962,1.0,False,0.11392405063291139,1.1285714285714286,True,False,110,1,1,0.7064142413111049,2.0,4,1.3255813953488371,False,0.8315789473684211
2024-08-23,6am,failure,short,-1.0,False,39.5,0.620253164556962,1.0,False,0.11392405063291139,1.1285714285714286,True,False,109,1,1,1.5873015873015872,1.75,4,1.3255813953488371,False,0.8315789473684211
2024-08-23,7am,retest,short,-1.0,False,24.5,0.12244897959183673,-1.0,True,1.0,0.620253164556962,False,True,42,1,1,2.0107492886500156,3.0,4,1.244186046511628,False,0.5459610027855153
2024-08-23,7am,failure,short,1.3,True,24.5,0.12244897959183673,-1.0,True,1.0,0.620253164556962,False,False,7,1,1,,0.5,4,1.244186046511628,False,0.5459610027855153
2024-08-23,7am,failure,long,1.3,True,24.5,0.12244897959183673,-1.0,True,1.0,0.620253164556962,True,True,28,1,1,1.8549905838041432,2.25,4,-0.01627906976744186,True,0.5459610027855153
2024-08-26,6am,retest,long,-1.0,False,46.5,0.5860215053763441,-1.0,False,0.4838709677419355,2.066666666666667,True,False,9,4,1,,7.25,0,0.37115384615384617,True,0.9789473684210527
2024-08-26,6am,failure,long,-1.0,False,46.5,0.5860215053763441,-1.0,False,0.4838709677419355,2.066666666666667,True,False,7,1,2,,1.0,0,0.37115384615384617,True,0.9789473684210527
2024-08-27,7am,retest,long,-1.0,False,60.5,0.3140495867768595,1.0,False,0.9338842975206612,0.7731629392971247,False,False,22,2,2,0.8152492668621701,6.25,1,0.7410358565737052,True,1.4110787172011663
2024-08-27,7am,failure,long,-1.0,False,60.5,0.3140495867768595,1.0,False,0.9338842975206612,0.7731629392971247,False,False,20,1,1,4.351493848857645,9.25,1,0.7410358565737052,True,1.4110787172011663
2024-08-28,6am,retest,long,-1.0,False,19.0,0.3157894736842105,-1.0,False,0.8947368421052632,0.6129032258064516,True,False,3,20,1,,12.0,2,0.26103646833013433,True,0.4
2024-08-28,7am,retest,long,1.3,True,58.0,0.7586206896551724,-1.0,False,0.1810344827586207,3.0526315789473686,True,False,77,1,1,1.1504132231404958,8.25,2,0.6257197696737045,False,1.3527696793002915
2024-08-28,7am,failure,long,1.3,True,58.0,0.7586206896551724,-1.0,False,0.1810344827586207,3.0526315789473686,True,False,10,1,1,2.1559362079149436,4.25,2,0.6257197696737045,False,1.3527696793002915
2024-08-29,6am,retest,long,1.3,True,80.75,0.4984520123839009,-1.0,False,0.8699690402476781,0.834625322997416,True,False,1,6,2,,17.0,3,0.19220246238030095,True,1.7226666666666666
2024-08-29,7am,retest,short,1.3,True,73.25,0.24573378839590443,1.0,False,0.7679180887372014,0.9071207430340558,True,False,30,3,1,8.371278458844133,21.75,3,0.9616963064295485,False,1.6323119777158774
2024-08-30,6am,failure,short,-1.0,False,48.25,0.35751295336787564,1.0,False,0.40414507772020725,2.4743589743589745,True,False,65,1,1,2.955400322407308,1.75,4,1.0532646048109966,False,1.0157894736842106
2024-08-30,7am,failure,short,-1.0,False,33.0,0.5757575757575758,-1.0,True,1.0,0.6839378238341969,False,False,4,1,1,,0.75,4,1.0429553264604812,False,0.673469387755102
2024-09-02,7am,retest,short,-1.0,False,23.5,0.3404255319148936,1.0,False,0.6170212765957447,1.236842105263158,True,False,0,42,1,,16.0,0,0.8290598290598291,False,0.5236768802228412
2024-09-03,6am,retest,short,1.3,True,56.0,0.5446428571428571,1.0,True,1.0,0.8205128205128205,True,False,80,3,1,4.174431606410734,9.75,1,0.27052631578947367,True,1.1666666666666667
2024-09-03,7am,retest,short,1.3,True,53.75,0.09302325581395349,-1.0,False,0.9674418604651163,0.9598214285714286,False,False,20,1,1,4.174431606410734,8.0,1,0.27789473684210525,True,1.272189349112426
2024-09-04,6am,retest,long,1.3,True,73.0,0.8424657534246576,-1.0,False,0.4828767123287671,1.553191489361702,True,False,1,5,1,,13.75,2,0.8208333333333333,False,1.4936061381074168
2024-09-04,7am,retest,short,1.3,True,43.25,0.2658959537572254,1.0,False,0.6820809248554913,0.5924657534246576,True,False,5,1,1,,0.5,2,0.34305555555555556,True,0.9637883008356546
2024-09-05,6am,retest,short,1.3,True,31.75,0.2677165354330709,1.0,True,1.0,0.43050847457627117,True,False,3,2,1,,8.75,3,0.5840163934426229,True,0.6195121951219512
2024-09-05,6am,retest,long,-1.0,False,31.75,0.2677165354330709,1.0,True,1.0,0.43050847457627117,False,True,48,6,1,1.736842105263158,14.75,3,0.6762295081967213,False,0.6195121951219512
2024-09-05,6am,failure,short,1.3,True,31.75,0.2677165354330709,1.0,True,1.0,0.43050847457627117,True,False,2,1,1,,4.0,3,0.5840163934426229,True,0.6195121951219512
2024-09-05,7am,retest,long,-1.0,False,58.25,0.51931330472103,-1.0,False,0.5450643776824035,1.8346456692913387,True,False,3,27,1,,81.5,3,0.7971311475409836,False,1.2944444444444445
2024-09-05,7am,failure,long,-1.0,False,58.25,0.51931330472103,-1.0,False,0.5450643776824035,1.8346456692913387,True,False,2,1,1,,2.5,3,0.7971311475409836,False,1.2944444444444445
2024-09-06,6am,retest,short,-1.0,False,42.25,0.46745562130177515,-1.0,True,1.0,0.6706349206349206,False,False,19,9,2,0.41457389872375466,10.0,4,0.26652221018418204,True,0.8644501278772379
2024-09-06,6am,failure,short,-1.0,False,42.25,0.46745562130177515,-1.0,True,1.0,0.6706349206349206,False,False,12,1,3,1.0386052303860522,0.5,4,0.26652221018418204,True,0.8644501278772379
2024-09-06,7am,retest,short,-1.0,False,48.75,0.9025641025641026,1.0,False,0.5282051282051282,1.1538461538461537,True,False,0,9,8,,20.75,4,0.36619718309859156,True,1.0317460317460319
2024-09-09,6am,retest,long,-1.0,False,49.0,0.37755102040816324,-1.0,False,0.7602040816326531,1.3154362416107384,True,False,47,2,1,1.7645062775704106,3.75,0,0.16202783300198806,True,1.0261780104712042
2024-09-09,7am,retest,long,-1.0,False,52.0,0.20192307692307693,-1.0,False,0.8125,1.0612244897959184,True,False,3,4,1,,6.75,0,0.20079522862823063,True,1.1304347826086956
2024-09-10,6am,retest,short,-1.0,False,64.5,0.1821705426356589,1.0,False,0.5503875968992248,0.9381818181818182,True,False,29,1,15,0.7249141549027088,2.0,1,0.6157480314960629,True,1.350785340314136
2024-09-10,6am,failure,short,-1.0,False,64.5,0.1821705426356589,1.0,False,0.5503875968992248,0.9381818181818182,True,False,8,1,21,,3.75,1,0.6157480314960629,True,1.350785340314136
2024-09-10,7am,failure,short,-1.0,False,56.0,0.8392857142857143,1.0,False,0.5357142857142857,0.8682170542635659,True,False,6,1,1,,0.75,1,0.7795275590551181,True,1.2173913043478262
2024-09-11,6am,failure,short,-1.0,False,27.5,0.09090909090909091,-1.0,False,0.8818181818181818,0.6043956043956044,False,False,14,1,2,0.8647058823529412,0.75,2,0.7286184210526315,True,0.5759162303664922
2024-09-11,7am,retest,short,-1.0,False,47.75,0.6544502617801047,1.0,False,0.4816753926701571,1.7363636363636363,True,False,12,1,4,0.9915014164305949,2.0,2,0.8914473684210527,True,1.0380434782608696
2024-09-12,6am,retest,short,-1.0,False,28.25,0.23893805309734514,-1.0,False,0.6991150442477876,0.6726190476190477,False,True,80,3,1,1.2506406970784214,7.5,3,0.7188841201716738,False,0.6026666666666667
2024-09-12,6am,retest,long,1.3,True,28.25,0.23893805309734514,-1.0,False,0.6991150442477876,0.6726190476190477,True,False,3,9,1,,9.0,3,0.5236051502145923,True,0.6026666666666667
2024-09-12,6am,failure,short,-1.0,False,28.25,0.23893805309734514,-1.0,False,0.6991150442477876,0.6726190476190477,False,True,78,1,1,2.9233082706766917,3.5,3,0.7188841201716738,False,0.6026666666666667
2024-09-12,7am,retest,short,-1.0,False,31.0,0.3790322580645161,1.0,False,0.7096774193548387,1.0973451327433628,True,False,0,1,1,,2.0,3,0.6652360515021459,False,0.6424870466321243
2024-09-12,7am,retest,long,-1.0,False,31.0,0.3790322580645161,1.0,False,0.7096774193548387,1.0973451327433628,False,True,33,3,1,3.1059245960502695,10.5,3,0.6008583690987125,True,0.6424870466321243
2024-09-13,6am,retest,long,1.3,True,19.5,0.38461538461538464,1.0,True,1.0,0.624,False,False,9,4,1,,4.25,4,0.46511627906976744,True,0.416
2024-09-13,6am,failure,long,1.3,True,19.5,0.38461538461538464,1.0,True,1.0,0.624,False,False,4,1,3,,0.5,4,0.46511627906976744,True,0.416
2024-09-13,7am,retest,long,1.3,True,31.5,0.5158730158730159,-1.0,False,0.5476190476190477,1.6153846153846154,True,False,39,7,1,2.4353256021409457,26.5,4,0.654485049833887,True,0.6923076923076923
2024-09-16,6am,retest,long,-1.0,False,50.25,0.4626865671641791,-1.0,False,0.0945273631840796,1.9514563106796117,True,False,23,24,1,4.645048203330412,20.5,0,0.2528925619834711,True,1.095367847411444
2024-09-16,7am,retest,long,-1.0,False,53.25,0.755868544600939,-1.0,False,0.5352112676056338,1.0597014925373134,True,False,6,1,11,,6.25,0,0.3347107438016529,True,1.1703296703296704
2024-09-16,7am,failure,long,-1.0,False,53.25,0.755868544600939,-1.0,False,0.5352112676056338,1.0597014925373134,True,False,5,1,1,,2.0,0,0.3347107438016529,True,1.1703296703296704
2024-09-17,6am,retest,short,-1.0,False,36.75,0.564625850340136,-1.0,True,1.0,0.7819148936170213,False,True,52,2,1,3.6355311355311355,8.25,1,0.9983739837398374,False,0.784
2024-09-17,6am,retest,long,1.3,True,36.75,0.564625850340136,-1.0,True,1.0,0.7819148936170213,True,False,17,14,3,1.0072057646116894,9.75,1,0.24065040650406505,True,0.784
2024-09-17,6am,failure,long,1.3,True,36.75,0.564625850340136,-1.0,True,1.0,0.7819148936170213,True,False,15,1,1,1.6283348666053357,2.0,1,0.24065040650406505,True,0.784
2024-09-17,7am,retest,short,-1.0,False,62.25,0.6385542168674698,1.0,False,0.5903614457831325,1.6938775510204083,True,False,37,1,23,1.5719924489445682,4.5,1,1.1008130081300813,False,1.3681318681318682
2024-09-18,6am,retest,short,-1.0,False,16.5,0.16666666666666666,1.0,False,0.7727272727272727,0.5945945945945946,True,False,0,1,5,,2.75,2,0.8273381294964028,False,0.35967302452316074
2024-09-18,6am,retest,long,1.3,True,16.5,0.16666666666666666,1.0,False,0.7727272727272727,0.5945945945945946,False,True,61,23,1,1.8383167220376524,26.75,2,0.41007194244604317,True,0.35967302452316074
2024-09-18,6am,failure,long,-1.0,False,16.5,0.16666666666666666,1.0,False,0.7727272727272727,0.5945945945945946,False,True,60,1,1,3.174209547427154,2.5,2,0.41007194244604317,True,0.35967302452316074
2024-09-18,7am,retest,short,1.3,True,28.5,0.3684210526315789,-1.0,False,0.49122807017543857,1.7272727272727273,False,True,60,1,1,2.153652392947103,5.5,2,1.0359712230215827,False,0.5906735751295337
2024-09-18,7am,retest,long,1.3,True,28.5,0.3684210526315789,-1.0,False,0.49122807017543857,1.7272727272727273,True,False,0,29,1,,29.25,2,0.37410071942446044,True,0.5906735751295337
2024-09-18,7am,failure,short,1.3,True,28.5,0.3684210526315789,-1.0,False,0.49122807017543857,1.7272727272727273,False,True,40,1,1,1.2141148325358853,0.75,2,1.0359712230215827,False,0.5906735751295337
2024-09-19,6am,retest,short,-1.0,False,38.0,0.4342105263157895,1.0,False,0.47368421052631576,0.6229508196721312,True,False,40,5,1,2.4559111691704767,15.0,3,1.0576784426820476,False,0.8685714285714285
2024-09-19,6am,failure,short,-1.0,False,38.0,0.4342105263157895,1.0,False,0.47368421052631576,0.6229508196721312,True,False,36,1,1,1.7776228651097945,1.0,3,1.0576784426820476,False,0.8685714285714285
2024-09-20,6am,retest,short,-1.0,False,40.5,0.49382716049382713,-1.0,False,0.3333333333333333,1.2272727272727273,False,False,61,66,1,3.245033112582781,53.5,4,0.2126865671641791,True,0.9257142857142857
2024-09-20,7am,failure,short,-1.0,False,38.0,0.6776315789473685,1.0,True,1.0,0.9382716049382716,True,False,0,1,1,,0.75,4,0.19402985074626866,True,0.7875647668393783
2024-09-23,6am,retest,long,-1.0,False,20.25,0.30864197530864196,-1.0,False,0.6172839506172839,0.3568281938325991,True,False,0,1,1,,5.75,0,0.4491017964071856,True,0.48942598187311176
2024-09-23,6am,failure,short,1.3,True,20.25,0.30864197530864196,-1.0,False,0.6172839506172839,0.3568281938325991,False,True,97,1,5,2.456140350877193,0.5,0,0.6479041916167665,False,0.48942598187311176
2024-09-23,7am,retest,short,1.3,True,39.5,0.18354430379746836,1.0,False,0.34810126582278483,1.9506172839506173,True,False,8,1,1,,4.25,0,0.6167664670658682,False,0.8186528497409327
2024-09-23,7am,failure,short,1.3,True,39.5,0.18354430379746836,1.0,False,0.34810126582278483,1.9506172839506173,True,False,7,1,1,,0.75,0,0.6167664670658682,False,0.8186528497409327
2024-09-24,6am,retest,long,-1.0,False,42.25,0.3609467455621302,-1.0,False,0.7869822485207101,0.976878612716763,True,False,0,36,5,,62.5,1,0.42105263157894735,True,1.05625
2024-09-24,7am,failure,short,1.3,True,76.0,0.13815789473684212,-1.0,False,0.17763157894736842,1.7988165680473374,False,False,67,1,1,1.8743343982960596,0.5,1,0.6650717703349283,False,1.5751295336787565
2024-09-25,6am,failure,short,1.3,True,27.75,0.7927927927927928,1.0,False,0.14414414414414414,0.8473282442748091,True,False,0,1,3,,2.25,2,0.5625,True,0.6706948640483383
2024-09-25,7am,failure,short,1.3,True,20.5,0.4634146341463415,1.0,False,0.7439024390243902,0.7387387387387387,True,False,0,1,1,,0.25,2,0.603515625,True,0.40694789081885857
2024-09-26,6am,retest,short,1.3,True,37.5,0.7533333333333333,1.0,False,0.44,1.4018691588785046,True,False,30,4,6,2.5076142131979697,6.5,3,0.9943977591036415,False,0.9554140127388535
2024-09-26,7am,retest,long,1.3,True,28.0,0.4732142857142857,-1.0,False,0.7678571428571429,0.7466666666666667,True,False,4,10,1,,14.25,3,0.08590102707749767,True,0.5803108808290155
2024-09-27,6am,retest,short,-1.0,False,41.0,0.3353658536585366,-1.0,True,1.0,0.9371428571428572,False,False,34,1,8,1.960281870595772,3.0,4,0.596252129471891,True,1.0445859872611465
2024-09-27,6am,failure,short,-1.0,False,41.0,0.3353658536585366,-1.0,True,1.0,0.9371428571428572,False,False,33,1,1,1.14140773620799,0.5,4,0.596252129471891,True,1.0445859872611465
2024-09-27,7am,failure,short,-1.0,False,53.75,0.986046511627907,1.0,False,0.5581395348837209,1.3109756097560976,True,False,1,1,1,,1.25,4,0.75809199318569,False,1.1813186813186813
2024-09-30,6am,retest,long,-1.0,False,36.25,0.2206896551724138,-1.0,False,0.8068965517241379,0.8734939759036144,True,False,5,125,4,,63.25,0,0.7393617021276596,False,0.9235668789808917
2024-10-01,6am,retest,long,-1.0,False,48.0,0.765625,1.0,False,0.24479166666666666,1.761467889908257,False,True,34,1,1,1.7774807885065151,3.75,1,0.510548523206751,True,1.271523178807947
2024-10-01,6am,failure,short,1.3,True,48.0,0.765625,1.0,False,0.24479166666666666,1.761467889908257,True,False,0,1,1,,0.25,1,0.8945147679324894,False,1.271523178807947
2024-10-01,7am,retest,long,-1.0,False,68.0,0.6102941176470589,-1.0,False,0.7058823529411765,1.4166666666666667,True,False,33,1,42,1.3469068128425998,1.5,1,0.6329113924050633,True,1.4945054945054945
2024-10-02,6am,retest,short,1.3,True,93.25,0.4959785522788204,1.0,False,0.5817694369973191,1.7188940092165899,True,False,40,1,4,0.41680901947386406,3.5,2,0.7926565874730022,True,2.4701986754966887
2024-10-02,6am,failure,short,1.3,True,93.25,0.4959785522788204,1.0,False,0.5817694369973191,1.7188940092165899,True,False,36,1,2,1.3565469713456657,3.0,2,0.7926565874730022,True,2.4701986754966887
2024-10-02,7am,retest,short,1.3,True,51.5,0.5048543689320388,-1.0,False,0.9271844660194175,0.5522788203753352,False,False,39,21,1,4.061580258093729,35.0,2,0.8250539956803455,True,1.067357512953368
2024-10-03,6am,retest,short,-1.0,False,43.5,0.6954022988505747,1.0,False,0.5287356321839081,1.43801652892562,True,False,0,8,1,,16.5,3,0.44212962962962965,True,1.1523178807947019
2024-10-03,6am,failure,long,1.3,True,43.5,0.6954022988505747,1.0,False,0.5287356321839081,1.43801652892562,False,True,140,1,1,1.2009430037442794,0.25,3,0.7592592592592593,False,1.1523178807947019
2024-10-03,7am,retest,short,1.3,True,48.0,0.6458333333333334,1.0,False,0.375,1.103448275862069,True,False,18,3,9,0.8453539080845354,5.25,3,0.5810185185185185,True,0.9576059850374065
2024-10-03,7am,retest,long,-1.0,False,48.0,0.6458333333333334,1.0,False,0.375,1.103448275862069,False,True,58,9,1,1.7096383457345563,21.75,3,0.6412037037037037,False,0.9576059850374065
2024-10-03,7am,failure,short,1.3,True,48.0,0.6458333333333334,1.0,False,0.375,1.103448275862069,True,False,0,1,1,,0.25,3,0.5810185185185185,True,0.9576059850374065
2024-10-07,6am,retest,short,-1.0,False,29.75,0.16806722689075632,1.0,True,1.0,0.5242290748898678,True,False,50,1,1,1.5483870967741935,2.0,0,0.22461170848267623,True,0.7579617834394905
2024-10-07,6am,failure,short,-1.0,False,29.75,0.16806722689075632,1.0,True,1.0,0.5242290748898678,True,False,47,1,1,1.5686274509803921,1.0,0,0.22461170848267623,True,0.7579617834394905
2024-10-07,7am,retest,short,-1.0,False,38.0,0.2631578947368421,1.0,False,0.6578947368421053,1.2773109243697478,True,False,9,54,1,,24.75,0,0.2867383512544803,True,0.7855297157622739
2024-10-07,7am,failure,short,-1.0,False,38.0,0.2631578947368421,1.0,False,0.6578947368421053,1.2773109243697478,True,False,8,1,1,,2.5,0,0.2867383512544803,True,0.7855297157622739
2024-10-08,6am,retest,short,1.3,True,40.5,0.4074074074074074,1.0,False,0.8765432098765432,0.5644599303135889,True,False,33,4,1,2.3321234119782215,6.0,1,1.0266666666666666,False,1.0728476821192052
2024-10-08,6am,failure,short,1.3,True,40.5,0.4074074074074074,1.0,False,0.8765432098765432,0.5644599303135889,True,False,5,1,3,,2.0,1,1.0266666666666666,False,1.0728476821192052
2024-10-08,7am,retest,long,-1.0,False,31.5,0.15873015873015872,1.0,False,0.8095238095238095,0.7777777777777778,False,True,21,1,1,1.6208975217682517,3.0,1,0.10933333333333334,True,0.6511627906976745
2024-10-08,7am,failure,short,1.3,True,31.5,0.15873015873015872,1.0,False,0.8095238095238095,0.7777777777777778,True,False,1,1,1,,3.0,1,1.0586666666666666,False,0.6511627906976745
2024-10-08,7am,failure,long,-1.0,False,31.5,0.15873015873015872,1.0,False,0.8095238095238095,0.7777777777777778,False,True,20,1,1,1.379310344827586,1.25,1,0.10933333333333334,True,0.6511627906976745
2024-10-09,6am,retest,short,1.3,True,38.0,0.506578947368421,1.0,False,0.3618421052631579,1.4074074074074074,True,True,136,11,1,2.39242005527043,7.75,2,0.9603960396039604,True,1.0066225165562914
2024-10-09,6am,retest,long,1.3,True,38.0,0.506578947368421,1.0,False,0.3618421052631579,1.4074074074074074,False,False,58,1,3,4.228827818283791,1.0,2,0.4158415841584158,False,1.0066225165562914
2024-10-09,6am,failure,short,1.3,True,38.0,0.506578947368421,1.0,False,0.3618421052631579,1.4074074074074074,True,True,127,1,4,1.8928901200369346,1.75,2,0.9603960396039604,True,1.0066225165562914
2024-10-09,7am,retest,short,1.3,True,37.5,0.6333333333333333,-1.0,False,0.9733333333333334,0.9868421052631579,False,True,69,1,1,0.853059401518535,1.0,2,0.9455445544554455,True,0.783289817232376
2024-10-09,7am,failure,short,1.3,True,37.5,0.6333333333333333,-1.0,False,0.9733333333333334,0.9868421052631579,False,True,66,1,1,2.6091059212078322,1.5,2,0.9455445544554455,True,0.783289817232376
2024-10-10,6am,retest,short,-1.0,False,26.25,0.819047619047619,-1.0,False,0.9714285714285714,0.9722222222222222,False,True,54,2,1,1.541882876204596,3.75,3,0.4139194139194139,True,0.695364238410596
2024-10-10,6am,retest,long,1.3,True,26.25,0.819047619047619,-1.0,False,0.9714285714285714,0.9722222222222222,True,False,0,1,2,,0.5,3,0.9706959706959707,False,0.695364238410596
2024-10-10,7am,retest,short,-1.0,False,38.5,0.7337662337662337,1.0,False,0.6818181818181818,1.4666666666666666,True,False,3,17,2,,13.0,3,0.4981684981684982,True,0.8825214899713467
2024-10-10,7am,retest,long,-1.0,False,38.5,0.7337662337662337,1.0,False,0.6818181818181818,1.4666666666666666,False,True,30,1,1,26.146520146520146,43.25,3,1.065934065934066,False,0.8825214899713467
2024-10-11,6am,retest,short,-1.0,False,30.5,0.4344262295081967,1.0,False,0.7786885245901639,1.150943396226415,True,False,69,13,1,4.77656405163853,11.75,4,0.31291028446389496,True,0.8079470198675497
2024-10-15,6am,retest,short,-1.0,False,43.25,0.5433526011560693,1.0,False,0.28901734104046245,1.8404255319148937,True,False,67,2,1,1.7458866544789762,2.0,1,0.7572815533980582,True,1.1456953642384107
2024-10-15,7am,retest,short,1.3,True,26.75,0.16822429906542055,1.0,True,1.0,0.6184971098265896,True,False,7,3,5,,3.25,1,0.7411003236245954,True,0.6858974358974359
2024-10-16,6am,retest,short,1.3,True,19.75,0.12658227848101267,-1.0,False,0.9113924050632911,0.6124031007751938,False,False,10,54,1,3.605220228384992,17.25,2,0.6783783783783783,False,0.5197368421052632
2024-10-16,6am,retest,long,-1.0,False,19.75,0.12658227848101267,-1.0,False,0.9113924050632911,0.6124031007751938,True,True,98,1,1,1.66177908113392,2.0,2,0.5351351351351351,True,0.5197368421052632
2024-10-16,6am,failure,short,-1.0,False,19.75,0.12658227848101267,-1.0,False,0.9113924050632911,0.6124031007751938,False,False,9,1,1,,0.75,2,0.6783783783783783,False,0.5197368421052632
2024-10-16,7am,retest,long,-1.0,False,29.25,0.3418803418803419,1.0,False,0.41025641025641024,1.481012658227848,False,False,20,2,1,1.140625,4.75,2,0.45135135135135135,True,0.7647058823529411
2024-10-17,6am,retest,short,-1.0,False,49.25,0.7918781725888325,1.0,False,0.40609137055837563,1.2085889570552146,True,False,96,4,2,1.3168991242296464,7.5,3,1.1270358306188926,False,1.304635761589404
2024-10-17,7am,retest,short,1.3,True,23.75,0.4421052631578947,-1.0,True,1.0,0.48223350253807107,False,False,15,5,1,1.6454081632653061,9.0,3,1.0944625407166124,False,0.625
2024-10-17,7am,failure,short,1.3,True,23.75,0.4421052631578947,-1.0,True,1.0,0.48223350253807107,False,False,13,1,1,1.2604347826086957,0.75,3,1.0944625407166124,False,0.625
2024-10-18,6am,retest,short,-1.0,False,32.0,0.5703125,1.0,False,0.84375,0.8258064516129032,True,False,2,1,9,,1.25,4,0.8811544991511036,False,0.8421052631578947
2024-10-18,7am,retest,short,-1.0,False,43.0,0.47093023255813954,1.0,False,0.31976744186046513,1.34375,True,False,33,2,1,1.2067260138476756,3.5,4,1.0797962648556876,False,1.131578947368421
2024-10-18,7am,failure,short,-1.0,False,43.0,0.47093023255813954,1.0,False,0.31976744186046513,1.34375,True,False,31,1,1,3.2464454976303316,3.25,4,1.0797962648556876,False,1.131578947368421
2024-10-21,6am,retest,long,-1.0,False,62.0,0.8629032258064516,-1.0,False,0.5967741935483871,0.9959839357429718,True,False,0,1,9,,6.75,0,1.1901140684410647,False,1.631578947368421
2024-10-21,7am,retest,short,-1.0,False,39.0,0.32051282051282054,-1.0,False,0.33974358974358976,0.6290322580645161,False,False,15,1,2,2.7394957983193278,1.0,0,-0.08935361216730038,True,1.0196078431372548
2024-10-22,6am,retest,short,-1.0,False,35.5,0.323943661971831,1.0,True,1.0,0.6016949152542372,True,False,18,28,7,0.9665961945031712,22.25,1,0.2139673105497771,True,0.9044585987261147
2024-10-22,6am,retest,long,-1.0,False,35.5,0.323943661971831,1.0,True,1.0,0.6016949152542372,False,True,103,1,1,4.973297730307076,10.0,1,0.9970282317979198,False,0.9044585987261147
2024-10-22,6am,failure,short,-1.0,False,35.5,0.323943661971831,1.0,True,1.0,0.6016949152542372,True,False,8,1,5,,1.0,1,0.2139673105497771,True,0.9044585987261147
2024-10-22,7am,retest,short,1.3,True,36.75,0.35374149659863946,1.0,False,0.3945578231292517,1.0352112676056338,True,False,6,6,1,,9.75,1,0.3462109955423477,True,0.9607843137254902
2024-10-22,7am,retest,long,1.3,True,36.75,0.35374149659863946,1.0,False,0.3945578231292517,1.0352112676056338,False,True,37,45,1,1.9806338028169015,37.0,1,0.8722139673105498,False,0.9607843137254902
2024-10-22,7am,failure,long,-1.0,False,36.75,0.35374149659863946,1.0,False,0.3945578231292517,1.0352112676056338,False,True,35,1,1,2.0046511627906978,3.0,1,0.8722139673105498,False,0.9607843137254902
2024-10-23,6am,retest,short,1.3,True,37.25,0.7114093959731543,-1.0,False,0.3288590604026846,1.1550387596899225,False,False,78,2,5,3.974514563106796,8.0,2,0.17753623188405798,True,0.9867549668874173
2024-10-23,6am,retest,long,-1.0,False,37.25,0.7114093959731543,-1.0,False,0.3288590604026846,1.1550387596899225,True,True,100,2,11,2.5774877650897223,5.0,2,1.3623188405797102,False,0.9867549668874173
2024-10-23,7am,retest,short,1.3,True,31.0,0.4596774193548387,1.0,True,1.0,0.8322147651006712,True,False,18,2,1,3.8466557911908645,9.0,2,0.16304347826086957,True,0.8157894736842105
2024-10-23,7am,retest,long,-1.0,False,31.0,0.4596774193548387,1.0,True,1.0,0.8322147651006712,False,True,40,3,1,2.5774877650897223,10.25,2,1.286231884057971,False,0.8157894736842105
2024-10-23,7am,failure,long,-1.0,False,31.0,0.4596774193548387,1.0,True,1.0,0.8322147651006712,False,True,38,1,1,0.889950075971348,0.5,2,1.286231884057971,False,0.8157894736842105
2024-10-24,6am,failure,long,-1.0,False,24.75,0.04040404040404041,1.0,False,0.5555555555555556,1.2073170731707317,False,True,147,1,1,2.92060160895418,0.25,3,0.23925233644859814,True,0.6556291390728477
2024-10-24,7am,failure,short,1.3,True,49.5,0.7373737373737373,1.0,False,0.4898989898989899,2.0,True,False,30,1,5,13.783651492902594,8.75,3,1.1345794392523365,False,1.3026315789473684
2024-10-24,7am,failure,long,-1.0,False,49.5,0.7373737373737373,1.0,False,0.4898989898989899,2.0,False,True,87,1,1,2.92060160895418,0.75,3,0.23551401869158878,True,1.3026315789473684
2024-10-25,6am,retest,short,-1.0,False,18.0,0.25,-1.0,True,1.0,0.6728971962616822,False,True,45,6,2,13.11634349030471,13.0,4,0.9785932721712538,False,0.4816053511705686
2024-10-25,6am,retest,long,1.3,True,18.0,0.25,-1.0,True,1.0,0.6728971962616822,True,False,1,29,2,,16.0,4,0.2415902140672783,True,0.4816053511705686
2024-10-25,6am,failure,long,-1.0,False,18.0,0.25,-1.0,True,1.0,0.6728971962616822,True,False,0,1,1,,1.5,4,0.2415902140672783,True,0.4816053511705686
2024-10-25,7am,retest,short,-1.0,False,47.0,0.3404255319148936,1.0,False,0.3829787234042553,2.611111111111111,True,False,6,15,1,,17.0,4,1.1376146788990826,False,1.2287581699346406
2024-10-28,6am,retest,long,-1.0,False,47.5,0.7684210526315789,-1.0,False,0.6842105263157895,1.4615384615384615,True,False,0,7,1,,17.25,0,0.2857142857142857,True,1.2709030100334449
2024-10-28,7am,retest,short,-1.0,False,29.0,0.46551724137931033,-1.0,False,0.35344827586206895,0.6105263157894737,False,True,39,33,1,0.6275877097406842,26.5,0,0.7848537005163512,False,0.7581699346405228
2024-10-28,7am,retest,long,-1.0,False,29.0,0.46551724137931033,-1.0,False,0.35344827586206895,0.6105263157894737,True,False,2,13,1,,29.5,0,0.41480206540447506,True,0.7581699346405228
2024-10-28,7am,failure,short,-1.0,False,29.0,0.46551724137931033,-1.0,False,0.35344827586206895,0.6105263157894737,False,True,38,1,1,1.3209631102275239,2.5,0,0.7848537005163512,False,0.7581699346405228
2024-10-29,6am,retest,long,1.3,True,30.0,0.14166666666666666,-1.0,False,0.9833333333333333,0.7843137254901961,True,False,9,1,1,,4.25,1,0.6168674698795181,True,0.7973421926910299
2024-10-29,7am,retest,long,1.3,True,35.0,0.5428571428571428,-1.0,False,0.7571428571428571,1.1666666666666667,True,False,10,4,7,5.772646536412078,21.25,1,0.6987951807228916,False,0.9271523178807947
2024-10-30,6am,retest,short,1.3,True,21.25,0.1411764705882353,1.0,True,1.0,0.5089820359281437,True,False,11,17,1,1.8692070030895984,15.0,2,0.43023255813953487,True,0.5782312925170068
2024-10-30,6am,retest,long,-1.0,False,21.25,0.1411764705882353,1.0,True,1.0,0.5089820359281437,False,True,50,4,1,2.4977127172918574,5.0,2,0.8168604651162791,False,0.5782312925170068
2024-10-31,6am,retest,short,-1.0,False,51.0,0.38235294117647056,1.0,False,0.5147058823529411,1.9428571428571428,True,False,0,36,1,,27.25,3,0.2718562874251497,True,1.402061855670103
2024-10-31,7am,retest,short,-1.0,False,52.75,0.985781990521327,1.0,False,0.05687203791469194,1.0343137254901962,True,False,7,1,5,,0.5,3,0.5101796407185629,True,1.3973509933774835
2024-10-31,7am,failure,short,-1.0,False,52.75,0.985781990521327,1.0,False,0.05687203791469194,1.0343137254901962,True,False,0,1,5,,0.25,3,0.5101796407185629,True,1.3973509933774835
2024-11-01,6am,retest,short,1.3,True,32.5,0.5153846153846153,1.0,False,0.7461538461538462,1.2871287128712872,True,False,35,1,1,3.474747474747475,3.5,4,0.9431818181818182,False,0.8934707903780069
2024-11-01,7am,retest,short,1.3,True,39.0,0.09615384615384616,-1.0,False,0.717948717948718,1.2,False,True,32,1,1,4.695582968563469,3.25,4,1.0431818181818182,False,1.0196078431372548
2024-11-01,7am,retest,long,-1.0,False,39.0,0.09615384615384616,-1.0,False,0.717948717948718,1.2,True,True,65,1,5,2.090566953988102,10.0,4,0.31136363636363634,True,1.0196078431372548
2024-11-04,6am,retest,long,-1.0,False,36.0,0.4513888888888889,-1.0,True,1.0,0.7539267015706806,True,False,15,1,1,2.1776814734561216,5.5,0,0.45646067415730335,True,1.0588235294117647
2024-11-04,7am,retest,long,-1.0,False,93.5,0.16310160427807488,-1.0,False,0.2887700534759358,2.5972222222222223,True,False,85,1,1,5.69125852448853,13.75,0,0.8300561797752809,True,2.4444444444444446
2024-11-05,6am,retest,long,1.3,True,28.0,0.4107142857142857,1.0,False,0.23214285714285715,0.7567567567567568,False,False,22,28,1,1.829896907216495,17.5,1,0.18962075848303392,True,0.8235294117647058
2024-11-06,6am,retest,short,-1.0,False,111.75,0.7024608501118568,-1.0,False,0.12080536912751678,2.212871287128713,False,False,45,3,2,1.6902204635387224,13.25,2,0.9031269160024524,False,3.286764705882353
2024-11-06,7am,retest,short,1.3,True,110.0,0.7022727272727273,1.0,False,0.8409090909090909,0.9843400447427293,True,False,32,3,1,1.1306042884990253,9.25,2,0.9460453709380748,False,2.8758169934640523
2024-11-06,7am,failure,short,1.3,True,110.0,0.7022727272727273,1.0,False,0.8409090909090909,0.9843400447427293,True,False,22,1,10,3.0860263996358674,2.75,2,0.9460453709380748,False,2.8758169934640523
2024-11-07,6am,failure,short,-1.0,False,22.25,0.033707865168539325,-1.0,False,0.6179775280898876,1.141025641025641,False,False,0,1,1,,1.0,3,0.8090692124105012,False,0.6544117647058824
2024-11-07,7am,retest,short,1.3,True,36.5,0.6643835616438356,1.0,False,0.14383561643835616,1.6404494382022472,True,False,4,21,2,,21.75,3,1.107398568019093,False,0.954248366013072
2024-11-08,6am,retest,short,-1.0,False,45.25,0.39226519337016574,1.0,False,0.8121546961325967,0.4763157894736842,True,False,4,1,1,,4.25,4,0.27631578947368424,True,1.4031007751937985
2024-11-08,7am,retest,short,1.3,True,31.0,0.6774193548387096,1.0,False,0.2903225806451613,0.6850828729281768,True,False,4,3,1,,6.0,4,0.4417293233082707,True,0.8211920529801324
2024-11-08,7am,failure,long,1.3,True,31.0,0.6774193548387096,1.0,False,0.2903225806451613,0.6850828729281768,False,True,42,1,19,3.2461677186654643,1.0,4,0.7913533834586466,False,0.8211920529801324
2024-11-11,6am,retest,short,-1.0,False,23.0,0.5652173913043478,1.0,False,0.8369565217391305,0.7301587301587301,True,False,2,109,1,,49.75,0,0.5637583892617449,False,0.6764705882352942
2024-11-11,6am,failure,short,-1.0,False,23.0,0.5652173913043478,1.0,False,0.8369565217391305,0.7301587301587301,True,False,1,1,1,,1.0,0,0.5637583892617449,False,0.6764705882352942
2024-11-11,7am,retest,short,1.3,True,50.25,0.8109452736318408,1.0,False,0.11442786069651742,2.1847826086956523,True,False,3,1,1,,2.75,0,1.1610738255033557,False,1.3535353535353536
2024-11-11,7am,retest,long,-1.0,False,50.25,0.8109452736318408,1.0,False,0.11442786069651742,2.1847826086956523,False,True,73,1,2,1.8101545253863136,2.25,0,0.5134228187919463,True,1.3535353535353536
2024-11-11,7am,failure,short,1.3,True,50.25,0.8109452736318408,1.0,False,0.11442786069651742,2.1847826086956523,True,False,2,1,1,,5.25,0,1.1610738255033557,False,1.3535353535353536
2024-11-12,6am,retest,short,1.3,True,26.5,0.3584905660377358,1.0,False,0.6698113207547169,0.4669603524229075,True,False,4,15,1,,13.5,1,0.5413223140495868,True,0.7794117647058824
2024-11-12,6am,failure,short,-1.0,False,26.5,0.3584905660377358,1.0,False,0.6698113207547169,0.4669603524229075,True,False,0,1,1,,2.0,1,0.5413223140495868,True,0.7794117647058824
2024-11-12,7am,retest,short,-1.0,False,36.25,0.42758620689655175,1.0,False,0.4896551724137931,1.3679245283018868,True,False,21,3,3,2.8830874006810445,6.75,1,0.6942148760330579,True,0.9539473684210527
2024-11-14,6am,retest,long,1.3,True,21.0,0.7023809523809523,1.0,True,1.0,0.60431654676259,False,True,56,5,4,1.2675266404935501,7.5,3,0.3075,True,0.6511627906976745
2024-11-14,6am,failure,short,1.3,True,21.0,0.7023809523809523,1.0,True,1.0,0.60431654676259,True,False,0,1,1,,2.5,3,0.9025,False,0.6511627906976745
2024-11-14,6am,failure,long,1.3,True,21.0,0.7023809523809523,1.0,True,1.0,0.60431654676259,False,True,54,1,1,1.7998815867377145,1.0,3,0.3075,True,0.6511627906976745
2024-11-14,7am,retest,long,-1.0,False,30.25,0.743801652892562,-1.0,False,0.6942148760330579,1.4404761904761905,True,False,31,12,1,8.768402154398563,40.0,3,0.375,False,0.8039867109634552
2024-11-15,6am,retest,short,1.3,True,31.75,0.5590551181102362,1.0,False,0.2283464566929134,1.27,True,False,6,6,1,,8.75,4,0.3324432576769025,True,0.9844961240310077
2024-11-15,6am,retest,long,-1.0,False,31.75,0.5590551181102362,1.0,False,0.2283464566929134,1.27,False,True,91,12,1,1.5213018833424758,21.75,4,0.8371161548731643,False,0.9844961240310077
2024-11-15,6am,failure,long,-1.0,False,31.75,0.5590551181102362,1.0,False,0.2283464566929134,1.27,False,True,90,1,1,9.499736703528173,24.75,4,0.8371161548731643,False,0.9844961240310077
2024-11-15,7am,retest,long,-1.0,False,31.25,0.608,1.0,False,0.664,0.984251968503937,False,False,19,2,1,2.3686811098441654,3.75,4,0.7783711615487316,False,0.8532423208191127
2024-11-18,7am,retest,short,1.3,True,33.25,0.43609022556390975,-1.0,False,0.924812030075188,0.8926174496644296,False,True,77,1,6,1.4126186487995533,3.25,0,0.5939226519337016,False,0.9078498293515358
2024-11-18,7am,retest,long,1.3,True,33.25,0.43609022556390975,-1.0,False,0.924812030075188,0.8926174496644296,True,False,3,39,1,,68.75,0,0.5897790055248618,True,0.9078498293515358
2024-11-18,7am,failure,short,1.3,True,33.25,0.43609022556390975,-1.0,False,0.924812030075188,0.8926174496644296,False,True,76,1,1,0.6655800054333061,0.25,0,0.5939226519337016,False,0.9078498293515358
2024-11-18,7am,failure,long,-1.0,False,33.25,0.43609022556390975,-1.0,False,0.924812030075188,0.8926174496644296,True,False,2,1,1,,0.25,0,0.5897790055248618,True,0.9078498293515358
2024-11-19,6am,retest,short,1.3,True,50.75,0.019704433497536946,1.0,True,1.0,0.7898832684824902,True,False,3,73,2,,35.75,1,0.46511627906976744,True,1.592156862745098
2024-11-19,6am,failure,short,-1.0,False,50.75,0.019704433497536946,1.0,True,1.0,0.7898832684824902,True,False,2,1,1,,1.5,1,0.46511627906976744,True,1.592156862745098
2024-11-19,7am,failure,long,-1.0,False,46.5,0.7096774193548387,1.0,False,0.23118279569892472,0.916256157635468,False,False,17,1,1,2.545785123966942,1.5,1,0.587515299877601,False,1.2696245733788396
2024-11-20,6am,retest,short,-1.0,False,33.25,0.3533834586466165,1.0,False,0.8571428571428571,0.7150537634408602,True,False,2,6,1,,10.0,2,0.5806451612903226,False,1.0350194552529184
2024-11-20,6am,retest,long,-1.0,False,33.25,0.3533834586466165,1.0,False,0.8571428571428571,0.7150537634408602,False,True,132,1,1,2.0590461771385313,3.75,2,0.7768817204301075,True,1.0350194552529184
2024-11-20,7am,retest,short,1.3,True,34.75,0.7482014388489209,1.0,False,0.45323741007194246,1.0451127819548873,True,False,3,5,10,,6.75,2,0.7849462365591398,False,0.9174917491749175
2024-11-20,7am,failure,short,1.3,True,34.75,0.7482014388489209,1.0,False,0.45323741007194246,1.0451127819548873,True,False,0,1,1,,2.75,2,0.7849462365591398,False,0.9174917491749175
2024-11-20,7am,failure,long,-1.0,False,34.75,0.7482014388489209,1.0,False,0.45323741007194246,1.0451127819548873,False,True,49,1,1,1.2873563218390804,1.5,2,0.5887096774193549,True,0.9174917491749175
2024-11-22,6am,retest,short,-1.0,False,53.5,0.5560747663551402,1.0,False,0.7242990654205608,0.8045112781954887,True,False,0,5,1,,12.25,4,0.5371900826446281,True,1.6653696498054475
2024-11-25,6am,retest,long,-1.0,False,17.5,0.8,-1.0,True,1.0,0.9459459459459459,True,False,1,2,1,,5.25,0,0.3444976076555024,True,0.5447470817120622
2024-11-25,7am,failure,long,1.3,True,29.25,0.3333333333333333,-1.0,False,0.3504273504273504,1.6714285714285715,True,False,15,1,1,1.569767441860465,0.75,0,0.7081339712918661,True,0.7986348122866894
2024-11-26,6am,retest,short,-1.0,False,66.25,0.6716981132075471,1.0,False,0.3849056603773585,1.497175141242938,True,False,7,1,2,,2.0,1,1.072829131652661,False,2.145748987854251
2024-11-26,6am,failure,short,-1.0,False,66.25,0.6716981132075471,1.0,False,0.3849056603773585,1.497175141242938,True,False,5,1,2,,1.5,1,1.072829131652661,False,2.145748987854251
2024-11-26,7am,retest,long,1.3,True,28.5,0.2807017543859649,1.0,False,0.7017543859649122,0.43018867924528303,False,False,13,1,1,0.507604994324631,4.75,1,0.0392156862745098,True,0.7835051546391752
2024-11-27,6am,retest,short,-1.0,False,33.5,0.13432835820895522,-1.0,False,0.8656716417910447,1.1452991452991452,False,False,21,4,9,1.2047012732615083,5.5,2,0.3006535947712418,True,1.0428015564202335
2024-11-27,7am,retest,short,1.3,True,34.5,0.38405797101449274,1.0,False,0.644927536231884,1.0298507462686568,True,False,9,25,2,,19.75,2,0.4074074074074074,True,0.968421052631579
2024-11-27,7am,failure,short,-1.0,False,34.5,0.38405797101449274,1.0,False,0.644927536231884,1.0298507462686568,True,False,6,1,1,,4.0,2,0.4074074074074074,True,0.968421052631579
2024-11-28,6am,retest,short,-1.0,False,15.25,0.14754098360655737,1.0,False,0.6721311475409836,1.4878048780487805,True,False,18,3,2,1.738197424892704,2.0,3,0.900398406374502,False,0.46387832699619774
2024-11-28,6am,failure,short,-1.0,False,15.25,0.14754098360655737,1.0,False,0.6721311475409836,1.4878048780487805,True,False,0,1,11,,0.5,3,0.900398406374502,False,0.46387832699619774
2024-11-28,7am,retest,short,1.3,True,16.75,0.6567164179104478,1.0,False,0.29850746268656714,1.098360655737705,True,True,43,1,1,2.7982832618025753,1.5,3,1.0876494023904382,False,0.47017543859649125
2024-11-29,6am,retest,long,-1.0,False,20.0,0.5375,-1.0,False,0.725,0.7017543859649122,True,False,8,1,2,,4.0,4,0.5456521739130434,False,0.622568093385214
2024-11-29,7am,failure,long,-1.0,False,44.5,0.5955056179775281,-1.0,False,0.2640449438202247,2.225,True,False,16,1,12,3.9632183908045975,0.5,4,0.8304347826086956,False,1.2759856630824373
2024-12-02,7am,retest,short,-1.0,False,46.5,0.8225806451612904,1.0,False,0.0967741935483871,2.066666666666667,True,False,6,1,1,,3.25,0,1.125,False,1.3333333333333333
2024-12-03,7am,failure,short,1.3,True,34.25,0.014598540145985401,-1.0,False,0.7153284671532847,1.3838383838383839,False,False,47,1,1,3.1629532546963737,2.75,1,0.4666666666666667,True,0.9614035087719298
2024-12-04,6am,retest,short,-1.0,False,28.25,0.415929203539823,1.0,False,0.46017699115044247,1.0560747663551402,True,False,82,1,4,3.0376460406750327,2.5,2,1.1421911421911422,False,0.8793774319066148
2024-12-04,7am,retest,short,1.3,True,19.0,0.39473684210526316,-1.0,True,1.0,0.672566371681416,False,False,22,2,2,3.0376460406750327,5.0,2,1.1282051282051282,False,0.5352112676056338
2024-12-04,7am,failure,short,1.3,True,19.0,0.39473684210526316,-1.0,True,1.0,0.672566371681416,False,False,16,1,3,1.5633187772925765,0.25,2,1.1282051282051282,False,0.5352112676056338
2024-12-05,6am,retest,short,-1.0,False,20.75,0.5783132530120482,1.0,False,0.7469879518072289,1.2028985507246377,True,False,5,4,1,,2.25,3,0.9640287769784173,False,0.6459143968871596
2024-12-05,6am,failure,short,-1.0,False,20.75,0.5783132530120482,1.0,False,0.7469879518072289,1.2028985507246377,True,False,1,1,1,,3.0,3,0.9640287769784173,False,0.6459143968871596
2024-12-05,7am,retest,long,-1.0,False,21.25,0.9176470588235294,1.0,False,0.2823529411764706,1.0240963855421688,False,False,46,1,1,1.2162581445857896,1.25,3,0.20863309352517986,True,0.6137184115523465
2024-12-05,7am,failure,long,-1.0,False,21.25,0.9176470588235294,1.0,False,0.2823529411764706,1.0240963855421688,False,False,45,1,1,1.6699539776462855,0.75,3,0.20863309352517986,True,0.6137184115523465
2024-12-06,7am,failure,short,1.3,True,28.5,0.5964912280701754,1.0,False,0.24561403508771928,1.4805194805194806,True,False,5,1,1,,1.25,4,0.8546099290780141,False,0.8290909090909091
2024-12-09,6am,retest,short,1.3,True,41.5,0.018072289156626505,1.0,False,0.37349397590361444,1.66,True,False,107,2,9,1.7622483858716294,3.5,0,0.16445623342175067,True,1.3833333333333333
2024-12-09,6am,failure,short,1.3,True,41.5,0.018072289156626505,1.0,False,0.37349397590361444,1.66,True,False,34,1,1,2.736077481840194,2.5,0,0.16445623342175067,True,1.3833333333333333
2024-12-09,7am,retest,short,1.3,True,22.0,0.48863636363636365,1.0,False,0.8863636363636364,0.5301204819277109,True,False,81,1,1,2.5641025641025643,2.25,0,0.1909814323607427,True,0.6518518518518519
2024-12-09,7am,failure,short,1.3,True,22.0,0.48863636363636365,1.0,False,0.8863636363636364,0.5301204819277109,True,False,47,1,1,1.7622483858716294,1.0,0,0.1909814323607427,True,0.6518518518518519
2024-12-10,6am,retest,short,1.3,True,27.75,0.6846846846846847,1.0,False,0.2882882882882883,0.7115384615384616,True,False,21,65,1,3.358547655068079,20.5,1,1.3969849246231156,False,0.925
2024-12-10,7am,retest,long,-1.0,False,28.75,0.6086956521739131,1.0,False,0.3826086956521739,1.0360360360360361,False,True,36,1,1,1.5992812219227315,3.75,1,-0.17587939698492464,True,0.8914728682170543
2024-12-10,7am,failure,short,1.3,True,28.75,0.6086956521739131,1.0,False,0.3826086956521739,1.0360360360360361,True,False,12,1,1,1.3887884267631103,1.0,1,1.7537688442211055,False,0.8914728682170543
2024-12-10,7am,failure,long,-1.0,False,28.75,0.6086956521739131,1.0,False,0.3826086956521739,1.0360360360360361,False,True,35,1,1,2.355828220858896,2.0,1,-0.17587939698492464,True,0.8914728682170543
2024-12-11,6am,retest,long,-1.0,False,19.5,0.2948717948717949,-1.0,False,0.7051282051282052,1.0684931506849316,True,False,1,1,1,,2.75,2,0.3251231527093596,True,0.6933333333333334
2024-12-11,7am,failure,short,-1.0,False,17.0,0.29411764705882354,-1.0,False,0.5,0.8717948717948718,False,False,5,1,1,,0.5,2,0.8423645320197044,False,0.5461847389558233
2024-12-12,6am,retest,long,-1.0,False,28.0,0.6875,-1.0,False,0.6875,1.4545454545454546,True,False,4,1,12,,3.5,3,1.1508379888268156,False,1.0
2024-12-12,7am,failure,long,1.3,True,39.0,0.5897435897435898,-1.0,False,0.28205128205128205,1.3928571428571428,True,False,1,1,1,,2.75,3,1.776536312849162,False,1.2682926829268293
2024-12-13,6am,retest,short,-1.0,False,19.0,0.18421052631578946,-1.0,False,0.7368421052631579,1.0133333333333334,False,True,9,115,1,,39.25,4,1.0492610837438423,False,0.6816143497757847
2024-12-13,6am,failure,short,-1.0,False,19.0,0.18421052631578946,-1.0,False,0.7368421052631579,1.0133333333333334,False,True,8,1,1,,0.25,4,1.0492610837438423,False,0.6816143497757847
2024-12-13,7am,retest,short,1.3,True,55.0,0.7954545454545454,1.0,False,0.34545454545454546,2.8947368421052633,True,False,0,2,3,,7.5,4,1.3620689655172413,False,1.7886178861788617
2024-12-13,7am,failure,long,1.3,True,55.0,0.7954545454545454,1.0,False,0.34545454545454546,2.8947368421052633,False,True,85,1,1,3.0213961530149125,5.75,4,0.17980295566502463,True,1.7886178861788617
2024-12-16,6am,failure,short,-1.0,False,26.75,0.06542056074766354,-1.0,False,0.6448598130841121,1.3896103896103895,False,False,2,1,1,,0.25,0,0.9808612440191388,False,0.9596412556053812
2024-12-16,7am,retest,short,-1.0,False,29.25,0.46153846153846156,1.0,False,0.3504273504273504,1.0934579439252337,True,False,13,2,1,2.1872455902306647,3.25,0,1.1626794258373205,False,0.9512195121951219
2024-12-17,7am,retest,long,-1.0,False,50.0,0.8,-1.0,False,0.475,0.9852216748768473,True,False,1,21,3,,25.0,1,0.20753323485967504,True,1.6528925619834711
2024-12-17,7am,failure,long,-1.0,False,50.0,0.8,-1.0,False,0.475,0.9852216748768473,True,False,0,1,1,,1.75,1,0.20753323485967504,True,1.6528925619834711
2024-12-18,6am,retest,long,-1.0,False,24.75,0.09090909090909091,1.0,False,0.6464646464646465,0.853448275862069,False,True,78,6,6,1.5644820295983088,6.0,2,0.0943952802359882,True,0.908256880733945
2024-12-18,6am,failure,short,1.3,True,24.75,0.09090909090909091,1.0,False,0.6464646464646465,0.853448275862069,True,False,17,1,1,2.1935483870967745,1.0,2,1.051622418879056,False,0.908256880733945
2024-12-18,6am,failure,long,-1.0,False,24.75,0.09090909090909091,1.0,False,0.6464646464646465,0.853448275862069,False,True,77,1,1,1.1795961742826782,0.5,2,0.0943952802359882,True,0.908256880733945
2024-12-18,7am,retest,long,-1.0,False,25.75,0.27184466019417475,1.0,False,0.8640776699029126,1.0404040404040404,False,False,16,9,5,0.649746192893401,8.5,2,0.07964601769911504,True,0.824
2024-12-18,7am,failure,long,-1.0,False,25.75,0.27184466019417475,1.0,False,0.8640776699029126,1.0404040404040404,False,False,15,1,1,0.8977807666442501,1.25,2,0.07964601769911504,True,0.824
2024-12-19,6am,failure,short,-1.0,False,39.5,0.25949367088607594,1.0,False,0.6455696202531646,0.7022222222222222,True,False,0,1,2,,2.0,3,0.8353413654618473,False,1.4495412844036697
2024-12-19,7am,retest,short,1.3,True,109.0,0.9220183486238532,1.0,False,0.1536697247706422,2.759493670886076,True,False,1,3,10,,4.75,3,1.3293172690763053,False,3.7264957264957266
2024-12-20,6am,retest,long,-1.0,False,54.25,0.31336405529953915,-1.0,False,0.543778801843318,1.0333333333333334,True,False,2,3,1,,10.25,4,1.0742685671417855,False,1.946188340807175
2024-12-20,7am,retest,short,-1.0,False,97.25,0.12082262210796915,1.0,False,0.3341902313624679,1.792626728110599,True,False,4,1,5,,8.75,4,0.023255813953488372,True,3.324786324786325
2024-12-20,7am,failure,short,-1.0,False,97.25,0.12082262210796915,1.0,False,0.3341902313624679,1.792626728110599,True,False,0,1,1,,1.0,4,0.023255813953488372,True,3.324786324786325
2024-12-23,6am,retest,long,-1.0,False,56.5,0.5353982300884956,-1.0,False,0.2920353982300885,0.846441947565543,True,True,100,1,1,2.62137648941846,4.0,0,0.9588068181818182,True,2.008888888888889
2024-12-23,6am,failure,short,-1.0,False,56.5,0.5353982300884956,-1.0,False,0.2920353982300885,0.846441947565543,False,False,13,1,1,1.303430079155673,2.0,0,0.3622159090909091,False,2.008888888888889
2024-12-23,7am,retest,long,1.3,True,77.0,0.9772727272727273,1.0,False,0.4577922077922078,1.3628318584070795,False,True,38,26,1,1.6104720349067831,50.0,0,0.8380681818181818,True,2.6324786324786325
2024-12-23,7am,failure,long,-1.0,False,77.0,0.9772727272727273,1.0,False,0.4577922077922078,1.3628318584070795,False,True,37,1,1,2.3203463203463204,2.25,0,0.8380681818181818,True,2.6324786324786325
2024-12-24,6am,retest,short,-1.0,False,39.75,0.3584905660377358,-1.0,False,0.7044025157232704,1.325,False,False,91,1,1,3.6424282855236823,5.0,1,0.9795918367346939,False,1.4133333333333333
2024-12-26,6am,retest,short,1.3,True,46.75,0.5828877005347594,1.0,False,0.6149732620320856,0.9033816425120773,True,False,0,10,2,,11.0,3,0.32142857142857145,True,1.6622222222222223
2024-12-27,6am,retest,long,-1.0,False,23.5,0.3404255319148936,1.0,False,0.5957446808510638,1.3428571428571427,False,True,85,1,5,2.287058823529412,1.5,4,0.8747152619589977,False,0.8355555555555556
2024-12-31,6am,retest,long,-1.0,False,42.25,0.08875739644970414,1.0,False,0.7810650887573964,1.2426470588235294,False,True,55,20,1,2.56941566514712,41.0,1,0.20298507462686566,True,1.515695067264574
2024-12-31,7am,retest,long,1.3,True,64.5,0.5658914728682171,-1.0,False,0.6550387596899225,1.5266272189349113,True,False,1,9,10,,24.25,1,0.3029850746268657,True,2.031496062992126
2024-12-31,7am,failure,long,1.3,True,64.5,0.5658914728682171,-1.0,False,0.6550387596899225,1.5266272189349113,True,False,0,1,1,,2.25,1,0.3029850746268657,True,2.031496062992126
2025-01-02,6am,retest,short,1.3,True,99.5,0.7010050251256281,1.0,False,0.40703517587939697,1.9320388349514563,True,False,1,2,3,,8.5,3,1.1502890173410405,False,3.537777777777778
2025-01-02,6am,retest,long,-1.0,False,99.5,0.7010050251256281,1.0,False,0.40703517587939697,1.9320388349514563,False,True,123,3,1,3.077560318939629,35.5,3,0.17836498761354252,True,3.537777777777778
2025-01-02,6am,failure,long,-1.0,False,99.5,0.7010050251256281,1.0,False,0.40703517587939697,1.9320388349514563,False,True,121,1,1,4.655772836860434,3.5,3,0.17836498761354252,True,3.537777777777778
2025-01-02,7am,retest,long,1.3,True,76.75,0.2964169381107492,-1.0,False,0.7328990228013029,0.7713567839195979,True,False,25,2,3,1.627972027972028,5.0,3,0.03550784475639967,True,2.232727272727273
2025-01-02,7am,failure,long,1.3,True,76.75,0.2964169381107492,-1.0,False,0.7328990228013029,0.7713567839195979,True,False,20,1,1,2.7119681665136213,3.0,3,0.03550784475639967,True,2.232727272727273
2025-01-03,6am,retest,short,-1.0,False,33.25,0.2706766917293233,1.0,False,0.7669172932330827,0.726775956284153,True,True,63,15,5,3.052738336713996,15.5,4,0.7534722222222222,False,1.1822222222222223
2025-01-03,7am,failure,short,-1.0,False,38.0,0.1118421052631579,-1.0,False,0.7171052631578947,1.1428571428571428,False,False,1,1,1,,2.75,4,0.7118055555555556,False,1.0375426621160408
2025-01-06,6am,retest,short,1.3,True,103.0,0.5800970873786407,1.0,False,0.3713592233009709,2.69281045751634,True,False,46,7,37,2.9968847352024923,15.5,0,1.2406976744186047,False,3.6622222222222223
2025-01-06,7am,failure,long,1.3,True,49.5,0.10101010101010101,1.0,False,0.6868686868686869,0.48058252427184467,False,False,42,1,1,1.4779602420051858,0.25,0,-0.08255813953488372,True,1.2857142857142858
2025-01-07,6am,failure,long,1.3,True,51.0,0.6225490196078431,-1.0,False,0.9901960784313726,0.9444444444444444,True,False,1,1,1,,1.75,1,0.5600739371534196,False,1.6585365853658536
2025-01-07,7am,retest,short,-1.0,False,45.0,0.2,1.0,False,0.9611111111111111,0.8823529411764706,True,False,50,4,1,1.4943295530353569,5.5,1,0.7597042513863216,True,1.1688311688311688
2025-01-07,7am,failure,short,-1.0,False,45.0,0.2,1.0,False,0.9611111111111111,0.8823529411764706,True,False,49,1,1,2.809611829944547,0.25,1,0.7597042513863216,True,1.1688311688311688
2025-01-08,6am,retest,long,1.3,True,163.5,0.4847094801223242,-1.0,False,0.14678899082568808,6.742268041237113,True,False,19,19,1,2.547391248883786,63.0,2,1.5783132530120483,False,4.494845360824742
2025-01-08,7am,retest,short,1.3,True,145.5,0.738831615120275,-1.0,False,0.5670103092783505,0.8899082568807339,False,False,25,4,1,1.214999505293361,21.0,2,0.21686746987951808,True,3.779220779220779
2025-01-08,7am,failure,short,1.3,True,145.5,0.738831615120275,-1.0,False,0.5670103092783505,0.8899082568807339,False,False,24,1,1,2.1134340716207825,11.0,2,0.21686746987951808,True,3.779220779220779
2025-01-09,6am,retest,short,1.3,True,52.25,0.49760765550239233,-1.0,False,0.3588516746411483,2.13265306122449,False,False,96,4,2,1.6194331983805668,5.25,3,0.8568665377176016,True,1.3186119873817035
2025-01-09,6am,retest,long,1.3,True,52.25,0.49760765550239233,-1.0,False,0.3588516746411483,2.13265306122449,True,True,125,4,1,3.151041666666667,11.5,3,0.5473887814313346,False,1.3186119873817035
2025-01-09,6am,failure,short,1.3,True,52.25,0.49760765550239233,-1.0,False,0.3588516746411483,2.13265306122449,False,False,70,1,2,2.115482881962187,2.75,3,0.8568665377176016,True,1.3186119873817035
2025-01-09,7am,retest,short,-1.0,False,32.0,0.28125,1.0,True,1.0,0.6124401913875598,True,False,6,12,1,,13.75,3,0.7717601547388782,True,0.7619047619047619
2025-01-09,7am,retest,long,1.3,True,32.0,0.28125,1.0,True,1.0,0.6124401913875598,False,True,64,11,2,1.509047456469785,20.75,3,0.4758220502901354,False,0.7619047619047619
2025-01-09,7am,failure,long,-1.0,False,32.0,0.28125,1.0,True,1.0,0.6124401913875598,False,True,63,1,1,1.632068718682892,2.0,3,0.4758220502901354,False,0.7619047619047619
2025-01-10,6am,retest,long,-1.0,False,60.0,0.0125,-1.0,False,0.15,1.170731707317073,True,False,4,36,1,,55.5,4,0.10738255033557047,True,1.476923076923077
2025-01-10,6am,failure,long,-1.0,False,60.0,0.0125,-1.0,False,0.15,1.170731707317073,True,False,2,1,1,,3.75,4,0.10738255033557047,True,1.476923076923077
2025-01-14,7am,retest,short,-1.0,False,86.5,0.43641618497109824,-1.0,False,0.2774566473988439,1.4356846473029046,False,True,30,13,1,16.47562582345191,80.0,1,0.4190800681431005,True,2.0595238095238093
2025-01-14,7am,failure,long,1.3,True,86.5,0.43641618497109824,-1.0,False,0.2774566473988439,1.4356846473029046,True,False,15,1,5,2.5727032385988107,4.0,1,1.170357751277683,False,2.0595238095238093
2025-01-15,6am,failure,short,1.3,True,51.0,0.6323529411764706,1.0,False,0.14705882352941177,1.3333333333333333,True,False,9,1,1,,1.5,2,1.5514705882352942,False,1.2439024390243902
2025-01-16,6am,retest,long,-1.0,False,34.5,0.2391304347826087,1.0,False,0.8333333333333334,0.5111111111111111,False,False,3,1,1,,5.0,3,0.3897316219369895,True,0.7752808988764045
2025-01-16,6am,failure,long,-1.0,False,34.5,0.2391304347826087,1.0,False,0.8333333333333334,0.5111111111111111,False,False,1,1,1,,4.0,3,0.3897316219369895,True,0.7752808988764045
2025-01-16,7am,retest,long,1.3,True,79.5,0.8522012578616353,-1.0,False,0.330188679245283,2.3043478260869565,True,False,1,2,1,,8.25,3,0.6382730455075846,True,1.6825396825396826
2025-01-20,7am,retest,short,-1.0,False,56.0,0.7276785714285714,-1.0,False,0.29910714285714285,2.6666666666666665,False,True,33,3,1,1.9815729736947523,29.75,0,0.899103139013453,True,1.1256281407035176
2025-01-20,7am,retest,long,-1.0,False,56.0,0.7276785714285714,-1.0,False,0.29910714285714285,2.6666666666666665,True,False,0,5,8,,13.5,0,0.6031390134529148,False,1.1256281407035176
2025-01-21,6am,retest,short,1.3,True,47.0,0.2925531914893617,-1.0,False,0.5797872340425532,0.9894736842105263,False,True,107,33,1,3.8488783943329397,26.0,1,0.9029850746268657,True,1.0561797752808988
2025-01-21,6am,retest,long,1.3,True,47.0,0.2925531914893617,-1.0,False,0.5797872340425532,0.9894736842105263,True,False,0,6,1,,20.0,1,0.22455902306648576,False,1.0561797752808988
2025-01-21,6am,failure,short,-1.0,False,47.0,0.2925531914893617,-1.0,False,0.5797872340425532,0.9894736842105263,False,True,81,1,1,1.9860356865787432,2.0,1,0.9029850746268657,True,1.0561797752808988
2025-01-21,7am,retest,short,-1.0,False,63.5,0.31496062992125984,1.0,False,0.6850393700787402,1.351063829787234,True,False,20,1,1,1.3294375456537617,1.0,1,0.8934871099050203,False,1.2095238095238094
2025-01-21,7am,failure,short,-1.0,False,63.5,0.31496062992125984,1.0,False,0.6850393700787402,1.351063829787234,True,False,19,1,1,0.7952815829528158,1.5,1,0.8934871099050203,False,1.2095238095238094
2025-01-22,6am,retest,short,-1.0,False,21.25,0.18823529411764706,-1.0,False,0.5647058823529412,0.7870370370370371,False,True,13,2,1,0.8375350140056022,7.75,2,0.9855855855855856,False,0.4533333333333333
2025-01-22,6am,failure,long,1.3,True,21.25,0.18823529411764706,-1.0,False,0.5647058823529412,0.7870370370370371,True,False,3,1,1,,3.75,2,0.16756756756756758,True,0.4533333333333333
2025-01-22,7am,retest,short,1.3,True,40.0,0.59375,1.0,False,0.53125,1.8823529411764706,True,False,17,3,1,0.672608695652174,4.0,2,1.0936936936936936,False,0.7207207207207207
2025-01-22,7am,failure,short,1.3,True,40.0,0.59375,1.0,False,0.53125,1.8823529411764706,True,False,12,1,2,2.7253668763102725,2.25,2,1.0936936936936936,False,0.7207207207207207
2025-01-23,6am,retest,short,1.3,True,30.25,0.5950413223140496,1.0,False,0.8677685950413223,1.0341880341880343,True,True,63,3,1,3.2918552036199094,5.0,3,0.37524177949709864,True,0.6453333333333333
2025-01-23,7am,retest,short,1.3,True,32.5,0.05384615384615385,1.0,False,0.9307692307692308,1.0743801652892562,True,False,4,1,1,,4.0,3,0.3829787234042553,True,0.5855855855855856
2025-01-23,7am,failure,short,1.3,True,32.5,0.05384615384615385,1.0,False,0.9307692307692308,1.0743801652892562,True,False,3,1,1,,2.0,3,0.3829787234042553,True,0.5855855855855856
2025-01-24,6am,retest,short,-1.0,False,22.0,0.09090909090909091,1.0,False,0.875,0.8979591836734694,True,False,0,1,1,,3.0,4,0.4668587896253602,True,0.4693333333333333
2025-01-24,7am,retest,short,1.3,True,35.0,0.6214285714285714,1.0,False,0.1,1.5909090909090908,True,True,78,9,1,0.8393532851737185,9.0,4,0.829971181556196,False,0.6306306306306306
2025-01-24,7am,retest,long,1.3,True,35.0,0.6214285714285714,1.0,False,0.1,1.5909090909090908,False,False,33,2,1,1.7945945945945947,2.25,4,0.5734870317002881,True,0.6306306306306306
2025-01-24,7am,failure,short,1.3,True,35.0,0.6214285714285714,1.0,False,0.1,1.5909090909090908,True,True,71,1,5,1.7327983355624907,1.0,4,0.829971181556196,False,0.6306306306306306
2025-01-27,6am,retest,short,-1.0,False,154.5,0.7265372168284789,1.0,True,1.0,0.3803076923076923,True,False,0,1,1,,22.25,0,0.26681558699429136,True,3.296
2025-01-27,7am,failure,short,-1.0,False,110.5,0.7737556561085973,1.0,False,0.33031674208144796,0.7152103559870551,True,False,7,1,1,,9.0,0,0.340282948622487,True,2.0849056603773586
2025-01-28,6am,retest,long,-1.0,False,84.25,0.599406528189911,-1.0,False,0.2522255192878338,2.4420289855072466,True,False,1,80,10,,68.25,1,0.4767726161369193,False,1.719387755102041
2025-01-28,7am,retest,short,1.3,True,90.25,0.39335180055401664,-1.0,False,0.24376731301939059,1.0712166172106825,False,False,25,5,1,2.4676812305678286,10.0,1,0.6308068459657702,True,1.5104602510460252
2025-01-29,6am,retest,long,-1.0,False,41.75,0.3712574850299401,1.0,False,0.6287425149700598,1.237037037037037,False,False,50,1,2,4.986225895316805,6.25,2,0.2927927927927928,True,0.8520408163265306
2025-01-30,6am,retest,long,1.3,True,51.0,0.4019607843137255,1.0,False,0.553921568627451,1.3076923076923077,False,False,12,27,1,0.9006304413089163,45.5,3,0.4564958283671037,True,1.088
2025-01-30,7am,retest,short,1.3,True,80.75,0.12693498452012383,-1.0,False,0.43653250773993807,1.5833333333333333,False,False,31,1,1,4.585365853658536,9.75,3,0.7115613825983313,False,1.26171875
2025-01-31,6am,retest,long,1.3,True,30.0,0.7916666666666666,1.0,False,0.43333333333333335,1.411764705882353,False,True,61,4,9,0.9872922776148583,5.25,4,0.1833616298811545,True,0.6122448979591837
2025-01-31,6am,failure,long,1.3,True,30.0,0.7916666666666666,1.0,False,0.43333333333333335,1.411764705882353,False,True,60,1,1,2.656330749354005,1.25,4,0.1833616298811545,True,0.6122448979591837
2025-01-31,7am,retest,long,-1.0,False,32.0,0.6796875,-1.0,False,0.9140625,1.0666666666666667,True,False,1,4,1,,6.0,4,0.17826825127334464,True,0.45309734513274336
2025-01-31,7am,failure,long,-1.0,False,32.0,0.6796875,-1.0,False,0.9140625,1.0666666666666667,True,False,0,1,1,,2.0,4,0.17826825127334464,True,0.45309734513274336
2025-02-03,6am,retest,long,-1.0,False,75.0,0.12,-1.0,False,0.66,0.8498583569405099,True,False,4,10,3,,21.25,0,0.1779935275080906,True,1.530612244897959
2025-02-03,7am,retest,short,1.3,True,75.25,0.6046511627906976,-1.0,False,0.4485049833887043,1.0033333333333334,False,False,6,1,7,,16.75,0,0.9312297734627831,True,1.17578125
2025-02-03,7am,failure,short,1.3,True,75.25,0.6046511627906976,-1.0,False,0.4485049833887043,1.0033333333333334,False,False,5,1,1,,5.0,0,0.9312297734627831,True,1.17578125
2025-02-04,6am,retest,short,-1.0,False,51.5,0.1650485436893204,1.0,False,0.5194174757281553,1.1704545454545454,True,False,9,5,1,,18.5,1,0.5146853146853146,True,1.0098039215686274
2025-02-04,6am,failure,short,-1.0,False,51.5,0.1650485436893204,1.0,False,0.5194174757281553,1.1704545454545454,True,False,1,1,3,,2.75,1,0.5146853146853146,True,1.0098039215686274
2025-02-05,6am,failure,long,1.3,True,23.0,0.6304347826086957,1.0,False,0.358695652173913,0.43601895734597157,False,True,11,1,1,0.9862068965517242,0.25,2,0.770618556701031,False,0.45098039215686275
2025-02-05,7am,failure,short,1.3,True,44.0,0.375,1.0,False,0.5227272727272727,1.9130434782608696,True,False,6,1,2,,1.75,2,0.43943298969072164,True,0.6875
2025-02-06,6am,retest,short,1.3,True,62.0,0.8467741935483871,-1.0,False,0.06451612903225806,1.7464788732394365,False,True,146,1,1,1.1817116060961312,2.25,3,0.3463855421686747,True,1.2156862745098038
2025-02-06,6am,retest,long,1.3,True,62.0,0.8467741935483871,-1.0,False,0.06451612903225806,1.7464788732394365,True,False,0,2,1,,4.25,3,1.4006024096385543,False,1.2156862745098038
2025-02-06,6am,failure,short,1.3,True,62.0,0.8467741935483871,-1.0,False,0.06451612903225806,1.7464788732394365,False,True,120,1,25,2.8204212781149587,4.5,3,0.3463855421686747,True,1.2156862745098038
2025-02-06,7am,retest,short,-1.0,False,60.25,0.6473029045643154,1.0,False,0.8215767634854771,0.9717741935483871,True,False,2,3,1,,9.5,3,0.19578313253012047,True,1.00836820083682
2025-02-07,6am,retest,short,1.3,True,35.0,0.5214285714285715,1.0,False,0.55,1.8181818181818181,True,False,16,1,4,1.9795348837209303,1.0,4,0.7465940054495913,False,0.6862745098039216
2025-02-07,6am,failure,long,-1.0,False,35.0,0.5214285714285715,1.0,False,0.55,1.8181818181818181,False,True,82,1,3,2.5446623093681917,0.25,4,0.6348773841961853,True,0.6862745098039216
2025-02-07,7am,retest,long,1.3,True,20.75,0.30120481927710846,-1.0,False,0.9518072289156626,0.5928571428571429,True,False,8,6,1,,8.5,4,0.46866485013623976,True,0.35698924731182796
2025-02-07,7am,failure,long,-1.0,False,20.75,0.30120481927710846,-1.0,False,0.9518072289156626,0.5928571428571429,True,False,5,1,1,,0.5,4,0.46866485013623976,True,0.35698924731182796
2025-02-10,6am,retest,short,-1.0,False,57.25,0.2838427947598253,1.0,False,0.4890829694323144,2.044642857142857,True,False,75,2,1,5.299539170506913,5.5,0,1.055205047318612,False,1.1225490196078431
2025-02-10,7am,retest,short,-1.0,False,24.75,0.12121212121212122,-1.0,True,1.0,0.43231441048034935,False,False,14,8,1,2.3318385650224216,11.25,0,1.0370662460567823,False,0.46919431279620855
2025-02-11,7am,retest,long,-1.0,False,41.0,0.3475609756097561,-1.0,False,0.823170731707317,1.2148148148148148,True,False,20,20,1,6.768837803320562,22.25,1,0.9116997792494481,False,0.7772511848341233
2025-02-12,6am,retest,short,-1.0,False,31.0,0.03225806451612903,-1.0,False,0.7661290322580645,0.8266666666666667,False,False,16,3,1,1.5252621544327931,5.75,2,0.6902887139107612,True,0.6078431372549019
2025-02-12,6am,failure,short,-1.0,False,31.0,0.03225806451612903,-1.0,False,0.7661290322580645,0.8266666666666667,False,False,14,1,1,1.347345132743363,1.0,2,0.6902887139107612,True,0.6078431372549019
2025-02-12,7am,retest,short,1.3,True,51.75,0.7584541062801933,1.0,False,0.3333333333333333,1.6693548387096775,True,False,2,3,1,,12.25,2,1.05249343832021,False,1.0247524752475248
2025-02-12,7am,failure,short,1.3,True,51.75,0.7584541062801933,1.0,False,0.3333333333333333,1.6693548387096775,True,False,0,1,1,,5.5,2,1.05249343832021,False,1.0247524752475248
2025-02-13,6am,retest,short,-1.0,False,62.75,0.16334661354581673,-1.0,False,0.5976095617529881,1.6733333333333333,False,True,93,20,1,4.501581190705349,40.0,3,0.6091954022988506,True,1.280612244897959
2025-02-13,6am,retest,long,1.3,True,62.75,0.16334661354581673,-1.0,False,0.5976095617529881,1.6733333333333333,True,False,13,2,1,1.2432973189275711,8.25,3,0.7514367816091954,False,1.280612244897959
2025-02-13,6am,failure,long,1.3,True,62.75,0.16334661354581673,-1.0,False,0.5976095617529881,1.6733333333333333,True,False,12,1,1,1.146865409907935,1.75,3,0.7514367816091954,False,1.280612244897959
2025-02-13,7am,failure,short,-1.0,False,43.0,0.01744186046511628,-1.0,False,0.8081395348837209,0.6852589641434262,False,False,29,1,1,3.318385650224215,5.25,3,0.4482758620689655,True,0.7981438515081206
2025-02-14,6am,retest,short,-1.0,False,62.5,0.68,-1.0,False,0.188,1.8656716417910448,False,False,102,1,1,1.3129264244882908,3.5,4,0.37433155080213903,True,1.2755102040816326
2025-02-14,6am,failure,short,-1.0,False,62.5,0.68,-1.0,False,0.188,1.8656716417910448,False,False,92,1,8,3.1557653405259605,3.75,4,0.37433155080213903,True,1.2755102040816326
2025-02-14,7am,retest,short,1.3,True,30.75,0.7235772357723578,1.0,True,1.0,0.492,True,False,5,4,1,,7.5,4,0.18181818181818182,False,0.6422976501305483
2025-02-14,7am,failure,short,1.3,True,30.75,0.7235772357723578,1.0,True,1.0,0.492,True,False,4,1,1,,1.75,4,0.18181818181818182,False,0.6422976501305483
2025-02-17,7am,failure,short,1.3,True,17.25,0.17391304347826086,1.0,True,1.0,0.552,True,False,63,1,1,1.7679558011049723,0.25,0,0.7309941520467836,False,0.360313315926893
2025-02-17,7am,failure,long,-1.0,False,17.25,0.17391304347826086,1.0,True,1.0,0.552,False,True,85,1,1,2.4215809284818066,1.0,0,0.47076023391812866,True,0.360313315926893
2025-02-18,6am,retest,short,1.3,True,18.0,0.2916666666666667,-1.0,False,0.8472222222222222,0.8275862068965517,False,True,12,1,1,0.8520710059171597,1.5,1,0.7345679012345679,False,0.3673469387755102
2025-02-18,6am,failure,short,1.3,True,18.0,0.2916666666666667,-1.0,False,0.8472222222222222,0.8275862068965517,False,True,11,1,1,2.795918367346939,1.75,1,0.7345679012345679,False,0.3673469387755102
2025-02-18,7am,retest,short,-1.0,False,34.5,0.2608695652173913,1.0,False,0.5217391304347826,1.9166666666666667,True,False,42,3,1,2.0726495726495724,5.5,1,0.8518518518518519,False,0.7931034482758621
2025-02-18,7am,failure,short,-1.0,False,34.5,0.2608695652173913,1.0,False,0.5217391304347826,1.9166666666666667,True,False,24,1,1,1.4028985507246376,2.25,1,0.8518518518518519,False,0.7931034482758621
2025-02-19,6am,retest,short,-1.0,False,30.0,0.25,-1.0,False,0.75,0.6185567010309279,False,False,1,59,1,,30.25,2,0.254957507082153,True,0.676056338028169
2025-02-19,6am,retest,long,-1.0,False,30.0,0.25,-1.0,False,0.75,0.6185567010309279,True,True,88,1,1,8.938807126258714,16.0,2,1.084985835694051,False,0.676056338028169
2025-02-19,7am,retest,long,-1.0,False,47.25,0.328042328042328,1.0,False,0.35978835978835977,1.575,False,False,24,30,1,2.821941918451159,29.0,2,0.9376770538243626,True,1.125
2025-02-19,7am,failure,long,-1.0,False,47.25,0.328042328042328,1.0,False,0.35978835978835977,1.575,False,False,20,1,3,1.1687170474516697,3.5,2,0.9376770538243626,True,1.125
2025-02-20,6am,retest,short,-1.0,False,35.0,0.5071428571428571,-1.0,False,0.18571428571428572,2.1538461538461537,False,True,122,23,1,1.5436619718309859,13.0,3,0.7301587301587301,True,0.7887323943661971
2025-02-20,6am,failure,short,1.3,True,35.0,0.5071428571428571,-1.0,False,0.18571428571428572,2.1538461538461537,False,True,59,1,1,2.1493370551290996,0.25,3,0.7301587301587301,True,0.7887323943661971
2025-02-20,7am,retest,short,-1.0,False,36.75,0.5850340136054422,1.0,False,0.9523809523809523,1.05,True,False,62,23,1,1.5436619718309859,12.75,3,0.7328042328042328,True,0.875
2025-02-21,7am,retest,short,-1.0,False,63.25,0.8379446640316206,1.0,False,0.2845849802371542,2.875,True,False,0,1,13,,5.25,4,1.5551839464882944,False,1.5617283950617284
2025-02-24,6am,retest,short,-1.0,False,40.75,0.3374233128834356,1.0,False,0.7361963190184049,1.3583333333333334,True,True,104,3,7,1.5980775007509764,3.75,0,0.8128440366972477,False,1.0618892508143323
2025-02-24,6am,failure,long,1.3,True,40.75,0.3374233128834356,1.0,False,0.7361963190184049,1.3583333333333334,False,False,5,1,7,,0.75,0,0.48623853211009177,True,1.0618892508143323
2025-02-24,7am,retest,short,-1.0,False,37.75,0.3973509933774834,-1.0,False,0.8079470198675497,0.9263803680981595,False,False,24,2,1,1.3801261829652998,5.0,0,0.7376146788990826,False,0.8988095238095238
2025-02-24,7am,failure,short,-1.0,False,37.75,0.3973509933774834,-1.0,False,0.8079470198675497,0.9263803680981595,False,False,18,1,5,0.9393939393939394,0.5,0,0.7376146788990826,False,0.8988095238095238
2025-02-25,6am,retest,short,-1.0,False,102.0,0.7328431372549019,1.0,False,0.5857843137254902,1.707112970711297,True,False,7,1,11,,4.0,1,0.6080476900149031,True,2.4727272727272727
2025-02-25,7am,retest,short,1.3,True,75.75,0.7755775577557755,1.0,False,0.3333333333333333,0.7426470588235294,True,False,22,2,3,1.602148131573059,4.5,1,0.9090909090909091,True,1.8035714285714286
2025-02-25,7am,failure,short,1.3,True,75.75,0.7755775577557755,1.0,False,0.3333333333333333,0.7426470588235294,True,False,21,1,1,2.20100045475216,0.75,1,0.9090909090909091,True,1.8035714285714286
2025-02-26,6am,retest,long,1.3,True,52.5,0.6142857142857143,-1.0,False,0.44761904761904764,2.234042553191489,True,False,50,5,1,3.8776568170036287,17.25,2,0.4015594541910331,True,1.1320754716981132
2025-02-26,6am,failure,short,1.3,True,52.5,0.6142857142857143,-1.0,False,0.44761904761904764,2.234042553191489,False,True,91,1,1,2.007978723404255,1.0,2,1.0077972709551657,False,1.1320754716981132
2025-02-26,6am,failure,long,1.3,True,52.5,0.6142857142857143,-1.0,False,0.44761904761904764,2.234042553191489,True,False,49,1,1,4.7561709813365445,0.75,2,0.4015594541910331,True,1.1320754716981132
2025-02-26,7am,retest,short,1.3,True,48.0,0.07291666666666667,1.0,False,0.640625,0.9142857142857143,True,False,22,20,1,2.4462127910403773,25.0,2,0.8382066276803118,False,1.103448275862069
2025-02-26,7am,failure,short,-1.0,False,48.0,0.07291666666666667,1.0,False,0.640625,0.9142857142857143,True,False,21,1,1,2.1352744919623903,3.5,2,0.8382066276803118,False,1.103448275862069
2025-02-27,6am,retest,short,-1.0,False,33.5,0.6567164179104478,1.0,True,1.0,0.8427672955974843,True,False,2,1,1,,8.75,3,0.983419689119171,False,0.6536585365853659
2025-02-27,6am,retest,long,-1.0,False,33.5,0.6567164179104478,1.0,True,1.0,0.8427672955974843,False,True,107,1,1,3.3818687349089047,27.0,3,0.15544041450777202,True,0.6536585365853659
2025-02-27,6am,failure,short,-1.0,False,33.5,0.6567164179104478,1.0,True,1.0,0.8427672955974843,True,False,0,1,2,,2.0,3,0.983419689119171,False,0.6536585365853659
2025-02-27,7am,retest,long,1.3,True,50.5,0.13861386138613863,1.0,False,0.18316831683168316,1.507462686567164,False,False,34,3,1,2.028451882845188,22.75,3,0.054922279792746116,True,1.160919540229885
2025-02-27,7am,failure,long,-1.0,False,50.5,0.13861386138613863,1.0,False,0.18316831683168316,1.507462686567164,False,False,30,1,4,7.930622009569379,21.0,3,0.054922279792746116,True,1.160919540229885
2025-02-28,6am,retest,long,-1.0,False,27.5,0.17272727272727273,1.0,True,1.0,0.8396946564885496,False,False,1,90,1,,88.5,4,0.22028985507246376,True,0.5929919137466307
2025-02-28,6am,failure,long,-1.0,False,27.5,0.17272727272727273,1.0,True,1.0,0.8396946564885496,False,False,0,1,1,,1.25,4,0.22028985507246376,True,0.5929919137466307
2025-03-03,6am,retest,short,-1.0,False,50.5,0.7623762376237624,1.0,False,0.5099009900990099,1.4428571428571428,True,False,2,100,1,,55.25,0,1.0478589420654911,False,1.2242424242424241
2025-03-04,6am,retest,long,-1.0,False,55.0,0.22727272727272727,1.0,False,0.8954545454545455,0.7801418439716312,False,False,2,6,1,,21.5,1,1.0388513513513513,False,1.2054794520547945
2025-03-04,7am,retest,long,1.3,True,169.5,0.911504424778761,-1.0,False,0.2153392330383481,3.081818181818182,True,False,4,1,3,,19.25,1,1.9375,False,3.896551724137931
2025-03-04,7am,failure,long,1.3,True,169.5,0.911504424778761,-1.0,False,0.2153392330383481,3.081818181818182,True,False,3,1,1,,3.0,1,1.9375,False,3.896551724137931
2025-03-05,6am,retest,long,-1.0,False,116.5,0.47854077253218885,-1.0,False,0.19527896995708155,1.335243553008596,True,False,88,2,6,2.842014882655982,38.0,2,0.9973579920739762,False,2.5534246575342467
2025-03-05,6am,failure,long,-1.0,False,116.5,0.47854077253218885,-1.0,False,0.19527896995708155,1.335243553008596,True,False,75,1,4,2.9929351316634554,9.0,2,0.9973579920739762,False,2.5534246575342467
2025-03-05,7am,retest,long,-1.0,False,67.25,0.10037174721189591,-1.0,True,1.0,0.5772532188841202,True,False,18,2,1,0.7927886809675947,26.75,2,0.8956406869220608,False,1.5459770114942528
2025-03-06,6am,retest,long,-1.0,False,77.0,0.5811688311688312,1.0,False,0.8344155844155844,1.0405405405405406,False,False,64,29,1,5.0385740888534185,53.75,3,1.0452127659574468,False,1.5098039215686274
2025-03-06,7am,retest,long,-1.0,False,75.0,0.7,-1.0,True,1.0,0.974025974025974,True,False,4,29,1,,55.75,3,1.0381205673758864,False,1.643835616438356
2025-03-07,6am,failure,long,-1.0,False,51.25,0.11219512195121951,1.0,False,0.848780487804878,1.1781609195402298,False,False,12,1,6,0.8981288981288981,2.5,4,0.6630901287553648,False,1.0049019607843137
2025-03-07,7am,retest,short,1.3,True,92.25,0.6422764227642277,-1.0,False,0.36314363143631434,1.8,False,True,30,3,1,16.60062223677747,89.5,4,0.6244635193133047,True,2.021917808219178
2025-03-07,7am,retest,long,1.3,True,92.25,0.6422764227642277,-1.0,False,0.36314363143631434,1.8,True,False,15,2,1,1.8264580369843526,6.0,4,1.167381974248927,False,2.021917808219178
2025-03-10,6am,retest,long,-1.0,False,84.5,0.4289940828402367,-1.0,False,0.8668639053254438,0.8125,True,False,55,2,1,4.687346134908912,19.5,0,0.9654403567447045,False,1.660933660933661
2025-03-10,7am,retest,long,-1.0,False,100.0,0.1925,-1.0,False,0.805,1.183431952662722,True,False,8,13,1,,35.0,0,1.052396878483835,False,2.099737532808399
2025-03-10,7am,failure,long,-1.0,False,100.0,0.1925,-1.0,False,0.805,1.183431952662722,True,False,5,1,1,,5.25,0,1.052396878483835,False,2.099737532808399
2025-03-11,6am,retest,short,-1.0,False,54.5,0.1926605504587156,-1.0,False,0.5596330275229358,1.0738916256157636,False,True,35,3,1,0.9515996718621822,13.0,1,0.9542372881355933,False,1.0506024096385542
2025-03-11,6am,retest,long,-1.0,False,54.5,0.1926605504587156,-1.0,False,0.5596330275229358,1.0738916256157636,True,False,1,1,1,,10.25,1,0.16892655367231638,True,1.0506024096385542
2025-03-11,7am,retest,long,-1.0,False,107.5,0.4116279069767442,1.0,False,0.5069767441860465,1.9724770642201834,False,True,45,6,1,1.1040221914008321,26.5,1,0.2514124293785311,True,2.257217847769029
2025-03-11,7am,failure,short,1.3,True,107.5,0.4116279069767442,1.0,False,0.5069767441860465,1.9724770642201834,True,False,0,1,1,,7.0,1,0.9915254237288136,False,2.257217847769029
2025-03-12,6am,retest,short,-1.0,False,43.0,0.20930232558139536,-1.0,False,0.9476744186046512,1.036144578313253,False,False,2,62,1,,41.0,2,1.0126404494382022,False,0.8289156626506025
2025-03-13,6am,retest,long,-1.0,False,70.75,0.4275618374558304,-1.0,False,0.696113074204947,0.474036850921273,True,False,8,2,1,,10.75,3,0.4560954816709292,True,1.363855421686747
2025-03-13,6am,failure,long,-1.0,False,70.75,0.4275618374558304,-1.0,False,0.696113074204947,0.474036850921273,True,False,5,1,3,,2.75,3,0.4560954816709292,True,1.363855421686747
2025-03-13,7am,retest,long,1.3,True,100.25,0.4339152119700748,-1.0,False,0.34663341645885287,1.4169611307420495,True,False,8,2,1,,8.75,3,0.6794543904518329,False,2.035532994923858
2025-03-14,6am,retest,short,-1.0,False,89.25,0.15126050420168066,1.0,False,0.39775910364145656,2.5140845070422535,True,False,66,1,1,2.5314379442318207,3.75,4,1.152337858220211,False,1.7204819277108434
2025-03-14,7am,retest,short,-1.0,False,63.25,0.2450592885375494,1.0,True,1.0,0.7086834733893558,True,False,6,2,1,,4.25,4,1.1493212669683257,False,1.2371638141809291
2025-03-17,6am,retest,short,-1.0,False,71.75,0.7770034843205574,1.0,False,0.27177700348432055,2.2421875,True,False,1,31,1,,28.25,0,1.01841620626151,False,1.341121495327103
2025-03-17,7am,retest,short,1.3,True,39.5,0.0949367088607595,1.0,False,0.2848101265822785,0.5505226480836237,True,True,33,46,1,4.00396432111001,61.5,0,1.2265193370165746,False,0.6869565217391305
2025-03-17,7am,retest,long,-1.0,False,39.5,0.0949367088607595,1.0,False,0.2848101265822785,0.5505226480836237,False,False,3,7,1,,17.25,0,0.06445672191528545,True,0.6869565217391305
2025-03-17,7am,failure,long,-1.0,False,39.5,0.0949367088607595,1.0,False,0.2848101265822785,0.5505226480836237,False,False,2,1,1,,0.5,0,0.06445672191528545,True,0.6869565217391305
2025-03-18,6am,retest,long,-1.0,False,63.25,0.019762845849802372,1.0,False,0.1225296442687747,1.0630252100840336,False,True,116,20,1,5.69848661233993,36.0,1,0.37090327737809753,True,1.1822429906542056
2025-03-18,6am,failure,short,1.3,True,63.25,0.019762845849802372,1.0,False,0.1225296442687747,1.0630252100840336,True,False,11,1,2,3.635327635327635,7.75,1,0.8313349320543565,False,1.1822429906542056
2025-03-19,6am,retest,short,1.3,True,36.5,0.136986301369863,-1.0,False,0.5068493150684932,0.5934959349593496,False,False,44,1,2,2.307692307692308,4.75,2,0.9090909090909091,False,0.6822429906542056
2025-03-19,6am,retest,long,1.3,True,36.5,0.136986301369863,-1.0,False,0.5068493150684932,0.5934959349593496,True,True,90,1,1,1.5748031496062993,4.5,2,0.3563636363636364,True,0.6822429906542056
2025-03-19,7am,retest,long,1.3,True,41.75,0.3652694610778443,1.0,False,0.874251497005988,1.143835616438356,False,False,32,1,6,1.357297799814069,4.0,2,0.36,True,0.734065934065934
2025-03-19,7am,failure,short,-1.0,False,41.75,0.3652694610778443,1.0,False,0.874251497005988,1.143835616438356,True,True,88,1,1,4.450915141430948,1.75,2,0.9436363636363636,False,0.734065934065934
2025-03-19,7am,failure,long,1.3,True,41.75,0.3652694610778443,1.0,False,0.874251497005988,1.143835616438356,False,False,30,1,1,1.5748031496062993,4.0,2,0.36,True,0.734065934065934
2025-03-20,7am,failure,long,-1.0,False,67.5,0.5444444444444444,1.0,True,1.0,0.3057757644394111,False,False,63,1,3,1.8401316992866288,2.5,3,1.8936507936507936,False,1.1868131868131868
2025-03-24,7am,retest,short,-1.0,False,52.5,0.7428571428571429,1.0,False,0.3761904761904762,1.1229946524064172,True,False,31,5,1,1.088082901554404,8.5,0,1.200848656294201,False,0.8300395256916996
2025-03-24,7am,failure,short,-1.0,False,52.5,0.7428571428571429,1.0,False,0.3761904761904762,1.1229946524064172,True,False,30,1,1,3.846689895470383,7.0,0,1.200848656294201,False,0.8300395256916996
2025-03-25,6am,retest,short,-1.0,False,62.25,0.5060240963855421,1.0,False,0.40160642570281124,1.263959390862944,True,False,1,3,5,,13.0,1,1.1009174311926606,False,1.1635514018691588
2025-03-25,7am,retest,short,1.3,True,52.5,0.7238095238095238,1.0,False,0.3619047619047619,0.8433734939759037,True,False,27,24,1,2.63816054860831,31.0,1,1.510703363914373,False,0.8300395256916996
2025-03-25,7am,failure,short,-1.0,False,52.5,0.7238095238095238,1.0,False,0.3619047619047619,0.8433734939759037,True,False,0,1,1,,2.75,1,1.510703363914373,False,0.8300395256916996
2025-03-26,6am,retest,short,-1.0,False,44.25,0.9209039548022598,1.0,False,0.7966101694915254,1.2553191489361701,True,False,0,1,22,,5.25,2,0.3942307692307692,True,0.8082191780821918
2025-03-26,7am,retest,long,1.3,True,34.5,0.2608695652173913,1.0,False,0.4420289855072464,0.7796610169491526,False,False,31,3,2,3.6481318034716095,7.5,2,0.7524038461538461,False,0.5454545454545454
2025-03-26,7am,failure,long,1.3,True,34.5,0.2608695652173913,1.0,False,0.4420289855072464,0.7796610169491526,False,False,29,1,1,2.6738794435857804,0.5,2,0.7524038461538461,False,0.5454545454545454
2025-03-27,6am,retest,long,-1.0,False,65.5,0.6374045801526718,-1.0,False,0.5381679389312977,1.8581560283687943,True,False,0,1,1,,11.25,3,0.5173010380622838,True,1.1963470319634704
2025-03-27,7am,failure,short,1.3,True,66.0,0.23484848484848486,1.0,False,0.36363636363636365,1.0076335877862594,True,False,31,1,1,3.983554134307903,1.75,3,0.6487889273356401,False,1.0434782608695652
2025-03-28,6am,retest,long,-1.0,False,63.0,0.6547619047619048,1.0,False,0.3531746031746032,2.016,False,False,90,2,1,14.04050144648023,16.5,4,0.6306306306306306,False,1.0746268656716418
2025-03-28,7am,retest,long,-1.0,False,49.5,0.045454545454545456,-1.0,True,1.0,0.7857142857142857,True,False,30,2,1,14.04050144648023,18.5,4,0.6186186186186187,False,0.7659574468085106
2025-03-31,6am,retest,long,-1.0,False,48.5,0.4072164948453608,1.0,True,1.0,0.6953405017921147,False,False,6,9,1,,17.0,0,0.8890243902439025,False,0.8272921108742004
2025-04-01,6am,retest,long,1.3,True,147.5,0.5627118644067797,-1.0,False,0.22203389830508474,2.8095238095238093,True,False,31,2,2,2.356968215158924,18.25,1,0.7343578485181119,False,2.5159914712153517
2025-04-01,7am,retest,short,1.3,True,96.5,0.5310880829015544,-1.0,False,0.6632124352331606,0.6542372881355932,False,False,71,1,1,1.166453810131971,1.25,1,0.5466520307354555,True,1.493230174081238
2025-04-02,6am,retest,long,-1.0,False,70.25,0.6512455516014235,-1.0,False,0.17437722419928825,1.6242774566473988,True,False,2,1,1,,7.0,2,1.22979797979798,False,1.1217564870259482
2025-04-03,6am,failure,long,-1.0,False,100.0,0.44,-1.0,False,0.31,0.625,True,True,96,1,1,2.18021978021978,1.75,3,0.6396648044692738,False,1.5841584158415842
2025-04-03,7am,retest,long,-1.0,False,78.25,0.06389776357827476,-1.0,True,1.0,0.7825,True,True,34,1,1,1.4052241933230898,8.5,3,0.6096368715083799,False,1.174484052532833
2025-04-04,6am,retest,long,-1.0,False,570.0,0.8539473684210527,-1.0,False,0.14035087719298245,7.125,True,False,25,13,1,2.009825815096025,210.5,4,2.6735294117647057,False,8.854368932038835
2025-04-04,6am,failure,long,-1.0,False,570.0,0.8539473684210527,-1.0,False,0.14035087719298245,7.125,True,False,21,1,1,1.7356253704801423,11.25,4,2.6735294117647057,False,8.854368932038835
2025-04-04,7am,retest,short,1.3,True,339.25,0.12380250552689757,1.0,False,0.3795136330140015,0.5951754385964912,True,False,32,4,6,1.0696594427244581,76.0,4,-1.1686274509803922,True,5.0919324577861165
2025-04-04,7am,failure,short,1.3,True,339.25,0.12380250552689757,1.0,False,0.3795136330140015,0.5951754385964912,True,False,15,1,1,1.97239730493371,31.0,4,-1.1686274509803922,True,5.0919324577861165
2025-04-07,7am,retest,long,1.3,True,230.5,0.2603036876355748,-1.0,True,1.0,0.5452395032525134,True,False,8,1,1,,11.0,0,0.153515625,False,3.4211502782931356
2025-04-08,6am,retest,short,-1.0,False,128.5,0.4669260700389105,1.0,False,0.7840466926070039,1.1762013729977117,True,False,17,2,2,0.915629793761718,35.0,1,0.7125628140703517,False,1.8931860036832413
2025-04-08,6am,failure,short,-1.0,False,128.5,0.4669260700389105,1.0,False,0.7840466926070039,1.1762013729977117,True,False,11,1,6,2.947249919588292,9.0,1,0.7125628140703517,False,1.8931860036832413
2025-04-08,7am,retest,short,-1.0,False,261.0,0.8860153256704981,1.0,False,0.23659003831417624,2.0311284046692606,True,False,0,1,7,,16.5,1,1.51356783919598,False,3.663157894736842
2025-04-09,6am,retest,long,1.3,True,243.75,0.10153846153846154,-1.0,False,0.6133333333333333,1.3869132290184922,True,False,0,114,3,,262.25,2,0.42789855072463767,True,3.591160220994475
2025-04-09,7am,retest,short,-1.0,False,383.25,0.7566862361382909,-1.0,False,0.3157208088714938,1.5723076923076924,False,False,66,3,9,0.9738901834259425,53.5,2,0.7474637681159421,True,5.378947368421053
2025-04-09,7am,failure,short,-1.0,False,383.25,0.7566862361382909,-1.0,False,0.3157208088714938,1.5723076923076924,False,False,60,1,6,4.057632398753894,6.75,2,0.7474637681159421,True,5.378947368421053
2025-04-10,6am,retest,long,1.3,True,157.25,0.14308426073131955,1.0,False,0.3688394276629571,1.0161550888529887,False,False,68,5,1,2.7697762020828716,30.5,3,0.7889705882352941,False,2.3167587476979743
2025-04-10,6am,failure,long,1.3,True,157.25,0.14308426073131955,1.0,False,0.3688394276629571,1.0161550888529887,False,False,66,1,1,2.5613942434644836,0.25,3,0.7889705882352941,False,2.3167587476979743
2025-04-10,7am,retest,short,1.3,True,91.0,0.5494505494505495,1.0,True,1.0,0.5786963434022258,True,True,31,1,1,2.999816749129558,14.75,3,0.37463235294117647,True,1.1876019575856445
2025-04-10,7am,retest,long,-1.0,False,91.0,0.5494505494505495,1.0,True,1.0,0.5786963434022258,False,False,6,11,1,,50.75,3,0.7591911764705882,False,1.1876019575856445
2025-04-11,6am,retest,long,-1.0,False,125.75,0.07952286282306163,-1.0,False,0.5606361829025845,0.4339948231233822,True,False,15,42,1,1.7201397712833544,114.5,4,0.29945054945054944,True,1.7836879432624113
2025-04-14,7am,retest,short,-1.0,False,109.5,0.2694063926940639,-1.0,False,0.4246575342465753,1.5927272727272728,False,True,36,5,3,4.41074753923916,21.0,0,0.7660910518053375,True,1.293943870014771
2025-04-15,6am,retest,long,-1.0,False,59.5,0.07142857142857142,1.0,False,0.8151260504201681,0.8913857677902621,False,False,35,1,1,2.0808174640037156,2.75,1,0.398488120950324,True,0.8439716312056738
2025-04-15,7am,retest,long,1.3,True,124.0,0.7741935483870968,-1.0,False,0.3709677419354839,2.0840336134453783,True,False,21,4,1,2.092871157619359,19.0,1,0.7354211663066955,False,1.465288035450517
2025-04-16,6am,retest,long,1.3,True,58.75,0.17872340425531916,1.0,False,0.902127659574468,0.6791907514450867,False,False,4,3,6,,19.5,2,0.5339873861247372,False,0.8333333333333334
2025-04-16,6am,failure,long,1.3,True,58.75,0.17872340425531916,1.0,False,0.902127659574468,0.6791907514450867,False,False,3,1,1,,0.5,2,0.5339873861247372,False,0.8333333333333334
2025-04-16,7am,retest,long,-1.0,False,72.75,0.08934707903780069,1.0,False,0.7319587628865979,1.2382978723404254,False,False,45,2,1,0.971447325237939,21.25,2,0.5886475122634899,False,0.8596750369276218
2025-04-16,7am,failure,long,-1.0,False,72.75,0.08934707903780069,1.0,False,0.7319587628865979,1.2382978723404254,False,False,41,1,1,2.238805970149254,6.0,2,0.5886475122634899,False,0.8596750369276218
2025-04-17,6am,retest,long,1.3,True,87.0,0.7701149425287356,-1.0,False,0.6781609195402298,1.2841328413284132,True,False,8,19,10,,39.75,3,0.508130081300813,True,1.2340425531914894
2025-04-17,6am,failure,short,1.3,True,87.0,0.7701149425287356,-1.0,False,0.6781609195402298,1.2841328413284132,False,True,63,1,1,11.386821064240419,40.75,3,0.7747967479674797,False,1.2340425531914894
2025-04-17,7am,retest,short,-1.0,False,75.5,0.076158940397351,1.0,False,0.4735099337748344,0.867816091954023,True,False,0,11,1,,92.0,3,0.608130081300813,False,1.0
2025-04-21,6am,retest,short,1.3,True,47.5,0.3473684210526316,1.0,False,0.7842105263157895,1.0160427807486632,True,False,0,10,1,,21.75,0,0.22937625754527163,True,0.6690140845070423
2025-04-21,6am,failure,long,-1.0,False,47.5,0.3473684210526316,1.0,False,0.7842105263157895,1.0160427807486632,False,True,20,1,1,0.8419497784342689,1.5,0,0.9617706237424547,False,0.6690140845070423
2025-04-22,6am,retest,long,1.3,True,32.75,0.07633587786259542,1.0,False,0.8702290076335878,0.7359550561797753,False,False,7,13,1,,22.0,1,0.32087733549959385,True,0.48250460405156537
2025-04-22,6am,failure,short,-1.0,False,32.75,0.07633587786259542,1.0,False,0.8702290076335878,0.7359550561797753,True,True,105,1,3,1.9348950410708854,1.75,1,0.7855402112103981,False,0.48250460405156537
2025-04-22,7am,failure,short,-1.0,False,56.5,0.7256637168141593,-1.0,False,0.48672566371681414,1.7251908396946565,False,False,44,1,1,0.7043073341094295,0.25,1,0.768480909829407,False,0.7622259696458684
2025-04-23,6am,retest,short,1.3,True,89.75,0.8272980501392758,1.0,False,0.1392757660167131,2.3933333333333335,True,False,4,2,4,,16.25,2,1.2964930924548352,False,1.3941747572815535
2025-04-23,7am,retest,short,1.3,True,85.25,0.6950146627565983,-1.0,False,0.8093841642228738,0.9498607242339833,False,True,41,2,1,0.9490406436971323,3.5,2,1.365568544102019,False,1.1500843170320405
2025-04-23,7am,failure,short,1.3,True,85.25,0.6950146627565983,-1.0,False,0.8093841642228738,0.9498607242339833,False,True,38,1,1,1.3682736547309462,2.75,2,1.365568544102019,False,1.1500843170320405
2025-04-23,7am,failure,long,1.3,True,85.25,0.6950146627565983,-1.0,False,0.8093841642228738,0.9498607242339833,True,False,0,1,8,,1.0,2,-0.003188097768331562,True,1.1500843170320405
2025-04-24,6am,retest,short,-1.0,False,146.0,0.833904109589041,1.0,False,0.017123287671232876,2.212121212121212,True,False,98,8,2,1.6388518024032042,26.25,3,0.8709964412811388,True,2.151012891344383
2025-04-24,7am,retest,short,-1.0,False,93.5,0.5026737967914439,-1.0,True,1.0,0.6404109589041096,False,False,19,1,11,0.7202495201535508,4.0,3,0.8122775800711743,True,1.216260162601626
2025-04-24,7am,failure,short,-1.0,False,93.5,0.5026737967914439,-1.0,True,1.0,0.6404109589041096,False,False,18,1,1,0.9934177215189873,3.5,3,0.8122775800711743,True,1.216260162601626
2025-04-25,6am,failure,long,1.3,True,198.0,0.8383838383838383,-1.0,False,0.30176767676767674,3.3138075313807533,True,False,120,1,1,3.8826076497474142,0.25,4,1.8238172920065252,False,2.518282988871224
2025-04-28,6am,retest,short,1.3,True,56.75,0.6916299559471366,-1.0,False,0.7092511013215859,0.9912663755458515,False,False,38,6,2,1.9492574257425743,10.75,0,0.8849407783417935,True,0.6421499292786421
2025-04-28,7am,retest,short,-1.0,False,67.5,0.5777777777777777,1.0,False,0.8407407407407408,1.1894273127753303,True,False,45,10,1,3.3552404012452435,13.25,0,0.9576988155668359,True,0.8256880733944955
2025-04-29,6am,failure,long,-1.0,False,133.5,0.5243445692883895,-1.0,False,0.26217228464419473,3.034090909090909,True,False,118,1,1,1.7274545281401772,0.5,1,1.047008547008547,True,1.5106082036775106
2025-04-29,7am,retest,short,1.3,True,43.25,0.1907514450867052,1.0,True,1.0,0.32397003745318353,True,True,43,1,1,1.2192216044479744,1.75,1,0.43304843304843305,False,0.5290519877675841
2025-04-29,7am,retest,long,1.3,True,43.25,0.1907514450867052,1.0,True,1.0,0.32397003745318353,False,False,19,9,1,2.040378006872852,31.0,1,0.8133903133903134,True,0.5290519877675841
2025-04-29,7am,failure,short,1.3,True,43.25,0.1907514450867052,1.0,True,1.0,0.32397003745318353,True,True,42,1,1,1.9161434069272838,0.25,1,0.43304843304843305,False,0.5290519877675841
2025-04-30,6am,retest,long,-1.0,False,49.75,0.38190954773869346,-1.0,False,0.3969849246231156,1.1987951807228916,True,True,31,4,1,1.6502115655853313,8.25,2,0.5763636363636364,False,0.5243741765480896
2025-04-30,6am,failure,short,1.3,True,49.75,0.38190954773869346,-1.0,False,0.3969849246231156,1.1987951807228916,False,False,5,1,1,,2.25,2,0.7854545454545454,True,0.5243741765480896
2025-04-30,7am,failure,long,-1.0,False,89.75,0.49303621169916434,-1.0,False,0.5543175487465181,1.8040201005025125,True,False,5,1,1,,4.75,2,0.8109090909090909,False,1.0978593272171253
2025-05-01,6am,retest,short,1.3,True,44.5,0.34831460674157305,-1.0,False,0.9101123595505618,0.8811881188118812,False,True,72,1,1,2.101192394456977,2.25,3,1.0183066361556063,False,0.46903820816864294
2025-05-01,6am,retest,long,-1.0,False,44.5,0.34831460674157305,-1.0,False,0.9101123595505618,0.8811881188118812,True,True,90,2,1,6.715081094166061,33.5,3,0.1853546910755149,True,0.46903820816864294
2025-05-01,6am,failure,long,1.3,True,44.5,0.34831460674157305,-1.0,False,0.9101123595505618,0.8811881188118812,True,False,22,1,1,1.026950354609929,1.0,3,0.1853546910755149,True,0.46903820816864294
2025-05-01,7am,retest,short,1.3,True,46.5,0.1774193548387097,1.0,False,0.946236559139785,1.0449438202247192,True,False,12,1,1,1.7317397078353254,2.75,3,1.0160183066361557,False,0.5314285714285715
2025-05-01,7am,retest,long,-1.0,False,46.5,0.1774193548387097,1.0,False,0.946236559139785,1.0449438202247192,False,True,30,1,1,6.715081094166061,31.0,3,0.19679633867276888,True,0.5314285714285715
2025-05-02,6am,failure,short,1.3,True,46.75,0.26737967914438504,1.0,False,0.5294117647058824,0.6678571428571428,True,False,19,1,1,1.1548358473824312,0.5,4,0.8082191780821918,False,0.4927536231884058
2025-05-05,6am,retest,long,-1.0,False,39.25,0.050955414012738856,-1.0,False,0.9681528662420382,0.8626373626373627,True,False,39,6,4,1.8074792243767313,13.75,0,0.9810690423162584,False,0.44413012729844414
2025-05-05,6am,failure,short,1.3,True,39.25,0.050955414012738856,-1.0,False,0.9681528662420382,0.8626373626373627,False,True,122,1,1,2.35049401976079,3.5,0,0.19376391982182628,True,0.44413012729844414
2025-05-05,7am,failure,short,1.3,True,53.75,0.5674418604651162,-1.0,False,0.7116279069767442,1.3694267515923566,False,False,62,1,1,2.35049401976079,4.5,0,0.18930957683741648,True,0.6142857142857143
2025-05-06,6am,retest,short,1.3,True,41.0,0.6280487804878049,1.0,False,0.5792682926829268,0.7922705314009661,True,False,0,13,1,,15.0,1,0.3247058823529412,True,0.4639321074964639
2025-05-06,6am,retest,long,-1.0,False,41.0,0.6280487804878049,1.0,False,0.5792682926829268,0.7922705314009661,False,True,24,1,1,2.842983828899322,5.5,1,0.8682352941176471,False,0.4639321074964639
2025-05-06,7am,retest,long,1.3,True,102.25,0.508557457212714,-1.0,False,0.40097799511002447,2.4939024390243905,True,False,76,2,1,1.941200161095449,6.75,1,1.0858823529411765,False,1.1685714285714286
2025-05-06,7am,failure,long,1.3,True,102.25,0.508557457212714,-1.0,False,0.40097799511002447,2.4939024390243905,True,False,40,1,4,2.239272520602444,3.0,1,1.0858823529411765,False,1.1685714285714286
2025-05-07,6am,retest,short,-1.0,False,40.75,0.15337423312883436,1.0,False,0.8957055214723927,0.8578947368421053,True,False,3,5,1,,8.5,2,0.6222887060583395,False,0.5563139931740614
2025-05-08,6am,retest,long,-1.0,False,30.75,0.24390243902439024,1.0,True,1.0,0.6373056994818653,False,False,14,7,1,0.28512396694214875,7.0,3,0.1023454157782516,True,0.5200845665961945
2025-05-08,6am,failure,long,-1.0,False,30.75,0.24390243902439024,1.0,True,1.0,0.6373056994818653,False,False,10,1,1,0.5467889908256881,3.75,3,0.1023454157782516,True,0.5200845665961945
2025-05-08,7am,retest,long,-1.0,False,72.25,0.7716262975778547,-1.0,False,0.42560553633217996,2.3495934959349594,True,False,36,13,3,4.903606259922885,50.5,3,0.22032693674484718,True,0.7994467496542186
2025-05-09,6am,retest,long,-1.0,False,42.0,0.7559523809523809,1.0,False,0.08928571428571429,1.5135135135135136,False,True,26,3,1,33.847646773410965,56.0,4,0.23927392739273928,True,0.7272727272727273
2025-05-12,6am,retest,short,1.3,True,100.5,0.6393034825870647,1.0,False,0.31343283582089554,2.5125,True,False,6,1,3,,8.5,0,1.0943140794223827,False,1.8873239436619718
2025-05-13,6am,retest,short,-1.0,False,50.75,0.1724137931034483,1.0,False,0.4236453201970443,0.9398148148148148,True,False,9,19,1,,21.25,1,0.62,True,0.9530516431924883
2025-05-13,7am,failure,short,-1.0,False,58.75,0.8680851063829788,1.0,False,0.41702127659574467,1.1576354679802956,True,False,0,1,4,,4.5,1,0.8483333333333334,True,0.6714285714285714
2025-05-14,6am,failure,short,-1.0,False,49.5,0.6767676767676768,1.0,False,0.7272727272727273,0.9565217391304348,True,False,0,1,1,,0.5,2,0.5553191489361702,False,0.9850746268656716
2025-05-15,6am,retest,short,-1.0,False,33.5,0.2462686567164179,-1.0,True,1.0,0.46366782006920415,False,False,1,76,1,,42.75,3,0.30227272727272725,True,0.6750629722921915
2025-05-15,6am,failure,short,-1.0,False,33.5,0.2462686567164179,-1.0,True,1.0,0.46366782006920415,False,False,0,1,1,,0.5,3,0.30227272727272725,True,0.6750629722921915
2025-05-15,7am,retest,short,-1.0,False,53.5,0.4672897196261682,1.0,False,0.20093457943925233,1.5970149253731343,True,True,32,8,1,3.454623287671233,25.25,3,0.4965909090909091,True,0.6114285714285714
2025-05-16,6am,retest,short,-1.0,False,41.5,0.42771084337349397,1.0,False,0.7228915662650602,1.3833333333333333,True,False,21,1,1,2.5229034531360113,2.0,4,0.948076923076923,False,0.8556701030927835
2025-05-16,6am,failure,long,1.3,True,41.5,0.42771084337349397,1.0,False,0.7228915662650602,1.3833333333333333,False,True,120,1,1,4.455727051177904,7.25,4,0.37115384615384617,True,0.8556701030927835
2025-05-16,7am,retest,short,1.3,True,41.0,0.5609756097560976,1.0,False,0.6036585365853658,0.9879518072289156,True,False,11,1,1,1.8482039397450754,3.0,4,1.073076923076923,False,0.5101088646967341
2025-05-16,7am,failure,short,1.3,True,41.0,0.5609756097560976,1.0,False,0.6036585365853658,0.9879518072289156,True,False,10,1,1,3.338485316846986,1.25,4,1.073076923076923,False,0.5101088646967341
2025-05-16,7am,failure,long,-1.0,False,41.0,0.5609756097560976,1.0,False,0.6036585365853658,0.9879518072289156,False,True,49,1,3,1.7930473673510876,2.0,4,0.2423076923076923,True,0.5101088646967341
2025-05-19,7am,failure,short,1.3,True,52.25,0.3397129186602871,1.0,False,0.84688995215311,0.6989966555183946,True,False,1,1,1,,1.0,0,0.32978723404255317,True,0.7048903878583473
2025-05-19,7am,failure,long,1.3,True,52.25,0.3397129186602871,1.0,False,0.84688995215311,0.6989966555183946,False,True,74,1,1,6.844133099824869,2.5,0,0.8412438625204582,False,0.7048903878583473
2025-05-20,6am,retest,short,1.3,True,45.0,0.7777777777777778,1.0,False,0.7277777777777777,1.2080536912751678,True,False,2,57,1,,19.0,1,0.42136498516320475,True,0.9549071618037135
2025-05-20,6am,failure,short,-1.0,False,45.0,0.7777777777777778,1.0,False,0.7277777777777777,1.2080536912751678,True,False,0,1,2,,7.25,1,0.42136498516320475,True,0.9549071618037135
2025-05-20,7am,failure,long,1.3,True,27.25,0.027522935779816515,1.0,False,0.30275229357798167,0.6055555555555555,False,False,3,1,1,,0.25,1,0.6275964391691394,False,0.3758620689655172
2025-05-21,6am,retest,short,-1.0,False,72.75,0.422680412371134,1.0,False,0.5670103092783505,0.9732441471571907,True,False,6,60,1,,53.25,2,0.22571819425444598,True,1.5858310626702998
2025-05-21,6am,failure,short,-1.0,False,72.75,0.422680412371134,1.0,False,0.5670103092783505,0.9732441471571907,True,False,0,1,6,,1.75,2,0.22571819425444598,True,1.5858310626702998
2025-05-21,7am,retest,long,-1.0,False,59.75,0.6694560669456067,1.0,False,0.1087866108786611,0.8213058419243986,False,False,39,6,2,1.5595700891836268,12.0,2,0.8098495212038304,False,0.855098389982111
2025-05-21,7am,failure,long,-1.0,False,59.75,0.6694560669456067,1.0,False,0.1087866108786611,0.8213058419243986,False,False,34,1,1,1.7065009560229447,4.0,2,0.8098495212038304,False,0.855098389982111
2025-05-22,6am,retest,long,-1.0,False,40.0,0.375,-1.0,False,0.80625,1.0596026490066226,True,True,37,3,1,1.0434322033898304,7.5,3,0.497787610619469,True,0.8311688311688312
2025-05-22,7am,failure,long,1.3,True,168.25,0.6181277860326895,-1.0,False,0.237741456166419,4.20625,True,False,1,1,12,,6.0,3,1.3407079646017699,False,2.644400785854617
2025-05-23,7am,retest,long,1.3,True,381.25,0.8970491803278688,-1.0,False,0.10098360655737705,8.198924731182796,True,False,0,1,1,,6.5,4,3.0191304347826087,False,5.992141453831041
2025-05-26,6am,failure,short,1.3,True,31.5,0.35714285714285715,1.0,False,0.5317460317460317,1.6153846153846154,True,False,14,1,2,1.519736842105263,0.25,0,0.9743975903614458,False,0.6866485013623979
2025-05-26,7am,retest,short,1.3,True,25.5,0.49019607843137253,1.0,False,0.8921568627450981,0.8095238095238095,True,False,10,1,1,0.5882352941176471,0.5,0,0.9826807228915663,False,0.40078585461689586
2025-05-26,7am,failure,short,1.3,True,25.5,0.49019607843137253,1.0,False,0.8921568627450981,0.8095238095238095,True,False,9,1,1,,3.0,0,0.9826807228915663,False,0.40078585461689586
2025-05-27,6am,retest,long,-1.0,False,50.5,0.594059405940594,-1.0,False,0.8168316831683168,1.1744186046511629,True,False,0,32,1,,28.5,1,0.27033218785796104,True,1.1284916201117319
2025-05-27,7am,retest,short,1.3,True,38.25,0.1503267973856209,-1.0,False,0.2549019607843137,0.7574257425742574,False,True,80,2,1,1.914672216441207,4.75,1,0.7743413516609393,False,0.6455696202531646
2025-05-27,7am,failure,short,1.3,True,38.25,0.1503267973856209,-1.0,False,0.2549019607843137,0.7574257425742574,False,True,79,1,1,1.6711158569140416,1.5,1,0.7743413516609393,False,0.6455696202531646
2025-05-28,6am,retest,short,-1.0,False,94.75,0.9155672823218998,1.0,False,0.07651715039577836,3.9072164948453607,True,False,0,1,1,,2.75,2,1.437299035369775,False,2.11731843575419
2025-05-29,7am,retest,long,-1.0,False,91.25,0.8876712328767123,-1.0,False,0.3232876712328767,1.1736334405144695,True,False,5,3,1,,14.5,3,0.5693035835023664,True,1.5835140997830803
2025-05-29,7am,failure,long,-1.0,False,91.25,0.8876712328767123,-1.0,False,0.3232876712328767,1.1736334405144695,True,False,0,1,5,,4.25,3,0.5693035835023664,True,1.5835140997830803
2025-05-30,6am,retest,short,-1.0,False,40.5,0.5185185185185185,1.0,False,0.8209876543209876,1.0451612903225806,True,False,4,42,2,,31.0,4,0.8452173913043478,False,0.9050279329608939
2025-05-30,6am,retest,long,1.3,True,40.5,0.5185185185185185,1.0,False,0.8209876543209876,1.0451612903225806,False,True,70,24,1,6.825746942049328,123.25,4,0.4365217391304348,True,0.9050279329608939
2025-05-30,6am,failure,short,-1.0,False,40.5,0.5185185185185185,1.0,False,0.8209876543209876,1.0451612903225806,True,False,0,1,2,,0.5,4,0.8452173913043478,False,0.9050279329608939
2025-05-30,7am,retest,long,-1.0,False,44.5,0.07303370786516854,1.0,False,0.30337078651685395,1.0987654320987654,False,False,10,69,1,4.159335288367546,150.25,4,0.24869565217391304,True,0.7510548523206751
2025-05-30,7am,failure,long,-1.0,False,44.5,0.07303370786516854,1.0,False,0.30337078651685395,1.0987654320987654,False,False,9,1,1,,93.75,4,0.24869565217391304,True,0.7510548523206751
2025-06-02,6am,retest,short,-1.0,False,39.25,0.6369426751592356,1.0,False,0.7197452229299363,0.9515151515151515,True,False,4,76,1,,38.0,0,0.48787061994609165,True,0.9075144508670521
2025-06-02,6am,failure,short,-1.0,False,39.25,0.6369426751592356,1.0,False,0.7197452229299363,0.9515151515151515,True,False,3,1,1,,0.25,0,0.48787061994609165,True,0.9075144508670521
2025-06-02,7am,retest,short,1.3,True,52.75,0.0947867298578199,1.0,False,0.2796208530805687,1.3439490445859872,True,False,45,1,1,1.7022384174908902,3.0,0,0.692722371967655,True,0.9377777777777778
2025-06-03,6am,retest,short,-1.0,False,58.0,0.7413793103448276,1.0,False,0.4956896551724138,1.7058823529411764,True,False,0,1,4,,3.0,1,0.6089743589743589,True,1.3892215568862276
2025-06-03,7am,retest,short,1.3,True,51.75,0.6231884057971014,1.0,False,0.19806763285024154,0.8922413793103449,True,False,26,4,2,2.0104244229337302,7.75,1,0.875,True,0.965034965034965
2025-06-03,7am,failure,short,1.3,True,51.75,0.6231884057971014,1.0,False,0.19806763285024154,0.8922413793103449,True,False,1,1,25,,3.75,1,0.875,True,0.965034965034965
2025-06-04,6am,retest,short,1.3,True,43.25,0.31213872832369943,1.0,False,0.6011560693641619,1.5175438596491229,True,False,67,1,1,1.5963718820861679,3.25,2,1.173780487804878,False,1.035928143712575
2025-06-04,6am,retest,long,1.3,True,43.25,0.31213872832369943,1.0,False,0.6011560693641619,1.5175438596491229,False,True,76,64,5,3.376937984496124,64.5,2,0.35365853658536583,True,1.035928143712575
2025-06-04,6am,failure,short,1.3,True,43.25,0.31213872832369943,1.0,False,0.6011560693641619,1.5175438596491229,True,False,63,1,4,3.715903242408646,1.5,2,1.173780487804878,False,1.035928143712575
2025-06-04,6am,failure,long,-1.0,False,43.25,0.31213872832369943,1.0,False,0.6011560693641619,1.5175438596491229,False,True,75,1,1,12.194369456228307,8.75,2,0.35365853658536583,True,1.035928143712575
2025-06-04,7am,retest,short,1.3,True,28.75,0.08695652173913043,-1.0,True,1.0,0.6647398843930635,False,False,3,2,1,,8.5,2,1.0884146341463414,False,0.5411764705882353
2025-06-04,7am,retest,long,-1.0,False,28.75,0.08695652173913043,-1.0,True,1.0,0.6647398843930635,True,True,15,68,1,10.615487914055505,72.0,2,0.2621951219512195,True,0.5411764705882353
2025-06-04,7am,failure,short,1.3,True,28.75,0.08695652173913043,-1.0,True,1.0,0.6647398843930635,False,False,1,1,1,,2.25,2,1.0884146341463414,False,0.5411764705882353
2025-06-05,6am,retest,short,-1.0,False,51.0,0.024509803921568627,1.0,False,0.5392156862745098,1.8545454545454545,True,True,109,10,1,11.543887147335424,93.25,3,0.6826722338204593,False,1.221556886227545
2025-06-05,6am,retest,long,1.3,True,51.0,0.024509803921568627,1.0,False,0.5392156862745098,1.8545454545454545,False,False,14,4,1,1.2985257985257985,8.0,3,0.7432150313152401,True,1.221556886227545
2025-06-05,6am,failure,long,1.3,True,51.0,0.024509803921568627,1.0,False,0.5392156862745098,1.8545454545454545,False,False,12,1,1,1.9479326186830017,1.5,3,0.7432150313152401,True,1.221556886227545
2025-06-05,7am,retest,long,1.3,True,34.5,0.1956521739130435,-1.0,False,0.7681159420289855,0.6764705882352942,True,True,30,2,1,17.144263909404234,33.25,3,0.8100208768267223,True,0.6494117647058824
2025-06-05,7am,failure,short,1.3,True,34.5,0.1956521739130435,-1.0,False,0.7681159420289855,0.6764705882352942,False,False,13,1,1,1.0197879858657244,1.0,3,0.4780793319415449,False,0.6494117647058824
2025-06-06,6am,retest,long,1.3,True,39.0,0.7435897435897436,-1.0,False,0.8974358974358975,0.9936305732484076,True,False,0,2,1,,12.75,4,0.15945330296127563,True,0.9149560117302052
2025-06-06,7am,failure,short,1.3,True,41.75,0.32335329341317365,1.0,False,0.6946107784431138,1.0705128205128205,True,False,3,1,2,,0.25,4,0.9726651480637813,False,0.7952380952380952
2025-06-09,6am,retest,short,1.3,True,27.75,0.15315315315315314,-1.0,False,0.6396396396396397,1.3373493975903614,False,False,8,1,1,,3.75,0,0.7159904534606205,True,0.6510263929618768
2025-06-09,6am,failure,short,1.3,True,27.75,0.15315315315315314,-1.0,False,0.6396396396396397,1.3373493975903614,False,False,7,1,1,,1.25,0,0.7159904534606205,True,0.6510263929618768
2025-06-10,6am,retest,short,1.3,True,29.0,0.41379310344827586,1.0,False,0.45689655172413796,0.8055555555555556,True,True,59,2,1,0.8878718535469108,3.0,1,0.5202072538860104,False,0.6803519061583577
2025-06-10,7am,retest,short,1.3,True,55.5,0.2882882882882883,1.0,False,0.5225225225225225,1.9137931034482758,True,False,0,1,1,,2.0,1,0.5243523316062176,False,1.0571428571428572
2025-06-11,7am,retest,short,-1.0,False,58.25,0.017167381974248927,1.0,False,0.51931330472103,1.9256198347107438,True,False,4,1,1,,52.5,2,0.5437956204379562,True,1.1095238095238096
2025-06-12,6am,retest,short,-1.0,False,66.75,0.06741573033707865,-1.0,False,0.5243445692883895,1.277511961722488,False,True,99,12,1,0.8097808828199429,22.0,3,0.6229281767955801,True,1.565982404692082
2025-06-12,6am,retest,long,-1.0,False,66.75,0.06741573033707865,-1.0,False,0.5243445692883895,1.277511961722488,True,False,30,1,7,5.5683890577507595,3.75,3,0.7458563535911602,False,1.565982404692082
2025-06-12,6am,failure,short,-1.0,False,66.75,0.06741573033707865,-1.0,False,0.5243445692883895,1.277511961722488,False,True,96,1,1,2.2161952731499417,3.0,3,0.6229281767955801,True,1.565982404692082
2025-06-13,6am,retest,short,-1.0,False,63.25,0.4743083003952569,1.0,False,0.782608695652174,0.9440298507462687,True,False,1,16,1,,45.0,4,0.41989881956155145,True,1.43342776203966
2025-06-13,6am,failure,short,-1.0,False,63.25,0.4743083003952569,1.0,False,0.782608695652174,0.9440298507462687,True,False,0,1,1,,1.25,4,0.41989881956155145,True,1.43342776203966
2025-06-13,7am,retest,long,1.3,True,60.25,0.5186721991701245,1.0,False,0.25311203319502074,0.9525691699604744,False,False,71,2,5,1.7345038574088854,8.5,4,0.6143901068015739,False,1.1476190476190475
2025-06-13,7am,failure,long,1.3,True,60.25,0.5186721991701245,1.0,False,0.25311203319502074,0.9525691699604744,False,False,63,1,8,1.1302721795138166,0.75,4,0.6143901068015739,False,1.1476190476190475
2025-06-16,7am,retest,short,-1.0,False,59.75,0.48535564853556484,1.0,False,0.5062761506276151,1.4484848484848485,True,False,9,58,1,,29.0,0,1.0410958904109588,False,1.138095238095238
2025-06-16,7am,failure,short,-1.0,False,59.75,0.48535564853556484,1.0,False,0.5062761506276151,1.4484848484848485,True,False,0,1,1,,5.25,0,1.0410958904109588,False,1.138095238095238
2025-06-17,6am,retest,short,-1.0,False,59.0,0.11016949152542373,1.0,False,0.5720338983050848,0.9402390438247012,True,False,18,23,1,0.7564202334630351,19.0,1,0.2943722943722944,True,1.3371104815864023
2025-06-17,6am,failure,short,-1.0,False,59.0,0.11016949152542373,1.0,False,0.5720338983050848,0.9402390438247012,True,False,12,1,4,1.5550122249388751,0.5,1,0.2943722943722944,True,1.3371104815864023
2025-06-17,7am,retest,short,-1.0,False,45.25,0.7513812154696132,1.0,False,0.5580110497237569,0.7669491525423728,True,False,1,8,1,,14.5,1,0.4098124098124098,True,0.861904761904762
2025-06-19,6am,retest,long,-1.0,False,44.25,0.2711864406779661,1.0,False,0.6101694915254238,1.6388888888888888,False,False,11,19,1,1.8385714285714287,25.5,3,0.8430851063829787,False,1.0028328611898016
2025-06-19,6am,failure,long,-1.0,False,44.25,0.2711864406779661,1.0,False,0.6101694915254238,1.6388888888888888,False,False,9,1,1,,1.25,3,0.8430851063829787,False,1.0028328611898016
2025-06-20,6am,retest,short,-1.0,False,28.25,0.02654867256637168,-1.0,False,0.8672566371681416,0.6457142857142857,False,False,7,6,2,,7.5,4,0.8132678132678133,False,0.6457142857142857
2025-06-20,6am,failure,short,-1.0,False,28.25,0.02654867256637168,-1.0,False,0.8672566371681416,0.6457142857142857,False,False,5,1,1,,3.75,4,0.8132678132678133,False,0.6457142857142857
2025-06-20,7am,retest,short,-1.0,False,110.25,0.6213151927437641,1.0,False,0.14058956916099774,3.9026548672566372,True,False,34,1,1,3.5311627906976746,12.75,4,1.278869778869779,False,2.1201923076923075
2025-06-20,7am,failure,short,-1.0,False,110.25,0.6213151927437641,1.0,False,0.14058956916099774,3.9026548672566372,True,False,33,1,1,7.07419275326596,6.0,4,1.278869778869779,False,2.1201923076923075
2025-06-23,6am,retest,long,1.3,True,78.5,0.33121019108280253,-1.0,False,0.554140127388535,1.4811320754716981,True,False,5,70,1,,71.25,0,0.2596026490066225,True,1.7942857142857143
2025-06-23,7am,retest,short,1.3,True,89.25,0.3753501400560224,-1.0,False,0.20168067226890757,1.1369426751592357,False,False,37,3,1,1.744921744921745,7.25,0,0.7880794701986755,False,1.7
2025-06-23,7am,failure,short,1.3,True,89.25,0.3753501400560224,-1.0,False,0.20168067226890757,1.1369426751592357,False,False,36,1,1,1.178439906260462,1.5,0,0.7880794701986755,False,1.7
2025-06-24,6am,retest,long,-1.0,False,42.25,0.6923076923076923,-1.0,False,0.4437869822485207,0.8666666666666667,True,False,3,1,2,,2.75,1,0.32784313725490194,True,0.9467787114845938
2025-06-24,7am,retest,short,1.3,True,59.25,0.3628691983122363,1.0,False,0.5232067510548524,1.4023668639053255,True,False,3,1,2,,2.0,1,0.7694117647058824,False,1.094688221709007
2025-06-24,7am,failure,short,1.3,True,59.25,0.3628691983122363,1.0,False,0.5232067510548524,1.4023668639053255,True,False,1,1,1,,2.25,1,0.7694117647058824,False,1.094688221709007
2025-06-25,6am,failure,short,-1.0,False,44.5,0.5112359550561798,1.0,False,0.7247191011235955,1.37984496124031,True,False,22,1,1,1.2976721149083705,0.5,2,1.053763440860215,False,1.0171428571428571
2025-06-25,7am,retest,short,-1.0,False,48.75,0.8666666666666667,1.0,False,0.2923076923076923,1.095505617977528,True,False,17,1,8,0.46858532630725575,0.5,2,1.5483870967741935,False,0.8571428571428571
2025-06-25,7am,failure,short,-1.0,False,48.75,0.8666666666666667,1.0,False,0.2923076923076923,1.095505617977528,True,False,0,1,16,,5.5,2,1.5483870967741935,False,0.8571428571428571
2025-06-26,6am,retest,long,1.3,True,39.75,0.16352201257861634,1.0,False,0.5911949685534591,1.6914893617021276,False,True,93,3,1,5.305583085563264,21.5,3,0.25359712230215825,True,0.9085714285714286
2025-06-26,7am,retest,short,1.3,True,22.75,0.8571428571428571,1.0,True,1.0,0.5723270440251572,True,False,2,5,4,,7.75,3,1.0035971223021583,False,0.42032332563510394
2025-06-26,7am,retest,long,-1.0,False,22.75,0.8571428571428571,1.0,True,1.0,0.5723270440251572,False,True,31,1,1,4.103618421052632,2.25,3,0.16007194244604317,True,0.42032332563510394
2025-06-26,7am,failure,short,1.3,True,22.75,0.8571428571428571,1.0,True,1.0,0.5723270440251572,True,False,0,1,1,,2.0,3,1.0035971223021583,False,0.42032332563510394
2025-06-27,6am,retest,short,1.3,True,23.5,0.43617021276595747,-1.0,False,0.8191489361702128,1.146341463414634,False,False,9,82,1,,39.0,4,0.8897243107769424,False,0.5371428571428571
2025-06-27,6am,failure,short,-1.0,False,23.5,0.43617021276595747,-1.0,False,0.8191489361702128,1.146341463414634,False,False,1,1,2,,6.0,4,0.8897243107769424,False,0.5371428571428571
2025-06-27,6am,failure,long,-1.0,False,23.5,0.43617021276595747,-1.0,False,0.8191489361702128,1.146341463414634,True,True,111,1,2,1.6259221756111675,2.75,4,0.3458646616541353,True,0.5371428571428571
2025-06-27,7am,retest,short,1.3,True,47.25,0.9365079365079365,1.0,False,0.3439153439153439,2.0106382978723403,True,False,0,1,2,,8.0,4,1.200501253132832,False,0.9043062200956937
2025-06-27,7am,retest,long,-1.0,False,47.25,0.9365079365079365,1.0,False,0.3439153439153439,2.0106382978723403,False,True,42,1,1,2.3046875,1.0,4,0.2731829573934837,True,0.9043062200956937
2025-06-30,6am,retest,long,-1.0,False,29.5,0.3135593220338983,1.0,True,1.0,0.6210526315789474,False,False,92,39,1,3.3766233766233764,25.5,0,0.21865443425076453,True,0.6742857142857143
2025-06-30,7am,retest,long,-1.0,False,24.75,0.16161616161616163,1.0,True,1.0,0.8389830508474576,False,False,32,46,7,3.3766233766233764,27.25,0,0.20795107033639143,True,0.4925373134328358
2025-07-01,6am,retest,short,1.3,True,15.0,0.5166666666666667,1.0,True,1.0,0.40816326530612246,True,False,0,12,1,,8.5,1,0.26715686274509803,True,0.3508771929824561
2025-07-01,6am,retest,long,-1.0,False,15.0,0.5166666666666667,1.0,True,1.0,0.40816326530612246,False,True,52,1,1,1.9047619047619047,2.75,1,0.8799019607843137,False,0.3508771929824561
2025-07-01,6am,failure,long,-1.0,False,15.0,0.5166666666666667,1.0,True,1.0,0.40816326530612246,False,True,51,1,1,1.6680294358135732,0.5,1,0.8799019607843137,False,0.3508771929824561
2025-07-01,7am,retest,long,-1.0,False,39.75,0.29559748427672955,-1.0,False,0.37735849056603776,2.65,True,False,8,61,2,,53.0,1,1.0392156862745099,False,0.7910447761194029
2025-07-02,6am,retest,long,-1.0,False,45.75,0.5628415300546448,-1.0,False,0.4972677595628415,2.010989010989011,True,False,48,23,4,2.536842105263158,33.75,2,1.033096926713948,False,1.105740181268882
2025-07-02,7am,retest,long,-1.0,False,63.5,0.3858267716535433,-1.0,False,0.468503937007874,1.3879781420765027,True,False,24,4,1,4.556458897922313,16.25,2,1.3522458628841607,False,1.263681592039801
2025-07-03,6am,retest,short,-1.0,False,26.0,0.16346153846153846,1.0,False,0.36538461538461536,0.9904761904761905,True,False,3,9,1,,9.25,3,0.3918918918918919,False,0.6081871345029239
2025-07-03,7am,failure,short,-1.0,False,19.0,0.5131578947368421,1.0,False,0.39473684210526316,0.7307692307692307,True,False,2,1,1,,6.75,3,0.5472972972972973,False,0.3781094527363184
2025-07-07,6am,retest,short,-1.0,False,30.5,0.08196721311475409,-1.0,False,0.22131147540983606,0.5327510917030568,False,True,67,2,1,3.6047234307022995,3.0,0,0.6798336798336798,True,0.7134502923976608
2025-07-07,6am,retest,long,1.3,True,30.5,0.08196721311475409,-1.0,False,0.22131147540983606,0.5327510917030568,True,False,7,1,1,,1.0,0,0.5738045738045738,False,0.7134502923976608
2025-07-07,6am,failure,long,1.3,True,30.5,0.08196721311475409,-1.0,False,0.22131147540983606,0.5327510917030568,True,False,6,1,1,,0.75,0,0.5738045738045738,False,0.7134502923976608
2025-07-07,7am,retest,short,1.3,True,30.75,0.6341463414634146,1.0,False,0.8292682926829268,1.0081967213114753,True,False,7,20,1,,16.75,0,0.6382536382536382,False,0.6119402985074627
2025-07-07,7am,retest,long,-1.0,False,30.75,0.6341463414634146,1.0,False,0.8292682926829268,1.0081967213114753,False,True,54,3,1,7.350293542074364,7.5,0,0.6174636174636174,True,0.6119402985074627
2025-07-08,6am,retest,short,1.3,True,47.5,0.4,1.0,False,0.7473684210526316,1.3103448275862069,True,False,42,4,1,3.6395450568678918,3.5,1,0.8797564687975646,False,1.1585365853658536
2025-07-08,7am,failure,long,1.3,True,26.5,0.16981132075471697,-1.0,False,0.8490566037735849,0.5578947368421052,True,False,1,1,1,,1.25,1,0.2572298325722983,True,0.5520833333333334
2025-07-09,6am,retest,short,-1.0,False,24.5,0.061224489795918366,-1.0,True,1.0,0.47115384615384615,False,False,14,1,1,2.218700475435816,2.0,2,0.9191919191919192,False,0.5975609756097561
2025-07-09,7am,retest,short,1.3,True,32.75,0.46564885496183206,1.0,False,0.4580152671755725,1.336734693877551,True,False,47,3,1,2.375296912114014,3.5,2,1.0984848484848484,False,0.7081081081081081
2025-07-10,6am,retest,short,-1.0,False,32.0,0.625,1.0,False,0.8984375,0.8366013071895425,True,False,5,1,1,,2.25,3,0.8676056338028169,False,0.8126984126984127
2025-07-10,7am,failure,long,1.3,True,38.75,0.7096774193548387,1.0,False,0.3935483870967742,1.2109375,False,False,38,1,1,1.218303701544739,0.75,3,0.30422535211267604,True,0.8378378378378378
2025-07-11,6am,retest,short,-1.0,False,40.25,0.2111801242236025,1.0,False,0.84472049689441,0.7252252252252253,True,False,14,3,1,0.9218461538461539,5.25,4,0.27963176064441886,True,1.1219512195121952
2025-07-11,6am,failure,short,-1.0,False,40.25,0.2111801242236025,1.0,False,0.84472049689441,0.7252252252252253,True,False,12,1,2,1.1890372452565003,1.0,4,0.27963176064441886,True,1.1219512195121952
2025-07-14,6am,retest,short,-1.0,False,30.0,0.75,-1.0,False,0.7083333333333334,1.2121212121212122,False,True,82,9,7,2.8849270664505675,8.75,0,0.9652605459057072,False,0.75
2025-07-14,6am,retest,long,1.3,True,30.0,0.75,-1.0,False,0.7083333333333334,1.2121212121212122,True,False,22,3,1,0.40425531914893614,5.75,0,0.3325062034739454,True,0.75
2025-07-14,6am,failure,short,-1.0,False,30.0,0.75,-1.0,False,0.7083333333333334,1.2121212121212122,False,True,81,1,1,3.9975247524752477,3.0,0,0.9652605459057072,False,0.75
2025-07-14,7am,retest,short,-1.0,False,35.0,0.2857142857142857,1.0,False,0.8357142857142857,1.1666666666666667,True,False,20,12,6,2.176470588235294,9.5,0,0.9578163771712159,False,0.7567567567567568
2025-07-15,6am,retest,short,1.3,True,27.75,0.14414414414414414,-1.0,False,0.6396396396396397,0.925,False,True,90,1,1,10.223001753946379,10.0,1,1.0543478260869565,False,0.69375
2025-07-15,6am,retest,long,-1.0,False,27.75,0.14414414414414414,-1.0,False,0.6396396396396397,0.925,True,True,46,10,6,2.4982746721877156,8.25,1,0.09646739130434782,True,0.69375
2025-07-15,7am,retest,short,1.3,True,38.0,0.07894736842105263,-1.0,False,0.7302631578947368,1.3693693693693694,False,True,30,1,1,10.223001753946379,8.0,1,1.065217391304348,False,0.8216216216216217
2025-07-15,7am,retest,long,-1.0,False,38.0,0.07894736842105263,-1.0,False,0.7302631578947368,1.3693693693693694,True,False,5,1,1,,2.75,1,0.14130434782608695,True,0.8216216216216217
2025-07-16,6am,retest,short,-1.0,False,28.25,0.4778761061946903,1.0,False,0.415929203539823,1.107843137254902,True,False,71,16,1,1.1318619128466327,12.25,2,0.7913978494623656,True,0.7874564459930313
2025-07-16,6am,failure,short,1.3,True,28.25,0.4778761061946903,1.0,False,0.415929203539823,1.107843137254902,True,False,4,1,1,,1.25,2,0.7913978494623656,True,0.7874564459930313
2025-07-16,7am,retest,short,-1.0,False,28.75,0.21739130434782608,1.0,False,0.8956521739130435,1.0176991150442478,True,False,11,13,1,0.8661417322834646,9.25,2,0.8172043010752689,False,0.6764705882352942
2025-07-17,6am,retest,short,1.3,True,27.75,0.6486486486486487,-1.0,False,0.43243243243243246,1.2333333333333334,False,True,100,41,2,0.9332146037399822,43.25,3,0.7291280148423006,False,0.888
2025-07-17,6am,retest,long,-1.0,False,27.75,0.6486486486486487,-1.0,False,0.43243243243243246,1.2333333333333334,True,False,0,6,1,,15.5,3,0.47680890538033394,True,0.888
2025-07-17,7am,retest,short,1.3,True,23.75,0.11578947368421053,-1.0,False,0.3473684210526316,0.8558558558558559,False,False,2,1,1,,2.25,3,0.5844155844155844,False,0.6050955414012739
2025-07-17,7am,failure,short,1.3,True,23.75,0.11578947368421053,-1.0,False,0.3473684210526316,0.8558558558558559,False,False,1,1,1,,0.25,3,0.5844155844155844,False,0.6050955414012739
2025-07-18,6am,failure,short,1.3,True,29.25,0.39316239316239315,-1.0,False,0.2222222222222222,1.8870967741935485,False,True,126,1,1,2.2040549378678875,2.5,4,0.5642023346303502,False,0.9669421487603306
2025-07-21,6am,retest,long,-1.0,False,24.5,0.04081632653061224,1.0,False,0.5510204081632653,1.8148148148148149,False,False,12,9,4,1.9174434087882821,4.5,0,0.26252983293556087,True,0.8235294117647058
2025-07-21,7am,retest,long,-1.0,False,17.5,0.8,-1.0,False,0.6571428571428571,0.7142857142857143,True,False,7,5,1,,4.25,0,0.3198090692124105,True,0.4560260586319218
2025-07-22,6am,retest,short,-1.0,False,24.25,0.7525773195876289,1.0,False,0.38144329896907214,1.2597402597402598,True,False,1,18,1,,22.75,1,0.3442211055276382,True,0.8151260504201681
2025-07-22,7am,retest,short,-1.0,False,38.5,0.8376623376623377,1.0,False,0.2077922077922078,1.5876288659793814,True,False,0,1,2,,2.5,1,0.6507537688442211,True,1.0547945205479452
2025-07-23,6am,retest,long,-1.0,False,21.5,0.5348837209302325,-1.0,True,1.0,0.86,True,False,3,2,1,,2.75,2,0.2092511013215859,True,0.7319148936170212
2025-07-23,6am,failure,long,-1.0,False,21.5,0.5348837209302325,-1.0,True,1.0,0.86,True,False,0,1,1,,0.25,2,0.2092511013215859,True,0.7319148936170212
2025-07-23,7am,failure,long,1.3,True,31.25,0.112,-1.0,False,0.128,1.4534883720930232,True,True,51,1,2,2.1334134615384617,1.75,2,0.44933920704845814,True,0.8561643835616438
2025-07-24,6am,retest,short,1.3,True,31.25,0.552,-1.0,False,0.408,2.0833333333333335,False,False,41,2,1,7.036496350364963,8.0,3,0.631578947368421,True,1.0869565217391304
2025-07-24,6am,retest,long,-1.0,False,31.25,0.552,-1.0,False,0.408,2.0833333333333335,True,True,95,1,1,0.8646917534027222,2.5,3,0.7796052631578947,False,1.0869565217391304
2025-07-24,6am,failure,short,1.3,True,31.25,0.552,-1.0,False,0.408,2.0833333333333335,False,False,35,1,6,1.3963039014373717,1.25,3,0.631578947368421,True,1.0869565217391304
2025-07-24,6am,failure,long,-1.0,False,31.25,0.552,-1.0,False,0.408,2.0833333333333335,True,True,94,1,1,2.502192341420637,4.0,3,0.7796052631578947,False,1.0869565217391304
2025-07-24,7am,retest,long,-1.0,False,36.25,0.36551724137931035,1.0,False,0.7793103448275862,1.16,False,False,24,3,4,1.5333609614587649,2.5,3,0.7401315789473685,False,1.070110701107011
2025-07-24,7am,failure,long,-1.0,False,36.25,0.36551724137931035,1.0,False,0.7793103448275862,1.16,False,False,23,1,1,3.319268635724332,0.75,3,0.7401315789473685,False,1.070110701107011
2025-07-25,6am,retest,long,-1.0,False,20.75,0.6506024096385542,1.0,False,0.3253012048192771,0.9880952380952381,False,False,31,2,1,2.8363636363636364,4.25,4,0.7661290322580645,False,0.7217391304347827
2025-07-25,6am,failure,long,-1.0,False,20.75,0.6506024096385542,1.0,False,0.3253012048192771,0.9880952380952381,False,False,27,1,4,1.7597551644988525,0.75,4,0.7661290322580645,False,0.7217391304347827
2025-07-25,7am,failure,long,1.3,True,28.25,0.8053097345132744,-1.0,False,0.6548672566371682,1.3614457831325302,True,False,6,1,1,,0.75,4,0.8709677419354839,False,0.8339483394833949
2025-07-28,6am,failure,long,-1.0,False,42.25,0.7514792899408284,-1.0,False,0.11242603550295859,2.0864197530864197,True,False,127,1,1,2.3266499582289057,2.0,0,1.236923076923077,False,1.5089285714285714
2025-07-28,7am,retest,short,1.3,True,17.5,0.4857142857142857,1.0,True,1.0,0.41420118343195267,True,True,28,2,1,0.9708737864077669,3.5,0,0.043076923076923075,True,0.546875
2025-07-28,7am,retest,long,1.3,True,17.5,0.4857142857142857,1.0,True,1.0,0.41420118343195267,False,False,14,1,2,3.828987265009096,3.75,0,1.1723076923076923,False,0.546875
2025-07-28,7am,failure,short,1.3,True,17.5,0.4857142857142857,1.0,True,1.0,0.41420118343195267,True,True,26,1,1,2.6418088060293536,2.5,0,0.043076923076923075,True,0.546875
2025-07-29,6am,retest,short,1.3,True,16.75,0.029850746268656716,1.0,False,0.8805970149253731,0.6146788990825688,True,True,66,1,1,3.8394276629570747,4.0,1,1.0192307692307692,False,0.5826086956521739
2025-07-29,6am,retest,long,-1.0,False,16.75,0.029850746268656716,1.0,False,0.8805970149253731,0.6146788990825688,False,False,20,1,11,1.337849280270957,2.5,1,0.14182692307692307,True,0.5826086956521739
2025-07-29,6am,failure,long,-1.0,False,16.75,0.029850746268656716,1.0,False,0.8805970149253731,0.6146788990825688,False,False,19,1,1,1.3159800814848348,0.5,1,0.14182692307692307,True,0.5826086956521739
2025-07-29,7am,retest,short,1.3,True,28.25,0.04424778761061947,1.0,False,0.5132743362831859,1.6865671641791045,True,False,6,2,1,,6.75,1,0.9975961538461539,False,0.9112903225806451
2025-07-29,7am,retest,long,1.3,True,28.25,0.04424778761061947,1.0,False,0.5132743362831859,1.6865671641791045,False,True,56,3,1,2.2394106813996317,6.0,1,0.27403846153846156,True,0.9112903225806451
2025-07-29,7am,failure,short,1.3,True,28.25,0.04424778761061947,1.0,False,0.5132743362831859,1.6865671641791045,True,False,5,1,1,,0.75,1,0.9975961538461539,False,0.9112903225806451
2025-07-29,7am,failure,long,1.3,True,28.25,0.04424778761061947,1.0,False,0.5132743362831859,1.6865671641791045,False,True,54,1,1,2.9691629955947136,0.75,1,0.27403846153846156,True,0.9112903225806451
2025-07-30,6am,retest,long,-1.0,False,19.75,0.7848101265822784,1.0,False,0.46835443037974683,0.8494623655913979,False,True,69,4,1,7.917995444191344,17.25,2,0.37549407114624506,True,0.7053571428571429
2025-07-30,6am,failure,short,1.3,True,19.75,0.7848101265822784,1.0,False,0.46835443037974683,0.8494623655913979,True,False,0,1,10,,0.5,2,0.9367588932806324,False,0.7053571428571429
2025-07-30,7am,retest,long,-1.0,False,24.25,0.010309278350515464,-1.0,False,0.44329896907216493,1.2278481012658229,True,False,7,32,1,,26.25,2,0.233201581027668,True,0.782258064516129
2025-07-30,7am,failure,long,-1.0,False,24.25,0.010309278350515464,-1.0,False,0.44329896907216493,1.2278481012658229,True,False,2,1,1,,0.25,2,0.233201581027668,True,0.782258064516129
2025-07-31,6am,retest,short,1.3,True,30.25,0.21487603305785125,-1.0,False,0.7024793388429752,1.21,False,True,98,1,1,0.9561152164077816,1.5,3,0.7374213836477987,False,1.0803571428571428
2025-07-31,6am,retest,long,-1.0,False,30.25,0.21487603305785125,-1.0,False,0.7024793388429752,1.21,True,False,20,5,1,1.2284759701876125,5.5,3,0.4528301886792453,True,1.0803571428571428
2025-08-01,6am,retest,short,1.3,True,96.0,0.75,-1.0,False,0.4348958333333333,1.761467889908257,False,False,63,5,1,1.7936054068105018,6.25,4,0.22807017543859648,True,3.4285714285714284
2025-08-01,6am,failure,short,1.3,True,96.0,0.75,-1.0,False,0.4348958333333333,1.761467889908257,False,False,48,1,10,1.1337423312883435,1.0,4,0.22807017543859648,True,3.4285714285714284
2025-08-01,7am,retest,short,1.3,True,78.0,0.9006410256410257,1.0,False,0.9743589743589743,0.8125,True,False,3,1,1,,2.75,4,0.23508771929824562,True,2.6218487394957983
2025-08-01,7am,failure,long,1.3,True,78.0,0.9006410256410257,1.0,False,0.9743589743589743,0.8125,False,True,85,1,1,3.725824800910125,5.75,4,1.03859649122807,False,2.6218487394957983
2025-08-04,6am,retest,short,1.3,True,25.75,0.2621359223300971,1.0,False,0.912621359223301,1.0957446808510638,True,True,91,1,4,1.9135364989369243,3.75,0,1.0019550342130987,False,0.8956521739130435
2025-08-04,6am,retest,long,1.3,True,25.75,0.2621359223300971,1.0,False,0.912621359223301,1.0957446808510638,False,False,1,25,1,,20.75,0,0.09872922776148582,True,0.8956521739130435
2025-08-04,6am,failure,short,1.3,True,25.75,0.2621359223300971,1.0,False,0.912621359223301,1.0957446808510638,True,True,90,1,1,4.330413016270338,2.5,0,1.0019550342130987,False,0.8956521739130435
2025-08-04,7am,retest,short,-1.0,False,44.5,0.39325842696629215,-1.0,False,0.5337078651685393,1.7281553398058251,False,False,30,3,2,4.330413016270338,5.75,0,0.9941348973607038,False,1.435483870967742
2025-08-05,6am,retest,short,1.3,True,48.0,0.7760416666666666,1.0,False,0.11458333333333333,1.9793814432989691,True,False,8,1,3,,0.5,1,0.9469026548672567,False,1.7142857142857142
2025-08-05,6am,retest,long,-1.0,False,48.0,0.7760416666666666,1.0,False,0.11458333333333333,1.9793814432989691,False,True,144,3,1,1.577300229501356,3.75,1,0.6194690265486725,True,1.7142857142857142
2025-08-05,7am,retest,long,1.3,True,34.25,0.021897810218978103,-1.0,False,0.8978102189781022,0.7135416666666666,True,True,22,1,1,1.6145454545454545,11.5,1,0.415929203539823,True,1.1048387096774193
2025-08-06,6am,retest,short,-1.0,False,49.5,0.06565656565656566,-1.0,False,0.5050505050505051,1.0206185567010309,False,False,0,6,1,,15.75,2,0.6129476584022039,False,1.7678571428571428
2025-08-07,6am,retest,long,-1.0,False,29.75,0.5126050420168067,1.0,False,0.40336134453781514,0.4204946996466431,False,True,35,6,2,1.0855949895615866,13.0,3,0.05357142857142857,True,1.0347826086956522
2025-08-07,6am,failure,long,-1.0,False,29.75,0.5126050420168067,1.0,False,0.40336134453781514,0.4204946996466431,False,True,34,1,1,1.9535175879396987,1.25,3,0.05357142857142857,True,1.0347826086956522
2025-08-07,7am,failure,long,1.3,True,59.0,0.6059322033898306,-1.0,False,0.5042372881355932,1.9831932773109244,True,False,4,1,1,,0.75,3,0.12723214285714285,True,1.903225806451613
2025-08-08,6am,retest,short,1.3,True,15.25,0.2786885245901639,1.0,True,1.0,0.5700934579439252,True,False,15,2,1,4.225230414746544,5.0,4,0.909375,False,0.5304347826086957
2025-08-08,6am,failure,long,-1.0,False,15.25,0.2786885245901639,1.0,True,1.0,0.5700934579439252,False,True,67,1,1,3.4318038969201763,1.75,4,0.28125,True,0.5304347826086957
2025-08-08,7am,failure,long,-1.0,False,20.75,0.3373493975903614,1.0,False,0.6987951807228916,1.360655737704918,False,False,7,1,1,,2.5,4,0.271875,True,0.6484375
2025-08-11,6am,retest,short,1.3,True,34.5,0.07971014492753623,1.0,False,0.6376811594202898,1.037593984962406,True,False,60,13,2,4.337349397590361,10.5,0,0.7268408551068883,True,1.2321428571428572
2025-08-11,6am,retest,long,1.3,True,34.5,0.07971014492753623,1.0,False,0.6376811594202898,1.037593984962406,False,True,131,1,16,1.2618620159015133,3.5,0,0.6009501187648456,False,1.2321428571428572
2025-08-11,6am,failure,long,1.3,True,34.5,0.07971014492753623,1.0,False,0.6376811594202898,1.037593984962406,False,True,113,1,1,3.177918687057068,1.25,0,0.6009501187648456,False,1.2321428571428572
2025-08-11,7am,retest,short,1.3,True,21.5,0.47674418604651164,1.0,True,1.0,0.6231884057971014,True,False,0,23,1,,15.75,0,0.6912114014251781,True,0.671875
2025-08-11,7am,retest,long,-1.0,False,21.5,0.47674418604651164,1.0,True,1.0,0.6231884057971014,False,True,31,1,4,2.4800831312781435,1.75,0,0.5130641330166271,False,0.671875
2025-08-12,6am,retest,short,-1.0,False,19.25,0.03896103896103896,-1.0,False,0.5844155844155844,1.0405405405405406,False,True,61,4,1,1.4473684210526316,5.25,1,0.6099071207430341,False,0.6875
2025-08-12,6am,retest,long,-1.0,False,19.25,0.03896103896103896,-1.0,False,0.5844155844155844,1.0405405405405406,True,False,7,11,1,,17.5,1,0.628482972136223,True,0.6875
2025-08-12,7am,retest,short,-1.0,False,33.75,0.14814814814814814,1.0,False,0.48148148148148145,1.7532467532467533,True,False,0,10,1,,8.25,1,0.5727554179566563,False,1.0546875
2025-08-13,6am,retest,short,-1.0,False,26.0,0.5,-1.0,False,0.8653846153846154,1.04,False,True,94,1,1,2.3858494446729743,2.5,2,0.9656992084432717,False,0.9285714285714286
2025-08-13,6am,retest,long,1.3,True,26.0,0.5,-1.0,False,0.8653846153846154,1.04,True,False,32,1,12,2.5,3.0,2,0.3087071240105541,True,0.9285714285714286
2025-08-14,6am,failure,short,-1.0,False,17.75,0.49295774647887325,1.0,True,1.0,0.8554216867469879,True,False,16,1,1,2.4041450777202074,1.75,3,0.5827067669172933,False,0.6604651162790698
2025-08-14,7am,retest,short,1.3,True,30.25,0.7024793388429752,1.0,False,0.32231404958677684,1.704225352112676,True,False,0,3,1,,5.75,3,0.8909774436090225,False,0.9307692307692308
2025-08-15,6am,retest,short,1.3,True,47.25,0.5767195767195767,1.0,False,0.3968253968253968,2.52,True,False,24,2,1,3.773049645390071,6.0,4,0.5244565217391305,False,1.826086956521739
2025-08-15,7am,retest,long,-1.0,False,22.25,0.5842696629213483,1.0,False,0.6404494382022472,0.4708994708994709,False,False,23,7,1,12.480181200453002,18.75,4,0.6304347826086957,True,0.7235772357723578
2025-08-18,6am,retest,long,1.3,True,35.25,0.8297872340425532,1.0,False,0.6879432624113475,0.8493975903614458,False,False,32,1,1,1.7358078602620088,1.5,0,0.8787346221441125,False,1.3623188405797102
2025-08-19,6am,retest,long,-1.0,False,39.75,0.6037735849056604,-1.0,False,0.22641509433962265,1.7282608695652173,True,False,109,6,1,3.907311226528166,12.0,1,0.8111888111888111,False,1.4260089686098654
2025-08-20,6am,retest,short,1.3,True,38.25,0.20915032679738563,-1.0,False,0.8627450980392157,1.1590909090909092,False,False,2,6,1,,10.0,2,0.7123966942148761,True,1.275
2025-08-20,6am,failure,long,-1.0,False,38.25,0.20915032679738563,-1.0,False,0.8627450980392157,1.1590909090909092,True,True,36,1,1,1.7807706696595584,0.75,2,0.540495867768595,False,1.275
2025-08-21,6am,retest,short,1.3,True,45.25,0.17679558011049723,1.0,False,0.6243093922651933,1.167741935483871,True,False,0,1,4,,16.0,3,0.5,True,1.4715447154471544
2025-08-21,6am,retest,long,-1.0,False,45.25,0.17679558011049723,1.0,False,0.6243093922651933,1.167741935483871,False,True,49,1,10,3.795620437956204,8.5,3,0.9436274509803921,False,1.4715447154471544
2025-08-21,7am,retest,long,-1.0,False,69.75,0.4444444444444444,-1.0,False,0.6487455197132617,1.5414364640883977,True,False,8,26,1,,42.75,3,1.0269607843137254,False,2.364406779661017
2025-08-21,7am,failure,long,-1.0,False,69.75,0.4444444444444444,-1.0,False,0.6487455197132617,1.5414364640883977,True,False,3,1,1,,1.25,3,1.0269607843137254,False,2.364406779661017
2025-08-22,6am,retest,short,1.3,True,23.75,0.5263157894736842,1.0,False,0.1368421052631579,1.0106382978723405,True,False,7,2,1,,6.0,4,1.1015299026425591,False,0.7335907335907336
2025-08-22,6am,retest,long,-1.0,False,23.75,0.5263157894736842,1.0,False,0.1368421052631579,1.0106382978723405,False,True,31,1,2,4.136054421768708,6.5,4,0.030598052851182198,True,0.7335907335907336
2025-08-22,6am,failure,short,1.3,True,23.75,0.5263157894736842,1.0,False,0.1368421052631579,1.0106382978723405,True,False,2,1,3,,1.0,4,1.1015299026425591,False,0.7335907335907336
2025-08-22,6am,failure,long,-1.0,False,23.75,0.5263157894736842,1.0,False,0.1368421052631579,1.0106382978723405,False,True,20,1,11,1.1252446183953033,0.75,4,0.030598052851182198,True,0.7335907335907336
2025-08-22,7am,failure,long,1.3,True,40.0,0.3125,-1.0,False,0.59375,1.6842105263157894,True,False,58,1,2,1.95295794725588,1.25,4,0.08762169680111266,True,1.3559322033898304
2025-08-25,7am,retest,long,1.3,True,31.0,0.5403225806451613,1.0,True,1.0,0.7294117647058823,False,False,6,7,1,,6.25,0,1.1293634496919918,False,1.008130081300813
2025-08-26,6am,retest,long,-1.0,False,34.75,0.4748201438848921,1.0,False,0.30935251798561153,1.208695652173913,False,False,22,5,1,1.0972297664312873,2.5,1,0.33277310924369746,False,1.0733590733590734
2025-08-26,6am,failure,long,-1.0,False,34.75,0.4748201438848921,1.0,False,0.30935251798561153,1.208695652173913,False,False,20,1,2,1.2617598229109022,1.5,1,0.33277310924369746,False,1.0733590733590734
2025-08-27,6am,retest,short,-1.0,False,15.5,0.22580645161290322,1.0,False,0.7096774193548387,0.9117647058823529,True,False,14,10,1,1.180327868852459,4.5,2,0.6382113821138211,True,0.47876447876447875
2025-08-27,6am,failure,long,-1.0,False,15.5,0.22580645161290322,1.0,False,0.7096774193548387,0.9117647058823529,False,True,90,1,1,3.079693831607384,0.5,2,0.6138211382113821,False,0.47876447876447875
2025-08-27,7am,retest,short,1.3,True,18.0,0.4305555555555556,1.0,False,0.5555555555555556,1.1612903225806452,True,False,11,10,1,0.7305502846299811,6.25,2,0.7682926829268293,False,0.5783132530120482
2025-08-27,7am,failure,short,1.3,True,18.0,0.4305555555555556,1.0,False,0.5555555555555556,1.1612903225806452,True,False,8,1,3,,2.25,2,0.7682926829268293,False,0.5783132530120482
2025-08-27,7am,failure,long,-1.0,False,18.0,0.4305555555555556,1.0,False,0.5555555555555556,1.1612903225806452,False,True,28,1,1,2.9974160206718348,1.5,2,0.524390243902439,True,0.5783132530120482
2025-08-28,6am,retest,short,1.3,True,28.5,0.07017543859649122,-1.0,False,0.6140350877192983,1.4615384615384615,False,True,65,2,1,2.5727590221187424,5.5,3,0.7951289398280802,False,0.8803088803088803
2025-08-28,6am,retest,long,-1.0,False,28.5,0.07017543859649122,-1.0,False,0.6140350877192983,1.4615384615384615,True,False,7,1,1,,1.25,3,0.3681948424068768,True,0.8803088803088803
2025-08-28,6am,failure,short,1.3,True,28.5,0.07017543859649122,-1.0,False,0.6140350877192983,1.4615384615384615,False,True,63,1,2,1.0206561360874848,0.75,3,0.7951289398280802,False,0.8803088803088803
2025-08-28,7am,retest,short,1.3,True,36.0,0.1875,1.0,False,0.5833333333333334,1.263157894736842,True,False,1,9,1,,13.0,3,0.7521489971346705,False,1.1566265060240963
2025-08-28,7am,failure,short,1.3,True,36.0,0.1875,1.0,False,0.5833333333333334,1.263157894736842,True,False,0,1,1,,2.75,3,0.7521489971346705,False,1.1566265060240963
2025-08-29,6am,retest,short,1.3,True,39.25,0.24203821656050956,-1.0,False,0.9490445859872612,0.8219895287958116,False,True,90,1,1,11.246873883529833,19.25,4,0.33277591973244147,True,1.2123552123552124
2025-08-29,7am,retest,short,-1.0,False,23.75,0.12631578947368421,1.0,True,1.0,0.6050955414012739,True,True,30,1,1,11.246873883529833,27.0,4,0.2809364548494983,True,0.7630522088353414
2025-08-29,7am,retest,long,1.3,True,23.75,0.12631578947368421,1.0,True,1.0,0.6050955414012739,False,False,4,3,1,,9.0,4,0.8779264214046822,False,0.7630522088353414
2025-09-01,6am,retest,long,-1.0,False,21.0,0.023809523809523808,1.0,False,0.7857142857142857,1.037037037037037,False,False,21,73,1,1.7763157894736843,34.0,0,0.39697802197802196,True,0.6064981949458483
2025-09-01,6am,failure,long,-1.0,False,21.0,0.023809523809523808,1.0,False,0.7857142857142857,1.037037037037037,False,False,19,1,2,1.7467741935483874,1.0,0,0.39697802197802196,True,0.6064981949458483
2025-09-02,6am,retest,long,-1.0,False,79.25,0.4952681388012618,-1.0,False,0.24921135646687698,1.968944099378882,True,False,11,1,8,2.010752688172043,8.5,1,1.1489141675284384,False,2.4669260700389106
2025-09-02,6am,failure,long,-1.0,False,79.25,0.4952681388012618,-1.0,False,0.24921135646687698,1.968944099378882,True,False,9,1,1,,1.0,1,1.1489141675284384,False,2.4669260700389106
2025-09-03,6am,retest,short,-1.0,False,24.75,0.16161616161616163,1.0,False,0.8585858585858586,0.5380434782608695,True,False,1,1,1,,1.25,2,1.0239316239316238,False,0.7148014440433214
2025-09-03,7am,failure,long,1.3,True,50.25,0.5074626865671642,-1.0,False,0.4925373134328358,2.0303030303030303,True,False,33,1,1,2.4333646911257447,2.25,2,0.24786324786324787,True,1.6408163265306122
2025-09-04,6am,retest,long,-1.0,False,32.0,0.2265625,-1.0,False,0.46875,1.2075471698113207,True,False,23,2,1,3.234811165845649,5.75,3,0.2878411910669975,True,0.9961089494163424
2025-09-04,7am,retest,long,-1.0,False,40.75,0.2822085889570552,-1.0,False,0.43558282208588955,1.2734375,True,True,34,2,1,1.0912659470068695,6.0,3,0.5161290322580645,True,1.3306122448979592
2025-09-04,7am,failure,long,-1.0,False,40.75,0.2822085889570552,-1.0,False,0.43558282208588955,1.2734375,True,True,32,1,2,1.2887438825448614,1.75,3,0.5161290322580645,True,1.3306122448979592
2025-09-05,6am,retest,short,-1.0,False,15.5,0.45161290322580644,-1.0,False,0.7741935483870968,1.087719298245614,False,False,11,1,1,4.379011274934952,4.0,4,0.9775,False,0.5020242914979757
2025-09-05,6am,retest,long,1.3,True,15.5,0.45161290322580644,-1.0,False,0.7741935483870968,1.087719298245614,True,True,58,2,1,3.6363636363636362,5.75,4,0.1775,True,0.5020242914979757
2025-09-05,7am,retest,short,-1.0,False,31.75,0.2204724409448819,-1.0,False,0.4881889763779528,2.0483870967741935,False,True,31,10,1,8.452574125977282,44.25,4,1.0825,False,0.9806949806949807
2025-09-08,6am,retest,long,1.3,True,20.75,0.46987951807228917,-1.0,False,0.8072289156626506,0.664,True,False,0,1,1,,3.75,0,0.15602836879432624,True,0.6859504132231405
2025-09-08,7am,retest,short,-1.0,False,21.75,0.40229885057471265,-1.0,False,0.5977011494252874,1.0481927710843373,False,True,75,1,1,1.1619095731245264,2.5,0,0.9361702127659575,False,0.6641221374045801
2025-09-08,7am,retest,long,1.3,True,21.75,0.40229885057471265,-1.0,False,0.5977011494252874,1.0481927710843373,True,False,5,25,1,,17.0,0,0.21808510638297873,True,0.6641221374045801
2025-09-08,7am,failure,long,-1.0,False,21.75,0.40229885057471265,-1.0,False,0.5977011494252874,1.0481927710843373,True,False,0,1,3,,1.5,0,0.21808510638297873,True,0.6641221374045801
2025-09-09,6am,retest,long,-1.0,False,22.5,0.044444444444444446,1.0,False,0.8111111111111111,1.1111111111111112,False,False,3,3,4,,3.0,1,0.5026455026455027,True,0.743801652892562
2025-09-09,7am,retest,short,1.3,True,41.5,0.10843373493975904,1.0,False,0.37349397590361444,1.8444444444444446,True,False,13,1,1,2.831683168316832,3.5,1,0.6613756613756614,False,1.2671755725190839
2025-09-09,7am,retest,long,1.3,True,41.5,0.10843373493975904,1.0,False,0.37349397590361444,1.8444444444444446,False,True,64,1,1,15.495349777598058,11.5,1,0.7777777777777778,True,1.2671755725190839
2025-09-10,6am,retest,short,-1.0,False,23.25,0.7204301075268817,1.0,False,0.2903225806451613,0.8303571428571429,True,False,5,1,1,,0.25,2,0.659375,False,0.8532110091743119
2025-09-10,6am,failure,short,-1.0,False,23.25,0.7204301075268817,1.0,False,0.2903225806451613,0.8303571428571429,True,False,0,1,4,,1.25,2,0.659375,False,0.8532110091743119
2025-09-10,7am,retest,short,1.3,True,35.0,0.6642857142857143,1.0,False,0.12142857142857143,1.5053763440860215,True,False,3,3,1,,7.0,2,1.04375,False,1.0294117647058822
2025-09-11,6am,retest,short,1.3,True,31.75,0.8188976377952756,1.0,False,0.36220472440944884,1.4597701149425288,True,False,45,5,6,2.744148506860371,6.0,3,1.0865921787709498,False,1.165137614678899
2025-09-11,6am,failure,short,1.3,True,31.75,0.8188976377952756,1.0,False,0.36220472440944884,1.4597701149425288,True,False,38,1,6,6.825,0.25,3,1.0865921787709498,False,1.165137614678899
2025-09-11,7am,retest,long,1.3,True,17.0,0.029411764705882353,-1.0,False,0.6470588235294118,0.5354330708661418,True,True,25,2,1,1.826086956521739,9.0,3,0.036312849162011177,True,0.5
2025-09-12,6am,retest,short,-1.0,False,18.25,0.684931506849315,1.0,False,0.726027397260274,0.8111111111111111,True,False,28,4,1,1.0256410256410255,3.25,4,0.773851590106007,True,0.6058091286307054
2025-09-12,7am,retest,short,-1.0,False,39.25,0.5477707006369427,1.0,False,0.3630573248407643,2.1506849315068495,True,False,68,3,1,1.0625379477838495,2.75,4,1.127208480565371,False,1.1984732824427482
2025-09-12,7am,failure,short,-1.0,False,39.25,0.5477707006369427,1.0,False,0.3630573248407643,2.1506849315068495,True,False,63,1,2,2.6972201352366643,0.25,4,1.127208480565371,False,1.1984732824427482
2025-09-15,6am,retest,short,-1.0,False,40.5,0.7716049382716049,1.0,False,0.18518518518518517,1.9518072289156627,True,False,1,2,1,,3.25,0,0.913290113452188,False,1.3443983402489628
2025-09-15,7am,retest,short,-1.0,False,21.5,0.7093023255813954,1.0,False,0.29069767441860467,0.5308641975308642,True,False,4,3,1,,5.0,0,0.9627228525121556,False,0.6564885496183206
2025-09-16,7am,retest,long,-1.0,False,30.25,0.7272727272727273,-1.0,False,0.3140495867768595,2.0166666666666666,True,False,3,10,2,,8.0,1,0.4077079107505071,True,0.9641434262948207
2025-09-17,6am,retest,short,-1.0,False,30.5,0.38524590163934425,-1.0,False,0.45901639344262296,1.3863636363636365,False,True,90,2,2,3.438035408338093,4.5,2,0.6640826873385013,True,1.012448132780083
2025-09-17,6am,retest,long,1.3,True,30.5,0.38524590163934425,-1.0,False,0.45901639344262296,1.3863636363636365,True,False,36,2,6,2.8065201984408223,2.5,2,0.6511627906976745,False,1.012448132780083
2025-09-17,7am,retest,short,-1.0,False,29.75,0.06722689075630252,1.0,False,0.8823529411764706,0.9754098360655737,True,False,27,14,1,0.7438512297540493,8.75,2,0.6201550387596899,True,0.9482071713147411
2025-09-17,7am,failure,short,-1.0,False,29.75,0.06722689075630252,1.0,False,0.8823529411764706,0.9754098360655737,True,False,25,1,1,1.6362492133417244,0.75,2,0.6201550387596899,True,0.9482071713147411
2025-09-18,6am,retest,short,-1.0,False,36.5,0.3082191780821918,-1.0,False,0.5821917808219178,1.5208333333333333,False,False,0,1,1,,8.5,3,0.9863157894736843,False,1.2372881355932204
2025-09-18,7am,retest,short,1.3,True,55.25,0.6425339366515838,1.0,False,0.5248868778280543,1.5136986301369864,True,False,26,2,2,2.175247187180361,7.0,3,1.0968421052631578,False,1.7609561752988048
2025-09-18,7am,failure,long,-1.0,False,55.25,0.6425339366515838,1.0,False,0.5248868778280543,1.5136986301369864,False,True,58,1,1,1.366484738225187,1.5,3,0.13578947368421052,True,1.7609561752988048
2025-09-19,6am,failure,short,1.3,True,32.0,0.5234375,1.0,False,0.828125,1.2075471698113207,True,False,0,1,1,,0.5,4,0.8218085106382979,False,1.0847457627118644
2025-09-19,7am,retest,short,-1.0,False,23.25,0.5053763440860215,1.0,False,0.8279569892473119,0.7265625,True,False,2,52,1,,18.5,4,0.8643617021276596,False,0.7410358565737052
2025-09-19,7am,failure,short,-1.0,False,23.25,0.5053763440860215,1.0,False,0.8279569892473119,0.7265625,True,False,1,1,1,,0.25,4,0.8643617021276596,False,0.7410358565737052
2025-09-22,6am,retest,long,1.3,True,35.5,0.22535211267605634,-1.0,False,0.5633802816901409,1.109375,True,False,0,3,22,,3.75,0,0.8153241650294696,False,1.2033898305084745
2025-09-22,6am,failure,short,-1.0,False,35.5,0.22535211267605634,-1.0,False,0.5633802816901409,1.109375,False,True,133,1,4,1.7492553479555917,2.5,0,0.4636542239685658,True,1.2033898305084745
2025-09-22,7am,failure,long,1.3,True,22.0,0.625,1.0,False,0.8068181818181818,0.6197183098591549,False,False,14,1,1,0.7919191919191919,0.5,0,0.8487229862475442,False,0.701195219123506
2025-09-23,6am,retest,long,-1.0,False,29.0,0.47413793103448276,-1.0,False,0.6206896551724138,1.6111111111111112,True,False,6,3,1,,7.75,1,0.7355769230769231,True,0.9830508474576272
2025-09-23,6am,failure,long,-1.0,False,29.0,0.47413793103448276,-1.0,False,0.6206896551724138,1.6111111111111112,True,False,5,1,1,,0.5,1,0.7355769230769231,True,0.9830508474576272
2025-09-23,7am,retest,short,1.3,True,31.0,0.04032258064516129,-1.0,False,0.5241935483870968,1.0689655172413792,False,False,11,7,1,2.4421831637372806,7.0,1,0.5769230769230769,False,0.9880478087649402
2025-09-24,6am,retest,long,-1.0,False,30.5,0.040983606557377046,-1.0,False,0.5163934426229508,1.9365079365079365,True,False,41,8,1,3.0698949291914115,7.0,2,0.2731829573934837,True,1.0252100840336134
2025-09-24,7am,retest,long,1.3,True,36.75,0.4013605442176871,-1.0,False,0.8095238095238095,1.2049180327868851,True,False,41,1,1,2.023094688221709,2.25,2,0.3433583959899749,True,1.185483870967742
2025-09-24,7am,failure,long,1.3,True,36.75,0.4013605442176871,-1.0,False,0.8095238095238095,1.2049180327868851,True,False,39,1,2,2.9928057553956835,1.0,2,0.3433583959899749,True,1.185483870967742
2025-09-25,6am,failure,long,-1.0,False,45.25,0.3812154696132597,-1.0,False,0.5469613259668509,0.9282051282051282,True,False,1,1,1,,1.5,3,1.1961722488038278,False,1.5210084033613445
2025-09-25,7am,retest,long,-1.0,False,104.5,0.8947368421052632,-1.0,False,0.21770334928229665,2.3093922651933703,True,False,36,3,1,1.9686123348017621,9.5,3,1.9784688995215312,False,3.370967741935484
2025-09-25,7am,failure,long,-1.0,False,104.5,0.8947368421052632,-1.0,False,0.21770334928229665,2.3093922651933703,True,False,35,1,1,1.1082910321489001,1.5,3,1.9784688995215312,False,3.370967741935484
2025-09-26,6am,retest,short,-1.0,False,44.75,0.39106145251396646,-1.0,False,0.8100558659217877,0.8905472636815921,False,False,41,2,1,1.6491637495138076,8.75,4,0.5703883495145631,True,1.4672131147540983
2025-09-29,6am,retest,short,1.3,True,37.0,0.44594594594594594,1.0,False,0.7364864864864865,1.3577981651376148,True,True,106,2,1,3.231028667790894,3.25,0,1.0197740112994351,False,1.1887550200803212
2025-09-29,6am,retest,long,1.3,True,37.0,0.44594594594594594,1.0,False,0.7364864864864865,1.3577981651376148,False,False,14,1,11,0.9647058823529412,4.25,0,0.18926553672316385,True,1.1887550200803212
2025-09-29,6am,failure,long,1.3,True,37.0,0.44594594594594594,1.0,False,0.7364864864864865,1.3577981651376148,False,False,12,1,1,1.588116137744767,2.0,0,0.18926553672316385,True,1.1887550200803212
2025-09-29,7am,failure,short,-1.0,False,40.0,0.33125,-1.0,False,0.7125,1.0810810810810811,False,False,39,1,1,1.033153430994603,0.5,0,0.9717514124293786,False,1.2749003984063745
2025-09-30,6am,retest,short,-1.0,False,41.0,0.3475609756097561,1.0,False,0.7073170731707317,1.197080291970803,True,False,89,2,1,3.310580204778157,6.0,1,0.5906862745098039,True,1.3172690763052208
2025-09-30,6am,failure,short,1.3,True,41.0,0.3475609756097561,1.0,False,0.7073170731707317,1.197080291970803,True,False,5,1,2,,0.5,1,0.5906862745098039,True,1.3172690763052208
2025-09-30,7am,retest,short,-1.0,False,27.25,0.1743119266055046,-1.0,False,0.926605504587156,0.6646341463414634,False,True,32,53,1,1.7757847533632287,28.0,1,0.6102941176470589,True,0.8164794007490637
2025-09-30,7am,failure,short,-1.0,False,27.25,0.1743119266055046,-1.0,False,0.926605504587156,0.6646341463414634,False,True,29,1,1,3.310580204778157,4.0,1,0.6102941176470589,True,0.8164794007490637
2025-09-30,7am,failure,long,1.3,True,27.25,0.1743119266055046,-1.0,False,0.926605504587156,0.6646341463414634,True,False,6,1,3,,1.75,1,0.6568627450980392,False,0.8164794007490637
2025-10-01,6am,retest,short,-1.0,False,42.25,0.33727810650887574,-1.0,True,1.0,0.7971698113207547,False,False,8,1,5,,6.5,2,0.5369609856262834,True,1.3254901960784313
2025-10-01,6am,failure,short,-1.0,False,42.25,0.33727810650887574,-1.0,True,1.0,0.7971698113207547,False,False,7,1,1,,0.75,2,0.5369609856262834,True,1.3254901960784313
2025-10-02,6am,failure,short,-1.0,False,31.25,0.512,1.0,False,0.752,0.7575757575757576,True,False,9,1,1,,0.5,3,1.0672451193058567,False,0.9803921568627451
2025-10-02,7am,retest,short,-1.0,False,43.5,0.8735632183908046,1.0,False,0.39655172413793105,1.392,True,False,1,43,1,,13.25,3,1.295010845986985,False,1.3864541832669324
2025-10-03,6am,retest,long,-1.0,False,39.0,0.7948717948717948,-1.0,False,0.5448717948717948,1.8352941176470587,True,False,13,1,1,3.0027662517289073,3.5,4,0.3002070393374741,True,1.223529411764706
2025-10-03,7am,retest,long,-1.0,False,42.75,0.5906432748538012,-1.0,False,0.3157894736842105,1.0961538461538463,True,False,36,3,1,3.1570639305445933,6.25,4,0.5424430641821946,True,1.2808988764044944
2025-10-03,7am,failure,long,-1.0,False,42.75,0.5906432748538012,-1.0,False,0.3157894736842105,1.0961538461538463,True,False,25,1,11,1.8652849740932642,1.25,4,0.5424430641821946,True,1.2808988764044944
2025-10-06,6am,retest,short,-1.0,False,60.75,0.6049382716049383,1.0,False,0.25102880658436216,1.7234042553191489,True,False,61,63,1,2.479273588630083,56.5,0,1.314878892733564,False,1.9058823529411764
2025-10-06,6am,failure,short,-1.0,False,60.75,0.6049382716049383,1.0,False,0.25102880658436216,1.7234042553191489,True,False,59,1,1,1.8315692590888173,1.0,0,1.314878892733564,False,1.9058823529411764
2025-10-06,7am,retest,short,-1.0,False,57.5,0.23043478260869565,1.0,False,0.9826086956521739,0.9465020576131687,True,False,1,63,1,,55.5,0,1.3217993079584776,False,1.7228464419475655
2025-10-06,7am,failure,short,-1.0,False,57.5,0.23043478260869565,1.0,False,0.9826086956521739,0.9465020576131687,True,False,0,1,1,,3.25,0,1.3217993079584776,False,1.7228464419475655
2025-10-07,6am,retest,long,1.3,True,23.25,0.6666666666666666,-1.0,False,0.8387096774193549,1.0,True,False,6,2,1,,2.5,1,0.3288590604026846,False,0.6888888888888889
2025-10-07,6am,failure,long,1.3,True,23.25,0.6666666666666666,-1.0,False,0.8387096774193549,1.0,True,False,5,1,1,,2.5,1,0.3288590604026846,False,0.6888888888888889
2025-10-07,7am,retest,short,-1.0,False,41.75,0.8982035928143712,1.0,False,0.5568862275449101,1.7956989247311828,True,False,0,2,1,,2.25,1,1.1979865771812082,False,1.250936329588015
2025-10-08,6am,retest,short,1.3,True,42.0,0.23214285714285715,1.0,False,0.5654761904761905,1.768421052631579,True,False,6,3,2,,4.0,2,0.8709677419354839,False,1.2444444444444445
2025-10-08,6am,retest,long,1.3,True,42.0,0.23214285714285715,1.0,False,0.5654761904761905,1.768421052631579,False,True,74,5,1,4.624277456647398,16.0,2,0.6217008797653959,True,1.2444444444444445
2025-10-08,6am,failure,short,1.3,True,42.0,0.23214285714285715,1.0,False,0.5654761904761905,1.768421052631579,True,False,0,1,1,,0.25,2,0.8709677419354839,False,1.2444444444444445
2025-10-08,6am,failure,long,1.3,True,42.0,0.23214285714285715,1.0,False,0.5654761904761905,1.768421052631579,False,True,29,1,1,1.2123711340206185,0.25,2,0.6217008797653959,True,1.2444444444444445
2025-10-08,7am,retest,long,1.3,True,46.25,0.1837837837837838,-1.0,False,0.9081081081081082,1.1011904761904763,True,False,14,5,1,3.9588688946015425,15.75,2,0.624633431085044,True,1.289198606271777
2025-10-09,6am,retest,short,1.3,True,29.25,0.10256410256410256,-1.0,True,1.0,0.6647727272727273,False,False,28,6,4,1.4067278287461773,8.5,3,0.38596491228070173,True,0.8125
2025-10-10,6am,retest,short,-1.0,False,47.25,0.9470899470899471,1.0,True,1.0,0.5354107648725213,True,False,0,103,1,,33.5,4,0.4844124700239808,False,1.3125
2025-10-10,7am,retest,short,1.3,True,25.0,0.93,1.0,False,0.08,0.5291005291005291,True,False,5,21,1,,10.5,4,0.7050359712230215,False,0.6578947368421053
2025-10-10,7am,retest,long,-1.0,False,25.0,0.93,1.0,False,0.08,0.5291005291005291,False,True,43,5,1,2.7216610549943887,7.25,4,0.5347721822541966,True,0.6578947368421053
2025-10-10,7am,failure,short,-1.0,False,25.0,0.93,1.0,False,0.08,0.5291005291005291,True,False,0,1,4,,2.25,4,0.7050359712230215,False,0.6578947368421053
2025-10-13,6am,failure,short,1.3,True,52.5,0.0761904761904762,1.0,False,0.7904761904761904,1.1731843575418994,True,True,124,1,1,1.6090403103390116,1.25,0,0.8315789473684211,False,1.4285714285714286
2025-10-13,7am,retest,short,1.3,True,133.25,0.4052532833020638,-1.0,False,0.3076923076923077,2.538095238095238,False,False,63,3,1,2.013927066153564,23.0,0,0.8030959752321981,False,3.7142857142857144
2025-10-13,7am,failure,short,1.3,True,133.25,0.4052532833020638,-1.0,False,0.3076923076923077,2.538095238095238,False,False,62,1,1,2.9252259654889072,8.75,0,0.8030959752321981,False,3.7142857142857144
2025-10-14,6am,retest,short,1.3,True,140.75,0.5683836589698046,-1.0,False,0.09591474245115453,1.6906906906906907,False,False,36,5,3,1.3471502590673574,11.75,1,0.12445414847161572,True,3.7039473684210527
2025-10-15,6am,retest,long,1.3,True,30.75,0.17073170731707318,-1.0,True,1.0,0.4641509433962264,True,False,17,4,1,0.9133237822349569,8.25,2,0.16832669322709162,True,0.8092105263157895
2025-10-15,6am,failure,long,1.3,True,30.75,0.17073170731707318,-1.0,True,1.0,0.4641509433962264,True,False,16,1,1,1.6429699842022116,0.75,2,0.16832669322709162,True,0.8092105263157895
2025-10-15,7am,retest,short,-1.0,False,34.25,0.15328467153284672,-1.0,False,0.6642335766423357,1.113821138211382,False,False,3,1,1,,3.0,2,0.9223107569721115,False,0.9013157894736842
2025-10-15,7am,failure,short,-1.0,False,34.25,0.15328467153284672,-1.0,False,0.6642335766423357,1.113821138211382,False,False,2,1,1,,2.0,2,0.9223107569721115,False,0.9013157894736842
2025-10-16,6am,retest,short,1.3,True,32.0,0.328125,1.0,False,0.203125,0.8,True,False,20,16,2,1.2221144519883609,13.75,3,1.0795610425240054,False,0.8421052631578947
2025-10-16,6am,retest,long,-1.0,False,32.0,0.328125,1.0,False,0.203125,0.8,False,True,72,3,1,1.320754716981132,8.5,3,0.09602194787379972,True,0.8421052631578947
2025-10-16,6am,failure,short,-1.0,False,32.0,0.328125,1.0,False,0.203125,0.8,True,False,16,1,4,0.9507640067911715,0.5,3,1.0795610425240054,False,0.8421052631578947
2025-10-16,6am,failure,long,-1.0,False,32.0,0.328125,1.0,False,0.203125,0.8,False,True,70,1,1,3.5495898583146905,5.0,3,0.09602194787379972,True,0.8421052631578947
2025-10-16,7am,retest,short,1.3,True,39.5,0.2974683544303797,1.0,False,0.6518987341772152,1.234375,True,True,42,5,1,1.5036992601479704,14.25,3,1.1550068587105624,False,1.0394736842105263
2025-10-16,7am,failure,short,1.3,True,39.5,0.2974683544303797,1.0,False,0.6518987341772152,1.234375,True,True,40,1,1,1.7000835421888052,1.75,3,1.1550068587105624,False,1.0394736842105263
2025-10-17,6am,retest,short,-1.0,False,92.5,0.8351351351351352,1.0,False,0.8162162162162162,1.2251655629139073,True,False,0,5,1,,26.5,4,0.3690078037904125,True,2.4342105263157894
2025-10-17,7am,retest,short,-1.0,False,165.0,0.9363636363636364,1.0,False,0.04242424242424243,1.7837837837837838,True,False,2,1,2,,14.25,4,0.7212931995540691,True,4.327868852459017
2025-10-20,6am,failure,short,-1.0,False,62.75,0.7290836653386454,-1.0,False,0.601593625498008,1.6622516556291391,False,True,100,1,1,3.106617647058824,3.5,0,0.747141041931385,True,1.56875
2025-10-20,7am,retest,short,-1.0,False,52.0,0.8413461538461539,1.0,False,0.9615384615384616,0.8286852589641435,True,False,11,1,2,1.1022494887525562,3.0,0,0.6823379923761118,False,1.3081761006289307
2025-10-21,6am,retest,short,1.3,True,29.5,0.09322033898305085,-1.0,False,0.7627118644067796,0.9752066115702479,False,False,12,118,2,1.0657193605683837,27.0,1,0.3065217391304348,True,0.7108433734939759
2025-10-21,6am,failure,short,-1.0,False,29.5,0.09322033898305085,-1.0,False,0.7627118644067796,0.9752066115702479,False,False,6,1,1,,1.0,1,0.3065217391304348,True,0.7108433734939759
2025-10-21,7am,retest,short,1.3,True,34.5,0.8115942028985508,1.0,False,0.41304347826086957,1.1694915254237288,True,False,0,2,8,,5.5,1,0.4826086956521739,True,0.8440366972477065
2025-10-22,6am,retest,long,-1.0,False,42.0,0.3392857142857143,1.0,False,0.25,0.9882352941176471,False,False,6,106,1,,57.0,2,0.604040404040404,True,1.0120481927710843
2025-10-22,6am,failure,long,-1.0,False,42.0,0.3392857142857143,1.0,False,0.25,0.9882352941176471,False,False,4,1,1,,2.75,2,0.604040404040404,True,1.0120481927710843
2025-10-23,7am,retest,long,1.3,True,90.25,0.8393351800554016,-1.0,False,0.19667590027700832,2.798449612403101,True,False,4,2,2,,6.0,3,0.9349363507779349,False,2.2079510703363914
2025-10-23,7am,failure,long,1.3,True,90.25,0.8393351800554016,-1.0,False,0.19667590027700832,2.798449612403101,True,False,0,1,1,,1.5,3,0.9349363507779349,False,2.2079510703363914
2025-10-24,6am,failure,long,1.3,True,26.5,0.39622641509433965,-1.0,True,1.0,0.6385542168674698,True,False,20,1,1,2.7761711972238285,1.5,4,0.24680851063829787,True,0.6309523809523809
2025-10-27,6am,retest,long,1.3,True,23.25,0.043010752688172046,-1.0,False,0.44086021505376344,0.4696969696969697,True,False,34,29,2,1.9849146486701073,18.25,0,0.07347670250896057,True,0.5602409638554217
2025-10-27,6am,failure,long,-1.0,False,23.25,0.043010752688172046,-1.0,False,0.44086021505376344,0.4696969696969697,True,False,15,1,1,1.0968074150360454,0.5,0,0.07347670250896057,True,0.5602409638554217
2025-10-28,6am,retest,short,1.3,True,21.75,0.09195402298850575,1.0,False,0.6436781609195402,1.12987012987013,True,False,9,1,1,,3.0,1,0.6138613861386139,True,0.54375
2025-10-28,7am,retest,short,-1.0,False,26.75,0.5887850467289719,1.0,False,0.45794392523364486,1.2298850574712643,True,False,11,39,2,2.7293233082706765,21.0,1,0.8052805280528053,True,0.654434250764526
2025-10-28,7am,failure,short,-1.0,False,26.75,0.5887850467289719,1.0,False,0.45794392523364486,1.2298850574712643,True,False,10,1,1,3.4343434343434347,0.75,1,0.8052805280528053,True,0.654434250764526
2025-10-29,6am,retest,short,-1.0,False,43.0,0.3081395348837209,1.0,False,0.9534883720930233,0.9608938547486033,True,False,14,3,1,1.04177545691906,6.25,2,0.7487091222030982,False,1.075
2025-10-30,6am,retest,short,-1.0,False,47.5,0.5526315789473685,1.0,True,1.0,0.4947916666666667,True,False,7,1,5,,2.5,3,0.4034749034749035,False,1.1728395061728396
2025-10-30,6am,retest,long,1.3,True,47.5,0.5526315789473685,1.0,True,1.0,0.4947916666666667,False,True,75,1,1,4.870026525198939,12.0,3,0.7799227799227799,True,1.1728395061728396
2025-10-30,7am,failure,long,-1.0,False,62.0,0.45564516129032256,1.0,False,0.31451612903225806,1.305263157894737,False,False,12,1,1,2.216490096729618,5.0,3,0.6718146718146718,True,1.5168195718654434
2025-10-31,6am,retest,short,-1.0,False,33.75,0.037037037037037035,-1.0,False,0.5333333333333333,1.0150375939849625,False,False,8,4,10,,4.5,4,0.7378378378378379,False,0.8333333333333334
2025-10-31,7am,retest,short,-1.0,False,65.5,0.5954198473282443,1.0,False,0.4389312977099237,1.9407407407407407,True,False,3,1,1,,0.5,4,1.135135135135135,False,1.5502958579881656
2025-11-03,6am,retest,short,1.3,True,39.25,0.3630573248407643,1.0,False,0.6114649681528662,0.9936708860759493,True,False,10,1,2,0.6006493506493507,1.0,0,1.1014975041597337,False,0.9691358024691358
2025-11-03,6am,retest,long,1.3,True,39.25,0.3630573248407643,1.0,False,0.6114649681528662,0.9936708860759493,False,True,64,2,1,3.0133079847908744,2.75,0,0.15973377703826955,True,0.9691358024691358
2025-11-03,7am,retest,long,1.3,True,38.0,0.0,0.0,False,0.9013157894736842,0.9681528662420382,True,False,3,10,2,,11.0,0,0.1264559068219634,True,0.881159420289855
2025-11-04,6am,retest,long,1.3,True,45.25,0.17679558011049723,1.0,False,0.56353591160221,0.3542074363992172,False,False,3,12,2,,22.25,1,0.7774755168661589,False,1.113846153846154
2025-11-04,6am,failure,long,-1.0,False,45.25,0.17679558011049723,1.0,False,0.56353591160221,0.3542074363992172,False,False,0,1,1,,1.0,1,0.7774755168661589,False,1.113846153846154
2025-11-04,7am,retest,long,-1.0,False,65.75,0.19771863117870722,-1.0,False,0.6615969581749049,1.4530386740331491,True,False,23,30,4,1.8525852585258527,40.5,1,0.8258977149075082,False,1.5246376811594202
2025-11-05,6am,retest,short,-1.0,False,80.5,0.8540372670807453,1.0,False,0.9006211180124224,0.6452905811623246,True,False,8,3,6,,4.5,2,0.6928999144568007,True,1.9815384615384615
2025-11-05,6am,failure,short,-1.0,False,80.5,0.8540372670807453,1.0,False,0.9006211180124224,0.6452905811623246,True,False,7,1,1,,2.0,2,0.6928999144568007,True,1.9815384615384615
2025-11-05,7am,retest,short,-1.0,False,77.75,0.6302250803858521,1.0,False,0.33762057877813506,0.9658385093167702,True,False,5,1,17,,5.75,2,0.8691189050470488,True,1.8028985507246378
2025-11-06,6am,retest,short,-1.0,False,33.5,0.14925373134328357,-1.0,True,1.0,0.638095238095238,False,False,6,8,1,,12.0,3,0.9860248447204969,False,0.7976190476190477
2025-11-06,7am,retest,short,-1.0,False,44.75,0.7206703910614525,1.0,False,0.664804469273743,1.335820895522388,True,False,13,4,2,1.5729898516783765,7.0,3,1.079192546583851,False,0.9972144846796658
2025-11-06,7am,failure,short,-1.0,False,44.75,0.7206703910614525,1.0,False,0.664804469273743,1.335820895522388,True,False,10,1,3,1.2278978388998036,0.25,3,1.079192546583851,False,0.9972144846796658
2025-11-07,6am,retest,long,-1.0,False,136.0,0.2867647058823529,-1.0,False,0.2536764705882353,1.4782608695652173,True,False,49,8,3,3.2065559991594874,22.5,4,1.4033722438391698,False,3.3476923076923075
2025-11-10,6am,failure,short,1.3,True,42.5,0.36470588235294116,1.0,False,0.48823529411764705,1.3076923076923077,True,False,0,1,1,,0.25,0,0.9234608985024958,False,1.0
2025-11-11,6am,retest,long,-1.0,False,39.25,0.044585987261146494,1.0,False,0.6178343949044586,1.0753424657534247,False,False,36,31,1,3.267605633802817,26.25,1,0.9289855072463769,False,0.9289940828402367
2025-11-12,6am,retest,short,1.3,True,74.75,0.8193979933110368,-1.0,False,0.3311036789297659,1.4801980198019802,False,True,67,5,1,3.605313092979127,8.25,2,0.871571072319202,False,1.84
2025-11-12,7am,retest,short,1.3,True,82.5,0.6666666666666666,1.0,False,0.896969696969697,1.1036789297658862,True,False,7,5,1,,9.0,2,0.8678304239401496,False,1.8131868131868132
2025-11-13,6am,failure,long,-1.0,False,79.0,0.07911392405063292,-1.0,False,0.8227848101265823,1.174721189591078,True,False,82,1,11,3.750428522454577,1.5,3,0.7886363636363637,False,1.9446153846153846
2025-11-13,7am,failure,long,-1.0,False,65.25,0.06896551724137931,-1.0,True,1.0,0.8259493670886076,True,False,22,1,10,3.750428522454577,4.0,3,0.7772727272727272,False,1.3282442748091603
2025-11-14,6am,retest,long,-1.0,False,167.75,0.6855439642324889,-1.0,False,0.09538002980625931,2.51310861423221,True,False,4,1,1,,4.25,4,1.4797687861271676,False,3.970414201183432
2025-11-14,6am,failure,long,-1.0,False,167.75,0.6855439642324889,-1.0,False,0.09538002980625931,2.51310861423221,True,False,3,1,1,,5.0,4,1.4797687861271676,False,3.970414201183432
2025-11-14,7am,retest,long,1.3,True,162.5,0.6507692307692308,-1.0,False,0.3523076923076923,0.9687034277198212,True,False,43,1,1,2.6965077305654668,11.75,4,1.8853564547206165,False,2.9680365296803655
2025-11-17,6am,retest,long,-1.0,False,74.0,0.0472972972972973,1.0,True,1.0,0.6065573770491803,False,False,3,22,1,,30.5,0,0.5622697126013264,True,1.7309941520467835
2025-11-17,7am,retest,long,-1.0,False,91.5,0.7896174863387978,-1.0,False,0.36065573770491804,1.2364864864864864,True,False,5,1,2,,3.5,0,0.7347089167280766,False,1.605263157894737
2025-11-18,6am,retest,long,-1.0,False,76.25,0.32131147540983607,-1.0,False,0.6360655737704918,1.297872340425532,True,False,2,17,1,,56.5,1,0.5593815881939564,False,1.7836257309941521
2025-11-19,6am,retest,long,1.3,True,45.25,0.143646408839779,-1.0,False,0.49171270718232046,0.9576719576719577,True,False,3,10,7,,15.0,2,0.08388312912346843,True,1.0584795321637428
2025-11-19,6am,failure,long,1.3,True,45.25,0.143646408839779,-1.0,False,0.49171270718232046,0.9576719576719577,True,False,0,1,3,,3.75,2,0.08388312912346843,True,1.0584795321637428
2025-11-19,7am,retest,long,-1.0,False,49.25,0.07106598984771574,1.0,False,0.6954314720812182,1.0883977900552486,False,False,5,12,1,,32.25,2,0.14043355325164938,True,0.7740667976424361
2025-11-19,7am,failure,long,-1.0,False,49.25,0.07106598984771574,1.0,False,0.6954314720812182,1.0883977900552486,False,False,4,1,1,,2.75,2,0.14043355325164938,True,0.7740667976424361
2025-11-20,6am,retest,short,-1.0,False,84.75,0.30973451327433627,-1.0,False,0.9321533923303835,0.8149038461538461,False,False,48,35,1,3.0558096980786824,49.0,3,0.696551724137931,False,1.9206798866855523
2025-11-20,6am,failure,short,-1.0,False,84.75,0.30973451327433627,-1.0,False,0.9321533923303835,0.8149038461538461,False,False,47,1,1,1.6820612542537676,2.75,3,0.696551724137931,False,1.9206798866855523
2025-11-20,7am,retest,short,-1.0,False,97.5,0.6846153846153846,1.0,False,0.7307692307692307,1.1504424778761062,True,False,0,19,11,,22.75,3,0.8,False,1.5324165029469548
2025-11-21,6am,retest,short,-1.0,False,143.0,0.2674825174825175,-1.0,False,0.5961538461538461,0.7486910994764397,False,True,36,5,1,1.9288824383164005,39.5,4,0.7447604790419161,True,3.160220994475138
2025-11-21,6am,retest,long,-1.0,False,143.0,0.2674825174825175,-1.0,False,0.5961538461538461,0.7486910994764397,True,False,11,3,3,1.4201642335766422,40.5,4,0.6833832335329342,False,3.160220994475138
2025-11-21,6am,failure,long,-1.0,False,143.0,0.2674825174825175,-1.0,False,0.5961538461538461,0.7486910994764397,True,False,10,1,1,0.8434330942369528,0.25,4,0.6833832335329342,False,3.160220994475138
2025-11-21,7am,retest,short,1.3,True,309.0,0.4344660194174757,1.0,False,0.4627831715210356,2.160839160839161,True,False,19,5,12,0.9231222633883462,30.5,4,1.0688622754491017,False,4.726577437858508
2025-11-21,7am,failure,short,1.3,True,309.0,0.4344660194174757,1.0,False,0.4627831715210356,2.160839160839161,True,False,17,1,2,1.8330550918196995,3.0,4,1.0688622754491017,False,4.726577437858508
2025-11-24,7am,retest,short,-1.0,False,93.25,0.5442359249329759,1.0,False,0.42359249329758714,1.1035502958579881,True,False,5,51,1,,47.75,0,0.7667493796526055,False,1.4263862332695985
2025-11-24,7am,failure,short,-1.0,False,93.25,0.5442359249329759,1.0,False,0.42359249329758714,1.1035502958579881,True,False,4,1,1,,4.5,0,0.7667493796526055,False,1.4263862332695985
2025-11-25,6am,retest,short,-1.0,False,53.0,0.24056603773584906,-1.0,False,0.9198113207547169,0.9177489177489178,False,False,3,31,5,,36.5,1,0.46048632218844987,True,1.1428571428571428
2025-11-25,6am,failure,short,-1.0,False,53.0,0.24056603773584906,-1.0,False,0.9198113207547169,0.9177489177489178,False,False,2,1,1,,1.25,1,0.46048632218844987,True,1.1428571428571428
2025-11-25,6am,failure,long,-1.0,False,53.0,0.24056603773584906,-1.0,False,0.9198113207547169,0.9177489177489178,True,True,147,1,1,2.439308038959151,1.5,1,0.8617021276595744,False,1.1428571428571428
2025-11-25,7am,retest,long,-1.0,False,109.0,0.32798165137614677,1.0,False,0.2889908256880734,2.056603773584906,False,False,63,2,1,1.147522895288536,9.25,1,0.7310030395136778,False,1.660952380952381
2025-11-26,6am,retest,short,-1.0,False,41.5,0.4036144578313253,-1.0,False,0.7168674698795181,0.7545454545454545,False,True,143,1,1,1.5910780669144982,7.5,2,0.8825214899713467,False,0.8258706467661692
2025-11-26,6am,retest,long,1.3,True,41.5,0.4036144578313253,-1.0,False,0.7168674698795181,0.7545454545454545,True,False,2,45,1,,55.25,2,0.3553008595988539,True,0.8258706467661692
2025-11-26,6am,failure,short,1.3,True,41.5,0.4036144578313253,-1.0,False,0.7168674698795181,0.7545454545454545,False,True,117,1,1,1.537679932260796,2.0,2,0.8825214899713467,False,0.8258706467661692
2025-11-26,6am,failure,long,-1.0,False,41.5,0.4036144578313253,-1.0,False,0.7168674698795181,0.7545454545454545,True,False,1,1,1,,1.25,2,0.3553008595988539,True,0.8258706467661692
2025-11-26,7am,retest,short,-1.0,False,66.5,0.05639097744360902,-1.0,False,0.16917293233082706,1.6024096385542168,False,False,12,10,1,0.48067463106113845,20.25,2,0.7091690544412608,False,0.926829268292683
2025-11-26,7am,failure,short,-1.0,False,66.5,0.05639097744360902,-1.0,False,0.16917293233082706,1.6024096385542168,False,False,5,1,2,,3.0,2,0.7091690544412608,False,0.926829268292683
2025-11-27,6am,retest,long,1.3,True,20.0,0.55,-1.0,False,0.7,1.0126582278481013,True,False,0,1,2,,1.75,3,0.7391304347826086,False,0.39800995024875624
2025-11-27,7am,retest,long,1.3,True,21.75,0.4367816091954023,-1.0,False,0.47126436781609193,1.0875,True,False,13,1,1,5.405263157894737,3.25,3,0.9891304347826086,False,0.32892249527410206
2025-12-01,6am,retest,long,-1.0,False,40.0,0.4375,-1.0,False,0.9375,0.7804878048780488,True,False,4,1,1,,1.25,0,0.7547838412473423,False,0.7960199004975125
2025-12-02,6am,retest,long,-1.0,False,32.5,0.25384615384615383,-1.0,False,0.7230769230769231,0.5138339920948617,True,False,10,3,1,3.2566697332106713,13.5,1,0.13428571428571429,True,0.6615776081424937
2025-12-02,7am,retest,short,-1.0,False,43.25,0.4046242774566474,1.0,False,0.5780346820809249,1.3307692307692307,True,False,15,2,7,2.1682242990654204,4.0,1,1.0085714285714287,False,0.6540642722117203
2025-12-03,6am,retest,short,-1.0,False,34.5,0.2826086956521739,1.0,True,1.0,0.7582417582417582,True,False,11,6,1,0.9295774647887324,3.5,2,0.6723716381418093,False,0.7022900763358778
2025-12-03,6am,failure,short,-1.0,False,34.5,0.2826086956521739,1.0,True,1.0,0.7582417582417582,True,False,9,1,1,,0.25,2,0.6723716381418093,False,0.7022900763358778
2025-12-03,7am,retest,short,1.3,True,49.0,0.42857142857142855,1.0,False,0.6122448979591837,1.4202898550724639,True,False,2,2,6,,1.25,2,0.8581907090464548,False,0.7410207939508506
2025-12-04,6am,retest,short,-1.0,False,31.25,0.36,1.0,False,0.536,0.6188118811881188,True,False,0,40,1,,14.0,3,0.6078431372549019,False,0.6361323155216285
2025-12-04,6am,failure,long,1.3,True,31.25,0.36,1.0,False,0.536,0.6188118811881188,False,True,107,1,5,1.7223856646162077,2.0,3,0.742296918767507,True,0.6361323155216285
2025-12-04,7am,retest,long,-1.0,False,22.75,0.12087912087912088,1.0,False,0.25274725274725274,0.728,False,False,5,1,5,,3.25,3,0.4565826330532213,True,0.3466666666666667
2025-12-04,7am,failure,short,-1.0,False,22.75,0.12087912087912088,1.0,False,0.25274725274725274,0.728,True,True,64,1,1,2.2970671712393567,2.5,3,0.7983193277310925,False,0.3466666666666667
2025-12-04,7am,failure,long,-1.0,False,22.75,0.12087912087912088,1.0,False,0.25274725274725274,0.728,False,False,2,1,1,,2.0,3,0.4565826330532213,True,0.3466666666666667
2025-12-05,6am,retest,short,1.3,True,23.0,0.13043478260869565,1.0,False,0.6413043478260869,0.9484536082474226,True,False,4,2,1,,4.25,4,0.8064516129032258,False,0.4681933842239186
2025-12-05,6am,failure,short,1.3,True,23.0,0.13043478260869565,1.0,False,0.6413043478260869,0.9484536082474226,True,False,2,1,2,,8.75,4,0.8064516129032258,False,0.4681933842239186
2025-12-05,6am,failure,long,-1.0,False,23.0,0.13043478260869565,1.0,False,0.6413043478260869,0.9484536082474226,False,True,16,1,4,1.4936708860759493,1.5,4,0.34974533106960953,True,0.4681933842239186
2025-12-05,7am,failure,long,-1.0,False,47.5,0.35789473684210527,-1.0,False,0.4842105263157895,2.0652173913043477,True,False,20,1,1,3.7889688249400475,5.25,4,0.4567062818336163,True,0.7238095238095238
2025-12-08,6am,retest,short,-1.0,False,26.75,0.7476635514018691,-1.0,True,1.0,0.7328767123287672,False,True,42,48,12,6.5,35.25,0,0.8057851239669421,False,0.6096866096866097
2025-12-09,7am,retest,long,-1.0,False,30.75,0.2926829268292683,-1.0,True,1.0,0.6029411764705882,True,False,23,3,4,2.9518072289156625,8.0,1,0.6536964980544747,False,0.4685714285714286
2025-12-09,7am,failure,long,-1.0,False,30.75,0.2926829268292683,-1.0,True,1.0,0.6029411764705882,True,False,16,1,7,2.139817629179331,0.5,1,0.6536964980544747,False,0.4685714285714286
2025-12-10,6am,retest,long,1.3,True,56.25,0.26222222222222225,1.0,True,1.0,0.4766949152542373,False,False,5,1,7,,6.5,2,0.8265895953757225,False,1.2820512820512822
2025-12-10,7am,failure,short,-1.0,False,41.5,0.43373493975903615,-1.0,False,0.7289156626506024,0.7377777777777778,False,False,17,1,1,0.7391304347826086,0.5,2,0.40655105973025046,True,0.6335877862595419
2025-12-11,6am,retest,short,-1.0,False,38.75,0.6580645161290323,1.0,False,0.6516129032258065,1.0616438356164384,True,False,4,4,1,,10.0,3,0.5980629539951574,True,0.8831908831908832
2025-12-12,6am,retest,short,1.3,True,56.0,0.5803571428571429,-1.0,False,0.41517857142857145,0.986784140969163,False,False,54,1,1,12.452830188679245,2.75,4,0.15474452554744525,True,1.2910662824207493
2025-12-12,7am,retest,short,-1.0,False,57.75,0.23376623376623376,1.0,False,0.8701298701298701,1.03125,True,False,12,1,12,1.3143759873617693,2.0,4,0.19854014598540146,True,0.8816793893129771
2025-12-15,6am,failure,long,1.3,True,29.75,0.6386554621848739,1.0,False,0.453781512605042,1.2142857142857142,False,False,12,1,1,1.0802348336594911,0.5,0,0.028784648187633263,True,0.6055979643765903
2025-12-16,6am,retest,short,-1.0,False,57.0,0.8245614035087719,1.0,False,0.6578947368421053,0.5352112676056338,True,False,7,1,2,,2.75,1,0.7358333333333333,True,1.314121037463977
2025-12-16,6am,failure,short,-1.0,False,57.0,0.8245614035087719,1.0,False,0.6578947368421053,0.5352112676056338,True,False,0,1,4,,0.75,1,0.7358333333333333,True,1.314121037463977
2025-12-16,7am,retest,long,-1.0,False,43.75,0.09142857142857143,1.0,False,0.30857142857142855,0.7675438596491229,False,False,5,1,1,,4.5,1,0.30916666666666665,False,0.7113821138211383
2025-12-17,6am,retest,short,1.3,True,31.75,0.3543307086614173,1.0,False,0.7716535433070866,0.8639455782312925,True,False,49,6,1,1.0123456790123457,9.5,2,1.0319031903190319,False,0.7319884726224783
2025-12-17,6am,retest,long,-1.0,False,31.75,0.3543307086614173,1.0,False,0.7716535433070866,0.8639455782312925,False,True,74,44,1,36.44939965694683,72.25,2,0.1078107810781078,True,0.7319884726224783
2025-12-17,6am,failure,short,1.3,True,31.75,0.3543307086614173,1.0,False,0.7716535433070866,0.8639455782312925,True,False,48,1,1,4.858420268256334,3.5,2,1.0319031903190319,False,0.7319884726224783
2025-12-17,7am,retest,long,-1.0,False,34.5,0.21739130434782608,-1.0,False,0.7246376811594203,1.0866141732283465,True,False,14,44,1,42.86743515850144,79.0,2,0.0781078107810781,True,0.6448598130841121
2025-12-18,6am,retest,short,1.3,True,29.5,0.711864406779661,1.0,False,0.847457627118644,0.8676470588235294,True,False,4,7,1,,10.5,3,1.0226986128625473,False,0.7239263803680982
2025-12-18,6am,failure,short,1.3,True,29.5,0.711864406779661,1.0,False,0.847457627118644,0.8676470588235294,True,False,0,1,4,,2.75,3,1.0226986128625473,False,0.7239263803680982
2025-12-18,7am,retest,short,-1.0,False,29.5,0.2627118644067797,-1.0,False,0.6440677966101694,1.0,False,True,16,1,13,1.7334933973589435,5.25,3,1.0756620428751575,False,0.5514018691588785
2025-12-19,6am,retest,long,-1.0,False,49.5,0.398989898989899,-1.0,False,0.2222222222222222,1.6779661016949152,True,False,35,4,1,2.555282555282555,6.25,4,0.42448979591836733,True,1.2571428571428571
2025-12-19,6am,failure,long,1.3,True,49.5,0.398989898989899,-1.0,False,0.2222222222222222,1.6779661016949152,True,False,9,1,1,,1.0,4,0.42448979591836733,True,1.2571428571428571
2025-12-19,7am,retest,short,-1.0,False,77.75,0.7909967845659164,-1.0,False,0.5305466237942122,1.5707070707070707,False,True,78,7,3,4.018115942028985,26.5,4,0.8,False,1.5826972010178118
2025-12-19,7am,failure,short,-1.0,False,77.75,0.7909967845659164,-1.0,False,0.5305466237942122,1.5707070707070707,False,True,77,1,1,1.7367811655731376,1.0,4,0.8,False,1.5826972010178118
2025-12-19,7am,failure,long,1.3,True,77.75,0.7909967845659164,-1.0,False,0.5305466237942122,1.5707070707070707,True,False,0,1,2,,1.25,4,0.6231292517006802,True,1.5826972010178118
2025-12-22,7am,retest,short,-1.0,False,44.0,0.8295454545454546,1.0,False,0.4715909090909091,2.1204819277108435,True,False,2,8,1,,5.75,0,1.1550802139037433,False,0.8956743002544529
2025-12-23,6am,retest,long,-1.0,False,22.5,0.5555555555555556,-1.0,False,0.4666666666666667,0.8653846153846154,True,False,4,1,1,,4.75,1,0.6052631578947368,False,0.5714285714285714
2025-12-23,6am,failure,long,-1.0,False,22.5,0.5555555555555556,-1.0,False,0.4666666666666667,0.8653846153846154,True,False,1,1,2,,1.0,1,0.6052631578947368,False,0.5714285714285714
2025-12-24,7am,retest,short,-1.0,False,28.5,0.8245614035087719,1.0,False,0.40350877192982454,1.9,True,False,30,1,1,7.518636847710329,7.0,2,0.8080808080808081,False,0.5906735751295337
2025-12-26,6am,failure,short,-1.0,False,22.25,0.34831460674157305,-1.0,False,0.5842696629213483,0.9468085106382979,False,False,35,1,1,1.2824956672443673,0.5,4,0.6177474402730375,False,0.6075085324232082
2025-12-26,7am,retest,short,-1.0,False,28.0,0.5,1.0,False,0.6964285714285714,1.2584269662921348,True,False,20,2,1,2.675438596491228,5.75,4,0.7337883959044369,False,0.6120218579234973
2025-12-26,7am,failure,short,-1.0,False,28.0,0.5,1.0,False,0.6964285714285714,1.2584269662921348,True,False,10,1,2,1.4832535885167466,0.75,4,0.7337883959044369,False,0.6120218579234973
2025-12-29,6am,retest,long,-1.0,False,39.5,0.5886075949367089,1.0,False,0.6392405063291139,1.5643564356435644,False,True,103,1,1,0.6471494607087828,1.0,0,0.9752704791344667,False,1.1791044776119404
2025-12-29,6am,failure,short,1.3,True,39.5,0.5886075949367089,1.0,False,0.6392405063291139,1.5643564356435644,True,False,24,1,1,1.530506721820062,1.25,0,0.2689335394126739,True,1.1791044776119404
2025-12-29,6am,failure,long,1.3,True,39.5,0.5886075949367089,1.0,False,0.6392405063291139,1.5643564356435644,False,True,47,1,14,2.0097442143727164,1.75,0,0.9752704791344667,False,1.1791044776119404
2025-12-30,6am,retest,short,1.3,True,33.5,0.11940298507462686,1.0,False,0.5149253731343284,1.2407407407407407,True,False,2,3,1,,4.25,1,0.7295373665480427,True,1.0
2025-12-30,6am,retest,long,1.3,True,33.5,0.11940298507462686,1.0,False,0.5149253731343284,1.2407407407407407,False,True,97,3,1,1.854739433729996,6.0,1,0.7473309608540926,False,1.0
2025-12-30,6am,failure,short,1.3,True,33.5,0.11940298507462686,1.0,False,0.5149253731343284,1.2407407407407407,True,False,1,1,1,,0.75,1,0.7295373665480427,True,1.0
2025-12-30,7am,retest,long,-1.0,False,31.25,0.192,-1.0,False,0.76,0.9328358208955224,True,True,36,23,1,2.0569902048085487,21.0,1,0.608540925266904,False,0.7122507122507122
2025-12-30,7am,failure,short,1.3,True,31.25,0.192,-1.0,False,0.76,0.9328358208955224,False,False,20,1,3,3.0756013745704465,1.25,1,0.8362989323843416,True,0.7122507122507122
2025-12-30,7am,failure,long,-1.0,False,31.25,0.192,-1.0,False,0.76,0.9328358208955224,True,True,32,1,1,1.3934426229508197,0.25,1,0.608540925266904,False,0.7122507122507122
2025-12-31,6am,retest,short,-1.0,False,30.25,0.8099173553719008,1.0,False,0.3305785123966942,0.9918032786885246,True,False,0,1,14,,3.75,2,0.4324817518248175,True,0.9166666666666666
2025-12-31,7am,failure,short,-1.0,False,33.75,0.5851851851851851,1.0,False,0.4,1.115702479338843,True,False,0,1,1,,1.0,2,0.5802919708029197,True,0.7758620689655172
2026-01-05,6am,retest,short,1.3,True,33.0,0.4015151515151515,1.0,False,0.45454545454545453,0.6910994764397905,True,False,0,2,4,,11.25,0,1.118032786885246,False,1.027237354085603
2026-01-05,6am,retest,long,1.3,True,33.0,0.4015151515151515,1.0,False,0.45454545454545453,0.6910994764397905,False,True,81,9,1,1.7759928603302098,23.75,0,0.09836065573770492,True,1.027237354085603
2026-01-05,7am,retest,long,1.3,True,43.75,0.2342857142857143,-1.0,False,0.7428571428571429,1.3257575757575757,True,False,21,9,1,1.7759928603302098,24.25,0,0.09508196721311475,True,1.0324483775811208
2026-01-05,7am,failure,short,-1.0,False,43.75,0.2342857142857143,-1.0,False,0.7428571428571429,1.3257575757575757,False,True,57,1,1,3.9070567986230635,4.5,0,1.1918032786885246,False,1.0324483775811208
2026-01-05,7am,failure,long,-1.0,False,43.75,0.2342857142857143,-1.0,False,0.7428571428571429,1.3257575757575757,True,False,20,1,1,1.5844922039612304,0.5,0,0.09508196721311475,True,1.0324483775811208
2026-01-06,6am,retest,short,-1.0,False,20.0,0.1625,1.0,False,0.3375,0.7920792079207921,True,False,12,8,2,1.9147180192572213,6.75,1,0.5638841567291312,False,0.6106870229007634
2026-01-06,7am,failure,short,1.3,True,57.5,0.7869565217391304,1.0,False,0.32608695652173914,2.875,True,False,3,1,1,,1.0,1,0.82793867120954,False,1.3569321533923304
2026-01-07,6am,retest,short,-1.0,False,36.5,0.7602739726027398,1.0,False,0.821917808219178,1.0656934306569343,True,False,3,28,1,,13.75,2,0.3524416135881104,True,1.1361867704280155
2026-01-07,6am,failure,short,-1.0,False,36.5,0.7602739726027398,1.0,False,0.821917808219178,1.0656934306569343,True,False,0,1,2,,0.25,2,0.3524416135881104,True,1.1361867704280155
2026-01-07,7am,retest,short,1.3,True,29.25,0.05982905982905983,-1.0,False,0.5299145299145299,0.8013698630136986,False,False,30,3,1,2.203324313877078,9.25,2,0.4692144373673036,True,0.6902654867256637
2026-01-08,6am,retest,short,-1.0,False,47.25,0.021164021164021163,-1.0,False,0.6402116402116402,1.56198347107438,False,False,77,43,1,1.746122917863297,32.0,3,0.6453407510431154,True,1.4594594594594594
2026-01-08,6am,failure,short,-1.0,False,47.25,0.021164021164021163,-1.0,False,0.6402116402116402,1.56198347107438,False,False,72,1,5,2.8628495339547273,0.75,3,0.6453407510431154,True,1.4594594594594594
2026-01-08,7am,retest,short,-1.0,False,31.5,0.10317460317460317,-1.0,True,1.0,0.6666666666666666,False,False,11,5,1,1.7411042944785275,8.75,3,0.6008344923504868,True,0.8289473684210527
2026-01-09,6am,retest,short,1.3,True,46.0,0.25,1.0,False,0.3641304347826087,2.1904761904761907,True,True,94,38,1,2.9096809085992428,57.5,4,1.2647058823529411,False,1.420849420849421
2026-01-09,6am,retest,long,1.3,True,46.0,0.25,1.0,False,0.3641304347826087,2.1904761904761907,False,False,32,2,1,1.7492711370262393,2.5,4,0.1515837104072398,True,1.420849420849421
2026-01-09,6am,failure,long,1.3,True,46.0,0.25,1.0,False,0.3641304347826087,2.1904761904761907,False,False,28,1,1,1.7431192660550456,0.5,4,0.1515837104072398,True,1.420849420849421
2026-01-09,7am,retest,short,-1.0,False,41.75,0.20958083832335328,1.0,False,0.7784431137724551,0.907608695652174,True,False,30,2,1,8.953159383841559,41.75,4,1.1425339366515836,False,1.0986842105263157
2026-01-09,7am,retest,long,-1.0,False,41.75,0.20958083832335328,1.0,False,0.7784431137724551,0.907608695652174,False,True,82,1,3,2.629368129412816,12.0,4,0.23529411764705882,True,1.0986842105263157
2026-01-12,6am,retest,short,-1.0,False,27.75,0.40540540540540543,1.0,False,0.6396396396396397,0.7551020408163265,True,False,5,3,1,,8.75,0,0.306340718105424,True,0.8345864661654135
2026-01-13,6am,retest,short,-1.0,False,30.25,0.7272727272727273,1.0,False,0.9586776859504132,0.711764705882353,True,False,1,2,2,,5.25,1,0.5080831408775982,True,0.9097744360902256
2026-01-13,6am,failure,short,-1.0,False,30.25,0.7272727272727273,1.0,False,0.9586776859504132,0.711764705882353,True,False,0,1,1,,1.25,1,0.5080831408775982,True,0.9097744360902256
2026-01-13,7am,retest,long,1.3,True,30.5,0.19672131147540983,-1.0,False,0.4098360655737705,1.0082644628099173,True,False,21,1,2,1.4457831325301205,1.25,1,0.6073903002309469,False,0.8026315789473685
2026-01-13,7am,failure,long,1.3,True,30.5,0.19672131147540983,-1.0,False,0.4098360655737705,1.0082644628099173,True,False,20,1,1,1.1891891891891893,0.75,1,0.6073903002309469,False,0.8026315789473685
2026-01-14,6am,retest,short,-1.0,False,55.0,0.09545454545454546,1.0,True,1.0,0.3914590747330961,True,True,21,42,2,0.9157509157509158,15.5,2,0.26697892271662765,True,1.6541353383458646
2026-01-14,6am,retest,long,1.3,True,55.0,0.09545454545454546,1.0,True,1.0,0.3914590747330961,False,False,1,1,2,,10.75,2,0.990632318501171,False,1.6541353383458646
2026-01-14,7am,retest,short,1.3,True,83.25,0.44144144144144143,1.0,False,0.6606606606606606,1.5136363636363637,True,False,22,4,1,1.2886464016627697,8.75,2,0.33840749414519905,True,2.4395604395604398
2026-01-14,7am,failure,short,1.3,True,83.25,0.44144144144144143,1.0,False,0.6606606606606606,1.5136363636363637,True,False,0,1,18,,0.25,2,0.33840749414519905,True,2.4395604395604398
2026-01-15,6am,retest,short,-1.0,False,39.5,0.6265822784810127,1.0,False,0.35443037974683544,1.3057851239669422,True,True,64,1,1,7.326732673267327,6.75,3,1.0851063829787233,False,1.1879699248120301
2026-01-15,6am,failure,long,1.3,True,39.5,0.6265822784810127,1.0,False,0.35443037974683544,1.3057851239669422,False,False,26,1,12,1.5254237288135593,0.5,3,0.06105457909343201,True,1.1879699248120301
2026-01-15,7am,retest,short,-1.0,False,43.0,0.26744186046511625,1.0,False,0.8837209302325582,1.0886075949367089,True,False,4,1,1,,8.25,3,1.0795559666975023,False,1.131578947368421
2026-01-15,7am,failure,short,-1.0,False,43.0,0.26744186046511625,1.0,False,0.8837209302325582,1.0886075949367089,True,False,0,1,4,,0.5,3,1.0795559666975023,False,1.131578947368421
2026-01-16,6am,retest,long,1.3,True,47.5,0.46842105263157896,-1.0,False,0.8105263157894737,0.8796296296296297,True,False,24,1,1,1.8255250403877221,5.0,4,0.240625,True,1.4285714285714286
2026-01-16,6am,failure,long,1.3,True,47.5,0.46842105263157896,-1.0,False,0.8105263157894737,0.8796296296296297,True,False,0,1,23,,3.75,4,0.240625,True,1.4285714285714286
2026-01-16,7am,failure,short,1.3,True,47.25,0.037037037037037035,-1.0,False,0.5767195767195767,0.9947368421052631,False,True,79,1,1,2.0494542214301625,2.0,4,0.9296875,False,1.243421052631579
2026-01-16,7am,failure,long,1.3,True,47.25,0.037037037037037035,-1.0,False,0.5767195767195767,0.9947368421052631,True,False,20,1,1,3.6182445381372177,3.0,4,0.365625,True,1.243421052631579
2026-01-20,6am,retest,short,-1.0,False,55.25,0.5565610859728507,1.0,False,0.6289592760180995,0.5637755102040817,True,False,9,9,3,,27.5,1,0.3853410740203193,True,1.6616541353383458
2026-01-20,7am,failure,long,1.3,True,92.0,0.5652173913043478,1.0,False,0.39402173913043476,1.665158371040724,False,False,34,1,1,4.662971175166297,9.5,1,0.7198838896952104,False,2.21021021021021
2026-01-21,6am,retest,long,1.3,True,118.75,0.9052631578947369,-1.0,False,0.3157894736842105,1.7857142857142858,True,False,0,1,45,,15.5,2,1.4405594405594406,False,3.392857142857143
2026-01-21,6am,failure,short,-1.0,False,118.75,0.9052631578947369,-1.0,False,0.3157894736842105,1.7857142857142858,False,True,125,1,5,2.6328007647139153,4.75,2,0.38986013986013984,True,3.392857142857143
2026-01-21,7am,retest,short,1.3,True,64.75,0.5984555984555985,1.0,False,0.7606177606177607,0.5452631578947369,True,False,7,9,1,,23.5,2,-0.09615384615384616,True,1.528023598820059
2026-01-22,6am,retest,short,-1.0,False,47.0,0.2925531914893617,-1.0,False,0.7074468085106383,1.413533834586466,False,True,107,18,2,4.825677919203099,25.75,3,0.9924568965517241,False,1.3428571428571427
2026-01-22,6am,retest,long,1.3,True,47.0,0.2925531914893617,-1.0,False,0.7074468085106383,1.413533834586466,True,False,3,1,1,,8.0,3,0.2101293103448276,True,1.3428571428571427
2026-01-22,7am,retest,short,-1.0,False,37.25,0.44966442953020136,1.0,False,0.785234899328859,0.7925531914893617,True,False,0,8,1,,12.25,3,0.915948275862069,False,0.8790560471976401
2026-01-23,6am,retest,long,1.3,True,87.0,0.367816091954023,1.0,False,0.04310344827586207,3.515151515151515,False,False,113,2,2,2.802056555269923,10.75,4,0.8392156862745098,True,2.289473684210526
2026-01-23,7am,retest,short,1.3,True,48.75,0.4564102564102564,1.0,True,1.0,0.5603448275862069,True,False,3,1,1,,2.5,4,0.48366013071895425,False,1.2341772151898733
2026-01-23,7am,retest,long,-1.0,False,48.75,0.4564102564102564,1.0,True,1.0,0.5603448275862069,False,True,28,3,2,3.085585585585586,12.75,4,0.7712418300653595,True,1.2341772151898733
2026-01-26,6am,retest,short,-1.0,False,31.25,0.608,1.0,True,1.0,0.5186721991701245,True,False,0,96,1,,41.5,0,0.8168546781685467,False,0.7911392405063291
2026-01-26,7am,retest,long,1.3,True,45.75,0.40437158469945356,1.0,False,0.09289617486338798,1.464,False,False,41,2,1,2.5193147463889822,10.75,0,0.19442601194426012,True,1.079646017699115
2026-01-26,7am,failure,long,1.3,True,45.75,0.40437158469945356,1.0,False,0.09289617486338798,1.464,False,False,37,1,3,2.5073529411764706,4.25,0,0.19442601194426012,True,1.079646017699115
2026-01-27,6am,failure,long,1.3,True,51.25,0.5170731707317073,1.0,False,0.3121951219512195,1.3576158940397351,False,False,30,1,1,3.984926990108337,0.75,1,0.19235836627140976,True,1.3486842105263157
2026-01-27,7am,retest,long,-1.0,False,42.5,0.6470588235294118,-1.0,False,0.9823529411764705,0.8292682926829268,True,False,48,6,1,2.8932105083589215,8.5,1,0.1963109354413702,True,0.9798270893371758
2026-01-28,6am,retest,long,-1.0,False,39.25,0.03821656050955414,1.0,False,0.8471337579617835,0.8134715025906736,False,False,16,5,1,0.6288737717309146,18.5,2,0.2586750788643533,True,0.9936708860759493
2026-01-28,6am,failure,long,-1.0,False,39.25,0.03821656050955414,1.0,False,0.8471337579617835,0.8134715025906736,False,False,12,1,1,14.812064965197216,22.5,2,0.2586750788643533,True,0.9936708860759493
2026-01-28,7am,retest,long,-1.0,False,56.0,0.6830357142857143,-1.0,False,0.59375,1.4267515923566878,True,False,40,2,2,2.300644723447574,9.5,2,0.35436382754994744,True,1.3099415204678362
2026-01-29,6am,retest,short,-1.0,False,33.5,0.2462686567164179,1.0,False,0.6492537313432836,0.67,True,False,0,1,1,,6.75,3,0.5855106888361045,True,0.8481012658227848
2026-01-29,6am,retest,long,-1.0,False,33.5,0.2462686567164179,1.0,False,0.6492537313432836,0.67,False,True,39,11,1,5.025699600228441,16.25,3,0.5736342042755345,False,0.8481012658227848
2026-01-29,7am,retest,long,1.3,True,65.25,0.3793103448275862,-1.0,False,0.5134099616858238,1.9477611940298507,True,False,17,2,1,2.608956854178045,4.25,3,0.66270783847981,False,1.5263157894736843
2026-01-30,6am,retest,short,1.3,True,120.25,0.8794178794178794,1.0,False,0.2182952182952183,1.2526041666666667,True,False,0,8,13,,21.25,4,0.6326806212018906,True,3.0539682539682538
2026-01-30,7am,retest,long,1.3,True,83.5,0.2844311377245509,-1.0,False,0.7455089820359282,0.6943866943866944,True,False,30,14,5,8.304668304668304,69.25,4,0.5354490209318028,False,1.92507204610951
2026-02-02,6am,retest,short,-1.0,False,90.25,0.4930747922437673,1.0,False,0.8033240997229917,1.0972644376899696,True,False,17,40,11,3.604989604989605,36.0,0,0.6680988184747583,True,2.111111111111111
2026-02-02,7am,retest,short,-1.0,False,77.25,0.47572815533980584,1.0,False,0.5339805825242718,0.8559556786703602,True,False,55,13,1,2.721394433511386,19.5,0,0.7454350161117078,True,1.7262569832402235
2026-02-03,6am,retest,short,-1.0,False,30.25,0.33884297520661155,-1.0,False,0.6776859504132231,0.6685082872928176,False,True,14,2,1,0.7061245496654658,6.0,1,0.6124031007751938,False,0.6505376344086021
2026-02-03,6am,retest,long,1.3,True,30.25,0.33884297520661155,-1.0,False,0.6776859504132231,0.6685082872928176,True,False,1,2,1,,11.5,1,0.5751937984496124,True,0.6505376344086021
2026-02-03,6am,failure,short,-1.0,False,30.25,0.33884297520661155,-1.0,False,0.6776859504132231,0.6685082872928176,False,True,13,1,1,1.4337142857142857,2.0,1,0.6124031007751938,False,0.6505376344086021
2026-02-03,7am,retest,short,1.3,True,72.75,0.5017182130584192,1.0,False,0.41580756013745707,2.4049586776859506,True,False,9,5,2,,7.25,1,0.8046511627906977,False,1.564516129032258
2026-02-03,7am,failure,short,1.3,True,72.75,0.5017182130584192,1.0,False,0.41580756013745707,2.4049586776859506,True,False,8,1,1,,1.0,1,0.8046511627906977,False,1.564516129032258
2026-02-04,6am,retest,long,-1.0,False,46.75,0.5026737967914439,1.0,False,0.6310160427807486,0.6584507042253521,False,True,26,5,2,3.376146788990826,17.25,2,0.48513302034428796,True,1.0053763440860215
2026-02-04,6am,failure,short,1.3,True,46.75,0.5026737967914439,1.0,False,0.6310160427807486,0.6584507042253521,True,False,0,1,1,,1.25,2,0.8075117370892019,False,1.0053763440860215
2026-02-04,7am,retest,long,-1.0,False,93.75,0.736,-1.0,False,0.49866666666666665,2.0053475935828877,True,False,4,12,2,,22.5,2,0.7355242566510172,True,1.953125
2026-02-04,7am,failure,long,-1.0,False,93.75,0.736,-1.0,False,0.49866666666666665,2.0053475935828877,True,False,0,1,1,,3.5,2,0.7355242566510172,True,1.953125
2026-02-06,6am,retest,long,1.3,True,84.25,0.7359050445103857,1.0,False,0.11275964391691394,0.9739884393063584,False,False,34,4,1,0.633373934226553,13.5,4,0.017002237136465325,True,1.7973333333333332
2026-02-06,6am,failure,long,1.3,True,84.25,0.7359050445103857,1.0,False,0.11275964391691394,0.9739884393063584,False,False,15,1,19,1.5450643776824033,5.5,4,0.017002237136465325,True,1.7973333333333332
2026-02-06,7am,failure,long,1.3,True,99.5,0.7236180904522613,-1.0,False,0.7185929648241206,1.1810089020771513,True,False,7,1,3,,1.0,4,0.06711409395973154,True,1.899761336515513
2026-02-09,6am,retest,short,-1.0,False,53.0,0.0330188679245283,1.0,True,1.0,0.4231536926147705,True,True,9,9,1,,28.5,0,0.27314814814814814,True,1.1246684350132625
2026-02-09,6am,failure,short,-1.0,False,53.0,0.0330188679245283,1.0,True,1.0,0.4231536926147705,True,True,8,1,1,,0.25,0,0.27314814814814814,True,1.1246684350132625
2026-02-09,7am,retest,short,1.3,True,88.75,0.5830985915492958,1.0,False,0.5971830985915493,1.6745283018867925,True,False,0,33,1,,51.75,0,0.3584656084656085,True,1.694510739856802
2026-02-10,6am,retest,short,1.3,True,39.75,0.37735849056603776,1.0,False,0.8050314465408805,1.2230769230769232,True,False,0,40,2,,47.75,1,0.7383720930232558,False,0.8412698412698413
2026-02-10,6am,retest,long,-1.0,False,39.75,0.37735849056603776,1.0,False,0.8050314465408805,1.2230769230769232,False,True,60,1,1,2.6392032593933905,13.75,1,0.5697674418604651,True,0.8412698412698413
2026-02-10,7am,retest,long,-1.0,False,84.5,0.3609467455621302,-1.0,False,0.4349112426035503,2.1257861635220126,True,False,0,3,1,,16.75,1,0.5465116279069767,False,1.3995859213250517
2026-02-11,6am,retest,short,1.3,True,44.25,0.03389830508474576,1.0,False,0.03954802259887006,0.7224489795918367,True,False,7,24,1,,26.0,2,0.520702634880803,True,0.9365079365079365
2026-02-11,6am,failure,short,-1.0,False,44.25,0.03389830508474576,1.0,False,0.03954802259887006,0.7224489795918367,True,False,2,1,5,,1.75,2,0.520702634880803,True,0.9365079365079365
2026-02-12,6am,retest,short,-1.0,False,32.25,0.5193798449612403,1.0,True,1.0,0.80625,True,False,31,1,1,3.0943396226415096,6.0,3,0.9791666666666666,False,0.6825396825396826
2026-02-12,6am,retest,long,1.3,True,32.25,0.5193798449612403,1.0,True,1.0,0.80625,False,True,73,15,1,1.4148790506617983,18.0,3,0.21279761904761904,True,0.6825396825396826
2026-02-12,6am,failure,long,-1.0,False,32.25,0.5193798449612403,1.0,True,1.0,0.80625,False,True,68,1,5,3.0887290167865706,2.5,3,0.21279761904761904,True,0.6825396825396826
2026-02-12,7am,retest,short,1.3,True,41.0,0.21951219512195122,-1.0,False,0.6707317073170732,1.2713178294573644,False,True,39,22,1,0.7887859349014018,35.75,3,1.0595238095238095,False,0.6307692307692307
2026-02-12,7am,retest,long,-1.0,False,41.0,0.21951219512195122,-1.0,False,0.6707317073170732,1.2713178294573644,True,False,7,2,3,,7.25,3,0.18452380952380953,True,0.6307692307692307
2026-02-12,7am,failure,short,-1.0,False,41.0,0.21951219512195122,-1.0,False,0.6707317073170732,1.2713178294573644,False,True,37,1,1,3.545621555419473,2.5,3,1.0595238095238095,False,0.6307692307692307
2026-02-12,7am,failure,long,-1.0,False,41.0,0.21951219512195122,-1.0,False,0.6707317073170732,1.2713178294573644,True,False,3,1,2,,0.5,3,0.18452380952380953,True,0.6307692307692307
2026-02-13,6am,retest,short,-1.0,False,114.5,0.08296943231441048,-1.0,False,0.09606986899563319,1.5902777777777777,False,True,90,2,1,8.36407058511344,84.75,4,0.43258426966292135,True,2.4232804232804233
2026-02-13,7am,retest,short,-1.0,False,78.5,0.33121019108280253,-1.0,False,0.9076433121019108,0.6855895196506551,False,True,30,2,1,8.36407058511344,77.5,4,0.4651685393258427,True,1.2076923076923076
2026-02-13,7am,retest,long,1.3,True,78.5,0.33121019108280253,-1.0,False,0.9076433121019108,0.6855895196506551,True,False,8,14,1,,46.75,4,0.8876404494382022,False,1.2076923076923076
2026-02-16,6am,failure,short,1.3,True,36.75,0.41496598639455784,-1.0,False,0.29931972789115646,0.8497109826589595,False,False,27,1,1,4.392523364485981,1.25,0,0.7436661698956781,False,0.7777777777777778
2026-02-16,7am,failure,long,-1.0,False,32.75,0.19083969465648856,1.0,False,0.9618320610687023,0.891156462585034,False,False,50,1,1,1.5352697095435683,1.5,0,0.44411326378539495,True,0.4746376811594203
2026-02-17,6am,retest,short,1.3,True,65.75,0.2585551330798479,1.0,False,0.7300380228136882,0.6116279069767442,True,False,7,13,1,,28.75,1,0.2805628847845207,True,1.3915343915343916
2026-02-17,7am,retest,short,1.3,True,89.0,0.4297752808988764,-1.0,False,0.6769662921348315,1.3536121673003803,False,True,51,2,1,6.199854121079504,38.5,1,0.3817062445030783,True,1.3692307692307693
2026-02-17,7am,failure,long,-1.0,False,89.0,0.4297752808988764,-1.0,False,0.6769662921348315,1.3536121673003803,True,False,2,1,1,,2.25,1,0.9313984168865436,False,1.3692307692307693
2026-02-18,6am,retest,long,-1.0,False,38.25,0.6993464052287581,-1.0,False,0.5228758169934641,1.176923076923077,True,True,31,27,1,4.2162441800310395,45.75,2,0.21495327102803738,True,0.7786259541984732
2026-02-18,7am,retest,long,-1.0,False,118.5,0.04219409282700422,-1.0,False,0.3227848101265823,3.0980392156862746,True,False,42,1,2,2.5545522949586155,5.25,2,0.40498442367601245,True,1.7173913043478262
2026-02-19,6am,retest,short,1.3,True,49.5,0.47474747474747475,1.0,True,1.0,0.6366559485530546,True,True,25,2,1,4.032258064516129,11.25,3,0.2652838427947598,True,1.056
2026-02-19,6am,retest,long,1.3,True,49.5,0.47474747474747475,1.0,True,1.0,0.6366559485530546,False,False,1,2,1,,21.25,3,0.9508733624454149,False,1.056
2026-02-19,7am,failure,long,1.3,True,82.0,0.11890243902439024,-1.0,False,0.6036585365853658,1.6565656565656566,True,False,25,1,2,2.677111716621253,4.5,3,1.0436681222707425,False,1.0933333333333333
2026-02-20,6am,retest,long,1.3,True,91.25,0.7890410958904109,-1.0,False,0.019178082191780823,1.983695652173913,True,False,21,3,5,0.9423470880889669,12.0,4,1.0929133858267717,False,1.9466666666666668
2026-02-20,6am,failure,long,1.3,True,91.25,0.7890410958904109,-1.0,False,0.019178082191780823,1.983695652173913,True,False,2,1,17,,6.25,4,1.0929133858267717,False,1.9466666666666668
2026-02-20,7am,retest,short,1.3,True,58.5,0.0,0.0,False,0.6538461538461539,0.6410958904109589,False,False,18,2,8,1.9112519809825672,5.0,4,0.14803149606299212,True,0.78
2026-02-23,6am,retest,long,1.3,True,80.0,0.515625,-1.0,False,0.528125,1.3852813852813852,True,False,26,1,1,1.2375458835867856,5.25,0,0.6039603960396039,False,1.6623376623376624
2026-02-23,6am,failure,long,1.3,True,80.0,0.515625,-1.0,False,0.528125,1.3852813852813852,True,False,17,1,1,1.3258628417749887,1.25,0,0.6039603960396039,False,1.6623376623376624
2026-02-23,7am,retest,short,-1.0,False,59.75,0.39330543933054396,-1.0,False,0.606694560669456,0.746875,False,False,44,4,1,1.4550989345509893,11.0,0,0.5396039603960396,True,0.7966666666666666
2026-02-23,7am,failure,short,-1.0,False,59.75,0.39330543933054396,-1.0,False,0.606694560669456,0.746875,False,False,40,1,1,1.8241685874217979,2.0,0,0.5396039603960396,True,0.7966666666666666
2026-02-24,6am,retest,short,1.3,True,44.5,0.21348314606741572,-1.0,False,0.6179775280898876,1.119496855345912,False,False,1,18,1,,49.0,1,0.724950884086444,False,0.9246753246753247
2026-02-24,6am,retest,long,1.3,True,44.5,0.21348314606741572,-1.0,False,0.6179775280898876,1.119496855345912,True,True,40,2,1,2.7454438565549677,4.75,1,0.6247544204322201,True,0.9246753246753247
2026-02-24,6am,failure,short,-1.0,False,44.5,0.21348314606741572,-1.0,False,0.6179775280898876,1.119496855345912,False,False,0,1,1,,5.75,1,0.724950884086444,False,0.9246753246753247
2026-02-25,6am,retest,short,-1.0,False,60.0,0.8416666666666667,1.0,False,0.4375,2.051282051282051,True,False,2,1,16,,3.0,2,1.1142857142857143,False,1.2467532467532467
2026-02-25,7am,retest,short,-1.0,False,45.0,0.3111111111111111,1.0,False,0.5222222222222223,0.75,True,False,55,8,1,3.786482334869432,15.75,2,1.2897959183673469,False,0.6
2026-02-26,6am,retest,short,-1.0,False,24.75,0.18181818181818182,1.0,False,0.9090909090909091,0.6073619631901841,True,False,2,11,2,,9.0,3,0.6856677524429967,True,0.5142857142857142
2026-02-26,6am,failure,long,-1.0,False,24.75,0.18181818181818182,1.0,False,0.9090909090909091,0.6073619631901841,False,True,148,1,1,3.144963144963145,3.0,3,0.4755700325732899,False,0.5142857142857142
2026-02-26,7am,retest,short,-1.0,False,30.5,0.4016393442622951,1.0,False,0.319672131147541,1.2323232323232323,True,False,27,14,1,1.884284597341673,12.0,3,0.8208469055374593,True,0.4066666666666667
2026-02-26,7am,failure,short,-1.0,False,30.5,0.4016393442622951,1.0,False,0.319672131147541,1.2323232323232323,True,False,19,1,2,1.8313253012048194,1.0,3,0.8208469055374593,True,0.4066666666666667
2026-02-26,7am,failure,long,-1.0,False,30.5,0.4016393442622951,1.0,False,0.319672131147541,1.2323232323232323,False,True,86,1,1,1.0083059687077458,1.5,3,0.3778501628664495,False,0.4066666666666667
2026-02-27,6am,retest,long,1.3,True,84.0,0.5505952380952381,-1.0,False,0.5476190476190477,1.073482428115016,True,False,1,2,2,,7.5,4,1.1805555555555556,False,1.7454545454545454
2026-02-27,7am,retest,long,-1.0,False,96.0,0.3229166666666667,-1.0,False,0.6796875,1.1428571428571428,True,False,18,1,4,1.4352011848926192,5.25,4,1.3940972222222223,False,1.28
2026-03-02,6am,retest,long,1.3,True,94.0,0.32180851063829785,1.0,False,0.526595744680851,1.5932203389830508,False,False,19,1,1,1.3614173228346458,2.0,0,0.6275780789628757,True,1.8341463414634147
2026-03-02,6am,failure,short,1.3,True,94.0,0.32180851063829785,1.0,False,0.526595744680851,1.5932203389830508,True,True,85,1,1,3.0601424026662625,10.25,0,0.5939893930465527,False,1.8341463414634147
2026-03-02,7am,retest,short,1.3,True,95.75,0.5926892950391645,-1.0,False,0.7362924281984334,1.0186170212765957,False,False,21,2,1,6.265319286175016,16.5,0,0.5385975250441957,True,1.2295345104333868
2026-03-02,7am,retest,long,1.3,True,95.75,0.5926892950391645,-1.0,False,0.7362924281984334,1.0186170212765957,True,True,58,1,3,3.447310537892421,17.0,0,0.6870948733058339,False,1.2295345104333868
2026-03-03,6am,retest,short,-1.0,False,144.25,0.2651646447140381,1.0,False,0.6308492201039861,1.585164835164835,True,False,4,86,11,,92.5,1,0.19619741100323623,True,2.8146341463414632
2026-03-03,6am,failure,short,-1.0,False,144.25,0.2651646447140381,1.0,False,0.6308492201039861,1.585164835164835,True,False,3,1,1,,0.75,1,0.19619741100323623,True,2.8146341463414632
2026-03-03,7am,retest,long,1.3,True,128.25,0.7524366471734892,1.0,False,0.2787524366471735,0.8890814558058926,False,False,47,1,1,1.0798898071625345,7.0,1,0.8616504854368932,False,1.5981308411214954
2026-03-03,7am,failure,long,1.3,True,128.25,0.7524366471734892,1.0,False,0.2787524366471735,0.8890814558058926,False,False,33,1,3,2.198759403457833,4.25,1,0.8616504854368932,False,1.5981308411214954
2026-03-04,6am,retest,short,1.3,True,93.75,0.3973333333333333,-1.0,False,0.6933333333333334,0.7102272727272727,False,True,70,7,1,3.8605465069322924,35.25,2,1.078284547311096,False,1.829268292682927
2026-03-05,6am,retest,long,1.3,True,68.5,0.20437956204379562,-1.0,False,0.8467153284671532,1.1759656652360515,True,False,3,1,9,,6.75,3,0.5953026196928636,False,1.2123893805309736
2026-03-05,6am,failure,long,1.3,True,68.5,0.20437956204379562,-1.0,False,0.8467153284671532,1.1759656652360515,True,False,1,1,1,,1.5,3,0.5953026196928636,False,1.2123893805309736
2026-03-05,7am,retest,long,-1.0,False,121.0,0.21074380165289255,-1.0,False,0.5661157024793388,1.7664233576642336,True,False,5,1,2,,11.75,3,0.7705510388437218,False,1.4622356495468278
2026-03-06,6am,retest,long,-1.0,False,127.75,0.7181996086105675,-1.0,False,0.34833659491193736,2.0358565737051793,True,False,31,1,1,2.4262681871804954,15.0,4,1.1822565091610415,False,2.0318091451292246
2026-03-06,7am,retest,long,-1.0,False,79.25,0.2902208201892745,-1.0,False,0.6277602523659306,0.6203522504892368,True,False,30,1,1,14.282987353853494,70.5,4,1.296046287367406,False,0.9519519519519519
2026-03-09,7am,retest,short,-1.0,False,75.5,0.16887417218543047,1.0,True,1.0,0.8010610079575596,True,False,5,2,7,,10.25,0,0.854261220373172,True,0.9069069069069069
2026-03-09,7am,failure,short,-1.0,False,75.5,0.16887417218543047,1.0,True,1.0,0.8010610079575596,True,False,4,1,1,,1.5,0,0.854261220373172,True,0.9069069069069069
2026-03-10,6am,retest,long,-1.0,False,75.5,0.32450331125827814,-1.0,False,0.1986754966887417,1.4178403755868545,True,True,14,9,1,0.7698244260081034,25.5,1,0.40639625585023403,True,1.2007952286282306
2026-03-10,6am,failure,long,-1.0,False,75.5,0.32450331125827814,-1.0,False,0.1986754966887417,1.4178403755868545,True,True,13,1,1,0.5136381869233855,0.75,1,0.40639625585023403,True,1.2007952286282306
2026-03-10,7am,retest,long,1.3,True,150.25,0.6206322795341098,-1.0,False,0.502495840266223,1.990066225165563,True,False,1,44,22,,66.75,1,0.5982839313572543,False,1.8048048048048049
2026-03-11,6am,retest,short,1.3,True,129.25,0.8936170212765957,1.0,False,0.5512572533849129,1.8140350877192983,True,False,1,5,2,,18.5,2,0.5565410199556541,False,1.925512104283054
2026-03-11,6am,failure,short,1.3,True,129.25,0.8936170212765957,1.0,False,0.5512572533849129,1.8140350877192983,True,False,0,1,1,,1.0,2,0.5565410199556541,False,1.925512104283054
2026-03-11,7am,retest,long,1.3,True,115.25,0.6030368763557483,-1.0,False,0.8394793926247288,0.8916827852998066,True,True,42,2,1,1.3683567501527185,5.75,2,0.8725055432372506,False,1.3843843843843844
2026-03-12,6am,retest,long,-1.0,False,51.75,0.6376811594202898,-1.0,False,0.893719806763285,0.4769585253456221,True,False,2,19,1,,16.75,3,0.2916256157635468,False,0.71875
2026-03-12,6am,failure,long,-1.0,False,51.75,0.6376811594202898,-1.0,False,0.893719806763285,0.4769585253456221,True,False,0,1,2,,2.25,3,0.2916256157635468,False,0.71875
2026-03-13,6am,retest,short,-1.0,False,97.75,0.8925831202046036,1.0,False,0.5012787723785166,1.4866920152091254,True,False,0,8,1,,22.75,4,0.8520263901979265,False,1.3576388888888888
2026-03-13,7am,failure,short,1.3,True,63.25,0.7154150197628458,1.0,False,0.33201581027667987,0.6470588235294118,True,False,0,1,1,,3.5,4,1.0113100848256362,False,0.7597597597597597
2026-03-16,7am,retest,short,-1.0,False,60.0,0.35833333333333334,1.0,False,0.6375,0.47337278106508873,True,False,5,1,1,,3.0,0,1.0969289827255277,False,0.7441860465116279
2026-03-16,7am,failure,short,-1.0,False,60.0,0.35833333333333334,1.0,False,0.6375,0.47337278106508873,True,False,0,1,2,,0.25,0,1.0969289827255277,False,0.7441860465116279
2026-03-17,6am,retest,short,1.3,True,50.25,0.17412935323383086,-1.0,True,1.0,0.6146788990825688,False,False,5,1,1,,5.5,1,0.751219512195122,True,0.6463022508038585
2026-03-17,6am,failure,short,1.3,True,50.25,0.17412935323383086,-1.0,True,1.0,0.6146788990825688,False,False,1,1,2,,0.25,1,0.751219512195122,True,0.6463022508038585
2026-03-17,7am,failure,short,-1.0,False,47.75,0.3717277486910995,-1.0,False,0.6544502617801047,0.9502487562189055,False,False,7,1,1,,1.75,1,0.8585365853658536,True,0.6053882725832013
2026-03-18,6am,retest,long,-1.0,False,39.75,0.20754716981132076,-1.0,False,0.8050314465408805,1.2421875,True,False,0,10,15,,12.25,2,0.2366325369738339,True,0.5520833333333334
2026-03-18,7am,failure,long,-1.0,False,79.75,0.6050156739811913,-1.0,False,0.23510971786833856,2.006289308176101,True,False,2,1,1,,2.75,2,0.5142207053469852,True,1.011093502377179
2026-03-19,6am,retest,long,1.3,True,55.75,0.6591928251121076,-1.0,True,1.0,0.37104825291181365,True,False,5,1,2,,9.5,3,0.6803551609322974,False,0.7743055555555556
2026-03-19,7am,retest,long,-1.0,False,104.5,0.43779904306220097,-1.0,False,0.39712918660287083,1.8744394618834082,True,False,2,4,1,,31.0,3,0.9600443951165372,False,1.3144654088050314
2026-03-19,7am,failure,long,-1.0,False,104.5,0.43779904306220097,-1.0,False,0.39712918660287083,1.8744394618834082,True,False,1,1,1,,5.5,3,0.9600443951165372,False,1.3144654088050314
2026-03-20,6am,retest,short,-1.0,False,121.25,0.1979381443298969,-1.0,False,0.2618556701030928,0.6850282485875706,False,False,3,34,3,,28.25,4,0.1259920634920635,True,1.6840277777777777
2026-03-20,7am,retest,short,-1.0,False,71.0,0.5105633802816901,1.0,False,0.602112676056338,0.5855670103092784,True,False,9,7,4,,30.5,4,0.23809523809523808,True,0.8778979907264297
2026-03-24,6am,retest,long,1.3,True,64.5,0.23255813953488372,-1.0,False,0.9263565891472868,0.516,True,False,35,1,7,0.9969788519637461,1.25,1,0.43904382470119524,False,0.8295819935691319
2026-03-24,6am,failure,long,1.3,True,64.5,0.23255813953488372,-1.0,False,0.9263565891472868,0.516,True,False,17,1,14,1.888003748828491,2.75,1,0.43904382470119524,False,0.8295819935691319
2026-03-24,7am,retest,long,-1.0,False,126.75,0.1893491124260355,-1.0,False,0.4319526627218935,1.9651162790697674,True,False,33,1,1,2.577319587628866,2.5,1,0.6685258964143427,False,1.5943396226415094
2026-03-25,6am,retest,short,-1.0,False,60.75,0.09465020576131687,-1.0,False,0.897119341563786,0.8836363636363637,False,False,23,4,2,2.1654015181781863,13.0,2,0.7785547785547785,False,0.7813504823151125
2026-03-25,6am,retest,long,-1.0,False,60.75,0.09465020576131687,-1.0,False,0.897119341563786,0.8836363636363637,True,True,88,1,1,0.9085127646043426,9.0,2,0.5046620046620046,True,0.7813504823151125
2026-03-25,7am,retest,short,1.3,True,81.75,0.5779816513761468,1.0,False,0.5779816513761468,1.345679012345679,True,False,6,7,1,,17.75,2,0.9393939393939394,False,1.028301886792453
2026-03-25,7am,retest,long,-1.0,False,81.75,0.5779816513761468,1.0,False,0.5779816513761468,1.345679012345679,False,True,17,2,1,3.112179961521385,14.5,2,0.4417249417249417,True,1.028301886792453
2026-03-26,6am,retest,long,-1.0,False,70.0,0.29642857142857143,1.0,False,0.9357142857142857,0.7713498622589532,False,False,26,1,4,6.145922746781116,3.25,3,0.9196499602227526,False,0.9722222222222222
2026-03-27,6am,retest,long,-1.0,False,136.25,0.6605504587155964,-1.0,False,0.43486238532110094,1.329268292682927,True,False,1,1,1,,10.5,4,1.2894736842105263,False,1.967509025270758
2026-03-27,6am,failure,long,-1.0,False,136.25,0.6605504587155964,-1.0,False,0.43486238532110094,1.329268292682927,True,False,0,1,1,,4.75,4,1.2894736842105263,False,1.967509025270758
2026-03-27,7am,retest,long,-1.0,False,81.75,0.17737003058103976,1.0,False,0.6972477064220184,0.6,False,False,48,3,5,2.1214172872940646,11.5,4,1.3825187969924813,False,1.028301886792453
2026-03-31,6am,retest,short,-1.0,False,94.0,0.21010638297872342,-1.0,False,0.4122340425531915,1.6206896551724137,False,False,14,17,1,1.1240875912408759,53.5,1,0.8365276211950394,False,1.2920962199312716
2026-03-31,6am,failure,short,-1.0,False,94.0,0.21010638297872342,-1.0,False,0.4122340425531915,1.6206896551724137,False,False,11,1,1,11.819349315068493,65.5,1,0.8365276211950394,False,1.2920962199312716
2026-04-01,6am,retest,short,-1.0,False,89.25,0.6302521008403361,1.0,False,0.4481792717086835,1.0229226361031518,True,False,3,83,2,,65.0,2,0.8630705394190872,False,1.1191222570532915
2026-04-01,6am,retest,long,1.3,True,89.25,0.6302521008403361,1.0,False,0.4481792717086835,1.0229226361031518,False,True,125,4,1,0.8205942690755079,14.75,2,0.433195020746888,True,1.1191222570532915
2026-04-01,6am,failure,short,-1.0,False,89.25,0.6302521008403361,1.0,False,0.4481792717086835,1.0229226361031518,True,False,2,1,1,,0.25,2,0.8630705394190872,False,1.1191222570532915
2026-04-01,6am,failure,long,1.3,True,89.25,0.6302521008403361,1.0,False,0.4481792717086835,1.0229226361031518,False,True,115,1,5,0.8904288702928871,0.75,2,0.433195020746888,True,1.1191222570532915
2026-04-01,7am,retest,long,1.3,True,81.5,0.7668711656441718,1.0,False,0.20245398773006135,0.9131652661064426,False,False,37,3,1,2.3491742500842605,18.75,2,0.19170124481327802,True,1.0092879256965945
2026-04-02,6am,failure,long,-1.0,False,65.75,0.27756653992395436,-1.0,False,0.33840304182509506,1.5843373493975903,True,False,7,1,1,,5.25,3,0.954384186517993,False,0.759018759018759
2026-04-02,7am,retest,long,1.3,True,140.0,0.9214285714285714,-1.0,False,0.3357142857142857,2.129277566539924,True,False,2,1,6,,9.5,3,1.1429295489102889,False,1.7151607963246553
2026-04-02,7am,failure,long,1.3,True,140.0,0.9214285714285714,-1.0,False,0.3357142857142857,2.129277566539924,True,False,0,1,1,,6.75,3,1.1429295489102889,False,1.7151607963246553
2026-04-03,6am,retest,short,-1.0,False,19.0,0.09210526315789473,-1.0,False,0.6973684210526315,0.8735632183908046,False,True,20,2,1,2.1558164354322304,3.75,4,0.18518518518518517,True,0.2306525037936267
2026-04-03,6am,retest,long,1.3,True,19.0,0.09210526315789473,-1.0,False,0.6973684210526315,0.8735632183908046,True,False,7,4,4,,11.75,4,0.9555555555555556,False,0.2306525037936267
2026-04-03,6am,failure,long,-1.0,False,19.0,0.09210526315789473,-1.0,False,0.6973684210526315,0.8735632183908046,True,False,6,1,1,,0.75,4,0.9555555555555556,False,0.2306525037936267
2026-04-03,7am,retest,short,1.3,True,45.25,0.2541436464088398,1.0,False,0.4198895027624309,2.3815789473684212,True,False,2,8,2,,20.5,4,0.29259259259259257,True,0.5535168195718655
2026-04-03,7am,retest,long,1.3,True,45.25,0.2541436464088398,1.0,False,0.4198895027624309,2.3815789473684212,False,True,58,1,1,0.9696969696969697,1.5,4,1.0425925925925925,False,0.5535168195718655
2026-04-06,7am,retest,short,-1.0,False,34.5,0.2608695652173913,-1.0,True,1.0,0.35751295336787564,False,False,33,7,1,1.1947245927075252,12.75,0,0.8038392321535693,False,0.42201834862385323
2026-04-06,7am,failure,short,-1.0,False,34.5,0.2608695652173913,-1.0,True,1.0,0.35751295336787564,False,False,28,1,5,1.4023086789226165,1.0,0,0.8038392321535693,False,0.42201834862385323
2026-04-07,6am,retest,long,1.3,True,215.0,0.8569767441860465,-1.0,False,0.22093023255813954,3.104693140794224,True,False,66,12,30,18.72045639771801,52.25,1,0.8801115241635687,False,2.9553264604811
2026-04-07,6am,failure,long,1.3,True,215.0,0.8569767441860465,-1.0,False,0.22093023255813954,3.104693140794224,True,False,36,1,1,1.9911504424778759,5.75,1,0.8801115241635687,False,2.9553264604811
2026-04-07,7am,retest,long,-1.0,False,79.75,0.06583072100313479,1.0,False,0.9122257053291536,0.37093023255813956,False,False,6,3,1,,45.25,1,0.9061338289962825,False,0.9770290964777948
2026-04-08,6am,retest,short,1.3,True,46.25,0.10810810810810811,1.0,True,1.0,0.7613168724279835,True,True,63,7,1,1.4935064935064934,25.25,2,0.9848357203032856,False,0.6357388316151202
2026-04-08,6am,retest,long,1.3,True,46.25,0.10810810810810811,1.0,True,1.0,0.7613168724279835,False,False,5,1,1,,1.5,2,0.06711597865768043,True,0.6357388316151202
2026-04-08,6am,failure,short,1.3,True,46.25,0.10810810810810811,1.0,True,1.0,0.7613168724279835,True,True,28,1,1,1.3440265486725662,0.5,2,0.9848357203032856,False,0.6357388316151202
2026-04-08,7am,retest,short,1.3,True,54.75,0.0821917808219178,1.0,False,0.8447488584474886,1.1837837837837837,True,False,3,6,1,,22.0,2,0.9884863802302724,False,0.6790697674418604
2026-04-08,7am,retest,long,1.3,True,54.75,0.0821917808219178,1.0,False,0.8447488584474886,1.1837837837837837,False,True,21,5,1,5.3239473341155,25.25,2,0.07301319853973604,True,0.6790697674418604
2026-04-09,6am,retest,short,-1.0,False,46.0,0.7119565217391305,-1.0,False,0.8152173913043478,0.847926267281106,False,True,40,1,3,4.160431008680035,7.25,3,0.6607142857142857,True,0.6642599277978339
2026-04-09,6am,retest,long,1.3,True,46.0,0.7119565217391305,-1.0,False,0.8152173913043478,0.847926267281106,True,False,6,1,18,,1.0,3,0.75,False,0.6642599277978339
2026-04-09,6am,failure,long,1.3,True,46.0,0.7119565217391305,-1.0,False,0.8152173913043478,0.847926267281106,True,False,0,1,3,,3.0,3,0.75,False,0.6642599277978339
2026-04-09,7am,retest,short,-1.0,False,62.25,0.7429718875502008,1.0,False,0.7389558232931727,1.3532608695652173,True,False,2,1,2,,3.5,3,0.7678571428571429,True,0.780564263322884
2026-04-09,7am,failure,short,-1.0,False,62.25,0.7429718875502008,1.0,False,0.7389558232931727,1.3532608695652173,True,False,0,1,2,,1.0,3,0.7678571428571429,True,0.780564263322884
2026-04-10,6am,retest,short,-1.0,False,43.25,0.2947976878612717,1.0,False,0.791907514450867,0.6290909090909091,True,False,1,5,1,,9.25,4,0.8194130925507901,False,0.6372007366482505
2026-04-10,7am,retest,short,-1.0,False,40.5,0.08024691358024691,-1.0,False,0.5432098765432098,0.9364161849710982,False,False,29,4,1,8.423548004741209,83.75,4,0.9864559819413092,False,0.5094339622641509
2026-04-13,6am,retest,short,1.3,True,54.75,0.7351598173515982,1.0,False,0.4292237442922374,1.553191489361702,True,False,0,9,1,,30.5,0,1.136761487964989,False,0.8406909788867563
2026-04-13,6am,retest,long,-1.0,False,54.75,0.7351598173515982,1.0,False,0.4292237442922374,1.553191489361702,False,True,36,1,4,1.647259301334848,5.5,0,0.10284463894967177,True,0.8406909788867563
2026-04-13,7am,retest,long,1.3,True,110.25,0.6099773242630385,-1.0,False,0.4965986394557823,2.0136986301369864,True,False,0,2,1,,8.5,0,0.212253829321663,True,1.4202898550724639
2026-04-14,6am,retest,short,-1.0,False,32.75,0.37404580152671757,-1.0,False,0.7251908396946565,0.7751479289940828,False,True,24,8,1,1.4469078179696615,6.75,1,0.8377192982456141,False,0.5229540918163673
2026-04-14,7am,failure,short,1.3,True,78.0,0.5352564102564102,1.0,False,0.4198717948717949,2.381679389312977,True,False,29,1,1,1.7230621550275977,3.0,1,1.2105263157894737,False,0.9780564263322884
2026-04-15,6am,retest,short,1.3,True,64.75,0.10038610038610038,1.0,False,0.36293436293436293,1.023715415019763,True,False,49,1,1,0.8825383483925194,7.25,2,0.3532608695652174,True,1.111587982832618
2026-04-15,6am,failure,short,-1.0,False,64.75,0.10038610038610038,1.0,False,0.36293436293436293,1.023715415019763,True,False,14,1,1,1.4190358467243511,1.25,2,0.3532608695652174,True,1.111587982832618
2026-04-15,7am,retest,long,1.3,True,75.5,0.16887417218543047,1.0,False,0.3443708609271523,1.166023166023166,False,False,12,6,1,0.7182222222222222,12.0,2,0.9293478260869565,True,0.9572107765451664
2026-04-15,7am,failure,long,1.3,True,75.5,0.16887417218543047,1.0,False,0.3443708609271523,1.166023166023166,False,False,5,1,1,,4.25,2,0.9293478260869565,True,0.9572107765451664
2026-04-16,7am,retest,short,1.3,True,42.25,0.25443786982248523,1.0,True,1.0,0.41728395061728396,True,False,1,2,1,,5.25,3,0.5611888111888111,False,0.5504885993485342
2026-04-17,6am,retest,short,-1.0,False,41.5,0.25301204819277107,-1.0,False,0.8493975903614458,1.177304964539007,False,False,30,10,1,4.221046443268666,7.75,4,1.0541871921182266,False,0.6626746506986028
2026-04-17,6am,failure,short,-1.0,False,41.5,0.25301204819277107,-1.0,False,0.8493975903614458,1.177304964539007,False,False,21,1,5,1.6890595009596927,0.5,4,1.0541871921182266,False,0.6626746506986028
2026-04-17,7am,failure,short,-1.0,False,46.5,0.8602150537634409,1.0,False,0.543010752688172,1.1204819277108433,True,False,0,1,1,,0.75,4,1.2635467980295567,False,0.6058631921824105
2026-04-20,6am,retest,long,1.3,True,41.0,0.12195121951219512,1.0,False,0.6951219512195121,1.1884057971014492,False,False,1,6,5,,10.75,0,0.1597315436241611,True,0.703862660944206
2026-04-20,7am,retest,short,-1.0,False,42.75,0.21052631578947367,1.0,False,0.7485380116959064,1.0426829268292683,True,False,30,1,1,2.2026431718061676,5.25,0,1.0120805369127517,False,0.5570032573289903
2026-04-21,7am,retest,long,1.3,True,61.75,0.008097165991902834,-1.0,False,0.6882591093117408,1.2864583333333333,True,False,15,1,2,3.502923976608187,3.5,1,0.17121588089330025,True,0.8045602605863192
2026-04-22,6am,retest,short,1.3,True,43.75,0.0,0.0,False,0.96,0.7882882882882883,False,False,62,33,1,0.7957724588125583,50.75,2,0.8921389396709324,False,0.7510729613733905
2026-04-22,7am,retest,short,1.3,True,33.5,0.22388059701492538,1.0,True,1.0,0.7657142857142857,True,False,0,42,1,,61.0,2,0.8171846435100548,False,0.45733788395904434
2026-04-23,6am,retest,short,1.3,True,68.75,0.5381818181818182,1.0,False,0.6581818181818182,0.9615384615384616,True,False,1,1,1,,2.5,3,0.5441906653426017,True,1.1802575107296138
2026-04-23,6am,failure,short,1.3,True,68.75,0.5381818181818182,1.0,False,0.6581818181818182,0.9615384615384616,True,False,0,1,1,,3.0,3,0.5441906653426017,True,1.1802575107296138
2026-04-23,7am,retest,short,1.3,True,106.75,0.4964871194379391,1.0,False,0.405152224824356,1.5527272727272727,True,False,5,11,1,,31.25,3,0.7964250248262165,True,1.602251407129456
2026-04-23,7am,failure,short,1.3,True,106.75,0.4964871194379391,1.0,False,0.405152224824356,1.5527272727272727,True,False,1,1,1,,2.75,3,0.7964250248262165,True,1.602251407129456
2026-04-27,6am,retest,short,-1.0,False,43.25,0.4682080924855491,1.0,False,0.6069364161849711,1.4180327868852458,True,False,5,11,1,,9.0,0,0.7011349306431274,False,0.6906187624750499
2026-04-27,6am,failure,long,-1.0,False,43.25,0.4682080924855491,1.0,False,0.6069364161849711,1.4180327868852458,False,True,83,1,1,1.5728604471858134,3.25,0,0.5170239596469105,True,0.6906187624750499
