date,side,raid_type,raid_minutes,entry_minutes,raid_depth_r,leg_bars,leg_size,leg_size_r,entry,stop,risk_pts,entry_inside_ib,entry_proj,stopped,max_proj,minutes_to_1x
2021-04-01,short,sweep,10,20,0.02903225806451613,1,19.0,0.24516129032258063,13291.25,13321.5,30.25,True,1.1710526315789473,False,2.8157894736842106,5.0
2021-04-05,short,close_through,0,140,0.5773672055427251,1,9.25,0.08545034642032333,13564.0,13580.0,16.0,False,1.2162162162162162,True,1.7297297297297298,5.0
2021-04-06,short,close_through,20,90,0.5709459459459459,2,12.0,0.16216216216216217,13636.25,13655.0,18.75,False,1.25,False,8.833333333333334,5.0
2021-04-09,short,close_through,70,230,0.49859154929577465,1,8.0,0.09014084507042254,13779.0,13791.25,12.25,False,1.3125,True,4.15625,5.0
2021-04-12,short,close_through,120,170,0.2873134328358209,4,18.5,0.27611940298507465,13805.0,13828.75,23.75,True,1.0945945945945945,False,3.0945945945945947,5.0
2021-04-12,long,sweep,10,30,0.15671641791044777,3,34.0,0.5074626865671642,13786.5,13732.0,54.5,True,1.2352941176470589,False,2.4779411764705883,5.0
2021-04-13,short,close_through,240,300,0.551829268292683,1,5.25,0.06402439024390244,13983.0,13994.0,11.0,False,1.7142857142857142,False,5.190476190476191,5.0
2021-04-14,long,close_through,25,85,0.8581314878892734,3,39.5,0.5467128027681661,13907.0,13854.25,52.75,False,1.0379746835443038,True,1.3101265822784811,5.0
2021-04-15,short,close_through,0,15,0.18867924528301888,1,6.25,0.09433962264150944,13986.25,14001.75,15.5,True,1.44,True,3.32,5.0
2021-04-16,short,sweep,310,315,0.0029411764705882353,1,8.75,0.10294117647058823,14025.5,14039.0,13.5,True,1.0285714285714285,True,0.0,
2021-04-19,long,close_through,15,45,0.24032586558044808,3,63.5,0.5173116089613035,13941.75,13861.0,80.75,True,1.015748031496063,True,1.0826771653543308,5.0
2021-04-20,long,close_through,10,75,1.707395498392283,1,13.0,0.16720257234726688,13770.25,13719.25,51.0,False,2.3076923076923075,False,5.903846153846154,5.0
2021-04-21,short,close_through,40,115,0.45454545454545453,2,17.75,0.14669421487603307,13852.0,13876.5,24.5,False,1.1549295774647887,True,2.23943661971831,5.0
2021-04-22,short,close_through,0,30,0.39453125,2,11.0,0.171875,13912.5,13944.75,32.25,True,1.7045454545454546,False,20.863636363636363,5.0
2021-04-22,long,close_through,160,215,2.40234375,1,12.75,0.19921875,13740.0,13701.75,38.25,False,1.588235294117647,False,5.647058823529412,5.0
2021-04-23,short,close_through,0,115,1.1168831168831168,2,11.75,0.1525974025974026,13923.0,13939.0,16.0,False,1.148936170212766,True,1.2340425531914894,5.0
2021-04-26,short,close_through,15,100,0.35271317829457366,3,26.0,0.40310077519379844,13958.75,13989.5,30.75,True,1.0288461538461537,True,1.1442307692307692,5.0
2021-04-27,long,sweep,10,80,0.047109207708779445,2,37.0,0.3169164882226981,13968.5,13912.5,56.0,True,1.2364864864864864,False,1.6554054054054055,5.0
2021-04-28,short,sweep,255,320,0.013089005235602094,2,62.75,0.6570680628272252,13890.75,13982.25,91.5,True,1.302788844621514,False,1.3904382470119523,5.0
2021-04-28,long,sweep,90,245,0.07853403141361257,4,36.0,0.3769633507853403,13963.25,13878.0,85.25,True,2.0347222222222223,False,2.5625,5.0
2021-04-29,long,close_through,0,190,0.7396768402154399,4,85.0,0.6104129263913824,13916.25,13818.5,97.75,False,1.0588235294117647,False,1.8176470588235294,5.0
2021-05-03,long,close_through,20,60,0.7797927461139896,2,21.25,0.22020725388601037,13808.5,13775.75,32.75,False,1.2352941176470589,True,1.964705882352941,5.0
2021-05-04,long,close_through,15,180,0.5515970515970516,5,53.5,0.2628992628992629,13456.75,13380.75,76.0,False,1.1074766355140186,False,2.7383177570093458,5.0
2021-05-06,short,close_through,60,165,0.683991683991684,3,50.0,0.4158004158004158,13525.0,13591.25,66.25,False,1.11,True,2.285,5.0
2021-05-10,long,close_through,0,5,0.05787781350482315,1,16.75,0.10771704180064309,13524.25,13493.25,31.0,True,1.5522388059701493,True,1.626865671641791,5.0
2021-05-11,short,close_through,50,115,0.31016731016731014,4,19.5,0.10038610038610038,13297.0,13339.25,42.25,False,1.5384615384615385,True,4.064102564102564,5.0
2021-05-12,long,close_through,0,45,0.5125725338491296,3,55.5,0.42940038684719534,13106.5,13036.0,70.5,True,1.0855855855855856,True,1.1126126126126126,5.0
2021-05-13,short,sweep,25,35,0.07874015748031496,3,41.5,0.32677165354330706,13137.5,13223.75,86.25,True,1.5120481927710843,False,4.891566265060241,5.0
2021-05-13,long,close_through,70,100,0.2263779527559055,1,57.25,0.4507874015748031,13122.75,13058.0,64.75,True,1.0131004366812226,True,1.4366812227074235,5.0
2021-05-14,short,close_through,0,35,0.20947630922693267,1,10.0,0.09975062344139651,13312.0,13330.0,18.0,False,1.5,True,0.0,
2021-05-17,long,close_through,80,110,0.17535545023696683,2,14.0,0.13270142180094788,13250.75,13219.0,31.75,True,1.7857142857142858,True,3.017857142857143,5.0
2021-05-18,short,close_through,0,10,0.12424242424242424,1,5.75,0.0696969696969697,13373.25,13392.75,19.5,True,2.608695652173913,True,2.9130434782608696,5.0
2021-05-20,short,close_through,0,5,0.09236234458259325,1,11.25,0.07992895204262877,13419.5,13435.0,15.5,True,1.0888888888888888,True,1.4666666666666666,5.0
2021-05-21,long,close_through,5,125,0.7526595744680851,1,20.0,0.2127659574468085,13436.0,13405.25,30.75,False,1.2375,True,1.4875,5.0
2021-05-24,short,close_through,0,15,0.07253886010362694,2,11.5,0.07944732297063903,13633.25,13648.75,15.5,True,1.0434782608695652,True,1.065217391304348,5.0
2021-05-25,long,close_through,0,15,0.09090909090909091,1,32.25,0.3664772727272727,13674.0,13636.5,37.5,True,1.0852713178294573,True,1.4728682170542635,5.0
2021-05-26,short,close_through,20,50,0.17535545023696683,1,5.25,0.0995260663507109,13700.0,13718.0,18.0,True,2.1904761904761907,True,6.095238095238095,5.0
2021-05-27,short,close_through,0,20,0.31759656652360513,3,21.75,0.37339055793991416,13684.25,13720.75,36.5,True,1.4942528735632183,False,3.218390804597701,5.0
2021-05-28,short,close_through,70,165,0.5248618784530387,4,15.0,0.3314917127071823,13742.5,13763.5,21.0,False,1.0166666666666666,False,5.05,5.0
2021-06-01,long,close_through,20,65,0.2530329289428076,2,45.0,0.3119584055459272,13662.0,13592.25,69.75,True,1.0944444444444446,False,1.788888888888889,5.0
2021-06-02,short,sweep,10,20,0.07488986784140969,2,8.5,0.14977973568281938,13685.75,13712.75,27.0,True,2.0294117647058822,False,11.735294117647058,5.0
2021-06-02,long,close_through,170,240,0.8546255506607929,2,25.5,0.44933920704845814,13631.5,13603.25,28.25,False,1.0098039215686274,False,2.8333333333333335,5.0
2021-06-04,short,close_through,15,270,0.22719449225473323,5,7.75,0.05335628227194492,13772.25,13783.75,11.5,False,1.3225806451612903,False,3.3870967741935485,5.0
2021-06-07,short,sweep,150,155,0.028846153846153848,1,6.25,0.1201923076923077,13754.0,13766.0,12.0,True,1.64,True,5.04,5.0
2021-06-08,long,close_through,0,15,0.1455026455026455,2,16.5,0.1746031746031746,13830.0,13809.0,21.0,True,1.1515151515151516,True,1.6666666666666667,5.0
2021-06-09,long,sweep,85,100,0.10126582278481013,1,14.5,0.18354430379746836,13848.0,13817.25,30.75,True,1.2758620689655173,True,3.2241379310344827,5.0
2021-06-11,long,close_through,15,45,0.2033898305084746,2,23.25,0.5254237288135594,13962.5,13932.25,30.25,True,1.075268817204301,False,2.5698924731182795,5.0
2021-06-14,short,close_through,90,275,0.3385093167701863,1,8.5,0.10559006211180125,14051.5,14064.75,13.25,False,1.4705882352941178,True,2.2941176470588234,5.0
2021-06-15,long,close_through,10,285,0.7873134328358209,1,18.75,0.2798507462686567,14026.0,14002.75,23.25,False,1.1733333333333333,True,1.3066666666666666,5.0
2021-06-16,long,close_through,60,120,1.2535211267605635,1,15.75,0.29577464788732394,14003.25,13975.75,27.5,False,1.1904761904761905,True,3.492063492063492,5.0
2021-06-17,short,close_through,0,80,0.5775075987841946,1,6.75,0.041033434650455926,14166.25,14191.5,25.25,False,3.037037037037037,True,18.77777777777778,5.0
2021-06-18,long,close_through,40,65,0.39655172413793105,2,26.5,0.3045977011494253,14053.0,14010.0,43.0,True,1.4339622641509433,False,3.556603773584906,5.0
2021-06-21,short,close_through,5,60,0.4451345755693582,2,25.5,0.2111801242236025,14094.5,14133.0,38.5,False,1.107843137254902,True,1.2058823529411764,5.0
2021-06-22,short,sweep,0,5,0.11552346570397112,1,3.0,0.04332129963898917,14166.0,14184.75,18.75,True,1.25,True,7.75,5.0
2021-06-23,long,close_through,30,70,0.06072874493927125,2,25.75,0.41700404858299595,14280.75,14250.25,30.5,True,1.0970873786407767,True,1.4660194174757282,5.0
2021-06-24,short,close_through,0,15,0.13865546218487396,2,5.0,0.08403361344537816,14398.5,14411.75,13.25,True,1.85,True,5.85,5.0
2021-06-24,long,close_through,170,220,0.2815126050420168,4,28.75,0.4831932773109244,14364.25,14327.25,37.0,True,1.017391304347826,False,1.565217391304348,5.0
2021-06-28,short,sweep,5,25,0.06575342465753424,1,8.0,0.08767123287671233,14460.0,14488.0,28.0,True,2.375,True,3.0,5.0
2021-06-29,short,close_through,15,240,0.559322033898305,1,11.25,0.1906779661016949,14546.5,14562.5,16.0,False,1.1111111111111112,True,2.5555555555555554,5.0
2021-06-30,short,sweep,30,70,0.08056872037914692,2,25.25,0.4786729857819905,14542.75,14576.75,34.0,True,1.0495049504950495,False,2.01980198019802,5.0
2021-06-30,long,sweep,120,300,0.02843601895734597,3,29.25,0.5545023696682464,14558.5,14518.25,40.25,True,1.0598290598290598,False,1.452991452991453,5.0
2021-07-01,long,close_through,35,215,0.5967741935483871,6,54.0,0.8709677419354839,14538.0,14471.0,67.0,True,1.0509259259259258,False,1.3333333333333333,5.0
2021-07-02,short,close_through,80,260,0.7119565217391305,3,7.0,0.15217391304347827,14686.0,14698.0,12.0,False,1.6785714285714286,True,1.6785714285714286,5.0
2021-07-06,long,close_through,0,35,0.46153846153846156,2,23.0,0.4423076923076923,14749.5,14714.0,35.5,True,1.0434782608695652,True,1.315217391304348,5.0
2021-07-07,long,close_through,0,70,0.5869017632241813,3,57.25,0.5768261964735516,14797.0,14726.25,70.75,True,1.1222707423580787,False,1.6812227074235808,5.0
2021-07-09,short,close_through,10,80,1.1385767790262171,1,5.75,0.08614232209737828,14800.25,14810.75,10.5,False,1.2173913043478262,True,2.347826086956522,5.0
2021-07-13,short,close_through,0,10,0.1545253863134658,2,12.0,0.10596026490066225,14947.75,14973.0,25.25,True,1.5208333333333333,True,1.9166666666666667,5.0
2021-07-13,long,close_through,210,235,0.0772626931567329,1,45.25,0.3995584988962472,14906.25,14833.5,72.75,True,1.4530386740331491,False,1.4917127071823204,5.0
2021-07-14,long,close_through,55,105,1.1967213114754098,5,57.5,0.9426229508196722,14927.0,14862.0,65.0,False,1.0826086956521739,False,1.4434782608695653,5.0
2021-07-15,long,close_through,15,35,0.2811158798283262,2,23.0,0.19742489270386265,14796.5,14753.0,43.5,True,1.641304347826087,True,3.097826086956522,5.0
2021-07-19,short,sweep,60,90,0.008528784648187633,2,37.0,0.31556503198294245,14506.0,14574.5,68.5,True,1.554054054054054,False,3.141891891891892,5.0
2021-07-19,long,sweep,5,15,0.09594882729211088,1,34.25,0.2921108742004264,14510.25,14445.0,65.25,True,1.0364963503649636,False,2.9124087591240877,5.0
2021-07-20,short,close_through,10,150,1.3113924050632912,1,8.0,0.0810126582278481,14715.5,14745.0,29.5,False,3.5,True,5.0,5.0
2021-07-21,short,close_through,30,145,0.23841059602649006,3,31.25,0.4139072847682119,14744.5,14785.75,41.25,True,1.192,True,1.496,5.0
2021-07-22,short,close_through,5,35,0.213768115942029,3,12.75,0.18478260869565216,14901.5,14923.25,21.75,True,1.2549019607843137,True,5.254901960784314,5.0
2021-07-23,short,close_through,0,95,1.074468085106383,1,14.0,0.19858156028368795,15060.5,15080.5,20.0,False,1.0357142857142858,True,1.0357142857142858,5.0
2021-07-26,short,close_through,5,15,0.06168831168831169,2,26.5,0.34415584415584416,15087.25,15122.0,34.75,True,1.2169811320754718,True,1.4056603773584906,5.0
2021-07-27,long,close_through,0,195,1.1364365971107544,3,42.25,0.2712680577849117,14825.0,14774.25,50.75,False,1.0118343195266273,False,4.053254437869822,5.0
2021-07-28,short,sweep,0,5,0.06134969325153374,1,7.5,0.046012269938650305,15050.0,15074.5,24.5,True,1.3333333333333333,False,18.433333333333334,5.0
2021-07-29,short,sweep,20,40,0.04627249357326478,1,4.75,0.04884318766066838,15068.5,15084.0,15.5,True,1.5263157894736843,False,9.578947368421053,5.0
2021-08-02,short,close_through,45,75,0.06436781609195402,1,2.25,0.020689655172413793,15034.5,15051.5,17.0,True,3.111111111111111,False,48.55555555555556,5.0
2021-08-03,short,close_through,85,110,0.08717948717948718,2,27.75,0.18974358974358974,14984.25,15021.5,37.25,True,1.0360360360360361,True,1.1981981981981982,5.0
2021-08-03,long,sweep,55,60,0.09230769230769231,3,42.75,0.2923076923076923,14915.75,14849.0,66.75,True,1.1345029239766082,False,4.2748538011695905,5.0
2021-08-04,short,close_through,150,175,0.5113636363636364,2,8.25,0.125,15088.0,15103.25,15.25,False,1.0606060606060606,True,3.272727272727273,5.0
2021-08-09,short,close_through,240,320,0.0967741935483871,4,22.75,0.32616487455197135,15119.25,15145.5,26.25,True,1.0769230769230769,False,1.0879120879120878,5.0
2021-08-10,long,close_through,0,60,1.625,3,34.25,0.5524193548387096,15042.25,14994.5,47.75,False,1.197080291970803,False,2.4744525547445257,5.0
2021-08-11,long,close_through,0,50,0.813953488372093,2,19.0,0.22093023255813954,14993.0,14963.0,30.0,False,1.1710526315789473,False,3.236842105263158,5.0
2021-08-12,short,close_through,0,85,0.6479750778816199,1,12.25,0.1526479750778816,15058.25,15073.5,15.25,False,1.1428571428571428,True,3.204081632653061,5.0
2021-08-17,short,close_through,10,55,0.1675531914893617,3,54.0,0.574468085106383,14983.0,15058.0,75.0,True,1.2685185185185186,False,2.861111111111111,5.0
2021-08-17,long,close_through,85,155,0.5452127659574468,1,6.75,0.07180851063829788,14935.0,14897.0,38.0,False,4.555555555555555,False,14.703703703703704,5.0
2021-08-18,long,sweep,65,70,0.10034602076124567,3,8.75,0.12110726643598616,14985.5,14957.75,27.75,True,1.2571428571428571,True,6.285714285714286,5.0
2021-08-19,short,close_through,25,95,0.9243353783231084,2,18.75,0.15337423312883436,14965.5,14999.0,33.5,False,1.2133333333333334,False,6.986666666666666,5.0
2021-08-20,short,sweep,5,25,0.04905660377358491,1,12.5,0.09433962264150944,15068.5,15098.0,29.5,True,1.26,True,6.62,5.0
2021-08-23,short,close_through,0,185,0.5667311411992263,3,16.0,0.12379110251450677,15302.75,15327.25,24.5,False,1.359375,True,1.4375,5.0
2021-08-24,short,close_through,0,15,0.1894273127753304,2,12.25,0.21585903083700442,15364.0,15380.5,16.5,True,1.2857142857142858,False,4.040816326530612,5.0
2021-08-25,long,close_through,0,30,0.4883720930232558,1,11.5,0.26744186046511625,15353.0,15333.0,20.0,False,1.1521739130434783,False,3.8043478260869565,5.0
2021-08-26,long,sweep,30,40,0.1343669250645995,1,26.5,0.2739018087855297,15307.5,15255.25,52.25,True,1.4150943396226414,False,3.0660377358490565,5.0
2021-08-27,short,close_through,170,200,0.06386554621848739,2,7.0,0.047058823529411764,15430.25,15438.25,8.0,False,1.1071428571428572,True,2.6785714285714284,5.0
2021-08-30,short,close_through,0,45,0.12076271186440678,2,14.0,0.11864406779661017,15559.75,15587.5,27.75,True,1.7142857142857142,True,1.6964285714285714,5.0
2021-09-02,long,close_through,105,140,0.19101123595505617,1,6.5,0.09737827715355805,15613.75,15602.5,11.25,False,1.1538461538461537,True,3.0384615384615383,5.0
2021-09-03,short,sweep,170,315,0.015384615384615385,5,18.25,0.16043956043956045,15646.0,15669.75,23.75,True,1.095890410958904,False,1.4246575342465753,5.0
2021-09-07,short,close_through,15,150,0.5282258064516129,3,12.5,0.20161290322580644,15684.25,15701.5,17.25,False,1.1,False,2.36,5.0
2021-09-08,long,close_through,0,30,1.4027149321266967,1,30.75,0.5565610859728507,15577.0,15534.5,42.5,False,1.032520325203252,True,1.5121951219512195,5.0
2021-09-09,long,close_through,55,95,0.20465116279069767,3,12.5,0.23255813953488372,15631.5,15611.0,20.5,True,1.4,True,2.04,5.0
2021-09-10,long,close_through,0,30,0.6088560885608856,1,1.25,0.01845018450184502,15583.0,15559.0,24.0,False,2.6,True,9.4,5.0
2021-09-13,long,sweep,45,140,0.0575,4,60.25,0.30125,15422.25,15346.0,76.25,True,1.0290456431535269,True,1.3941908713692945,5.0
2021-09-14,long,close_through,5,30,0.15481171548117154,1,10.25,0.08577405857740586,15418.5,15386.25,32.25,True,1.9268292682926829,True,8.829268292682928,5.0
2021-09-16,long,sweep,50,85,0.0410958904109589,2,26.25,0.23972602739726026,15404.25,15358.75,45.5,True,1.3904761904761904,False,6.276190476190476,5.0
2021-09-17,long,close_through,5,90,0.6004098360655737,1,30.5,0.25,15337.75,15289.75,48.0,False,1.5327868852459017,True,2.3934426229508197,5.0
2021-09-20,long,close_through,10,40,0.2427536231884058,1,28.25,0.20471014492753623,15031.5,14979.75,51.75,True,1.2035398230088497,True,1.6371681415929205,5.0
2021-09-21,long,close_through,15,35,0.2237354085603113,2,59.75,0.4649805447470817,15049.5,14974.5,75.0,True,1.0794979079497908,False,2.2510460251046025,5.0
2021-09-22,short,close_through,0,155,0.6209850107066381,5,38.5,0.3297644539614561,15134.5,15204.0,69.5,False,1.0649350649350648,True,2.2142857142857144,5.0
2021-09-23,short,close_through,180,210,0.054313099041533544,2,5.5,0.03514376996805112,15336.25,15347.0,10.75,True,1.5909090909090908,False,9.181818181818182,5.0
2021-09-24,short,close_through,100,180,0.4589041095890411,2,11.25,0.1541095890410959,15274.0,15296.25,22.25,False,1.5333333333333334,True,2.8444444444444446,5.0
2021-09-27,short,close_through,30,55,0.06321839080459771,1,43.75,0.33524904214559387,15167.5,15222.75,55.25,True,1.2342857142857142,True,2.3142857142857145,5.0
2021-09-28,long,close_through,20,65,0.29528535980148884,1,11.25,0.05583126550868486,14814.0,14768.0,46.0,False,2.1555555555555554,True,2.4,5.0
2021-09-29,long,close_through,65,165,0.5263157894736842,2,37.5,0.3157894736842105,14777.25,14725.0,52.25,False,1.08,True,1.2533333333333334,5.0
2021-09-30,long,close_through,0,45,0.4444444444444444,3,35.25,0.47474747474747475,14835.5,14771.5,64.0,True,1.4397163120567376,True,1.4822695035460993,5.0
2021-10-01,short,close_through,195,295,0.4269081500646831,3,28.5,0.14747736093143596,14780.25,14818.0,37.75,False,1.0175438596491229,False,1.9473684210526316,5.0
2021-10-01,long,close_through,5,15,0.027166882276843468,2,10.25,0.05304010349288486,14589.0,14537.0,52.0,True,4.7560975609756095,False,27.097560975609756,5.0
2021-10-04,long,close_through,0,155,0.6793802145411204,2,31.25,0.14898688915375446,14414.0,14367.75,46.25,False,1.472,False,4.08,5.0
2021-10-07,short,sweep,0,35,0.027829313543599257,1,13.0,0.09647495361781076,14967.5,14997.75,30.25,True,2.0384615384615383,True,3.1153846153846154,5.0
2021-10-08,long,close_through,10,100,0.37789203084832906,3,20.5,0.21079691516709512,14841.0,14809.0,32.0,False,1.0609756097560976,True,1.9268292682926829,5.0
2021-10-12,long,close_through,5,30,0.1450980392156863,2,26.25,0.20588235294117646,14667.0,14633.0,34.0,True,1.0761904761904761,True,3.5619047619047617,5.0
2021-10-13,short,sweep,210,235,0.15212527964205816,1,4.5,0.040268456375838924,14742.25,14795.75,53.5,True,3.5555555555555554,False,7.0,5.0
2021-10-13,long,sweep,65,75,0.058165548098434,3,38.25,0.3422818791946309,14731.25,14660.5,70.75,True,1.3856209150326797,False,3.0718954248366015,5.0
2021-10-14,short,sweep,20,30,0.03864734299516908,1,11.25,0.10869565217391304,14978.0,14998.0,20.0,True,1.1555555555555554,True,1.5555555555555556,5.0
2021-10-15,short,close_through,25,55,0.4084507042253521,2,8.5,0.1596244131455399,15106.0,15121.0,15.0,False,1.1176470588235294,True,6.705882352941177,5.0
2021-10-18,short,close_through,20,215,0.8620689655172413,1,6.0,0.05517241379310345,15247.0,15254.5,7.5,False,1.0416666666666667,True,2.1666666666666665,5.0
2021-10-19,short,close_through,25,175,0.5899581589958159,3,8.25,0.13807531380753138,15383.75,15397.0,13.25,False,1.393939393939394,True,1.4848484848484849,5.0
2021-10-20,short,close_through,0,5,0.1271186440677966,1,8.0,0.13559322033898305,15426.0,15446.5,20.5,True,2.375,False,15.75,5.0
2021-10-22,long,close_through,45,80,1.437299035369775,1,18.5,0.2379421221864952,15306.0,15273.75,32.25,False,1.364864864864865,False,5.554054054054054,5.0
2021-10-25,short,close_through,80,170,0.6532438478747203,1,7.75,0.06935123042505593,15494.25,15507.0,12.75,False,1.3225806451612903,True,2.2903225806451615,5.0
2021-10-26,short,sweep,20,25,0.023255813953488372,2,18.25,0.1543340380549683,15668.75,15701.0,32.25,True,1.4383561643835616,False,10.520547945205479,5.0
2021-10-27,short,close_through,20,195,0.7787114845938375,2,13.5,0.15126050420168066,15698.5,15717.5,19.0,False,1.2222222222222223,False,9.851851851851851,5.0
2021-10-28,short,close_through,0,80,0.5838926174496645,2,20.5,0.2751677852348993,15727.25,15753.5,26.25,False,1.1341463414634145,True,3.097560975609756,5.0
2021-10-29,short,close_through,35,65,0.4054794520547945,1,9.5,0.10410958904109589,15730.25,15744.0,13.75,False,1.0789473684210527,True,1.5789473684210527,5.0
2021-11-01,short,sweep,150,170,0.0325,2,9.5,0.095,15841.0,15871.75,30.75,True,2.736842105263158,True,8.210526315789474,5.0
2021-11-02,short,close_through,70,80,0.11510791366906475,1,22.5,0.2158273381294964,15943.5,15980.25,36.75,True,1.2555555555555555,False,2.9555555555555557,5.0
2021-11-04,short,close_through,0,30,0.24420677361853832,1,22.25,0.1586452762923351,16291.75,16331.5,39.75,True,1.7415730337078652,True,3.9213483146067416,5.0
2021-11-05,long,close_through,145,205,1.1220338983050848,2,61.5,0.8338983050847457,16356.0,16292.0,64.0,False,1.016260162601626,False,1.3780487804878048,5.0
2021-11-08,long,close_through,10,35,0.19218241042345277,2,26.25,0.34201954397394135,16342.75,16302.5,40.25,True,1.0285714285714285,False,2.580952380952381,5.0
2021-11-09,long,close_through,95,225,0.14585908529048208,4,40.25,0.19901112484548825,16211.0,16160.0,51.0,True,1.1801242236024845,False,1.7329192546583851,5.0
2021-11-10,long,close_through,165,175,0.08507670850767085,1,7.5,0.04184100418410042,16053.0,16026.5,26.5,True,1.5666666666666667,True,4.533333333333333,5.0
2021-11-11,long,sweep,0,5,0.039711191335740074,1,1.0,0.01444043321299639,16062.0,16038.5,23.5,True,14.0,True,49.0,5.0
2021-11-12,short,close_through,15,145,1.6,1,21.5,0.2819672131147541,16174.0,16200.0,26.0,False,1.1162790697674418,True,1.9534883720930232,5.0
2021-11-15,long,sweep,0,15,0.12239583333333333,1,10.5,0.109375,16172.75,16146.5,26.25,True,1.1904761904761905,True,3.2142857142857144,5.0
2021-11-16,short,close_through,40,70,0.44469525959367945,2,5.75,0.05191873589164785,16285.0,16309.25,24.25,False,2.652173913043478,True,3.9130434782608696,5.0
2021-11-17,short,close_through,5,105,1.219298245614035,7,48.25,0.8464912280701754,16336.75,16396.5,59.75,False,1.077720207253886,False,2.082901554404145,5.0
2021-11-18,short,close_through,60,130,0.5872340425531914,2,17.0,0.14468085106382977,16468.75,16490.0,21.25,False,1.0735294117647058,True,4.764705882352941,5.0
2021-11-19,short,close_through,65,80,0.09181141439205956,1,15.5,0.15384615384615385,16602.25,16626.25,24.0,True,1.0161290322580645,True,1.4838709677419355,5.0
2021-11-23,long,close_through,0,45,0.5274725274725275,2,58.75,0.3228021978021978,16231.75,16140.75,91.0,False,1.102127659574468,True,1.7446808510638299,5.0
2021-11-24,short,close_through,0,15,0.08360128617363344,1,23.5,0.15112540192926044,16233.5,16270.5,37.0,True,1.297872340425532,True,2.3404255319148937,5.0
2021-11-29,short,close_through,55,140,0.8794326241134752,1,3.75,0.03546099290780142,16387.25,16407.25,20.0,False,3.6666666666666665,True,4.066666666666666,5.0
2021-11-30,long,close_through,15,105,1.8233151183970857,2,40.5,0.29508196721311475,16125.75,16068.75,57.0,False,1.0740740740740742,False,3.5123456790123457,5.0
2021-12-01,short,close_through,40,85,0.4672897196261682,3,64.5,0.602803738317757,16337.0,16427.5,90.5,True,1.3333333333333333,False,8.751937984496124,5.0
2021-12-02,short,close_through,110,140,0.14360587002096437,2,39.5,0.16561844863731656,16000.5,16061.25,60.75,True,1.240506329113924,True,3.2151898734177213,5.0
2021-12-02,long,close_through,10,35,0.10796645702306079,3,135.0,0.5660377358490566,15939.25,15762.75,176.5,True,1.2203703703703703,False,2.161111111111111,5.0
2021-12-03,long,close_through,5,55,0.2937062937062937,3,54.25,0.15174825174825174,15708.5,15628.0,80.5,False,1.23963133640553,True,1.4654377880184333,5.0
2021-12-06,short,close_through,110,245,0.47759562841530057,1,2.0,0.008743169398907104,15869.5,15897.25,27.75,False,7.75,False,30.375,5.0
2021-12-07,short,close_through,5,155,0.4597315436241611,3,18.0,0.12080536912751678,16310.25,16336.5,26.25,False,1.1527777777777777,True,1.9583333333333333,5.0
2021-12-08,short,close_through,190,220,0.21140142517814728,3,32.5,0.3087885985748218,16333.25,16379.0,45.75,True,1.2384615384615385,True,1.6923076923076923,5.0
2021-12-09,long,close_through,0,10,0.11226252158894647,1,8.75,0.06044905008635579,16290.25,16253.25,37.0,True,2.657142857142857,True,8.857142857142858,5.0
2021-12-10,long,close_through,15,55,0.538,2,59.0,0.472,16213.25,16136.0,77.25,True,1.097457627118644,False,3.2033898305084745,5.0
2021-12-13,long,close_through,0,15,0.08981001727115717,2,28.25,0.19516407599309155,16224.5,16181.75,42.75,True,1.3008849557522124,True,1.7079646017699115,5.0
2021-12-14,long,close_through,15,150,0.8164665523156089,2,26.0,0.1783876500857633,15786.5,15734.0,52.5,False,1.7307692307692308,False,8.64423076923077,5.0
2021-12-15,short,close_through,215,310,2.7697095435684647,2,53.0,0.43983402489626555,16198.5,16261.5,63.0,False,1.1179245283018868,True,1.5849056603773586,5.0
2021-12-15,long,close_through,45,115,0.5560165975103735,3,43.5,0.36099585062240663,15793.75,15740.25,53.5,False,1.103448275862069,False,12.683908045977011,5.0
2021-12-16,long,close_through,30,160,0.7562189054726368,5,53.0,0.2109452736318408,15956.0,15900.75,55.25,False,1.0141509433962264,True,1.4481132075471699,5.0
2021-12-17,short,close_through,10,60,0.5934640522875817,2,91.5,0.47843137254901963,15848.0,15956.5,108.5,False,1.1120218579234973,False,2.273224043715847,5.0
2021-12-20,long,close_through,25,50,0.2786177105831533,1,8.25,0.07127429805615551,15552.0,15510.75,41.25,True,3.090909090909091,True,3.757575757575758,5.0
2021-12-21,short,close_through,85,250,0.8306233062330624,2,14.75,0.07994579945799458,15923.75,15951.5,27.75,False,1.0169491525423728,True,0.0,
2021-12-21,long,close_through,0,10,0.04742547425474255,1,17.0,0.0921409214092141,15642.25,15605.0,37.25,True,1.9264705882352942,False,22.220588235294116,5.0
2021-12-22,short,close_through,5,75,0.7982062780269058,1,4.5,0.04035874439461883,16112.25,16133.75,21.5,False,3.6666666666666665,True,4.166666666666667,5.0
2021-12-27,short,close_through,0,45,0.1864406779661017,1,15.25,0.09399075500770417,16506.0,16537.0,31.0,True,1.6885245901639345,True,2.6885245901639343,5.0
2021-12-28,long,close_through,120,260,0.33547008547008544,1,36.75,0.3141025641025641,16495.0,16452.25,42.75,True,1.0952380952380953,False,2.006802721088435,5.0
2021-12-31,long,close_through,105,145,0.06136363636363636,3,30.0,0.2727272727272727,16387.5,16347.25,40.25,True,1.1333333333333333,True,1.4583333333333333,5.0
2022-01-04,long,close_through,0,240,1.5383304940374787,4,38.5,0.262350936967632,16199.5,16139.5,60.0,False,1.4025974025974026,False,4.636363636363637,5.0
2022-01-05,long,close_through,120,170,0.5303292894280762,3,27.75,0.1923743500866551,16072.25,16026.5,45.75,False,1.2072072072072073,True,3.2522522522522523,5.0
2022-01-06,short,close_through,25,55,0.17956349206349206,2,37.0,0.14682539682539683,15818.25,15895.75,77.5,True,1.162162162162162,False,3.885135135135135,5.0
2022-01-07,long,close_through,0,80,0.7801120448179272,4,123.0,0.6890756302521008,15671.5,15510.0,161.5,True,1.1077235772357723,False,1.1199186991869918,5.0
2022-01-10,short,close_through,200,260,0.42954545454545456,2,35.25,0.16022727272727272,15434.75,15509.5,74.75,False,1.7375886524822695,True,2.595744680851064,5.0
2022-01-10,long,close_through,5,40,0.19318181818181818,3,67.75,0.3079545454545455,15259.0,15152.5,106.5,True,1.3837638376383763,False,6.667896678966789,5.0
2022-01-11,short,close_through,35,115,0.9985935302390999,2,30.75,0.1729957805907173,15749.25,15830.25,81.0,False,2.3008130081300813,True,2.9186991869918697,5.0
2022-01-12,long,close_through,10,55,0.6993987975951904,2,30.0,0.24048096192384769,15867.0,15797.25,69.75,False,1.3,False,4.175,5.0
2022-01-13,long,close_through,0,150,1.595959595959596,2,48.5,0.3265993265993266,15660.0,15594.25,65.75,False,1.1134020618556701,True,2.2216494845360826,5.0
2022-01-18,long,close_through,60,65,0.1058282208588957,3,43.75,0.2684049079754601,15323.0,15254.5,68.5,True,1.302857142857143,True,2.24,5.0
2022-01-19,long,close_through,0,65,1.215320910973085,1,26.0,0.2153209109730849,15141.25,15104.5,36.75,False,1.0384615384615385,True,7.8076923076923075,5.0
2022-01-20,short,close_through,0,40,0.350844277673546,1,22.5,0.16885553470919323,15298.5,15340.25,41.75,False,1.5222222222222221,False,22.944444444444443,5.0
2022-01-21,short,close_through,25,65,0.13973799126637554,2,93.75,0.32751091703056767,14728.0,14858.5,130.5,True,1.2453333333333334,False,4.589333333333333,5.0
2022-01-21,long,close_through,265,305,0.3170305676855895,2,38.25,0.13362445414847163,14519.0,14441.5,77.5,False,1.4444444444444444,True,2.9084967320261437,5.0
2022-01-24,long,close_through,65,140,0.9458987783595113,4,191.0,0.6666666666666666,13938.25,13706.0,232.25,False,1.0274869109947644,False,4.0837696335078535,5.0
2022-01-25,short,close_through,225,275,0.3560111835973905,2,47.0,0.17520969245107176,14300.0,14400.25,100.25,True,1.9202127659574468,False,5.851063829787234,5.0
2022-01-25,long,close_through,65,175,0.08387698042870456,4,110.5,0.4119291705498602,14172.25,14014.0,158.25,True,1.2307692307692308,False,3.2941176470588234,5.0
2022-01-26,short,close_through,125,150,0.20333839150227617,2,55.25,0.3353566009104704,14477.25,14548.5,71.25,True,1.253393665158371,True,1.493212669683258,5.0
2022-01-26,long,close_through,10,35,0.14871016691957512,3,51.75,0.3141122913505311,14400.5,14325.75,74.75,True,1.0483091787439613,True,5.671497584541063,5.0
2022-01-27,long,close_through,0,25,0.29760225669957685,2,59.0,0.3328631875881523,14295.75,14179.25,116.5,True,1.7584745762711864,True,2.7245762711864407,5.0
2022-01-28,short,close_through,20,140,0.8667355371900827,5,100.25,0.4142561983471074,14190.75,14312.0,121.25,False,1.139650872817955,True,2.456359102244389,5.0
2022-01-31,short,close_through,30,50,0.05596107055961071,3,55.25,0.1792376317923763,14670.75,14741.75,71.0,True,1.1131221719457014,True,1.253393665158371,5.0
2022-02-02,long,sweep,5,10,0.07272727272727272,1,16.5,0.10909090909090909,15076.75,15015.75,61.0,True,1.7272727272727273,True,3.5454545454545454,5.0
2022-02-03,long,close_through,85,170,0.3166397415185784,1,50.0,0.32310177705977383,14695.25,14628.5,66.75,True,1.255,True,1.595,5.0
2022-02-04,short,close_through,150,220,0.37393162393162394,1,17.0,0.07264957264957266,14717.25,14754.25,37.0,False,1.7941176470588236,True,3.485294117647059,5.0
2022-02-07,long,close_through,35,135,0.8403669724770643,1,30.25,0.22201834862385322,14601.5,14555.5,46.0,False,1.0495867768595042,True,5.198347107438017,5.0
2022-02-08,short,close_through,15,95,1.0435684647302905,2,3.5,0.029045643153526972,14669.0,14713.75,44.75,False,6.071428571428571,True,8.928571428571429,5.0
2022-02-09,short,close_through,30,160,0.4413265306122449,1,7.25,0.07397959183673469,14970.5,14994.5,24.0,False,1.9655172413793103,True,3.586206896551724,5.0
2022-02-10,short,close_through,5,20,0.1494140625,2,58.75,0.2294921875,14930.5,15029.25,98.75,True,1.3361702127659574,False,6.587234042553192,5.0
2022-02-10,long,close_through,185,325,0.44140625,2,40.5,0.158203125,14703.0,14622.0,81.0,False,1.3580246913580247,False,0.0,
2022-02-11,long,close_through,40,155,0.5247524752475248,1,3.25,0.018387553041018388,14541.25,14497.25,44.0,False,10.615384615384615,True,11.076923076923077,5.0
2022-02-14,short,close_through,45,170,0.3878887070376432,3,43.75,0.2864157119476268,14296.5,14394.0,97.5,True,1.8857142857142857,False,6.331428571428572,5.0
2022-02-15,short,close_through,10,55,0.3409090909090909,2,21.5,0.2792207792207792,14520.75,14548.25,27.5,True,1.1046511627906976,True,1.1511627906976745,5.0
2022-02-15,long,close_through,135,150,0.22727272727272727,2,40.5,0.525974025974026,14480.75,14427.5,53.25,True,1.1851851851851851,False,4.493827160493828,5.0
2022-02-16,short,close_through,230,325,0.9411764705882353,1,13.0,0.09558823529411764,14601.5,14645.0,43.5,False,1.9230769230769231,False,0.0,
2022-02-18,long,close_through,0,170,1.3296296296296297,2,26.5,0.1962962962962963,13949.0,13906.25,42.75,False,1.2641509433962264,False,8.61320754716981,5.0
2022-02-22,long,close_through,80,155,0.2306910569105691,1,13.0,0.052845528455284556,13833.75,13805.25,28.5,False,1.1346153846153846,True,2.923076923076923,5.0
2022-02-24,short,close_through,25,110,0.18694885361552027,3,124.75,0.2933568489124045,13411.25,13562.75,151.5,True,1.1583166332665331,True,1.1943887775551103,5.0
2022-02-28,short,close_through,5,95,1.0384615384615385,4,75.25,0.5788461538461539,14183.5,14292.25,108.75,False,1.1528239202657806,False,3.647840531561462,5.0
2022-02-28,long,close_through,215,250,0.2423076923076923,1,50.0,0.38461538461538464,14066.0,13995.75,70.25,True,1.295,False,4.775,5.0
2022-03-01,long,sweep,20,30,0.11706349206349206,1,19.5,0.15476190476190477,14173.0,14132.25,40.75,True,1.1153846153846154,True,3.08974358974359,5.0
2022-03-02,short,close_through,30,70,0.5216783216783217,2,46.25,0.25874125874125875,14148.75,14223.0,74.25,False,1.1945945945945946,True,1.3675675675675676,5.0
2022-03-03,long,close_through,5,50,0.41684901531728663,1,31.5,0.13785557986870897,14104.5,14031.75,72.75,False,1.8253968253968254,True,5.309523809523809,5.0
2022-03-04,long,sweep,0,5,0.03443877551020408,1,18.5,0.09438775510204081,13835.5,13792.75,42.75,True,1.3108108108108107,True,2.0135135135135136,5.0
2022-03-08,short,close_through,100,170,1.235978835978836,2,63.5,0.2687830687830688,13563.75,13666.0,102.25,False,1.4330708661417322,False,6.338582677165355,5.0
2022-03-08,long,close_through,0,10,0.0582010582010582,1,47.0,0.19894179894179895,13183.0,13124.0,59.0,True,1.0212765957446808,True,4.430851063829787,5.0
2022-03-09,short,close_through,5,30,0.23519736842105263,1,30.0,0.19736842105263158,13632.75,13683.75,51.0,True,1.1,True,2.841666666666667,5.0
2022-03-10,short,close_through,215,290,0.19322709163346613,1,55.25,0.4402390438247012,13563.75,13636.0,72.25,True,1.0723981900452488,False,1.3031674208144797,5.0
2022-03-10,long,close_through,0,80,0.7171314741035857,3,27.75,0.22111553784860558,13456.25,13396.25,60.0,False,1.5945945945945945,False,8.072072072072071,5.0
2022-03-11,long,sweep,0,5,0.009302325581395349,1,26.5,0.12325581395348838,13542.25,13506.5,35.75,True,1.2264150943396226,True,2.688679245283019,5.0
2022-03-14,long,close_through,70,200,0.940554821664465,2,28.5,0.15059445178335534,13090.25,13022.0,68.25,False,1.5,True,2.5350877192982457,5.0
2022-03-15,short,close_through,0,90,0.8232758620689655,3,79.5,0.45689655172413796,13308.0,13404.75,96.75,False,1.009433962264151,True,1.610062893081761,5.0
2022-03-16,short,close_through,0,15,0.13,2,31.5,0.14,13809.0,13866.5,57.5,True,1.4047619047619047,True,12.38888888888889,5.0
2022-03-16,long,close_through,215,250,0.6633333333333333,3,96.75,0.43,13670.5,13463.0,207.5,True,1.813953488372093,False,4.780361757105943,5.0
2022-03-17,short,close_through,175,230,0.40903225806451615,3,50.25,0.2593548387096774,14030.0,14092.0,62.0,False,1.1243781094527363,True,1.6019900497512438,5.0
2022-03-18,short,close_through,35,80,0.12987012987012986,2,33.0,0.13186813186813187,14212.25,14277.75,65.5,True,1.4621212121212122,True,1.4545454545454546,5.0
2022-03-21,long,close_through,160,205,0.18534031413612564,2,66.75,0.27958115183246074,14262.75,14183.75,79.0,True,1.0823970037453183,False,2.764044943820225,5.0
2022-03-22,short,close_through,0,110,0.43367935409457903,5,65.0,0.29988465974625145,14592.0,14684.75,92.75,False,1.3346153846153845,True,1.6576923076923078,5.0
2022-03-23,short,sweep,0,10,0.10204081632653061,1,17.25,0.1280148423005566,14562.25,14609.25,47.0,True,1.7971014492753623,True,3.7971014492753623,5.0
2022-03-24,short,close_through,30,225,1.1824324324324325,2,30.75,0.27702702702702703,14650.5,14687.25,36.75,False,1.048780487804878,True,1.6747967479674797,5.0
2022-03-25,short,close_through,5,30,0.20689655172413793,3,48.75,0.5172413793103449,14717.5,14808.0,90.5,True,1.5487179487179488,False,4.523076923076923,5.0
2022-03-28,long,close_through,65,130,0.3,3,51.25,0.3153846153846154,14767.0,14701.0,66.0,True,1.0731707317073171,False,5.385365853658537,5.0
2022-03-29,short,close_through,255,320,0.26336898395721925,4,25.5,0.13636363636363635,15216.25,15268.75,52.5,True,1.8823529411764706,False,2.2254901960784315,5.0
2022-03-30,short,sweep,5,10,0.05352112676056338,1,17.75,0.2,15207.5,15234.75,27.25,True,1.056338028169014,False,12.056338028169014,5.0
2022-03-30,long,close_through,30,325,1.4535211267605634,2,51.75,0.5830985915492958,15080.75,15012.25,68.5,False,1.2560386473429952,False,0.0,
2022-03-31,short,sweep,25,35,0.04233870967741935,1,11.75,0.09475806451612903,15057.75,15095.25,37.5,True,1.5957446808510638,False,18.80851063829787,5.0
2022-03-31,long,sweep,225,265,0.046370967741935484,4,42.0,0.3387096774193548,15026.25,14960.25,66.0,True,1.244047619047619,True,2.1607142857142856,5.0
2022-04-01,long,close_through,65,170,0.649402390438247,2,14.75,0.11752988047808766,14748.5,14725.0,23.5,False,1.0677966101694916,False,9.440677966101696,5.0
2022-04-04,short,close_through,5,130,0.33468286099865047,3,13.5,0.0728744939271255,15105.5,15130.75,25.25,False,1.462962962962963,True,4.296296296296297,5.0
2022-04-05,long,close_through,5,20,0.11069651741293532,2,43.5,0.21641791044776118,14981.75,14913.0,68.75,True,1.3793103448275863,True,1.396551724137931,5.0
2022-04-06,short,sweep,270,295,0.049399198931909215,3,142.25,0.7596795727636849,14490.75,14652.75,162.0,True,1.063268892794376,False,1.233743409490334,5.0
2022-04-06,long,close_through,35,70,0.0534045393858478,1,37.25,0.19893190921228304,14495.75,14446.25,49.5,True,1.1073825503355705,True,1.8791946308724832,5.0
2022-04-07,long,close_through,10,95,0.6974789915966386,1,33.5,0.22521008403361345,14395.75,14355.5,40.25,False,1.1194029850746268,True,1.7611940298507462,5.0
2022-04-08,short,close_through,30,160,0.1308980213089802,4,46.75,0.2846270928462709,14435.5,14498.25,62.75,True,1.1550802139037433,False,3.828877005347594,5.0
2022-04-11,long,close_through,10,150,0.21150278293135436,3,70.75,0.5250463821892394,14116.75,14033.75,83.0,True,1.1484098939929328,True,1.353356890459364,5.0
2022-04-12,long,close_through,15,45,0.16869300911854104,1,44.5,0.270516717325228,14144.0,14085.25,58.75,True,1.2808988764044944,True,2.5842696629213484,5.0
2022-04-13,short,sweep,0,5,0.11614730878186968,1,13.5,0.0764872521246459,14056.0,14118.0,62.0,True,2.314814814814815,True,3.3333333333333335,5.0
2022-04-14,long,sweep,5,25,0.08079625292740047,1,4.5,0.02107728337236534,14045.75,14016.0,29.75,True,1.8888888888888888,True,11.0,5.0
2022-04-18,long,close_through,100,180,0.2336182336182336,6,83.0,0.47293447293447294,13924.25,13786.0,138.25,True,1.5933734939759037,False,2.4548192771084336,5.0
2022-04-19,short,close_through,0,85,0.375,1,10.25,0.038825757575757576,14174.5,14196.5,22.0,False,1.853658536585366,True,8.902439024390244,5.0
2022-04-20,long,close_through,45,120,0.24812030075187969,1,15.75,0.06766917293233082,14027.5,13979.5,48.0,False,2.4285714285714284,True,8.047619047619047,5.0
2022-04-21,long,close_through,15,170,1.5500747384155455,1,34.5,0.2062780269058296,13913.25,13856.5,56.75,False,1.434782608695652,True,2.528985507246377,5.0
2022-04-22,long,close_through,65,110,0.503209242618742,1,19.0,0.0975609756097561,13520.0,13485.0,35.0,False,1.131578947368421,True,2.8947368421052633,5.0
2022-04-25,short,close_through,0,20,0.34941520467836257,1,55.25,0.3230994152046784,13350.75,13466.75,116.0,True,1.755656108597285,True,3.755656108597285,5.0
2022-04-26,long,close_through,5,95,0.25265017667844525,3,37.0,0.13074204946996468,13150.5,13096.25,54.25,False,1.3243243243243243,True,3.4662162162162162,5.0
2022-04-28,short,close_through,125,300,1.2025316455696202,2,41.25,0.189873417721519,13478.75,13542.0,63.25,False,1.503030303030303,False,3.139393939393939,5.0
2022-04-28,long,close_through,0,20,0.14039125431530494,1,18.5,0.08515535097813579,13078.25,13033.0,45.25,True,1.7162162162162162,False,26.783783783783782,5.0
2022-04-29,long,close_through,5,60,0.2848904267589389,3,27.75,0.12802768166089964,13210.5,13154.5,56.0,False,1.018018018018018,True,2.6216216216216215,5.0
2022-05-02,short,close_through,0,10,0.2077534791252485,1,32.5,0.12922465208747516,12970.0,13046.5,76.5,True,1.4,True,9.407692307692308,5.0
2022-05-02,long,sweep,195,210,0.015904572564612324,4,52.75,0.20974155069582506,12825.0,12738.75,86.25,True,1.5592417061611374,True,1.7345971563981042,5.0
2022-05-03,short,close_through,165,210,0.17142857142857143,3,43.75,0.23809523809523808,13107.75,13183.75,76.0,True,1.56,False,4.1257142857142854,5.0
2022-05-04,short,close_through,150,195,0.1145975443383356,1,24.75,0.13506139154160982,13096.75,13135.25,38.5,True,1.0101010101010102,True,1.1717171717171717,5.0
2022-05-04,long,close_through,0,75,0.26193724420190995,3,27.0,0.14733969986357434,12949.5,12883.0,66.5,True,1.9722222222222223,False,24.40740740740741,5.0
2022-05-05,long,close_through,0,65,0.37820043891733723,2,38.5,0.11265544989027067,12954.75,12875.25,79.5,False,1.9610389610389611,True,2.3766233766233764,5.0
2022-05-06,short,close_through,20,60,0.2744945567651633,4,120.5,0.374805598755832,12792.25,12928.75,136.5,True,1.008298755186722,False,2.883817427385892,5.0
2022-05-09,long,close_through,0,15,0.2577565632458234,2,49.75,0.23747016706443913,12352.5,12292.25,60.25,True,1.1155778894472361,True,1.407035175879397,5.0
2022-05-10,long,close_through,10,65,0.7888493475682088,1,57.75,0.27402135231316727,12302.25,12170.0,132.25,False,1.8138528138528138,False,5.575757575757576,5.0
2022-05-11,long,close_through,145,210,0.4330827067669173,2,43.25,0.13007518796992482,12071.75,12002.0,69.75,False,1.4797687861271676,True,3.69364161849711,5.0
2022-05-12,short,close_through,25,75,0.24592487597448617,5,190.0,0.5386250885896527,11926.75,12132.75,206.0,True,1.0592105263157894,False,2.3105263157894735,5.0
2022-05-12,long,sweep,250,270,0.012048192771084338,2,51.75,0.1467044649184975,11768.75,11689.0,79.75,True,1.2222222222222223,False,4.85024154589372,5.0
2022-05-13,short,sweep,5,10,0.011861313868613138,2,14.25,0.05200729927007299,12296.0,12342.0,46.0,True,2.719298245614035,True,4.631578947368421,5.0
2022-05-16,short,close_through,235,275,0.1615720524017467,4,44.75,0.26055312954876275,12334.5,12403.0,68.5,True,1.1955307262569832,False,3.9273743016759775,5.0
2022-05-16,long,sweep,30,75,0.07714701601164484,4,89.5,0.5211062590975255,12300.25,12190.25,110.0,True,1.0279329608938548,False,2.1759776536312847,5.0
2022-05-17,short,close_through,255,305,0.31886792452830187,1,6.0,0.045283018867924525,12545.5,12578.0,32.5,False,2.9166666666666665,False,8.708333333333334,5.0
2022-05-17,long,close_through,0,50,0.5641509433962264,4,58.5,0.44150943396226416,12417.25,12328.5,88.75,True,1.1495726495726495,False,3.8974358974358974,5.0
2022-05-18,long,close_through,0,15,0.27045454545454545,2,18.5,0.16818181818181818,12306.0,12260.0,46.0,True,1.4594594594594594,True,1.527027027027027,5.0
2022-05-19,short,close_through,65,130,0.31542056074766356,3,118.25,0.552570093457944,11917.0,12076.75,159.75,True,1.2473572938689217,False,1.8076109936575053,5.0
2022-05-20,long,close_through,20,185,2.1692524682651624,3,37.75,0.21297602256699577,11569.25,11491.25,78.0,False,1.8410596026490067,False,9.205298013245033,5.0
2022-05-23,short,close_through,60,150,0.38451612903225807,4,69.75,0.36,11961.0,12052.0,91.0,True,1.1971326164874552,True,1.8243727598566308,5.0
2022-05-25,short,close_through,0,10,0.21477428180574556,1,30.0,0.16415868673050615,11889.25,11930.0,40.75,True,1.025,True,4.983333333333333,5.0
2022-05-26,short,close_through,25,55,0.14406065711878685,1,11.75,0.039595619208087615,12204.75,12238.5,33.75,False,1.8297872340425532,True,3.74468085106383,5.0
2022-05-27,short,sweep,0,10,0.062326869806094184,2,16.75,0.09279778393351801,12564.5,12593.75,29.25,True,1.0298507462686568,True,4.432835820895522,5.0
2022-05-31,short,close_through,80,150,0.3269230769230769,1,6.0,0.028846153846153848,12703.25,12756.0,52.75,False,6.416666666666667,True,13.791666666666666,5.0
2022-06-01,long,close_through,0,10,0.22158438576349024,1,26.25,0.12055109070034443,12628.25,12557.5,70.75,True,1.5904761904761904,True,3.0095238095238095,5.0
2022-06-02,short,close_through,30,160,0.9092105263157895,1,13.5,0.07105263157894737,12774.25,12805.25,31.0,False,1.962962962962963,True,2.6296296296296298,5.0
2022-06-03,long,close_through,5,60,0.8709016393442623,1,8.5,0.06967213114754098,12544.75,12503.0,41.75,False,3.323529411764706,False,15.264705882352942,5.0
2022-06-06,long,close_through,45,70,0.33516483516483514,1,15.25,0.11172161172161173,12672.5,12627.75,44.75,False,1.8524590163934427,True,2.7704918032786887,5.0
2022-06-07,short,close_through,0,75,0.5699067909454061,4,108.75,0.5792276964047937,12567.5,12707.25,139.75,True,1.2183908045977012,True,1.2689655172413794,5.0
2022-06-08,long,close_through,125,210,0.3102893890675241,4,58.25,0.3745980707395498,12643.0,12579.25,63.75,True,1.03862660944206,False,1.3004291845493563,5.0
2022-06-10,long,close_through,35,85,0.12421052631578948,1,21.5,0.09052631578947369,11866.0,11823.0,43.0,True,1.813953488372093,False,6.813953488372093,5.0
2022-06-14,short,sweep,170,180,0.08862876254180602,2,46.25,0.3093645484949833,11379.75,11455.25,75.5,True,1.227027027027027,False,4.335135135135135,5.0
2022-06-15,short,sweep,205,215,0.6017505470459519,2,42.5,0.37199124726477023,11474.5,11642.75,168.25,True,2.2294117647058824,True,4.658823529411765,5.0
2022-06-15,long,close_through,210,245,0.774617067833698,3,109.0,0.9540481400437637,11566.25,11371.25,195.0,True,1.3279816513761469,False,3.419724770642202,5.0
2022-06-16,long,close_through,5,270,0.9165247018739353,2,44.75,0.3049403747870528,11137.25,11068.5,68.75,False,1.4301675977653632,False,2.4134078212290504,5.0
2022-06-17,long,close_through,0,30,0.3825301204819277,1,26.75,0.16114457831325302,11206.25,11119.0,87.25,True,2.130841121495327,False,9.22429906542056,5.0
2022-06-21,short,close_through,0,65,0.06299212598425197,4,31.25,0.16404199475065617,11632.25,11678.25,46.0,True,1.408,False,3.656,5.0
2022-06-22,short,close_through,0,15,0.11049210770659239,2,32.75,0.12163416898792943,11685.25,11745.75,60.5,True,1.6793893129770991,False,6.129770992366412,5.0
2022-06-23,short,close_through,10,30,0.3107638888888889,2,22.0,0.1527777777777778,11683.0,11731.75,48.75,True,1.7840909090909092,True,2.2045454545454546,5.0
2022-06-28,long,close_through,0,130,1.4646017699115044,3,56.25,0.33185840707964603,11826.75,11756.5,70.25,False,1.1066666666666667,True,1.3022222222222222,5.0
2022-06-29,short,sweep,15,30,0.009575923392612859,1,45.5,0.24897400820793433,11676.0,11749.0,73.0,True,1.2252747252747254,False,2.802197802197802,5.0
2022-06-30,short,close_through,55,95,0.11392405063291139,3,48.5,0.20464135021097046,11548.0,11615.0,67.0,True,1.324742268041237,True,1.5,5.0
2022-07-01,long,close_through,0,15,0.07990012484394507,2,34.0,0.16978776529338327,11458.75,11401.0,57.75,True,1.2941176470588236,False,6.323529411764706,5.0
2022-07-05,short,close_through,0,35,0.697495183044316,2,87.25,0.6724470134874759,11497.25,11609.5,112.25,True,1.0487106017191976,True,1.3868194842406876,5.0
2022-07-06,short,sweep,215,220,0.22568093385214008,1,20.75,0.1614785992217899,11841.5,11911.5,70.0,True,1.0963855421686748,True,3.4939759036144578,5.0
2022-07-06,long,sweep,60,155,0.005836575875486381,3,61.0,0.47470817120622566,11849.5,11753.25,96.25,True,1.2663934426229508,False,3.3114754098360657,5.0
2022-07-07,short,close_through,15,50,0.15917602996254682,2,15.25,0.11423220973782772,12042.5,12073.0,30.5,True,1.5081967213114753,True,2.5245901639344264,5.0
2022-07-08,short,close_through,0,75,0.5914529914529915,3,33.0,0.22564102564102564,12155.25,12211.0,55.75,False,1.4318181818181819,False,4.96969696969697,5.0
2022-07-12,long,close_through,270,320,0.4217687074829932,2,23.0,0.10430839002267574,11783.75,11712.0,71.75,False,2.402173913043478,False,2.652173913043478,5.0
2022-07-13,short,close_through,0,210,0.8704225352112676,4,58.5,0.3295774647887324,11741.25,11854.5,113.25,False,1.7222222222222223,False,1.7692307692307692,5.0
2022-07-14,short,close_through,70,135,0.18037518037518038,2,61.75,0.3564213564213564,11627.0,11715.75,88.75,True,1.1295546558704452,True,1.222672064777328,5.0
2022-07-19,short,close_through,0,155,1.1097560975609757,1,12.25,0.11951219512195121,12192.25,12209.25,17.0,False,1.3061224489795917,True,1.8571428571428572,5.0
2022-07-20,short,close_through,0,115,0.908256880733945,2,15.5,0.11376146788990826,12483.5,12517.5,34.0,False,1.7903225806451613,False,9.887096774193548,5.0
2022-07-21,short,close_through,65,180,0.47540983606557374,4,32.25,0.19225037257824143,12557.0,12621.0,64.0,False,1.6511627906976745,True,1.9922480620155039,5.0
2022-07-22,long,close_through,30,120,0.8747993579454254,1,8.75,0.056179775280898875,12452.0,12406.5,45.5,False,3.8857142857142857,True,4.485714285714286,5.0
2022-07-25,long,close_through,265,320,0.13782051282051283,4,49.0,0.3141025641025641,12335.0,12266.5,68.5,True,1.2040816326530612,False,1.6887755102040816,5.0
2022-07-26,long,close_through,0,25,0.18973214285714285,1,16.5,0.14732142857142858,12195.25,12158.0,37.25,True,1.5454545454545454,True,2.0606060606060606,5.0
2022-07-27,short,close_through,30,145,0.25316455696202533,7,29.5,0.18670886075949367,12428.5,12474.5,46.0,True,1.1610169491525424,True,1.5847457627118644,5.0
2022-07-28,short,close_through,55,85,0.2042079207920792,1,12.25,0.06064356435643564,12664.0,12695.25,31.25,False,1.489795918367347,True,4.755102040816326,5.0
2022-07-28,long,sweep,0,5,0.01485148514851485,1,1.5,0.007425742574257425,12501.5,12449.0,52.5,True,19.5,False,194.83333333333334,5.0
2022-07-29,short,close_through,200,325,0.435656836461126,2,10.25,0.054959785522788206,12972.0,13012.0,40.0,False,2.707317073170732,False,0.0,
2022-08-01,short,close_through,15,150,0.18706697459584296,5,115.5,0.5334872979214781,12972.0,13108.75,136.75,True,1.0952380952380953,False,1.7402597402597402,5.0
2022-08-02,short,close_through,20,150,1.0255941499085923,2,21.75,0.1590493601462523,13061.75,13097.0,35.25,False,1.4022988505747127,False,8.689655172413794,5.0
2022-08-03,short,close_through,40,100,0.27755102040816326,1,15.0,0.08163265306122448,13201.75,13224.25,22.5,False,1.2333333333333334,True,2.216666666666667,5.0
2022-08-04,short,close_through,280,300,0.07209302325581396,4,26.75,0.24883720930232558,13314.0,13346.75,32.75,True,1.0467289719626167,False,1.897196261682243,5.0
2022-08-04,long,close_through,0,25,0.43488372093023253,2,47.25,0.43953488372093025,13254.5,13184.75,69.75,True,1.2857142857142858,False,3.238095238095238,5.0
2022-08-08,long,close_through,70,130,0.3965287049399199,1,2.25,0.012016021361815754,13199.0,13157.75,41.25,False,8.88888888888889,True,23.555555555555557,5.0
2022-08-09,long,close_through,115,205,0.07194244604316546,5,46.5,0.3345323741007194,13024.0,12963.25,60.75,True,1.2419354838709677,False,2.010752688172043,5.0
2022-08-10,short,close_through,30,105,0.2878464818763326,3,29.5,0.2515991471215352,13332.0,13388.75,56.75,True,1.5932203389830508,True,2.1186440677966103,5.0
2022-08-11,long,close_through,35,60,0.6610878661087866,1,40.5,0.3389121338912134,13422.5,13376.5,46.0,False,1.1111111111111112,True,1.4382716049382716,5.0
2022-08-12,short,close_through,30,75,0.26150121065375304,2,9.75,0.09443099273607748,13466.5,13489.5,23.0,False,1.3076923076923077,True,2.641025641025641,5.0
2022-08-15,short,close_through,70,90,0.27680798004987534,1,2.25,0.022443890274314215,13651.25,13662.25,11.0,False,1.8888888888888888,True,8.777777777777779,5.0
2022-08-16,short,close_through,75,115,0.24813895781637718,2,17.5,0.17369727047146402,13651.0,13684.25,33.25,True,1.6714285714285715,True,2.7857142857142856,5.0
2022-08-16,long,close_through,0,15,0.3548387096774194,1,39.5,0.3920595533498759,13568.75,13522.75,46.0,True,1.0886075949367089,False,5.443037974683544,5.0
2022-08-17,short,close_through,215,265,0.5012468827930174,3,62.5,0.6234413965087282,13545.75,13616.0,70.25,True,1.108,False,2.22,5.0
2022-08-17,long,close_through,5,50,0.4164588528678304,2,41.5,0.4139650872817955,13472.0,13423.75,48.25,True,1.0542168674698795,True,1.2469879518072289,5.0
2022-08-18,short,close_through,10,95,0.9184952978056427,1,5.5,0.06896551724137931,13553.25,13575.5,22.25,False,1.4090909090909092,False,14.045454545454545,5.0
2022-08-19,long,sweep,10,15,0.02772963604852686,1,9.0,0.06239168110918544,13301.0,13277.0,24.0,True,1.6111111111111112,True,0.0,
2022-08-22,long,sweep,0,5,0.03333333333333333,1,12.75,0.1,12986.25,12960.5,25.75,True,1.4509803921568627,True,3.0588235294117645,5.0
2022-08-24,short,sweep,5,10,0.061381074168797956,1,7.5,0.07672634271099744,12915.75,12955.25,39.5,True,3.466666666666667,True,4.533333333333333,5.0
2022-08-25,short,close_through,0,20,0.11827956989247312,3,16.75,0.12007168458781362,13085.0,13118.0,33.0,True,1.507462686567164,True,6.746268656716418,5.0
2022-08-26,long,close_through,0,80,0.7678571428571429,1,34.0,0.14285714285714285,12838.25,12777.75,60.5,False,1.1102941176470589,True,1.0808823529411764,5.0
2022-08-29,long,close_through,20,60,0.23193916349809887,2,27.0,0.20532319391634982,12503.5,12448.25,55.25,True,1.4259259259259258,False,5.222222222222222,5.0
2022-08-30,long,close_through,0,200,0.6674846625766871,1,30.75,0.150920245398773,12303.5,12247.5,56.0,False,1.6666666666666667,False,4.333333333333333,5.0
2022-08-31,long,close_through,0,15,0.16485507246376813,2,21.75,0.15760869565217392,12407.25,12352.25,55.0,True,2.0344827586206895,True,2.7126436781609193,5.0
2022-09-01,long,close_through,5,35,0.43859649122807015,2,27.5,0.21442495126705652,12077.0,12039.5,37.5,False,1.0909090909090908,True,1.7272727272727273,5.0
2022-09-02,short,close_through,0,20,0.3263157894736842,2,42.75,0.3,12392.75,12461.5,68.75,True,1.3333333333333333,False,9.578947368421053,5.0
2022-09-02,long,close_through,125,250,1.3403508771929824,3,63.0,0.4421052631578947,12151.25,12081.5,69.75,False,1.0277777777777777,True,1.1507936507936507,5.0
2022-09-07,short,close_through,40,110,0.34177215189873417,2,36.5,0.369620253164557,12111.25,12162.0,50.75,True,1.178082191780822,True,1.4246575342465753,5.0
2022-09-08,short,close_through,5,55,0.5423976608187134,1,5.0,0.029239766081871343,12357.75,12379.5,21.75,False,2.9,False,46.9,5.0
2022-09-09,short,close_through,5,90,0.27167630057803466,4,42.25,0.325626204238921,12529.0,12580.5,51.5,True,1.1005917159763314,True,1.5384615384615385,5.0
2022-09-13,long,close_through,0,100,0.6427378964941569,5,44.25,0.29549248747913187,12313.25,12262.5,50.75,False,1.0847457627118644,True,1.615819209039548,5.0
2022-09-14,short,close_through,20,55,0.3383947939262473,1,40.25,0.3492407809110629,12196.5,12253.0,56.5,True,1.1180124223602483,False,3.6956521739130435,5.0
2022-09-15,long,close_through,0,5,0.1100196463654224,1,6.0,0.047151277013752456,12121.5,12092.75,28.75,True,2.6666666666666665,True,3.9583333333333335,5.0
2022-09-16,short,close_through,0,15,0.2932692307692308,1,50.75,0.4879807692307692,11834.5,11916.5,82.0,True,1.2660098522167487,True,2.3694581280788176,5.0
2022-09-16,long,sweep,115,235,0.03365384615384615,6,70.25,0.6754807692307693,11870.25,11778.5,91.75,True,1.1423487544483986,False,2.2562277580071175,5.0
2022-09-19,short,close_through,5,50,0.35625,3,14.5,0.12083333333333333,11925.25,11978.5,53.25,True,2.0344827586206895,True,7.310344827586207,5.0
2022-09-20,short,close_through,20,65,0.6311475409836066,2,10.0,0.16393442622950818,11963.0,11986.5,23.5,False,1.1,True,2.225,5.0
2022-09-20,long,close_through,175,230,0.9631147540983607,3,43.0,0.7049180327868853,11889.5,11828.25,61.25,True,1.244186046511628,False,3.104651162790698,5.0
2022-09-21,long,close_through,210,250,2.8647540983606556,1,241.25,3.9549180327868854,12081.0,11763.25,317.75,False,1.205181347150259,True,1.4518134715025908,5.0
2022-09-22,short,sweep,315,320,0.02586206896551724,1,37.75,0.3254310344827586,11603.25,11685.25,82.0,True,1.8543046357615893,False,2.993377483443709,5.0
2022-09-22,long,close_through,20,75,0.4849137931034483,3,41.75,0.3599137931034483,11584.5,11510.0,74.5,True,1.5808383233532934,False,3.9940119760479043,5.0
2022-09-23,long,close_through,75,140,0.3088512241054614,2,33.25,0.2504708097928437,11360.5,11297.25,63.25,True,1.6842105263157894,True,2.030075187969925,5.0
2022-09-26,long,close_through,115,135,0.1677336747759283,1,6.75,0.034571062740076826,11335.0,11309.75,25.25,False,3.0,True,10.481481481481481,5.0
2022-09-28,short,close_through,0,115,0.7225130890052356,2,38.0,0.26527050610820246,11465.25,11512.75,47.5,False,1.1842105263157894,True,1.480263157894737,5.0
2022-09-29,long,close_through,200,245,0.2774922918807811,2,39.5,0.16238437821171633,11147.0,11091.5,55.5,False,1.3417721518987342,False,3.6392405063291138,5.0
2022-09-30,short,close_through,0,70,0.6200378071833649,5,64.75,0.4896030245746692,11264.0,11357.25,93.25,True,1.2702702702702702,False,4.972972972972973,5.0
2022-10-03,short,close_through,0,25,0.09469153515064563,2,14.25,0.08177905308464849,11198.25,11230.5,32.25,True,1.7719298245614035,True,2.6666666666666665,5.0
2022-10-04,short,close_through,10,110,0.05065359477124183,3,35.75,0.23366013071895425,11620.25,11675.0,54.75,True,1.0909090909090908,False,3.7762237762237763,5.0
2022-10-05,short,close_through,135,320,1.111470113085622,2,29.75,0.19224555735056542,11624.0,11711.0,87.0,False,2.504201680672269,False,2.9159663865546217,5.0
2022-10-05,long,close_through,0,5,0.1147011308562197,1,11.5,0.07431340872374798,11396.0,11366.5,29.5,True,1.8695652173913044,False,29.26086956521739,5.0
2022-10-07,long,close_through,45,160,0.6443298969072165,2,25.5,0.17525773195876287,11137.75,11110.75,27.0,False,1.0098039215686274,True,1.6372549019607843,5.0
2022-10-10,long,close_through,5,40,0.38636363636363635,1,23.0,0.16083916083916083,10963.0,10927.75,35.25,False,1.4891304347826086,True,3.9239130434782608,5.0
2022-10-11,short,close_through,65,175,0.6064,3,52.75,0.3376,10959.5,11039.5,80.0,False,1.2180094786729858,False,4.862559241706161,5.0
2022-10-13,short,close_through,25,295,2.100117785630153,1,46.25,0.21790341578327443,11091.75,11142.75,51.0,False,1.0216216216216216,False,1.8486486486486486,5.0
2022-10-14,long,close_through,10,25,0.020863309352517987,1,53.0,0.15251798561151078,10917.0,10852.75,64.25,True,1.080188679245283,True,2.108490566037736,5.0
2022-10-17,short,sweep,80,240,0.09683426443202979,2,20.25,0.15083798882681565,11103.75,11146.25,42.5,True,1.382716049382716,False,2.1481481481481484,5.0
2022-10-18,long,close_through,0,15,0.25685425685425683,2,41.0,0.23665223665223664,11273.75,11214.0,59.75,True,1.298780487804878,True,1.298780487804878,5.0
2022-10-19,long,close_through,135,215,0.35260115606936415,2,59.0,0.34104046242774566,11129.25,11049.0,80.25,True,1.097457627118644,False,1.5677966101694916,5.0
2022-10-20,long,close_through,195,240,0.17034700315457413,2,14.25,0.05993690851735016,11084.25,11050.5,33.75,False,1.8596491228070176,True,2.192982456140351,5.0
2022-10-21,short,close_through,90,170,0.14782608695652175,1,19.75,0.08586956521739131,11230.0,11259.25,29.25,False,1.139240506329114,True,1.3670886075949367,5.0
2022-10-24,short,close_through,90,170,0.13172966781214204,4,52.25,0.23940435280641467,11397.0,11454.75,57.75,True,1.0430622009569377,True,1.492822966507177,5.0
2022-10-25,short,close_through,35,135,0.27545909849749584,3,28.25,0.18864774624373956,11660.25,11706.0,45.75,True,1.5486725663716814,True,3.1415929203539825,5.0
2022-10-26,short,close_through,5,80,0.7395498392282959,3,17.0,0.10932475884244373,11656.5,11703.5,47.0,False,1.9852941176470589,False,14.867647058823529,5.0
2022-10-27,long,close_through,115,155,0.08114856429463171,4,61.0,0.3046192259675406,11324.0,11247.5,76.5,True,1.221311475409836,True,1.4426229508196722,5.0
2022-10-28,short,close_through,0,55,0.5058214747736093,2,24.25,0.12548512289780078,11453.5,11497.25,43.75,False,1.134020618556701,True,1.8969072164948453,5.0
2022-10-31,long,close_through,0,10,0.15858208955223882,1,8.75,0.06529850746268656,11411.75,11367.25,44.5,True,2.9714285714285715,False,14.571428571428571,5.0
2022-11-01,long,close_through,10,40,0.13538461538461538,1,28.25,0.1158974358974359,11387.75,11342.25,45.5,True,1.0619469026548674,True,1.3716814159292035,5.0
2022-11-02,short,close_through,210,250,1.4646153846153847,2,66.75,0.8215384615384616,11318.5,11460.0,141.5,True,1.7415730337078652,False,7.46067415730337,5.0
2022-11-02,long,sweep,0,10,0.07076923076923076,1,6.0,0.07384615384615385,11273.25,11254.0,19.25,True,1.7916666666666667,True,4.125,5.0
2022-11-03,short,close_through,15,35,0.2846975088967972,1,13.25,0.09430604982206406,10825.0,10888.5,63.5,True,3.169811320754717,False,11.320754716981131,5.0
2022-11-04,short,sweep,10,20,0.0438871473354232,2,19.0,0.0794148380355277,10881.25,10974.25,93.0,True,3.013157894736842,False,14.513157894736842,5.0
2022-11-04,long,close_through,80,160,0.23719958202716823,1,48.75,0.20376175548589343,10730.75,10667.75,63.0,True,1.2615384615384615,True,1.3076923076923077,5.0
2022-11-07,short,close_through,225,305,0.5740740740740741,1,3.75,0.030864197530864196,11021.0,11038.5,17.5,False,1.8666666666666667,False,8.2,5.0
2022-11-08,short,close_through,0,175,1.1431980906921242,7,101.5,0.9689737470167065,11101.25,11231.25,130.0,True,1.1921182266009853,False,2.8916256157635467,5.0
2022-11-08,long,close_through,230,270,0.7446300715990454,3,93.25,0.8902147971360382,11056.0,10928.75,127.25,True,1.1903485254691688,False,2.292225201072386,5.0
2022-11-09,long,close_through,0,35,0.4114285714285714,2,23.25,0.26571428571428574,10985.0,10925.5,59.5,True,1.4086021505376345,True,3.3118279569892475,5.0
2022-11-10,short,close_through,60,120,0.14893617021276595,3,30.75,0.1539424280350438,11456.25,11498.75,42.5,True,1.2276422764227641,True,2.3333333333333335,5.0
2022-11-11,short,close_through,15,35,0.1015625,2,42.5,0.22135416666666666,11720.25,11780.75,60.5,True,1.2647058823529411,True,3.1882352941176473,5.0
2022-11-14,short,sweep,10,30,0.008771929824561403,2,14.5,0.12719298245614036,11775.0,11817.0,42.0,True,1.3275862068965518,True,4.5344827586206895,5.0
2022-11-15,long,sweep,20,40,0.19402985074626866,2,24.5,0.24378109452736318,12001.5,11943.5,58.0,True,1.3265306122448979,True,3.061224489795918,5.0
2022-11-16,long,close_through,20,120,0.155902004454343,4,66.75,0.5946547884187082,11778.75,11706.5,72.25,True,1.0262172284644195,False,1.794007490636704,5.0
2022-11-17,short,close_through,85,195,0.7926356589147286,2,19.0,0.14728682170542637,11738.25,11775.0,36.75,False,1.6973684210526316,False,7.631578947368421,5.0
2022-11-18,long,close_through,25,45,0.18440779610194902,3,55.5,0.3328335832083958,11711.5,11645.0,66.5,True,1.054054054054054,True,1.1486486486486487,5.0
2022-11-21,long,close_through,10,35,0.10888888888888888,2,19.25,0.1711111111111111,11605.0,11575.0,30.0,True,1.2077922077922079,True,2.4675324675324677,5.0
2022-11-22,short,close_through,15,30,0.2599009900990099,1,9.25,0.09158415841584158,11635.75,11654.5,18.75,False,1.6486486486486487,True,2.3783783783783785,5.0
2022-11-23,short,close_through,0,15,0.18089430894308944,1,3.75,0.03048780487804878,11864.0,11890.5,26.5,True,3.466666666666667,True,36.06666666666667,5.0
2022-11-23,long,sweep,145,175,0.028455284552845527,2,34.75,0.28252032520325204,11800.75,11741.75,59.0,True,1.1510791366906474,False,3.7985611510791366,5.0
2022-11-28,long,sweep,20,40,0.10772833723653395,1,4.5,0.04215456674473068,11698.25,11670.25,28.0,True,2.7222222222222223,True,6.777777777777778,5.0
2022-11-29,long,close_through,30,85,1.4419475655430711,1,43.25,0.6479400749063671,11523.5,11465.0,58.5,False,1.138728323699422,False,1.8554913294797688,5.0
2022-11-30,long,close_through,30,35,0.16733067729083664,1,15.0,0.23904382470119523,11546.75,11508.25,38.5,True,2.15,True,4.083333333333333,5.0
2022-12-02,short,close_through,70,115,0.23593073593073594,3,33.5,0.29004329004329005,11941.75,11980.0,38.25,True,1.0522388059701493,True,2.3955223880597014,5.0
2022-12-06,long,close_through,5,50,0.1116816431322208,1,21.75,0.1116816431322208,11636.5,11589.25,47.25,True,1.1379310344827587,True,1.528735632183908,5.0
2022-12-08,short,sweep,0,10,0.040214477211796246,1,14.5,0.0777479892761394,11640.5,11671.25,30.75,True,1.5689655172413792,True,5.603448275862069,5.0
2022-12-09,short,close_through,0,110,0.5191873589164786,2,17.0,0.15349887133182843,11690.25,11718.25,28.0,False,1.338235294117647,False,8.691176470588236,5.0
2022-12-12,short,sweep,150,155,0.2546816479400749,1,7.25,0.10861423220973783,11707.25,11742.5,35.25,True,1.0344827586206897,True,3.3448275862068964,5.0
2022-12-12,long,close_through,15,30,0.16853932584269662,1,23.0,0.3445692883895131,11697.25,11647.5,49.75,True,1.7717391304347827,False,7.739130434782608,5.0
2022-12-13,long,close_through,0,125,1.2417177914110429,2,33.75,0.1656441717791411,11905.25,11847.0,58.25,False,1.0888888888888888,False,4.17037037037037,5.0
2022-12-14,short,close_through,30,35,0.10307017543859649,2,17.0,0.14912280701754385,12018.0,12055.75,37.75,True,1.6323529411764706,True,1.8088235294117647,5.0
2022-12-14,long,close_through,210,270,1.763157894736842,1,143.0,1.2543859649122806,11913.5,11729.0,184.5,False,1.25,False,1.9405594405594406,5.0
2022-12-15,long,sweep,0,5,0.03439153439153439,1,7.0,0.037037037037037035,11558.25,11520.0,38.25,True,2.2857142857142856,True,3.392857142857143,5.0
2022-12-16,long,close_through,0,10,0.16260162601626016,1,12.0,0.07804878048780488,11353.5,11312.75,40.75,True,2.2291666666666665,True,2.875,5.0
2022-12-19,long,close_through,30,135,0.3864077669902913,3,39.0,0.3029126213592233,11238.75,11180.5,58.25,True,1.0576923076923077,True,1.4871794871794872,5.0
2022-12-20,short,close_through,0,25,0.18003273322422259,1,14.0,0.09165302782324058,11192.0,11247.0,55.0,True,2.5,False,8.946428571428571,5.0
2022-12-21,short,close_through,0,75,0.6127049180327869,2,41.25,0.33811475409836067,11318.0,11377.75,59.75,False,1.2484848484848485,True,1.6,5.0
2022-12-22,long,close_through,0,185,0.8256756756756757,1,12.5,0.06756756756756757,10900.25,10870.5,29.75,False,1.7,False,14.44,5.0
2022-12-23,short,close_through,0,20,0.352622061482821,2,61.0,0.4412296564195298,11028.0,11103.25,75.25,True,1.2049180327868851,False,2.069672131147541,5.0
2022-12-28,long,close_through,25,115,0.6586270871985158,1,19.75,0.14656771799628943,10798.0,10773.0,25.0,False,1.1518987341772151,True,5.8734177215189876,5.0
2022-12-29,short,close_through,5,40,0.1372854914196568,2,15.25,0.09516380655226209,11009.5,11038.75,29.25,True,1.459016393442623,True,1.6229508196721312,5.0
2022-12-30,short,close_through,15,45,0.25474254742547425,3,46.75,0.5067750677506775,10912.75,10971.25,58.5,True,1.13903743315508,True,1.946524064171123,5.0
2023-01-03,long,close_through,0,15,0.04673807205452775,1,27.5,0.10710808179162609,10954.75,10913.25,41.5,True,1.2272727272727273,True,2.3636363636363638,5.0
2023-01-04,short,close_through,65,90,0.12021857923497267,1,0.25,0.001366120218579235,11044.0,11068.5,24.5,True,50.0,False,620.0,5.0
2023-01-06,short,close_through,5,295,1.234965034965035,1,19.25,0.1076923076923077,11133.25,11165.75,32.5,False,1.2857142857142858,False,2.675324675324675,5.0
2023-01-09,short,close_through,0,130,0.46449136276391556,3,41.5,0.31861804222648754,11332.25,11385.5,53.25,False,1.072289156626506,False,5.228915662650603,5.0
2023-01-10,long,close_through,10,20,0.11876075731497418,1,37.25,0.25645438898450945,11188.25,11120.75,67.5,True,1.5369127516778522,False,4.167785234899329,5.0
2023-01-12,short,close_through,105,175,0.20120481927710843,2,10.5,0.05060240963855422,11480.0,11560.5,80.5,True,6.857142857142857,True,9.547619047619047,5.0
2023-01-18,long,close_through,5,85,1.7621776504297995,1,10.5,0.12034383954154727,11550.5,11518.5,32.0,False,1.880952380952381,True,2.7857142857142856,5.0
2023-01-19,short,sweep,245,260,0.0792838874680307,1,5.0,0.05115089514066496,11424.5,11454.25,29.75,True,3.35,False,17.9,5.0
2023-01-19,long,close_through,15,85,0.4117647058823529,1,16.5,0.16879795396419436,11328.75,11308.5,20.25,False,1.0454545454545454,False,8.651515151515152,5.0
2023-01-23,short,close_through,0,55,0.5193075898801598,1,25.0,0.13315579227696406,11911.0,11957.0,46.0,False,1.54,True,1.78,5.0
2023-01-25,long,sweep,5,25,0.09382151029748284,2,32.0,0.2929061784897025,11666.5,11604.5,62.0,True,1.6015625,False,9.0078125,5.0
2023-01-26,short,close_through,290,310,0.126953125,1,2.25,0.017578125,12071.0,12091.25,20.25,True,4.444444444444445,True,8.444444444444445,5.0
2023-01-26,long,close_through,20,60,0.333984375,1,45.0,0.3515625,11951.25,11904.25,47.0,True,1.0166666666666666,False,4.572222222222222,5.0
2023-01-27,short,close_through,70,215,0.48184818481848185,1,6.25,0.041254125412541254,12248.0,12266.25,18.25,False,1.24,True,1.32,5.0
2023-01-30,long,close_through,0,45,0.38876889848812096,3,60.25,0.5205183585313174,12057.25,11982.5,74.75,True,1.066390041493776,True,1.2987551867219918,5.0
2023-01-31,short,close_through,0,5,0.10540540540540541,1,3.5,0.03783783783783784,12053.75,12071.25,17.5,True,2.5,True,4.428571428571429,5.0
2023-02-01,short,sweep,205,210,0.06167400881057269,2,12.25,0.21585903083700442,12110.5,12161.5,51.0,True,2.3469387755102042,True,0.0,
2023-02-01,long,close_through,20,180,0.43171806167400884,5,60.5,1.066079295154185,12151.25,12076.75,74.5,True,1.0578512396694215,True,1.2272727272727273,5.0
2023-02-02,short,close_through,0,45,0.8316831683168316,2,17.25,0.1707920792079208,12783.25,12832.25,49.0,False,2.217391304347826,True,2.347826086956522,5.0
2023-02-03,short,close_through,5,75,0.15970961887477314,3,46.5,0.16878402903811252,12798.75,12878.0,79.25,True,1.5161290322580645,False,6.252688172043011,5.0
2023-02-06,short,sweep,55,85,0.1368421052631579,4,49.75,0.4189473684210526,12538.5,12608.5,70.0,True,1.065326633165829,False,2.487437185929648,5.0
2023-02-06,long,sweep,0,5,0.14947368421052631,1,0.5,0.004210526315789474,12486.5,12455.75,30.75,True,8.0,False,252.0,5.0
2023-02-07,short,close_through,35,110,0.5242718446601942,2,38.5,0.49838187702265374,12543.25,12594.75,51.5,True,1.1168831168831168,True,1.2597402597402598,5.0
2023-02-07,long,close_through,180,295,0.2297734627831715,7,280.25,3.627831715210356,12749.0,12459.25,289.75,False,1.024085637823372,False,1.272078501338091,5.0
2023-02-08,long,close_through,0,115,1.426356589147287,3,63.75,0.6589147286821705,12589.75,12517.25,72.5,False,1.007843137254902,True,1.5294117647058822,5.0
2023-02-10,long,close_through,85,110,0.3,2,13.5,0.09818181818181818,12271.0,12243.25,27.75,False,1.7037037037037037,False,8.962962962962964,5.0
2023-02-13,short,close_through,15,145,0.6652892561983471,3,9.5,0.07851239669421488,12536.25,12553.5,17.25,False,1.2105263157894737,True,3.789473684210526,5.0
2023-02-15,short,close_through,55,260,0.8391608391608392,5,15.0,0.13986013986013987,12689.5,12721.5,32.0,False,1.7,True,3.25,5.0
2023-02-16,short,close_through,0,35,0.40556660039761433,1,16.75,0.13320079522862824,12646.5,12673.25,26.75,False,1.1940298507462686,True,3.656716417910448,5.0
2023-02-16,long,sweep,300,315,0.16500994035785288,1,2.25,0.017892644135188866,12517.5,12475.75,41.75,True,6.222222222222222,False,10.777777777777779,5.0
2023-02-17,long,close_through,50,95,0.16666666666666666,3,34.25,0.26862745098039215,12330.0,12275.0,55.0,True,1.0583941605839415,True,1.5766423357664234,5.0
2023-02-22,short,sweep,215,220,0.11895910780669144,3,20.25,0.15055762081784388,12125.5,12190.5,65.0,True,1.7901234567901234,False,5.604938271604938,5.0
2023-02-22,long,close_through,0,10,0.04460966542750929,1,20.5,0.1524163568773234,12072.0,12034.0,38.0,True,1.6341463414634145,False,7.414634146341464,5.0
2023-02-23,long,close_through,0,30,0.6578947368421053,1,5.25,0.05526315789473684,12129.0,12102.25,26.75,False,3.0476190476190474,True,0.0,
2023-02-24,long,close_through,10,45,0.10091743119266056,2,22.5,0.20642201834862386,11954.0,11923.0,31.0,True,1.0666666666666667,False,4.044444444444444,5.0
2023-02-27,long,close_through,5,75,0.4894894894894895,1,20.25,0.24324324324324326,12100.75,12065.5,35.25,False,1.308641975308642,True,3.4814814814814814,5.0
2023-02-28,short,close_through,110,215,0.5909090909090909,1,1.5,0.01818181818181818,12156.0,12172.75,16.75,False,5.333333333333333,False,66.66666666666667,5.0
2023-03-06,short,close_through,0,55,0.4631578947368421,4,26.75,0.28157894736842104,12450.25,12486.25,36.0,False,1.1869158878504673,False,6.271028037383178,5.0
2023-03-08,short,close_through,0,15,0.07424593967517401,1,29.25,0.271461716937355,12178.0,12224.0,46.0,True,1.3333333333333333,True,1.5897435897435896,5.0
2023-03-09,long,close_through,135,230,1.2044534412955465,2,32.75,0.2651821862348178,12120.25,12081.25,39.0,False,1.0687022900763359,True,1.1755725190839694,5.0
2023-03-10,short,sweep,40,45,0.006153846153846154,1,16.5,0.10153846153846154,11987.25,12028.5,41.25,True,1.4090909090909092,True,1.6666666666666667,5.0
2023-03-10,long,close_through,175,210,0.4307692307692308,2,27.75,0.17076923076923076,11850.75,11795.0,55.75,False,1.6486486486486487,False,3.7837837837837838,5.0
2023-03-13,short,close_through,25,65,0.43947100712105797,1,34.5,0.14038657171922686,12117.25,12175.75,58.5,False,1.3840579710144927,True,1.4202898550724639,5.0
2023-03-14,short,close_through,0,25,0.1632183908045977,1,13.0,0.11954022988505747,12291.0,12327.25,36.25,True,2.2884615384615383,True,2.2884615384615383,5.0
2023-03-14,long,close_through,215,310,0.296551724137931,2,63.0,0.5793103448275863,12254.75,12168.5,86.25,True,1.1944444444444444,False,2.626984126984127,5.0
2023-03-15,short,close_through,70,95,0.3803191489361702,2,60.0,0.6382978723404256,12218.25,12312.0,93.75,True,1.35,True,1.9291666666666667,5.0
2023-03-15,long,close_through,0,25,0.3191489361702128,2,13.5,0.14361702127659576,12231.0,12152.25,78.75,True,4.2592592592592595,False,17.333333333333332,5.0
2023-03-16,short,close_through,10,95,1.9173553719008265,2,19.25,0.1590909090909091,12614.75,12667.0,52.25,False,1.5324675324675325,True,2.844155844155844,5.0
2023-03-17,long,close_through,0,95,0.7084805653710248,2,48.5,0.34275618374558303,12649.75,12569.5,80.25,False,1.3865979381443299,False,2.4072164948453607,5.0
2023-03-20,short,close_through,15,75,0.6231884057971014,1,33.5,0.32367149758454106,12646.75,12697.5,50.75,False,1.3432835820895523,True,3.7761194029850746,5.0
2023-03-21,long,sweep,5,10,0.004842615012106538,1,7.0,0.06779661016949153,12750.75,12733.5,17.25,True,1.0714285714285714,True,2.9285714285714284,5.0
2023-03-22,short,close_through,65,95,0.07122507122507123,2,20.0,0.22792022792022792,12911.25,12945.25,34.0,True,1.4125,True,3.4,5.0
2023-03-23,short,close_through,10,45,0.651685393258427,2,16.25,0.14606741573033707,12990.25,13031.0,40.75,False,1.3846153846153846,False,17.184615384615384,5.0
2023-03-23,long,close_through,235,270,0.9977528089887641,1,14.0,0.1258426966292135,12826.0,12736.25,89.75,False,5.410714285714286,True,6.5,5.0
2023-03-24,short,sweep,90,95,0.09216589861751152,1,19.75,0.18202764976958524,12786.5,12854.75,68.25,True,2.0632911392405062,True,3.759493670886076,5.0
2023-03-24,long,sweep,40,85,0.07603686635944701,3,71.0,0.6543778801843319,12827.25,12728.0,99.25,True,1.2640845070422535,False,2.232394366197183,5.0
2023-03-27,long,close_through,0,105,1.363905325443787,1,8.75,0.10355029585798817,12798.75,12765.5,33.25,False,2.3714285714285714,False,10.371428571428572,5.0
2023-03-28,long,close_through,0,65,0.22062350119904076,1,53.75,0.5155875299760192,12717.0,12650.0,67.0,True,1.2279069767441861,True,1.3069767441860465,5.0
2023-03-29,short,close_through,175,180,0.0821256038647343,2,12.75,0.2463768115942029,12916.0,12937.0,21.0,True,1.5098039215686274,True,3.215686274509804,5.0
2023-03-29,long,close_through,0,35,0.5120772946859904,3,16.75,0.32367149758454106,12884.75,12854.5,30.25,True,1.4477611940298507,False,7.970149253731344,5.0
2023-03-30,long,close_through,185,200,0.22591362126245848,1,2.25,0.029900332225913623,13029.75,13011.25,18.5,True,3.2222222222222223,False,30.555555555555557,5.0
2023-03-31,short,close_through,0,145,0.9303030303030303,2,6.5,0.07878787878787878,13227.75,13239.5,11.75,False,1.0769230769230769,True,3.9615384615384617,5.0
2023-04-03,long,close_through,20,325,0.6321428571428571,8,95.75,1.3678571428571429,13268.5,13154.0,114.5,False,1.0704960835509139,False,0.0,
2023-04-04,long,close_through,35,80,0.2454780361757106,1,25.25,0.26098191214470284,13248.75,13206.25,42.5,True,1.2574257425742574,True,1.3564356435643565,5.0
2023-04-05,long,close_through,0,60,0.7287234042553191,2,23.75,0.2526595744680851,13055.0,13019.5,35.5,False,1.1263157894736842,True,1.5263157894736843,5.0
2023-04-06,short,close_through,35,145,1.0620347394540943,3,18.75,0.18610421836228289,13129.5,13161.0,31.5,False,1.1466666666666667,True,1.5866666666666667,5.0
2023-04-10,short,close_through,35,85,0.4622356495468278,4,30.5,0.3685800604229607,13051.5,13088.5,37.0,False,1.1967213114754098,True,2.418032786885246,5.0
2023-04-11,long,close_through,10,40,0.13858695652173914,3,16.75,0.18206521739130435,13083.5,13055.75,27.75,True,1.164179104477612,True,1.8805970149253732,5.0
2023-04-12,long,close_through,25,85,0.39285714285714285,5,78.25,0.532312925170068,13071.5,12975.75,95.75,True,1.0191693290734825,True,1.4984025559105432,5.0
2023-04-13,short,close_through,35,320,0.7573839662447257,1,11.0,0.09282700421940929,13203.0,13228.0,25.0,False,1.7045454545454546,False,2.1818181818181817,5.0
2023-04-14,long,sweep,0,5,0.05714285714285714,1,3.75,0.030612244897959183,13144.0,13125.5,18.5,True,1.5333333333333334,True,0.0,
2023-04-17,long,close_through,5,145,0.9077490774907749,6,23.5,0.34686346863468637,13110.0,13076.75,33.25,False,1.202127659574468,False,4.691489361702128,5.0
2023-04-18,long,close_through,0,5,0.07839388145315487,1,16.75,0.12810707456978968,13177.5,13156.75,20.75,True,1.0149253731343284,True,2.1940298507462686,5.0
2023-04-19,short,close_through,5,60,0.5933014354066986,1,10.75,0.20574162679425836,13139.75,13163.75,24.0,False,1.6744186046511629,True,1.8837209302325582,5.0
2023-04-20,short,sweep,0,5,0.05924170616113744,1,9.5,0.09004739336492891,13122.25,13158.0,35.75,True,2.1578947368421053,True,5.394736842105263,5.0
2023-04-20,long,close_through,285,325,0.23222748815165878,4,48.5,0.4597156398104265,13077.0,13021.75,55.25,True,1.0515463917525774,False,0.0,
2023-04-21,short,sweep,70,75,0.15365239294710328,1,6.75,0.06801007556675064,13051.25,13097.0,45.75,True,4.37037037037037,True,4.703703703703703,5.0
2023-04-24,long,close_through,5,125,1.084375,4,34.0,0.425,13013.0,12967.25,45.75,False,1.25,False,2.860294117647059,5.0
2023-04-25,long,close_through,0,15,0.08917197452229299,1,13.0,0.16560509554140126,12965.0,12930.0,35.0,True,2.269230769230769,True,3.0384615384615383,5.0
2023-04-26,short,close_through,35,120,0.6302816901408451,3,31.0,0.43661971830985913,12967.75,13012.25,44.5,False,1.3306451612903225,False,4.685483870967742,5.0
2023-04-26,long,sweep,230,235,0.017605633802816902,4,17.0,0.23943661971830985,12922.75,12895.25,27.5,True,1.0735294117647058,True,1.1470588235294117,5.0
2023-04-27,short,close_through,0,310,2.054140127388535,1,11.0,0.14012738853503184,13234.0,13253.25,19.25,False,1.0454545454545454,False,2.0,5.0
2023-05-01,short,sweep,30,45,0.08205128205128205,3,36.0,0.7384615384615385,13278.75,13332.25,53.5,False,1.2291666666666667,True,1.7847222222222223,5.0
2023-05-02,long,close_through,0,65,0.7575757575757576,2,4.25,0.0367965367965368,13144.75,13110.25,34.5,False,3.1176470588235294,False,21.176470588235293,5.0
2023-05-03,short,sweep,210,215,0.5898617511520737,2,4.75,0.08755760368663594,13215.75,13274.0,58.25,True,1.631578947368421,True,5.7368421052631575,5.0
2023-05-03,long,sweep,30,40,0.0967741935483871,2,11.25,0.2073732718894009,13200.0,13182.5,17.5,True,1.0222222222222221,True,1.3777777777777778,5.0
2023-05-04,short,close_through,35,95,0.2623456790123457,2,44.75,0.5524691358024691,13040.25,13107.25,67.0,True,1.089385474860335,True,1.3016759776536313,5.0
2023-05-05,short,close_through,0,225,0.6284501061571125,2,12.25,0.1040339702760085,13298.5,13316.0,17.5,False,1.2653061224489797,True,1.3265306122448979,5.0
2023-05-08,short,close_through,75,210,0.9030612244897959,2,6.75,0.1377551020408163,13333.5,13354.5,21.0,False,2.4814814814814814,True,9.074074074074074,5.0
2023-05-08,long,close_through,0,10,0.1377551020408163,1,11.25,0.22959183673469388,13279.0,13254.5,24.5,True,1.6888888888888889,False,9.6,5.0
2023-05-09,long,close_through,40,145,0.42441860465116277,4,19.75,0.45930232558139533,13285.25,13256.25,29.0,True,1.3037974683544304,True,1.7721518987341771,5.0
2023-05-10,short,close_through,290,315,0.11555555555555555,1,8.25,0.07333333333333333,13426.5,13446.75,20.25,True,1.5151515151515151,False,4.515151515151516,5.0
2023-05-10,long,sweep,15,35,0.20444444444444446,2,18.25,0.1622222222222222,13344.5,13298.25,46.25,True,1.273972602739726,True,3.9315068493150687,5.0
2023-05-11,short,close_through,55,160,0.4344262295081967,3,17.0,0.2786885245901639,13439.0,13459.75,20.75,False,1.1029411764705883,True,3.7794117647058822,5.0
2023-05-11,long,close_through,0,15,0.1762295081967213,2,32.75,0.5368852459016393,13405.0,13361.5,43.5,True,1.0381679389312977,False,3.030534351145038,5.0
2023-05-12,long,close_through,0,15,0.23529411764705882,1,16.75,0.19705882352941176,13409.75,13382.25,27.5,True,1.1044776119402986,True,2.0597014925373136,5.0
2023-05-15,short,close_through,45,70,0.13355048859934854,2,1.0,0.013029315960912053,13423.5,13438.5,15.0,True,6.75,True,12.25,5.0
2023-05-17,short,sweep,30,50,0.3372093023255814,2,8.75,0.13565891472868216,13522.25,13561.75,39.5,True,1.8571428571428572,True,2.6857142857142855,5.0
2023-05-18,short,close_through,0,10,0.12804878048780488,1,16.0,0.13008130081300814,13765.0,13791.5,26.5,True,1.53125,True,1.96875,5.0
2023-05-19,long,close_through,40,170,0.5985130111524164,3,41.25,0.6133828996282528,13874.25,13821.5,52.75,True,1.2242424242424241,True,1.2363636363636363,5.0
2023-05-23,long,close_through,125,315,2.013452914798206,1,34.0,0.6098654708520179,13749.75,13710.0,39.75,False,1.036764705882353,False,1.1691176470588236,5.0
2023-05-24,long,close_through,10,35,0.21910112359550563,1,2.25,0.025280898876404494,13587.75,13566.5,21.25,True,4.0,False,56.44444444444444,5.0
2023-05-25,short,close_through,40,240,0.5720524017467249,2,25.0,0.2183406113537118,13973.75,14031.25,57.5,False,1.4,False,2.7,5.0
2023-05-26,short,close_through,0,165,0.6925098554533509,1,4.25,0.022339027595269383,14323.75,14336.75,13.0,False,2.588235294117647,True,9.529411764705882,5.0
2023-05-30,long,sweep,130,135,0.04231974921630094,2,8.75,0.054858934169279,14423.75,14393.25,30.5,True,1.8571428571428572,True,4.6,5.0
2023-05-31,long,close_through,45,75,0.15579710144927536,2,26.25,0.19021739130434784,14287.5,14252.75,34.75,True,1.1238095238095238,True,1.9714285714285715,5.0
2023-06-01,short,close_through,10,175,1.4555555555555555,1,15.75,0.175,14453.5,14473.0,19.5,False,1.1587301587301588,True,1.6825396825396826,5.0
2023-06-05,short,close_through,15,90,0.4319526627218935,4,24.0,0.28402366863905326,14651.0,14688.75,37.75,True,1.3020833333333333,True,1.40625,5.0
2023-06-06,short,close_through,15,55,0.32362459546925565,3,38.5,0.49838187702265374,14562.25,14606.75,44.5,True,1.0064935064935066,True,1.0649350649350648,5.0
2023-06-07,long,close_through,5,205,1.325217391304348,2,29.25,0.20347826086956522,14374.5,14340.75,33.75,False,1.0683760683760684,True,2.2393162393162394,5.0
2023-06-08,short,sweep,0,5,0.047244094488188976,1,3.25,0.03412073490813648,14408.0,14427.75,19.75,True,2.769230769230769,True,0.0,
2023-06-09,long,close_through,55,135,0.46551724137931033,1,18.0,0.13793103448275862,14544.5,14496.25,48.25,False,1.9444444444444444,False,5.875,5.0
2023-06-12,short,close_through,15,25,0.24434389140271492,3,20.5,0.37104072398190047,14798.25,14832.75,34.5,True,1.1951219512195121,True,1.8780487804878048,5.0
2023-06-14,short,close_through,10,30,0.050314465408805034,3,23.0,0.1928721174004193,15144.75,15177.75,33.0,True,1.0108695652173914,True,1.3043478260869565,5.0
2023-06-14,long,close_through,210,250,0.6415094339622641,4,111.25,0.9329140461215933,15141.0,14976.0,165.0,True,1.0112359550561798,False,1.6606741573033708,5.0
2023-06-15,short,close_through,15,160,0.34831460674157305,4,47.75,0.30658105939004815,15265.5,15324.5,59.0,True,1.0104712041884816,True,1.0837696335078535,5.0
2023-06-16,long,sweep,55,140,0.06140350877192982,3,65.0,0.45614035087719296,15410.75,15324.25,86.5,True,1.0384615384615385,True,1.0692307692307692,5.0
2023-06-21,long,close_through,10,55,0.5148342059336823,1,15.5,0.1082024432809773,15046.5,15002.25,44.25,False,2.7419354838709675,False,9.403225806451612,5.0
2023-06-22,short,close_through,70,150,0.17297297297297298,4,68.0,0.3675675675675676,15087.5,15181.0,93.5,True,1.3235294117647058,True,1.3970588235294117,5.0
2023-06-23,short,close_through,105,220,0.6585365853658537,6,42.5,0.4146341463414634,15105.75,15155.25,49.5,False,1.0058823529411764,False,2.7823529411764705,5.0
2023-06-26,long,close_through,35,245,1.140625,5,45.75,0.357421875,14946.0,14878.5,67.5,False,1.3169398907103824,True,1.3825136612021858,5.0
2023-06-27,short,close_through,55,105,0.46703296703296704,1,7.75,0.08516483516483517,15009.5,15021.5,12.0,False,1.032258064516129,True,1.6774193548387097,5.0
2023-06-28,short,close_through,0,25,0.5241090146750524,1,19.5,0.16352201257861634,15178.0,15207.25,29.25,False,1.2179487179487178,True,4.487179487179487,5.0
2023-06-29,long,sweep,15,30,0.06164383561643835,2,26.5,0.2420091324200913,15081.0,15028.5,52.5,True,1.1226415094339623,False,3.339622641509434,5.0
2023-07-05,short,close_through,5,10,0.0648854961832061,2,15.0,0.11450381679389313,15407.5,15432.0,24.5,True,1.1666666666666667,False,6.716666666666667,5.0
2023-07-06,short,close_through,125,175,0.17274939172749393,3,16.0,0.15571776155717762,15211.5,15232.0,20.5,True,1.171875,True,2.4375,5.0
2023-07-07,short,close_through,85,195,0.9159663865546218,2,14.75,0.16526610644257703,15343.25,15359.75,16.5,False,1.0169491525423728,False,12.610169491525424,5.0
2023-07-07,long,close_through,0,15,0.10364145658263306,1,31.25,0.35014005602240894,15225.25,15179.5,45.75,True,1.296,True,5.6,5.0
2023-07-10,long,close_through,90,135,0.172147001934236,4,66.25,0.5125725338491296,15138.5,15063.25,75.25,True,1.0528301886792453,False,1.8679245283018868,5.0
2023-07-11,short,close_through,85,230,0.13306451612903225,4,73.25,0.5907258064516129,15168.0,15250.0,82.0,True,1.0273037542662116,True,1.1774744027303754,5.0
2023-07-12,long,close_through,65,120,0.6498740554156172,2,29.75,0.29974811083123426,15407.0,15344.0,63.0,False,1.5546218487394958,False,3.9411764705882355,5.0
2023-07-13,short,close_through,70,325,1.7292418772563176,2,28.0,0.4043321299638989,15706.0,15741.25,35.25,False,1.2142857142857142,False,0.0,
2023-07-14,long,close_through,235,325,0.430939226519337,3,15.25,0.11233885819521179,15703.0,15663.0,40.0,False,1.901639344262295,False,0.0,
2023-07-17,short,close_through,55,105,0.4054982817869416,1,14.25,0.1958762886597938,15788.5,15811.0,22.5,False,1.3333333333333333,True,3.3157894736842106,5.0
2023-07-18,short,close_through,70,310,2.575301204819277,2,18.5,0.22289156626506024,15995.75,16029.75,34.0,False,1.2567567567567568,False,2.635135135135135,5.0
2023-07-19,short,close_through,10,105,0.39015151515151514,1,9.75,0.14772727272727273,16016.0,16062.75,46.75,True,1.9487179487179487,False,12.692307692307692,5.0
2023-07-19,long,close_through,115,195,0.6666666666666666,3,21.75,0.32954545454545453,15953.5,15927.0,26.5,False,1.0114942528735633,True,1.3908045977011494,5.0
2023-07-20,long,close_through,0,30,0.3071786310517529,2,53.75,0.3589315525876461,15756.0,15699.25,56.75,True,1.027906976744186,True,1.5674418604651164,5.0
2023-07-25,short,close_through,65,215,0.4378698224852071,5,17.75,0.21005917159763313,15687.5,15709.25,21.75,False,1.0845070422535212,True,1.1549295774647887,5.0
2023-07-26,short,close_through,245,275,0.6177474402730375,3,104.75,1.4300341296928327,15545.0,15684.5,139.5,False,1.1503579952267302,False,1.3914081145584725,5.0
2023-07-26,long,close_through,20,245,0.6962457337883959,3,66.0,0.9010238907849829,15659.0,15515.0,144.0,False,1.8409090909090908,False,2.227272727272727,5.0
2023-07-28,short,close_through,0,20,0.07488986784140969,1,38.75,0.34140969162995594,15790.5,15837.75,47.25,True,1.1806451612903226,True,1.2774193548387096,5.0
2023-07-31,long,sweep,315,320,0.05012531328320802,1,12.0,0.12030075187969924,15830.5,15800.25,30.25,True,2.0416666666666665,False,4.8125,5.0
2023-08-01,short,close_through,10,30,0.2442528735632184,1,16.25,0.1867816091954023,15804.25,15836.5,32.25,True,1.2461538461538462,True,2.8615384615384616,5.0
2023-08-02,long,close_through,15,225,0.7660311958405546,7,78.75,0.5459272097053726,15511.5,15414.0,97.5,False,1.0507936507936508,False,1.0444444444444445,5.0
2023-08-03,short,close_through,45,85,0.16883116883116883,4,17.75,0.15367965367965367,15453.25,15486.25,33.0,True,1.323943661971831,True,1.971830985915493,5.0
2023-08-04,short,close_through,115,150,0.1402359108781127,2,21.5,0.1127129750982962,15582.25,15610.25,28.0,True,1.2093023255813953,False,12.63953488372093,5.0
2023-08-04,long,close_through,245,280,0.17693315858453473,3,19.75,0.10353866317169069,15400.0,15359.0,41.0,True,1.3164556962025316,True,1.7721518987341771,5.0
2023-08-07,long,close_through,35,65,0.1956989247311828,1,3.0,0.025806451612903226,15362.75,15334.25,28.5,True,1.9166666666666667,False,44.75,5.0
2023-08-08,long,close_through,25,65,0.16974169741697417,2,34.0,0.25092250922509224,15264.75,15221.0,43.75,True,1.0514705882352942,True,1.0808823529411764,5.0
2023-08-09,long,close_through,10,100,0.9955056179775281,4,27.75,0.24943820224719102,15193.75,15146.5,47.25,False,1.1981981981981982,False,5.261261261261262,5.0
2023-08-10,long,close_through,50,60,0.0695266272189349,3,29.75,0.1760355029585799,15317.0,15261.5,55.5,True,1.5210084033613445,True,1.8319327731092436,5.0
2023-08-11,long,close_through,60,100,0.12065439672801637,6,68.75,0.5623721881390593,15110.75,15037.25,73.5,True,1.0145454545454546,False,1.410909090909091,5.0
2023-08-15,long,sweep,0,10,0.037606837606837605,1,20.25,0.13846153846153847,15137.0,15107.5,29.5,True,1.0123456790123457,True,4.518518518518518,5.0
2023-08-16,long,close_through,80,120,0.4838709677419355,1,10.5,0.11290322580645161,15022.25,15006.0,16.25,False,1.0714285714285714,True,2.9047619047619047,5.0
2023-08-17,long,close_through,0,15,0.20119521912350596,1,24.25,0.19322709163346613,14891.75,14856.75,35.0,True,1.1855670103092784,True,3.8969072164948453,5.0
2023-08-18,short,close_through,10,55,0.2022792022792023,1,19.25,0.21937321937321938,14671.0,14714.75,43.75,True,1.3766233766233766,True,2.5714285714285716,5.0
2023-08-21,short,close_through,175,325,0.639763779527559,3,15.5,0.1220472440944882,14987.0,15013.75,26.75,False,1.1935483870967742,False,0.0,
2023-08-21,long,close_through,40,100,0.13188976377952755,2,35.75,0.281496062992126,14835.75,14788.75,47.0,True,1.132867132867133,False,6.111888111888112,5.0
2023-08-22,long,close_through,0,20,0.30158730158730157,1,35.25,0.373015873015873,15037.5,14969.25,68.25,True,1.7446808510638299,True,2.2411347517730498,5.0
2023-08-23,short,close_through,10,220,0.6701030927835051,2,15.5,0.10652920962199312,15213.75,15242.5,28.75,False,1.5483870967741935,False,3.467741935483871,5.0
2023-08-24,long,close_through,0,5,0.0830223880597015,1,8.25,0.030783582089552237,15074.75,15049.5,25.25,True,1.2121212121212122,True,0.0,
2023-08-25,long,close_through,0,125,0.6615384615384615,6,128.25,0.7174825174825175,14889.5,14751.75,137.75,True,1.0116959064327486,False,2.0838206627680314,5.0
2023-08-28,long,close_through,20,130,0.1721311475409836,2,36.0,0.29508196721311475,15037.75,14983.5,54.25,True,1.1597222222222223,False,3.173611111111111,5.0
2023-08-29,short,close_through,0,200,0.4398296059637913,2,14.5,0.0617678381256656,15375.75,15400.75,25.0,False,1.1551724137931034,True,2.396551724137931,5.0
2023-08-30,short,close_through,105,125,0.11531190926275993,2,13.25,0.1001890359168242,15502.25,15522.5,20.25,True,1.2452830188679245,True,1.3396226415094339,5.0
2023-08-31,short,close_through,0,10,0.11848341232227488,2,11.0,0.10426540284360189,15587.75,15606.75,19.0,True,1.5454545454545454,False,10.159090909090908,5.0
2023-09-01,long,close_through,25,95,0.2905844155844156,2,9.5,0.06168831168831169,15475.0,15454.0,21.0,False,1.7894736842105263,False,7.2894736842105265,5.0
2023-09-05,short,close_through,15,65,0.6625386996904025,2,48.5,0.6006191950464397,15512.0,15577.0,65.0,True,1.1443298969072164,True,1.3298969072164948,5.0
2023-09-07,short,close_through,10,225,0.6227544910179641,1,12.5,0.1497005988023952,15276.5,15293.0,16.5,False,1.28,True,3.72,5.0
2023-09-11,short,close_through,180,250,0.3219178082191781,1,2.5,0.0228310502283105,15671.0,15682.0,11.0,False,2.3,True,4.0,5.0
2023-09-12,long,close_through,0,90,0.8089171974522293,1,30.5,0.3885350318471338,15571.0,15516.75,54.25,False,1.2950819672131149,True,2.762295081967213,5.0
2023-09-13,short,close_through,10,80,0.3939393939393939,2,21.75,0.20279720279720279,15555.5,15603.75,48.25,True,1.6896551724137931,True,1.8160919540229885,5.0
2023-09-14,short,close_through,10,65,0.5197215777262181,2,31.0,0.2877030162412993,15648.0,15694.75,46.75,False,1.1935483870967742,True,1.8709677419354838,5.0
2023-09-15,long,close_through,15,70,0.3617693522906793,1,12.25,0.07740916271721959,15439.75,15412.0,27.75,False,1.7551020408163265,True,4.061224489795919,5.0
2023-09-18,short,close_through,60,95,0.13471502590673576,2,9.25,0.09585492227979274,15434.0,15452.5,18.5,True,1.5135135135135136,True,2.3783783783783785,5.0
2023-09-19,short,close_through,195,215,0.10723192019950124,1,2.75,0.02743142144638404,15369.0,15384.0,15.0,True,2.5454545454545454,True,5.545454545454546,5.0
2023-09-19,long,close_through,5,145,0.24438902743142144,2,46.25,0.4613466334164589,15303.0,15248.5,54.5,True,1.054054054054054,False,3.324324324324324,5.0
2023-09-20,long,close_through,25,75,0.4377104377104377,1,11.0,0.14814814814814814,15357.5,15328.5,29.0,False,2.3863636363636362,True,5.045454545454546,5.0
2023-09-22,short,close_through,0,45,0.7006578947368421,3,15.25,0.20065789473684212,14990.5,15017.25,26.75,False,1.2459016393442623,True,1.7868852459016393,5.0
2023-09-22,long,close_through,220,275,0.28618421052631576,5,46.25,0.6085526315789473,14956.0,14866.25,89.75,True,1.7513513513513514,True,2.2432432432432434,5.0
2023-09-25,short,close_through,45,90,0.2324561403508772,1,14.25,0.125,14889.25,14923.0,33.75,True,1.736842105263158,True,2.1052631578947367,5.0
2023-09-26,long,sweep,95,100,0.018480492813141684,1,9.5,0.07802874743326489,14755.75,14722.25,33.5,True,2.8421052631578947,True,5.815789473684211,5.0
2023-09-27,short,sweep,280,310,0.155,2,51.75,0.5175,14710.75,14821.5,110.75,True,1.5555555555555556,False,1.6956521739130435,5.0
2023-09-27,long,close_through,20,115,0.6275,1,10.0,0.1,14662.0,14643.25,18.75,False,1.625,True,3.925,5.0
2023-09-28,short,close_through,15,135,1.5119305856832972,1,31.5,0.27331887201735355,14902.75,14947.5,44.75,False,1.2777777777777777,False,4.182539682539683,5.0
2023-09-29,long,close_through,45,85,0.6859504132231405,2,7.0,0.07713498622589532,14940.5,14907.75,32.75,False,2.1785714285714284,True,5.785714285714286,5.0
2023-10-02,short,close_through,45,75,0.3719723183391003,3,84.75,0.5865051903114187,14951.25,15046.0,94.75,True,1.0530973451327434,False,2.079646017699115,5.0
2023-10-03,long,close_through,0,90,0.29534313725490197,2,19.0,0.09313725490196079,14753.0,14710.5,42.5,False,2.0921052631578947,True,3.776315789473684,5.0
2023-10-04,short,close_through,10,175,0.645,3,50.5,0.505,14834.75,14899.0,64.25,False,1.198019801980198,True,1.806930693069307,5.0
2023-10-05,long,close_through,5,40,0.2898773006134969,1,14.25,0.08742331288343558,14741.0,14716.25,24.75,False,1.1228070175438596,False,12.771929824561404,5.0
2023-10-06,short,close_through,0,195,1.780701754385965,1,9.25,0.06491228070175438,15085.5,15098.5,13.0,False,1.2162162162162162,True,1.7567567567567568,5.0
2023-10-09,short,close_through,95,130,0.24520255863539445,2,26.5,0.2260127931769723,15053.5,15095.5,42.0,True,1.1037735849056605,True,1.349056603773585,5.0
2023-10-10,short,close_through,0,90,0.7695652173913043,1,4.25,0.03695652173913044,15366.0,15383.5,17.5,False,2.411764705882353,False,28.470588235294116,5.0
2023-10-12,short,sweep,50,55,0.06315789473684211,3,36.5,0.38421052631578945,15418.25,15467.0,48.75,True,1.0136986301369864,True,1.2602739726027397,5.0
2023-10-12,long,close_through,155,285,1.5763157894736841,5,68.75,0.7236842105263158,15313.0,15216.25,96.75,False,1.1963636363636363,False,1.5127272727272727,5.0
2023-10-13,long,close_through,0,110,1.5621890547263682,4,52.75,0.5248756218905473,15173.25,15109.25,64.0,False,1.028436018957346,True,1.5497630331753554,5.0
2023-10-16,short,close_through,0,20,0.19165085388994307,1,10.25,0.0777988614800759,15290.25,15325.75,35.5,True,1.7560975609756098,True,9.390243902439025,5.0
2023-10-17,short,close_through,5,135,0.6818181818181818,2,21.75,0.14123376623376624,15284.75,15309.25,24.5,False,1.0689655172413792,False,5.9655172413793105,5.0
2023-10-18,long,close_through,5,45,0.2818627450980392,2,30.75,0.3014705882352941,15135.25,15093.0,42.25,True,1.2439024390243902,True,2.6097560975609757,5.0
2023-10-19,short,close_through,90,115,0.2759433962264151,2,71.5,0.6745283018867925,15036.75,15138.25,101.5,True,1.0944055944055944,False,3.674825174825175,5.0
2023-10-20,long,close_through,0,75,0.7952286282306164,5,35.5,0.2823061630218688,14709.5,14660.25,49.25,False,1.0492957746478873,True,3.6901408450704225,5.0
2023-10-23,short,close_through,10,240,0.9567723342939481,3,71.25,0.4106628242074928,14766.75,14853.75,87.0,False,1.1859649122807017,False,2.1333333333333333,5.0
2023-10-24,short,close_through,0,20,0.3131868131868132,1,15.0,0.16483516483516483,14838.25,14878.0,39.75,True,2.183333333333333,False,11.0,5.0
2023-10-24,long,close_through,110,250,0.5769230769230769,11,109.5,1.2032967032967032,14828.0,14706.0,122.0,True,1.0570776255707763,False,1.356164383561644,5.0
2023-10-25,long,close_through,70,295,0.9540983606557377,3,27.25,0.17868852459016393,14487.75,14451.25,36.5,False,1.128440366972477,False,1.7339449541284404,5.0
2023-10-26,long,sweep,5,10,0.01453104359313078,2,42.25,0.22324966974900926,14321.25,14267.0,54.25,True,1.0769230769230769,True,2.5857988165680474,5.0
2023-10-27,short,close_through,40,130,0.4872611464968153,4,61.25,0.7802547770700637,14329.5,14407.75,78.25,True,1.089795918367347,False,3.0448979591836736,5.0
2023-10-27,long,close_through,10,25,0.21656050955414013,2,52.0,0.6624203821656051,14336.75,14274.0,62.75,True,1.1442307692307692,True,2.5096153846153846,5.0
2023-10-30,long,close_through,0,20,0.1680960548885077,3,28.5,0.1955403087478559,14361.5,14306.25,55.25,True,1.6929824561403508,False,5.5701754385964914,5.0
2023-10-31,short,sweep,20,50,0.04680851063829787,1,33.25,0.28297872340425534,14393.5,14434.25,40.75,True,1.0300751879699248,True,1.849624060150376,5.0
2023-11-01,short,close_through,0,20,0.08924949290060852,2,13.75,0.11156186612576065,14618.75,14649.5,30.75,True,1.7454545454545454,True,5.8545454545454545,5.0
2023-11-03,short,close_through,105,160,0.25661914460285135,3,9.5,0.07739307535641547,15174.25,15194.75,20.5,False,1.6842105263157894,True,3.5526315789473686,5.0
2023-11-06,long,sweep,140,145,0.041379310344827586,4,10.25,0.1413793103448276,15205.5,15182.0,23.5,True,1.2682926829268293,True,1.3658536585365855,5.0
2023-11-07,short,close_through,0,75,0.4864864864864865,4,24.25,0.20166320166320167,15367.75,15402.75,35.0,False,1.2577319587628866,True,2.845360824742268,5.0
2023-11-08,long,sweep,10,15,0.05787781350482315,1,10.75,0.1382636655948553,15359.0,15335.25,23.75,True,1.441860465116279,True,2.2325581395348837,5.0
2023-11-09,short,close_through,80,100,0.2616822429906542,3,35.5,0.4423676012461059,15410.75,15453.75,43.0,True,1.0352112676056338,False,5.936619718309859,5.0
2023-11-09,long,sweep,0,5,0.08099688473520249,1,8.75,0.10903426791277258,15366.75,15346.0,20.75,True,1.4285714285714286,True,11.371428571428572,5.0
2023-11-10,short,close_through,30,155,1.7331378299120235,1,15.5,0.18181818181818182,15512.75,15538.5,25.75,False,1.532258064516129,True,2.2419354838709675,5.0
2023-11-13,short,close_through,15,95,0.6847457627118644,2,15.5,0.21016949152542372,15558.5,15589.5,31.0,False,1.4193548387096775,False,2.838709677419355,5.0
2023-11-14,short,close_through,0,20,0.15938303341902313,2,5.5,0.056555269922879174,15884.0,15903.0,19.0,True,2.0,True,13.272727272727273,5.0
2023-11-15,short,sweep,20,70,0.05555555555555555,3,33.5,0.4962962962962963,15912.5,15977.25,64.75,True,1.5746268656716418,False,3.962686567164179,5.0
2023-11-15,long,close_through,70,115,0.32592592592592595,1,4.0,0.05925925925925926,15906.5,15884.0,22.5,True,2.1875,True,4.8125,5.0
2023-11-16,long,close_through,10,75,0.35403726708074534,1,12.5,0.15527950310559005,15837.5,15796.75,40.75,True,2.18,False,7.72,5.0
2023-11-17,short,close_through,90,195,0.7395348837209302,1,11.5,0.21395348837209302,15903.0,15920.5,17.5,False,1.2173913043478262,True,2.108695652173913,5.0
2023-11-17,long,sweep,35,85,0.037209302325581395,2,29.0,0.5395348837209303,15879.75,15825.0,54.75,True,1.3879310344827587,False,3.4655172413793105,5.0
2023-11-20,short,close_through,30,75,0.17674418604651163,2,7.25,0.06744186046511629,16008.75,16021.25,12.5,False,1.3448275862068966,True,2.0689655172413794,5.0
2023-11-21,long,sweep,0,10,0.053164556962025315,1,2.0,0.020253164556962026,15936.75,15916.75,20.0,True,5.875,False,38.125,5.0
2023-11-27,short,sweep,25,30,0.015625,2,7.5,0.09375,16027.0,16051.5,24.5,True,2.2666666666666666,True,5.033333333333333,5.0
2023-11-28,short,close_through,5,150,1.3061224489795917,7,54.5,1.1122448979591837,15997.25,16071.5,74.25,True,1.3073394495412844,False,1.8394495412844036,5.0
2023-11-30,long,close_through,5,95,0.4369114877589454,3,21.0,0.15819209039548024,15894.5,15860.75,33.75,False,1.3333333333333333,True,2.1666666666666665,5.0
2023-12-01,short,close_through,40,175,0.9611111111111111,4,28.0,0.3111111111111111,16009.0,16050.0,41.0,False,1.2232142857142858,False,2.0535714285714284,5.0
2023-12-04,long,close_through,0,40,0.19653179190751446,2,23.0,0.17726396917148363,15747.75,15721.25,26.5,True,1.0326086956521738,False,7.032608695652174,5.0
2023-12-05,short,close_through,15,45,0.15798045602605862,5,61.75,0.4022801302931596,15869.75,15961.0,91.25,True,1.3522267206477734,False,2.0364372469635628,5.0
2023-12-06,long,close_through,60,75,0.07561728395061729,1,11.75,0.07253086419753087,15883.25,15863.5,19.75,True,1.127659574468085,True,4.659574468085107,5.0
2023-12-07,short,close_through,0,45,0.1278538812785388,1,9.75,0.08904109589041095,15942.75,16011.0,68.25,True,6.102564102564102,True,6.461538461538462,5.0
2023-12-11,short,close_through,15,35,0.23820754716981132,2,36.75,0.3466981132075472,16366.25,16412.75,46.5,True,1.1360544217687074,True,2.0136054421768708,5.0
2023-12-12,short,close_through,25,55,0.2853333333333333,3,18.0,0.192,16495.5,16517.0,21.5,False,1.0277777777777777,True,2.7222222222222223,5.0
2023-12-13,short,close_through,210,280,2.4875,3,46.5,0.775,16754.0,16806.5,52.5,False,1.053763440860215,False,2.60752688172043,5.0
2023-12-13,long,close_through,90,180,0.3541666666666667,1,7.5,0.125,16585.25,16576.0,9.25,False,1.0333333333333334,False,30.533333333333335,5.0
2023-12-14,long,close_through,0,20,0.21095890410958903,1,34.25,0.37534246575342467,16809.75,16766.75,43.0,True,1.1532846715328466,True,1.467153284671533,5.0
2023-12-15,long,close_through,190,225,0.20348837209302326,1,20.0,0.23255813953488372,16808.5,16762.5,46.0,True,1.5375,False,4.5,5.0
2023-12-18,short,close_through,60,85,0.1267123287671233,1,6.0,0.0821917808219178,16905.0,16914.75,9.75,True,1.1666666666666667,True,0.0,
2023-12-19,short,close_through,0,10,0.18309859154929578,1,6.75,0.1267605633802817,16975.25,17007.5,32.25,True,3.3703703703703702,True,4.666666666666667,5.0
2023-12-20,short,close_through,0,15,0.2275449101796407,1,11.0,0.1317365269461078,17050.0,17073.5,23.5,True,1.2045454545454546,False,27.545454545454547,5.0
2023-12-20,long,close_through,245,310,2.2604790419161676,1,16.0,0.19161676646706588,16819.75,16782.25,37.5,False,2.125,True,3.0625,5.0
2023-12-21,long,close_through,95,150,0.15800865800865802,1,11.25,0.09740259740259741,16862.5,16825.0,37.5,True,2.4,True,2.888888888888889,5.0
2023-12-22,long,close_through,30,115,0.40669856459330145,1,5.25,0.10047846889952153,16989.75,16968.0,21.75,True,2.9047619047619047,True,8.904761904761905,5.0
2023-12-26,short,close_through,5,15,0.06796116504854369,2,13.75,0.2669902912621359,17043.5,17060.5,17.0,True,1.018181818181818,True,2.5454545454545454,5.0
2023-12-27,short,sweep,160,210,0.04332129963898917,4,33.75,0.48736462093862815,17070.25,17127.75,57.5,True,1.1185185185185185,False,1.4,5.0
2023-12-28,long,close_through,150,310,0.24444444444444444,1,11.75,0.2088888888888889,17114.5,17089.0,25.5,True,1.4042553191489362,True,1.425531914893617,5.0
2023-12-29,long,close_through,0,195,4.014814814814815,5,77.5,2.2962962962962963,17034.75,16938.25,96.5,False,1.1774193548387097,False,1.3709677419354838,5.0
2024-01-02,long,close_through,0,30,0.2025518341307815,1,25.5,0.16267942583732056,16731.0,16685.0,46.0,True,1.607843137254902,True,3.8333333333333335,5.0
2024-01-03,long,close_through,5,25,0.12886597938144329,2,31.25,0.32216494845360827,16595.25,16544.0,51.25,True,1.504,True,2.28,5.0
2024-01-04,short,close_through,15,85,0.5611111111111111,5,50.25,0.5583333333333333,16523.0,16583.75,60.75,True,1.044776119402985,False,2.7761194029850746,5.0
2024-01-05,short,close_through,0,45,0.18683651804670912,2,9.5,0.08067940552016985,16537.0,16577.25,40.25,True,2.8157894736842106,False,16.842105263157894,5.0
2024-01-05,long,close_through,165,175,0.06157112526539278,2,22.0,0.18683651804670912,16471.0,16430.25,40.75,True,1.7386363636363635,True,3.5,5.0
2024-01-08,short,close_through,0,40,0.210431654676259,1,0.75,0.00539568345323741,16651.5,16673.75,22.25,False,7.0,True,18.666666666666668,5.0
2024-01-09,short,close_through,5,25,0.05491329479768786,1,3.0,0.03468208092485549,16733.75,16751.75,18.0,True,4.833333333333333,True,0.0,
2024-01-10,short,close_through,10,40,0.32413793103448274,1,10.75,0.1482758620689655,16867.25,16897.5,30.25,True,2.372093023255814,True,3.488372093023256,5.0
2024-01-11,long,close_through,40,100,0.3264840182648402,4,34.75,0.158675799086758,16811.0,16753.0,58.0,False,1.1870503597122302,False,6.158273381294964,5.0
2024-01-12,long,close_through,15,35,0.20279720279720279,2,49.25,0.4592074592074592,16976.75,16913.5,63.25,True,1.1472081218274113,False,1.532994923857868,5.0
2024-01-16,short,close_through,0,30,0.20168067226890757,3,33.5,0.22521008403361345,16963.75,17033.75,70.0,True,1.955223880597015,False,4.992537313432836,5.0
2024-01-18,short,close_through,5,30,0.375,4,44.5,0.6544117647058824,17028.5,17079.75,51.25,True,1.1123595505617978,True,1.1348314606741574,5.0
2024-01-18,long,close_through,150,180,0.6433823529411765,3,22.25,0.3272058823529412,16985.0,16942.5,42.5,False,1.2134831460674158,False,7.53932584269663,5.0
2024-01-19,short,close_through,25,240,3.0789473684210527,2,1.0,0.015037593984962405,17402.0,17437.5,35.5,False,13.25,True,29.75,5.0
2024-01-22,long,close_through,0,5,0.24815724815724816,1,15.25,0.14987714987714987,17489.5,17458.0,31.5,True,1.098360655737705,True,1.1311475409836065,5.0
2024-01-24,short,close_through,0,35,0.5644171779141104,3,47.0,0.5766871165644172,17712.0,17765.0,53.0,True,1.0797872340425532,True,1.5851063829787233,5.0
2024-01-24,long,close_through,230,305,0.3128834355828221,1,23.0,0.2822085889570552,17649.75,17612.0,37.75,True,1.423913043478261,True,2.108695652173913,5.0
2024-01-25,long,close_through,120,190,0.5672514619883041,1,21.0,0.24561403508771928,17635.25,17600.75,34.5,False,1.3214285714285714,True,1.7976190476190477,5.0
2024-01-26,short,close_through,0,65,0.6089743589743589,4,36.5,0.46794871794871795,17585.0,17629.5,44.5,False,1.1369863013698631,True,1.356164383561644,5.0
2024-01-26,long,sweep,200,250,0.00641025641025641,4,34.5,0.4423076923076923,17556.75,17503.5,53.25,True,1.355072463768116,False,1.8478260869565217,5.0
2024-01-29,short,close_through,90,135,0.45217391304347826,2,10.25,0.1782608695652174,17590.0,17609.5,19.5,False,1.4390243902439024,True,2.5853658536585367,5.0
2024-01-29,long,sweep,30,45,0.10869565217391304,1,16.0,0.2782608695652174,17555.25,17519.75,35.5,True,1.59375,False,11.65625,5.0
2024-01-30,long,close_through,105,165,0.9084249084249084,3,21.5,0.315018315018315,17585.0,17554.5,30.5,False,1.2209302325581395,True,2.011627906976744,5.0
2024-01-31,short,close_through,245,270,0.5299539170506913,5,131.5,1.2119815668202765,17289.0,17484.0,195.0,False,1.285171102661597,False,1.7300380228136882,5.0
2024-01-31,long,close_through,0,30,0.31797235023041476,2,32.5,0.2995391705069124,17324.75,17283.5,41.25,True,1.023076923076923,True,5.923076923076923,5.0
2024-02-01,long,sweep,30,95,0.060453400503778336,7,97.5,0.982367758186398,17384.5,17264.0,120.5,False,1.1666666666666667,False,1.8717948717948718,5.0
2024-02-02,short,close_through,10,130,0.8359621451104101,1,30.75,0.19400630914826497,17682.75,17756.5,73.75,False,2.1463414634146343,True,2.7398373983739837,5.0
2024-02-05,short,close_through,245,280,0.06043956043956044,6,49.75,0.36446886446886445,17684.5,17745.5,61.0,True,1.1658291457286432,False,1.3869346733668342,5.0
2024-02-05,long,close_through,5,45,0.34065934065934067,3,60.75,0.44505494505494503,17626.75,17554.25,72.5,True,1.008230452674897,False,2.962962962962963,5.0
2024-02-06,long,close_through,75,115,0.22123893805309736,1,6.0,0.035398230088495575,17604.75,17560.75,44.0,True,5.166666666666667,False,15.0,5.0
2024-02-08,short,close_through,15,55,0.4870689655172414,1,6.75,0.11637931034482758,17863.5,17894.25,30.75,True,2.888888888888889,True,3.5925925925925926,5.0
2024-02-09,short,close_through,0,45,0.39841688654353563,1,3.75,0.0395778364116095,17995.75,18007.5,11.75,False,1.0666666666666667,True,8.733333333333333,5.0
2024-02-12,short,close_through,5,175,1.6114285714285714,4,42.0,0.96,18055.0,18121.5,66.5,False,1.375,False,4.2023809523809526,5.0
2024-02-13,short,close_through,0,25,0.3141025641025641,3,39.25,0.2516025641025641,17726.75,17791.75,65.0,True,1.394904458598726,False,6.101910828025478,5.0
2024-02-13,long,close_through,260,295,0.28685897435897434,2,16.25,0.10416666666666667,17574.0,17542.0,32.0,False,1.2923076923076924,False,7.892307692307693,5.0
2024-02-14,long,close_through,30,50,0.375,1,8.5,0.08173076923076923,17756.5,17704.0,52.5,True,4.0588235294117645,True,5.4411764705882355,5.0
2024-02-15,short,close_through,165,190,0.28,2,9.25,0.08705882352941176,17905.0,17933.0,28.0,False,1.8918918918918919,False,5.351351351351352,5.0
2024-02-15,long,close_through,35,100,0.15529411764705883,3,60.5,0.5694117647058824,17848.25,17780.5,67.75,True,1.0165289256198347,False,2.4173553719008263,5.0
2024-02-20,long,sweep,0,5,0.09750566893424037,1,2.5,0.011337868480725623,17512.25,17482.0,30.25,True,2.5,True,36.9,5.0
2024-02-21,long,close_through,100,135,0.16828478964401294,1,13.25,0.1715210355987055,17461.75,17435.25,26.5,True,1.3018867924528301,True,2.9245283018867925,5.0
2024-02-22,short,sweep,5,10,0.04470588235294118,1,11.0,0.10352941176470588,17934.25,17975.0,40.75,True,3.1136363636363638,True,6.681818181818182,5.0
2024-02-26,short,close_through,80,130,0.10324483775811209,1,19.0,0.22418879056047197,18030.0,18059.5,29.5,True,1.1842105263157894,False,4.171052631578948,5.0
2024-02-27,long,close_through,140,170,0.3524590163934426,3,27.25,0.2978142076502732,17959.0,17908.75,50.25,True,1.128440366972477,False,3.779816513761468,5.0
2024-02-28,short,close_through,30,95,0.40425531914893614,2,10.25,0.1453900709219858,17951.75,17975.0,23.25,False,1.7073170731707317,False,8.317073170731707,5.0
2024-02-29,long,sweep,30,40,0.1557377049180328,1,14.0,0.15300546448087432,18010.5,17966.75,43.75,True,1.375,True,1.7321428571428572,5.0
2024-03-01,short,close_through,25,245,1.7087378640776698,1,10.25,0.09951456310679611,18344.0,18372.75,28.75,False,2.317073170731707,False,4.487804878048781,5.0
2024-03-04,short,close_through,245,310,0.21559633027522937,2,42.5,0.7798165137614679,18291.0,18346.5,55.5,True,1.2058823529411764,False,2.1176470588235294,5.0
2024-03-04,long,close_through,170,190,0.1834862385321101,1,22.5,0.41284403669724773,18300.5,18270.25,30.25,True,1.2,True,3.2444444444444445,5.0
2024-03-05,long,close_through,0,115,0.24453551912568305,4,38.5,0.2103825136612022,17974.5,17907.5,67.0,True,1.3636363636363635,True,1.4675324675324675,5.0
2024-03-06,short,close_through,85,130,0.2929447852760736,2,7.25,0.04447852760736196,18145.75,18174.25,28.5,False,1.3448275862068966,False,23.586206896551722,5.0
2024-03-07,short,close_through,0,115,0.7541666666666667,1,11.25,0.09375,18307.25,18329.25,22.0,False,1.2444444444444445,True,3.111111111111111,5.0
2024-03-08,long,close_through,35,115,1.091993185689949,1,34.75,0.23679727427597955,18188.25,18127.75,60.5,False,1.064748201438849,True,1.3884892086330936,5.0
2024-03-11,short,close_through,20,55,0.18552036199095023,3,72.75,0.6583710407239819,18176.0,18269.0,93.0,True,1.0824742268041236,True,1.268041237113402,5.0
2024-03-12,short,close_through,0,90,0.4670116429495472,4,50.0,0.258732212160414,18387.0,18457.5,70.5,False,1.365,True,2.64,5.0
2024-03-13,long,close_through,70,85,0.16535433070866143,2,26.75,0.2106299212598425,18334.75,18281.75,53.0,True,1.3457943925233644,False,3.94392523364486,5.0
2024-03-14,long,close_through,275,310,0.21566110397946084,1,22.25,0.11424903722721438,18215.75,18161.25,54.5,True,2.067415730337079,False,4.876404494382022,5.0
2024-03-15,long,close_through,105,170,0.1563573883161512,4,46.75,0.32130584192439865,18067.25,18006.25,61.0,True,1.1925133689839573,False,2.037433155080214,5.0
2024-03-18,long,sweep,80,95,0.07246376811594203,1,10.5,0.10144927536231885,18296.75,18270.0,26.75,True,1.1428571428571428,True,2.7857142857142856,5.0
2024-03-19,short,close_through,60,145,1.1712846347607053,1,13.75,0.1385390428211587,18243.75,18268.75,25.0,False,1.1818181818181819,True,0.0,
2024-03-20,short,close_through,210,310,1.8394366197183099,2,16.25,0.18309859154929578,18450.25,18497.75,47.5,False,2.6,False,3.353846153846154,5.0
2024-03-20,long,sweep,195,200,0.011267605633802818,2,16.0,0.18028169014084508,18271.75,18244.75,27.0,True,1.15625,False,15.28125,5.0
2024-03-21,long,sweep,0,15,0.06927710843373494,2,23.75,0.286144578313253,18668.75,18620.25,48.5,True,1.4,True,1.4105263157894736,5.0
2024-03-22,short,sweep,90,120,0.05,3,20.75,0.3192307692307692,18535.5,18568.25,32.75,True,1.1325301204819278,True,1.4698795180722892,5.0
2024-03-25,short,close_through,70,90,0.09037328094302555,1,12.5,0.09823182711198428,18523.0,18553.5,30.5,True,2.12,True,3.06,5.0
2024-03-26,long,sweep,0,5,0.23140495867768596,1,4.75,0.07851239669421488,18556.75,18534.0,22.75,True,1.2105263157894737,True,7.947368421052632,5.0
2024-03-28,long,sweep,165,215,0.10429447852760736,1,11.0,0.13496932515337423,18472.75,18448.75,24.0,True,1.3181818181818181,False,4.7727272727272725,5.0
2024-04-01,long,close_through,5,100,0.5461847389558233,2,43.5,0.3493975903614458,18469.5,18414.5,55.0,False,1.0172413793103448,False,2.045977011494253,5.0
2024-04-02,short,close_through,150,165,0.09668508287292818,2,14.25,0.1574585635359116,18275.25,18300.75,25.5,True,1.3333333333333333,True,1.8421052631578947,5.0
2024-04-03,short,sweep,0,5,0.046089385474860335,1,6.25,0.034916201117318434,18408.5,18426.75,18.25,True,1.16,True,2.16,5.0
2024-04-04,long,close_through,40,55,0.08615384615384615,3,16.5,0.20307692307692307,18501.75,18479.75,22.0,True,1.0757575757575757,True,5.015151515151516,5.0
2024-04-05,short,close_through,15,115,0.8216666666666667,2,11.75,0.07833333333333334,18356.0,18375.75,19.75,False,1.4893617021276595,True,3.3191489361702127,5.0
2024-04-08,short,close_through,0,30,0.3349397590361446,2,24.75,0.2385542168674699,18344.75,18376.0,31.25,False,1.101010101010101,False,4.848484848484849,5.0
2024-04-09,long,close_through,0,100,0.8159851301115242,5,117.5,0.8736059479553904,18286.25,18160.75,125.5,True,1.0340425531914894,False,1.7063829787234042,5.0
2024-04-10,short,close_through,0,20,0.2593516209476309,2,43.25,0.4314214463840399,18153.0,18234.0,81.0,True,1.5722543352601157,False,2.4739884393063583,5.0
2024-04-11,short,close_through,45,325,2.3421052631578947,5,25.0,0.23923444976076555,18482.25,18518.75,36.5,False,1.24,False,0.0,
2024-04-12,long,close_through,0,60,0.7751479289940828,6,76.75,0.908284023668639,18279.0,18193.25,85.75,True,1.0553745928338762,True,1.214983713355049,5.0
2024-04-15,long,close_through,5,55,0.2195945945945946,2,7.0,0.0472972972972973,18195.25,18158.5,36.75,True,3.0,True,7.5,5.0
2024-04-16,short,close_through,80,90,0.045662100456621,1,31.25,0.2853881278538813,17875.25,17936.5,61.25,True,1.848,True,3.68,5.0
2024-04-16,long,sweep,180,215,0.0365296803652968,2,60.0,0.547945205479452,17978.0,17818.0,160.0,False,1.8833333333333333,False,2.05,5.0
2024-04-17,long,close_through,20,155,1.2760330578512398,3,49.5,0.32727272727272727,17688.75,17615.25,73.5,False,1.1464646464646464,False,3.323232323232323,5.0
2024-04-18,short,close_through,0,30,0.41222879684418146,1,12.25,0.09664694280078895,17696.0,17731.0,35.0,False,1.3061224489795917,True,1.346938775510204,5.0
2024-04-18,long,close_through,170,225,0.2406311637080868,2,20.25,0.15976331360946747,17570.25,17521.5,48.75,True,1.4444444444444444,False,2.753086419753086,5.0
2024-04-19,long,close_through,45,70,0.1846590909090909,1,10.75,0.061079545454545456,17336.75,17308.5,28.25,False,1.3255813953488371,True,2.627906976744186,5.0
2024-04-22,short,close_through,175,250,0.7805695142378559,1,15.75,0.10552763819095477,17408.25,17448.0,39.75,False,2.3174603174603177,False,7.603174603174603,5.0
2024-04-22,long,close_through,20,55,0.22613065326633167,3,23.0,0.1541038525963149,17206.0,17148.5,57.5,True,1.8804347826086956,False,12.402173913043478,5.0
2024-04-23,short,close_through,0,35,0.1910828025477707,2,27.0,0.17197452229299362,17555.5,17600.75,45.25,True,1.3703703703703705,True,1.3518518518518519,5.0
2024-04-24,long,close_through,5,60,0.8988095238095238,2,20.25,0.24107142857142858,17673.0,17636.0,37.0,False,1.728395061728395,True,2.123456790123457,5.0
2024-04-25,short,close_through,110,230,0.9837837837837838,1,10.0,0.07207207207207207,17560.25,17583.5,23.25,False,1.875,True,8.65,5.0
2024-04-26,short,close_through,10,40,0.2656023222060958,1,17.0,0.09869375907111756,17832.75,17886.25,53.5,True,2.2794117647058822,True,2.911764705882353,5.0
2024-04-29,long,close_through,270,320,0.32563025210084034,1,71.5,0.6008403361344538,17894.25,17791.25,103.0,True,1.0909090909090908,False,1.3181818181818181,5.0
2024-05-01,short,close_through,210,300,3.005449591280654,2,59.0,0.6430517711171662,17645.0,17793.25,148.25,False,1.7923728813559323,False,5.516949152542373,5.0
2024-05-01,long,close_through,45,210,0.2888283378746594,3,55.5,0.6049046321525886,17518.0,17399.25,118.75,False,1.7342342342342343,False,6.693693693693693,5.0
2024-05-02,short,close_through,175,300,0.3838150289017341,1,23.5,0.10867052023121387,17646.0,17685.5,39.5,False,1.5,False,2.9680851063829787,5.0
2024-05-06,short,sweep,75,100,0.06060606060606061,4,17.25,0.23232323232323232,18092.25,18121.5,29.25,True,1.318840579710145,True,2.7681159420289854,5.0
2024-05-07,short,close_through,25,60,0.511520737327189,2,7.0,0.12903225806451613,18235.0,18263.75,28.75,True,2.357142857142857,True,2.4285714285714284,5.0
2024-05-07,long,close_through,225,250,0.28110599078341014,1,11.25,0.2073732718894009,18191.25,18166.5,24.75,True,1.488888888888889,False,4.111111111111111,5.0
2024-05-09,short,close_through,5,70,0.34908136482939633,2,15.75,0.16535433070866143,18209.75,18237.25,27.5,False,1.4285714285714286,True,3.9523809523809526,5.0
2024-05-10,long,sweep,0,10,0.07755102040816327,1,5.75,0.04693877551020408,18246.75,18216.0,30.75,True,3.5652173913043477,True,3.782608695652174,5.0
2024-05-15,short,close_through,0,65,0.6370757180156658,2,3.5,0.03655352480417755,18588.5,18603.5,15.0,False,2.2857142857142856,True,2.4285714285714284,5.0
2024-05-16,short,close_through,10,170,0.7401960784313726,7,45.25,0.8872549019607843,18681.75,18760.75,79.0,True,1.6629834254143647,False,2.5027624309392267,5.0
2024-05-17,short,close_through,0,30,0.20212765957446807,2,11.25,0.2393617021276596,18634.75,18677.0,42.25,True,3.6,False,11.577777777777778,5.0
2024-05-17,long,close_through,135,245,1.6063829787234043,1,13.25,0.28191489361702127,18584.0,18545.0,39.0,False,1.4528301886792452,False,5.90566037735849,5.0
2024-05-20,short,close_through,10,25,0.10953346855983773,3,20.5,0.1663286004056795,18743.5,18772.0,28.5,True,1.0975609756097562,True,1.7804878048780488,5.0
2024-05-21,short,close_through,0,60,0.5981308411214953,2,13.5,0.2523364485981308,18747.75,18763.5,15.75,False,1.0925925925925926,True,2.2962962962962963,5.0
2024-05-22,short,close_through,35,135,0.13636363636363635,4,23.5,0.5340909090909091,18798.5,18838.75,40.25,True,1.3404255319148937,False,6.202127659574468,5.0
2024-05-22,long,close_through,185,255,2.375,2,8.25,0.1875,18730.5,18684.25,46.25,False,4.121212121212121,False,11.848484848484848,5.0
2024-05-23,long,close_through,20,65,0.2491349480968858,4,104.75,0.7249134948096886,18918.25,18802.0,116.25,True,1.0525059665871122,True,1.198090692124105,5.0
2024-05-24,short,sweep,0,5,0.026066350710900472,1,4.0,0.037914691943127965,18830.25,18840.75,10.5,True,1.75,True,5.6875,5.0
2024-05-28,short,sweep,60,150,0.07435897435897436,3,19.0,0.19487179487179487,18906.25,18943.75,37.5,True,1.5526315789473684,True,1.8421052631578947,5.0
2024-05-28,long,close_through,245,325,0.2,6,87.0,0.8923076923076924,18943.0,18819.5,123.5,False,1.2902298850574712,False,0.0,
2024-05-29,short,close_through,0,30,0.11241217798594848,1,4.75,0.04449648711943794,18861.75,18879.75,18.0,True,1.2105263157894737,False,17.36842105263158,5.0
2024-05-30,long,close_through,5,55,0.7096774193548387,2,35.0,0.41055718475073316,18674.0,18623.75,50.25,False,1.1571428571428573,True,2.7285714285714286,5.0
2024-05-31,long,close_through,0,150,0.8025404157043879,4,35.5,0.16397228637413394,18307.75,18241.25,66.5,False,1.204225352112676,False,9.464788732394366,5.0
2024-06-03,long,close_through,15,45,0.7386363636363636,1,17.75,0.16136363636363638,18604.5,18564.25,40.25,False,1.7887323943661972,True,3.6338028169014085,5.0
2024-06-04,short,close_through,225,265,0.9272727272727272,3,21.75,0.22597402597402597,18711.0,18753.25,42.25,False,1.4827586206896552,False,5.114942528735632,5.0
2024-06-05,short,close_through,0,80,0.9893617021276596,1,12.75,0.1356382978723404,18968.5,18987.0,18.5,False,1.2549019607843137,True,2.3333333333333335,5.0
2024-06-07,short,close_through,5,35,0.7241379310344828,4,69.25,0.9551724137931035,19032.0,19117.5,85.5,True,1.0902527075812274,True,1.332129963898917,5.0
2024-06-10,short,close_through,0,160,1.401673640167364,2,18.5,0.30962343096234307,19086.75,19121.25,34.5,False,1.4324324324324325,True,4.283783783783784,5.0
2024-06-11,short,close_through,0,80,0.4728682170542636,5,52.75,0.5452196382428941,19079.75,19137.0,57.25,True,1.033175355450237,True,1.1374407582938388,5.0
2024-06-13,long,close_through,110,160,0.26990291262135924,3,56.75,0.4407766990291262,19572.0,19500.0,72.0,True,1.1233480176211454,False,2.185022026431718,5.0
2024-06-14,short,close_through,160,215,0.3041095890410959,4,23.5,0.25753424657534246,19644.5,19676.25,31.75,True,1.1808510638297873,True,1.8297872340425532,5.0
2024-06-17,short,close_through,30,225,3.590625,2,30.25,0.378125,20230.75,20271.25,40.5,False,1.0991735537190082,False,2.512396694214876,5.0
2024-06-18,short,close_through,195,205,0.1917808219178082,2,16.0,0.2922374429223744,20202.5,20229.5,27.0,True,1.453125,False,4.09375,5.0
2024-06-18,long,close_through,15,70,0.680365296803653,5,33.5,0.6118721461187214,20174.0,20127.0,47.0,True,1.1567164179104477,False,2.8134328358208953,5.0
2024-06-20,long,close_through,110,210,1.1070811744386875,4,70.25,0.4853195164075993,20064.0,19958.25,105.75,False,1.302491103202847,False,1.5231316725978647,5.0
2024-06-21,short,close_through,45,55,0.11868131868131868,2,26.5,0.23296703296703297,19996.25,20041.5,45.25,True,1.4056603773584906,True,2.188679245283019,5.0
2024-06-24,long,close_through,10,185,0.6135922330097088,1,24.5,0.19029126213592232,19829.5,19787.75,41.75,False,1.4795918367346939,True,1.5816326530612246,5.0
2024-06-25,short,sweep,0,10,0.037825059101654845,1,3.0,0.028368794326241134,19876.0,19902.0,26.0,True,2.5,True,10.166666666666666,5.0
2024-06-26,short,close_through,80,135,0.03818615751789976,4,78.5,0.7494033412887828,19947.25,20028.0,80.75,True,1.0095541401273886,False,1.2643312101910829,5.0
2024-06-26,long,sweep,40,80,0.06921241050119331,4,72.25,0.6897374701670644,20026.5,19912.0,114.5,False,1.3529411764705883,False,1.3737024221453287,5.0
2024-06-27,long,close_through,55,110,0.281496062992126,3,56.5,0.4448818897637795,20030.25,19954.0,76.25,True,1.1194690265486726,False,1.752212389380531,5.0
2024-07-01,short,close_through,95,150,0.23419540229885058,1,6.25,0.035919540229885055,19997.5,20026.5,29.0,False,3.64,True,6.84,5.0
2024-07-02,short,close_through,10,45,0.2721649484536082,2,13.5,0.11134020618556702,20105.0,20131.0,26.0,False,1.462962962962963,True,2.962962962962963,5.0
2024-07-05,short,close_through,15,120,0.6271551724137931,2,11.0,0.09482758620689655,20601.5,20617.0,15.5,False,1.2272727272727273,True,3.5681818181818183,5.0
2024-07-08,short,close_through,50,95,0.3039647577092511,1,15.75,0.2775330396475771,20621.5,20670.75,49.25,True,2.7142857142857144,True,3.507936507936508,5.0
2024-07-08,long,sweep,5,35,0.15418502202643172,2,15.25,0.2687224669603524,20628.5,20588.0,40.5,True,1.2950819672131149,False,5.19672131147541,5.0
2024-07-10,short,close_through,110,230,1.1766666666666667,1,6.75,0.09,20863.5,20884.75,21.25,False,2.185185185185185,True,2.3703703703703702,5.0
2024-07-10,long,close_through,30,60,0.24666666666666667,3,33.0,0.44,20761.5,20703.0,58.5,True,1.2424242424242424,False,5.946969696969697,5.0
2024-07-11,long,close_through,10,120,0.8267074413863404,3,54.5,0.2222222222222222,20524.75,20454.25,70.5,False,1.073394495412844,True,1.3394495412844036,5.0
2024-07-12,short,close_through,0,45,0.4899536321483771,2,20.5,0.1267387944358578,20634.5,20666.25,31.75,False,1.0609756097560976,True,1.6341463414634145,5.0
2024-07-15,short,close_through,0,60,1.0354609929078014,7,77.75,0.735224586288416,20706.25,20797.0,90.75,False,1.0643086816720257,False,3.6366559485530545,5.0
2024-07-15,long,close_through,180,230,0.32387706855791965,2,20.5,0.1938534278959811,20593.5,20547.5,46.0,True,1.5609756097560976,True,3.9878048780487805,5.0
2024-07-16,long,close_through,105,245,0.10552763819095477,6,82.75,0.4158291457286432,20571.25,20464.5,106.75,True,1.1691842900302114,False,1.688821752265861,5.0
2024-07-17,long,close_through,35,140,0.4897959183673469,3,24.0,0.1306122448979592,20047.75,20007.75,40.0,False,1.2395833333333333,True,2.7708333333333335,5.0
2024-07-18,long,close_through,0,95,1.9054054054054055,2,24.5,0.1891891891891892,19837.25,19773.0,64.25,False,2.295918367346939,True,6.744897959183674,5.0
2024-07-19,long,close_through,0,5,0.09845288326300984,1,14.75,0.0829817158931083,19826.25,19781.25,45.0,True,2.6610169491525424,True,0.0,
2024-07-22,short,close_through,215,265,0.125,2,26.75,0.1857638888888889,20011.0,20044.75,33.75,True,1.158878504672897,False,2.3457943925233646,5.0
2024-07-22,long,close_through,45,135,0.5069444444444444,4,105.25,0.7309027777777778,19933.0,19809.75,123.25,True,1.0783847980997625,False,2.1401425178147266,5.0
2024-07-23,short,close_through,40,155,0.3238512035010941,5,127.5,1.1159737417943107,19940.0,20084.75,144.75,True,1.0607843137254902,False,1.3431372549019607,5.0
2024-07-23,long,sweep,20,40,0.0525164113785558,4,72.0,0.6301969365426696,20053.0,19927.5,125.5,False,1.4722222222222223,True,1.9131944444444444,5.0
2024-07-24,long,close_through,5,155,0.8413333333333334,2,31.0,0.16533333333333333,19352.0,19308.5,43.5,False,1.2419354838709677,True,2.161290322580645,5.0
2024-07-25,short,close_through,40,125,0.3915574963609898,1,12.5,0.036390101892285295,19336.0,19361.25,25.25,False,1.48,True,4.34,5.0
2024-07-26,short,close_through,80,160,0.6751700680272109,3,16.0,0.10884353741496598,19264.5,19291.5,27.0,False,1.296875,True,1.328125,5.0
2024-07-26,long,sweep,15,20,0.034013605442176874,1,0.25,0.0017006802721088435,19071.0,19040.25,30.75,True,6.0,False,913.0,5.0
2024-07-29,long,close_through,25,75,0.7004830917874396,1,64.5,0.41545893719806765,19225.0,19113.25,111.75,True,1.5775193798449612,False,3.496124031007752,5.0
2024-07-30,long,close_through,0,195,2.214618973561431,4,124.75,0.776049766718507,18946.5,18803.0,143.5,False,1.0440881763527055,False,1.6032064128256514,5.0
2024-07-31,short,close_through,0,20,0.13819875776397517,2,47.0,0.2919254658385093,19417.75,19494.0,76.25,True,1.5212765957446808,True,1.5425531914893618,5.0
2024-08-01,long,close_through,0,205,2.2510548523206753,4,87.0,0.3670886075949367,19018.75,18911.5,107.25,False,1.0517241379310345,True,1.2298850574712643,5.0
2024-08-05,short,close_through,35,55,0.12722751761292997,1,58.75,0.09738914214670534,18102.0,18189.25,87.25,True,1.4553191489361703,True,2.374468085106383,5.0
2024-08-06,short,close_through,5,115,0.571563981042654,2,38.0,0.14407582938388624,18333.5,18380.5,47.0,False,1.0328947368421053,True,1.4605263157894737,5.0
2024-08-07,long,close_through,70,270,2.6530278232405893,1,15.75,0.10310965630114566,18128.25,18000.5,127.75,False,6.190476190476191,True,7.380952380952381,5.0
2024-08-08,short,sweep,0,10,0.06139677666922486,1,11.75,0.03607060629316961,18367.25,18410.0,42.75,True,1.9361702127659575,True,0.0,
2024-08-09,short,sweep,35,55,0.07561728395061729,1,38.5,0.23765432098765432,18508.0,18578.75,70.75,True,1.4675324675324675,True,2.831168831168831,5.0
2024-08-12,short,close_through,5,50,0.1821515892420538,2,40.25,0.19682151589242053,18589.5,18765.25,175.75,True,4.211180124223603,False,4.540372670807454,5.0
2024-08-13,short,close_through,15,180,1.5529411764705883,2,22.75,0.21411764705882352,19057.0,19087.5,30.5,False,1.2637362637362637,True,3.4835164835164836,5.0
2024-08-14,short,close_through,80,105,0.13365155131264916,3,67.0,0.3198090692124105,19120.25,19203.5,83.25,True,1.1417910447761195,False,2.671641791044776,5.0
2024-08-14,long,close_through,0,15,0.19331742243436753,1,74.75,0.3568019093078759,19032.75,18925.5,107.25,True,1.334448160535117,False,3.6187290969899664,5.0
2024-08-15,short,close_through,5,135,0.5228013029315961,2,28.25,0.18403908794788273,19525.75,19570.0,44.25,False,1.4601769911504425,True,1.6725663716814159,5.0
2024-08-16,short,close_through,100,200,0.5398058252427185,3,29.5,0.229126213592233,19609.0,19660.75,51.75,False,1.4406779661016949,False,2.6864406779661016,5.0
2024-08-19,short,sweep,0,5,0.07772020725388601,1,0.75,0.007772020725388601,19609.25,19633.0,23.75,True,4.0,True,26.0,5.0
2024-08-20,long,close_through,5,85,0.4948665297741273,3,77.5,0.6365503080082136,19852.75,19743.0,109.75,True,1.3548387096774193,False,1.5483870967741935,5.0
2024-08-21,short,close_through,5,20,0.7175572519083969,2,94.5,0.9618320610687023,19815.25,19981.75,166.5,True,1.597883597883598,False,2.060846560846561,5.0
2024-08-21,long,close_through,20,130,0.4223918575063613,5,75.5,0.7684478371501272,19857.25,19771.5,85.75,True,1.0066225165562914,False,2.2781456953642385,5.0
2024-08-22,long,close_through,0,220,2.107394366197183,1,13.5,0.09507042253521127,19626.25,19584.0,42.25,False,2.3518518518518516,True,5.962962962962963,5.0
2024-08-23,long,close_through,15,155,0.5802781289506953,2,61.5,0.3109987357774968,19683.5,19591.75,91.75,False,1.032520325203252,False,3.1097560975609757,5.0
2024-08-26,long,close_through,0,50,0.533678756476684,2,106.5,0.5518134715025906,19621.5,19505.5,116.0,True,1.0446009389671362,False,1.2464788732394365,5.0
2024-08-27,short,close_through,0,55,0.312987012987013,3,34.75,0.18051948051948052,19624.0,19694.25,70.25,True,1.5179856115107915,False,2.8489208633093526,5.0
2024-08-28,long,close_through,10,140,1.2146596858638743,2,85.25,0.5951134380453752,19453.0,19339.25,113.75,False,1.2052785923753666,True,1.3900293255131966,5.0
2024-08-29,short,sweep,20,195,0.041112454655380895,5,82.5,0.39903264812575573,19586.75,19693.5,106.75,True,1.1515151515151516,False,4.178787878787879,5.0
2024-08-29,long,close_through,240,305,0.6831922611850061,4,48.75,0.23579201934703747,19435.5,19337.0,98.5,False,1.528205128205128,False,1.758974358974359,5.0
2024-08-30,long,close_through,25,80,0.869281045751634,1,18.0,0.1568627450980392,19470.0,19414.25,55.75,False,1.2083333333333333,True,1.6527777777777777,5.0
2024-09-03,long,close_through,0,90,0.6991260923845194,2,22.25,0.1111111111111111,19173.0,19143.0,30.0,False,1.1123595505617978,True,1.3820224719101124,5.0
2024-09-04,short,close_through,0,55,0.6885496183206107,3,71.5,0.4366412213740458,19016.5,19114.75,98.25,False,1.2132867132867133,False,2.734265734265734,5.0
2024-09-05,long,close_through,55,130,0.16195856873822975,3,85.25,0.3210922787193974,18953.0,18842.0,111.0,True,1.0703812316715542,False,2.093841642228739,5.0
2024-09-06,long,close_through,0,155,0.6409472880061116,2,35.75,0.1092436974789916,18502.0,18430.25,71.75,False,1.7832167832167831,False,3.006993006993007,5.0
2024-09-09,short,close_through,155,190,0.07974137931034483,6,47.25,0.4073275862068966,18649.75,18730.0,80.25,True,1.566137566137566,False,3.322751322751323,5.0
2024-09-09,long,close_through,0,55,0.9267241379310345,2,29.5,0.2543103448275862,18568.5,18497.25,71.25,False,2.016949152542373,False,7.491525423728813,5.0
2024-09-10,long,sweep,20,25,0.1,1,11.25,0.08333333333333333,18728.75,18673.25,55.5,True,1.3777777777777778,True,6.822222222222222,5.0
2024-09-11,short,close_through,110,135,0.12832699619771862,1,28.75,0.10931558935361217,18876.5,18940.25,63.75,True,1.9130434782608696,True,1.9043478260869566,5.0
2024-09-11,long,close_through,0,40,0.3669201520912547,4,86.5,0.3288973384030418,18687.75,18547.0,140.75,True,1.3757225433526012,False,8.378612716763005,5.0
2024-09-12,short,close_through,0,5,0.09848484848484848,1,22.25,0.13484848484848486,19298.25,19366.25,68.0,True,2.7191011235955056,True,4.640449438202247,5.0
2024-09-13,short,sweep,15,65,0.09351145038167939,1,8.5,0.0648854961832061,19510.5,19541.5,31.0,True,1.7941176470588236,True,1.8235294117647058,5.0
2024-09-16,long,close_through,0,50,0.23669724770642203,1,77.5,0.5688073394495413,19635.5,19529.0,106.5,True,1.2,False,1.832258064516129,5.0
2024-09-17,short,close_through,15,25,0.17954070981210857,3,61.25,0.511482254697286,19769.5,19850.25,80.75,True,1.126530612244898,False,4.310204081632653,5.0
2024-09-17,long,close_through,105,325,1.1231732776617953,4,69.5,0.5803757828810021,19682.5,19574.5,108.0,False,1.0503597122302157,False,0.0,
2024-09-18,short,close_through,210,270,1.8268156424581006,2,110.5,1.23463687150838,19658.0,19900.0,242.0,True,1.2782805429864252,False,2.183257918552036,5.0
2024-09-18,long,close_through,50,95,0.7094972067039106,2,17.5,0.19553072625698323,19607.25,19583.5,23.75,False,1.0571428571428572,True,17.785714285714285,5.0
2024-09-19,short,close_through,0,10,0.1308139534883721,1,19.25,0.1119186046511628,20117.75,20158.5,40.75,True,1.5714285714285714,True,5.142857142857143,5.0
2024-09-20,long,sweep,0,5,0.04308390022675737,1,8.75,0.07936507936507936,20009.0,19967.5,41.5,True,1.9428571428571428,True,1.9142857142857144,5.0
2024-09-23,short,sweep,20,45,0.07303370786516854,3,49.0,0.550561797752809,20058.0,20126.75,68.75,True,1.0612244897959184,False,1.8622448979591837,5.0
2024-09-23,long,sweep,150,180,0.1404494382022472,3,21.75,0.2443820224719101,20060.5,20018.75,41.75,True,1.0229885057471264,False,2.3448275862068964,5.0
2024-09-24,long,sweep,10,15,0.05789473684210526,1,23.5,0.12368421052631579,20018.25,19953.0,65.25,True,1.9787234042553192,False,10.340425531914894,5.0
2024-09-25,long,sweep,150,205,0.018796992481203006,2,25.0,0.18796992481203006,20200.75,20135.5,65.25,True,1.26,False,1.49,5.0
2024-09-26,long,close_through,0,5,0.17433751743375175,1,18.25,0.10181311018131102,20362.5,20307.0,55.5,True,1.917808219178082,True,2.0273972602739727,5.0
2024-09-27,long,close_through,0,10,0.13043478260869565,1,32.5,0.33248081841432225,20315.0,20272.5,42.5,True,1.0538461538461539,True,1.6307692307692307,5.0
2024-09-30,long,close_through,225,315,0.5296296296296297,5,132.75,0.9833333333333333,20206.75,20056.0,150.75,True,1.0037664783427496,False,1.606403013182674,5.0
2024-10-01,long,sweep,0,5,0.041015625,1,5.5,0.014322916666666666,19932.75,19866.25,66.5,True,5.818181818181818,True,11.681818181818182,5.0
2024-10-02,short,close_through,0,25,0.2317241379310345,1,44.5,0.24551724137931036,19996.5,20056.75,60.25,True,1.2359550561797752,True,1.353932584269663,5.0
2024-10-03,long,sweep,150,170,0.07191780821917808,1,24.5,0.11187214611872145,19948.0,19879.0,69.0,True,2.1122448979591835,False,4.510204081632653,5.0
2024-10-07,long,close_through,240,320,1.5067024128686326,1,12.25,0.13136729222520108,20012.25,19948.0,64.25,False,3.63265306122449,False,4.26530612244898,5.0
2024-10-08,short,close_through,0,155,0.536723163841808,2,50.5,0.3804143126177024,20178.0,20273.75,95.75,True,1.4653465346534653,True,1.688118811881188,5.0
2024-10-09,short,sweep,5,10,0.015053763440860216,1,7.5,0.06451612903225806,20334.0,20356.5,22.5,True,2.3,True,4.933333333333334,5.0
2024-10-10,short,close_through,10,115,0.8096280087527352,2,19.25,0.16849015317286653,20469.5,20508.25,38.75,False,1.5194805194805194,False,6.558441558441558,5.0
2024-10-11,short,close_through,275,325,0.07807807807807808,2,20.25,0.12162162162162163,20449.75,20494.25,44.5,True,1.8148148148148149,False,0.0,
2024-10-14,long,sweep,30,80,0.11510791366906475,3,32.0,0.2302158273381295,20580.0,20525.0,55.0,True,1.046875,False,3.7578125,5.0
2024-10-15,long,close_through,0,315,1.7197986577181208,2,33.5,0.22483221476510068,20314.25,20254.0,60.25,False,1.2686567164179106,False,2.3507462686567164,5.0
2024-10-17,long,sweep,245,255,0.003579952267303103,1,7.75,0.03699284009546539,20407.25,20365.75,41.5,True,2.7419354838709675,True,6.451612903225806,5.0
2024-10-18,short,sweep,60,100,0.07202216066481995,6,56.5,0.6260387811634349,20447.25,20529.75,82.5,True,1.176991150442478,False,1.2699115044247788,5.0
2024-10-21,long,close_through,10,65,0.5901328273244781,3,28.0,0.2125237191650854,20399.75,20345.0,54.75,False,1.3928571428571428,False,5.794642857142857,5.0
2024-10-22,short,close_through,185,260,0.5465116279069767,4,64.25,0.4269102990033223,20528.25,20602.25,74.0,False,1.1206225680933852,False,1.3579766536964981,5.0
2024-10-23,long,close_through,40,70,0.3683083511777302,2,28.25,0.24197002141327623,20338.75,20303.0,35.75,False,1.0619469026548674,True,1.8849557522123894,5.0
2024-10-24,short,sweep,150,170,0.1276595744680851,2,24.75,0.3009118541033435,20351.0,20389.0,38.0,True,1.0404040404040404,True,2.0,5.0
2024-10-24,long,close_through,75,120,0.4194528875379939,3,54.75,0.6656534954407295,20350.75,20261.75,89.0,True,1.4155251141552512,False,2.470319634703196,5.0
2024-10-25,long,close_through,190,195,0.03110599078341014,1,58.5,0.2695852534562212,20552.0,20483.5,68.5,True,1.1111111111111112,True,1.3675213675213675,5.0
2024-10-28,long,sweep,70,105,0.12213740458015267,1,12.75,0.1297709923664122,20555.75,20516.5,39.25,True,1.8823529411764706,True,3.1176470588235294,5.0
2024-10-29,short,close_through,25,120,0.2430453879941435,1,20.0,0.1171303074670571,20599.5,20644.5,45.0,True,1.1,True,1.8125,5.0
2024-10-31,long,close_through,5,50,0.2647352647352647,1,22.25,0.08891108891108891,20100.0,20052.75,47.25,False,1.550561797752809,True,2.1123595505617976,5.0
2024-11-04,short,close_through,15,50,0.11764705882352941,3,28.25,0.1477124183006536,20176.25,20226.75,50.5,True,1.345132743362832,False,6.566371681415929,5.0
2024-11-05,short,close_through,60,160,0.29555236728837875,2,32.5,0.18651362984218078,20330.25,20372.75,42.5,False,1.2384615384615385,False,2.769230769230769,5.0
2024-11-06,short,sweep,0,5,0.10387596899224806,1,5.0,0.031007751937984496,20762.75,20822.0,59.25,True,7.45,True,21.6,5.0
2024-11-07,short,close_through,15,35,0.3393213572854291,1,17.0,0.13572854291417166,21138.5,21171.75,33.25,False,1.3235294117647058,True,2.161764705882353,5.0
2024-11-08,short,sweep,85,110,0.05985915492957746,2,26.75,0.3767605633802817,21197.25,21236.5,39.25,True,1.0373831775700935,True,1.0654205607476634,5.0
2024-11-11,long,close_through,150,175,0.41454545454545455,2,20.25,0.14727272727272728,21141.75,21098.25,43.5,False,1.6049382716049383,False,5.6419753086419755,5.0
2024-11-12,long,close_through,25,115,0.6608996539792388,1,6.25,0.08650519031141868,21159.5,21131.75,27.75,False,2.96,True,4.64,5.0
2024-11-13,short,close_through,95,215,0.65625,3,34.5,0.26953125,21228.75,21268.5,39.75,False,1.0217391304347827,False,4.065217391304348,5.0
2024-11-14,long,close_through,120,145,0.17690875232774675,2,53.75,0.40037243947858475,21083.0,21016.75,66.25,True,1.1395348837209303,True,1.841860465116279,5.0
2024-11-15,long,close_through,5,45,0.25785340314136124,2,26.5,0.1387434554973822,20570.0,20533.5,36.5,False,1.330188679245283,True,2.1132075471698113,5.0
2024-11-18,short,close_through,0,75,0.46875,2,26.0,0.17105263157894737,20676.75,20724.25,47.5,False,1.7596153846153846,False,5.115384615384615,5.0
2024-11-19,short,close_through,0,80,0.9871134020618557,3,16.25,0.16752577319587628,20664.0,20700.75,36.75,False,1.4615384615384615,True,2.7384615384615385,5.0
2024-11-22,short,sweep,160,165,0.04643449419568822,1,2.75,0.01824212271973466,20861.5,20880.0,18.5,True,1.2727272727272727,False,25.272727272727273,5.0
2024-11-25,long,close_through,100,140,0.4203069657615112,2,33.0,0.15584415584415584,20847.25,20780.25,67.0,False,1.2196969696969697,False,2.515151515151515,5.0
2024-11-26,long,close_through,225,315,0.1496437054631829,4,70.5,0.669833729216152,20985.25,20903.75,81.5,True,1.0886524822695036,False,1.4219858156028369,5.0
2024-11-27,long,close_through,5,10,0.22701149425287356,2,39.75,0.22844827586206898,20779.75,20726.0,53.75,True,1.1257861635220126,True,1.2075471698113207,5.0
2024-12-02,short,close_through,0,10,0.047058823529411764,1,15.0,0.08823529411764706,21178.5,21204.5,26.0,True,1.2166666666666666,True,3.716666666666667,5.0
2024-12-03,short,close_through,50,65,0.2882205513784461,3,29.25,0.2932330827067669,21212.0,21262.75,50.75,True,1.3333333333333333,True,2.0854700854700856,5.0
2024-12-04,short,close_through,0,50,0.4276315789473684,2,17.0,0.2236842105263158,21466.25,21496.75,30.5,False,1.161764705882353,True,2.735294117647059,5.0
2024-12-05,short,close_through,100,130,0.24651162790697675,1,5.0,0.09302325581395349,21551.5,21564.75,13.25,False,1.4,True,1.8,5.0
2024-12-05,long,sweep,20,45,0.18604651162790697,1,27.25,0.5069767441860465,21528.75,21487.75,41.0,True,1.018348623853211,True,2.4311926605504586,5.0
2024-12-09,long,close_through,5,195,1.0506024096385542,5,95.5,0.9204819277108434,21547.25,21436.0,111.25,True,1.031413612565445,False,1.057591623036649,5.0
2024-12-10,long,close_through,25,110,0.6074074074074074,1,31.75,0.3135802469135803,21486.0,21444.0,42.0,False,1.031496062992126,True,1.5511811023622046,5.0
2024-12-11,short,close_through,40,70,0.20673813169984687,1,9.25,0.05666156202143951,21755.25,21770.0,14.75,False,1.3243243243243243,True,2.7837837837837838,5.0
2024-12-12,short,close_through,5,60,0.21693121693121692,2,19.0,0.20105820105820105,21710.0,21739.75,29.75,True,1.2236842105263157,True,3.3684210526315788,5.0
2024-12-13,long,close_through,10,200,1.0466101694915255,4,91.25,0.7733050847457628,21773.75,21666.5,107.25,False,1.021917808219178,False,1.5726027397260274,5.0
2024-12-16,short,close_through,0,15,0.2857142857142857,1,21.0,0.21052631578947367,21993.75,22024.25,30.5,True,1.0714285714285714,True,1.5,5.0
2024-12-17,short,close_through,60,90,0.15714285714285714,5,44.25,0.36122448979591837,22305.75,22386.0,80.25,True,1.689265536723164,False,2.864406779661017,5.0
2024-12-18,short,close_through,5,40,0.3412887828162291,3,43.75,0.41766109785202865,22297.5,22351.75,54.25,True,1.1657142857142857,False,20.994285714285713,5.0
2024-12-18,long,close_through,210,230,1.2768496420047732,1,22.0,0.2100238663484487,22156.5,22077.5,79.0,False,2.715909090909091,True,0.0,
2024-12-19,long,close_through,0,10,0.14570361145703611,1,13.75,0.0684931506849315,21544.25,21467.75,76.5,True,4.236363636363636,True,7.127272727272727,5.0
2024-12-20,short,close_through,0,160,1.167082294264339,5,69.75,0.23192019950124687,21731.25,21812.25,81.0,False,1.1505376344086022,False,4.211469534050179,5.0
2024-12-23,short,close_through,70,105,0.25660377358490566,3,24.0,0.12075471698113208,21668.75,21726.5,57.75,True,1.0625,True,1.6041666666666667,5.0
2024-12-26,short,sweep,5,10,0.021778584392014518,2,11.25,0.08166969147005444,21975.0,22011.0,36.0,True,2.422222222222222,True,3.022222222222222,5.0
2024-12-27,long,sweep,0,10,0.01641684511063526,1,37.0,0.10563882940756603,21581.75,21507.0,74.75,True,1.587837837837838,True,3.4662162162162162,5.0
2024-12-30,short,close_through,50,170,0.950920245398773,2,35.5,0.21779141104294478,21511.25,21571.0,59.75,False,1.267605633802817,False,4.161971830985915,5.0
2024-12-31,long,close_through,30,70,0.3,1,6.25,0.04032258064516129,21328.75,21287.0,41.75,False,4.72,True,9.92,5.0
2025-01-03,short,close_through,60,270,0.6610878661087866,3,24.5,0.13668061366806136,21508.75,21559.25,50.5,False,2.010204081632653,False,3.3979591836734695,5.0
2025-01-06,short,sweep,15,50,0.06125574272588055,3,11.5,0.07044410413476264,21867.5,21896.75,29.25,True,1.2391304347826086,False,20.347826086956523,5.0
2025-01-06,long,close_through,195,290,0.46401225114854516,2,51.25,0.31393568147013784,21727.0,21647.75,79.25,True,1.3219512195121952,False,1.8878048780487804,5.0
2025-01-07,long,close_through,0,20,0.4479073909171861,1,8.0,0.028495102404274265,21486.75,21399.5,87.25,False,5.0625,True,15.875,5.0
2025-01-08,short,close_through,70,95,0.07275320970042796,3,74.0,0.4222539229671897,21326.0,21419.0,93.0,True,1.135135135135135,True,3.293918918918919,5.0
2025-01-08,long,close_through,115,215,0.369472182596291,6,195.25,1.1141226818830243,21390.75,21166.25,224.5,True,1.025608194622279,False,1.235595390524968,5.0
2025-01-13,short,close_through,10,220,0.3794788273615635,1,37.5,0.24429967426710097,20851.0,20913.75,62.75,True,1.48,True,1.9,5.0
2025-01-14,long,close_through,5,105,0.9663608562691132,2,31.5,0.1926605504587156,20857.5,20808.25,49.25,False,1.1031746031746033,True,1.3571428571428572,5.0
2025-01-15,short,close_through,235,320,0.20225988700564973,4,27.5,0.12429378531073447,21404.25,21452.75,48.5,True,1.490909090909091,False,2.090909090909091,5.0
2025-01-16,long,sweep,70,115,0.11591962905718702,3,63.25,0.3910355486862442,21421.75,21317.5,104.25,True,1.2173913043478262,True,1.2529644268774704,5.0
2025-01-17,short,close_through,160,225,0.10579710144927536,7,50.0,0.2898550724637681,21614.75,21672.0,57.25,True,1.005,False,1.71,5.0
2025-01-21,short,close_through,130,225,0.2792207792207792,2,19.25,0.1,21721.75,21772.0,50.25,False,1.8051948051948052,False,3.090909090909091,5.0
2025-01-22,short,close_through,5,25,0.04275092936802974,3,26.0,0.19330855018587362,21994.75,22042.75,48.0,True,1.6923076923076923,True,1.8942307692307692,5.0
2025-01-23,short,close_through,0,35,0.5576923076923077,2,12.0,0.23076923076923078,21919.25,21947.0,27.75,False,1.75,True,3.625,5.0
2025-01-24,long,close_through,5,55,0.18681318681318682,3,30.25,0.3324175824175824,22013.25,21970.25,43.0,True,1.3305785123966942,True,2.074380165289256,5.0
2025-01-27,short,close_through,0,15,0.184688995215311,1,3.75,0.014354066985645933,21357.25,21418.5,61.25,True,9.533333333333333,False,79.46666666666667,5.0
2025-01-27,long,sweep,260,325,0.053588516746411484,5,135.75,0.5196172248803828,21258.0,21095.0,163.0,True,1.0441988950276244,False,0.0,
2025-01-28,short,close_through,90,185,0.317300232738557,4,36.25,0.11249030256012413,21538.25,21584.0,45.75,False,1.1793103448275861,True,1.8620689655172413,5.0
2025-01-29,long,close_through,10,20,0.19483101391650098,2,40.25,0.32007952286282304,21522.75,21456.0,66.75,True,1.204968944099379,True,1.8385093167701863,5.0
2025-01-31,short,close_through,0,55,0.26813880126182965,2,22.75,0.14353312302839116,21918.0,21966.0,48.0,True,1.4505494505494505,False,18.252747252747252,5.0
2025-01-31,long,close_through,180,315,1.446372239747634,1,29.75,0.18769716088328076,21597.5,21535.75,61.75,False,1.6638655462184875,False,3.142857142857143,5.0
2025-02-03,short,close_through,0,55,0.4493480441323972,3,39.75,0.15947843530591777,21405.0,21474.5,69.5,False,1.0566037735849056,True,2.6666666666666665,5.0
2025-02-04,short,close_through,5,25,0.06389157792836399,2,25.5,0.09874152952565343,21633.25,21680.0,46.75,True,1.2843137254901962,True,1.2450980392156863,5.0
2025-02-05,short,close_through,35,45,0.1729490022172949,4,40.25,0.35698447893569846,21577.0,21633.25,56.25,True,1.1677018633540373,True,1.5217391304347827,5.0
2025-02-06,long,close_through,240,315,0.2420814479638009,3,90.75,0.8212669683257918,21828.0,21711.5,116.5,True,1.0633608815426998,False,1.6611570247933884,5.0
2025-02-07,long,close_through,20,150,0.35815602836879434,6,62.0,0.2198581560283688,21686.5,21585.0,101.5,True,1.2258064516129032,True,1.939516129032258,5.0
2025-02-10,short,close_through,0,45,0.1583011583011583,4,19.0,0.14671814671814673,21854.25,21894.0,39.75,True,1.4736842105263157,False,3.4210526315789473,5.0
2025-02-12,short,close_through,5,40,0.16605166051660517,2,52.0,0.25584255842558423,21673.5,21773.25,99.75,True,1.4567307692307692,True,1.9855769230769231,5.0
2025-02-13,short,close_through,5,85,0.3786707882534776,3,79.0,0.4884080370942813,21962.0,22057.75,95.75,True,1.1487341772151898,True,2.0537974683544302,5.0
2025-02-14,short,close_through,25,110,0.16785714285714284,3,47.25,0.675,22113.75,22171.75,58.0,True,1.0846560846560847,True,1.5449735449735449,5.0
2025-02-19,short,close_through,40,110,0.30917874396135264,4,25.5,0.2463768115942029,22216.25,22253.5,37.25,True,1.3235294117647058,True,1.6666666666666667,5.0
2025-02-21,long,close_through,0,25,0.26309067688378035,1,61.75,0.31545338441890164,22006.75,21940.75,66.0,True,1.048582995951417,True,1.4210526315789473,5.0
2025-02-25,long,sweep,60,75,0.1035883547731889,2,40.0,0.1083276912660799,21115.5,20990.0,125.5,True,1.925,False,6.06875,5.0
2025-02-26,short,close_through,30,85,0.19701086956521738,2,14.75,0.08016304347826086,21349.75,21409.25,59.5,True,3.1864406779661016,False,22.52542372881356,5.0
2025-02-26,long,close_through,175,310,0.6766304347826086,7,109.75,0.5964673913043478,21198.5,21064.5,134.0,True,1.0501138952164009,False,1.287015945330296,5.0
2025-02-27,long,close_through,235,260,0.20732336255801959,1,6.75,0.013924703455389376,20844.5,20795.75,48.75,False,1.8148148148148149,True,4.555555555555555,5.0
2025-03-03,long,close_through,155,210,0.29570637119113574,3,91.75,0.25415512465373963,20769.0,20653.25,115.75,True,1.1335149863760219,True,1.6866485013623977,5.0
2025-03-04,short,close_through,115,240,0.547568710359408,2,57.25,0.1613812544045102,20549.5,20624.25,74.75,False,1.0087336244541485,True,1.074235807860262,5.0
2025-03-05,short,close_through,125,180,0.39029768467475195,3,78.0,0.3439911797133407,20491.75,20585.5,93.75,True,1.0224358974358974,True,1.310897435897436,5.0
2025-03-05,long,close_through,40,85,0.24366041896361632,1,36.5,0.1609702315325248,20338.0,20215.0,123.0,True,2.8904109589041096,False,13.493150684931507,5.0
2025-03-06,short,close_through,5,20,0.11545988258317025,2,65.5,0.2563600782778865,20406.5,20513.25,106.75,True,1.3473282442748091,False,7.50763358778626,5.0
2025-03-06,long,close_through,90,145,0.547945205479452,1,60.25,0.23581213307240703,20171.25,20088.25,83.0,False,1.1825726141078838,True,1.7925311203319503,5.0
2025-03-07,long,close_through,0,130,1.1832760595647194,9,195.5,0.8957617411225659,20001.5,19765.5,236.0,False,1.0076726342710998,False,2.4641943734015346,5.0
2025-03-10,long,close_through,0,60,0.5324675324675324,4,102.0,0.4075924075924076,19667.25,19521.0,146.25,True,1.1102941176470589,True,1.4607843137254901,5.0
2025-03-11,short,close_through,255,320,0.2420965058236273,4,174.0,0.5790349417637272,19475.25,19686.75,211.5,True,1.0603448275862069,False,1.5402298850574712,5.0
2025-03-11,long,close_through,5,20,0.16306156405990016,1,41.5,0.13810316139767054,19409.0,19264.5,144.5,True,2.825301204819277,True,6.0843373493975905,5.0
2025-03-12,long,close_through,0,65,0.934260429835651,3,134.0,0.6776232616940582,19571.5,19395.25,176.25,False,1.0708955223880596,False,2.236940298507463,5.0
2025-03-13,long,close_through,65,75,0.1900990099009901,1,62.75,0.2485148514851485,19365.0,19276.5,88.5,True,1.1035856573705178,True,1.5139442231075697,5.0
2025-03-14,short,close_through,30,100,0.4470108695652174,3,51.5,0.2798913043478261,19638.5,19703.0,64.5,False,1.1310679611650485,True,1.7912621359223302,5.0
2025-03-17,short,close_through,210,270,0.6778115501519757,1,21.5,0.13069908814589665,19923.0,19959.25,36.25,False,1.2209302325581395,False,5.732558139534884,5.0
2025-03-17,long,sweep,5,10,0.044072948328267476,1,6.5,0.03951367781155015,19750.5,19676.0,74.5,True,6.115384615384615,True,6.961538461538462,5.0
2025-03-18,long,close_through,30,65,0.11382878645343368,2,54.5,0.2050799623706491,19694.75,19604.25,90.5,True,1.2477064220183487,False,2.876146788990826,5.0
2025-03-19,short,close_through,70,125,0.18894601542416453,3,42.5,0.2185089974293059,19877.0,19937.5,60.5,True,1.1294117647058823,True,3.6705882352941175,5.0
2025-03-20,short,close_through,10,30,0.05517762660619804,2,55.75,0.16855631141345426,20023.75,20105.0,81.25,True,1.2062780269058295,False,5.309417040358745,5.0
2025-03-21,short,close_through,25,45,0.2319277108433735,1,52.25,0.3147590361445783,19726.75,19812.0,85.25,True,1.2822966507177034,True,2.1913875598086126,5.0
2025-03-25,short,close_through,0,55,0.43548387096774194,2,13.0,0.13978494623655913,20475.25,20495.25,20.0,False,1.0576923076923077,False,6.6923076923076925,5.0
2025-03-26,long,close_through,80,215,0.6139112903225806,1,12.25,0.04939516129032258,20100.25,20074.75,25.5,False,1.346938775510204,True,5.122448979591836,5.0
2025-03-27,short,close_through,0,55,0.41948579161028415,2,45.75,0.2476319350473613,20133.75,20199.5,65.75,False,1.2131147540983607,False,4.683060109289618,5.0
2025-03-28,long,close_through,0,10,0.1442385173247381,1,21.0,0.06768734891216761,19645.75,19586.5,59.25,True,1.3333333333333333,True,1.3571428571428572,5.0
2025-03-31,short,close_through,50,85,0.33488372093023255,2,23.0,0.10697674418604651,19221.5,19263.75,42.25,False,1.065217391304348,True,3.119565217391304,5.0
2025-04-01,short,close_through,10,60,0.7043478260869566,1,24.75,0.12298136645962733,19570.0,19604.25,34.25,False,1.1313131313131313,True,2.707070707070707,5.0
2025-04-03,long,close_through,5,40,0.625,1,35.5,0.1628440366972477,18797.75,18720.0,77.75,False,1.4507042253521127,True,6.802816901408451,5.0
2025-04-04,long,close_through,0,30,0.7641369047619048,2,180.5,0.5372023809523809,18049.0,17656.0,393.0,True,1.8434903047091413,True,2.39196675900277,5.0
2025-04-08,long,close_through,40,65,0.28104026845637586,2,73.5,0.24664429530201343,18093.75,17975.5,118.25,True,1.5,True,2.061224489795918,5.0
2025-04-09,short,close_through,150,265,3.832384566729918,4,176.5,0.4465528146742568,18775.25,19112.25,337.0,False,1.5127478753541077,True,1.8300283286118981,5.0
2025-04-10,long,close_through,30,135,2.1435643564356437,4,227.5,0.7508250825082509,18282.5,17919.0,363.5,False,1.1835164835164835,False,2.9076923076923076,5.0
2025-04-11,short,close_through,120,215,0.6072629455279085,1,38.25,0.10289172831203766,18780.75,18873.5,92.75,False,1.7450980392156863,False,3.5098039215686274,5.0
2025-04-14,long,close_through,55,105,0.9372659176029963,2,59.0,0.2209737827715356,18867.25,18737.5,129.75,False,1.055084745762712,False,4.915254237288136,5.0
2025-04-15,long,close_through,170,240,0.18274687854710556,2,44.75,0.20317820658342792,18948.25,18884.25,64.0,True,1.1396648044692737,False,2.3128491620111733,5.0
2025-04-16,short,close_through,50,80,0.32599118942731276,2,93.0,0.5462555066079295,18604.25,18735.0,130.75,True,1.1236559139784945,False,6.370967741935484,5.0
2025-04-16,long,close_through,180,300,2.3083700440528636,3,49.75,0.2922173274596182,18192.5,18116.25,76.25,False,1.1608040201005025,False,5.331658291457287,5.0
2025-04-17,short,close_through,220,255,0.08494208494208494,2,40.25,0.2072072072072072,18462.25,18526.0,63.75,True,1.2484472049689441,False,4.53416149068323,5.0
2025-04-17,long,close_through,0,10,0.2767052767052767,2,32.0,0.16473616473616473,18347.5,18261.5,86.0,True,1.8125,False,7.390625,5.0
2025-04-21,long,close_through,40,125,0.42695570216776624,4,44.75,0.16870876531573986,17856.75,17786.5,70.25,False,1.3407821229050279,True,1.7486033519553073,5.0
2025-04-22,short,close_through,5,70,0.38929440389294406,7,67.0,0.3260340632603406,18293.25,18386.0,92.75,True,1.287313432835821,True,1.3619402985074627,5.0
2025-04-23,short,sweep,0,20,0.09210526315789473,1,33.75,0.14802631578947367,19081.75,19165.5,83.75,True,1.5851851851851853,False,12.014814814814814,5.0
2025-04-23,long,close_through,50,120,0.743421052631579,2,59.25,0.2598684210526316,18838.25,18747.0,91.25,False,1.1350210970464134,True,3.2953586497890295,5.0
2025-04-24,short,close_through,0,10,0.1266891891891892,1,14.25,0.04814189189189189,19121.5,19180.0,58.5,True,2.263157894736842,True,4.666666666666667,5.0
2025-04-25,short,close_through,110,195,0.8735294117647059,8,106.0,0.6235294117647059,19439.0,19554.25,115.25,False,1.028301886792453,False,1.6391509433962264,5.0
2025-04-28,long,close_through,35,125,0.8735177865612648,2,29.75,0.15678524374176547,19316.5,19267.5,49.0,False,1.1764705882352942,True,2.5126050420168067,5.0
2025-04-29,short,sweep,25,45,0.07088607594936709,3,44.5,0.22531645569620254,19527.5,19615.25,87.75,True,1.5561797752808988,True,2.8258426966292136,5.0
2025-04-30,short,close_through,0,5,0.13727810650887573,1,12.75,0.06035502958579882,19306.0,19344.0,38.0,True,1.2549019607843137,True,0.0,
2025-05-01,short,close_through,5,60,0.8264604810996563,3,44.5,0.30584192439862545,20053.5,20125.75,72.25,False,1.3370786516853932,False,5.735955056179775,5.0
2025-05-05,short,close_through,25,60,0.10337972166998012,2,14.0,0.11133200795228629,20083.5,20124.0,40.5,True,1.9642857142857142,True,3.25,5.0
2025-05-06,short,close_through,0,20,0.1656891495601173,1,7.0,0.04105571847507331,19899.75,19937.75,38.0,True,2.5714285714285716,True,4.428571428571429,5.0
2025-05-07,long,close_through,20,70,0.5732217573221757,1,27.5,0.2301255230125523,19848.5,19789.0,59.5,False,1.690909090909091,True,1.9636363636363636,5.0
2025-05-08,short,close_through,55,110,1.016778523489933,1,4.0,0.026845637583892617,20300.25,20325.5,25.25,False,2.5625,True,8.125,5.0
2025-05-08,long,close_through,20,40,0.3087248322147651,3,55.25,0.37080536912751677,20085.25,19979.0,106.25,True,1.2307692307692308,False,5.791855203619909,5.0
2025-05-09,long,close_through,5,25,0.31994047619047616,2,55.75,0.3318452380952381,20142.0,20058.0,84.0,True,1.1390134529147982,False,1.9192825112107623,5.0
2025-05-12,short,close_through,155,255,0.1069182389937107,2,9.0,0.045283018867924525,20918.75,20943.5,24.75,True,1.7222222222222223,True,8.36111111111111,5.0
2025-05-12,long,close_through,0,5,0.16855345911949685,1,22.5,0.11320754716981132,20746.75,20690.0,56.75,True,1.2222222222222223,False,10.444444444444445,5.0
2025-05-13,short,close_through,20,90,0.21278538812785389,3,30.25,0.11050228310502283,21258.5,21304.75,46.25,False,1.0743801652892562,True,1.2727272727272727,5.0
2025-05-14,short,close_through,120,130,0.10836501901140684,3,41.0,0.311787072243346,21369.25,21419.5,50.25,True,1.048780487804878,False,3.1890243902439024,5.0
2025-05-15,short,close_through,30,180,1.8556962025316455,3,28.5,0.28860759493670884,21491.0,21529.75,38.75,False,1.1403508771929824,False,7.7105263157894735,5.0
2025-05-16,short,close_through,180,190,0.09785932721712538,2,16.0,0.19571865443425077,21455.75,21478.0,22.25,True,1.03125,True,2.375,5.0
2025-05-16,long,close_through,0,60,0.8318042813455657,3,86.5,1.0581039755351682,21421.5,21320.25,101.25,True,1.0953757225433527,False,2.1416184971098264,5.0
2025-05-20,short,close_through,5,165,0.40588235294117647,2,11.75,0.13823529411764707,21456.5,21474.25,17.75,False,1.2340425531914894,False,14.72340425531915,5.0
2025-05-20,long,close_through,235,280,0.6676470588235294,2,44.0,0.5176470588235295,21354.5,21298.0,56.5,False,1.0284090909090908,False,3.2443181818181817,5.0
2025-05-21,short,close_through,25,145,0.7138508371385084,2,20.5,0.1248097412480974,21515.25,21558.5,43.25,False,1.9024390243902438,False,23.48780487804878,5.0
2025-05-21,long,close_through,170,300,1.243531202435312,2,48.0,0.2922374429223744,21148.5,21072.75,75.75,False,1.1041666666666667,False,2.6145833333333335,5.0
2025-05-22,short,sweep,275,310,0.03229527104959631,3,41.5,0.1914648212226067,21260.25,21337.5,77.25,True,1.4759036144578312,False,3.746987951807229,5.0
2025-05-23,short,close_through,65,230,0.5167394468704513,2,22.0,0.12809315866084425,21045.75,21083.0,37.25,False,1.2727272727272727,False,5.2272727272727275,5.0
2025-05-27,short,sweep,0,25,0.03145478374836173,1,1.25,0.00655307994757536,21355.25,21389.5,34.25,True,14.2,True,16.0,5.0
2025-05-28,long,close_through,5,30,0.09477756286266925,2,22.75,0.1760154738878143,21466.75,21426.0,40.75,True,1.5054945054945055,True,3.065934065934066,5.0
2025-05-29,long,close_through,85,130,0.2656641604010025,1,93.25,0.3116123642439432,21448.75,21301.0,147.75,True,1.0723860589812333,False,1.4611260053619304,5.0
2025-05-30,short,close_through,5,10,0.04272151898734177,1,21.25,0.13449367088607594,21370.0,21399.5,29.5,True,1.1764705882352942,True,15.223529411764705,5.0
2025-05-30,long,close_through,115,155,1.0332278481012658,3,69.75,0.44145569620253167,21183.75,21071.5,112.25,False,1.4910394265232976,False,5.07168458781362,5.0
2025-06-02,short,close_through,150,190,0.07278835386338185,2,26.0,0.11646136618141098,21442.0,21474.25,32.25,True,1.1442307692307692,True,1.7884615384615385,5.0
2025-06-03,short,close_through,20,190,0.941747572815534,3,15.75,0.12233009708737864,21735.0,21759.75,24.75,False,1.0793650793650793,False,7.380952380952381,5.0
2025-06-04,short,close_through,210,265,0.06403940886699508,4,13.0,0.08538587848932677,21782.75,21803.0,20.25,True,1.0192307692307692,False,3.673076923076923,5.0
2025-06-05,short,close_through,10,75,0.5906040268456376,2,6.75,0.04530201342281879,21908.5,21928.5,20.0,False,1.4444444444444444,True,2.814814814814815,5.0
2025-06-06,short,sweep,35,45,0.05665024630541872,2,29.0,0.2857142857142857,21770.75,21870.0,99.25,True,2.689655172413793,True,4.370689655172414,5.0
2025-06-06,long,close_through,45,165,0.4014778325123153,1,21.25,0.20935960591133004,21785.25,21722.0,63.25,True,1.576470588235294,False,5.729411764705882,5.0
2025-06-09,short,close_through,0,15,0.21212121212121213,1,26.0,0.22510822510822512,21849.75,21890.75,41.0,True,1.1057692307692308,False,2.519230769230769,5.0
2025-06-10,short,close_through,90,175,0.5016611295681063,2,25.0,0.33222591362126247,21890.25,21931.0,40.75,True,1.36,True,4.14,5.0
2025-06-10,long,close_through,60,90,1.0,3,97.75,1.2990033222591362,21894.75,21742.75,152.0,False,1.1943734015345269,False,2.1918158567774935,5.0
2025-06-11,short,close_through,0,35,0.1803921568627451,3,28.5,0.2235294117647059,21999.25,22066.25,67.0,True,2.324561403508772,False,9.640350877192983,5.0
2025-06-11,long,close_through,110,245,0.9803921568627451,2,55.75,0.4372549019607843,21894.5,21790.75,103.75,False,1.1210762331838564,False,1.4753363228699552,5.0
2025-06-12,short,close_through,5,45,0.4174107142857143,1,34.5,0.3080357142857143,21924.25,21977.25,53.0,True,1.3043478260869565,False,2.5579710144927534,5.0
2025-06-13,short,close_through,50,115,0.33755274261603374,2,23.75,0.13361462728551335,21820.5,21854.75,34.25,False,1.0210526315789474,False,10.294736842105262,5.0
2025-06-16,short,close_through,0,15,0.028,1,6.25,0.03333333333333333,22189.0,22206.75,17.75,True,2.36,True,5.2,5.0
2025-06-17,short,sweep,40,135,0.013953488372093023,3,55.25,0.513953488372093,22070.0,22135.0,65.0,True,1.1040723981900453,False,4.009049773755656,5.0
2025-06-17,long,close_through,145,265,1.083720930232558,2,26.25,0.2441860465116279,21976.75,21909.5,67.25,False,1.619047619047619,False,2.6952380952380954,5.0
2025-06-18,short,close_through,0,20,0.09409888357256778,1,16.25,0.10366826156299841,22064.25,22097.75,33.5,True,1.523076923076923,False,12.723076923076922,5.0
2025-06-20,long,close_through,10,40,0.46487603305785125,1,35.25,0.14566115702479338,21853.25,21776.0,77.25,False,1.9858156028368794,True,3.9361702127659575,5.0
2025-06-23,short,sweep,15,20,0.022660098522167486,1,20.25,0.07980295566502463,21980.75,22018.0,37.25,True,1.1975308641975309,True,13.17283950617284,5.0
2025-06-23,long,sweep,125,165,0.07980295566502463,4,134.5,0.5300492610837438,21957.5,21738.25,219.25,True,1.1988847583643123,False,2.2063197026022303,5.0
2025-06-24,short,close_through,10,80,0.7414965986394558,1,7.5,0.10204081632653061,22370.0,22388.0,18.0,False,2.2,True,3.9,5.0
2025-06-25,long,close_through,30,145,0.636094674556213,2,17.5,0.20710059171597633,22442.75,22410.0,32.75,False,1.3714285714285714,True,2.5142857142857142,5.0
2025-06-26,short,close_through,0,10,0.22474747474747475,1,11.5,0.11616161616161616,22562.75,22597.25,34.5,True,1.5434782608695652,True,2.0869565217391304,5.0
2025-06-27,long,close_through,225,275,0.6078431372549019,3,31.0,0.22103386809269163,22644.25,22600.0,44.25,False,1.1129032258064515,False,4.838709677419355,5.0
2025-06-30,long,sweep,205,225,0.09846153846153846,1,6.5,0.08,22829.5,22786.25,43.25,True,1.3076923076923077,True,3.1153846153846154,5.0
2025-07-01,long,close_through,0,140,1.550251256281407,2,110.5,1.1105527638190955,22734.5,22594.5,140.0,False,1.1787330316742082,False,1.4298642533936652,5.0
2025-07-02,short,close_through,0,55,0.33503401360544216,2,21.5,0.14625850340136054,22803.5,22847.5,44.0,False,1.3837209302325582,True,1.627906976744186,5.0
2025-07-07,long,close_through,20,85,0.23376623376623376,2,33.25,0.4318181818181818,22929.0,22882.5,46.5,True,1.0075187969924813,True,2.0150375939849625,5.0
2025-07-08,short,close_through,110,155,0.2037037037037037,4,39.75,0.42063492063492064,22903.75,22962.75,59.0,True,1.10062893081761,False,1.9433962264150944,5.0
2025-07-08,long,sweep,20,110,0.08465608465608465,3,74.5,0.7883597883597884,22947.0,22841.0,106.0,False,1.1375838926174497,False,1.348993288590604,5.0
2025-07-09,long,close_through,5,50,0.43470149253731344,2,12.5,0.09328358208955224,22971.5,22919.75,51.75,False,2.44,False,9.36,5.0
2025-07-11,short,sweep,5,10,0.03180212014134275,1,8.25,0.05830388692579505,22986.75,23009.0,22.25,True,1.4848484848484849,True,10.93939393939394,5.0
2025-07-14,short,close_through,25,190,0.5255102040816326,1,7.75,0.05272108843537415,23049.0,23066.5,17.5,False,1.2258064516129032,False,5.483870967741935,5.0
2025-07-15,long,close_through,20,55,0.2396088019559902,2,56.25,0.5501222493887531,23168.5,23096.0,72.5,True,1.2266666666666666,True,1.448888888888889,5.0
2025-07-16,long,close_through,45,85,0.8046181172291297,2,110.75,0.7868561278863233,22990.75,22835.5,155.25,True,1.0857787810383748,False,2.072234762979684,5.0
2025-07-17,short,close_through,0,215,0.954337899543379,1,13.75,0.12557077625570776,23251.25,23279.75,28.5,False,1.7454545454545454,False,2.8181818181818183,5.0
2025-07-18,long,close_through,115,285,0.13995943204868155,3,34.5,0.2799188640973631,23224.75,23169.5,55.25,True,1.0507246376811594,False,1.2753623188405796,5.0
2025-07-21,short,sweep,0,5,0.03353658536585366,1,1.75,0.010670731707317074,23413.75,23424.75,11.0,True,2.857142857142857,False,51.57142857142857,5.0
2025-07-23,short,close_through,80,300,0.5128205128205128,1,20.5,0.1752136752136752,23283.25,23323.75,40.5,False,1.2926829268292683,True,1.9878048780487805,5.0
2025-07-24,short,close_through,160,315,0.22871046228710462,3,16.25,0.15815085158150852,23401.25,23424.5,23.25,False,1.1076923076923078,False,2.8923076923076922,5.0
2025-07-28,long,close_through,45,105,0.4357976653696498,2,37.25,0.5797665369649806,23498.0,23436.75,61.25,True,1.0268456375838926,False,1.3288590604026846,5.0
2025-07-29,long,close_through,20,75,0.8835164835164835,2,27.5,0.24175824175824176,23498.0,23438.25,59.75,False,1.4181818181818182,True,2.4272727272727272,5.0
2025-07-30,short,close_through,0,30,0.1986754966887417,1,16.0,0.2119205298013245,23507.0,23541.25,34.25,True,1.59375,True,3.5625,5.0
2025-07-31,long,close_through,5,65,0.882661996497373,3,70.25,0.4921190893169877,23576.5,23483.25,93.25,False,1.0355871886120998,True,1.612099644128114,5.0
2025-08-01,long,sweep,215,230,0.08453085376162299,4,49.0,0.16568047337278108,22860.0,22775.0,85.0,True,1.0408163265306123,False,2.7653061224489797,5.0
2025-08-04,short,close_through,90,190,0.11965811965811966,5,14.0,0.07977207977207977,23262.0,23285.25,23.25,True,1.5714285714285714,True,3.0535714285714284,5.0
2025-08-05,long,close_through,0,90,1.0940959409594095,2,35.25,0.26014760147601473,23175.75,23113.5,62.25,False,1.1418439716312057,False,3.3049645390070923,5.0
2025-08-06,short,close_through,25,115,0.7380952380952381,1,12.25,0.08974358974358974,23368.75,23385.75,17.0,False,1.0612244897959184,True,2.4081632653061225,5.0
2025-08-07,long,sweep,0,5,0.017509727626459144,1,8.0,0.0622568093385214,23576.75,23540.25,36.5,True,1.3125,True,1.9375,5.0
2025-08-08,short,close_through,0,20,0.1270358306188925,1,18.0,0.11726384364820847,23664.75,23703.0,38.25,True,1.625,True,4.555555555555555,5.0
2025-08-11,short,close_through,90,185,0.4265129682997118,6,77.0,0.8876080691642652,23711.0,23804.5,93.5,True,1.1428571428571428,False,2.7467532467532467,5.0
2025-08-12,short,close_through,35,245,0.6684563758389261,3,11.25,0.06040268456375839,23911.0,23932.75,21.75,False,1.2,True,1.9777777777777779,5.0
2025-08-13,long,sweep,0,10,0.03909465020576132,1,2.5,0.0205761316872428,23967.5,23942.25,25.25,True,5.2,True,0.0,
2025-08-14,short,close_through,0,20,0.39915966386554624,1,16.75,0.1407563025210084,23974.75,24007.75,33.0,False,1.4477611940298507,False,8.119402985074627,5.0
2025-08-15,long,close_through,70,140,0.2539964476021314,2,71.0,0.5044404973357016,23813.0,23734.5,78.5,True,1.0035211267605635,False,1.4894366197183098,5.0
2025-08-18,long,sweep,15,35,0.1792717086834734,3,30.25,0.3389355742296919,23780.25,23719.0,61.25,True,1.0330578512396693,False,2.2231404958677685,5.0
2025-08-19,long,close_through,0,175,1.2067796610169492,1,19.5,0.13220338983050847,23485.75,23445.0,40.75,False,1.5512820512820513,True,3.1666666666666665,5.0
2025-08-20,long,close_through,10,35,0.0773405698778833,4,54.25,0.14721845318860244,23123.25,23035.0,88.25,True,1.4470046082949308,False,5.972350230414746,5.0
2025-08-21,long,close_through,145,185,0.19245773732119636,3,55.25,0.28738621586475943,23195.25,23119.0,76.25,True,1.2262443438914028,False,2.3122171945701355,5.0
2025-08-22,short,close_through,15,75,0.03976608187134503,1,42.25,0.09883040935672514,23590.5,23650.0,59.5,True,1.3136094674556213,False,3.2840236686390534,5.0
2025-08-25,short,close_through,5,150,0.4692144373673036,1,15.0,0.12738853503184713,23578.0,23616.25,38.25,False,1.7666666666666666,False,7.7,5.0
2025-08-27,short,close_through,0,30,0.0819327731092437,2,13.5,0.1134453781512605,23592.25,23616.25,24.0,True,1.4444444444444444,True,2.925925925925926,5.0
2025-08-28,short,sweep,45,50,0.061855670103092786,3,25.0,0.14727540500736377,23707.5,23752.75,45.25,True,1.02,True,2.72,5.0
2025-08-29,long,close_through,20,195,0.12708333333333333,2,29.25,0.121875,23455.25,23397.5,57.75,True,1.4188034188034189,False,2.786324786324786,5.0
2025-09-03,short,close_through,0,55,0.5183374083129584,4,83.0,0.8117359413202934,23424.5,23525.25,100.75,True,1.108433734939759,False,2.38855421686747,5.0
2025-09-03,long,close_through,195,250,0.5061124694376528,2,27.0,0.26405867970660146,23349.75,23318.25,31.5,False,1.0462962962962963,False,4.944444444444445,5.0
2025-09-04,short,sweep,50,60,0.05605786618444846,1,9.25,0.06690777576853527,23535.5,23556.0,20.5,True,1.135135135135135,True,3.6216216216216215,5.0
2025-09-05,long,close_through,5,65,0.4515539305301645,2,97.5,0.35648994515539306,23644.25,23505.0,139.25,True,1.117948717948718,False,1.6307692307692307,5.0
2025-09-08,short,close_through,0,45,0.11244019138755981,2,23.25,0.22248803827751196,23849.0,23888.0,39.0,True,1.3763440860215055,False,5.204301075268817,5.0
2025-09-08,long,sweep,200,225,0.0861244019138756,2,17.5,0.1674641148325359,23811.75,23762.75,49.0,True,1.4714285714285715,True,1.9285714285714286,5.0
2025-09-09,long,close_through,0,100,0.7222222222222222,2,67.25,0.8790849673202614,23819.75,23726.0,93.75,True,1.141263940520446,False,2.1858736059479553,5.0
2025-09-10,long,sweep,135,145,0.029925187032418952,3,23.5,0.2344139650872818,23924.5,23897.25,27.25,True,1.0106382978723405,True,1.6808510638297873,5.0
2025-09-11,short,close_through,5,150,0.44562334217506633,2,32.75,0.34748010610079577,24002.25,24046.0,43.75,True,1.1450381679389312,False,1.297709923664122,5.0
2025-09-12,short,close_through,0,70,0.5250836120401338,2,24.75,0.3311036789297659,24080.0,24115.5,35.5,False,1.0808080808080809,True,1.4141414141414141,5.0
2025-09-15,short,close_through,30,145,0.27296587926509186,2,16.25,0.17060367454068243,24507.5,24534.0,26.5,True,1.2461538461538462,True,2.4923076923076923,5.0
2025-09-16,long,close_through,30,80,0.22884012539184953,1,7.5,0.09404388714733543,24522.25,24502.5,19.75,True,1.4333333333333333,True,0.0,
2025-09-17,long,close_through,0,40,0.3054892601431981,2,18.5,0.1766109785202864,24432.0,24404.0,28.0,False,1.0945945945945945,True,1.7972972972972974,5.0
2025-09-19,short,close_through,110,165,0.225,2,20.0,0.25,24801.25,24835.5,34.25,True,1.2625,True,1.55,5.0
2025-09-19,long,close_through,15,70,0.36875,2,13.5,0.16875,24747.25,24708.0,39.25,True,1.6851851851851851,False,12.11111111111111,5.0
2025-09-22,short,close_through,5,40,0.3460490463215259,2,11.0,0.11989100817438691,24909.75,24937.75,28.0,False,1.5454545454545454,True,2.6818181818181817,5.0
2025-09-24,long,close_through,40,45,0.06535947712418301,1,12.5,0.10893246187363835,24793.5,24777.0,16.5,True,1.22,True,2.54,5.0
2025-09-25,short,close_through,10,20,0.06841505131128849,1,25.5,0.11630558722919042,24627.25,24656.75,29.5,True,1.0784313725490196,True,2.784313725490196,5.0
2025-09-26,short,sweep,250,260,0.017584994138335287,2,10.0,0.04689331770222743,24713.25,24737.0,23.75,True,1.225,False,2.525,5.0
2025-09-29,long,close_through,65,100,0.1787819253438114,1,18.75,0.14734774066797643,24863.0,24825.5,37.5,True,1.7466666666666666,True,1.9866666666666666,5.0
2025-09-30,short,close_through,15,45,0.29195402298850576,2,28.75,0.26436781609195403,24805.0,24862.75,57.75,True,1.7826086956521738,True,4.3304347826086955,5.0
2025-10-01,short,close_through,0,45,0.1661676646706587,3,19.75,0.11826347305389222,24879.5,24920.75,41.25,True,1.2658227848101267,True,1.481012658227848,5.0
2025-10-02,long,close_through,30,180,0.13064516129032258,5,93.5,0.603225806451613,25090.0,24993.75,96.25,True,1.0160427807486632,False,1.4064171122994653,5.0
2025-10-06,short,close_through,170,310,0.29523809523809524,5,22.5,0.21428571428571427,25210.5,25252.75,42.25,True,1.5555555555555556,False,2.888888888888889,5.0
2025-10-06,long,sweep,10,15,0.07857142857142857,1,12.5,0.11904761904761904,25155.0,25108.5,46.5,True,1.92,False,9.74,5.0
2025-10-07,long,close_through,5,90,3.890829694323144,2,42.5,0.74235807860262,25054.0,24984.75,69.25,False,1.3411764705882352,False,2.235294117647059,5.0
2025-10-08,short,close_through,55,125,0.28821656050955413,3,18.25,0.11624203821656051,25247.5,25276.25,28.75,False,1.1095890410958904,True,1.8767123287671232,5.0
2025-10-09,long,close_through,0,30,0.5607734806629834,3,49.75,0.5497237569060773,25257.5,25193.5,64.0,True,1.1055276381909547,True,1.4472361809045227,5.0
2025-10-13,short,close_through,105,180,0.24074074074074073,4,51.0,0.2698412698412698,24896.0,24959.0,63.0,True,1.0980392156862746,True,1.2450980392156863,5.0
2025-10-14,short,close_through,0,25,0.061677631578947366,1,27.75,0.0912828947368421,24690.0,24743.75,53.75,True,1.3963963963963963,True,1.4144144144144144,5.0
2025-10-15,short,sweep,0,10,0.008092485549132947,1,5.25,0.024277456647398842,25094.0,25115.0,21.0,True,2.5238095238095237,False,84.57142857142857,5.0
2025-10-15,long,close_through,80,265,1.0809248554913296,7,244.5,1.130635838150289,24953.0,24663.25,289.75,True,1.0224948875255624,False,1.0357873210633948,5.0
2025-10-16,short,close_through,5,55,0.48322147651006714,3,88.5,0.7919463087248322,25038.5,25179.5,141.0,True,1.4858757062146892,False,5.9491525423728815,5.0
2025-10-16,long,close_through,60,165,2.5212527964205815,2,163.25,1.4608501118568233,24930.75,24732.0,198.75,False,1.004594180704441,True,1.1837672281776417,5.0
2025-10-17,short,sweep,120,140,0.04336513443191674,2,36.25,0.12575888985255854,24890.0,24973.25,83.25,True,1.6137931034482758,True,3.296551724137931,5.0
2025-10-20,short,close_through,0,95,0.3674074074074074,1,21.5,0.1274074074074074,25311.25,25345.5,34.25,False,1.0813953488372092,True,2.0348837209302326,5.0
2025-10-21,short,close_through,75,145,0.4433249370277078,2,5.0,0.05037783375314862,25285.5,25348.5,63.0,True,10.4,False,17.5,5.0
2025-10-22,long,close_through,0,20,0.36428571428571427,3,51.0,0.2914285714285714,25132.75,25050.5,82.25,True,1.1470588235294117,True,2.3137254901960786,5.0
2025-10-23,short,close_through,5,20,0.1037344398340249,1,30.5,0.16874135546334718,25156.5,25198.5,42.0,True,1.2540983606557377,True,1.778688524590164,5.0
2025-10-24,short,sweep,110,130,0.11974789915966387,3,6.5,0.0546218487394958,25527.5,25563.0,35.5,True,2.076923076923077,True,2.9615384615384617,5.0
2025-10-27,short,close_through,0,20,0.20504731861198738,3,20.5,0.2586750788643533,25867.0,25892.0,25.0,True,1.0731707317073171,True,1.8414634146341464,5.0
2025-10-28,short,close_through,115,310,2.0957854406130267,2,19.5,0.2988505747126437,26194.25,26231.5,37.25,False,1.6025641025641026,False,3.4743589743589745,5.0
2025-10-28,long,close_through,0,35,0.31800766283524906,3,21.25,0.32567049808429116,26053.0,26008.75,44.25,True,1.3529411764705883,True,1.411764705882353,5.0
2025-10-29,long,sweep,20,50,0.23344947735191637,1,3.75,0.05226480836236934,26271.0,26238.0,33.0,True,4.266666666666667,True,5.2,5.0
2025-10-31,long,close_through,80,190,1.2275985663082438,1,2.5,0.017921146953405017,25941.75,25888.75,53.0,False,9.9,False,80.5,5.0
2025-11-03,long,close_through,0,10,0.07510729613733906,1,13.0,0.055793991416309016,26090.5,26015.5,75.0,True,4.576923076923077,False,10.403846153846153,5.0
2025-11-04,long,close_through,105,200,0.26572668112798264,3,32.75,0.1420824295010846,25681.0,25601.75,79.25,True,2.213740458015267,True,2.435114503816794,5.0
2025-11-05,short,close_through,10,40,0.07592190889370933,2,15.25,0.06616052060737528,25679.25,25736.0,56.75,True,1.6229508196721312,True,3.0,5.0
2025-11-06,long,close_through,5,30,0.40444444444444444,2,36.5,0.12977777777777777,25351.25,25290.75,60.5,False,1.321917808219178,True,1.8424657534246576,5.0
2025-11-07,short,close_through,265,285,0.07314410480349345,2,38.25,0.16703056768558952,25072.75,25127.75,55.0,True,1.065359477124183,True,2.3529411764705883,5.0
2025-11-07,long,close_through,10,105,0.7543668122270742,2,43.25,0.1888646288209607,24790.75,24709.25,81.5,False,1.4682080924855492,False,10.306358381502891,5.0
2025-11-10,long,close_through,25,85,0.5185840707964602,1,15.0,0.10619469026548672,25521.25,25452.0,69.25,False,2.6666666666666665,False,18.616666666666667,5.0
2025-11-11,long,close_through,0,45,0.4083885209713024,2,37.5,0.33112582781456956,25558.5,25486.5,72.0,True,1.54,True,2.42,5.0
2025-11-12,long,close_through,5,55,0.29418472063854045,3,46.25,0.21094640820980615,25582.25,25497.0,85.25,True,1.5405405405405406,True,2.108108108108108,5.0
2025-11-13,long,close_through,15,60,0.44306651634723787,2,19.0,0.08568207440811725,25249.75,25182.0,67.75,False,1.986842105263158,True,0.0,
2025-11-14,short,close_through,5,120,0.6577639751552795,2,32.25,0.08012422360248447,25243.5,25293.25,49.75,False,1.124031007751938,False,6.465116279069767,5.0
2025-11-17,long,sweep,45,70,0.033444816053511704,7,174.0,0.5819397993311036,25140.25,24945.0,195.25,True,1.0272988505747127,True,1.3764367816091954,5.0
2025-11-18,long,close_through,30,35,0.13370646766169153,2,76.5,0.19029850746268656,24508.5,24376.25,132.25,True,1.1895424836601307,False,5.133986928104576,5.0
2025-11-19,long,close_through,120,140,0.15764139590854392,2,110.0,0.2647412755716005,24637.75,24507.0,130.75,True,1.05,False,2.8,5.0
2025-11-20,short,sweep,5,15,0.06666666666666667,2,33.25,0.216260162601626,25230.75,25310.0,79.25,True,1.8345864661654134,False,35.902255639097746,5.0
2025-11-20,long,close_through,30,150,5.4471544715447155,2,103.25,0.6715447154471544,24440.75,24308.5,132.25,False,1.062953995157385,True,2.593220338983051,5.0
2025-11-21,short,close_through,85,100,0.3471837488457987,1,17.5,0.06463527239150507,24357.5,24392.0,34.5,False,1.0142857142857142,True,3.9857142857142858,5.0
2025-11-21,long,close_through,0,15,0.36934441366574333,2,93.5,0.34533702677746997,24095.0,23927.25,167.75,True,1.532085561497326,False,6.893048128342246,5.0
2025-11-24,short,close_through,5,85,0.4743083003952569,2,16.0,0.06324110671936758,24846.25,24889.75,43.5,False,1.78125,True,2.859375,5.0
2025-11-25,short,close_through,50,145,0.6531531531531531,2,49.25,0.17747747747747747,24986.25,25060.75,74.5,False,1.1065989847715736,True,2.0862944162436547,5.0
2025-11-26,short,close_through,30,105,0.6535836177474402,3,40.75,0.2781569965870307,25318.0,25376.0,58.0,False,1.1288343558282208,False,2.03680981595092,5.0
2025-12-01,short,close_through,20,145,0.5938803894297635,2,31.0,0.17246175243393602,25450.5,25495.75,45.25,False,1.0887096774193548,False,4.104838709677419,5.0
2025-12-02,short,sweep,20,40,0.08310626702997276,4,100.0,0.5449591280653951,25539.75,25670.0,130.25,True,1.115,False,2.3675,5.0
2025-12-03,short,close_through,0,20,0.21453287197231835,1,24.5,0.1695501730103806,25560.0,25605.5,45.5,True,1.4387755102040816,True,3.0,5.0
2025-12-04,long,sweep,35,85,0.08051948051948052,4,96.75,0.5025974025974026,25642.0,25505.0,137.0,True,1.1188630490956073,True,1.2351421188630491,5.0
2025-12-05,long,sweep,60,80,0.11439588688946016,2,37.25,0.19151670951156813,25735.25,25651.25,84.0,True,1.5570469798657718,False,2.261744966442953,5.0
2025-12-08,long,close_through,25,50,0.150920245398773,1,16.25,0.07975460122699386,25661.0,25626.25,34.75,True,1.4153846153846155,True,1.9846153846153847,5.0
2025-12-09,short,close_through,10,70,0.3931818181818182,1,17.0,0.15454545454545454,25673.75,25713.25,39.5,False,1.9705882352941178,True,2.0,5.0
2025-12-10,short,sweep,145,170,0.09501187648456057,2,37.0,0.3515439429928741,25621.75,25682.25,60.5,True,1.2635135135135136,True,1.9864864864864864,5.0
2025-12-10,long,close_through,10,45,0.36342042755344417,3,74.25,0.7054631828978623,25637.5,25528.75,108.75,True,1.1683501683501682,False,4.30976430976431,5.0
2025-12-16,short,close_through,305,325,0.15200868621064062,1,15.75,0.06840390879478828,25372.25,25444.0,71.75,True,3.1746031746031744,False,0.0,
2025-12-16,long,sweep,150,190,0.03040173724212812,5,106.25,0.46145494028230183,25318.0,25171.75,146.25,True,1.1058823529411765,False,2.291764705882353,5.0
2025-12-17,long,close_through,5,110,1.304079110012361,1,38.25,0.18912237330037082,25075.25,24981.75,93.5,False,2.045751633986928,True,2.3006535947712417,5.0
2025-12-18,short,close_through,0,55,0.4235127478753541,2,27.5,0.1558073654390935,25353.0,25412.5,59.5,False,1.481818181818182,False,7.609090909090909,5.0
2025-12-22,long,close_through,0,35,0.36122448979591837,2,39.75,0.32448979591836735,25692.0,25628.0,64.0,True,1.0880503144654088,False,1.9748427672955975,5.0
2025-12-23,short,close_through,55,105,0.21544715447154472,1,2.75,0.022357723577235773,25768.75,25777.75,9.0,False,2.0,True,8.545454545454545,5.0
2025-12-29,long,close_through,115,140,0.08744038155802862,5,38.25,0.24324324324324326,25700.75,25648.0,52.75,True,1.1111111111111112,False,3.0326797385620914,5.0
2025-12-30,short,close_through,50,65,0.1890547263681592,3,30.25,0.3009950248756219,25743.75,25793.75,50.0,True,1.2727272727272727,False,3.768595041322314,5.0
2025-12-31,long,close_through,20,55,0.2056451612903226,3,32.75,0.26411290322580644,25596.0,25542.5,53.5,True,1.251908396946565,True,2.427480916030534,5.0
2026-01-02,long,close_through,20,215,0.5541125541125541,1,53.5,0.1544011544011544,25358.75,25265.25,93.5,False,1.3598130841121496,False,3.196261682242991,5.0
2026-01-05,short,close_through,0,5,0.04647160068846816,1,10.5,0.07228915662650602,25655.0,25690.5,35.5,True,2.8333333333333335,True,4.5476190476190474,5.0
2026-01-06,short,close_through,125,215,0.1827485380116959,1,6.0,0.03508771929824561,25794.5,25810.25,15.75,False,1.7083333333333333,True,1.75,5.0
2026-01-07,short,close_through,0,10,0.20412844036697247,1,16.5,0.15137614678899083,25854.0,25902.25,48.25,True,1.7272727272727273,True,0.0,
2026-01-09,short,close_through,0,5,0.0744138634046891,1,10.5,0.04281345565749235,25842.75,25879.0,36.25,True,2.0952380952380953,True,9.857142857142858,5.0
2026-01-12,short,close_through,40,95,0.20394736842105263,1,4.25,0.02236842105263158,25954.5,25972.25,17.75,False,2.5294117647058822,True,0.0,
2026-01-13,long,sweep,15,20,0.011917659804983749,3,29.75,0.12892741061755147,25887.25,25809.25,78.0,True,2.4705882352941178,True,7.126050420168068,5.0
2026-01-14,long,close_through,15,175,0.37439846005774785,1,45.75,0.17613089509143406,25497.0,25433.25,63.75,False,1.1530054644808743,True,1.3825136612021858,5.0
2026-01-15,long,close_through,15,30,0.3438202247191011,3,82.5,0.7415730337078652,25913.25,25803.25,110.0,True,1.0909090909090908,True,1.3909090909090909,5.0
2026-01-16,long,close_through,0,25,0.3179317931793179,3,45.75,0.20132013201320131,25680.5,25591.5,89.0,True,1.2568306010928962,False,2.8360655737704916,5.0
2026-01-20,short,close_through,0,15,0.35992578849721707,1,10.25,0.07606679035250463,25351.0,25417.0,66.0,True,3.682926829268293,True,7.365853658536586,5.0
2026-01-20,long,close_through,180,325,1.007421150278293,1,16.5,0.12244897959183673,25142.25,25098.0,44.25,False,2.0454545454545454,False,0.0,
2026-01-21,short,close_through,0,45,0.4146576663452266,1,1.5,0.0057859209257473485,25455.0,25494.25,39.25,False,1.5,True,210.16666666666666,5.0
2026-01-23,short,close_through,0,130,0.4092039800995025,7,95.25,0.47388059701492535,25730.0,25845.75,115.75,True,1.178477690288714,False,1.6719160104986877,5.0
2026-01-26,short,close_through,20,135,0.27434842249657065,3,31.5,0.1728395061728395,25891.5,25936.5,45.0,False,1.0873015873015872,False,2.7063492063492065,5.0
2026-01-27,short,close_through,0,100,0.20317460317460317,5,30.25,0.19206349206349208,26071.0,26106.75,35.75,True,1.024793388429752,True,2.115702479338843,5.0
2026-01-28,long,close_through,0,90,1.0859375,1,18.75,0.1953125,26133.25,26100.75,32.5,False,1.2666666666666666,False,5.48,5.0
2026-01-29,long,close_through,0,90,0.39901477832512317,5,189.5,0.41488779419813904,25742.75,25536.0,206.75,True,1.0395778364116095,False,2.5026385224274406,5.0
2026-02-02,short,close_through,90,130,0.05436241610738255,2,12.0,0.032214765100671144,25911.5,25932.5,21.0,True,1.0416666666666667,True,1.2708333333333333,5.0
2026-02-03,long,close_through,80,220,0.5212655601659751,6,88.5,0.18360995850622408,25322.75,25219.0,103.75,False,1.03954802259887,False,2.57909604519774,5.0
2026-02-04,long,close_through,30,50,0.23581560283687944,1,58.5,0.2074468085106383,25111.5,25041.5,70.0,True,1.0042735042735043,True,1.4786324786324787,5.0
2026-02-05,long,sweep,40,45,0.016433353621424222,3,83.75,0.20389531345100426,24676.0,24543.25,132.75,True,1.48955223880597,False,4.014925373134329,5.0
2026-02-06,short,close_through,35,85,0.23918799646954986,1,30.25,0.10679611650485436,25000.75,25051.75,51.0,False,1.1983471074380165,True,1.6694214876033058,5.0
2026-02-09,short,close_through,5,115,0.5443886097152428,3,17.0,0.05695142378559464,25384.0,25416.5,32.5,False,1.3970588235294117,True,5.632352941176471,5.0
2026-02-12,long,close_through,5,190,1.6588103254769921,4,75.5,0.3389450056116723,24908.0,24800.25,107.75,False,1.096026490066225,True,1.5695364238410596,5.0
2026-02-13,short,close_through,0,5,0.19880034275921166,1,58.75,0.20137103684661525,24828.0,24928.5,100.5,True,1.353191489361702,True,3.174468085106383,5.0
2026-02-17,short,close_through,185,265,0.20933521923620935,3,36.5,0.10325318246110325,24815.0,24889.75,74.75,True,1.5890410958904109,False,3.76027397260274,5.0
2026-02-17,long,close_through,0,15,0.036775106082036775,1,62.0,0.1753889674681754,24570.5,24449.25,121.25,True,1.717741935483871,False,6.866935483870968,5.0
2026-02-18,short,close_through,10,75,0.1343167701863354,1,9.5,0.029503105590062112,25088.5,25117.25,28.75,False,1.5789473684210527,True,4.842105263157895,5.0
2026-02-19,short,sweep,50,55,0.015503875968992248,4,52.0,0.268733850129199,24872.75,24959.5,86.75,True,1.3894230769230769,False,3.769230769230769,5.0
2026-02-19,long,sweep,170,205,0.07235142118863049,1,58.5,0.3023255813953488,24842.0,24749.0,93.0,True,1.1837606837606838,False,1.5940170940170941,5.0
2026-02-20,short,close_through,15,105,0.13967861557478367,6,182.75,0.45179233621755255,24926.75,25139.5,212.75,True,1.076607387140903,False,1.3365253077975376,5.0
2026-02-25,short,close_through,210,250,0.08170731707317073,2,4.5,0.02195121951219512,25366.25,25378.5,12.25,False,1.8333333333333333,True,5.0,5.0
2026-02-26,long,close_through,0,5,0.05087527352297593,1,61.75,0.1351203501094092,24975.25,24861.75,113.5,True,1.6842105263157894,False,3.688259109311741,5.0
2026-02-27,short,close_through,10,20,0.09164733178654293,2,44.0,0.20417633410672853,24942.75,25017.25,74.5,True,1.2670454545454546,True,1.7272727272727273,5.0
2026-03-02,short,close_through,15,55,0.12691466083150985,3,88.75,0.2589350838803793,24867.5,24991.25,123.75,True,1.2422535211267605,True,1.315492957746479,5.0
2026-03-03,short,close_through,75,240,0.5537590945836701,2,60.25,0.1948261924009701,24725.75,24832.5,106.75,False,1.3402489626556016,True,1.6099585062240664,5.0
2026-03-05,long,close_through,0,5,0.24387527839643652,1,37.0,0.16481069042316257,25041.5,24930.5,111.0,True,1.7972972972972974,True,4.0,5.0
2026-03-06,short,close_through,0,15,0.2917139614074915,2,55.5,0.25198637911464244,24803.75,24893.25,89.5,True,1.3243243243243243,True,2.2567567567567566,5.0
2026-03-09,short,close_through,10,170,1.055359246171967,9,95.0,0.44758539458186103,24619.25,24749.25,130.0,False,1.2473684210526317,True,1.7052631578947368,5.0
2026-03-10,short,close_through,5,180,0.716358839050132,1,16.5,0.0870712401055409,25162.0,25217.5,55.5,False,3.0757575757575757,False,16.515151515151516,5.0
2026-03-11,long,close_through,0,10,0.10186335403726708,1,57.75,0.28695652173913044,25036.75,24958.25,78.5,True,1.155844155844156,True,2.0779220779220777,5.0
2026-03-12,long,close_through,0,10,0.20321469575200918,1,11.75,0.0539609644087256,24645.25,24572.5,72.75,True,3.382978723404255,True,9.74468085106383,5.0
2026-03-13,long,close_through,10,95,1.1287001287001286,2,36.25,0.1866151866151866,24456.75,24391.75,65.0,False,1.3241379310344827,True,2.2,5.0
2026-03-16,short,close_through,275,285,0.3832752613240418,1,85.25,0.5940766550522648,24911.5,25035.0,123.5,True,1.0586510263929618,False,1.780058651026393,5.0
2026-03-16,long,sweep,20,25,0.02264808362369338,1,0.5,0.003484320557491289,24909.25,24833.25,76.0,True,105.5,True,195.0,5.0
2026-03-17,long,sweep,65,105,0.11601307189542484,2,33.25,0.2173202614379085,25018.75,24946.25,72.5,True,1.443609022556391,False,2.6165413533834587,5.0
2026-03-18,long,close_through,150,200,0.0871313672922252,4,65.5,0.3512064343163539,24872.5,24795.5,77.0,True,1.0381679389312977,True,1.7099236641221374,5.0
2026-03-19,short,close_through,35,45,0.13977272727272727,2,40.75,0.18522727272727274,24485.0,24577.5,92.5,True,1.0920245398773005,True,3.723926380368098,5.0
2026-03-20,long,close_through,20,40,0.036889332003988036,1,56.0,0.22333000997008973,24304.75,24231.25,73.5,True,1.2098214285714286,True,2.138392857142857,5.0
2026-03-23,short,sweep,40,65,0.006842619745845552,3,72.5,0.28347996089931576,24540.0,24690.0,150.0,True,1.8655172413793104,False,5.058620689655172,5.0
2026-03-23,long,close_through,80,185,0.48484848484848486,3,130.5,0.5102639296187683,24450.0,24308.5,141.5,True,1.0153256704980842,False,1.6800766283524904,5.0
2026-03-24,short,close_through,20,150,0.3692098092643052,5,122.75,0.6689373297002725,24221.75,24385.25,163.5,True,1.185336048879837,False,1.6863543788187372,5.0
2026-03-26,long,close_through,25,260,1.2296918767507004,1,33.25,0.18627450980392157,23887.0,23844.5,42.5,False,1.1654135338345866,True,1.1654135338345866,5.0
2026-03-27,long,sweep,5,25,0.061611374407582936,1,41.5,0.1966824644549763,23511.5,23440.0,71.5,True,1.3132530120481927,True,3.6987951807228914,5.0
2026-03-30,long,close_through,5,20,0.12423625254582485,2,53.25,0.21690427698574338,23330.25,23262.25,68.0,True,1.051643192488263,True,3.0422535211267605,5.0
2026-03-31,long,sweep,25,125,0.011138613861386138,5,160.5,0.7945544554455446,23668.75,23376.5,292.25,False,1.6292834890965733,False,3.5389408099688473,5.0
2026-04-01,short,close_through,0,145,0.7164179104477612,1,1.0,0.005970149253731343,24318.75,24330.75,12.0,False,7.25,True,0.0,
2026-04-06,long,close_through,160,170,0.20823244552058112,1,52.25,0.25302663438256656,24290.75,24202.75,88.0,True,1.2200956937799043,False,2.8564593301435406,5.0
2026-04-07,long,close_through,30,80,0.16719745222929935,4,112.0,0.35668789808917195,24085.75,23941.5,144.25,True,1.0625,False,3.6986607142857144,5.0
2026-04-08,long,close_through,0,70,0.5597104945717732,6,62.75,0.3027744270205066,25056.0,24926.5,129.5,True,1.00398406374502,False,2.6215139442231075,5.0
2026-04-09,long,sweep,0,10,0.021996615905245348,1,5.75,0.038917089678511,24986.5,24960.5,26.0,True,1.826086956521739,False,51.08695652173913,5.0
2026-04-10,short,sweep,0,10,0.044444444444444446,1,13.0,0.12839506172839507,25319.75,25373.75,54.0,True,2.673076923076923,True,3.3461538461538463,5.0
2026-04-10,long,close_through,85,280,0.45185185185185184,4,65.25,0.6444444444444445,25293.5,25222.25,71.25,True,1.0153256704980842,False,1.1455938697318007,5.0
2026-04-13,short,close_through,20,90,0.16040462427745664,2,51.75,0.2991329479768786,25293.25,25360.75,67.5,True,1.1304347826086956,True,1.3381642512077294,5.0
2026-04-15,short,close_through,0,5,0.12171052631578948,1,3.0,0.019736842105263157,26111.25,26152.75,41.5,True,8.333333333333334,True,8.25,5.0
2026-04-16,short,close_through,35,110,0.6230661040787623,2,21.75,0.12236286919831224,26530.5,26564.0,33.5,False,1.4022988505747127,False,9.471264367816092,5.0
2026-04-17,short,close_through,0,70,0.689419795221843,4,51.25,0.34982935153583616,26817.5,26877.0,59.5,False,1.078048780487805,True,1.5853658536585367,5.0
2026-04-20,long,close_through,0,195,1.3125,4,110.5,0.9866071428571429,26720.75,26568.75,152.0,True,1.0633484162895928,False,1.3461538461538463,5.0
2026-04-21,long,close_through,30,185,0.7996845425867508,3,81.0,0.5110410094637224,26713.0,26600.0,113.0,False,1.2685185185185186,True,2.175925925925926,5.0
2026-04-22,short,close_through,0,30,0.08344923504867872,1,29.25,0.1627260083449235,26948.0,27006.25,58.25,True,1.623931623931624,True,1.7863247863247864,5.0
2026-04-23,short,close_through,25,65,0.38475499092558985,1,14.25,0.10344827586206896,27127.0,27155.75,28.75,False,1.3157894736842106,False,32.56140350877193,5.0
2026-04-23,long,close_through,155,235,2.056261343012704,3,184.25,1.337568058076225,26938.5,26681.75,256.75,False,1.0407055630936228,False,1.2781546811397557,5.0
2026-04-24,short,close_through,15,65,0.5656934306569343,1,0.75,0.005474452554744526,27314.25,27344.75,30.5,False,16.666666666666668,True,0.0,
2026-04-27,short,close_through,180,245,0.0347985347985348,2,13.0,0.09523809523809523,27421.0,27439.75,18.75,True,1.0769230769230769,True,3.423076923076923,5.0
