date,direction,bo_minutes,trigger_minutes,trigger_rank,depth_at_trigger,dr_size,entry,dist_to_extreme_pts,leg_risk_pts,leg_stopped_first,leg_mfe_r,leg_hit_old_extreme,leg_r_old_extreme,leg_hit_ext_025,leg_r_ext_025,leg_hit_ext_05,leg_r_ext_05,trig_risk_pts,trig_stopped_first,trig_mfe_r,trig_hit_old_extreme,trig_r_old_extreme,trig_hit_ext_025,trig_r_ext_025,trig_hit_ext_05,trig_r_ext_05,depth_b
2021-04-05,up,0,90,1,0.1414141414141414,148.5,13548.5,9.25,11.75,False,5.659574468085107,True,0.7872340425531915,True,3.9468085106382977,False,2.8297872340425534,8.0,False,8.3125,True,1.15625,True,5.796875,False,4.15625,<25%
2021-04-05,up,0,160,2,0.12152269399707175,170.75,13574.75,5.25,15.5,False,2.596774193548387,True,0.3387096774193548,False,0.45161290322580644,False,0.45161290322580644,2.25,True,0.0,False,-1.0,False,-1.0,False,-1.0,<25%
2021-04-05,up,0,195,3,0.08811188811188811,178.75,13583.0,5.0,10.75,True,2.9767441860465116,True,0.46511627906976744,False,-1.0,False,-1.0,8.0,True,4.0,True,0.625,False,-1.0,False,-1.0,<25%
2021-04-05,up,0,215,4,0.043914680050188205,199.25,13605.25,3.25,5.5,True,0.22727272727272727,False,-1.0,False,-1.0,False,-1.0,5.5,True,0.22727272727272727,False,-1.0,False,-1.0,False,-1.0,<25%
2021-04-05,up,0,245,5,0.08155583437892096,199.25,13606.0,2.5,13.75,True,0.6545454545454545,True,0.18181818181818182,False,-1.0,False,-1.0,8.25,True,0.0,False,-1.0,False,-1.0,False,-1.0,<25%
2021-04-05,up,0,320,6,0.24787363304981774,205.75,13599.75,15.25,35.75,False,0.04895104895104895,False,-0.5034965034965035,False,-0.5034965034965035,False,-0.5034965034965035,31.0,False,0.056451612903225805,False,-0.5806451612903226,False,-0.5806451612903226,False,-0.5806451612903226,<25%
2021-04-06,up,35,65,1,0.22377622377622378,107.25,13633.0,13.0,11.0,True,2.0,True,1.1818181818181819,False,-1.0,False,-1.0,9.25,True,2.3783783783783785,True,1.4054054054054055,False,-1.0,False,-1.0,<25%
2021-04-06,up,35,80,2,0.11818181818181818,110.0,13644.5,4.25,8.75,True,1.2,True,0.4857142857142857,False,-1.0,False,-1.0,8.75,True,1.2,True,0.4857142857142857,False,-1.0,False,-1.0,<25%
2021-04-06,up,35,200,3,0.9376344086021505,116.25,13590.5,64.5,44.5,True,0.5955056179775281,False,-1.0,False,-1.0,False,-1.0,13.0,True,2.0384615384615383,False,-1.0,False,-1.0,False,-1.0,75-100%
2021-04-07,up,35,45,1,0.08860759493670886,118.5,13625.75,5.25,5.25,True,0.0,False,-1.0,False,-1.0,False,-1.0,5.25,True,0.0,False,-1.0,False,-1.0,False,-1.0,<25%
2021-04-07,up,35,185,2,0.5928270042194093,118.5,13594.0,37.0,33.25,False,1.413533834586466,True,1.112781954887218,False,0.3233082706766917,False,0.3233082706766917,9.5,True,4.947368421052632,True,3.8947368421052633,False,-1.0,False,-1.0,50-75%
2021-04-07,up,35,270,3,0.22568093385214008,128.5,13633.0,8.0,21.0,True,0.10714285714285714,False,-1.0,False,-1.0,False,-1.0,17.5,True,0.0,False,-1.0,False,-1.0,False,-1.0,<25%
2021-04-09,up,80,290,1,0.2631578947368421,133.0,13786.75,4.5,30.5,False,1.7377049180327868,True,0.14754098360655737,True,1.2377049180327868,False,1.3934426229508197,19.5,False,2.717948717948718,True,0.23076923076923078,True,1.935897435897436,False,2.1794871794871793,25-50%
2021-04-09,up,80,315,2,0.0947867298578199,158.25,13813.5,3.0,12.0,False,2.1875,True,0.25,False,1.3125,False,1.3125,11.75,False,2.234042553191489,True,0.2553191489361702,False,1.3404255319148937,False,1.3404255319148937,<25%
2021-04-12,up,120,155,1,0.07161803713527852,94.25,13825.25,1.0,5.75,True,0.0,False,-1.0,False,-1.0,False,-1.0,5.75,True,0.0,False,-1.0,False,-1.0,False,-1.0,<25%
2021-04-12,up,120,215,2,0.5322997416020672,96.75,13803.0,25.75,25.75,True,0.21359223300970873,False,-1.0,False,-1.0,False,-1.0,16.25,True,0.3384615384615385,False,-1.0,False,-1.0,False,-1.0,50-75%
2021-04-12,up,120,275,3,0.627906976744186,96.75,13785.0,43.75,17.0,False,2.4558823529411766,False,1.588235294117647,False,1.588235294117647,False,1.588235294117647,12.0,True,0.3541666666666667,False,-1.0,False,-1.0,False,-1.0,50-75%
2021-04-13,up,240,250,1,0.10526315789473684,95.0,13955.5,6.25,3.75,False,10.266666666666667,True,1.6666666666666667,True,8.0,False,5.333333333333333,3.75,False,10.266666666666667,True,1.6666666666666667,True,8.0,False,5.333333333333333,<25%
2021-04-14,down,25,90,1,0.41899441340782123,134.25,13882.5,28.25,28.0,True,0.38392857142857145,False,-1.0,False,-1.0,False,-1.0,28.0,True,0.38392857142857145,False,-1.0,False,-1.0,False,-1.0,25-50%
2021-04-14,down,25,180,2,0.4729981378026071,134.25,13870.0,15.75,47.75,False,2.0366492146596857,True,0.3298429319371728,True,1.0327225130890052,True,1.7356020942408377,19.0,False,5.118421052631579,True,0.8289473684210527,True,2.5953947368421053,True,4.3618421052631575,25-50%
2021-04-14,down,25,315,3,0.28028503562945367,210.5,13784.75,6.75,52.25,False,0.22966507177033493,True,0.1291866028708134,False,-0.45454545454545453,False,-0.45454545454545453,23.75,True,0.0,False,-1.0,False,-1.0,False,-1.0,25-50%
2021-04-15,up,0,75,1,0.6078431372549019,89.25,13971.0,41.25,13.0,True,0.17307692307692307,False,-1.0,False,-1.0,False,-1.0,6.0,True,0.0,False,-1.0,False,-1.0,False,-1.0,50-75%
2021-04-15,up,0,110,2,0.773109243697479,89.25,13980.5,31.75,37.25,False,1.4429530201342282,True,0.8523489932885906,False,0.9530201342281879,False,0.9530201342281879,20.5,False,2.6219512195121952,True,1.548780487804878,False,1.7317073170731707,False,1.7317073170731707,75-100%
2021-04-15,up,0,190,3,0.13819095477386933,99.5,14020.0,2.5,11.25,True,0.022222222222222223,False,-1.0,False,-1.0,False,-1.0,9.5,True,0.02631578947368421,False,-1.0,False,-1.0,False,-1.0,<25%
2021-04-15,up,0,210,4,0.1658291457286432,99.5,14020.5,2.0,14.5,True,0.25862068965517243,True,0.13793103448275862,False,-1.0,False,-1.0,13.0,True,0.0,False,-1.0,False,-1.0,False,-1.0,<25%
2021-04-15,up,0,305,5,0.4567901234567901,101.25,14011.0,13.25,33.0,False,0.7045454545454546,True,0.4015151515151515,False,0.15151515151515152,False,0.15151515151515152,11.25,False,2.066666666666667,True,1.1777777777777778,False,0.4444444444444444,False,0.4444444444444444,25-50%
2021-04-19,down,15,50,1,0.5779967159277504,152.25,13917.25,56.25,31.75,False,3.031496062992126,True,1.7716535433070866,True,2.970472440944882,False,0.41732283464566927,28.75,False,3.347826086956522,True,1.9565217391304348,True,3.2804347826086957,False,0.4608695652173913,50-75%
2021-04-19,down,15,215,2,0.4070221066319896,192.25,13863.5,42.5,35.75,True,0.36363636363636365,False,-1.0,False,-1.0,False,-1.0,24.5,True,0.02040816326530612,False,-1.0,False,-1.0,False,-1.0,25-50%
2021-04-20,down,10,130,1,0.4144893111638955,210.5,13767.5,48.25,39.0,True,0.8653846153846154,False,-1.0,False,-1.0,False,-1.0,20.25,True,0.3333333333333333,False,-1.0,False,-1.0,False,-1.0,25-50%
2021-04-21,up,40,150,1,0.24857954545454544,176.0,13843.5,33.0,10.75,False,7.72093023255814,True,3.0697674418604652,True,7.162790697674419,False,7.0,8.25,False,10.06060606060606,True,4.0,True,9.333333333333334,False,9.121212121212121,<25%
2021-04-22,up,0,60,1,0.5574229691876751,89.25,13924.5,20.25,29.5,True,0.09322033898305085,False,-1.0,False,-1.0,False,-1.0,29.5,True,0.09322033898305085,False,-1.0,False,-1.0,False,-1.0,50-75%
2021-04-22,up,0,115,2,0.6050420168067226,89.25,13925.0,19.75,34.25,True,0.48905109489051096,False,-1.0,False,-1.0,False,-1.0,7.5,True,2.2333333333333334,False,-1.0,False,-1.0,False,-1.0,50-75%
2021-04-22,down,165,260,1,0.37037037037037035,243.0,13759.75,58.0,32.0,False,1.15625,False,0.2890625,False,0.2890625,False,0.2890625,17.5,True,0.32857142857142857,False,-1.0,False,-1.0,False,-1.0,25-50%
2021-04-23,up,0,20,1,0.1586021505376344,93.0,13862.0,7.0,7.75,False,15.35483870967742,True,0.9032258064516129,True,3.903225806451613,True,6.903225806451613,7.75,False,15.35483870967742,True,0.9032258064516129,True,3.903225806451613,True,6.903225806451613,<25%
2021-04-23,up,0,60,2,0.06205673758865248,141.0,13912.25,4.75,4.0,False,17.1875,True,1.1875,True,10.0,False,3.1875,4.0,False,17.1875,True,1.1875,True,10.0,False,3.1875,<25%
2021-04-23,up,0,120,3,0.11196319018404909,163.0,13933.0,6.0,12.25,False,3.9183673469387754,True,0.4897959183673469,True,3.816326530612245,False,-0.6530612244897959,11.0,True,4.363636363636363,True,0.5454545454545454,True,4.25,False,-1.0,<25%
2021-04-23,up,0,180,4,0.09190672153635117,182.25,13954.75,3.5,13.25,True,0.660377358490566,True,0.2641509433962264,False,-1.0,False,-1.0,6.75,True,1.2962962962962963,True,0.5185185185185185,False,-1.0,False,-1.0,<25%
2021-04-23,up,0,260,5,0.132,187.5,13963.25,0.25,24.5,True,0.7244897959183674,True,0.01020408163265306,False,-1.0,False,-1.0,12.25,True,0.5102040816326531,True,0.02040816326530612,False,-1.0,False,-1.0,<25%
2021-04-23,up,0,290,6,0.09948320413436693,193.5,13964.75,4.75,14.5,True,1.1206896551724137,True,0.3275862068965517,False,-1.0,False,-1.0,9.75,True,1.6666666666666667,True,0.48717948717948717,False,-1.0,False,-1.0,<25%
2021-04-26,up,15,35,1,0.15,80.0,13975.5,6.75,5.25,True,2.6666666666666665,True,1.2857142857142858,False,-1.0,False,-1.0,5.25,True,2.6666666666666665,True,1.2857142857142858,False,-1.0,False,-1.0,<25%
2021-04-26,up,15,50,2,0.0830945558739255,87.25,13988.25,1.25,6.0,True,0.0,False,-1.0,False,-1.0,False,-1.0,6.0,True,0.0,False,-1.0,False,-1.0,False,-1.0,<25%
2021-04-26,up,15,110,3,0.40114613180515757,87.25,13975.75,13.75,21.25,False,2.376470588235294,True,0.6470588235294118,True,1.673529411764706,False,1.8,10.5,True,0.0,False,-1.0,False,-1.0,False,-1.0,25-50%
2021-04-26,up,15,205,4,0.07957559681697612,94.25,13993.5,3.0,4.5,True,7.277777777777778,True,0.6666666666666666,True,5.902777777777778,False,-1.0,4.5,True,7.277777777777778,True,0.6666666666666666,True,5.902777777777778,False,-1.0,<25%
2021-04-26,up,15,225,5,0.06682577565632458,104.75,14006.0,1.0,6.0,True,3.375,True,0.16666666666666666,False,-1.0,False,-1.0,6.0,True,3.375,True,0.16666666666666666,False,-1.0,False,-1.0,<25%
2021-04-26,up,15,250,6,0.056433408577878104,110.75,14012.5,0.5,5.75,True,2.391304347826087,True,0.08695652173913043,False,-1.0,False,-1.0,4.5,True,3.0555555555555554,True,0.1111111111111111,False,-1.0,False,-1.0,<25%
2021-04-29,down,0,15,1,0.24366197183098592,177.5,13890.25,7.0,36.25,True,0.1310344827586207,False,-1.0,False,-1.0,False,-1.0,34.0,True,0.13970588235294118,False,-1.0,False,-1.0,False,-1.0,<25%
2021-04-29,down,0,60,2,0.34225352112676055,177.5,13904.75,21.5,39.25,True,2.1974522292993632,True,0.5477707006369427,True,1.678343949044586,False,-1.0,23.5,True,3.6702127659574466,True,0.9148936170212766,True,2.8031914893617023,False,-1.0,25-50%
2021-04-29,down,0,185,3,0.3828689370485036,242.25,13891.0,72.5,20.25,True,0.0,False,-1.0,False,-1.0,False,-1.0,20.25,True,0.0,False,-1.0,False,-1.0,False,-1.0,25-50%
2021-04-29,down,0,210,4,0.4633642930856553,242.25,13915.75,97.25,15.0,True,0.1,False,-1.0,False,-1.0,False,-1.0,15.0,True,0.1,False,-1.0,False,-1.0,False,-1.0,25-50%
2021-04-29,down,0,275,5,0.6697626418988648,242.25,13967.25,148.75,13.5,False,1.8518518518518519,False,0.9074074074074074,False,0.9074074074074074,False,0.9074074074074074,13.5,False,1.8518518518518519,False,0.9074074074074074,False,0.9074074074074074,False,0.9074074074074074,50-75%
2021-04-30,down,200,210,1,0.22011385199240988,131.75,13835.0,10.0,19.0,True,0.02631578947368421,False,-1.0,False,-1.0,False,-1.0,19.0,True,0.02631578947368421,False,-1.0,False,-1.0,False,-1.0,<25%
2021-04-30,down,200,265,2,0.3738140417457306,131.75,13856.5,31.5,17.75,True,0.0,False,-1.0,False,-1.0,False,-1.0,14.75,True,0.0,False,-1.0,False,-1.0,False,-1.0,25-50%
2021-04-30,down,200,270,3,0.3946869070208729,131.75,13854.5,29.5,22.5,False,1.2222222222222223,False,-0.28888888888888886,False,-0.28888888888888886,False,-0.28888888888888886,22.5,False,1.2222222222222223,False,-0.28888888888888886,False,-0.28888888888888886,False,-0.28888888888888886,25-50%
2021-05-03,down,20,80,1,0.28093158660844253,171.75,13790.75,15.0,33.25,False,0.5639097744360902,True,0.45112781954887216,False,0.007518796992481203,False,0.007518796992481203,24.75,True,0.0,False,-1.0,False,-1.0,False,-1.0,25-50%
2021-05-03,down,20,170,2,0.21652421652421652,175.5,13788.5,16.5,21.5,True,0.6976744186046512,False,-1.0,False,-1.0,False,-1.0,21.5,True,0.6976744186046512,False,-1.0,False,-1.0,False,-1.0,<25%
2021-05-03,down,20,285,3,0.27635327635327633,175.5,13800.5,28.5,20.0,False,1.325,False,0.5,False,0.5,False,0.5,11.25,False,2.3555555555555556,False,0.8888888888888888,False,0.8888888888888888,False,0.8888888888888888,25-50%
2021-05-04,down,15,50,1,0.07692307692307693,276.25,13425.75,5.5,15.75,True,0.0,False,-1.0,False,-1.0,False,-1.0,15.75,True,0.0,False,-1.0,False,-1.0,False,-1.0,<25%
2021-05-04,down,15,195,2,0.2596991290577989,315.75,13437.25,56.5,25.5,True,0.5784313725490197,False,-1.0,False,-1.0,False,-1.0,14.0,True,1.0535714285714286,False,-1.0,False,-1.0,False,-1.0,25-50%
2021-05-06,up,60,75,1,0.0695266272189349,169.0,13553.25,4.5,7.25,True,1.4827586206896552,True,0.6206896551724138,False,-1.0,False,-1.0,7.25,True,1.4827586206896552,True,0.6206896551724138,False,-1.0,False,-1.0,<25%
2021-05-06,up,60,110,2,0.19828815977175462,175.25,13554.0,10.0,24.75,True,1.505050505050505,True,0.40404040404040403,False,-1.0,False,-1.0,11.5,True,3.239130434782609,True,0.8695652173913043,False,-1.0,False,-1.0,<25%
2021-05-06,up,60,140,3,0.16790123456790124,202.5,13573.25,18.0,16.0,True,0.09375,False,-1.0,False,-1.0,False,-1.0,8.25,True,0.0,False,-1.0,False,-1.0,False,-1.0,<25%
2021-05-06,up,60,230,4,0.5469135802469136,202.5,13517.25,74.0,36.75,True,0.0,False,-1.0,False,-1.0,False,-1.0,25.75,True,0.0,False,-1.0,False,-1.0,False,-1.0,50-75%
2021-05-06,up,60,255,5,0.6172839506172839,202.5,13489.25,102.0,23.0,False,4.978260869565218,True,4.434782608695652,False,4.663043478260869,False,4.663043478260869,17.0,False,6.735294117647059,True,6.0,False,6.3088235294117645,False,6.3088235294117645,50-75%
2021-05-10,down,0,115,1,0.4400977995110024,204.5,13519.25,66.0,24.0,False,6.947916666666667,True,2.75,True,4.880208333333333,False,6.791666666666667,24.0,False,6.947916666666667,True,2.75,True,4.880208333333333,False,6.791666666666667,25-50%
2021-05-10,down,0,215,2,0.09540229885057472,217.5,13447.0,6.75,14.0,False,6.75,True,0.48214285714285715,True,4.366071428571429,False,6.482142857142857,14.0,False,6.75,True,0.48214285714285715,True,4.366071428571429,False,6.482142857142857,<25%
2021-05-10,down,0,230,3,0.07088122605363985,261.0,13404.5,7.75,10.75,False,4.837209302325581,True,0.7209302325581395,False,4.488372093023256,False,4.488372093023256,10.75,False,4.837209302325581,True,0.7209302325581395,False,4.488372093023256,False,4.488372093023256,<25%
2021-05-10,down,0,250,4,0.12791702679343128,289.25,13381.5,13.0,24.0,True,0.8229166666666666,True,0.5416666666666666,False,-1.0,False,-1.0,17.25,True,1.144927536231884,True,0.7536231884057971,False,-1.0,False,-1.0,<25%
2021-05-11,up,50,100,1,0.08678500986193294,253.5,13325.5,12.75,9.25,True,0.0,False,-1.0,False,-1.0,False,-1.0,9.25,True,0.0,False,-1.0,False,-1.0,False,-1.0,<25%
2021-05-11,up,50,150,2,0.35952848722986247,254.5,13303.75,35.5,56.0,False,1.2857142857142858,True,0.6339285714285714,False,0.71875,False,0.71875,36.25,False,1.986206896551724,True,0.9793103448275862,False,1.110344827586207,False,1.110344827586207,25-50%
2021-05-11,up,50,180,3,0.03923357664233577,274.0,13353.25,5.5,5.25,True,0.0,False,-1.0,False,-1.0,False,-1.0,5.25,True,0.0,False,-1.0,False,-1.0,False,-1.0,<25%
2021-05-12,down,0,15,1,0.18169014084507043,177.5,13061.25,7.25,25.0,True,1.01,True,0.29,False,-1.0,False,-1.0,25.0,True,1.01,True,0.29,False,-1.0,False,-1.0,<25%
2021-05-12,down,0,75,2,0.20933165195460277,198.25,13048.5,15.25,26.25,True,2.6095238095238096,True,0.580952380952381,True,2.469047619047619,False,-1.0,24.5,True,2.795918367346939,True,0.6224489795918368,True,2.645408163265306,False,-1.0,<25%
2021-05-12,down,0,95,3,0.1138121546961326,226.25,13013.25,8.0,17.75,True,1.8732394366197183,True,0.4507042253521127,False,-1.0,False,-1.0,17.75,True,1.8732394366197183,True,0.4507042253521127,False,-1.0,False,-1.0,<25%
2021-05-12,down,0,125,4,0.25347912524850896,251.5,13018.5,38.5,25.25,True,0.7326732673267327,False,-1.0,False,-1.0,False,-1.0,25.25,True,0.7326732673267327,False,-1.0,False,-1.0,False,-1.0,25-50%
2021-05-12,down,0,180,5,0.43439363817097415,251.5,13018.75,38.75,70.5,False,0.8368794326241135,True,0.549645390070922,False,0.2872340425531915,False,0.2872340425531915,23.0,True,0.0,False,-1.0,False,-1.0,False,-1.0,25-50%
2021-05-13,down,70,140,1,0.5369532428355958,165.75,13099.75,41.75,47.25,True,2.1693121693121693,True,0.8835978835978836,True,1.7605820105820107,False,-1.0,34.0,True,3.014705882352941,True,1.2279411764705883,True,2.4466911764705883,False,-1.0,50-75%
2021-05-13,down,70,165,2,0.2805755395683453,173.75,13056.25,6.25,42.5,True,1.388235294117647,True,0.14705882352941177,True,1.1691176470588236,False,-1.0,42.25,True,1.3964497041420119,True,0.14792899408284024,True,1.1760355029585798,False,-1.0,25-50%
2021-05-13,down,70,195,3,0.1545253863134658,226.5,13008.5,11.25,23.75,True,0.0,False,-1.0,False,-1.0,False,-1.0,23.75,True,0.0,False,-1.0,False,-1.0,False,-1.0,<25%
2021-05-13,down,70,280,4,0.7041942604856513,226.5,13124.0,126.75,32.75,True,0.5572519083969466,False,-1.0,False,-1.0,False,-1.0,32.75,True,0.5572519083969466,False,-1.0,False,-1.0,False,-1.0,50-75%
2021-05-13,down,70,325,5,0.760485651214128,226.5,13097.5,100.25,72.0,False,0.0,False,-0.0,False,-0.0,False,-0.0,27.5,False,0.0,False,-0.0,False,-0.0,False,-0.0,75-100%
2021-05-14,up,0,60,1,0.10922787193973635,132.75,13337.75,3.75,10.75,True,0.8372093023255814,True,0.3488372093023256,False,-1.0,False,-1.0,9.25,True,0.972972972972973,True,0.40540540540540543,False,-1.0,False,-1.0,<25%
2021-05-14,up,0,155,2,0.07448494453248812,157.75,13361.5,5.0,6.75,True,0.2222222222222222,False,-1.0,False,-1.0,False,-1.0,6.75,True,0.2222222222222222,False,-1.0,False,-1.0,False,-1.0,<25%
2021-05-14,up,0,210,3,0.0639269406392694,164.25,13371.0,2.0,8.5,False,6.5,True,0.23529411764705882,True,5.0661764705882355,False,1.588235294117647,8.5,False,6.5,True,0.23529411764705882,True,5.0661764705882355,False,1.588235294117647,<25%
2021-05-14,up,0,235,4,0.07779349363507779,176.75,13380.0,5.5,8.25,False,5.606060606060606,True,0.6666666666666666,False,0.5454545454545454,False,0.5454545454545454,7.5,False,6.166666666666667,True,0.7333333333333333,False,0.6,False,0.6,<25%
2021-05-14,up,0,315,5,0.20229885057471264,217.5,13404.0,22.25,21.75,True,0.8620689655172413,False,-1.0,False,-1.0,False,-1.0,15.5,True,1.2096774193548387,False,-1.0,False,-1.0,False,-1.0,<25%
2021-05-17,down,95,145,1,0.3951612903225806,124.0,13235.75,16.75,32.25,True,1.6434108527131783,True,0.5193798449612403,True,1.4806201550387597,False,-1.0,13.75,True,3.8545454545454545,True,1.2181818181818183,True,3.4727272727272727,False,-1.0,25-50%
2021-05-17,down,95,185,2,0.21280276816608998,144.5,13211.25,12.75,18.0,True,1.5833333333333333,True,0.7083333333333334,False,-1.0,False,-1.0,18.0,True,1.5833333333333333,True,0.7083333333333334,False,-1.0,False,-1.0,<25%
2021-05-17,down,95,245,3,0.40249609984399376,160.25,13217.5,34.75,29.75,True,0.15966386554621848,False,-1.0,False,-1.0,False,-1.0,20.25,True,0.2345679012345679,False,-1.0,False,-1.0,False,-1.0,25-50%
2021-05-18,up,0,15,1,0.2857142857142857,92.75,13390.75,2.0,24.5,True,0.23469387755102042,True,0.08163265306122448,False,-1.0,False,-1.0,19.25,True,0.0,False,-1.0,False,-1.0,False,-1.0,25-50%
2021-05-18,up,0,100,2,0.727979274611399,96.5,13351.75,44.75,25.5,True,0.9215686274509803,False,-1.0,False,-1.0,False,-1.0,16.25,True,1.4461538461538461,False,-1.0,False,-1.0,False,-1.0,50-75%
2021-05-18,up,0,220,3,0.810880829015544,96.5,13333.5,63.0,15.25,True,0.3114754098360656,False,-1.0,False,-1.0,False,-1.0,10.75,True,0.0,False,-1.0,False,-1.0,False,-1.0,75-100%
2021-05-18,down,240,315,1,0.46325878594249204,156.5,13259.0,19.0,53.5,False,1.0327102803738317,True,0.35514018691588783,False,0.8551401869158879,False,0.8551401869158879,40.0,False,1.38125,True,0.475,False,1.14375,False,1.14375,25-50%
2021-05-19,up,20,85,1,0.29819694868238555,180.25,13133.0,16.75,37.0,False,2.972972972972973,True,0.4527027027027027,True,1.6706081081081081,True,2.8885135135135136,30.75,False,3.5772357723577235,True,0.5447154471544715,True,2.0101626016260163,True,3.475609756097561,25-50%
2021-05-19,up,20,235,2,0.10581506196377502,262.25,13219.25,12.5,15.25,True,0.0,False,-1.0,False,-1.0,False,-1.0,15.25,True,0.0,False,-1.0,False,-1.0,False,-1.0,<25%
2021-05-19,up,20,275,3,0.43418647166361973,273.5,13164.25,78.75,40.0,False,1.86875,False,1.65625,False,1.65625,False,1.65625,27.75,False,2.6936936936936937,False,2.3873873873873874,False,2.3873873873873874,False,2.3873873873873874,25-50%
2021-05-20,up,0,60,1,0.04068241469816273,190.5,13471.5,0.25,7.5,True,4.3,True,0.03333333333333333,False,-1.0,False,-1.0,7.5,True,4.3,True,0.03333333333333333,False,-1.0,False,-1.0,<25%
2021-05-20,up,0,155,2,0.26853932584269663,222.5,13481.5,22.25,37.5,False,1.1,True,0.5933333333333334,False,0.13333333333333333,False,0.13333333333333333,13.75,True,1.1818181818181819,False,-1.0,False,-1.0,False,-1.0,25-50%
2021-05-21,down,5,10,1,0.14583333333333334,108.0,13465.25,3.25,12.5,True,1.72,True,0.26,False,-1.0,False,-1.0,12.5,True,1.72,True,0.26,False,-1.0,False,-1.0,<25%
2021-05-21,down,5,75,2,0.17690875232774675,134.25,13436.75,1.0,22.75,True,1.6923076923076923,True,0.04395604395604396,True,1.5192307692307692,False,-1.0,15.0,True,0.0,False,-1.0,False,-1.0,False,-1.0,<25%
2021-05-21,down,5,230,3,0.37554585152838427,171.75,13442.25,44.0,20.5,False,2.268292682926829,True,2.1463414634146343,False,1.6219512195121952,False,1.6219512195121952,7.25,True,4.0,False,-1.0,False,-1.0,False,-1.0,25-50%
2021-05-24,up,5,40,1,0.1232,156.25,13646.25,3.5,15.75,True,1.126984126984127,True,0.2222222222222222,False,-1.0,False,-1.0,12.75,True,1.392156862745098,True,0.27450980392156865,False,-1.0,False,-1.0,<25%
2021-05-24,up,5,75,2,0.04216867469879518,166.0,13657.75,1.75,5.25,True,0.0,False,-1.0,False,-1.0,False,-1.0,5.25,True,0.0,False,-1.0,False,-1.0,False,-1.0,<25%
2021-05-24,up,5,150,3,0.20527859237536658,170.5,13643.5,20.5,14.5,False,2.9310344827586206,True,1.4137931034482758,False,-0.41379310344827586,False,-0.41379310344827586,7.5,True,0.0,False,-1.0,False,-1.0,False,-1.0,<25%
2021-05-24,up,5,215,4,0.05805515239477504,172.25,13663.75,2.0,8.0,True,2.78125,True,0.25,False,-1.0,False,-1.0,3.75,True,5.933333333333334,True,0.5333333333333333,False,-1.0,False,-1.0,<25%
2021-05-24,up,5,225,5,0.039886039886039885,175.5,13668.5,0.5,6.5,True,2.6923076923076925,True,0.07692307692307693,False,-1.0,False,-1.0,6.5,True,2.6923076923076925,True,0.07692307692307693,False,-1.0,False,-1.0,<25%
2021-05-24,up,5,250,6,0.03412073490813648,190.5,13681.25,2.75,3.75,True,1.2666666666666666,True,0.7333333333333333,False,-1.0,False,-1.0,3.75,True,1.2666666666666666,True,0.7333333333333333,False,-1.0,False,-1.0,<25%
2021-05-25,down,0,30,1,0.5208333333333334,96.0,13659.25,22.75,27.25,False,1.926605504587156,True,0.8348623853211009,True,1.7155963302752293,False,0.11009174311926606,24.5,False,2.142857142857143,True,0.9285714285714286,True,1.9081632653061225,False,0.12244897959183673,50-75%
2021-05-25,down,0,110,2,0.36381709741550694,125.75,13639.25,32.5,13.25,True,0.32075471698113206,False,-1.0,False,-1.0,False,-1.0,10.5,True,0.40476190476190477,False,-1.0,False,-1.0,False,-1.0,25-50%
2021-05-25,down,0,135,3,0.40357852882703776,125.75,13631.5,24.75,26.0,True,0.5865384615384616,False,-1.0,False,-1.0,False,-1.0,13.5,True,0.0,False,-1.0,False,-1.0,False,-1.0,25-50%
2021-05-25,down,0,190,4,0.4433399602385686,125.75,13648.5,41.75,14.0,False,2.0357142857142856,False,-0.5535714285714286,False,-0.5535714285714286,False,-0.5535714285714286,7.5,True,3.8,False,-1.0,False,-1.0,False,-1.0,25-50%
2021-05-26,up,35,75,1,0.6209677419354839,62.0,13701.5,16.5,22.0,True,1.0568181818181819,True,0.75,False,-1.0,False,-1.0,2.25,True,10.333333333333334,True,7.333333333333333,False,-1.0,False,-1.0,50-75%
2021-05-26,up,35,95,2,0.13409961685823754,65.25,13718.25,3.0,5.75,True,1.1304347826086956,True,0.5217391304347826,False,-1.0,False,-1.0,5.75,True,1.1304347826086956,True,0.5217391304347826,False,-1.0,False,-1.0,<25%
2021-05-26,up,35,135,3,0.2509090909090909,68.75,13716.75,8.0,9.25,True,0.10810810810810811,False,-1.0,False,-1.0,False,-1.0,4.5,True,0.0,False,-1.0,False,-1.0,False,-1.0,25-50%
2021-05-27,up,0,235,1,0.9185667752442996,76.75,13666.75,54.0,16.5,True,0.4090909090909091,False,-1.0,False,-1.0,False,-1.0,16.5,True,0.4090909090909091,False,-1.0,False,-1.0,False,-1.0,75-100%
2021-05-28,up,70,130,1,0.2210144927536232,69.0,13758.75,4.75,10.5,True,0.2619047619047619,False,-1.0,False,-1.0,False,-1.0,3.25,True,0.0,False,-1.0,False,-1.0,False,-1.0,<25%
2021-05-28,up,70,255,2,0.822463768115942,69.0,13735.75,27.75,29.0,True,0.09482758620689655,False,-1.0,False,-1.0,False,-1.0,3.5,True,0.7857142857142857,False,-1.0,False,-1.0,False,-1.0,75-100%
2021-06-01,down,20,30,1,0.15491009681881052,180.75,13612.25,20.0,8.0,True,0.0,False,-1.0,False,-1.0,False,-1.0,8.0,True,0.0,False,-1.0,False,-1.0,False,-1.0,<25%
2021-06-01,down,20,95,2,0.41217150760719223,180.75,13647.5,55.25,19.25,True,0.42857142857142855,False,-1.0,False,-1.0,False,-1.0,8.75,True,0.9428571428571428,False,-1.0,False,-1.0,False,-1.0,25-50%
2021-06-01,down,20,150,3,0.4605809128630705,180.75,13647.5,55.25,28.0,True,0.4107142857142857,False,-1.0,False,-1.0,False,-1.0,17.0,True,0.6764705882352942,False,-1.0,False,-1.0,False,-1.0,25-50%
2021-06-01,down,20,300,4,0.5587828492392808,180.75,13659.25,67.0,34.0,False,0.4264705882352941,False,0.2426470588235294,False,0.2426470588235294,False,0.2426470588235294,11.25,False,1.288888888888889,False,0.7333333333333333,False,0.7333333333333333,False,0.7333333333333333,50-75%
2021-06-02,down,170,250,1,0.3082191780821918,109.5,13628.5,25.25,8.5,True,0.0,False,-1.0,False,-1.0,False,-1.0,6.5,True,0.0,False,-1.0,False,-1.0,False,-1.0,25-50%
2021-06-02,down,170,270,2,0.3424657534246575,109.5,13631.25,28.0,9.5,True,0.02631578947368421,False,-1.0,False,-1.0,False,-1.0,8.75,True,0.02857142857142857,False,-1.0,False,-1.0,False,-1.0,25-50%
2021-06-03,up,25,85,1,0.5602716468590832,147.25,13550.75,58.75,23.75,True,1.8210526315789475,False,-1.0,False,-1.0,False,-1.0,15.75,True,1.1746031746031746,False,-1.0,False,-1.0,False,-1.0,50-75%
2021-06-04,up,45,100,1,0.1402439024390244,164.0,13762.75,6.75,16.25,False,1.2923076923076924,True,0.4153846153846154,False,0.23076923076923078,False,0.23076923076923078,7.5,True,0.6333333333333333,False,-1.0,False,-1.0,False,-1.0,<25%
2021-06-04,up,45,195,2,0.03609022556390978,166.25,13770.25,1.5,4.5,True,3.0,True,0.3333333333333333,False,-1.0,False,-1.0,4.5,True,3.0,True,0.3333333333333333,False,-1.0,False,-1.0,<25%
2021-06-04,up,45,225,3,0.04964539007092199,176.25,13780.25,1.5,7.25,True,0.0,False,-1.0,False,-1.0,False,-1.0,6.5,True,0.0,False,-1.0,False,-1.0,False,-1.0,<25%
2021-06-04,up,45,315,4,0.15427769985974754,178.25,13774.5,9.25,18.25,False,0.4931506849315068,False,-0.4383561643835616,False,-0.4383561643835616,False,-0.4383561643835616,10.5,True,0.8571428571428571,False,-1.0,False,-1.0,False,-1.0,<25%
2021-06-07,up,260,270,1,0.13310580204778158,73.25,13783.0,2.75,7.0,False,3.642857142857143,True,0.39285714285714285,True,3.0089285714285716,False,2.7857142857142856,7.0,False,3.642857142857143,True,0.39285714285714285,True,3.0089285714285716,False,2.7857142857142856,<25%
2021-06-08,down,0,40,1,0.2664015904572565,125.75,13792.5,1.0,32.5,True,1.5615384615384615,True,0.03076923076923077,True,0.9980769230769231,False,-1.0,30.0,True,1.6916666666666667,True,0.03333333333333333,True,1.08125,False,-1.0,25-50%
2021-06-08,down,0,160,2,0.47150997150997154,175.5,13803.75,62.0,20.75,True,0.46987951807228917,False,-1.0,False,-1.0,False,-1.0,15.25,True,0.639344262295082,False,-1.0,False,-1.0,False,-1.0,25-50%
2021-06-08,down,0,295,3,0.5484330484330484,175.5,13819.25,77.5,18.75,False,0.68,False,0.5466666666666666,False,0.5466666666666666,False,0.5466666666666666,3.5,True,0.0,False,-1.0,False,-1.0,False,-1.0,50-75%
2021-06-11,down,30,260,1,0.9624413145539906,53.25,13973.0,40.75,10.5,True,1.0714285714285714,False,-1.0,False,-1.0,False,-1.0,6.25,True,1.8,False,-1.0,False,-1.0,False,-1.0,75-100%
2021-06-14,up,90,150,1,0.2185089974293059,97.25,14042.25,12.0,9.25,False,8.783783783783784,True,1.2972972972972974,True,3.925675675675676,True,6.554054054054054,5.75,False,14.130434782608695,True,2.0869565217391304,True,6.315217391304348,True,10.543478260869565,<25%
2021-06-14,up,90,250,2,0.1531322505800464,107.75,14064.0,0.75,15.75,True,0.031746031746031744,False,-1.0,False,-1.0,False,-1.0,8.5,True,0.058823529411764705,False,-1.0,False,-1.0,False,-1.0,<25%
2021-06-15,down,55,135,1,0.3973684210526316,95.0,14042.25,14.75,23.0,False,1.8043478260869565,True,0.6413043478260869,True,1.673913043478261,False,0.6521739130434783,6.25,False,6.64,True,2.36,True,6.16,False,2.4,25-50%
2021-06-15,down,55,175,2,0.1417910447761194,100.5,14030.25,8.25,6.0,True,0.0,False,-1.0,False,-1.0,False,-1.0,5.0,True,0.0,False,-1.0,False,-1.0,False,-1.0,<25%
2021-06-15,down,55,245,3,0.1574279379157428,112.75,14012.25,2.5,15.25,True,0.3114754098360656,True,0.16393442622950818,False,-1.0,False,-1.0,8.5,True,0.5588235294117647,True,0.29411764705882354,False,-1.0,False,-1.0,<25%
2021-06-16,down,60,80,1,0.19776119402985073,67.0,14033.0,4.25,9.0,False,22.52777777777778,True,0.4722222222222222,True,2.3333333333333335,True,4.194444444444445,7.5,False,27.033333333333335,True,0.5666666666666667,True,2.8,True,5.033333333333333,<25%
2021-06-16,down,60,195,2,0.53125,120.0,14012.0,36.25,27.5,False,6.609090909090909,True,1.3181818181818181,True,2.409090909090909,True,3.5,12.5,True,0.58,False,-1.0,False,-1.0,False,-1.0,50-75%
2021-06-16,down,60,320,3,0.7551789077212806,265.5,13981.75,151.5,49.0,False,0.28061224489795916,False,0.12244897959183673,False,0.12244897959183673,False,0.12244897959183673,16.25,False,0.8461538461538461,False,0.36923076923076925,False,0.36923076923076925,False,0.36923076923076925,75-100%
2021-06-17,up,0,75,1,0.04335260115606936,259.5,14189.0,2.5,8.75,True,0.0,False,-1.0,False,-1.0,False,-1.0,8.75,True,0.0,False,-1.0,False,-1.0,False,-1.0,<25%
2021-06-17,up,0,155,2,0.5067437379576107,259.5,14144.75,46.75,84.75,False,0.640117994100295,True,0.551622418879056,False,0.13569321533923304,False,0.13569321533923304,27.0,False,2.009259259259259,True,1.7314814814814814,False,0.42592592592592593,False,0.42592592592592593,50-75%
2021-06-17,up,0,315,3,0.12086874409820586,264.75,14185.5,11.25,20.75,True,0.6506024096385542,True,0.5421686746987951,False,-1.0,False,-1.0,8.5,True,0.0,False,-1.0,False,-1.0,False,-1.0,<25%
2021-06-18,down,40,175,1,0.8168724279835391,121.5,14071.0,61.0,38.25,False,1.2418300653594772,False,0.7647058823529411,False,0.7647058823529411,False,0.7647058823529411,11.5,True,0.0,False,-1.0,False,-1.0,False,-1.0,75-100%
2021-06-21,up,5,70,1,0.2349570200573066,174.5,14119.5,13.5,27.5,False,0.8909090909090909,True,0.4909090909090909,False,0.3181818181818182,False,0.3181818181818182,16.75,True,0.16417910447761194,False,-1.0,False,-1.0,False,-1.0,<25%
2021-06-21,up,5,320,2,0.25202156334231807,185.5,14131.75,12.25,34.5,False,0.12318840579710146,False,-0.10144927536231885,False,-0.10144927536231885,False,-0.10144927536231885,22.75,False,0.18681318681318682,False,-0.15384615384615385,False,-0.15384615384615385,False,-0.15384615384615385,25-50%
2021-06-22,up,35,60,1,0.09767441860465116,107.5,14207.5,7.5,3.0,True,0.0,False,-1.0,False,-1.0,False,-1.0,3.0,True,0.0,False,-1.0,False,-1.0,False,-1.0,<25%
2021-06-22,up,35,65,2,0.10697674418604651,107.5,14208.0,7.0,4.5,True,0.0,False,-1.0,False,-1.0,False,-1.0,4.5,True,0.0,False,-1.0,False,-1.0,False,-1.0,<25%
2021-06-22,up,35,75,3,0.1325581395348837,107.5,14209.25,5.75,8.5,True,0.5,False,-1.0,False,-1.0,False,-1.0,6.75,True,0.6296296296296297,False,-1.0,False,-1.0,False,-1.0,<25%
2021-06-22,up,35,95,4,0.18604651162790697,107.5,14213.5,1.5,18.5,False,3.554054054054054,True,0.08108108108108109,True,1.5337837837837838,True,2.9864864864864864,10.5,False,6.261904761904762,True,0.14285714285714285,True,2.7023809523809526,True,5.261904761904762,<25%
2021-06-22,up,35,185,5,0.23107569721115537,125.5,14223.75,9.25,19.75,False,2.810126582278481,True,0.46835443037974683,True,2.0569620253164556,False,1.7215189873417722,7.75,True,0.22580645161290322,False,-1.0,False,-1.0,False,-1.0,<25%
2021-06-23,down,30,100,1,0.6106870229007634,65.5,14274.5,24.25,15.75,True,2.7142857142857144,True,1.5396825396825398,True,2.5793650793650795,False,-1.0,13.25,True,3.2264150943396226,True,1.830188679245283,True,3.0660377358490565,False,-1.0,50-75%
2021-06-23,down,30,305,2,0.7380952380952381,84.0,14278.25,46.5,15.5,False,1.596774193548387,False,0.9838709677419355,False,0.9838709677419355,False,0.9838709677419355,9.0,False,2.75,False,1.6944444444444444,False,1.6944444444444444,False,1.6944444444444444,50-75%
2021-06-24,up,0,55,1,0.4280442804428044,67.75,14395.5,16.25,12.75,True,0.09803921568627451,False,-1.0,False,-1.0,False,-1.0,6.75,True,0.18518518518518517,False,-1.0,False,-1.0,False,-1.0,25-50%
2021-06-24,up,0,75,2,0.4907749077490775,67.75,14395.75,16.0,17.25,True,1.5217391304347827,True,0.927536231884058,False,-1.0,False,-1.0,9.75,True,2.6923076923076925,True,1.641025641025641,False,-1.0,False,-1.0,25-50%
2021-06-24,down,190,270,1,0.5567282321899736,94.75,14355.75,28.5,24.25,False,0.979381443298969,False,0.061855670103092786,False,0.061855670103092786,False,0.061855670103092786,16.5,False,1.4393939393939394,False,0.09090909090909091,False,0.09090909090909091,False,0.09090909090909091,50-75%
2021-06-28,up,110,120,1,0.12470023980815348,104.25,14489.25,5.75,7.25,True,0.41379310344827586,False,-1.0,False,-1.0,False,-1.0,7.25,True,0.41379310344827586,False,-1.0,False,-1.0,False,-1.0,<25%
2021-06-28,up,110,190,2,0.35731414868105515,104.25,14469.25,25.75,11.5,False,4.391304347826087,True,2.239130434782609,False,3.652173913043478,False,3.652173913043478,6.25,True,0.84,False,-1.0,False,-1.0,False,-1.0,25-50%
2021-06-28,up,110,300,3,0.22789783889980353,127.25,14514.75,3.25,25.75,False,0.1941747572815534,True,0.1262135922330097,False,-0.13592233009708737,False,-0.13592233009708737,7.75,True,0.12903225806451613,False,-1.0,False,-1.0,False,-1.0,<25%
2021-06-29,up,105,155,1,0.0744047619047619,84.0,14552.0,2.5,3.75,True,0.0,False,-1.0,False,-1.0,False,-1.0,3.75,True,0.0,False,-1.0,False,-1.0,False,-1.0,<25%
2021-06-29,up,105,290,2,0.35054347826086957,92.0,14559.5,3.0,29.25,False,0.24786324786324787,True,0.10256410256410256,False,0.15384615384615385,False,0.15384615384615385,10.25,False,0.7073170731707317,True,0.2926829268292683,False,0.43902439024390244,False,0.43902439024390244,25-50%
2021-06-29,up,105,310,3,0.10962566844919786,93.5,14558.75,5.25,5.0,True,0.4,False,-1.0,False,-1.0,False,-1.0,5.0,True,0.4,False,-1.0,False,-1.0,False,-1.0,<25%
2021-06-29,up,105,320,4,0.13368983957219252,93.5,14559.0,5.0,7.5,False,1.0333333333333334,True,0.6666666666666666,False,0.6666666666666666,False,0.6666666666666666,7.5,False,1.0333333333333334,True,0.6666666666666666,False,0.6666666666666666,False,0.6666666666666666,<25%
2021-07-01,down,40,105,1,0.5353535353535354,99.0,14509.0,38.0,15.0,True,1.4,False,-1.0,False,-1.0,False,-1.0,11.25,True,1.8666666666666667,False,-1.0,False,-1.0,False,-1.0,50-75%
2021-07-01,down,40,265,2,0.7828282828282829,99.0,14542.5,71.5,6.0,True,0.0,False,-1.0,False,-1.0,False,-1.0,3.75,True,0.0,False,-1.0,False,-1.0,False,-1.0,75-100%
2021-07-01,down,40,280,3,0.797979797979798,99.0,14541.5,70.5,8.5,True,0.9117647058823529,False,-1.0,False,-1.0,False,-1.0,7.5,True,1.0333333333333334,False,-1.0,False,-1.0,False,-1.0,75-100%
2021-07-01,down,40,310,4,0.8308080808080808,99.0,14531.25,60.25,22.0,False,0.14772727272727273,False,-0.75,False,-0.75,False,-0.75,11.25,True,0.28888888888888886,False,-1.0,False,-1.0,False,-1.0,75-100%
2021-07-02,up,80,120,1,0.36796536796536794,57.75,14675.5,1.5,19.75,False,2.7088607594936707,True,0.0759493670886076,True,0.8069620253164557,True,1.5379746835443038,7.75,False,6.903225806451613,True,0.1935483870967742,True,2.056451612903226,True,3.9193548387096775,25-50%
2021-07-02,up,80,215,2,0.08695652173913043,74.75,14693.25,0.75,5.75,True,0.8260869565217391,True,0.13043478260869565,False,-1.0,False,-1.0,5.75,True,0.8260869565217391,True,0.13043478260869565,False,-1.0,False,-1.0,<25%
2021-07-02,up,80,270,3,0.19365079365079366,78.75,14693.75,4.25,11.0,False,3.2045454545454546,True,0.38636363636363635,True,2.1761363636363638,False,1.9090909090909092,7.5,False,4.7,True,0.5666666666666667,True,3.191666666666667,False,2.8,<25%
2021-07-06,down,0,70,1,0.5493421052631579,76.0,14718.0,4.0,37.75,True,2.456953642384106,True,0.10596026490066225,True,0.609271523178808,True,1.1125827814569536,22.75,True,4.076923076923077,True,0.17582417582417584,True,1.010989010989011,True,1.8461538461538463,50-75%
2021-07-06,down,0,170,2,0.5553869499241275,164.75,14709.0,83.75,7.75,True,0.0,False,-1.0,False,-1.0,False,-1.0,7.75,True,0.0,False,-1.0,False,-1.0,False,-1.0,50-75%
2021-07-06,down,0,250,3,0.7936267071320182,164.75,14746.5,121.25,9.5,True,1.236842105263158,False,-1.0,False,-1.0,False,-1.0,4.25,True,2.764705882352941,False,-1.0,False,-1.0,False,-1.0,75-100%
2021-07-08,up,65,95,1,0.08193979933110368,149.5,14686.5,3.5,8.75,True,0.0,False,-1.0,False,-1.0,False,-1.0,8.75,True,0.0,False,-1.0,False,-1.0,False,-1.0,<25%
2021-07-08,up,65,125,2,0.08923512747875353,176.5,14712.25,4.75,11.0,True,1.3636363636363635,True,0.4318181818181818,False,-1.0,False,-1.0,11.0,True,1.3636363636363635,True,0.4318181818181818,False,-1.0,False,-1.0,<25%
2021-07-08,up,65,305,3,0.372960372960373,214.5,14715.0,40.0,40.0,True,0.03125,False,-1.0,False,-1.0,False,-1.0,19.75,True,0.0,False,-1.0,False,-1.0,False,-1.0,25-50%
2021-07-08,up,65,325,4,0.44522144522144524,214.5,14722.75,32.25,63.25,False,0.0,False,0.0,False,0.0,False,0.0,35.0,False,0.0,False,0.0,False,0.0,False,0.0,25-50%
2021-07-09,up,10,35,1,0.15020576131687244,121.5,14781.0,8.5,9.75,True,0.0,False,-1.0,False,-1.0,False,-1.0,9.75,True,0.0,False,-1.0,False,-1.0,False,-1.0,<25%
2021-07-09,up,10,45,2,0.16255144032921812,121.5,14785.5,4.0,15.75,False,2.9523809523809526,True,0.25396825396825395,True,2.1825396825396823,False,1.5714285714285714,13.25,False,3.509433962264151,True,0.3018867924528302,True,2.5943396226415096,False,1.8679245283018868,<25%
2021-07-09,up,10,115,3,0.09246575342465753,146.0,14809.5,4.5,9.0,True,2.5,True,0.5,False,-1.0,False,-1.0,4.5,True,5.0,True,1.0,False,-1.0,False,-1.0,<25%
2021-07-09,up,10,235,4,0.2149390243902439,164.0,14807.25,24.75,10.5,False,1.9761904761904763,False,0.2857142857142857,False,0.2857142857142857,False,0.2857142857142857,4.75,True,3.6315789473684212,False,-1.0,False,-1.0,False,-1.0,<25%
2021-07-13,up,0,30,1,0.2294455066921606,130.75,14967.75,5.25,24.75,True,1.0909090909090908,True,0.21212121212121213,False,-1.0,False,-1.0,18.5,True,1.4594594594594594,True,0.28378378378378377,False,-1.0,False,-1.0,<25%
2021-07-13,up,0,55,2,0.06197654941373534,149.25,14989.75,1.75,7.5,True,0.6666666666666666,True,0.23333333333333334,False,-1.0,False,-1.0,7.5,True,0.6666666666666666,True,0.23333333333333334,False,-1.0,False,-1.0,<25%
2021-07-13,down,210,250,1,0.4697674418604651,161.25,14876.0,42.5,33.25,False,0.8270676691729323,False,0.3233082706766917,False,0.3233082706766917,False,0.3233082706766917,21.5,True,0.5,False,-1.0,False,-1.0,False,-1.0,25-50%
2021-07-14,down,55,160,1,0.6343283582089553,134.0,14916.5,54.5,30.5,True,0.7622950819672131,False,-1.0,False,-1.0,False,-1.0,13.5,True,1.7222222222222223,False,-1.0,False,-1.0,False,-1.0,50-75%
2021-07-14,down,55,285,2,0.6399253731343284,134.0,14912.75,50.75,35.0,False,0.8928571428571429,False,0.5214285714285715,False,0.5214285714285715,False,0.5214285714285715,17.75,False,1.7605633802816902,False,1.028169014084507,False,1.028169014084507,False,1.028169014084507,50-75%
2021-07-15,down,15,70,1,0.5159128978224455,149.25,14810.0,57.0,20.0,False,5.0875,True,2.85,True,4.715625,False,0.975,8.75,False,11.628571428571428,True,6.514285714285714,True,10.778571428571428,False,2.2285714285714286,50-75%
2021-07-15,down,15,155,2,0.3893805309734513,169.5,14760.5,27.75,38.25,True,1.3660130718954249,True,0.7254901960784313,False,-1.0,False,-1.0,5.75,True,0.0,False,-1.0,False,-1.0,False,-1.0,25-50%
2021-07-16,down,30,180,1,0.5021582733812949,173.75,14746.25,50.5,36.75,False,2.45578231292517,True,1.3741496598639455,False,1.9863945578231292,False,1.9863945578231292,14.75,False,6.11864406779661,True,3.4237288135593222,False,4.9491525423728815,False,4.9491525423728815,50-75%
2021-07-19,down,180,205,1,0.4204322200392927,127.25,14464.5,17.25,36.25,True,0.0,False,-1.0,False,-1.0,False,-1.0,36.25,True,0.0,False,-1.0,False,-1.0,False,-1.0,25-50%
2021-07-19,down,180,245,2,0.5736738703339882,127.25,14472.5,25.25,47.75,True,0.3612565445026178,False,-1.0,False,-1.0,False,-1.0,27.0,True,0.2777777777777778,False,-1.0,False,-1.0,False,-1.0,50-75%
2021-07-20,up,10,225,1,0.05042016806722689,238.0,14750.0,4.75,7.25,True,2.3448275862068964,True,0.6551724137931034,False,-1.0,False,-1.0,7.25,True,2.3448275862068964,True,0.6551724137931034,False,-1.0,False,-1.0,<25%
2021-07-20,up,10,290,2,0.043273753527751646,265.75,14778.0,4.5,7.0,True,0.0,False,-1.0,False,-1.0,False,-1.0,7.0,True,0.0,False,-1.0,False,-1.0,False,-1.0,<25%
2021-07-21,up,30,45,1,0.13368983957219252,93.5,14783.0,2.75,9.75,True,0.0,False,-1.0,False,-1.0,False,-1.0,9.75,True,0.0,False,-1.0,False,-1.0,False,-1.0,<25%
2021-07-21,up,30,85,2,0.339572192513369,93.5,14780.5,5.25,26.5,True,0.0,False,-1.0,False,-1.0,False,-1.0,18.0,True,0.0,False,-1.0,False,-1.0,False,-1.0,25-50%
2021-07-21,up,30,170,3,0.5427807486631016,93.5,14771.5,14.25,36.5,False,1.6712328767123288,True,0.3904109589041096,True,1.0308219178082192,True,1.6712328767123288,15.5,False,3.935483870967742,True,0.9193548387096774,True,2.4274193548387095,True,3.935483870967742,50-75%
2021-07-21,up,30,260,4,0.2365038560411311,97.25,14784.0,5.5,17.5,False,2.7714285714285714,True,0.3142857142857143,True,1.7035714285714285,False,2.5142857142857142,1.0,True,0.0,False,-1.0,False,-1.0,False,-1.0,<25%
2021-07-22,up,5,115,1,0.8686567164179104,83.75,14876.75,46.5,26.25,False,2.057142857142857,True,1.7714285714285714,False,1.9904761904761905,False,1.9904761904761905,24.0,False,2.25,True,1.9375,False,2.1770833333333335,False,2.1770833333333335,75-100%
2021-07-22,up,5,270,2,0.08045977011494253,87.0,14923.25,3.25,3.75,True,0.0,False,-1.0,False,-1.0,False,-1.0,3.75,True,0.0,False,-1.0,False,-1.0,False,-1.0,<25%
2021-07-23,up,5,65,1,0.09523809523809523,136.5,15063.5,7.25,5.75,True,0.34782608695652173,False,-1.0,False,-1.0,False,-1.0,5.75,True,0.34782608695652173,False,-1.0,False,-1.0,False,-1.0,<25%
2021-07-23,up,5,105,2,0.14871794871794872,146.25,15076.25,4.25,17.5,False,2.342857142857143,True,0.24285714285714285,True,2.3321428571428573,False,1.2857142857142858,12.0,True,0.4583333333333333,True,0.3541666666666667,False,-1.0,False,-1.0,<25%
2021-07-23,up,5,130,3,0.12372881355932204,147.5,15080.25,1.5,16.75,False,2.208955223880597,True,0.08955223880597014,False,1.1044776119402986,False,1.1044776119402986,9.5,False,3.8947368421052633,True,0.15789473684210525,False,1.9473684210526316,False,1.9473684210526316,<25%
2021-07-23,up,5,145,4,0.064891846921797,150.25,15082.75,1.75,8.0,False,4.3125,True,0.21875,False,2.0,False,2.0,7.0,False,4.928571428571429,True,0.25,False,2.2857142857142856,False,2.2857142857142856,<25%
2021-07-23,up,5,215,5,0.149025069637883,179.5,15111.25,2.5,24.25,True,0.1134020618556701,True,0.10309278350515463,False,-1.0,False,-1.0,16.75,True,0.16417910447761194,True,0.14925373134328357,False,-1.0,False,-1.0,<25%
2021-07-23,up,5,300,6,0.17385257301808066,179.75,15099.75,14.25,17.0,False,1.0294117647058822,True,0.8382352941176471,False,-0.058823529411764705,False,-0.058823529411764705,7.5,True,2.3333333333333335,True,1.9,False,-1.0,False,-1.0,<25%
2021-07-27,down,0,100,1,0.1102880658436214,303.75,14821.5,18.25,15.25,True,0.0,False,-1.0,False,-1.0,False,-1.0,15.25,True,0.0,False,-1.0,False,-1.0,False,-1.0,<25%
2021-07-27,down,0,145,2,0.19012345679012346,303.75,14821.0,17.75,40.0,True,1.16875,True,0.44375,False,-1.0,False,-1.0,11.0,True,0.0,False,-1.0,False,-1.0,False,-1.0,<25%
2021-07-27,down,0,205,3,0.1652892561983471,332.75,14808.75,34.5,20.5,True,0.04878048780487805,False,-1.0,False,-1.0,False,-1.0,18.75,True,0.0,False,-1.0,False,-1.0,False,-1.0,<25%
2021-08-03,up,85,215,1,0.22503328894806923,187.75,15025.0,11.75,30.5,False,0.819672131147541,True,0.38524590163934425,False,0.6229508196721312,False,0.6229508196721312,14.75,True,0.8983050847457628,True,0.7966101694915254,False,-1.0,False,-1.0,<25%
2021-08-03,up,85,225,2,0.07001321003963012,189.25,15033.0,5.25,8.0,True,0.0,False,-1.0,False,-1.0,False,-1.0,8.0,True,0.0,False,-1.0,False,-1.0,False,-1.0,<25%
2021-08-03,up,85,290,3,0.10789473684210527,190.0,15037.25,1.75,18.75,False,0.68,True,0.09333333333333334,False,0.36,False,0.36,10.5,True,0.9047619047619048,True,0.16666666666666666,False,-1.0,False,-1.0,<25%
2021-08-04,up,150,220,1,0.31529411764705884,106.25,15097.5,5.75,27.75,True,0.3783783783783784,True,0.2072072072072072,False,-1.0,False,-1.0,15.5,True,0.6774193548387096,True,0.3709677419354839,False,-1.0,False,-1.0,25-50%
2021-08-04,up,150,310,2,0.41216216216216217,111.0,15086.25,21.75,24.0,False,0.3125,False,-0.71875,False,-0.71875,False,-0.71875,11.0,True,0.6818181818181818,False,-1.0,False,-1.0,False,-1.0,25-50%
2021-08-05,up,20,100,1,0.31283422459893045,93.5,15151.5,15.0,14.25,True,0.2631578947368421,False,-1.0,False,-1.0,False,-1.0,6.75,True,0.1111111111111111,False,-1.0,False,-1.0,False,-1.0,25-50%
2021-08-05,up,20,170,2,0.3315508021390374,93.5,15145.0,21.5,9.5,False,2.8684210526315788,True,2.263157894736842,False,2.236842105263158,False,2.236842105263158,4.5,True,3.888888888888889,False,-1.0,False,-1.0,False,-1.0,25-50%
2021-08-06,down,15,260,1,0.6058394160583942,102.75,15079.0,31.75,30.5,False,0.20491803278688525,False,-0.5655737704918032,False,-0.5655737704918032,False,-0.5655737704918032,6.75,True,0.9259259259259259,False,-1.0,False,-1.0,False,-1.0,50-75%
2021-08-09,up,240,275,1,0.21895424836601307,76.5,15134.25,11.25,5.5,True,0.0,False,-1.0,False,-1.0,False,-1.0,4.5,True,0.0,False,-1.0,False,-1.0,False,-1.0,<25%
2021-08-10,down,0,35,1,0.3034825870646766,150.75,15009.5,3.0,42.75,True,0.3508771929824561,True,0.07017543859649122,False,-1.0,False,-1.0,25.75,True,0.5825242718446602,True,0.11650485436893204,False,-1.0,False,-1.0,25-50%
2021-08-10,down,0,80,2,0.391705069124424,162.75,15045.5,51.0,12.75,True,0.2549019607843137,False,-1.0,False,-1.0,False,-1.0,12.75,True,0.2549019607843137,False,-1.0,False,-1.0,False,-1.0,25-50%
2021-08-10,down,0,130,3,0.5622119815668203,162.75,15064.75,70.25,21.25,False,2.0823529411764707,False,0.8705882352941177,False,0.8705882352941177,False,0.8705882352941177,5.75,False,7.695652173913044,False,3.217391304347826,False,3.217391304347826,False,3.217391304347826,50-75%
2021-08-11,down,0,75,1,0.2548076923076923,156.0,14969.25,6.25,33.5,True,0.1417910447761194,False,-1.0,False,-1.0,False,-1.0,19.75,True,0.24050632911392406,False,-1.0,False,-1.0,False,-1.0,25-50%
2021-08-11,down,0,185,2,0.4439102564102564,156.0,14998.25,35.25,34.0,False,0.23529411764705882,False,-0.6911764705882353,False,-0.6911764705882353,False,-0.6911764705882353,17.25,True,0.463768115942029,False,-1.0,False,-1.0,False,-1.0,25-50%
2021-08-12,up,0,15,1,0.16793893129770993,98.25,15035.75,3.75,12.75,False,4.294117647058823,True,0.29411764705882354,True,2.2205882352941178,True,4.147058823529412,12.75,False,4.294117647058823,True,0.29411764705882354,True,2.2205882352941178,True,4.147058823529412,<25%
2021-08-12,up,0,45,2,0.18681318681318682,113.75,15044.0,11.0,10.25,True,2.8780487804878048,True,1.0731707317073171,False,-1.0,False,-1.0,10.25,True,2.8780487804878048,True,1.0731707317073171,False,-1.0,False,-1.0,<25%
2021-08-12,up,0,155,3,0.30623818525519847,132.25,15049.5,24.0,16.5,False,2.484848484848485,True,1.4545454545454546,False,1.621212121212121,False,1.621212121212121,8.0,True,0.0,False,-1.0,False,-1.0,False,-1.0,25-50%
2021-08-12,up,0,295,4,0.05114638447971781,141.75,15082.5,0.5,6.75,True,1.1851851851851851,True,0.07407407407407407,False,-1.0,False,-1.0,5.5,True,0.0,False,-1.0,False,-1.0,False,-1.0,<25%
2021-08-16,down,20,120,1,0.526867627785059,190.75,15002.0,80.5,20.0,True,0.3625,False,-1.0,False,-1.0,False,-1.0,8.75,True,0.8285714285714286,False,-1.0,False,-1.0,False,-1.0,50-75%
2021-08-17,down,85,125,1,0.3590733590733591,129.5,14937.5,9.0,37.5,True,1.08,True,0.24,False,-1.0,False,-1.0,18.5,True,2.189189189189189,True,0.4864864864864865,False,-1.0,False,-1.0,25-50%
2021-08-17,down,85,185,2,0.35248447204968947,161.0,14920.0,23.0,33.75,True,0.48148148148148145,False,-1.0,False,-1.0,False,-1.0,23.0,True,0.7065217391304348,False,-1.0,False,-1.0,False,-1.0,25-50%
2021-08-18,down,220,295,1,0.7594654788418709,112.25,14947.75,22.75,62.5,False,1.688,True,0.364,True,0.813,True,1.262,20.0,False,5.275,True,1.1375,True,2.540625,True,3.94375,75-100%
2021-08-19,up,25,120,1,0.19872476089266738,235.25,14981.0,18.0,28.75,True,0.41739130434782606,False,-1.0,False,-1.0,False,-1.0,20.75,True,0.5783132530120482,False,-1.0,False,-1.0,False,-1.0,<25%
2021-08-19,up,25,260,2,0.6025504782146652,235.25,14923.75,75.25,66.5,False,0.849624060150376,False,0.07894736842105263,False,0.07894736842105263,False,0.07894736842105263,50.5,False,1.118811881188119,False,0.10396039603960396,False,0.10396039603960396,False,0.10396039603960396,50-75%
2021-08-23,up,0,55,1,0.0718954248366013,153.0,15272.0,5.75,5.25,False,12.476190476190476,True,1.0952380952380953,True,8.380952380952381,False,6.523809523809524,4.75,False,13.789473684210526,True,1.2105263157894737,True,9.263157894736842,False,7.2105263157894735,<25%
2021-08-23,up,0,115,2,0.08781127129750983,190.75,15312.0,3.5,13.25,False,1.9245283018867925,True,0.2641509433962264,False,-0.4339622641509434,False,-0.4339622641509434,6.75,True,2.259259259259259,True,0.5185185185185185,False,-1.0,False,-1.0,<25%
2021-08-23,up,0,140,3,0.06914212548015365,195.25,15315.0,5.0,8.5,True,1.4411764705882353,True,0.5882352941176471,False,-1.0,False,-1.0,8.5,True,1.4411764705882353,True,0.5882352941176471,False,-1.0,False,-1.0,<25%
2021-08-23,up,0,195,4,0.1345679012345679,202.5,15318.0,9.25,18.0,False,1.0833333333333333,True,0.5138888888888888,False,-0.6527777777777778,False,-0.6527777777777778,6.75,True,2.888888888888889,True,1.3703703703703705,False,-1.0,False,-1.0,<25%
2021-08-23,up,0,240,5,0.04920049200492005,203.25,15325.0,3.0,7.0,True,1.7857142857142858,True,0.42857142857142855,False,-1.0,False,-1.0,6.5,True,1.9230769230769231,True,0.46153846153846156,False,-1.0,False,-1.0,<25%
2021-08-24,up,0,40,1,0.4925925925925926,67.5,15359.75,20.75,12.5,True,0.64,False,-1.0,False,-1.0,False,-1.0,8.25,True,0.9696969696969697,False,-1.0,False,-1.0,False,-1.0,25-50%
2021-08-24,up,0,260,2,0.7444444444444445,67.5,15357.5,23.0,27.25,False,0.5504587155963303,False,-0.05504587155963303,False,-0.05504587155963303,False,-0.05504587155963303,4.75,True,3.1578947368421053,False,-1.0,False,-1.0,False,-1.0,50-75%
2021-08-25,down,0,5,1,0.29385964912280704,57.0,15348.75,8.75,8.0,True,1.96875,True,1.09375,False,-1.0,False,-1.0,8.0,True,1.96875,True,1.09375,False,-1.0,False,-1.0,25-50%
2021-08-25,down,0,90,2,0.52734375,64.0,15349.25,16.25,17.5,True,0.6142857142857143,False,-1.0,False,-1.0,False,-1.0,7.0,True,1.5357142857142858,False,-1.0,False,-1.0,False,-1.0,50-75%
2021-08-25,down,0,155,3,0.59765625,64.0,15352.75,19.75,18.5,True,0.36486486486486486,False,-1.0,False,-1.0,False,-1.0,13.25,True,0.5094339622641509,False,-1.0,False,-1.0,False,-1.0,50-75%
2021-08-25,down,0,325,4,0.7890625,64.0,15362.5,29.5,21.0,False,0.0,False,-0.0,False,-0.0,False,-0.0,14.0,False,0.0,False,-0.0,False,-0.0,False,-0.0,75-100%
2021-08-27,up,170,235,1,0.12006319115323855,158.25,15426.75,11.5,7.5,False,2.2666666666666666,True,1.5333333333333334,False,-0.3,False,-0.3,7.0,False,2.4285714285714284,True,1.6428571428571428,False,-0.32142857142857145,False,-0.32142857142857145,<25%
2021-08-30,up,0,25,1,0.14555765595463138,132.25,15584.25,3.25,16.0,True,0.171875,False,-1.0,False,-1.0,False,-1.0,15.25,True,0.18032786885245902,False,-1.0,False,-1.0,False,-1.0,<25%
2021-08-30,up,0,70,2,0.20982986767485823,132.25,15584.0,3.5,24.25,False,1.3917525773195876,True,0.14432989690721648,False,0.6288659793814433,False,0.6288659793814433,14.5,True,0.9310344827586207,True,0.2413793103448276,False,-1.0,False,-1.0,<25%
2021-08-30,up,0,80,3,0.056239015817223195,142.25,15593.5,4.0,4.0,True,0.5,False,-1.0,False,-1.0,False,-1.0,4.0,True,0.5,False,-1.0,False,-1.0,False,-1.0,<25%
2021-08-30,up,0,155,4,0.2179261862917399,142.25,15593.75,3.75,27.25,False,0.8807339449541285,True,0.13761467889908258,False,0.2018348623853211,False,0.2018348623853211,12.0,False,2.0,True,0.3125,False,0.4583333333333333,False,0.4583333333333333,<25%
2021-08-30,up,0,190,5,0.04991680532445923,150.25,15601.25,4.25,3.25,True,5.076923076923077,True,1.3076923076923077,False,-1.0,False,-1.0,3.25,True,5.076923076923077,True,1.3076923076923077,False,-1.0,False,-1.0,<25%
2021-08-30,up,0,240,6,0.07538461538461538,162.5,15611.25,6.5,5.75,True,0.043478260869565216,False,-1.0,False,-1.0,False,-1.0,2.5,True,0.0,False,-1.0,False,-1.0,False,-1.0,<25%
2021-08-30,up,0,260,7,0.08461538461538462,162.5,15611.5,6.25,7.5,True,0.7666666666666667,False,-1.0,False,-1.0,False,-1.0,4.0,True,1.4375,False,-1.0,False,-1.0,False,-1.0,<25%
2021-08-30,up,0,315,8,0.10923076923076923,162.5,15614.75,3.0,14.75,True,0.06779661016949153,False,-1.0,False,-1.0,False,-1.0,12.0,True,0.08333333333333333,False,-1.0,False,-1.0,False,-1.0,<25%
2021-09-02,down,105,165,1,0.29559748427672955,79.5,15603.25,0.75,22.75,False,2.2637362637362637,True,0.03296703296703297,True,0.9065934065934066,True,1.7802197802197801,11.5,False,4.478260869565218,True,0.06521739130434782,True,1.7934782608695652,True,3.5217391304347827,25-50%
2021-09-02,down,105,315,2,0.3896353166986564,130.25,15585.0,33.25,17.5,True,0.18571428571428572,False,-1.0,False,-1.0,False,-1.0,7.25,True,0.0,False,-1.0,False,-1.0,False,-1.0,25-50%
2021-09-07,up,20,25,1,0.11971830985915492,71.0,15674.25,3.5,5.0,True,0.0,False,-1.0,False,-1.0,False,-1.0,5.0,True,0.0,False,-1.0,False,-1.0,False,-1.0,<25%
2021-09-07,up,20,60,2,0.6373239436619719,71.0,15656.0,21.75,23.5,False,1.9361702127659575,True,0.925531914893617,True,1.6808510638297873,False,0.7340425531914894,16.75,False,2.716417910447761,True,1.2985074626865671,True,2.3582089552238807,False,1.0298507462686568,50-75%
2021-09-07,up,20,100,3,0.13494809688581316,72.25,15677.75,1.25,8.5,True,2.7941176470588234,True,0.14705882352941177,True,2.2720588235294117,False,-1.0,8.5,True,2.7941176470588234,True,0.14705882352941177,True,2.2720588235294117,False,-1.0,<25%
2021-09-07,up,20,115,4,0.10979228486646884,84.25,15690.75,0.25,9.0,True,1.1944444444444444,True,0.027777777777777776,False,-1.0,False,-1.0,9.0,True,1.1944444444444444,True,0.027777777777777776,False,-1.0,False,-1.0,<25%
2021-09-07,up,20,185,5,0.20316622691292877,94.75,15699.5,2.0,17.25,True,0.043478260869565216,False,-1.0,False,-1.0,False,-1.0,4.75,True,0.15789473684210525,False,-1.0,False,-1.0,False,-1.0,<25%
2021-09-07,up,20,320,6,0.3482849604221636,94.75,15679.25,22.25,10.75,False,0.2558139534883721,False,-0.5581395348837209,False,-0.5581395348837209,False,-0.5581395348837209,10.75,False,0.2558139534883721,False,-0.5581395348837209,False,-0.5581395348837209,False,-0.5581395348837209,25-50%
2021-09-08,down,0,45,1,0.3728813559322034,132.75,15570.25,35.75,13.75,True,0.0,False,-1.0,False,-1.0,False,-1.0,13.25,True,0.0,False,-1.0,False,-1.0,False,-1.0,25-50%
2021-09-08,down,0,60,2,0.4312617702448211,132.75,15564.5,30.0,27.25,True,1.4954128440366972,True,1.1009174311926606,False,-1.0,False,-1.0,23.5,True,1.7340425531914894,True,1.2765957446808511,False,-1.0,False,-1.0,25-50%
2021-09-08,down,0,205,3,0.6236933797909407,143.5,15592.0,68.25,21.25,True,0.0,False,-1.0,False,-1.0,False,-1.0,11.5,True,0.0,False,-1.0,False,-1.0,False,-1.0,50-75%
2021-09-09,down,55,80,1,0.29069767441860467,64.5,15614.0,2.75,16.0,True,0.0,False,-1.0,False,-1.0,False,-1.0,15.0,True,0.0,False,-1.0,False,-1.0,False,-1.0,25-50%
2021-09-09,down,55,110,2,0.38996138996138996,64.75,15628.25,17.25,8.0,True,1.1875,False,-1.0,False,-1.0,False,-1.0,8.0,True,1.1875,False,-1.0,False,-1.0,False,-1.0,25-50%
2021-09-09,down,55,145,3,0.44015444015444016,64.75,15619.0,8.0,20.5,False,3.1097560975609757,True,0.3902439024390244,True,1.1798780487804879,True,1.9695121951219512,11.75,True,0.0,False,-1.0,False,-1.0,False,-1.0,25-50%
2021-09-09,down,55,210,4,0.25477707006369427,117.75,15564.5,6.5,23.5,True,0.0,False,-1.0,False,-1.0,False,-1.0,22.25,True,0.0,False,-1.0,False,-1.0,False,-1.0,25-50%
2021-09-09,down,55,240,5,0.33121019108280253,117.75,15581.0,23.0,16.0,True,0.921875,False,-1.0,False,-1.0,False,-1.0,8.5,True,1.7352941176470589,False,-1.0,False,-1.0,False,-1.0,25-50%
2021-09-09,down,55,320,6,0.4182590233545648,117.75,15561.5,3.5,45.75,False,0.1366120218579235,True,0.07650273224043716,False,-0.0546448087431694,False,-0.0546448087431694,17.75,False,0.352112676056338,True,0.19718309859154928,False,-0.14084507042253522,False,-0.14084507042253522,25-50%
2021-09-10,down,0,10,1,0.17302798982188294,98.25,15576.25,6.5,10.5,True,0.0,False,-1.0,False,-1.0,False,-1.0,10.5,True,0.0,False,-1.0,False,-1.0,False,-1.0,<25%
2021-09-10,down,0,45,2,0.3646788990825688,109.0,15567.75,8.75,31.0,True,1.2741935483870968,True,0.28225806451612906,True,1.1612903225806452,False,-1.0,23.75,True,1.6631578947368422,True,0.3684210526315789,True,1.5157894736842106,False,-1.0,25-50%
2021-09-10,down,0,75,3,0.2178030303030303,132.0,15542.0,6.0,22.75,True,0.6043956043956044,True,0.26373626373626374,False,-1.0,False,-1.0,20.25,True,0.6790123456790124,True,0.2962962962962963,False,-1.0,False,-1.0,<25%
2021-09-10,down,0,175,4,0.5652951699463328,139.75,15583.25,55.0,24.0,False,6.239583333333333,True,2.2916666666666665,True,3.7473958333333335,True,5.203125,7.25,True,0.0,False,-1.0,False,-1.0,False,-1.0,50-75%
2021-09-14,down,5,115,1,0.7463768115942029,138.0,15455.0,68.75,34.25,False,3.2262773722627736,True,2.0072992700729926,True,3.0145985401459856,False,2.1094890510948905,4.75,False,23.263157894736842,True,14.473684210526315,True,21.736842105263158,False,15.210526315789474,50-75%
2021-09-14,down,5,235,2,0.10383386581469649,156.5,15377.0,9.25,7.0,True,4.035714285714286,True,1.3214285714285714,False,-1.0,False,-1.0,7.0,True,4.035714285714286,True,1.3214285714285714,False,-1.0,False,-1.0,<25%
2021-09-14,down,5,295,3,0.23504273504273504,175.5,15350.25,1.5,39.75,False,0.14465408805031446,True,0.03773584905660377,False,-0.8176100628930818,False,-0.8176100628930818,14.5,True,0.3103448275862069,True,0.10344827586206896,False,-1.0,False,-1.0,<25%
2021-09-15,up,145,255,1,0.08920863309352518,173.75,15478.5,3.0,12.5,False,2.88,True,0.24,False,1.5,False,1.5,12.5,False,2.88,True,0.24,False,1.5,False,1.5,<25%
2021-09-15,up,145,310,2,0.0463980463980464,204.75,15510.5,2.0,7.5,True,0.0,False,-1.0,False,-1.0,False,-1.0,7.5,True,0.0,False,-1.0,False,-1.0,False,-1.0,<25%
2021-09-16,up,220,240,1,0.17267552182163187,131.75,15478.5,12.0,10.75,False,5.023255813953488,True,1.1162790697674418,True,4.180232558139535,False,2.953488372093023,4.0,True,2.0,False,-1.0,False,-1.0,False,-1.0,<25%
2021-09-17,down,5,25,1,0.18166666666666667,150.0,15348.5,13.5,13.75,True,2.618181818181818,True,0.9818181818181818,False,-1.0,False,-1.0,11.5,True,3.130434782608696,True,1.173913043478261,False,-1.0,False,-1.0,<25%
2021-09-17,down,5,65,2,0.11637347767253045,184.75,15310.0,9.75,11.75,True,0.3829787234042553,False,-1.0,False,-1.0,False,-1.0,11.75,True,0.3829787234042553,False,-1.0,False,-1.0,False,-1.0,<25%
2021-09-17,down,5,150,3,0.38028169014084506,195.25,15334.0,44.25,30.0,False,1.925,True,1.475,False,0.4,False,0.4,13.25,False,4.3584905660377355,True,3.339622641509434,False,0.9056603773584906,False,0.9056603773584906,25-50%
2021-09-17,down,5,275,4,0.22275449101796407,208.75,15296.0,19.75,26.75,True,0.29906542056074764,False,-1.0,False,-1.0,False,-1.0,21.25,True,0.3764705882352941,False,-1.0,False,-1.0,False,-1.0,<25%
2021-09-17,down,5,315,5,0.3029940119760479,208.75,15308.25,32.0,31.25,True,0.216,False,-1.0,False,-1.0,False,-1.0,31.25,True,0.216,False,-1.0,False,-1.0,False,-1.0,25-50%
2021-09-20,down,10,60,1,0.37317784256559766,171.5,15010.5,30.75,33.25,False,6.105263157894737,True,0.924812030075188,True,2.2142857142857144,True,3.5037593984962405,33.25,False,6.105263157894737,True,0.924812030075188,True,2.2142857142857144,True,3.5037593984962405,25-50%
2021-09-20,down,10,145,2,0.15511892450879008,241.75,14917.75,8.25,29.25,True,1.1538461538461537,True,0.28205128205128205,False,-1.0,False,-1.0,25.75,True,1.3106796116504855,True,0.32038834951456313,False,-1.0,False,-1.0,<25%
2021-09-20,down,10,190,3,0.24134705332086062,267.25,14923.0,39.0,25.5,True,4.529411764705882,True,1.5294117647058822,True,4.1495098039215685,False,-1.0,25.25,True,4.574257425742574,True,1.5445544554455446,True,4.1905940594059405,False,-1.0,<25%
2021-09-20,down,10,260,4,0.13584905660377358,331.25,14823.5,3.5,41.5,True,0.3855421686746988,True,0.08433734939759036,False,-1.0,False,-1.0,27.75,True,0.0,False,-1.0,False,-1.0,False,-1.0,<25%
2021-09-21,down,15,85,1,0.8712241653418124,157.25,15090.0,115.5,21.5,True,0.0,False,-1.0,False,-1.0,False,-1.0,9.5,True,0.0,False,-1.0,False,-1.0,False,-1.0,75-100%
2021-09-21,down,15,115,2,0.9220985691573926,157.25,15085.0,110.5,34.5,False,2.420289855072464,False,1.9275362318840579,False,1.9275362318840579,False,1.9275362318840579,18.25,True,4.575342465753424,False,-1.0,False,-1.0,False,-1.0,75-100%
2021-09-22,up,30,45,1,0.10211946050096339,129.75,15141.75,2.75,10.5,True,5.928571428571429,True,0.2619047619047619,True,3.3511904761904763,False,-1.0,9.25,True,6.72972972972973,True,0.2972972972972973,True,3.804054054054054,False,-1.0,<25%
2021-09-22,up,30,85,2,0.17173051519154559,189.25,15176.0,28.0,4.5,True,0.0,False,-1.0,False,-1.0,False,-1.0,4.5,True,0.0,False,-1.0,False,-1.0,False,-1.0,<25%
2021-09-22,up,30,120,3,0.2536327608982827,189.25,15177.0,27.0,21.0,True,0.20238095238095238,False,-1.0,False,-1.0,False,-1.0,5.5,True,0.7727272727272727,False,-1.0,False,-1.0,False,-1.0,25-50%
2021-09-22,up,30,210,4,0.6010568031704095,189.25,15181.75,22.25,91.5,True,0.49453551912568305,True,0.24316939890710382,False,-1.0,False,-1.0,91.5,True,0.49453551912568305,True,0.24316939890710382,False,-1.0,False,-1.0,50-75%
2021-09-22,up,30,285,5,0.6442873969375736,212.25,15202.0,25.0,111.75,False,0.19015659955257272,False,-0.36017897091722595,False,-0.36017897091722595,False,-0.36017897091722595,32.25,True,0.6589147286821705,False,-1.0,False,-1.0,False,-1.0,50-75%
2021-09-23,up,180,200,1,0.04892966360856269,163.5,15343.5,2.0,6.0,True,0.5833333333333334,True,0.3333333333333333,False,-1.0,False,-1.0,5.75,True,0.6086956521739131,True,0.34782608695652173,False,-1.0,False,-1.0,<25%
2021-09-23,up,180,265,2,0.18636363636363637,165.0,15330.0,17.0,13.75,True,0.16363636363636364,False,-1.0,False,-1.0,False,-1.0,7.5,True,0.0,False,-1.0,False,-1.0,False,-1.0,<25%
2021-09-24,up,100,175,1,0.13380281690140844,106.5,15294.5,1.75,12.5,True,0.0,False,-1.0,False,-1.0,False,-1.0,7.75,True,0.0,False,-1.0,False,-1.0,False,-1.0,<25%
2021-09-24,up,100,240,2,0.3474178403755869,106.5,15277.25,19.0,18.0,False,3.1666666666666665,True,1.0555555555555556,True,2.5347222222222223,False,2.138888888888889,6.5,False,8.76923076923077,True,2.923076923076923,True,7.019230769230769,False,5.923076923076923,25-50%
2021-09-27,up,30,155,1,0.7387387387387387,138.75,15174.5,48.25,54.25,False,1.0368663594470047,True,0.8894009216589862,False,0.3640552995391705,False,0.3640552995391705,28.0,False,2.0089285714285716,True,1.7232142857142858,False,0.7053571428571429,False,0.7053571428571429,50-75%
2021-09-28,down,30,70,1,0.19731800766283525,261.0,14785.25,17.25,34.25,True,0.6788321167883211,True,0.5036496350364964,False,-1.0,False,-1.0,31.5,True,0.7380952380952381,True,0.5476190476190477,False,-1.0,False,-1.0,<25%
2021-09-28,down,30,130,2,0.300561797752809,267.0,14765.25,3.25,77.0,True,0.3181818181818182,True,0.04220779220779221,False,-1.0,False,-1.0,27.5,True,0.7636363636363637,True,0.11818181818181818,False,-1.0,False,-1.0,25-50%
2021-09-28,down,30,195,3,0.2774363476733977,284.75,14788.0,43.75,35.25,True,1.3404255319148937,True,1.2411347517730495,False,-1.0,False,-1.0,21.0,True,2.25,True,2.0833333333333335,False,-1.0,False,-1.0,25-50%
2021-09-28,down,30,290,4,0.46487424111014747,288.25,14818.25,77.5,56.5,False,1.247787610619469,False,0.9557522123893806,False,0.9557522123893806,False,0.9557522123893806,45.0,False,1.5666666666666667,False,1.2,False,1.2,False,1.2,25-50%
2021-09-29,down,65,270,1,0.7259923175416133,195.25,14821.75,110.75,31.0,False,3.3629032258064515,False,2.564516129032258,False,2.564516129032258,False,2.564516129032258,29.5,False,3.5338983050847457,False,2.694915254237288,False,2.694915254237288,False,2.694915254237288,50-75%
2021-09-30,down,20,60,1,0.6433566433566433,107.25,14788.5,17.0,52.0,False,2.2740384615384617,True,0.3269230769230769,True,0.8425480769230769,True,1.3581730769230769,43.75,False,2.702857142857143,True,0.38857142857142857,True,1.0014285714285713,True,1.6142857142857143,50-75%
2021-09-30,down,20,90,2,0.24574961360123648,161.75,14728.0,11.0,28.75,True,1.5739130434782609,True,0.3826086956521739,False,-1.0,False,-1.0,27.5,True,1.6454545454545455,True,0.4,False,-1.0,False,-1.0,<25%
2021-09-30,down,20,110,3,0.2064516129032258,193.75,14696.0,11.0,29.0,True,0.45689655172413796,True,0.3793103448275862,False,-1.0,False,-1.0,29.0,True,0.45689655172413796,True,0.3793103448275862,False,-1.0,False,-1.0,<25%
2021-09-30,down,20,170,4,0.45535714285714285,196.0,14735.0,52.25,37.0,True,0.4594594594594595,False,-1.0,False,-1.0,False,-1.0,27.25,True,0.6238532110091743,False,-1.0,False,-1.0,False,-1.0,25-50%
2021-09-30,down,20,265,5,0.7461734693877551,196.0,14777.0,94.25,52.0,False,2.0528846153846154,True,1.8125,False,1.9471153846153846,False,1.9471153846153846,17.0,True,1.1029411764705883,False,-1.0,False,-1.0,False,-1.0,50-75%
2021-10-01,up,195,225,1,0.13126491646778043,209.5,14738.5,8.0,19.5,False,4.076923076923077,True,0.41025641025641024,True,3.0961538461538463,False,1.641025641025641,14.0,False,5.678571428571429,True,0.5714285714285714,True,4.3125,False,2.2857142857142856,<25%
2021-10-01,up,195,320,2,0.19217081850533807,281.0,14803.25,14.75,39.25,True,0.0,False,-1.0,False,-1.0,False,-1.0,32.25,True,0.0,False,-1.0,False,-1.0,False,-1.0,<25%
2021-10-01,down,5,100,1,0.8602015113350125,198.5,14664.0,127.0,43.75,True,0.41714285714285715,False,-1.0,False,-1.0,False,-1.0,29.75,True,0.6134453781512605,False,-1.0,False,-1.0,False,-1.0,75-100%
2021-10-04,down,0,15,1,0.13898601398601398,286.0,14443.75,9.75,30.0,True,1.3916666666666666,True,0.325,False,-1.0,False,-1.0,27.0,True,1.5462962962962963,True,0.3611111111111111,False,-1.0,False,-1.0,<25%
2021-10-04,down,0,50,2,0.23663522012578617,318.0,14430.75,28.75,46.5,True,1.3548387096774193,True,0.6182795698924731,False,-1.0,False,-1.0,38.25,True,1.6470588235294117,True,0.7516339869281046,False,-1.0,False,-1.0,<25%
2021-10-04,down,0,285,3,0.36266855926188785,352.25,14423.0,55.25,72.5,False,0.38620689655172413,False,-0.6206896551724138,False,-0.6206896551724138,False,-0.6206896551724138,41.25,True,0.6787878787878788,False,-1.0,False,-1.0,False,-1.0,25-50%
2021-10-05,up,10,85,1,0.2261072261072261,214.5,14699.25,12.75,35.75,True,1.5524475524475525,True,0.35664335664335667,False,-1.0,False,-1.0,24.25,True,2.288659793814433,True,0.5257731958762887,False,-1.0,False,-1.0,<25%
2021-10-05,up,10,105,2,0.06581740976645435,235.5,14726.75,6.25,9.25,True,0.0,False,-1.0,False,-1.0,False,-1.0,9.25,True,0.0,False,-1.0,False,-1.0,False,-1.0,<25%
2021-10-05,up,10,135,3,0.13481953290870488,235.5,14726.25,6.75,25.0,True,1.14,True,0.27,False,-1.0,False,-1.0,20.75,True,0.10843373493975904,False,-1.0,False,-1.0,False,-1.0,<25%
2021-10-06,up,15,85,1,0.5232273838630807,204.5,14659.5,28.75,78.25,True,0.022364217252396165,False,-1.0,False,-1.0,False,-1.0,17.75,True,0.0,False,-1.0,False,-1.0,False,-1.0,50-75%
2021-10-06,up,15,130,2,0.5378973105134475,204.5,14620.5,67.75,42.25,True,0.14201183431952663,False,-1.0,False,-1.0,False,-1.0,28.25,True,0.21238938053097345,False,-1.0,False,-1.0,False,-1.0,50-75%
2021-10-06,up,15,170,3,0.5904645476772616,204.5,14625.25,63.0,57.75,False,2.41991341991342,True,1.0909090909090908,True,1.9761904761904763,False,2.2294372294372296,25.0,False,5.59,True,2.52,True,4.565,False,5.15,50-75%
2021-10-06,up,15,295,4,0.2013170272812794,265.75,14718.0,31.5,22.0,True,0.0,False,-1.0,False,-1.0,False,-1.0,11.5,True,0.0,False,-1.0,False,-1.0,False,-1.0,<25%
2021-10-06,up,15,315,5,0.24929444967074318,265.75,14723.75,25.75,40.5,False,1.0185185185185186,True,0.6358024691358025,False,0.7469135802469136,False,0.7469135802469136,28.0,False,1.4732142857142858,True,0.9196428571428571,False,1.0803571428571428,False,1.0803571428571428,<25%
2021-10-07,up,85,270,1,0.6232394366197183,142.0,14929.0,72.25,16.25,True,1.2461538461538462,False,-1.0,False,-1.0,False,-1.0,11.5,True,1.7608695652173914,False,-1.0,False,-1.0,False,-1.0,50-75%
2021-10-08,down,10,60,1,0.47244094488188976,127.0,14837.5,21.5,38.5,False,1.2142857142857142,True,0.5584415584415584,False,0.6883116883116883,False,0.6883116883116883,16.75,True,1.7014925373134329,True,1.2835820895522387,False,-1.0,False,-1.0,25-50%
2021-10-08,down,10,115,2,0.2555970149253731,134.0,14819.25,10.25,24.0,True,0.19791666666666666,False,-1.0,False,-1.0,False,-1.0,14.5,True,0.3275862068965517,False,-1.0,False,-1.0,False,-1.0,25-50%
2021-10-08,down,10,315,3,0.5238095238095238,152.25,14808.75,18.0,61.75,False,0.21862348178137653,False,-0.03643724696356275,False,-0.03643724696356275,False,-0.03643724696356275,12.75,False,1.0588235294117647,False,-0.17647058823529413,False,-0.17647058823529413,False,-0.17647058823529413,50-75%
2021-10-12,down,20,140,1,0.6797945205479452,146.0,14657.0,24.0,75.25,False,0.4717607973421927,True,0.31893687707641194,False,0.09302325581395349,False,0.09302325581395349,17.0,True,1.25,False,-1.0,False,-1.0,False,-1.0,50-75%
2021-10-14,up,55,65,1,0.11187214611872145,109.5,14997.75,2.25,10.0,False,5.1,True,0.225,True,2.9625,False,3.925,10.0,False,5.1,True,0.225,True,2.9625,False,3.925,<25%
2021-10-14,up,55,125,2,0.10234899328859061,149.0,15035.5,4.0,11.25,True,0.8222222222222222,True,0.35555555555555557,False,-1.0,False,-1.0,4.5,True,2.0555555555555554,True,0.8888888888888888,False,-1.0,False,-1.0,<25%
2021-10-14,up,55,180,3,0.18152350081037277,154.25,15029.25,15.5,12.5,True,1.2,False,-1.0,False,-1.0,False,-1.0,9.0,True,1.6666666666666667,False,-1.0,False,-1.0,False,-1.0,<25%
2021-10-15,up,25,35,1,0.21951219512195122,71.75,15114.75,3.0,12.75,True,0.49019607843137253,True,0.23529411764705882,False,-1.0,False,-1.0,12.75,True,0.49019607843137253,True,0.23529411764705882,False,-1.0,False,-1.0,<25%
2021-10-15,up,25,45,2,0.20333333333333334,75.0,15116.5,4.5,10.75,True,0.0,False,-1.0,False,-1.0,False,-1.0,10.75,True,0.0,False,-1.0,False,-1.0,False,-1.0,<25%
2021-10-18,up,20,45,1,0.09880749574105621,146.75,15196.0,2.75,11.75,False,8.361702127659575,True,0.23404255319148937,True,3.356382978723404,True,6.4787234042553195,11.75,False,8.361702127659575,True,0.23404255319148937,True,3.356382978723404,True,6.4787234042553195,<25%
2021-10-18,up,20,60,2,0.10016420361247948,152.25,15200.25,4.0,11.25,False,8.355555555555556,True,0.35555555555555557,True,3.738888888888889,True,7.122222222222222,11.25,False,8.355555555555556,True,0.35555555555555557,True,3.738888888888889,True,7.122222222222222,<25%
2021-10-18,up,20,95,3,0.0889894419306184,165.75,15217.0,0.75,14.0,False,5.517857142857143,True,0.05357142857142857,True,3.013392857142857,False,4.946428571428571,8.75,True,0.0,False,-1.0,False,-1.0,False,-1.0,<25%
2021-10-18,up,20,120,4,0.0955223880597015,167.5,15218.75,0.75,15.25,False,4.950819672131147,True,0.04918032786885246,True,2.7950819672131146,False,4.426229508196721,7.75,True,0.9354838709677419,True,0.0967741935483871,False,-1.0,False,-1.0,<25%
2021-10-18,up,20,150,5,0.09339080459770115,174.0,15221.5,4.5,11.75,False,6.191489361702128,True,0.3829787234042553,True,4.085106382978723,False,5.51063829787234,3.0,True,0.0,False,-1.0,False,-1.0,False,-1.0,<25%
2021-10-18,up,20,170,6,0.05966277561608301,192.75,15242.25,2.5,9.0,False,5.777777777777778,True,0.2777777777777778,True,5.631944444444445,False,4.888888888888889,9.0,False,5.777777777777778,True,0.2777777777777778,True,5.631944444444445,False,4.888888888888889,<25%
2021-10-18,up,20,295,7,0.06602768903088392,234.75,15280.5,6.25,9.25,True,0.0,False,-1.0,False,-1.0,False,-1.0,9.25,True,0.0,False,-1.0,False,-1.0,False,-1.0,<25%
2021-10-18,up,20,315,8,0.07987220447284345,234.75,15281.5,5.25,13.5,False,0.9444444444444444,True,0.3888888888888889,False,0.35185185185185186,False,0.35185185185185186,11.5,False,1.108695652173913,True,0.45652173913043476,False,0.41304347826086957,False,0.41304347826086957,<25%
2021-10-19,up,25,55,1,0.2803738317757009,80.25,15372.25,10.0,12.5,False,2.52,True,0.8,True,2.405,False,2.22,10.0,False,3.15,True,1.0,True,3.00625,False,2.775,25-50%
2021-10-19,up,25,130,2,0.14749262536873156,84.75,15383.75,3.0,9.5,True,1.5526315789473684,True,0.3157894736842105,False,-1.0,False,-1.0,4.75,True,0.3684210526315789,False,-1.0,False,-1.0,False,-1.0,<25%
2021-10-19,up,25,325,3,0.28255528255528256,101.75,15400.0,3.75,25.0,False,0.0,False,0.0,False,0.0,False,0.0,14.75,False,0.0,False,0.0,False,0.0,False,0.0,25-50%
2021-10-20,down,150,295,1,0.5254901960784314,127.5,15368.0,49.0,18.0,False,0.6666666666666666,False,-0.8333333333333334,False,-0.8333333333333334,False,-0.8333333333333334,8.5,True,1.411764705882353,False,-1.0,False,-1.0,False,-1.0,50-75%
2021-10-21,up,10,100,1,0.44742729306487694,111.75,15422.25,23.5,26.5,False,2.3207547169811322,True,0.8867924528301887,True,1.9410377358490567,False,2.0,15.25,False,4.032786885245901,True,1.540983606557377,True,3.372950819672131,False,3.4754098360655736,25-50%
2021-10-21,up,10,280,2,0.056112224448897796,124.75,15457.25,1.5,5.5,False,4.818181818181818,True,0.2727272727272727,False,3.272727272727273,False,3.272727272727273,5.5,False,4.818181818181818,True,0.2727272727272727,False,3.272727272727273,False,3.272727272727273,<25%
2021-10-21,up,10,320,3,0.11657559198542805,137.25,15468.0,3.25,12.75,False,1.2352941176470589,True,0.2549019607843137,False,0.5686274509803921,False,0.5686274509803921,12.75,False,1.2352941176470589,True,0.2549019607843137,False,0.5686274509803921,False,0.5686274509803921,<25%
2021-10-22,down,45,60,1,0.19063545150501673,149.5,15324.75,10.75,17.75,True,2.8732394366197185,True,0.6056338028169014,True,2.711267605633803,False,-1.0,17.75,True,2.8732394366197185,True,0.6056338028169014,True,2.711267605633803,False,-1.0,<25%
2021-10-22,down,45,265,2,0.5783926218708827,189.75,15346.75,73.0,36.75,False,0.4557823129251701,False,0.1292517006802721,False,0.1292517006802721,False,0.1292517006802721,6.75,True,2.4814814814814814,False,-1.0,False,-1.0,False,-1.0,50-75%
2021-10-25,up,85,140,1,0.0504774897680764,183.25,15498.75,6.75,2.5,True,0.0,False,-1.0,False,-1.0,False,-1.0,2.5,True,0.0,False,-1.0,False,-1.0,False,-1.0,<25%
2021-10-25,up,85,215,2,0.10960757780784844,184.75,15498.0,9.0,11.25,True,3.8444444444444446,True,0.8,False,-1.0,False,-1.0,10.5,True,4.119047619047619,True,0.8571428571428571,False,-1.0,False,-1.0,<25%
2021-10-26,down,90,295,1,0.41919191919191917,198.0,15555.5,52.5,30.5,True,0.02459016393442623,False,-1.0,False,-1.0,False,-1.0,20.75,True,0.03614457831325301,False,-1.0,False,-1.0,False,-1.0,25-50%
2021-10-26,down,90,325,2,0.46085858585858586,198.0,15545.0,42.0,49.25,False,0.0,False,-0.0,False,-0.0,False,-0.0,22.0,False,0.0,False,-0.0,False,-0.0,False,-0.0,25-50%
2021-10-27,up,20,35,1,0.46798029556650245,101.5,15649.25,11.0,36.5,True,1.86986301369863,True,0.3013698630136986,True,0.9965753424657534,True,1.6917808219178083,20.75,True,3.289156626506024,True,0.5301204819277109,True,1.7530120481927711,True,2.9759036144578315,25-50%
2021-10-27,up,20,85,2,0.31742243436754175,104.75,15654.75,8.75,24.5,True,2.561224489795918,True,0.35714285714285715,True,1.4260204081632653,True,2.4948979591836733,16.5,True,3.803030303030303,True,0.5303030303030303,True,2.117424242424242,True,3.7045454545454546,25-50%
2021-10-27,up,20,95,3,0.14473684210526316,114.0,15661.75,11.0,5.5,True,10.136363636363637,True,2.0,True,7.181818181818182,False,-1.0,5.5,True,10.136363636363637,True,2.0,True,7.181818181818182,False,-1.0,<25%
2021-10-27,up,20,160,4,0.08378870673952642,137.25,15694.0,2.0,9.5,True,2.473684210526316,True,0.21052631578947367,False,-1.0,False,-1.0,9.5,True,2.473684210526316,True,0.21052631578947367,False,-1.0,False,-1.0,<25%
2021-10-27,up,20,185,5,0.0896,156.25,15712.5,2.5,11.5,True,0.43478260869565216,True,0.21739130434782608,False,-1.0,False,-1.0,11.25,True,0.4444444444444444,True,0.2222222222222222,False,-1.0,False,-1.0,<25%
2021-10-28,up,5,230,1,0.5635593220338984,118.0,15747.5,6.0,60.5,False,0.4049586776859504,True,0.09917355371900827,False,0.23140495867768596,False,0.23140495867768596,6.5,True,1.7692307692307692,True,0.9230769230769231,False,-1.0,False,-1.0,50-75%
2021-10-28,up,5,285,2,0.2773279352226721,123.5,15742.5,16.5,17.75,True,0.8873239436619719,False,-1.0,False,-1.0,False,-1.0,17.75,True,0.8873239436619719,False,-1.0,False,-1.0,False,-1.0,25-50%
2021-10-28,up,5,320,3,0.35020242914979755,123.5,15754.5,4.5,38.75,False,0.45161290322580644,True,0.11612903225806452,False,0.18064516129032257,False,0.18064516129032257,22.0,False,0.7954545454545454,True,0.20454545454545456,False,0.3181818181818182,False,0.3181818181818182,25-50%
2021-10-29,up,35,80,1,0.1442495126705653,128.25,15736.5,7.5,11.0,False,10.022727272727273,True,0.6818181818181818,True,3.596590909090909,True,6.511363636363637,8.25,False,13.363636363636363,True,0.9090909090909091,True,4.795454545454546,True,8.681818181818182,<25%
2021-10-29,up,35,215,2,0.1878238341968912,193.0,15792.0,16.75,19.5,True,0.23076923076923078,False,-1.0,False,-1.0,False,-1.0,7.75,True,0.0,False,-1.0,False,-1.0,False,-1.0,<25%
2021-10-29,up,35,300,3,0.25906735751295334,193.0,15793.25,15.5,34.5,False,1.5507246376811594,True,0.4492753623188406,False,1.3623188405797102,False,1.3623188405797102,13.75,False,3.890909090909091,True,1.1272727272727272,False,3.418181818181818,False,3.418181818181818,25-50%
2021-11-02,up,70,245,1,0.6451612903225806,116.25,15922.5,57.75,17.25,False,3.260869565217391,False,2.289855072463768,False,2.289855072463768,False,2.289855072463768,17.25,False,3.260869565217391,False,2.289855072463768,False,2.289855072463768,False,2.289855072463768,50-75%
2021-11-03,up,210,275,1,0.1,167.5,16097.0,5.75,11.0,True,0.9090909090909091,True,0.5227272727272727,False,-1.0,False,-1.0,11.0,True,0.9090909090909091,True,0.5227272727272727,False,-1.0,False,-1.0,<25%
2021-11-03,up,210,290,2,0.13828238719068414,171.75,16098.0,9.0,14.75,False,3.23728813559322,True,0.6101694915254238,False,2.152542372881356,False,2.152542372881356,14.75,False,3.23728813559322,True,0.6101694915254238,False,2.152542372881356,False,2.152542372881356,<25%
2021-11-03,up,210,305,3,0.08157524613220815,177.75,16110.25,2.75,11.75,False,3.021276595744681,True,0.23404255319148937,False,1.6595744680851063,False,1.6595744680851063,11.75,False,3.021276595744681,True,0.23404255319148937,False,1.6595744680851063,False,1.6595744680851063,<25%
2021-11-04,up,0,90,1,0.505730659025788,174.5,16301.25,30.25,58.0,False,1.2887931034482758,True,0.521551724137931,True,1.2737068965517242,False,0.5818965517241379,6.25,True,3.92,False,-1.0,False,-1.0,False,-1.0,50-75%
2021-11-04,up,0,200,2,0.08026315789473684,190.0,16337.75,9.25,6.0,True,2.7083333333333335,True,1.5416666666666667,False,-1.0,False,-1.0,6.0,True,2.7083333333333335,True,1.5416666666666667,False,-1.0,False,-1.0,<25%
2021-11-04,up,0,320,3,0.3778538812785388,219.0,16337.75,38.25,44.5,False,0.0,False,-0.06179775280898876,False,-0.06179775280898876,False,-0.06179775280898876,20.75,True,0.0,False,-1.0,False,-1.0,False,-1.0,25-50%
2021-11-05,down,155,270,1,0.547923322683706,156.5,16338.25,46.25,39.5,True,0.1962025316455696,False,-1.0,False,-1.0,False,-1.0,34.0,True,0.22794117647058823,False,-1.0,False,-1.0,False,-1.0,50-75%
2021-11-05,down,155,320,2,0.5511182108626198,156.5,16338.25,46.25,40.0,False,0.01875,False,-0.325,False,-0.325,False,-0.325,20.75,True,0.0,False,-1.0,False,-1.0,False,-1.0,50-75%
2021-11-08,down,10,90,1,0.7131147540983607,91.5,16318.25,15.75,49.5,True,0.12626262626262627,False,-1.0,False,-1.0,False,-1.0,23.25,True,0.26881720430107525,False,-1.0,False,-1.0,False,-1.0,50-75%
2021-11-08,down,10,230,2,0.8852459016393442,91.5,16357.25,54.75,26.25,False,1.9523809523809523,False,1.0666666666666667,False,1.0666666666666667,False,1.0666666666666667,18.5,False,2.77027027027027,False,1.5135135135135136,False,1.5135135135135136,False,1.5135135135135136,75-100%
2021-11-09,down,185,200,1,0.06903991370010787,231.75,16163.5,3.5,12.5,True,0.28,True,0.28,False,-1.0,False,-1.0,12.5,True,0.28,True,0.28,False,-1.0,False,-1.0,<25%
2021-11-10,down,170,220,1,0.1331096196868009,223.5,16001.25,3.75,26.0,False,4.028846153846154,True,0.14423076923076922,True,2.293269230769231,False,0.8942307692307693,26.0,False,4.028846153846154,True,0.14423076923076922,True,2.293269230769231,False,0.8942307692307693,<25%
2021-11-10,down,170,305,2,0.2896764252696456,324.5,15963.5,67.0,27.0,True,0.5833333333333334,False,-1.0,False,-1.0,False,-1.0,15.25,True,1.0327868852459017,False,-1.0,False,-1.0,False,-1.0,25-50%
2021-11-11,down,105,260,1,0.6350574712643678,87.0,16041.75,18.25,37.0,False,1.0135135135135136,True,0.49324324324324326,False,0.5202702702702703,False,0.5202702702702703,17.5,False,2.142857142857143,True,1.042857142857143,False,1.1,False,1.1,50-75%
2021-11-11,down,105,315,2,0.38823529411764707,106.25,16026.25,22.0,19.25,False,0.44155844155844154,False,0.19480519480519481,False,0.19480519480519481,False,0.19480519480519481,19.25,False,0.44155844155844154,False,0.19480519480519481,False,0.19480519480519481,False,0.19480519480519481,25-50%
2021-11-12,up,15,60,1,0.07630522088353414,186.75,16186.5,2.0,12.25,True,0.0,False,-1.0,False,-1.0,False,-1.0,12.25,True,0.0,False,-1.0,False,-1.0,False,-1.0,<25%
2021-11-12,up,15,180,2,0.22194199243379573,198.25,16191.75,8.25,35.75,False,0.6013986013986014,True,0.23076923076923078,False,-0.055944055944055944,False,-0.055944055944055944,13.25,True,0.018867924528301886,False,-1.0,False,-1.0,False,-1.0,<25%
2021-11-15,down,70,175,1,0.4622093023255814,172.0,16145.5,63.25,16.25,True,1.5384615384615385,False,-1.0,False,-1.0,False,-1.0,5.5,True,0.0,False,-1.0,False,-1.0,False,-1.0,25-50%
2021-11-15,down,70,320,2,0.6555232558139535,172.0,16165.5,83.25,29.5,False,0.13559322033898305,False,-0.7711864406779662,False,-0.7711864406779662,False,-0.7711864406779662,6.25,True,0.0,False,-1.0,False,-1.0,False,-1.0,50-75%
2021-11-16,up,40,55,1,0.08240887480190175,157.75,16297.25,9.75,3.25,True,0.0,False,-1.0,False,-1.0,False,-1.0,3.25,True,0.0,False,-1.0,False,-1.0,False,-1.0,<25%
2021-11-16,up,40,60,2,0.08874801901743265,157.75,16300.25,6.75,7.25,True,1.2413793103448276,True,0.9310344827586207,False,-1.0,False,-1.0,7.25,True,1.2413793103448276,True,0.9310344827586207,False,-1.0,False,-1.0,<25%
2021-11-16,up,40,100,3,0.196875,160.0,16294.75,14.5,17.0,False,1.7058823529411764,True,0.8529411764705882,False,0.6029411764705882,False,0.6029411764705882,11.75,False,2.4680851063829787,True,1.2340425531914894,False,0.8723404255319149,False,0.8723404255319149,<25%
2021-11-16,up,40,195,4,0.11993769470404984,160.5,16302.75,7.0,12.25,True,1.7142857142857142,True,0.5714285714285714,False,-1.0,False,-1.0,6.75,True,3.111111111111111,True,1.037037037037037,False,-1.0,False,-1.0,<25%
2021-11-16,up,40,300,5,0.22349570200573066,174.5,16317.25,6.5,32.5,False,0.19230769230769232,False,-0.3769230769230769,False,-0.3769230769230769,False,-0.3769230769230769,16.25,True,0.38461538461538464,False,-1.0,False,-1.0,False,-1.0,<25%
2021-11-17,up,5,45,1,0.35522388059701493,83.75,16346.75,7.0,22.75,True,2.1868131868131866,True,0.3076923076923077,True,1.228021978021978,True,2.1483516483516483,10.5,True,4.738095238095238,True,0.6666666666666666,True,2.6607142857142856,True,4.654761904761905,25-50%
2021-11-17,up,5,55,2,0.22792022792022792,87.75,16354.75,3.0,17.0,True,2.4558823529411766,True,0.17647058823529413,True,1.4669117647058822,False,-1.0,17.0,True,2.4558823529411766,True,0.17647058823529413,True,1.4669117647058822,False,-1.0,<25%
2021-11-17,up,5,170,3,0.8557312252964426,126.5,16318.5,78.0,30.25,False,1.0330578512396693,False,-0.19008264462809918,False,-0.19008264462809918,False,-0.19008264462809918,15.5,False,2.0161290322580645,False,-0.3709677419354839,False,-0.3709677419354839,False,-0.3709677419354839,75-100%
2021-11-18,up,60,90,1,0.15384615384615385,175.5,16469.5,9.5,17.5,True,1.1714285714285715,True,0.5428571428571428,False,-1.0,False,-1.0,17.0,True,1.2058823529411764,True,0.5588235294117647,False,-1.0,False,-1.0,<25%
2021-11-18,up,60,150,2,0.35656836461126007,186.5,16447.0,43.0,23.5,True,0.574468085106383,False,-1.0,False,-1.0,False,-1.0,18.25,True,0.7397260273972602,False,-1.0,False,-1.0,False,-1.0,25-50%
2021-11-18,up,60,215,3,0.3914209115281501,186.5,16448.25,41.75,31.25,True,0.176,False,-1.0,False,-1.0,False,-1.0,13.75,True,0.4,False,-1.0,False,-1.0,False,-1.0,25-50%
2021-11-18,up,60,260,4,0.450402144772118,186.5,16453.75,36.25,47.75,False,1.036649214659686,True,0.7591623036649214,False,0.5706806282722513,False,0.5706806282722513,10.0,True,0.0,False,-1.0,False,-1.0,False,-1.0,25-50%
2021-11-19,up,65,155,1,0.39643652561247217,112.25,16604.25,24.25,20.25,True,0.2716049382716049,False,-1.0,False,-1.0,False,-1.0,7.75,True,0.0,False,-1.0,False,-1.0,False,-1.0,25-50%
2021-11-19,up,65,200,2,0.8463251670378619,112.25,16577.0,51.5,43.5,False,0.3448275862068966,False,-0.09770114942528736,False,-0.09770114942528736,False,-0.09770114942528736,19.5,False,0.7692307692307693,False,-0.21794871794871795,False,-0.21794871794871795,False,-0.21794871794871795,75-100%
2021-11-22,down,50,90,1,0.255404323458767,312.25,16497.5,42.25,37.5,True,0.6333333333333333,False,-1.0,False,-1.0,False,-1.0,37.5,True,0.6333333333333333,False,-1.0,False,-1.0,False,-1.0,25-50%
2021-11-22,down,50,290,2,0.45956765412329864,312.25,16567.0,111.75,31.75,False,5.984251968503937,True,3.5196850393700787,True,5.978346456692913,False,5.78740157480315,13.5,False,14.074074074074074,True,8.277777777777779,True,14.060185185185185,False,13.61111111111111,25-50%
2021-11-23,down,10,165,1,0.4631294964028777,278.0,16146.5,5.75,123.0,True,0.22764227642276422,True,0.046747967479674794,False,-1.0,False,-1.0,38.5,True,0.7272727272727273,True,0.14935064935064934,False,-1.0,False,-1.0,25-50%
2021-11-23,down,10,190,2,0.08159866777685262,300.25,16122.25,3.75,20.75,True,0.0,False,-1.0,False,-1.0,False,-1.0,20.75,True,0.0,False,-1.0,False,-1.0,False,-1.0,<25%
2021-11-24,up,5,75,1,0.17621621621621622,231.25,16326.5,6.75,34.0,True,0.33088235294117646,True,0.19852941176470587,False,-1.0,False,-1.0,15.25,True,0.7377049180327869,True,0.4426229508196721,False,-1.0,False,-1.0,<25%
2021-11-24,up,5,100,2,0.20784729586426298,235.75,16319.0,18.75,30.25,True,0.01652892561983471,False,-1.0,False,-1.0,False,-1.0,18.75,True,0.0,False,-1.0,False,-1.0,False,-1.0,<25%
2021-11-24,up,5,140,3,0.2799575821845175,235.75,16319.25,18.5,47.5,True,0.38421052631578945,False,-1.0,False,-1.0,False,-1.0,7.25,True,0.0,False,-1.0,False,-1.0,False,-1.0,25-50%
2021-11-24,up,5,250,4,0.3679745493107105,235.75,16316.75,21.0,65.75,False,0.7870722433460076,True,0.3193916349809886,False,0.6920152091254753,False,0.6920152091254753,36.0,False,1.4375,True,0.5833333333333334,False,1.2638888888888888,False,1.2638888888888888,25-50%
2021-11-24,up,5,320,5,0.10566037735849057,265.0,16362.25,4.75,23.25,False,0.26881720430107525,True,0.20430107526881722,False,0.0,False,0.0,16.25,False,0.38461538461538464,True,0.2923076923076923,False,0.0,False,0.0,<25%
2021-11-29,up,60,115,1,0.0763888888888889,180.0,16383.75,4.75,9.0,False,6.0,True,0.5277777777777778,True,5.527777777777778,False,0.7777777777777778,9.0,False,6.0,True,0.5277777777777778,True,5.527777777777778,False,0.7777777777777778,<25%
2021-11-29,up,60,130,2,0.04597701149425287,195.75,16401.0,3.25,5.75,True,1.0869565217391304,True,0.5652173913043478,False,-1.0,False,-1.0,5.75,True,1.0869565217391304,True,0.5652173913043478,False,-1.0,False,-1.0,<25%
2021-11-29,up,60,195,3,0.17577197149643706,210.5,16411.0,8.0,29.0,True,0.21551724137931033,False,-1.0,False,-1.0,False,-1.0,18.0,True,0.3472222222222222,False,-1.0,False,-1.0,False,-1.0,<25%
2021-11-29,up,60,275,4,0.2042755344418052,210.5,16411.0,8.0,35.0,False,0.7642857142857142,True,0.22857142857142856,False,-0.5785714285714286,False,-0.5785714285714286,23.75,True,1.1263157894736842,True,0.3368421052631579,False,-1.0,False,-1.0,<25%
2021-11-30,down,15,60,1,0.3147208121827411,344.75,16133.75,22.25,86.25,True,0.7536231884057971,True,0.2579710144927536,False,-1.0,False,-1.0,56.0,True,1.1607142857142858,True,0.39732142857142855,False,-1.0,False,-1.0,25-50%
2021-11-30,down,15,145,2,0.23225806451612904,387.5,16122.25,53.5,36.5,True,0.5753424657534246,False,-1.0,False,-1.0,False,-1.0,36.5,True,0.5753424657534246,False,-1.0,False,-1.0,False,-1.0,<25%
2021-11-30,down,15,235,3,0.4019354838709677,387.5,16193.0,124.25,31.5,False,2.626984126984127,False,1.4047619047619047,False,1.4047619047619047,False,1.4047619047619047,31.5,False,2.626984126984127,False,1.4047619047619047,False,1.4047619047619047,False,1.4047619047619047,25-50%
2021-12-01,down,145,320,1,0.22342064714946072,486.75,15960.75,20.0,88.75,False,1.152112676056338,True,0.22535211267605634,False,0.9690140845070423,False,0.9690140845070423,33.0,False,3.0984848484848486,True,0.6060606060606061,False,2.606060606060606,False,2.606060606060606,<25%
2021-12-02,up,110,225,1,0.4648241206030151,298.5,16016.0,45.25,93.5,False,0.5374331550802139,True,0.4839572192513369,False,-0.2727272727272727,False,-0.2727272727272727,36.5,True,0.363013698630137,False,-1.0,False,-1.0,False,-1.0,25-50%
2021-12-03,down,10,40,1,0.1297709923664122,458.5,15672.75,40.75,18.75,True,2.3866666666666667,True,2.1733333333333333,False,-1.0,False,-1.0,18.75,True,2.3866666666666667,True,2.1733333333333333,False,-1.0,False,-1.0,<25%
2021-12-03,down,10,175,2,0.23254716981132076,530.0,15638.5,78.0,45.25,True,2.2209944751381214,True,1.723756906077348,False,-1.0,False,-1.0,44.5,True,2.258426966292135,True,1.752808988764045,False,-1.0,False,-1.0,<25%
2021-12-03,down,10,275,3,0.11538461538461539,552.5,15553.75,15.75,48.0,True,0.0,False,-1.0,False,-1.0,False,-1.0,48.0,True,0.0,False,-1.0,False,-1.0,False,-1.0,<25%
2021-12-03,down,10,310,4,0.21131221719457013,552.5,15594.0,56.0,60.75,True,0.4773662551440329,False,-1.0,False,-1.0,False,-1.0,33.75,True,0.8592592592592593,False,-1.0,False,-1.0,False,-1.0,<25%
2021-12-06,up,120,135,1,0.15532994923857868,246.25,15799.0,6.5,31.75,False,3.094488188976378,True,0.2047244094488189,True,2.143700787401575,False,1.3779527559055118,22.5,False,4.366666666666666,True,0.28888888888888886,True,3.025,False,1.9444444444444444,<25%
2021-12-06,up,120,200,2,0.08709175738724728,321.5,15873.5,7.25,20.75,True,1.144578313253012,True,0.3493975903614458,False,-1.0,False,-1.0,14.75,True,1.6101694915254237,True,0.4915254237288136,False,-1.0,False,-1.0,<25%
2021-12-06,up,120,280,3,0.21375739644970415,338.0,15856.25,41.0,31.25,True,0.88,False,-1.0,False,-1.0,False,-1.0,22.0,True,1.25,False,-1.0,False,-1.0,False,-1.0,<25%
2021-12-06,up,120,320,4,0.21597633136094674,338.0,15867.75,29.5,43.5,False,0.005747126436781609,False,-0.5747126436781609,False,-0.5747126436781609,False,-0.5747126436781609,32.0,True,0.0,False,-1.0,False,-1.0,False,-1.0,<25%
2021-12-07,up,5,30,1,0.1975642760487145,184.75,16293.75,10.0,26.5,True,0.18867924528301888,False,-1.0,False,-1.0,False,-1.0,22.25,True,0.2247191011235955,False,-1.0,False,-1.0,False,-1.0,<25%
2021-12-07,up,5,55,2,0.2165087956698241,184.75,16279.5,24.25,15.75,True,4.111111111111111,True,1.5396825396825398,False,-1.0,False,-1.0,13.0,True,4.980769230769231,True,1.8653846153846154,False,-1.0,False,-1.0,<25%
2021-12-07,up,5,100,3,0.15070242656449553,195.75,16311.25,3.5,26.0,True,1.2692307692307692,True,0.1346153846153846,False,-1.0,False,-1.0,9.25,True,0.0,False,-1.0,False,-1.0,False,-1.0,<25%
2021-12-07,up,5,120,4,0.10112359550561797,200.25,16315.25,4.0,16.25,True,1.3076923076923077,True,0.24615384615384617,False,-1.0,False,-1.0,8.75,True,2.4285714285714284,True,0.45714285714285713,False,-1.0,False,-1.0,<25%
2021-12-07,up,5,195,5,0.18735632183908046,217.5,16333.25,3.25,37.5,True,0.29333333333333333,True,0.08666666666666667,False,-1.0,False,-1.0,7.0,True,1.5714285714285714,True,0.4642857142857143,False,-1.0,False,-1.0,<25%
2021-12-07,up,5,205,6,0.05438401775804662,225.25,16336.75,7.5,4.75,True,0.0,False,-1.0,False,-1.0,False,-1.0,4.75,True,0.0,False,-1.0,False,-1.0,False,-1.0,<25%
2021-12-07,up,5,235,7,0.16981132075471697,225.25,16319.25,25.0,13.25,True,0.0,False,-1.0,False,-1.0,False,-1.0,8.25,True,0.0,False,-1.0,False,-1.0,False,-1.0,<25%
2021-12-07,up,5,310,8,0.3795782463928968,225.25,16277.75,66.5,19.0,True,0.15789473684210525,False,-1.0,False,-1.0,False,-1.0,19.0,True,0.15789473684210525,False,-1.0,False,-1.0,False,-1.0,25-50%
2021-12-07,up,5,320,9,0.4583795782463929,225.25,16284.5,59.75,43.5,False,0.9137931034482759,False,0.8505747126436781,False,0.8505747126436781,False,0.8505747126436781,43.5,False,0.9137931034482759,False,0.8505747126436781,False,0.8505747126436781,False,0.8505747126436781,25-50%
2021-12-08,up,190,265,1,0.4745098039215686,127.5,16368.0,11.0,49.5,False,0.601010101010101,True,0.2222222222222222,False,0.42424242424242425,False,0.42424242424242425,15.25,True,0.0,False,-1.0,False,-1.0,False,-1.0,25-50%
2021-12-09,down,5,30,1,0.358695652173913,161.0,16286.25,33.0,24.75,True,0.16161616161616163,False,-1.0,False,-1.0,False,-1.0,19.75,True,0.0,False,-1.0,False,-1.0,False,-1.0,25-50%
2021-12-09,down,5,75,2,0.5667701863354038,161.0,16286.5,33.25,58.0,False,2.538793103448276,True,0.5732758620689655,True,1.2672413793103448,True,1.9612068965517242,23.0,True,1.0,False,-1.0,False,-1.0,False,-1.0,50-75%
2021-12-09,down,5,255,3,0.26586826347305387,208.75,16222.25,16.75,38.75,False,2.141935483870968,True,0.432258064516129,True,1.7790322580645161,False,1.8709677419354838,15.25,False,5.442622950819672,True,1.098360655737705,True,4.520491803278689,False,4.754098360655738,25-50%
2021-12-09,down,5,320,4,0.26765799256505574,269.0,16171.0,25.75,46.25,False,0.6864864864864865,True,0.5567567567567567,False,0.4594594594594595,False,0.4594594594594595,36.25,False,0.8758620689655172,True,0.7103448275862069,False,0.5862068965517241,False,0.5862068965517241,25-50%
2021-12-10,down,15,30,1,0.3210445468509985,162.75,16166.75,1.25,51.0,True,0.6029411764705882,True,0.024509803921568627,False,-1.0,False,-1.0,47.25,True,0.6507936507936508,True,0.026455026455026454,False,-1.0,False,-1.0,25-50%
2021-12-13,down,5,70,1,0.1307596513075965,200.75,16147.25,8.5,17.75,True,2.0,True,0.4788732394366197,False,-1.0,False,-1.0,17.75,True,2.0,True,0.4788732394366197,False,-1.0,False,-1.0,<25%
2021-12-13,down,5,180,2,0.34357848518111966,227.75,16129.25,17.5,60.75,True,0.10699588477366255,False,-1.0,False,-1.0,False,-1.0,24.5,True,0.2653061224489796,False,-1.0,False,-1.0,False,-1.0,25-50%
2021-12-13,down,5,295,3,0.424807903402854,227.75,16152.0,40.25,56.5,False,1.407079646017699,True,0.7123893805309734,False,1.1415929203539823,False,1.1415929203539823,20.0,True,0.1375,False,-1.0,False,-1.0,False,-1.0,25-50%
2021-12-14,down,15,40,1,0.19675675675675675,231.25,15776.0,8.5,37.0,True,0.0,False,-1.0,False,-1.0,False,-1.0,37.0,True,0.0,False,-1.0,False,-1.0,False,-1.0,<25%
2021-12-14,down,15,60,2,0.23135135135135135,231.25,15787.75,20.25,33.25,True,1.6165413533834587,True,0.6090225563909775,False,-1.0,False,-1.0,33.25,True,1.6165413533834587,True,0.6090225563909775,False,-1.0,False,-1.0,<25%
2021-12-14,down,15,100,3,0.145748987854251,247.0,15759.5,7.75,28.25,True,0.9026548672566371,True,0.2743362831858407,False,-1.0,False,-1.0,28.25,True,0.9026548672566371,True,0.2743362831858407,False,-1.0,False,-1.0,<25%
2021-12-14,down,15,130,4,0.12943432406519656,260.75,15741.5,3.5,30.25,True,0.24793388429752067,True,0.11570247933884298,False,-1.0,False,-1.0,18.25,True,0.410958904109589,True,0.1917808219178082,False,-1.0,False,-1.0,<25%
2021-12-14,down,15,320,5,0.8772426817752597,264.75,15882.5,148.5,83.75,False,0.023880597014925373,False,-0.5253731343283582,False,-0.5253731343283582,False,-0.5253731343283582,34.5,True,0.0,False,-1.0,False,-1.0,False,-1.0,75-100%
2021-12-15,up,215,300,1,0.11027190332326284,496.5,16226.5,10.25,44.5,True,0.7865168539325843,True,0.2303370786516854,False,-1.0,False,-1.0,35.75,True,0.9790209790209791,True,0.2867132867132867,False,-1.0,False,-1.0,<25%
2021-12-15,down,60,85,1,0.1722560975609756,164.0,15774.5,10.75,17.5,True,0.0,False,-1.0,False,-1.0,False,-1.0,17.5,True,0.0,False,-1.0,False,-1.0,False,-1.0,<25%
2021-12-16,down,30,80,1,0.08817204301075268,348.75,16004.75,11.5,19.25,False,11.0,True,0.5974025974025974,True,5.126623376623376,True,9.655844155844155,19.25,False,11.0,True,0.5974025974025974,True,5.126623376623376,True,9.655844155844155,<25%
2021-12-16,down,30,110,2,0.1111111111111111,400.5,15951.25,9.75,34.75,False,4.553956834532374,True,0.2805755395683453,True,3.161870503597122,False,2.5611510791366907,34.75,False,4.553956834532374,True,0.2805755395683453,True,3.161870503597122,False,2.5611510791366907,<25%
2021-12-16,down,30,205,3,0.1773371104815864,441.25,15926.0,25.25,53.0,False,2.509433962264151,True,0.47641509433962265,False,1.2028301886792452,False,1.2028301886792452,17.25,False,7.7101449275362315,True,1.463768115942029,False,3.6956521739130435,False,3.6956521739130435,<25%
2021-12-17,up,15,120,1,0.70467596390484,304.75,15838.25,118.25,96.5,False,0.8264248704663213,False,-0.6088082901554405,False,-0.6088082901554405,False,-0.6088082901554405,37.75,True,0.3443708609271523,False,-1.0,False,-1.0,False,-1.0,50-75%
2021-12-20,down,30,55,1,0.3158783783783784,148.0,15524.25,13.5,33.25,True,0.9699248120300752,True,0.40601503759398494,False,-1.0,False,-1.0,33.25,True,0.9699248120300752,True,0.40601503759398494,False,-1.0,False,-1.0,25-50%
2021-12-20,down,30,120,2,0.6476761619190404,166.75,15530.5,38.5,69.5,True,0.3345323741007194,False,-1.0,False,-1.0,False,-1.0,32.0,True,0.7265625,False,-1.0,False,-1.0,False,-1.0,50-75%
2021-12-20,down,30,230,3,0.775112443778111,166.75,15591.25,99.25,30.0,True,1.1583333333333334,False,-1.0,False,-1.0,False,-1.0,26.75,True,1.2990654205607477,False,-1.0,False,-1.0,False,-1.0,75-100%
2021-12-20,down,30,300,4,0.9550224887556222,166.75,15583.0,91.0,68.25,False,0.11721611721611722,False,-0.6117216117216118,False,-0.6117216117216118,False,-0.6117216117216118,33.0,True,0.24242424242424243,False,-1.0,False,-1.0,False,-1.0,75-100%
2021-12-22,up,5,15,1,0.13167259786476868,140.5,16069.5,4.25,14.25,True,5.0,True,0.2982456140350877,True,2.763157894736842,False,-1.0,14.25,True,5.0,True,0.2982456140350877,True,2.763157894736842,False,-1.0,<25%
2021-12-22,up,5,35,2,0.18740849194729137,170.75,16096.75,7.25,24.75,True,1.7777777777777777,True,0.29292929292929293,False,-1.0,False,-1.0,24.75,True,1.7777777777777777,True,0.29292929292929293,False,-1.0,False,-1.0,<25%
2021-12-22,up,5,150,3,0.26506024096385544,207.5,16120.5,20.25,34.75,True,0.07913669064748201,False,-1.0,False,-1.0,False,-1.0,24.0,True,0.11458333333333333,False,-1.0,False,-1.0,False,-1.0,25-50%
2021-12-22,up,5,240,4,0.4963855421686747,207.5,16071.0,69.75,33.25,False,3.2030075187969924,True,2.0977443609022557,False,2.9323308270676693,False,2.9323308270676693,24.25,False,4.391752577319588,True,2.8762886597938144,False,4.020618556701031,False,4.020618556701031,25-50%
2021-12-23,up,15,35,1,0.07874015748031496,127.0,16299.75,3.75,6.25,True,2.24,True,0.6,False,-1.0,False,-1.0,6.25,True,2.24,True,0.6,False,-1.0,False,-1.0,<25%
2021-12-23,up,15,45,2,0.08743169398907104,137.25,16309.5,4.25,7.75,True,0.0,False,-1.0,False,-1.0,False,-1.0,7.75,True,0.0,False,-1.0,False,-1.0,False,-1.0,<25%
2021-12-23,up,15,60,3,0.16029143897996356,137.25,16309.5,4.25,17.75,False,2.619718309859155,True,0.23943661971830985,True,2.1725352112676055,False,-0.8873239436619719,13.75,True,3.381818181818182,True,0.3090909090909091,True,2.8045454545454547,False,-1.0,<25%
2021-12-23,up,15,85,4,0.09499136442141623,144.75,16320.0,1.25,12.5,True,0.22,True,0.1,False,-1.0,False,-1.0,12.5,True,0.22,True,0.1,False,-1.0,False,-1.0,<25%
2021-12-23,up,15,310,5,0.24386503067484663,163.0,16332.75,6.75,33.0,True,0.7045454545454546,True,0.20454545454545456,False,-1.0,False,-1.0,18.75,True,1.24,True,0.36,False,-1.0,False,-1.0,<25%
2021-12-27,up,0,160,1,0.24025974025974026,192.5,16535.75,1.25,45.0,False,0.6166666666666667,True,0.027777777777777776,False,0.55,False,0.55,10.5,True,2.0238095238095237,True,0.11904761904761904,False,-1.0,False,-1.0,<25%
2021-12-27,up,0,185,2,0.05486284289276808,200.5,16542.5,2.5,8.5,True,1.7058823529411764,True,0.29411764705882354,False,-1.0,False,-1.0,5.75,True,0.043478260869565216,False,-1.0,False,-1.0,False,-1.0,<25%
2021-12-27,up,0,210,3,0.057247259439707675,205.25,16549.5,0.25,11.5,True,0.6521739130434783,True,0.021739130434782608,False,-1.0,False,-1.0,11.5,True,0.6521739130434783,True,0.021739130434782608,False,-1.0,False,-1.0,<25%
2021-12-27,up,0,295,4,0.19294117647058823,212.5,16537.5,19.5,21.5,False,1.2093023255813953,True,0.9069767441860465,False,1.069767441860465,False,1.069767441860465,14.5,False,1.793103448275862,True,1.3448275862068966,False,1.5862068965517242,False,1.5862068965517242,<25%
2021-12-28,down,120,185,1,0.3049645390070922,141.0,16480.0,12.5,30.5,True,0.9098360655737705,True,0.4098360655737705,False,-1.0,False,-1.0,9.0,True,0.0,False,-1.0,False,-1.0,False,-1.0,25-50%
2021-12-28,down,120,270,2,0.328,156.25,16483.5,31.25,20.0,True,0.4125,False,-1.0,False,-1.0,False,-1.0,11.5,True,0.0,False,-1.0,False,-1.0,False,-1.0,25-50%
2021-12-28,down,120,295,3,0.3872,156.25,16498.0,45.75,14.75,True,0.8983050847457628,False,-1.0,False,-1.0,False,-1.0,14.75,True,0.8983050847457628,False,-1.0,False,-1.0,False,-1.0,25-50%
2021-12-28,down,120,320,4,0.488,156.25,16485.25,33.0,43.25,False,0.26011560693641617,False,-0.21965317919075145,False,-0.21965317919075145,False,-0.21965317919075145,30.25,False,0.371900826446281,False,-0.3140495867768595,False,-0.3140495867768595,False,-0.3140495867768595,25-50%
2021-12-31,down,105,225,1,0.4282655246252677,116.75,16360.0,12.75,37.25,False,1.2416107382550337,True,0.3422818791946309,True,1.1258389261744965,False,0.9395973154362416,11.0,True,0.3409090909090909,False,-1.0,False,-1.0,False,-1.0,25-50%
2022-01-04,down,0,50,1,0.14163090128755365,349.5,16186.25,23.75,25.75,True,0.7475728155339806,False,-1.0,False,-1.0,False,-1.0,25.75,True,0.7475728155339806,False,-1.0,False,-1.0,False,-1.0,<25%
2022-01-04,down,0,145,2,0.2525035765379113,349.5,16182.0,19.5,68.75,True,0.6181818181818182,True,0.28363636363636363,False,-1.0,False,-1.0,16.0,True,0.0,False,-1.0,False,-1.0,False,-1.0,25-50%
2022-01-04,down,0,325,3,0.49530201342281877,372.5,16272.75,133.25,51.25,False,0.0,False,-0.0,False,-0.0,False,-0.0,25.0,False,0.0,False,-0.0,False,-0.0,False,-0.0,25-50%
2022-01-05,down,125,135,1,0.08376288659793814,194.0,16063.5,10.25,6.0,True,6.166666666666667,True,1.7083333333333333,False,-1.0,False,-1.0,6.0,True,6.166666666666667,True,1.7083333333333333,False,-1.0,False,-1.0,<25%
2022-01-05,down,125,210,2,0.464326160815402,220.75,16037.25,10.75,91.75,False,3.0326975476839237,True,0.11716621253405994,True,0.7186648501362398,True,1.3201634877384196,91.75,False,3.0326975476839237,True,0.11716621253405994,True,0.7186648501362398,True,1.3201634877384196,25-50%
2022-01-05,down,125,225,3,0.14501779359430605,281.0,15976.5,10.25,30.5,False,7.131147540983607,True,0.3360655737704918,True,2.639344262295082,True,4.942622950819672,30.5,False,7.131147540983607,True,0.3360655737704918,True,2.639344262295082,True,4.942622950819672,<25%
2022-01-05,down,125,295,4,0.14864083285135918,432.25,15834.0,19.0,45.25,True,0.27624309392265195,False,-1.0,False,-1.0,False,-1.0,29.5,True,0.423728813559322,False,-1.0,False,-1.0,False,-1.0,<25%
2022-01-05,down,125,315,5,0.1532677848467322,432.25,15824.5,9.5,56.75,False,1.1541850220264318,True,0.16740088105726872,False,1.0704845814977975,False,1.0704845814977975,27.25,False,2.403669724770642,True,0.3486238532110092,False,2.229357798165138,False,2.229357798165138,<25%
2022-01-06,up,40,130,1,0.4222035323801514,297.25,15877.25,18.5,107.0,True,0.08177570093457943,False,-1.0,False,-1.0,False,-1.0,45.75,True,0.1912568306010929,False,-1.0,False,-1.0,False,-1.0,25-50%
2022-01-06,up,40,270,2,0.4247266610597141,297.25,15859.5,36.25,90.0,True,0.08333333333333333,False,-1.0,False,-1.0,False,-1.0,43.0,True,0.1744186046511628,False,-1.0,False,-1.0,False,-1.0,25-50%
2022-01-07,down,5,45,1,0.25570416994492523,317.75,15541.5,31.5,49.75,True,0.06030150753768844,False,-1.0,False,-1.0,False,-1.0,43.0,True,0.0,False,-1.0,False,-1.0,False,-1.0,25-50%
2022-01-07,down,5,125,2,0.5129819040125885,317.75,15599.75,89.75,73.25,False,0.6006825938566553,False,0.20136518771331058,False,0.20136518771331058,False,0.20136518771331058,13.75,True,0.0,False,-1.0,False,-1.0,False,-1.0,50-75%
2022-01-10,up,200,290,1,0.29411764705882354,357.0,15468.25,41.25,63.75,False,2.3333333333333335,True,0.6470588235294118,True,2.0470588235294116,False,2.1294117647058823,25.75,False,5.776699029126213,True,1.6019417475728155,True,5.067961165048544,False,5.271844660194175,25-50%
2022-01-11,up,40,80,1,0.12285714285714286,350.0,15813.5,11.5,31.5,True,0.5317460317460317,True,0.36507936507936506,False,-1.0,False,-1.0,25.25,True,0.6633663366336634,True,0.45544554455445546,False,-1.0,False,-1.0,<25%
2022-01-11,up,40,165,2,0.28149190710767064,355.25,15789.0,41.25,58.75,False,0.8340425531914893,True,0.7021276595744681,False,0.7361702127659574,False,0.7361702127659574,23.25,True,0.989247311827957,False,-1.0,False,-1.0,False,-1.0,25-50%
2022-01-11,up,40,325,3,0.1590909090909091,363.0,15832.25,5.75,52.0,False,0.0,False,0.0,False,0.0,False,0.0,34.25,False,0.0,False,0.0,False,0.0,False,0.0,<25%
2022-01-12,down,15,40,1,0.22523584905660377,212.0,15825.25,28.0,19.75,True,0.0,False,-1.0,False,-1.0,False,-1.0,19.75,True,0.0,False,-1.0,False,-1.0,False,-1.0,<25%
2022-01-12,down,15,210,2,0.7358490566037735,212.0,15865.75,68.5,87.5,False,0.10857142857142857,False,-0.33714285714285713,False,-0.33714285714285713,False,-0.33714285714285713,23.0,True,0.15217391304347827,False,-1.0,False,-1.0,False,-1.0,50-75%
2022-01-13,down,0,40,1,0.234251968503937,254.0,15739.5,13.75,45.75,True,0.15846994535519127,False,-1.0,False,-1.0,False,-1.0,29.5,True,0.2457627118644068,False,-1.0,False,-1.0,False,-1.0,<25%
2022-01-13,down,0,75,2,0.41338582677165353,254.0,15800.0,74.25,30.75,False,11.113821138211382,True,2.4146341463414633,True,4.479674796747967,True,6.544715447154472,21.5,False,15.895348837209303,True,3.453488372093023,True,6.406976744186046,True,9.36046511627907,25-50%
2022-01-13,down,0,115,3,0.10347222222222222,360.0,15632.75,13.0,24.25,True,0.0,False,-1.0,False,-1.0,False,-1.0,24.25,True,0.0,False,-1.0,False,-1.0,False,-1.0,<25%
2022-01-13,down,0,130,4,0.1711229946524064,374.0,15629.75,24.0,40.0,True,0.8875,True,0.6,False,-1.0,False,-1.0,28.25,True,1.2566371681415929,True,0.8495575221238938,False,-1.0,False,-1.0,<25%
2022-01-13,down,0,225,5,0.3099870298313878,385.5,15648.0,53.75,65.75,False,2.8859315589353614,True,0.8174904942965779,True,2.283269961977186,False,2.2813688212927756,35.5,False,5.345070422535211,True,1.5140845070422535,True,4.22887323943662,False,4.225352112676056,25-50%
2022-01-18,down,60,90,1,0.6074895977808599,180.25,15304.25,49.75,59.75,False,2.2343096234309625,True,0.8326359832635983,True,1.5868200836820083,False,1.502092050209205,51.5,False,2.592233009708738,True,0.9660194174757282,True,1.8410194174757282,False,1.7427184466019416,50-75%
2022-01-18,down,60,230,2,0.30997624703087884,210.5,15253.75,29.5,35.75,True,0.32867132867132864,False,-1.0,False,-1.0,False,-1.0,33.5,True,0.35074626865671643,False,-1.0,False,-1.0,False,-1.0,25-50%
2022-01-18,down,60,275,3,0.497624703087886,210.5,15282.0,57.75,47.0,False,2.367021276595745,True,1.2287234042553192,True,2.348404255319149,False,1.4361702127659575,16.5,False,6.742424242424242,True,3.5,True,6.6893939393939394,False,4.090909090909091,25-50%
2022-01-19,down,5,175,1,0.7953271028037383,267.5,15257.75,153.25,59.5,False,3.9201680672268906,True,2.5756302521008405,True,3.6995798319327733,False,3.7100840336134455,36.5,False,6.390410958904109,True,4.198630136986301,True,6.030821917808219,False,6.0479452054794525,75-100%
2022-01-20,up,0,15,1,0.222397476340694,158.5,15304.5,14.25,21.0,True,1.7023809523809523,True,0.6785714285714286,False,-1.0,False,-1.0,20.5,True,1.7439024390243902,True,0.6951219512195121,False,-1.0,False,-1.0,<25%
2022-01-20,up,0,210,2,0.9319444444444445,180.0,15230.5,109.75,58.0,True,0.03879310344827586,False,-1.0,False,-1.0,False,-1.0,56.25,True,0.04,False,-1.0,False,-1.0,False,-1.0,75-100%
2022-01-20,down,220,265,1,0.14528301886792452,265.0,15083.75,8.5,30.0,False,8.908333333333333,True,0.2833333333333333,True,2.4916666666666667,True,4.7,30.0,False,8.908333333333333,True,0.2833333333333333,True,2.4916666666666667,True,4.7,<25%
2022-01-20,down,220,310,2,0.10724472333143183,438.25,14914.0,12.0,35.0,False,2.7857142857142856,True,0.34285714285714286,False,2.25,False,2.25,35.0,False,2.7857142857142856,True,0.34285714285714286,False,2.25,False,2.25,<25%
2022-01-21,up,50,160,1,0.778544061302682,326.25,14681.25,177.25,76.75,True,0.003257328990228013,False,-1.0,False,-1.0,False,-1.0,42.0,True,0.0,False,-1.0,False,-1.0,False,-1.0,75-100%
2022-01-24,down,65,245,1,0.9726457399103139,557.5,14014.0,308.0,234.25,True,0.16969050160085378,False,-1.0,False,-1.0,False,-1.0,67.75,True,0.26199261992619927,False,-1.0,False,-1.0,False,-1.0,75-100%
2022-01-25,up,230,235,1,0.1321656050955414,314.0,14311.0,17.0,24.5,True,0.0,False,-1.0,False,-1.0,False,-1.0,24.5,True,0.0,False,-1.0,False,-1.0,False,-1.0,<25%
2022-01-25,down,65,85,1,0.32588134135855545,290.75,14031.0,17.0,77.75,True,0.12218649517684887,False,-1.0,False,-1.0,False,-1.0,72.0,True,0.13194444444444445,False,-1.0,False,-1.0,False,-1.0,25-50%
2022-01-25,down,65,120,2,0.43594153052450557,290.75,14074.0,60.0,66.75,True,0.6217228464419475,False,-1.0,False,-1.0,False,-1.0,47.0,True,0.8829787234042553,False,-1.0,False,-1.0,False,-1.0,25-50%
2022-01-26,up,130,235,1,0.7890127388535032,314.0,14508.25,131.5,116.25,True,0.0,False,-1.0,False,-1.0,False,-1.0,70.5,True,0.0,False,-1.0,False,-1.0,False,-1.0,75-100%
2022-01-26,up,130,245,2,0.8598726114649682,314.0,14516.25,123.5,146.5,True,0.0,False,-1.0,False,-1.0,False,-1.0,146.5,True,0.0,False,-1.0,False,-1.0,False,-1.0,75-100%
2022-01-27,down,5,100,1,0.7543478260869565,230.0,14214.25,35.0,138.5,False,1.944043321299639,True,0.2527075812274368,True,0.6678700361010831,True,1.0830324909747293,27.75,False,9.702702702702704,True,1.2612612612612613,True,3.3333333333333335,True,5.405405405405405,75-100%
2022-01-27,down,5,130,2,0.1391304347826087,316.25,14117.75,24.75,19.25,True,2.168831168831169,True,1.2857142857142858,False,-1.0,False,-1.0,19.25,True,2.168831168831169,True,1.2857142857142858,False,-1.0,False,-1.0,<25%
2022-01-27,down,5,230,3,0.40559440559440557,429.0,14014.75,34.5,139.5,False,0.5,True,0.24731182795698925,False,0.1917562724014337,False,0.1917562724014337,60.25,True,0.7925311203319502,True,0.5726141078838174,False,-1.0,False,-1.0,25-50%
2022-01-27,down,5,280,4,0.2526851328434144,442.25,13983.25,16.25,95.5,True,0.4005235602094241,True,0.17015706806282724,False,-1.0,False,-1.0,38.25,True,1.0,True,0.42483660130718953,False,-1.0,False,-1.0,25-50%
2022-01-27,down,5,290,5,0.15239633817985998,464.25,13978.0,33.0,37.75,True,0.2582781456953642,False,-1.0,False,-1.0,False,-1.0,37.75,True,0.2582781456953642,False,-1.0,False,-1.0,False,-1.0,<25%
2022-01-28,up,20,130,1,0.2468179302711677,451.75,14256.0,56.0,55.5,True,0.24774774774774774,False,-1.0,False,-1.0,False,-1.0,42.0,True,0.3273809523809524,False,-1.0,False,-1.0,False,-1.0,<25%
2022-01-28,up,20,245,2,0.5605976757055894,451.75,14108.25,203.75,49.5,False,6.666666666666667,True,4.116161616161616,True,6.3977272727272725,False,6.570707070707071,28.25,False,11.68141592920354,True,7.212389380530974,True,11.210176991150442,False,11.513274336283185,50-75%
2022-01-31,up,30,75,1,0.2434715821812596,325.5,14736.5,5.25,74.0,False,2.4087837837837838,True,0.07094594594594594,True,1.1706081081081081,True,2.27027027027027,24.25,True,1.824742268041237,True,0.21649484536082475,False,-1.0,False,-1.0,<25%
2022-01-31,up,30,135,2,0.19821673525377229,364.5,14771.5,9.25,63.0,False,2.2738095238095237,True,0.14682539682539683,True,1.5932539682539681,False,2.015873015873016,30.0,True,0.4166666666666667,True,0.30833333333333335,False,-1.0,False,-1.0,<25%
2022-01-31,up,30,195,3,0.10668467251856853,370.25,14769.25,17.25,22.25,True,2.539325842696629,True,0.7752808988764045,False,-1.0,False,-1.0,22.25,True,2.539325842696629,True,0.7752808988764045,False,-1.0,False,-1.0,<25%
2022-01-31,up,30,225,4,0.052967453733248245,391.75,14798.0,10.0,10.75,True,0.0,False,-1.0,False,-1.0,False,-1.0,10.0,True,0.0,False,-1.0,False,-1.0,False,-1.0,<25%
2022-02-01,up,300,310,1,0.19262295081967212,244.0,14966.5,6.75,40.25,False,1.3167701863354038,True,0.16770186335403728,False,0.6211180124223602,False,0.6211180124223602,38.0,False,1.394736842105263,True,0.17763157894736842,False,0.6578947368421053,False,0.6578947368421053,<25%
2022-02-03,down,85,130,1,0.30957943925233644,214.0,14654.25,25.75,40.5,True,0.4691358024691358,False,-1.0,False,-1.0,False,-1.0,39.25,True,0.4840764331210191,False,-1.0,False,-1.0,False,-1.0,25-50%
2022-02-03,down,85,185,2,0.39135514018691586,214.0,14664.25,35.75,48.0,False,4.333333333333333,True,0.7447916666666666,True,1.859375,True,2.9739583333333335,31.5,True,0.46825396825396826,False,-1.0,False,-1.0,False,-1.0,25-50%
2022-02-04,up,150,265,1,0.1508588498879761,334.75,14756.25,11.25,39.25,True,1.6114649681528663,True,0.28662420382165604,False,-1.0,False,-1.0,14.5,True,4.362068965517241,True,0.7758620689655172,False,-1.0,False,-1.0,<25%
2022-02-04,up,150,300,2,0.13574660633484162,386.75,14798.75,20.75,31.75,True,0.031496062992125984,False,-1.0,False,-1.0,False,-1.0,23.5,True,0.0425531914893617,False,-1.0,False,-1.0,False,-1.0,<25%
2022-02-07,down,50,115,1,0.2773109243697479,238.0,14592.0,23.75,42.25,True,0.863905325443787,True,0.5621301775147929,False,-1.0,False,-1.0,42.25,True,0.863905325443787,True,0.5621301775147929,False,-1.0,False,-1.0,25-50%
2022-02-07,down,50,195,2,0.452642073778664,250.75,14637.0,81.5,32.0,True,0.2421875,False,-1.0,False,-1.0,False,-1.0,26.25,True,0.29523809523809524,False,-1.0,False,-1.0,False,-1.0,25-50%
2022-02-07,down,50,265,3,0.6041874376869392,250.75,14678.75,123.25,28.25,True,0.6902654867256637,False,-1.0,False,-1.0,False,-1.0,15.0,True,0.0,False,-1.0,False,-1.0,False,-1.0,50-75%
2022-02-07,down,50,290,4,0.6839481555333998,250.75,14674.25,118.75,52.75,False,3.085308056872038,True,2.251184834123223,False,2.061611374407583,False,2.061611374407583,31.25,False,5.208,True,3.8,False,3.48,False,3.48,50-75%
2022-02-08,up,15,70,1,0.09090909090909091,233.75,14691.25,10.0,11.25,True,1.2222222222222223,True,0.8888888888888888,False,-1.0,False,-1.0,11.25,True,1.2222222222222223,True,0.8888888888888888,False,-1.0,False,-1.0,<25%
2022-02-08,up,15,115,2,0.22233502538071065,246.25,14700.5,13.25,41.5,True,1.4036144578313252,True,0.3192771084337349,False,-1.0,False,-1.0,15.25,True,3.819672131147541,True,0.8688524590163934,False,-1.0,False,-1.0,<25%
2022-02-08,up,15,205,3,0.3356223175965665,291.25,14693.5,65.25,32.5,True,0.8692307692307693,False,-1.0,False,-1.0,False,-1.0,20.25,True,1.3950617283950617,False,-1.0,False,-1.0,False,-1.0,25-50%
2022-02-08,up,15,260,4,0.4703862660944206,291.25,14662.5,96.25,40.75,True,0.10429447852760736,False,-1.0,False,-1.0,False,-1.0,17.75,True,0.0,False,-1.0,False,-1.0,False,-1.0,25-50%
2022-02-08,up,15,275,5,0.49098712446351933,291.25,14663.75,95.0,48.0,False,2.3385416666666665,True,1.9791666666666667,False,1.453125,False,1.453125,27.0,False,4.157407407407407,True,3.5185185185185186,False,2.5833333333333335,False,2.5833333333333335,25-50%
2022-02-09,up,30,100,1,0.5087719298245614,114.0,14935.25,32.0,26.0,False,4.1923076923076925,True,1.2307692307692308,True,2.326923076923077,True,3.423076923076923,23.5,False,4.638297872340425,True,1.3617021276595744,True,2.574468085106383,True,3.7872340425531914,50-75%
2022-02-09,up,30,135,2,0.07824427480916031,131.0,14980.5,3.75,6.5,True,0.0,False,-1.0,False,-1.0,False,-1.0,6.5,True,0.0,False,-1.0,False,-1.0,False,-1.0,<25%
2022-02-09,up,30,205,3,0.25309734513274335,141.25,14982.0,12.5,23.25,True,1.8279569892473118,True,0.5376344086021505,False,-1.0,False,-1.0,14.25,True,2.982456140350877,True,0.8771929824561403,False,-1.0,False,-1.0,25-50%
2022-02-09,up,30,295,4,0.4510948905109489,171.25,15006.0,18.5,58.75,False,0.6510638297872341,True,0.3148936170212766,False,0.6340425531914894,False,0.6340425531914894,42.0,False,0.9107142857142857,True,0.44047619047619047,False,0.8869047619047619,False,0.8869047619047619,25-50%
2022-02-09,up,30,325,5,0.1544502617801047,191.0,15043.25,1.0,28.5,False,0.0,False,0.0,False,0.0,False,0.0,28.5,False,0.0,False,0.0,False,0.0,False,0.0,<25%
2022-02-10,up,5,15,1,0.16397621070518267,294.25,15009.25,20.0,28.25,True,0.0,False,-1.0,False,-1.0,False,-1.0,28.25,True,0.0,False,-1.0,False,-1.0,False,-1.0,<25%
2022-02-10,up,5,75,2,0.6015293118096856,294.25,14932.0,97.25,79.75,True,0.5830721003134797,False,-1.0,False,-1.0,False,-1.0,34.5,True,1.3478260869565217,False,-1.0,False,-1.0,False,-1.0,50-75%
2022-02-10,down,225,295,1,0.23735119047619047,336.0,14722.5,29.25,50.5,False,1.99009900990099,True,0.5792079207920792,False,0.38613861386138615,False,0.38613861386138615,26.25,False,3.8285714285714287,True,1.1142857142857143,False,0.7428571428571429,False,0.7428571428571429,<25%
2022-02-11,down,40,55,1,0.22302158273381295,208.5,14574.5,16.25,30.25,False,13.008264462809917,True,0.5371900826446281,True,2.260330578512397,True,3.9834710743801653,23.0,True,2.152173913043478,True,0.7065217391304348,False,-1.0,False,-1.0,<25%
2022-02-11,down,40,105,2,0.30610134436401243,241.75,14554.25,29.25,44.75,False,8.340782122905027,True,0.6536312849162011,True,2.0041899441340782,True,3.3547486033519553,32.25,True,0.5503875968992248,False,-1.0,False,-1.0,False,-1.0,25-50%
2022-02-11,down,40,205,3,0.1662095447065277,455.75,14324.25,13.25,62.5,True,0.708,True,0.212,False,-1.0,False,-1.0,57.0,True,0.7763157894736842,True,0.2324561403508772,False,-1.0,False,-1.0,<25%
2022-02-11,down,40,215,4,0.1633281972265023,486.75,14312.25,32.25,47.25,True,0.5396825396825397,False,-1.0,False,-1.0,False,-1.0,47.25,True,0.5396825396825397,False,-1.0,False,-1.0,False,-1.0,<25%
2022-02-11,down,40,250,5,0.16575137294058911,500.75,14279.75,13.75,69.25,False,1.4259927797833936,True,0.19855595667870035,False,0.6064981949458483,False,0.6064981949458483,38.25,True,1.8562091503267975,True,0.35947712418300654,False,-1.0,False,-1.0,<25%
2022-02-11,down,40,305,6,0.23700716845878136,558.0,14221.5,12.75,119.5,False,0.3389121338912134,True,0.10669456066945607,False,-0.13598326359832635,False,-0.13598326359832635,36.5,True,1.1095890410958904,True,0.3493150684931507,False,-1.0,False,-1.0,<25%
2022-02-14,up,45,115,1,0.31876606683804626,194.5,14371.0,5.5,56.5,True,0.40707964601769914,True,0.09734513274336283,False,-1.0,False,-1.0,35.25,True,0.6524822695035462,True,0.15602836879432624,False,-1.0,False,-1.0,25-50%
2022-02-15,up,10,60,1,0.36319612590799033,103.25,14533.75,14.5,23.0,True,1.3043478260869565,True,0.6304347826086957,False,-1.0,False,-1.0,14.0,True,2.142857142857143,True,1.0357142857142858,False,-1.0,False,-1.0,25-50%
2022-02-15,down,135,215,1,0.9211009174311927,136.25,14521.5,94.0,31.5,True,0.23015873015873015,False,-1.0,False,-1.0,False,-1.0,18.75,True,0.21333333333333335,False,-1.0,False,-1.0,False,-1.0,75-100%
2022-02-16,up,230,265,1,0.3329646017699115,226.0,14586.75,20.25,55.0,False,1.059090909090909,True,0.36818181818181817,False,0.2681818181818182,False,0.2681818181818182,34.0,False,1.713235294117647,True,0.5955882352941176,False,0.4338235294117647,False,0.4338235294117647,25-50%
2022-02-16,up,230,295,2,0.16714697406340057,260.25,14636.0,5.25,38.25,True,0.0,False,-1.0,False,-1.0,False,-1.0,25.25,True,0.0,False,-1.0,False,-1.0,False,-1.0,<25%
2022-02-17,down,95,105,1,0.12087912087912088,182.0,14327.25,14.25,7.75,True,0.0,False,-1.0,False,-1.0,False,-1.0,7.75,True,0.0,False,-1.0,False,-1.0,False,-1.0,<25%
2022-02-17,down,95,135,2,0.29945054945054944,182.0,14342.0,29.0,25.5,False,7.607843137254902,True,1.1372549019607843,True,2.9215686274509802,True,4.705882352941177,17.75,False,10.929577464788732,True,1.6338028169014085,True,4.197183098591549,True,6.76056338028169,25-50%
2022-02-17,down,95,210,3,0.11933174224343675,209.5,14289.25,3.75,21.25,False,6.647058823529412,True,0.17647058823529413,True,2.6411764705882352,True,5.105882352941176,14.0,False,10.089285714285714,True,0.26785714285714285,True,4.008928571428571,True,7.75,<25%
2022-02-17,down,95,295,4,0.09554655870445344,308.75,14197.5,11.25,18.25,True,0.0,False,-1.0,False,-1.0,False,-1.0,17.25,True,0.0,False,-1.0,False,-1.0,False,-1.0,<25%
2022-02-18,down,0,75,1,0.3602865916069601,244.25,14014.75,38.25,49.75,True,2.180904522613065,True,0.7688442211055276,True,1.9962311557788945,False,-1.0,36.5,True,1.4589041095890412,True,1.047945205479452,False,-1.0,False,-1.0,25-50%
2022-02-18,down,0,110,2,0.3674059787849566,259.25,14008.0,46.5,48.75,True,2.0871794871794873,True,0.9538461538461539,False,-1.0,False,-1.0,36.25,True,2.806896551724138,True,1.282758620689655,False,-1.0,False,-1.0,25-50%
2022-02-18,down,0,130,3,0.11514052583862194,275.75,13948.5,3.5,28.25,True,1.4955752212389382,True,0.12389380530973451,False,-1.0,False,-1.0,28.25,True,1.4955752212389382,True,0.12389380530973451,False,-1.0,False,-1.0,<25%
2022-02-18,down,0,145,4,0.08726625111308994,280.75,13943.5,3.5,21.0,True,1.7738095238095237,True,0.16666666666666666,False,-1.0,False,-1.0,21.0,True,1.7738095238095237,True,0.16666666666666666,False,-1.0,False,-1.0,<25%
2022-02-18,down,0,285,5,0.7551669316375199,314.5,14025.5,119.25,118.25,False,0.5454545454545454,False,0.1733615221987315,False,0.1733615221987315,False,0.1733615221987315,61.0,False,1.0573770491803278,False,0.3360655737704918,False,0.3360655737704918,False,0.3360655737704918,75-100%
2022-02-22,down,80,105,1,0.27090909090909093,275.0,13844.75,11.5,63.0,True,2.126984126984127,True,0.18253968253968253,True,1.2738095238095237,False,-1.0,21.75,True,0.0,False,-1.0,False,-1.0,False,-1.0,25-50%
2022-02-22,down,80,185,2,0.1373157486423584,322.25,13803.5,17.5,26.75,True,3.467289719626168,True,0.6542056074766355,False,-1.0,False,-1.0,18.75,True,4.946666666666666,True,0.9333333333333333,False,-1.0,False,-1.0,<25%
2022-02-22,down,80,285,3,0.7622641509433963,397.5,13961.5,250.75,52.25,False,2.8708133971291865,False,1.8468899521531101,False,1.8468899521531101,False,1.8468899521531101,52.25,False,2.8708133971291865,False,1.8468899521531101,False,1.8468899521531101,False,1.8468899521531101,75-100%
2022-02-23,down,10,125,1,0.47318611987381703,317.0,13806.0,92.0,58.0,False,5.370689655172414,True,1.5862068965517242,True,2.9525862068965516,True,4.318965517241379,19.75,True,0.3037974683544304,False,-1.0,False,-1.0,False,-1.0,25-50%
2022-02-23,down,10,200,2,0.19235836627140976,379.5,13673.25,21.75,51.25,False,3.4878048780487805,True,0.424390243902439,True,2.2756097560975608,False,3.2487804878048783,45.5,False,3.9285714285714284,True,0.47802197802197804,True,2.5631868131868134,False,3.659340659340659,<25%
2022-02-23,down,10,285,3,0.09472126295017266,506.75,13540.0,15.75,32.25,True,0.46511627906976744,False,-1.0,False,-1.0,False,-1.0,32.25,True,0.46511627906976744,False,-1.0,False,-1.0,False,-1.0,<25%
2022-02-23,down,10,305,4,0.13517513566847558,506.75,13536.0,11.75,56.75,False,0.7312775330396476,True,0.20704845814977973,False,0.5154185022026432,False,0.5154185022026432,47.5,False,0.8736842105263158,True,0.24736842105263157,False,0.6157894736842106,False,0.6157894736842106,<25%
2022-02-23,down,10,325,5,0.05917986952469711,536.5,13506.75,12.25,19.5,False,0.0,False,-0.0,False,-0.0,False,-0.0,19.5,False,0.0,False,-0.0,False,-0.0,False,-0.0,<25%
2022-02-24,up,35,80,1,0.2600297176820208,504.75,13524.25,38.5,92.75,True,0.3261455525606469,False,-1.0,False,-1.0,False,-1.0,51.25,True,0.5902439024390244,False,-1.0,False,-1.0,False,-1.0,25-50%
2022-02-24,up,35,125,2,0.3155027241208519,504.75,13500.75,62.0,97.25,False,4.961439588688946,True,0.6375321336760925,True,1.9350899742930592,True,3.2326478149100257,60.75,True,0.45267489711934156,False,-1.0,False,-1.0,False,-1.0,25-50%
2022-02-24,up,35,220,3,0.22070844686648503,642.25,13637.5,62.75,79.0,False,4.3765822784810124,True,0.7943037974683544,True,2.8267405063291138,False,4.155063291139241,67.25,False,5.141263940520446,True,0.9330855018587361,True,3.320631970260223,False,4.881040892193308,<25%
2022-02-24,up,35,260,4,0.08514917867918204,745.75,13797.5,6.25,57.25,False,3.2445414847161573,True,0.1091703056768559,False,2.938864628820961,False,2.938864628820961,39.5,True,0.0,False,-1.0,False,-1.0,False,-1.0,<25%
2022-02-25,up,10,75,1,0.19473264166001597,313.25,14136.25,8.75,52.25,True,0.7607655502392344,True,0.1674641148325359,False,-1.0,False,-1.0,33.0,True,1.2045454545454546,True,0.26515151515151514,False,-1.0,False,-1.0,<25%
2022-02-25,up,10,120,2,0.2120551924473493,344.25,14162.75,13.25,59.75,True,0.12133891213389121,False,-1.0,False,-1.0,False,-1.0,22.0,True,0.32954545454545453,False,-1.0,False,-1.0,False,-1.0,<25%
2022-02-25,up,10,175,3,0.4045025417574437,344.25,14103.75,72.25,67.0,False,1.242537313432836,True,1.078358208955224,False,1.1753731343283582,False,1.1753731343283582,16.0,True,2.8125,False,-1.0,False,-1.0,False,-1.0,25-50%
2022-02-28,up,5,145,1,0.85,265.0,14109.25,183.0,42.25,True,1.7100591715976332,False,-1.0,False,-1.0,False,-1.0,39.5,True,1.8291139240506329,False,-1.0,False,-1.0,False,-1.0,75-100%
2022-02-28,down,215,280,1,0.3296795952782462,296.5,14044.0,48.25,49.5,True,0.1111111111111111,False,-1.0,False,-1.0,False,-1.0,26.25,True,0.0,False,-1.0,False,-1.0,False,-1.0,25-50%
2022-02-28,down,215,305,2,0.46037099494097805,296.5,14040.5,44.75,91.75,True,0.0,False,-1.0,False,-1.0,False,-1.0,24.0,True,0.0,False,-1.0,False,-1.0,False,-1.0,25-50%
2022-03-01,down,55,80,1,0.12632696390658174,235.5,14048.5,11.0,18.75,True,2.68,True,0.5866666666666667,False,-1.0,False,-1.0,18.75,True,2.68,True,0.5866666666666667,False,-1.0,False,-1.0,<25%
2022-03-01,down,55,90,2,0.12512218963831867,255.75,14028.75,11.5,20.5,True,1.4878048780487805,True,0.5609756097560976,False,-1.0,False,-1.0,20.5,True,1.4878048780487805,True,0.5609756097560976,False,-1.0,False,-1.0,<25%
2022-03-01,down,55,125,3,0.2857142857142857,274.75,14041.25,43.0,35.5,True,0.0,False,-1.0,False,-1.0,False,-1.0,20.5,True,0.0,False,-1.0,False,-1.0,False,-1.0,25-50%
2022-03-01,down,55,155,4,0.44040036396724297,274.75,14065.5,67.25,53.75,False,3.0790697674418603,True,1.2511627906976743,True,2.5290697674418605,False,1.130232558139535,32.5,True,3.1153846153846154,True,2.0692307692307694,False,-1.0,False,-1.0,25-50%
2022-03-01,down,55,260,5,0.33360323886639676,308.75,14001.25,37.0,66.0,True,0.20833333333333334,False,-1.0,False,-1.0,False,-1.0,33.0,True,0.4166666666666667,False,-1.0,False,-1.0,False,-1.0,25-50%
2022-03-01,down,55,295,6,0.4380566801619433,308.75,13980.75,16.5,118.75,False,0.68,True,0.13894736842105262,False,-0.20210526315789473,False,-0.20210526315789473,35.75,False,2.2587412587412588,True,0.46153846153846156,False,-0.6713286713286714,False,-0.6713286713286714,25-50%
2022-03-02,up,35,100,1,0.3023897058823529,272.0,14204.75,18.25,64.0,False,1.33203125,True,0.28515625,False,0.5078125,False,0.5078125,26.0,True,0.25961538461538464,False,-1.0,False,-1.0,False,-1.0,25-50%
2022-03-02,up,35,185,2,0.07165605095541401,314.0,14257.5,7.5,15.0,True,0.0,False,-1.0,False,-1.0,False,-1.0,15.0,True,0.0,False,-1.0,False,-1.0,False,-1.0,<25%
2022-03-02,up,35,270,3,0.1981981981981982,333.0,14274.25,9.75,56.25,False,0.28,True,0.17333333333333334,False,-0.6577777777777778,False,-0.6577777777777778,39.0,True,0.17307692307692307,False,-1.0,False,-1.0,False,-1.0,<25%
2022-03-02,up,35,315,4,0.1,335.0,14284.5,1.5,32.0,True,0.171875,True,0.046875,False,-1.0,False,-1.0,21.0,True,0.0,False,-1.0,False,-1.0,False,-1.0,<25%
2022-03-03,down,5,40,1,0.13701923076923078,312.0,14047.0,3.5,39.25,True,0.3885350318471338,True,0.08917197452229299,False,-1.0,False,-1.0,39.25,True,0.3885350318471338,True,0.08917197452229299,False,-1.0,False,-1.0,<25%
2022-03-03,down,5,110,2,0.34594594594594597,323.75,14089.5,57.75,54.25,True,0.7557603686635944,False,-1.0,False,-1.0,False,-1.0,36.25,True,1.1310344827586207,False,-1.0,False,-1.0,False,-1.0,25-50%
2022-03-03,down,5,260,3,0.5637065637065637,323.75,14050.75,19.0,163.5,False,0.5856269113149847,True,0.1162079510703364,False,0.09327217125382263,False,0.09327217125382263,14.0,False,6.839285714285714,True,1.3571428571428572,False,1.0892857142857142,False,1.0892857142857142,50-75%
2022-03-04,down,25,205,1,0.766953199617956,261.75,13808.5,74.75,126.0,False,0.5297619047619048,False,-0.2003968253968254,False,-0.2003968253968254,False,-0.2003968253968254,52.25,False,1.277511961722488,False,-0.48325358851674644,False,-0.48325358851674644,False,-0.48325358851674644,75-100%
2022-03-07,down,10,60,1,0.3025830258302583,338.75,13586.75,45.75,56.75,False,4.81057268722467,True,0.8061674008810573,True,2.298458149779736,True,3.790748898678414,34.5,True,1.065217391304348,False,-1.0,False,-1.0,False,-1.0,25-50%
2022-03-08,up,100,140,1,0.1721556886227545,501.0,13607.75,11.5,74.75,True,0.7792642140468228,True,0.15384615384615385,False,-1.0,False,-1.0,74.75,True,0.7792642140468228,True,0.15384615384615385,False,-1.0,False,-1.0,<25%
2022-03-08,down,0,65,1,0.20332355816226785,255.75,13144.75,26.5,25.5,True,0.0,False,-1.0,False,-1.0,False,-1.0,25.5,True,0.0,False,-1.0,False,-1.0,False,-1.0,<25%
2022-03-09,up,25,60,1,0.5499334221038615,187.75,13645.5,38.25,65.0,False,2.3115384615384613,True,0.5884615384615385,True,1.310576923076923,True,2.0326923076923076,54.5,False,2.756880733944954,True,0.7018348623853211,True,1.563073394495413,True,2.4243119266055047,50-75%
2022-03-09,up,25,135,2,0.12339585389930899,253.25,13742.5,6.75,24.5,True,0.0,False,-1.0,False,-1.0,False,-1.0,24.5,True,0.0,False,-1.0,False,-1.0,False,-1.0,<25%
2022-03-09,up,25,270,3,0.35636722606120436,253.25,13737.0,12.25,78.0,False,0.7532051282051282,True,0.15705128205128205,False,0.060897435897435896,False,0.060897435897435896,20.0,True,2.9375,True,0.6125,False,-1.0,False,-1.0,25-50%
2022-03-10,up,255,320,1,0.3545359749739312,239.75,13613.75,22.25,62.75,False,0.11952191235059761,False,-0.35856573705179284,False,-0.35856573705179284,False,-0.35856573705179284,39.0,False,0.19230769230769232,False,-0.5769230769230769,False,-0.5769230769230769,False,-0.5769230769230769,25-50%
2022-03-10,down,0,50,1,0.19135802469135801,202.5,13415.0,5.75,33.0,True,0.5681818181818182,True,0.17424242424242425,False,-1.0,False,-1.0,27.25,True,0.6880733944954128,True,0.21100917431192662,False,-1.0,False,-1.0,<25%
2022-03-10,down,0,60,2,0.12877030162412992,215.5,13409.25,13.0,14.75,True,0.0,False,-1.0,False,-1.0,False,-1.0,14.75,True,0.0,False,-1.0,False,-1.0,False,-1.0,<25%
2022-03-10,down,0,125,3,0.5220417633410673,215.5,13443.75,47.5,65.0,True,0.35384615384615387,False,-1.0,False,-1.0,False,-1.0,26.75,True,0.8598130841121495,False,-1.0,False,-1.0,False,-1.0,50-75%
2022-03-11,down,40,95,1,0.19661563255439163,310.25,13438.25,25.0,36.0,True,0.08333333333333333,False,-1.0,False,-1.0,False,-1.0,35.0,True,0.08571428571428572,False,-1.0,False,-1.0,False,-1.0,<25%
2022-03-11,down,40,115,2,0.2264302981466559,310.25,13421.5,8.25,62.0,True,0.29435483870967744,True,0.13306451612903225,False,-1.0,False,-1.0,32.25,True,0.5658914728682171,True,0.2558139534883721,False,-1.0,False,-1.0,<25%
2022-03-11,down,40,200,3,0.3583138173302108,320.25,13457.25,54.0,60.75,False,2.888888888888889,True,0.8888888888888888,True,2.20679012345679,False,2.5843621399176953,60.75,False,2.888888888888889,True,0.8888888888888888,True,2.20679012345679,False,2.5843621399176953,25-50%
2022-03-11,down,40,290,4,0.06561085972850679,331.5,13395.0,3.0,18.75,False,6.04,True,0.16,True,4.58,False,5.053333333333334,16.5,False,6.863636363636363,True,0.18181818181818182,True,5.204545454545454,False,5.742424242424242,<25%
2022-03-14,down,70,185,1,0.07011572498298162,367.25,13033.0,11.0,14.75,True,0.0,False,-1.0,False,-1.0,False,-1.0,14.75,True,0.0,False,-1.0,False,-1.0,False,-1.0,<25%
2022-03-14,down,70,300,2,0.26616746085772636,367.25,13036.5,14.5,83.25,False,0.25225225225225223,True,0.17417417417417416,False,-0.14414414414414414,False,-0.14414414414414414,38.5,True,0.42857142857142855,True,0.37662337662337664,False,-1.0,False,-1.0,25-50%
2022-03-15,up,0,30,1,0.2077502691065662,232.25,13316.25,3.5,44.75,True,1.9776536312849162,True,0.0782122905027933,True,1.3756983240223464,False,-1.0,34.25,True,2.5839416058394162,True,0.10218978102189781,True,1.7974452554744527,False,-1.0,<25%
2022-03-15,up,0,205,2,0.3900709219858156,317.25,13334.75,70.0,53.75,True,0.16279069767441862,False,-1.0,False,-1.0,False,-1.0,25.0,True,0.0,False,-1.0,False,-1.0,False,-1.0,25-50%
2022-03-15,up,0,250,3,0.45547675334909377,317.25,13327.0,77.75,66.75,False,2.3895131086142323,True,1.1647940074906367,True,2.352996254681648,False,1.9101123595505618,16.25,False,9.815384615384616,True,4.7846153846153845,True,9.665384615384616,False,7.846153846153846,25-50%
2022-03-15,up,0,305,4,0.08715300193673338,387.25,13455.25,19.5,14.25,True,0.0,False,-1.0,False,-1.0,False,-1.0,14.25,True,0.0,False,-1.0,False,-1.0,False,-1.0,<25%
2022-03-15,up,0,315,5,0.11684958037443512,387.25,13456.0,18.75,26.5,False,1.150943396226415,True,0.7075471698113207,False,-0.05660377358490566,False,-0.05660377358490566,26.5,False,1.150943396226415,True,0.7075471698113207,False,-0.05660377358490566,False,-0.05660377358490566,<25%
2022-03-16,up,0,5,1,0.16336633663366337,252.5,13853.25,11.5,29.75,True,0.0,False,-1.0,False,-1.0,False,-1.0,29.75,True,0.0,False,-1.0,False,-1.0,False,-1.0,<25%
2022-03-16,up,0,195,2,0.8013765978367748,254.25,13730.0,136.5,67.25,True,0.38661710037174724,False,-1.0,False,-1.0,False,-1.0,23.0,True,1.1304347826086956,False,-1.0,False,-1.0,False,-1.0,75-100%
2022-03-17,up,175,270,1,0.2857142857142857,273.0,14076.0,16.0,62.0,True,0.05241935483870968,False,-1.0,False,-1.0,False,-1.0,22.25,True,0.0,False,-1.0,False,-1.0,False,-1.0,25-50%
2022-03-18,up,45,110,1,0.2369584438549956,282.75,14266.25,11.5,55.5,False,2.8423423423423424,True,0.2072072072072072,True,1.4808558558558558,True,2.7545045045045047,26.75,False,5.897196261682243,True,0.42990654205607476,True,3.072429906542056,True,5.714953271028038,<25%
2022-03-18,up,45,175,2,0.10124610591900311,321.0,14313.5,2.5,30.0,False,3.683333333333333,True,0.08333333333333333,True,2.7583333333333333,False,3.225,17.25,True,0.6231884057971014,True,0.14492753623188406,False,-1.0,False,-1.0,<25%
2022-03-18,up,45,225,3,0.12072892938496584,329.25,14316.25,8.0,31.75,False,3.393700787401575,True,0.25196850393700787,True,2.844488188976378,False,2.9606299212598426,11.5,True,0.41304347826086957,False,-1.0,False,-1.0,False,-1.0,<25%
2022-03-21,down,165,255,1,0.5618374558303887,283.0,14304.5,120.75,38.25,True,1.6339869281045751,False,-1.0,False,-1.0,False,-1.0,38.25,True,1.6339869281045751,False,-1.0,False,-1.0,False,-1.0,50-75%
2022-03-22,up,0,20,1,0.08882521489971347,261.75,14629.0,6.75,16.5,True,0.0,False,-1.0,False,-1.0,False,-1.0,16.5,True,0.0,False,-1.0,False,-1.0,False,-1.0,<25%
2022-03-22,up,0,150,2,0.3660498793242156,310.75,14627.5,57.25,56.5,False,1.1194690265486726,True,1.0132743362831858,False,0.48672566371681414,False,0.48672566371681414,24.75,True,0.2727272727272727,False,-1.0,False,-1.0,False,-1.0,25-50%
2022-03-23,up,30,40,1,0.2531847133757962,157.0,14604.75,13.0,26.75,True,2.897196261682243,True,0.48598130841121495,True,1.9532710280373833,False,-1.0,26.75,True,2.897196261682243,True,0.48598130841121495,True,1.9532710280373833,False,-1.0,25-50%
2022-03-23,up,30,65,2,0.15789473684210525,180.5,14636.25,5.0,23.5,True,0.0,False,-1.0,False,-1.0,False,-1.0,22.5,True,0.0,False,-1.0,False,-1.0,False,-1.0,<25%
2022-03-23,up,30,70,3,0.16620498614958448,180.5,14638.0,3.25,26.75,True,1.6542056074766356,True,0.12149532710280374,False,-1.0,False,-1.0,26.75,True,1.6542056074766356,True,0.12149532710280374,False,-1.0,False,-1.0,<25%
2022-03-23,up,30,255,4,0.9706546275395034,221.5,14550.0,132.25,82.75,True,0.021148036253776436,False,-1.0,False,-1.0,False,-1.0,32.75,True,0.05343511450381679,False,-1.0,False,-1.0,False,-1.0,75-100%
2022-03-24,up,40,65,1,0.11270983213429256,208.5,14637.0,5.0,18.5,True,1.4594594594594594,True,0.2702702702702703,False,-1.0,False,-1.0,18.5,True,1.4594594594594594,True,0.2702702702702703,False,-1.0,False,-1.0,<25%
2022-03-24,up,40,145,2,0.351409978308026,230.5,14632.25,31.75,49.25,False,2.771573604060914,True,0.6446700507614214,True,1.8147208121827412,False,2.7258883248730963,10.25,True,0.0,False,-1.0,False,-1.0,False,-1.0,25-50%
2022-03-24,up,40,160,3,0.2320855614973262,233.75,14637.25,30.0,24.25,False,5.422680412371134,True,1.2371134020618557,True,3.6469072164948453,False,5.329896907216495,20.5,False,6.414634146341464,True,1.4634146341463414,True,4.314024390243903,False,6.304878048780488,<25%
2022-03-24,up,40,280,4,0.04281636536631779,262.75,14689.75,6.5,4.75,True,0.0,False,-1.0,False,-1.0,False,-1.0,4.75,True,0.0,False,-1.0,False,-1.0,False,-1.0,<25%
2022-03-24,up,40,315,5,0.13333333333333333,303.75,14728.75,8.5,32.0,False,1.25,True,0.265625,False,1.1796875,False,1.1796875,13.75,False,2.909090909090909,True,0.6181818181818182,False,2.7454545454545456,False,2.7454545454545456,<25%
2022-03-25,down,35,90,1,0.2770700636942675,235.5,14596.25,23.75,41.5,True,0.0,False,-1.0,False,-1.0,False,-1.0,15.5,True,0.0,False,-1.0,False,-1.0,False,-1.0,25-50%
2022-03-25,down,35,270,2,0.7494692144373672,235.5,14706.75,134.25,42.25,True,1.8875739644970415,False,-1.0,False,-1.0,False,-1.0,38.0,True,2.098684210526316,False,-1.0,False,-1.0,False,-1.0,50-75%
2022-03-28,down,75,225,1,0.7751479289940828,211.25,14837.5,136.5,27.25,True,0.11926605504587157,False,-1.0,False,-1.0,False,-1.0,12.75,True,0.0,False,-1.0,False,-1.0,False,-1.0,75-100%
2022-03-29,up,260,285,1,0.0735632183908046,217.5,15245.25,4.75,11.25,True,2.088888888888889,True,0.4222222222222222,False,-1.0,False,-1.0,11.25,True,2.088888888888889,True,0.4222222222222222,False,-1.0,False,-1.0,<25%
2022-03-30,down,35,155,1,0.7256317689530686,138.5,15171.0,74.75,25.75,False,6.165048543689321,True,2.9029126213592233,True,4.247572815533981,True,5.592233009708738,17.75,True,0.0,False,-1.0,False,-1.0,False,-1.0,50-75%
2022-03-30,down,35,250,2,0.2773851590106007,141.5,15103.5,10.25,29.0,False,3.146551724137931,True,0.35344827586206895,True,1.5732758620689655,True,2.793103448275862,23.5,False,3.882978723404255,True,0.43617021276595747,True,1.9414893617021276,True,3.4468085106382977,25-50%
2022-03-30,down,35,260,3,0.11694915254237288,147.5,15093.0,5.75,11.5,True,0.0,False,-1.0,False,-1.0,False,-1.0,11.5,True,0.0,False,-1.0,False,-1.0,False,-1.0,<25%
2022-03-30,down,35,320,4,0.2898876404494382,222.5,15028.0,15.75,48.75,True,0.0,False,-1.0,False,-1.0,False,-1.0,33.0,True,0.0,False,-1.0,False,-1.0,False,-1.0,25-50%
2022-04-01,down,65,120,1,0.24281984334203655,191.5,14744.0,3.5,43.0,True,0.4418604651162791,True,0.08139534883720931,False,-1.0,False,-1.0,38.0,True,0.5,True,0.09210526315789473,False,-1.0,False,-1.0,<25%
2022-04-01,down,65,260,2,0.6352657004830918,207.0,14819.0,94.0,37.5,True,1.9,False,-1.0,False,-1.0,False,-1.0,19.75,True,0.5822784810126582,False,-1.0,False,-1.0,False,-1.0,50-75%
2022-04-04,up,30,70,1,0.12416851441241686,225.5,15100.75,8.25,19.75,True,1.518987341772152,True,0.4177215189873418,False,-1.0,False,-1.0,5.75,True,0.0,False,-1.0,False,-1.0,False,-1.0,<25%
2022-04-04,up,30,180,2,0.18402426693629928,247.25,15105.5,25.25,20.25,True,0.8641975308641975,False,-1.0,False,-1.0,False,-1.0,6.0,True,0.0,False,-1.0,False,-1.0,False,-1.0,<25%
2022-04-04,up,30,240,3,0.2568250758341759,247.25,15124.25,6.5,57.0,False,0.75,True,0.11403508771929824,False,0.7105263157894737,False,0.7105263157894737,17.25,False,2.4782608695652173,True,0.37681159420289856,False,2.347826086956522,False,2.347826086956522,25-50%
2022-04-04,up,30,260,4,0.07461240310077519,258.0,15138.75,2.75,16.5,True,0.07575757575757576,False,-1.0,False,-1.0,False,-1.0,16.5,True,0.07575757575757576,False,-1.0,False,-1.0,False,-1.0,<25%
2022-04-04,up,30,305,5,0.03796296296296296,270.0,15152.75,0.75,9.5,True,0.0,False,-1.0,False,-1.0,False,-1.0,9.5,True,0.0,False,-1.0,False,-1.0,False,-1.0,<25%
2022-04-05,down,5,190,1,0.3170305676855895,286.25,14872.0,22.0,68.75,False,1.3345454545454545,True,0.32,False,0.5890909090909091,False,0.5890909090909091,21.5,True,1.1511627906976745,True,1.0232558139534884,False,-1.0,False,-1.0,25-50%
2022-04-05,down,5,270,2,0.21366782006920415,289.0,14850.75,3.5,58.25,False,1.2103004291845494,True,0.060085836909871244,False,0.33047210300429186,False,0.33047210300429186,32.0,False,2.203125,True,0.109375,False,0.6015625,False,0.6015625,<25%
2022-04-06,down,35,45,1,0.14195183776932827,197.25,14450.75,4.5,23.5,True,0.0,False,-1.0,False,-1.0,False,-1.0,23.5,True,0.0,False,-1.0,False,-1.0,False,-1.0,<25%
2022-04-06,down,35,100,2,0.39670468948035487,197.25,14460.5,14.25,64.0,True,0.625,True,0.22265625,False,-1.0,False,-1.0,25.5,True,1.5686274509803921,True,0.5588235294117647,False,-1.0,False,-1.0,25-50%
2022-04-06,down,35,115,3,0.06968641114982578,215.25,14434.5,6.25,8.75,True,0.0,False,-1.0,False,-1.0,False,-1.0,8.75,True,0.0,False,-1.0,False,-1.0,False,-1.0,<25%
2022-04-06,down,35,150,4,0.16704035874439463,223.0,14435.5,15.0,22.25,True,0.011235955056179775,False,-1.0,False,-1.0,False,-1.0,14.5,True,0.0,False,-1.0,False,-1.0,False,-1.0,<25%
2022-04-06,down,35,215,5,0.9585201793721974,223.0,14474.5,54.0,159.75,True,0.49921752738654146,True,0.3380281690140845,False,-1.0,False,-1.0,115.75,True,0.6889848812095032,True,0.46652267818574517,False,-1.0,False,-1.0,75-100%
2022-04-07,down,10,35,1,0.44931506849315067,182.5,14456.75,31.25,50.75,True,2.7536945812807883,True,0.6157635467980296,True,1.5147783251231528,True,2.413793103448276,31.0,True,4.508064516129032,True,1.0080645161290323,True,2.4798387096774195,True,3.9516129032258065,25-50%
2022-04-07,down,10,120,2,0.24455445544554455,252.5,14367.75,12.25,49.5,True,1.0252525252525253,True,0.2474747474747475,False,-1.0,False,-1.0,19.5,True,2.6025641025641026,True,0.6282051282051282,False,-1.0,False,-1.0,<25%
2022-04-07,down,10,195,3,0.5601374570446735,291.0,14430.0,113.0,50.0,True,0.125,False,-1.0,False,-1.0,False,-1.0,38.25,True,0.16339869281045752,False,-1.0,False,-1.0,False,-1.0,50-75%
2022-04-08,up,110,145,1,0.26783310901749663,185.75,14480.25,18.0,31.75,True,0.015748031496062992,False,-1.0,False,-1.0,False,-1.0,14.25,True,0.0,False,-1.0,False,-1.0,False,-1.0,25-50%
2022-04-08,up,110,215,2,0.6662180349932705,185.75,14397.75,100.5,23.25,True,0.8494623655913979,False,-1.0,False,-1.0,False,-1.0,23.25,True,0.8494623655913979,False,-1.0,False,-1.0,False,-1.0,50-75%
2022-04-11,down,10,50,1,0.24655436447166923,163.25,14048.75,15.0,25.25,True,0.09900990099009901,False,-1.0,False,-1.0,False,-1.0,16.0,True,0.15625,False,-1.0,False,-1.0,False,-1.0,<25%
2022-04-11,down,10,75,2,0.38131699846860645,163.25,14071.25,37.5,24.75,True,0.0,False,-1.0,False,-1.0,False,-1.0,24.75,True,0.0,False,-1.0,False,-1.0,False,-1.0,25-50%
2022-04-11,down,10,90,3,0.39663093415007655,163.25,14069.25,35.5,29.25,True,0.8547008547008547,False,-1.0,False,-1.0,False,-1.0,6.25,True,0.0,False,-1.0,False,-1.0,False,-1.0,25-50%
2022-04-11,down,10,220,4,0.5972434915773354,163.25,14071.75,38.0,59.5,False,1.4621848739495797,True,0.6386554621848739,True,1.324579831932773,False,1.1974789915966386,40.75,True,0.6319018404907976,False,-1.0,False,-1.0,False,-1.0,50-75%
2022-04-12,down,15,120,1,0.11688311688311688,211.75,14074.0,8.25,16.5,True,0.0,False,-1.0,False,-1.0,False,-1.0,16.5,True,0.0,False,-1.0,False,-1.0,False,-1.0,<25%
2022-04-12,down,15,185,2,0.3424657534246575,219.0,14066.0,7.5,67.5,False,2.737037037037037,True,0.1111111111111111,True,0.9222222222222223,True,1.7333333333333334,37.75,False,4.894039735099338,True,0.1986754966887417,True,1.6490066225165563,True,3.0993377483443707,25-50%
2022-04-13,up,30,60,1,0.07396449704142012,253.5,14164.25,10.25,8.5,True,0.0,False,-1.0,False,-1.0,False,-1.0,8.5,True,0.0,False,-1.0,False,-1.0,False,-1.0,<25%
2022-04-13,up,30,95,2,0.16863905325443787,253.5,14154.5,20.0,22.75,True,0.0,False,-1.0,False,-1.0,False,-1.0,11.0,True,0.0,False,-1.0,False,-1.0,False,-1.0,<25%
2022-04-13,up,30,105,3,0.1893491124260355,253.5,14166.5,8.0,40.0,False,2.5,True,0.2,True,1.784375,False,1.38125,23.0,True,1.7826086956521738,True,0.34782608695652173,False,-1.0,False,-1.0,<25%
2022-04-13,up,30,125,4,0.09689557855126998,265.75,14182.5,4.25,21.5,True,1.1627906976744187,True,0.19767441860465115,False,-1.0,False,-1.0,12.25,True,1.5714285714285714,True,0.3469387755102041,False,-1.0,False,-1.0,<25%
2022-04-13,up,30,250,5,0.2617801047120419,286.5,14194.25,13.25,61.75,False,1.1700404858299596,True,0.2145748987854251,False,0.44534412955465585,False,0.44534412955465585,11.75,True,1.574468085106383,True,1.127659574468085,False,-1.0,False,-1.0,25-50%
2022-04-14,down,70,80,1,0.09177215189873418,237.0,14018.0,8.25,13.5,True,0.2222222222222222,False,-1.0,False,-1.0,False,-1.0,12.75,True,0.23529411764705882,False,-1.0,False,-1.0,False,-1.0,<25%
2022-04-14,down,70,125,2,0.058823529411764705,267.75,13984.75,5.75,10.0,True,2.45,True,0.575,False,-1.0,False,-1.0,10.0,True,2.45,True,0.575,False,-1.0,False,-1.0,<25%
2022-04-14,down,70,230,3,0.3080279232111693,286.5,13998.25,38.0,50.25,False,2.243781094527363,True,0.7562189054726368,True,2.181592039800995,False,2.084577114427861,15.0,True,0.0,False,-1.0,False,-1.0,False,-1.0,25-50%
2022-04-18,down,100,265,1,0.9688221709006929,216.5,13931.5,145.5,64.25,False,1.6692607003891051,False,0.22568093385214008,False,0.22568093385214008,False,0.22568093385214008,23.5,False,4.5638297872340425,False,0.6170212765957447,False,0.6170212765957447,False,0.6170212765957447,75-100%
2022-04-19,up,5,35,1,0.11943793911007025,320.25,14143.0,10.75,27.5,True,1.9454545454545455,True,0.39090909090909093,False,-1.0,False,-1.0,18.25,True,2.9315068493150687,True,0.589041095890411,False,-1.0,False,-1.0,<25%
2022-04-19,up,5,140,2,0.1756198347107438,363.0,14165.25,31.25,32.5,True,0.13846153846153847,False,-1.0,False,-1.0,False,-1.0,13.25,True,0.0,False,-1.0,False,-1.0,False,-1.0,<25%
2022-04-19,up,5,200,3,0.19972451790633608,363.0,14164.75,31.75,40.75,True,0.10429447852760736,False,-1.0,False,-1.0,False,-1.0,14.0,True,0.30357142857142855,False,-1.0,False,-1.0,False,-1.0,<25%
2022-04-19,up,5,275,4,0.2596418732782369,363.0,14176.5,20.0,74.25,False,0.8821548821548821,True,0.26936026936026936,False,0.48148148148148145,False,0.48148148148148145,30.0,False,2.183333333333333,True,0.6666666666666666,False,1.1916666666666667,False,1.1916666666666667,25-50%
2022-04-20,down,45,215,1,0.46987951807228917,290.5,14069.5,90.0,46.5,False,2.4301075268817205,True,1.935483870967742,False,1.4193548387096775,False,1.4193548387096775,14.5,False,7.793103448275862,True,6.206896551724138,False,4.551724137931035,False,4.551724137931035,25-50%
2022-04-20,down,45,300,2,0.2934609250398724,313.5,14009.25,52.75,39.25,True,0.11464968152866242,False,-1.0,False,-1.0,False,-1.0,25.5,True,0.0,False,-1.0,False,-1.0,False,-1.0,25-50%
2022-04-20,down,45,320,3,0.386762360446571,313.5,14005.5,49.0,72.25,False,0.20069204152249134,False,0.02768166089965398,False,0.02768166089965398,False,0.02768166089965398,63.25,False,0.22924901185770752,False,0.03162055335968379,False,0.03162055335968379,False,0.03162055335968379,25-50%
2022-04-21,down,15,55,1,0.2673611111111111,216.0,14080.0,13.0,44.75,False,8.938547486033519,True,0.2905027932960894,True,1.4972067039106145,True,2.7039106145251397,44.75,False,8.938547486033519,True,0.2905027932960894,True,1.4972067039106145,True,2.7039106145251397,25-50%
2022-04-21,down,15,135,2,0.12438162544169612,353.75,13940.0,10.75,33.25,False,7.819548872180451,True,0.3233082706766917,True,2.9830827067669174,True,5.642857142857143,33.25,False,7.819548872180451,True,0.3233082706766917,True,2.9830827067669174,True,5.642857142857143,<25%
2022-04-21,down,15,230,3,0.08567134268537074,499.0,13786.75,2.75,40.0,True,0.0375,False,-1.0,False,-1.0,False,-1.0,40.0,True,0.0375,False,-1.0,False,-1.0,False,-1.0,<25%
2022-04-22,down,65,140,1,0.23398804440649018,292.75,13490.0,5.0,63.5,False,2.3622047244094486,True,0.07874015748031496,True,1.2312992125984252,False,2.0984251968503935,32.75,False,4.580152671755725,True,0.15267175572519084,True,2.3874045801526718,False,4.068702290076335,<25%
2022-04-22,down,65,270,2,0.07022995649471722,402.25,13388.25,12.75,15.5,True,0.0,False,-1.0,False,-1.0,False,-1.0,15.5,True,0.0,False,-1.0,False,-1.0,False,-1.0,<25%
2022-04-22,down,65,315,3,0.33064014916096957,402.25,13404.0,28.5,104.5,False,0.6124401913875598,True,0.2727272727272727,False,0.45215311004784686,False,0.45215311004784686,44.25,False,1.4463276836158192,True,0.6440677966101694,False,1.0677966101694916,False,1.0677966101694916,25-50%
2022-04-25,up,0,50,1,0.8678223185265439,230.75,13339.75,127.0,73.25,True,0.46757679180887374,False,-1.0,False,-1.0,False,-1.0,38.25,True,0.0,False,-1.0,False,-1.0,False,-1.0,75-100%
2022-04-25,up,0,100,2,0.9815817984832069,230.75,13327.0,139.75,86.75,False,2.4927953890489913,True,1.6109510086455332,True,2.275936599423631,False,2.3487031700288186,24.5,False,8.826530612244898,True,5.704081632653061,True,8.058673469387756,False,8.316326530612244,75-100%
2022-04-26,down,5,25,1,0.19457735247208932,313.5,13145.5,8.25,52.75,True,0.933649289099526,True,0.15639810426540285,False,-1.0,False,-1.0,33.5,True,1.4701492537313432,True,0.2462686567164179,False,-1.0,False,-1.0,<25%
2022-04-26,down,5,45,2,0.11695906432748537,342.0,13111.75,3.0,37.0,True,0.0,False,-1.0,False,-1.0,False,-1.0,34.75,True,0.0,False,-1.0,False,-1.0,False,-1.0,<25%
2022-04-26,down,5,65,3,0.19726421886249101,347.25,13128.75,25.25,43.25,True,0.7514450867052023,True,0.5838150289017341,False,-1.0,False,-1.0,21.0,True,1.5476190476190477,True,1.2023809523809523,False,-1.0,False,-1.0,<25%
2022-04-26,down,5,150,4,0.3765867418899859,354.5,13151.0,54.75,78.75,False,1.838095238095238,True,0.6952380952380952,True,1.8206349206349206,False,1.8031746031746032,68.5,False,2.113138686131387,True,0.7992700729927007,True,2.093065693430657,False,2.072992700729927,25-50%
2022-04-28,up,125,140,1,0.1607669616519174,339.0,13346.75,25.25,29.25,False,6.6752136752136755,True,0.8632478632478633,True,3.7606837606837606,True,6.6581196581196584,29.25,False,6.6752136752136755,True,0.8632478632478633,True,3.7606837606837606,True,6.6581196581196584,<25%
2022-04-28,up,125,205,2,0.09427207637231504,419.0,13447.0,5.0,34.5,True,2.753623188405797,True,0.14492753623188406,False,-1.0,False,-1.0,24.0,True,0.2708333333333333,True,0.20833333333333334,False,-1.0,False,-1.0,<25%
2022-04-28,up,125,275,3,0.10152284263959391,492.5,13508.5,17.0,33.0,True,1.0151515151515151,True,0.5151515151515151,False,-1.0,False,-1.0,17.25,True,0.0,False,-1.0,False,-1.0,False,-1.0,<25%
2022-04-29,down,10,85,1,0.3608617594254937,278.5,13172.5,18.0,82.5,False,4.13030303030303,True,0.21818181818181817,True,1.062121212121212,True,1.906060606060606,51.5,False,6.616504854368932,True,0.34951456310679613,True,1.7014563106796117,True,3.0533980582524274,25-50%
2022-04-29,down,10,190,2,0.20855614973262032,374.0,13073.75,14.75,63.25,False,3.8260869565217392,True,0.233201581027668,True,1.7114624505928853,True,3.1897233201581026,33.75,False,7.17037037037037,True,0.43703703703703706,True,3.2074074074074073,True,5.977777777777778,<25%
2022-04-29,down,10,235,3,0.041617122473246136,420.5,13018.25,5.75,11.75,True,0.0,False,-1.0,False,-1.0,False,-1.0,11.75,True,0.0,False,-1.0,False,-1.0,False,-1.0,<25%
2022-05-02,up,0,85,1,0.7390946502057614,303.75,12905.75,140.75,83.75,True,0.5940298507462687,False,-1.0,False,-1.0,False,-1.0,39.5,True,0.0,False,-1.0,False,-1.0,False,-1.0,50-75%
2022-05-02,down,225,310,1,0.9829250185597624,336.75,12967.75,258.0,73.0,True,0.1917808219178082,False,-1.0,False,-1.0,False,-1.0,61.25,True,0.0,False,-1.0,False,-1.0,False,-1.0,75-100%
2022-05-03,up,185,260,1,0.8745644599303136,215.25,13078.25,105.5,82.75,False,0.7371601208459214,False,0.13897280966767372,False,0.13897280966767372,False,0.13897280966767372,30.25,True,2.0165289256198347,False,-1.0,False,-1.0,False,-1.0,75-100%
2022-05-04,up,150,180,1,0.24645030425963488,246.5,13121.75,7.75,53.0,True,2.061320754716981,True,0.14622641509433962,True,1.3089622641509433,False,-1.0,33.5,True,1.492537313432836,True,0.23134328358208955,False,-1.0,False,-1.0,<25%
2022-05-04,up,150,250,2,0.8397988505747126,348.0,13152.25,78.75,213.5,False,1.8875878220140516,True,0.36885245901639346,True,0.7763466042154566,True,1.18384074941452,142.5,False,2.8280701754385964,True,0.5526315789473685,True,1.1631578947368422,True,1.7736842105263158,75-100%
2022-05-04,up,150,290,3,0.10760587726879861,578.5,13434.25,27.25,35.0,False,3.4571428571428573,True,0.7785714285714286,False,2.8214285714285716,False,2.8214285714285716,35.0,False,3.4571428571428573,True,0.7785714285714286,False,2.8214285714285716,False,2.8214285714285716,<25%
2022-05-04,up,150,325,4,0.06991446634436593,672.25,13533.0,22.25,24.75,False,0.0,False,0.0,False,0.0,False,0.0,24.75,False,0.0,False,0.0,False,0.0,False,0.0,<25%
2022-05-05,down,0,50,1,0.13336875664187034,470.5,12879.25,3.5,59.25,True,0.06751054852320675,True,0.05907172995780591,False,-1.0,False,-1.0,30.5,True,0.0,False,-1.0,False,-1.0,False,-1.0,<25%
2022-05-05,down,0,85,2,0.04476143630103296,508.25,12841.75,3.75,19.0,True,2.3815789473684212,True,0.19736842105263158,False,-1.0,False,-1.0,19.0,True,2.3815789473684212,True,0.19736842105263158,False,-1.0,False,-1.0,<25%
2022-05-05,down,0,125,3,0.25738972260118237,549.75,12870.0,73.5,68.0,True,0.6691176470588235,False,-1.0,False,-1.0,False,-1.0,16.5,True,2.757575757575758,False,-1.0,False,-1.0,False,-1.0,25-50%
2022-05-05,down,0,200,4,0.3083219645293315,549.75,12839.0,42.5,127.0,False,1.0531496062992125,True,0.3346456692913386,False,-0.15551181102362205,False,-0.15551181102362205,29.75,True,1.0,False,-1.0,False,-1.0,False,-1.0,25-50%
2022-05-05,down,0,295,5,0.08726415094339622,636.0,12722.0,11.75,43.75,True,0.0,False,-1.0,False,-1.0,False,-1.0,43.75,True,0.0,False,-1.0,False,-1.0,False,-1.0,<25%
2022-05-06,up,40,90,1,0.5631482611348383,409.75,12785.75,143.0,87.75,True,1.0341880341880343,False,-1.0,False,-1.0,False,-1.0,87.25,True,1.0401146131805157,False,-1.0,False,-1.0,False,-1.0,50-75%
2022-05-06,up,40,260,2,0.7895057962172056,409.75,12687.5,241.25,82.25,True,0.23100303951367782,False,-1.0,False,-1.0,False,-1.0,32.0,True,0.0,False,-1.0,False,-1.0,False,-1.0,75-100%
2022-05-06,up,40,295,3,0.884685784014643,409.75,12611.25,317.5,45.0,False,3.1777777777777776,False,1.8222222222222222,False,1.8222222222222222,False,1.8222222222222222,45.0,False,3.1777777777777776,False,1.8222222222222222,False,1.8222222222222222,False,1.8222222222222222,75-100%
2022-05-09,down,0,40,1,0.20541958041958042,286.0,12296.25,26.5,32.25,True,0.0,False,-1.0,False,-1.0,False,-1.0,32.25,True,0.0,False,-1.0,False,-1.0,False,-1.0,<25%
2022-05-09,down,0,50,2,0.2159090909090909,286.0,12286.75,17.0,44.75,True,1.0837988826815643,True,0.37988826815642457,False,-1.0,False,-1.0,29.0,True,1.6724137931034482,True,0.5862068965517241,False,-1.0,False,-1.0,<25%
2022-05-09,down,0,90,3,0.3795275590551181,317.5,12286.0,47.75,72.75,True,0.0,False,-1.0,False,-1.0,False,-1.0,41.5,True,0.0,False,-1.0,False,-1.0,False,-1.0,25-50%
2022-05-09,down,0,160,4,0.5708661417322834,317.5,12276.0,37.75,143.5,False,0.980836236933798,True,0.26306620209059234,True,0.8162020905923345,False,0.5522648083623694,15.5,True,0.0,False,-1.0,False,-1.0,False,-1.0,50-75%
2022-05-09,down,0,235,5,0.2201210287443268,330.5,12239.5,14.25,58.5,True,0.49572649572649574,True,0.24358974358974358,False,-1.0,False,-1.0,15.5,True,1.8709677419354838,True,0.9193548387096774,False,-1.0,False,-1.0,<25%
2022-05-10,down,15,25,1,0.17540842648323302,290.75,12268.5,12.25,38.75,True,0.0,False,-1.0,False,-1.0,False,-1.0,38.75,True,0.0,False,-1.0,False,-1.0,False,-1.0,<25%
2022-05-10,down,15,95,2,0.393236074270557,377.0,12240.5,70.5,77.75,True,0.6141479099678456,False,-1.0,False,-1.0,False,-1.0,75.75,True,0.6303630363036303,False,-1.0,False,-1.0,False,-1.0,25-50%
2022-05-10,down,15,215,3,0.9270557029177718,377.0,12470.5,300.5,49.0,False,3.1581632653061225,False,2.6122448979591835,False,2.6122448979591835,False,2.6122448979591835,42.75,True,0.0,False,-1.0,False,-1.0,False,-1.0,75-100%
2022-05-11,down,145,175,1,0.16635630043451272,402.75,12091.0,15.25,51.75,True,1.7198067632850242,True,0.2946859903381642,False,-1.0,False,-1.0,51.75,True,1.7198067632850242,True,0.2946859903381642,False,-1.0,False,-1.0,<25%
2022-05-11,down,145,200,2,0.10190735694822889,458.75,12039.5,19.75,27.0,True,1.3888888888888888,True,0.7314814814814815,False,-1.0,False,-1.0,27.0,True,1.3888888888888888,True,0.7314814814814815,False,-1.0,False,-1.0,<25%
2022-05-11,down,145,255,3,0.3473242392444911,476.5,12090.0,88.0,77.5,False,1.9548387096774194,True,1.135483870967742,False,1.4870967741935484,False,1.4870967741935484,77.5,False,1.9548387096774194,True,1.135483870967742,False,1.4870967741935484,False,1.4870967741935484,25-50%
2022-05-11,down,145,290,4,0.09390862944162437,492.5,12001.75,15.75,30.5,True,0.0,False,-1.0,False,-1.0,False,-1.0,30.5,True,0.0,False,-1.0,False,-1.0,False,-1.0,<25%
2022-05-12,up,25,110,1,0.7343572241183163,439.5,11887.5,245.25,77.5,True,1.264516129032258,False,-1.0,False,-1.0,False,-1.0,56.5,True,1.7345132743362832,False,-1.0,False,-1.0,False,-1.0,50-75%
2022-05-12,up,25,225,2,0.9687144482366326,439.5,11758.25,374.5,51.25,True,0.5121951219512195,False,-1.0,False,-1.0,False,-1.0,33.5,True,0.7835820895522388,False,-1.0,False,-1.0,False,-1.0,75-100%
2022-05-13,up,55,260,1,0.579630895420369,365.75,12349.75,80.75,131.25,False,0.6266666666666667,True,0.6152380952380953,False,0.26476190476190475,False,0.26476190476190475,73.0,False,1.1267123287671232,True,1.106164383561644,False,0.476027397260274,False,0.476027397260274,50-75%
2022-05-13,up,55,325,2,0.31586113002042204,367.25,12384.5,47.5,68.5,False,0.0,False,0.0,False,0.0,False,0.0,43.5,False,0.0,False,0.0,False,0.0,False,0.0,25-50%
2022-05-16,up,235,245,1,0.1762632197414806,212.75,12388.25,14.75,22.75,True,0.5054945054945055,False,-1.0,False,-1.0,False,-1.0,22.75,True,0.5054945054945055,False,-1.0,False,-1.0,False,-1.0,<25%
2022-05-17,up,255,285,1,0.15071283095723015,245.5,12564.75,9.25,27.75,True,0.4774774774774775,True,0.3333333333333333,False,-1.0,False,-1.0,23.75,True,0.5578947368421052,True,0.3894736842105263,False,-1.0,False,-1.0,<25%
2022-05-17,up,255,320,2,0.2695390781563126,249.5,12548.25,29.75,37.5,False,0.5133333333333333,False,0.4,False,0.4,False,0.4,28.5,False,0.6754385964912281,False,0.5263157894736842,False,0.5263157894736842,False,0.5263157894736842,25-50%
2022-05-17,down,5,145,1,0.8311218335343787,207.25,12465.5,137.0,35.25,True,0.8581560283687943,False,-1.0,False,-1.0,False,-1.0,11.0,True,2.75,False,-1.0,False,-1.0,False,-1.0,75-100%
2022-05-17,down,5,220,2,0.9987937273823885,207.25,12446.5,118.0,89.0,True,0.8342696629213483,False,-1.0,False,-1.0,False,-1.0,76.5,True,0.9705882352941176,False,-1.0,False,-1.0,False,-1.0,75-100%
2022-05-18,down,0,30,1,0.41144901610017887,139.75,12267.5,7.5,50.0,False,7.6,True,0.15,True,0.84875,True,1.5475,36.25,False,10.482758620689655,True,0.20689655172413793,True,1.1706896551724137,True,2.1344827586206896,25-50%
2022-05-18,down,0,220,2,0.08972911963882618,443.0,11970.75,14.0,25.75,True,0.0,False,-1.0,False,-1.0,False,-1.0,25.75,True,0.0,False,-1.0,False,-1.0,False,-1.0,<25%
2022-05-18,down,0,260,3,0.10395778364116096,473.75,11940.75,14.75,34.5,True,0.6739130434782609,True,0.427536231884058,False,-1.0,False,-1.0,34.5,True,0.6739130434782609,True,0.427536231884058,False,-1.0,False,-1.0,<25%
2022-05-19,up,65,205,1,0.8028419182948491,281.5,11976.25,100.5,125.5,False,0.599601593625498,False,-0.796812749003984,False,-0.796812749003984,False,-0.796812749003984,58.25,True,0.07725321888412018,False,-1.0,False,-1.0,False,-1.0,75-100%
2022-05-20,down,20,140,1,0.10982658959537572,519.0,11559.25,25.25,31.75,True,0.0,False,-1.0,False,-1.0,False,-1.0,31.75,True,0.0,False,-1.0,False,-1.0,False,-1.0,<25%
2022-05-20,down,20,165,2,0.049440298507462684,536.0,11519.0,2.0,24.5,True,0.9591836734693877,True,0.08163265306122448,False,-1.0,False,-1.0,24.5,True,0.9591836734693877,True,0.08163265306122448,False,-1.0,False,-1.0,<25%
2022-05-20,down,20,225,3,0.2576769025367156,561.75,11547.75,56.5,88.25,True,0.3286118980169972,False,-1.0,False,-1.0,False,-1.0,36.25,True,0.8,False,-1.0,False,-1.0,False,-1.0,25-50%
2022-05-20,down,20,270,4,0.2683578104138852,561.75,11571.75,80.5,70.25,True,0.3701067615658363,False,-1.0,False,-1.0,False,-1.0,43.75,True,0.5942857142857143,False,-1.0,False,-1.0,False,-1.0,25-50%
2022-05-23,up,60,185,1,0.5023299161230196,268.25,11973.0,79.0,55.75,False,1.452914798206278,True,1.4170403587443947,False,1.1076233183856503,False,1.1076233183856503,10.5,True,7.714285714285714,True,7.523809523809524,False,-1.0,False,-1.0,50-75%
2022-05-23,up,60,320,2,0.3617021276595745,270.25,12003.25,50.75,47.0,False,0.824468085106383,False,0.6702127659574468,False,0.6702127659574468,False,0.6702127659574468,36.25,False,1.0689655172413792,False,0.8689655172413793,False,0.8689655172413793,False,0.8689655172413793,25-50%
2022-05-25,up,0,40,1,0.4222972972972973,222.0,11890.5,39.5,54.25,True,0.22119815668202766,False,-1.0,False,-1.0,False,-1.0,22.25,True,0.5393258426966292,False,-1.0,False,-1.0,False,-1.0,25-50%
2022-05-25,up,0,195,2,0.6373873873873874,222.0,11867.0,63.0,78.5,True,0.7515923566878981,False,-1.0,False,-1.0,False,-1.0,17.5,True,0.0,False,-1.0,False,-1.0,False,-1.0,50-75%
2022-05-25,up,0,225,3,0.7184684684684685,222.0,11885.5,44.5,115.0,False,1.308695652173913,True,0.3869565217391304,True,0.8695652173913043,False,0.5565217391304348,31.0,False,4.854838709677419,True,1.435483870967742,True,3.225806451612903,False,2.064516129032258,50-75%
2022-05-26,up,30,70,1,0.16568483063328424,339.5,12223.5,15.0,41.25,False,2.896969696969697,True,0.36363636363636365,True,2.4212121212121214,False,1.2484848484848485,19.25,True,0.0,False,-1.0,False,-1.0,False,-1.0,<25%
2022-05-26,up,30,310,2,0.24549549549549549,444.0,12302.75,40.25,68.75,False,0.4763636363636364,False,-0.4036363636363636,False,-0.4036363636363636,False,-0.4036363636363636,27.0,True,1.212962962962963,False,-1.0,False,-1.0,False,-1.0,<25%
2022-05-27,up,75,85,1,0.096569250317662,196.75,12594.0,4.75,14.25,True,1.263157894736842,True,0.3333333333333333,False,-1.0,False,-1.0,14.25,True,1.263157894736842,True,0.3333333333333333,False,-1.0,False,-1.0,<25%
2022-05-27,up,75,130,2,0.24047619047619048,210.0,12581.0,31.0,19.5,True,0.1794871794871795,False,-1.0,False,-1.0,False,-1.0,10.0,True,0.0,False,-1.0,False,-1.0,False,-1.0,<25%
2022-05-27,up,75,140,3,0.24642857142857144,210.0,12583.25,28.75,23.0,False,4.3478260869565215,True,1.25,True,3.532608695652174,False,4.304347826086956,23.0,False,4.3478260869565215,True,1.25,True,3.532608695652174,False,4.304347826086956,<25%
2022-05-27,up,75,250,4,0.11868390129259694,212.75,12606.75,8.0,17.25,False,4.434782608695652,True,0.463768115942029,True,3.5471014492753623,False,4.3768115942028984,17.25,False,4.434782608695652,True,0.463768115942029,True,3.5471014492753623,False,4.3768115942028984,<25%
2022-05-27,up,75,320,5,0.1618217054263566,258.0,12649.75,10.25,31.5,False,1.0634920634920635,True,0.3253968253968254,False,1.0317460317460319,False,1.0317460317460319,28.75,False,1.1652173913043478,True,0.3565217391304348,False,1.1304347826086956,False,1.1304347826086956,<25%
2022-05-31,up,80,215,1,0.11672473867595819,287.0,12758.25,8.75,24.75,True,0.2727272727272727,False,-1.0,False,-1.0,False,-1.0,24.75,True,0.2727272727272727,False,-1.0,False,-1.0,False,-1.0,<25%
2022-05-31,up,80,300,2,0.5779896013864818,288.5,12738.0,30.5,136.25,False,0.029357798165137616,False,-0.6807339449541284,False,-0.6807339449541284,False,-0.6807339449541284,29.25,True,0.13675213675213677,False,-1.0,False,-1.0,False,-1.0,50-75%
2022-06-01,down,0,35,1,0.40601503759398494,266.0,12592.75,35.25,72.75,False,1.8969072164948453,True,0.4845360824742268,True,1.3986254295532645,False,0.5876288659793815,32.5,True,4.246153846153846,True,1.0846153846153845,True,3.1307692307692307,False,-1.0,25-50%
2022-06-01,down,0,260,2,0.5559322033898305,368.75,12613.5,158.75,46.25,True,0.6810810810810811,False,-1.0,False,-1.0,False,-1.0,25.5,True,1.2352941176470589,False,-1.0,False,-1.0,False,-1.0,50-75%
2022-06-01,down,0,320,3,0.5688135593220339,368.75,12576.0,121.25,88.5,False,0.3644067796610169,False,0.2937853107344633,False,0.2937853107344633,False,0.2937853107344633,68.5,False,0.4708029197080292,False,0.3795620437956204,False,0.3795620437956204,False,0.3795620437956204,50-75%
2022-06-02,up,30,280,1,0.13191990577149587,424.5,12850.0,17.0,39.0,True,0.27564102564102566,False,-1.0,False,-1.0,False,-1.0,18.75,True,0.5733333333333334,False,-1.0,False,-1.0,False,-1.0,<25%
2022-06-02,up,30,310,2,0.13839811542991756,424.5,12856.5,10.5,48.25,False,0.8860103626943006,True,0.21761658031088082,False,0.7823834196891192,False,0.7823834196891192,22.0,False,1.9431818181818181,True,0.4772727272727273,False,1.7159090909090908,False,1.7159090909090908,<25%
2022-06-03,down,5,20,1,0.2714723926380368,163.0,12579.5,11.25,33.0,True,2.3181818181818183,True,0.3409090909090909,True,1.5757575757575757,False,-1.0,25.75,True,2.970873786407767,True,0.4368932038834951,True,2.0194174757281553,False,-1.0,25-50%
2022-06-03,down,5,105,2,0.3428258488499452,228.25,12530.75,27.75,50.5,True,0.0,False,-1.0,False,-1.0,False,-1.0,38.0,True,0.0,False,-1.0,False,-1.0,False,-1.0,25-50%
2022-06-03,down,5,165,3,0.6276013143483024,228.25,12564.25,61.25,82.0,False,0.6463414634146342,False,0.125,False,0.125,False,0.125,40.5,False,1.308641975308642,False,0.25308641975308643,False,0.25308641975308643,False,0.25308641975308643,50-75%
2022-06-06,down,45,110,1,0.11960784313725491,255.0,12561.5,6.5,24.0,True,1.1979166666666667,True,0.2708333333333333,False,-1.0,False,-1.0,24.0,True,1.1979166666666667,True,0.2708333333333333,False,-1.0,False,-1.0,<25%
2022-06-06,down,45,285,2,0.5437330928764653,277.25,12556.5,23.75,127.0,False,0.1279527559055118,False,-0.34448818897637795,False,-0.34448818897637795,False,-0.34448818897637795,38.0,True,0.4276315789473684,False,-1.0,False,-1.0,False,-1.0,50-75%
2022-06-07,up,0,85,1,0.49279050042408823,294.75,12615.5,91.75,53.5,False,2.3317757009345796,True,1.7149532710280373,False,1.794392523364486,False,1.794392523364486,35.75,True,0.2517482517482518,False,-1.0,False,-1.0,False,-1.0,25-50%
2022-06-08,down,125,310,1,0.38773006134969323,203.75,12635.75,56.5,22.5,False,1.7666666666666666,False,0.7444444444444445,False,0.7444444444444445,False,0.7444444444444445,9.75,False,4.076923076923077,False,1.7179487179487178,False,1.7179487179487178,False,1.7179487179487178,25-50%
2022-06-09,up,5,70,1,0.8286163522012578,159.0,12599.5,65.5,66.25,True,0.06415094339622641,False,-1.0,False,-1.0,False,-1.0,27.5,True,0.0,False,-1.0,False,-1.0,False,-1.0,75-100%
2022-06-09,up,5,130,2,0.8694968553459119,159.0,12582.25,82.75,55.5,True,0.46396396396396394,False,-1.0,False,-1.0,False,-1.0,21.0,True,0.09523809523809523,False,-1.0,False,-1.0,False,-1.0,75-100%
2022-06-10,down,40,75,1,0.13452492944496708,265.75,11827.0,2.75,33.0,True,0.12121212121212122,True,0.08333333333333333,False,-1.0,False,-1.0,33.0,True,0.12121212121212122,True,0.08333333333333333,False,-1.0,False,-1.0,<25%
2022-06-10,down,40,140,2,0.250936329588015,267.0,11844.75,21.75,45.25,True,0.22099447513812154,False,-1.0,False,-1.0,False,-1.0,16.75,True,0.0,False,-1.0,False,-1.0,False,-1.0,25-50%
2022-06-10,down,40,210,3,0.46348314606741575,267.0,11878.75,55.75,68.0,True,0.058823529411764705,False,-1.0,False,-1.0,False,-1.0,25.25,True,0.009900990099009901,False,-1.0,False,-1.0,False,-1.0,25-50%
2022-06-10,down,40,300,4,0.5636704119850188,267.0,11923.0,100.0,50.5,False,1.7227722772277227,False,1.702970297029703,False,1.702970297029703,False,1.702970297029703,25.25,True,0.0,False,-1.0,False,-1.0,False,-1.0,50-75%
2022-06-13,down,10,15,1,0.08213096559378469,225.25,11384.25,5.0,13.5,True,0.0,False,-1.0,False,-1.0,False,-1.0,13.5,True,0.0,False,-1.0,False,-1.0,False,-1.0,<25%
2022-06-13,down,10,145,2,0.8229066410009624,259.75,11446.75,102.0,111.75,False,1.4451901565995526,True,0.912751677852349,False,1.0782997762863535,False,1.0782997762863535,29.75,True,1.4789915966386555,False,-1.0,False,-1.0,False,-1.0,75-100%
2022-06-13,down,10,290,3,0.20131086142322097,267.0,11352.25,14.75,39.0,False,1.7179487179487178,True,0.3782051282051282,False,0.6666666666666666,False,0.6666666666666666,39.0,False,1.7179487179487178,True,0.3782051282051282,False,0.6666666666666666,False,0.6666666666666666,<25%
2022-06-14,down,10,90,1,0.7097242380261248,172.25,11339.5,69.75,52.5,True,0.6190476190476191,False,-1.0,False,-1.0,False,-1.0,42.25,True,0.7692307692307693,False,-1.0,False,-1.0,False,-1.0,50-75%
2022-06-15,up,250,295,1,0.5062132112491825,382.25,11732.5,21.0,172.5,False,0.35797101449275365,True,0.12173913043478261,False,-0.5840579710144927,False,-0.5840579710144927,46.25,True,1.335135135135135,True,0.4540540540540541,False,-1.0,False,-1.0,50-75%
2022-06-16,down,5,60,1,0.503393665158371,221.0,11195.0,66.25,45.0,False,2.811111111111111,True,1.4722222222222223,True,2.7,False,0.6444444444444445,26.25,True,1.9714285714285715,False,-1.0,False,-1.0,False,-1.0,50-75%
2022-06-16,down,5,300,2,0.4008888888888889,281.25,11111.5,43.0,69.75,False,0.3010752688172043,False,-0.7813620071684588,False,-0.7813620071684588,False,-0.7813620071684588,57.75,True,0.36363636363636365,False,-1.0,False,-1.0,False,-1.0,25-50%
2022-06-17,up,155,220,1,0.3167870036101083,277.0,11357.25,38.75,49.0,True,0.5561224489795918,False,-1.0,False,-1.0,False,-1.0,24.0,True,0.71875,False,-1.0,False,-1.0,False,-1.0,25-50%
2022-06-17,down,0,70,1,0.8681917211328976,229.5,11250.0,131.0,68.25,True,0.6227106227106227,False,-1.0,False,-1.0,False,-1.0,45.5,True,0.9340659340659341,False,-1.0,False,-1.0,False,-1.0,75-100%
2022-06-21,up,20,30,1,0.10740740740740741,202.5,11676.25,2.0,19.75,True,0.0379746835443038,False,-1.0,False,-1.0,False,-1.0,19.75,True,0.0379746835443038,False,-1.0,False,-1.0,False,-1.0,<25%
2022-06-21,up,20,100,2,0.44320987654320987,202.5,11613.25,65.0,24.75,True,1.2121212121212122,False,-1.0,False,-1.0,False,-1.0,24.75,True,1.2121212121212122,False,-1.0,False,-1.0,False,-1.0,25-50%
2022-06-21,up,20,225,3,0.4925925925925926,202.5,11593.25,85.0,14.75,True,0.9322033898305084,False,-1.0,False,-1.0,False,-1.0,14.75,True,0.9322033898305084,False,-1.0,False,-1.0,False,-1.0,25-50%
2022-06-21,up,20,260,4,0.5024691358024691,202.5,11611.5,66.75,35.0,True,0.5857142857142857,False,-1.0,False,-1.0,False,-1.0,28.0,True,0.7321428571428571,False,-1.0,False,-1.0,False,-1.0,50-75%
2022-06-22,up,5,60,1,0.33695652173913043,299.0,11698.75,47.0,53.75,True,0.1813953488372093,False,-1.0,False,-1.0,False,-1.0,22.75,True,0.42857142857142855,False,-1.0,False,-1.0,False,-1.0,25-50%
2022-06-22,up,5,100,2,0.5978260869565217,299.0,11591.0,154.75,24.0,True,5.291666666666667,False,-1.0,False,-1.0,False,-1.0,20.25,True,6.271604938271605,False,-1.0,False,-1.0,False,-1.0,50-75%
2022-06-23,up,10,20,1,0.19669876203576342,181.75,11706.75,18.0,17.75,True,1.408450704225352,True,1.0140845070422535,False,-1.0,False,-1.0,17.75,True,1.408450704225352,True,1.0140845070422535,False,-1.0,False,-1.0,<25%
2022-06-23,up,10,45,2,0.09974747474747475,198.0,11733.5,7.5,12.25,True,0.0,False,-1.0,False,-1.0,False,-1.0,12.25,True,0.0,False,-1.0,False,-1.0,False,-1.0,<25%
2022-06-23,up,10,200,3,0.9800995024875622,201.0,11611.25,132.75,64.25,False,2.4202334630350193,True,2.066147859922179,False,1.8988326848249026,False,1.8988326848249026,22.0,False,7.068181818181818,True,6.034090909090909,False,5.545454545454546,False,5.545454545454546,75-100%
2022-06-27,down,270,305,1,0.2778443113772455,208.75,12014.0,10.75,47.25,True,0.08994708994708994,False,-1.0,False,-1.0,False,-1.0,18.5,True,0.0,False,-1.0,False,-1.0,False,-1.0,25-50%
2022-06-28,down,0,120,1,0.13464991023339318,417.75,11778.5,22.0,34.25,True,0.0,False,-1.0,False,-1.0,False,-1.0,32.75,True,0.0,False,-1.0,False,-1.0,False,-1.0,<25%
2022-06-28,down,0,185,2,0.09982788296041308,435.75,11753.25,14.75,28.75,True,0.1826086956521739,False,-1.0,False,-1.0,False,-1.0,12.25,True,0.0,False,-1.0,False,-1.0,False,-1.0,<25%
2022-06-28,down,0,270,3,0.095311695002576,485.25,11694.5,5.5,40.75,False,0.6625766871165644,True,0.13496932515337423,False,0.5030674846625767,False,0.5030674846625767,36.75,False,0.7346938775510204,True,0.14965986394557823,False,0.5578231292517006,False,0.5578231292517006,<25%
2022-06-28,down,0,325,4,0.06709422792303897,506.75,11674.0,6.5,27.5,False,0.0,False,-0.0,False,-0.0,False,-0.0,27.5,False,0.0,False,-0.0,False,-0.0,False,-0.0,<25%
2022-06-30,up,80,200,1,0.3555389221556886,334.0,11657.0,28.0,90.75,True,0.008264462809917356,False,-1.0,False,-1.0,False,-1.0,22.0,True,0.03409090909090909,False,-1.0,False,-1.0,False,-1.0,25-50%
2022-06-30,up,80,290,2,0.6407185628742516,334.0,11501.75,183.25,30.75,False,3.3495934959349594,False,1.1788617886178863,False,1.1788617886178863,False,1.1788617886178863,26.75,False,3.850467289719626,False,1.355140186915888,False,1.355140186915888,False,1.355140186915888,50-75%
2022-07-01,down,5,30,1,0.4161849710982659,216.25,11441.25,40.25,49.75,True,0.0,False,-1.0,False,-1.0,False,-1.0,19.5,True,0.0,False,-1.0,False,-1.0,False,-1.0,25-50%
2022-07-01,down,5,55,2,0.6023121387283237,216.25,11484.5,83.5,46.75,True,1.2406417112299466,False,-1.0,False,-1.0,False,-1.0,11.25,True,0.0,False,-1.0,False,-1.0,False,-1.0,50-75%
2022-07-01,down,5,260,3,0.8647398843930636,216.25,11562.5,161.5,25.5,True,0.8235294117647058,False,-1.0,False,-1.0,False,-1.0,24.25,True,0.865979381443299,False,-1.0,False,-1.0,False,-1.0,75-100%
2022-07-05,up,5,70,1,0.6435868331441543,220.25,11554.25,55.25,86.5,False,3.0115606936416186,True,0.638728323699422,True,1.2752890173410405,True,1.9118497109826589,57.0,False,4.5701754385964914,True,0.9692982456140351,True,1.9353070175438596,True,2.901315789473684,50-75%
2022-07-05,up,5,175,2,0.0456140350877193,285.0,11666.5,7.75,5.25,True,0.0,False,-1.0,False,-1.0,False,-1.0,5.25,True,0.0,False,-1.0,False,-1.0,False,-1.0,<25%
2022-07-05,up,5,210,3,0.16892430278884463,313.75,11693.5,9.5,43.5,False,2.7873563218390807,True,0.21839080459770116,True,2.021551724137931,False,2.7528735632183907,29.5,True,0.0,False,-1.0,False,-1.0,False,-1.0,<25%
2022-07-05,up,5,275,4,0.12642947903430748,393.5,11778.75,4.0,45.75,True,0.02185792349726776,False,-1.0,False,-1.0,False,-1.0,27.75,True,0.036036036036036036,False,-1.0,False,-1.0,False,-1.0,<25%
2022-07-06,up,240,260,1,0.2067620286085826,192.25,11926.25,19.25,20.5,True,0.6097560975609756,False,-1.0,False,-1.0,False,-1.0,20.5,True,0.6097560975609756,False,-1.0,False,-1.0,False,-1.0,<25%
2022-07-07,up,20,155,1,0.08701298701298701,192.5,12105.5,5.25,11.5,True,0.0,False,-1.0,False,-1.0,False,-1.0,11.5,True,0.0,False,-1.0,False,-1.0,False,-1.0,<25%
2022-07-07,up,20,190,2,0.16493506493506493,192.5,12110.25,0.5,31.25,False,1.864,True,0.016,True,1.556,False,0.824,14.0,False,4.160714285714286,True,0.03571428571428571,True,3.4732142857142856,False,1.8392857142857142,<25%
2022-07-08,up,0,60,1,0.07733619763694952,232.75,12206.0,5.0,13.0,True,0.0,False,-1.0,False,-1.0,False,-1.0,13.0,True,0.0,False,-1.0,False,-1.0,False,-1.0,<25%
2022-07-08,up,0,155,2,0.7411385606874329,232.75,12083.0,128.0,44.5,False,2.404494382022472,False,1.6292134831460674,False,1.6292134831460674,False,1.6292134831460674,36.0,False,2.9722222222222223,False,2.013888888888889,False,2.013888888888889,False,2.013888888888889,50-75%
2022-07-13,up,0,35,1,0.1977401129943503,309.75,11800.75,31.5,29.75,True,0.7310924369747899,False,-1.0,False,-1.0,False,-1.0,24.75,True,0.8787878787878788,False,-1.0,False,-1.0,False,-1.0,<25%
2022-07-13,up,0,80,2,0.4116222760290557,309.75,11749.25,83.0,44.5,False,2.365168539325843,True,1.8651685393258426,False,0.1404494382022472,False,0.1404494382022472,17.5,False,6.014285714285714,True,4.742857142857143,False,0.35714285714285715,False,0.35714285714285715,25-50%
2022-07-13,up,0,160,3,0.10391566265060241,332.0,11848.0,6.5,28.0,True,0.0,False,-1.0,False,-1.0,False,-1.0,28.0,True,0.0,False,-1.0,False,-1.0,False,-1.0,<25%
2022-07-13,up,0,195,4,0.2161144578313253,332.0,11821.5,33.0,38.75,True,0.18064516129032257,False,-1.0,False,-1.0,False,-1.0,17.75,True,0.39436619718309857,False,-1.0,False,-1.0,False,-1.0,<25%
2022-07-13,up,0,245,5,0.3493975903614458,332.0,11827.5,27.0,89.0,False,0.15730337078651685,False,-0.8089887640449438,False,-0.8089887640449438,False,-0.8089887640449438,15.25,True,0.5409836065573771,False,-1.0,False,-1.0,False,-1.0,25-50%
2022-07-14,up,70,85,1,0.19437652811735942,204.5,11701.75,14.0,25.75,True,0.47572815533980584,False,-1.0,False,-1.0,False,-1.0,23.75,True,0.5157894736842106,False,-1.0,False,-1.0,False,-1.0,<25%
2022-07-14,up,70,165,2,0.4621026894865526,204.5,11676.5,39.25,55.25,False,2.8687782805429864,True,0.7104072398190046,True,1.6357466063348416,True,2.5610859728506785,34.0,False,4.661764705882353,True,1.1544117647058822,True,2.6580882352941178,True,4.161764705882353,25-50%
2022-07-14,up,70,265,3,0.16096423017107309,321.5,11804.0,28.75,23.0,True,0.5217391304347826,False,-1.0,False,-1.0,False,-1.0,18.75,True,0.64,False,-1.0,False,-1.0,False,-1.0,<25%
2022-07-14,up,70,290,4,0.18584758942457233,321.5,11820.75,12.0,47.75,True,0.29842931937172773,True,0.2513089005235602,False,-1.0,False,-1.0,29.75,True,0.4789915966386555,True,0.40336134453781514,False,-1.0,False,-1.0,<25%
2022-07-15,up,50,155,1,0.47017543859649125,142.5,11963.25,32.75,34.25,False,1.4598540145985401,True,0.9562043795620438,False,1.3357664233576643,False,1.3357664233576643,10.0,True,0.375,False,-1.0,False,-1.0,False,-1.0,25-50%
2022-07-15,up,50,310,2,0.27335640138408307,144.5,11983.0,15.0,24.5,True,0.08163265306122448,False,-1.0,False,-1.0,False,-1.0,21.25,True,0.09411764705882353,False,-1.0,False,-1.0,False,-1.0,25-50%
2022-07-15,up,50,320,3,0.2820069204152249,144.5,11984.0,14.0,26.75,False,1.0934579439252337,True,0.5233644859813084,False,0.9345794392523364,False,0.9345794392523364,26.75,False,1.0934579439252337,True,0.5233644859813084,False,0.9345794392523364,False,0.9345794392523364,25-50%
2022-07-18,down,180,215,1,0.09278350515463918,218.25,11978.25,10.0,10.25,True,0.0,False,-1.0,False,-1.0,False,-1.0,10.25,True,0.0,False,-1.0,False,-1.0,False,-1.0,<25%
2022-07-18,down,180,235,2,0.21764032073310424,218.25,11977.75,9.5,38.0,False,3.1776315789473686,True,0.25,True,1.6858552631578947,True,3.1217105263157894,24.5,True,0.22448979591836735,False,-1.0,False,-1.0,False,-1.0,<25%
2022-07-18,down,180,295,3,0.17625231910946196,269.5,11918.75,1.75,45.75,False,1.349726775956284,True,0.03825136612021858,False,0.2568306010928962,False,0.2568306010928962,34.5,False,1.789855072463768,True,0.050724637681159424,False,0.34057971014492755,False,0.34057971014492755,<25%
2022-07-19,up,10,25,1,0.10147299509001637,152.75,12143.25,2.5,13.0,False,11.057692307692308,True,0.19230769230769232,True,3.1298076923076925,True,6.0673076923076925,13.0,False,11.057692307692308,True,0.19230769230769232,True,3.1298076923076925,True,6.0673076923076925,<25%
2022-07-19,up,10,110,2,0.21144278606965175,201.0,12187.75,6.25,36.25,False,2.7379310344827585,True,0.1724137931034483,True,1.5586206896551724,False,2.2413793103448274,18.5,False,5.364864864864865,True,0.33783783783783783,True,3.054054054054054,False,4.391891891891892,<25%
2022-07-19,up,10,170,3,0.10982658959537572,216.25,12199.25,10.0,13.75,False,6.381818181818182,True,0.7272727272727273,True,4.659090909090909,False,5.072727272727272,13.75,False,6.381818181818182,True,0.7272727272727273,True,4.659090909090909,False,5.072727272727272,<25%
2022-07-19,up,10,260,4,0.19495213228894692,287.25,12251.25,29.0,27.0,False,1.3240740740740742,True,1.0740740740740742,False,0.6574074074074074,False,0.6574074074074074,21.25,False,1.6823529411764706,True,1.3647058823529412,False,0.8352941176470589,False,0.8352941176470589,<25%
2022-07-20,up,0,55,1,0.21568627450980393,229.5,12468.5,18.5,31.0,True,1.5806451612903225,True,0.5967741935483871,False,-1.0,False,-1.0,24.5,True,2.0,True,0.7551020408163265,False,-1.0,False,-1.0,<25%
2022-07-20,up,0,100,2,0.05096153846153846,260.0,12512.75,4.75,8.5,True,0.0,False,-1.0,False,-1.0,False,-1.0,8.5,True,0.0,False,-1.0,False,-1.0,False,-1.0,<25%
2022-07-20,up,0,105,3,0.09615384615384616,260.0,12514.0,3.5,21.5,True,0.10465116279069768,False,-1.0,False,-1.0,False,-1.0,21.5,True,0.10465116279069768,False,-1.0,False,-1.0,False,-1.0,<25%
2022-07-20,up,0,245,4,0.6134615384615385,260.0,12462.75,54.75,104.75,False,0.36515513126491644,False,0.031026252983293555,False,0.031026252983293555,False,0.031026252983293555,18.5,True,0.0945945945945946,False,-1.0,False,-1.0,False,-1.0,50-75%
2022-07-21,up,90,125,1,0.07373737373737374,247.5,12616.5,4.5,13.75,True,0.0,False,-1.0,False,-1.0,False,-1.0,13.75,True,0.0,False,-1.0,False,-1.0,False,-1.0,<25%
2022-07-21,up,90,190,2,0.30303030303030304,247.5,12587.0,34.0,41.0,False,1.4390243902439024,True,0.8292682926829268,False,1.4146341463414633,False,1.4146341463414633,11.75,True,0.0,False,-1.0,False,-1.0,False,-1.0,25-50%
2022-07-22,down,30,110,1,0.1056768558951965,286.25,12418.0,5.75,24.5,True,0.46938775510204084,True,0.23469387755102042,False,-1.0,False,-1.0,14.5,True,0.0,False,-1.0,False,-1.0,False,-1.0,<25%
2022-07-22,down,30,145,2,0.1738013698630137,292.0,12427.75,21.25,29.5,False,2.847457627118644,True,0.7203389830508474,False,0.11864406779661017,False,0.11864406779661017,19.25,False,4.363636363636363,True,1.103896103896104,False,0.18181818181818182,False,0.18181818181818182,<25%
2022-07-22,down,30,210,3,0.12701908957415564,340.5,12361.0,3.0,40.25,True,0.42857142857142855,True,0.07453416149068323,False,-1.0,False,-1.0,38.0,True,0.45394736842105265,True,0.07894736842105263,False,-1.0,False,-1.0,<25%
2022-07-22,down,30,250,4,0.10923185341789993,354.75,12355.5,11.75,27.0,True,0.14814814814814814,False,-1.0,False,-1.0,False,-1.0,10.25,True,0.0,False,-1.0,False,-1.0,False,-1.0,<25%
2022-07-22,down,30,305,5,0.2452431289640592,354.75,12398.75,55.0,32.0,False,0.6015625,False,-0.796875,False,-0.796875,False,-0.796875,12.75,True,0.0,False,-1.0,False,-1.0,False,-1.0,<25%
2022-07-25,down,270,300,1,0.2056338028169014,177.5,12274.75,8.25,28.25,True,0.0,False,-1.0,False,-1.0,False,-1.0,15.25,True,0.0,False,-1.0,False,-1.0,False,-1.0,<25%
2022-07-26,down,0,50,1,0.2541436464088398,135.75,12166.0,10.5,24.0,False,3.8020833333333335,True,0.4375,True,1.8515625,True,3.265625,16.0,False,5.703125,True,0.65625,True,2.77734375,True,4.8984375,25-50%
2022-07-26,down,0,75,2,0.10648148148148148,162.0,12130.75,1.5,15.75,True,1.5714285714285714,True,0.09523809523809523,False,-1.0,False,-1.0,14.25,True,1.736842105263158,True,0.10526315789473684,False,-1.0,False,-1.0,<25%
2022-07-26,down,0,85,3,0.09190672153635117,182.25,12113.25,4.25,12.5,True,0.58,True,0.34,False,-1.0,False,-1.0,12.5,True,0.58,True,0.34,False,-1.0,False,-1.0,<25%
2022-07-26,down,0,225,4,0.31039136302294196,185.25,12111.25,5.25,52.25,False,0.6985645933014354,True,0.10047846889952153,False,0.019138755980861243,False,0.019138755980861243,17.5,True,2.085714285714286,True,0.3,False,-1.0,False,-1.0,25-50%
2022-07-26,down,0,310,5,0.1951501154734411,216.5,12098.0,23.25,19.0,True,0.7368421052631579,False,-1.0,False,-1.0,False,-1.0,19.0,True,0.7368421052631579,False,-1.0,False,-1.0,False,-1.0,<25%
2022-07-27,up,30,75,1,0.24963715529753266,172.25,12433.25,15.5,27.5,True,2.0272727272727273,True,0.5636363636363636,False,-1.0,False,-1.0,9.75,True,4.230769230769231,True,1.5897435897435896,False,-1.0,False,-1.0,<25%
2022-07-27,up,30,180,2,0.29545454545454547,198.0,12442.0,32.5,26.0,True,1.8076923076923077,True,1.25,False,-1.0,False,-1.0,9.0,True,0.0,False,-1.0,False,-1.0,False,-1.0,25-50%
2022-07-28,up,55,110,1,0.2467005076142132,246.25,12666.0,29.25,31.5,True,0.42857142857142855,False,-1.0,False,-1.0,False,-1.0,31.5,True,0.42857142857142855,False,-1.0,False,-1.0,False,-1.0,<25%
2022-07-28,up,55,170,2,0.2893401015228426,246.25,12679.0,16.25,55.0,False,1.5545454545454545,True,0.29545454545454547,True,1.4147727272727273,False,1.0863636363636364,15.0,False,5.7,True,1.0833333333333333,True,5.1875,False,3.9833333333333334,25-50%
2022-07-28,up,55,195,3,0.06516072980017376,287.75,12729.75,7.0,11.75,True,0.7446808510638298,True,0.5957446808510638,False,-1.0,False,-1.0,11.75,True,0.7446808510638298,True,0.5957446808510638,False,-1.0,False,-1.0,<25%
2022-07-28,up,55,290,4,0.11885895404120443,315.5,12748.75,15.75,21.75,True,0.05747126436781609,False,-1.0,False,-1.0,False,-1.0,10.0,True,0.0,False,-1.0,False,-1.0,False,-1.0,<25%
2022-07-29,up,200,265,1,0.11991199119911991,227.25,12959.0,12.5,14.75,False,3.593220338983051,True,0.847457627118644,False,0.8813559322033898,False,0.8813559322033898,11.25,False,4.711111111111111,True,1.1111111111111112,False,1.1555555555555554,False,1.1555555555555554,<25%
2022-08-01,up,15,75,1,0.30739299610894943,257.0,13087.0,21.75,57.25,True,0.09606986899563319,False,-1.0,False,-1.0,False,-1.0,26.0,True,0.21153846153846154,False,-1.0,False,-1.0,False,-1.0,25-50%
2022-08-01,up,15,220,2,0.8219844357976653,257.0,12953.25,155.5,55.75,False,0.852017937219731,False,0.17488789237668162,False,0.17488789237668162,False,0.17488789237668162,32.5,False,1.4615384615384615,False,0.3,False,0.3,False,0.3,75-100%
2022-08-02,up,20,65,1,0.4413793103448276,181.25,12976.5,24.75,55.25,True,2.180995475113122,True,0.4479638009049774,True,1.2680995475113122,True,2.088235294117647,33.5,True,3.5970149253731343,True,0.7388059701492538,True,2.091417910447761,True,3.4440298507462686,25-50%
2022-08-02,up,20,205,2,0.6994584837545126,277.0,12931.25,165.75,28.0,False,2.4732142857142856,False,-0.3125,False,-0.3125,False,-0.3125,11.75,True,0.0,False,-1.0,False,-1.0,False,-1.0,50-75%
2022-08-03,up,40,50,1,0.12148337595907928,195.5,13181.25,3.75,20.0,False,6.45,True,0.1875,True,2.63125,True,5.075,17.75,False,7.267605633802817,True,0.2112676056338028,True,2.964788732394366,True,5.71830985915493,<25%
2022-08-03,up,40,150,2,0.07752613240418119,287.0,13272.75,3.75,18.5,True,0.3108108108108108,True,0.20270270270270271,False,-1.0,False,-1.0,15.75,True,0.36507936507936506,True,0.23809523809523808,False,-1.0,False,-1.0,<25%
2022-08-03,up,40,200,3,0.11072664359861592,289.0,13274.5,4.0,28.0,False,1.2767857142857142,True,0.14285714285714285,False,-0.08035714285714286,False,-0.08035714285714286,8.25,True,0.0,False,-1.0,False,-1.0,False,-1.0,<25%
2022-08-03,up,40,270,4,0.10848287112561175,306.5,13292.0,4.0,29.25,False,0.6239316239316239,True,0.13675213675213677,False,-0.6752136752136753,False,-0.6752136752136753,22.75,True,0.23076923076923078,True,0.17582417582417584,False,-1.0,False,-1.0,<25%
2022-08-04,down,0,130,1,0.8379254457050244,154.25,13283.75,99.0,30.25,True,1.3305785123966942,False,-1.0,False,-1.0,False,-1.0,12.75,True,3.156862745098039,False,-1.0,False,-1.0,False,-1.0,75-100%
2022-08-05,down,55,120,1,0.38666666666666666,225.0,13142.25,57.25,29.75,True,0.33613445378151263,False,-1.0,False,-1.0,False,-1.0,26.75,True,0.37383177570093457,False,-1.0,False,-1.0,False,-1.0,25-50%
2022-08-05,down,55,195,2,0.6977777777777778,225.0,13205.25,120.25,36.75,False,1.6258503401360545,False,-0.5714285714285714,False,-0.5714285714285714,False,-0.5714285714285714,18.75,True,3.1866666666666665,False,-1.0,False,-1.0,False,-1.0,50-75%
2022-08-08,down,70,185,1,0.28393881453154873,261.5,13180.25,22.5,51.75,False,1.1545893719806763,True,0.43478260869565216,False,-0.028985507246376812,False,-0.028985507246376812,17.5,True,0.0,False,-1.0,False,-1.0,False,-1.0,25-50%
2022-08-08,down,70,230,2,0.13991031390134528,278.75,13153.25,12.75,26.25,True,1.2476190476190476,True,0.4857142857142857,False,-1.0,False,-1.0,12.25,True,0.0,False,-1.0,False,-1.0,False,-1.0,<25%
2022-08-08,down,70,285,3,0.14058577405857742,298.75,13147.5,27.0,15.0,True,0.0,False,-1.0,False,-1.0,False,-1.0,12.75,True,0.0,False,-1.0,False,-1.0,False,-1.0,<25%
2022-08-10,up,30,75,1,0.3482758620689655,145.0,13370.0,12.75,37.75,True,0.4966887417218543,True,0.33774834437086093,False,-1.0,False,-1.0,13.25,True,1.4150943396226414,True,0.9622641509433962,False,-1.0,False,-1.0,25-50%
2022-08-10,up,30,195,2,0.478476821192053,151.0,13382.5,6.25,66.0,False,0.38636363636363635,True,0.0946969696969697,False,0.16666666666666666,False,0.16666666666666666,20.5,True,0.5,True,0.3048780487804878,False,-1.0,False,-1.0,25-50%
2022-08-10,up,30,280,3,0.38870967741935486,155.0,13358.25,34.5,25.75,False,1.9320388349514563,True,1.3398058252427185,False,1.3689320388349515,False,1.3689320388349515,14.75,False,3.3728813559322033,True,2.3389830508474576,False,2.389830508474576,False,2.389830508474576,25-50%
2022-08-11,down,35,95,1,0.20843091334894615,213.5,13383.75,22.25,22.25,True,0.47191011235955055,False,-1.0,False,-1.0,False,-1.0,15.0,True,0.6666666666666666,False,-1.0,False,-1.0,False,-1.0,<25%
2022-08-11,down,35,200,2,0.3793911007025761,213.5,13393.5,32.0,49.0,False,2.2142857142857144,True,0.6530612244897959,True,1.7423469387755102,False,1.5510204081632653,16.25,False,6.676923076923077,True,1.9692307692307693,True,5.253846153846154,False,4.676923076923077,25-50%
2022-08-11,down,35,305,3,0.15867480383609417,286.75,13307.25,19.0,26.5,False,0.839622641509434,True,0.7169811320754716,False,-0.3867924528301887,False,-0.3867924528301887,21.75,False,1.0229885057471264,True,0.8735632183908046,False,-0.47126436781609193,False,-0.47126436781609193,<25%
2022-08-12,up,45,60,1,0.13682092555331993,124.25,13474.5,9.0,8.0,True,1.875,True,1.125,False,-1.0,False,-1.0,8.0,True,1.875,True,1.125,False,-1.0,False,-1.0,<25%
2022-08-12,up,45,90,2,0.2763915547024952,130.25,13474.0,15.5,20.5,False,5.329268292682927,True,0.7560975609756098,True,2.3445121951219514,True,3.932926829268293,20.5,False,5.329268292682927,True,0.7560975609756098,True,2.3445121951219514,True,3.932926829268293,25-50%
2022-08-12,up,45,155,3,0.16903914590747332,140.5,13495.25,4.5,19.25,False,4.571428571428571,True,0.23376623376623376,True,2.0584415584415585,True,3.883116883116883,14.75,False,5.966101694915254,True,0.3050847457627119,True,2.6864406779661016,True,5.067796610169491,<25%
2022-08-12,up,45,175,4,0.047377326565143825,147.75,13503.25,3.75,3.25,True,0.0,False,-1.0,False,-1.0,False,-1.0,3.25,True,0.0,False,-1.0,False,-1.0,False,-1.0,<25%
2022-08-12,up,45,230,5,0.04692556634304207,154.5,13511.75,2.0,5.25,False,13.619047619047619,True,0.38095238095238093,True,7.738095238095238,False,12.904761904761905,5.25,False,13.619047619047619,True,0.38095238095238093,True,7.738095238095238,False,12.904761904761905,<25%
2022-08-15,up,70,115,1,0.20703125,128.0,13654.25,8.0,18.5,False,2.7972972972972974,True,0.43243243243243246,True,2.1621621621621623,False,1.6756756756756757,10.75,True,2.186046511627907,True,0.7441860465116279,False,-1.0,False,-1.0,<25%
2022-08-15,up,70,240,2,0.25609756097560976,143.5,13664.25,13.5,23.25,False,1.7956989247311828,True,0.5806451612903226,False,0.9032258064516129,False,0.9032258064516129,16.5,False,2.5303030303030303,True,0.8181818181818182,False,1.2727272727272727,False,1.2727272727272727,25-50%
2022-08-16,up,80,150,1,0.326625386996904,161.5,13658.0,26.25,26.5,True,3.1226415094339623,True,0.9905660377358491,True,2.5141509433962264,False,-1.0,11.75,True,7.042553191489362,True,2.234042553191489,True,5.670212765957447,False,-1.0,25-50%
2022-08-17,up,220,240,1,0.34993446920052423,190.75,13585.0,12.0,54.75,True,0.5662100456621004,True,0.2191780821917808,False,-1.0,False,-1.0,17.75,True,1.7464788732394365,True,0.676056338028169,False,-1.0,False,-1.0,25-50%
2022-08-18,up,10,40,1,0.42247191011235957,111.25,13532.25,1.5,45.5,True,0.9505494505494505,True,0.03296703296703297,True,0.6442307692307693,False,-1.0,25.0,True,1.73,True,0.06,True,1.1725,False,-1.0,25-50%
2022-08-18,up,10,75,2,0.1567291311754685,146.75,13561.0,8.25,14.75,True,0.9830508474576272,True,0.559322033898305,False,-1.0,False,-1.0,10.25,True,1.4146341463414633,True,0.8048780487804879,False,-1.0,False,-1.0,<25%
2022-08-18,up,10,90,3,0.19607843137254902,153.0,13564.5,11.0,19.0,True,0.21052631578947367,False,-1.0,False,-1.0,False,-1.0,19.0,True,0.21052631578947367,False,-1.0,False,-1.0,False,-1.0,<25%
2022-08-18,up,10,155,4,0.5996732026143791,153.0,13535.0,40.5,51.25,False,0.7365853658536585,False,-0.12195121951219512,False,-0.12195121951219512,False,-0.12195121951219512,32.25,False,1.1705426356589148,False,-0.1937984496124031,False,-0.1937984496124031,False,-0.1937984496124031,50-75%
2022-08-19,down,20,160,1,0.36401673640167365,179.25,13281.0,35.0,30.25,False,1.7272727272727273,True,1.1570247933884297,False,0.5867768595041323,False,0.5867768595041323,15.0,False,3.4833333333333334,True,2.3333333333333335,False,1.1833333333333333,False,1.1833333333333333,25-50%
2022-08-19,down,20,185,2,0.08846153846153847,195.0,13243.0,12.75,4.5,True,0.0,False,-1.0,False,-1.0,False,-1.0,4.5,True,0.0,False,-1.0,False,-1.0,False,-1.0,<25%
2022-08-19,down,20,270,3,0.25769230769230766,195.0,13238.5,8.25,42.0,True,0.23214285714285715,True,0.19642857142857142,False,-1.0,False,-1.0,15.5,True,0.6290322580645161,True,0.532258064516129,False,-1.0,False,-1.0,25-50%
2022-08-19,down,20,320,4,0.2989821882951654,196.5,13266.5,37.75,21.0,False,0.27380952380952384,False,0.15476190476190477,False,0.15476190476190477,False,0.15476190476190477,21.0,False,0.27380952380952384,False,0.15476190476190477,False,0.15476190476190477,False,0.15476190476190477,25-50%
2022-08-22,down,25,55,1,0.2227891156462585,147.0,12955.5,10.25,22.5,True,0.4,False,-1.0,False,-1.0,False,-1.0,14.0,True,0.0,False,-1.0,False,-1.0,False,-1.0,<25%
2022-08-22,down,25,150,2,0.3826530612244898,147.0,12959.25,14.0,42.25,False,2.0059171597633134,True,0.33136094674556216,True,1.2011834319526626,False,1.017751479289941,21.0,False,4.035714285714286,True,0.6666666666666666,True,2.4166666666666665,False,2.0476190476190474,25-50%
2022-08-22,down,25,300,3,0.19754601226993865,203.75,12893.5,5.0,35.25,False,0.5390070921985816,True,0.14184397163120568,False,-0.6453900709219859,False,-0.6453900709219859,17.25,True,0.0,False,-1.0,False,-1.0,False,-1.0,<25%
2022-08-24,up,40,50,1,0.13454545454545455,137.5,12980.75,8.25,10.25,True,1.3414634146341464,True,0.8048780487804879,False,-1.0,False,-1.0,10.25,True,1.3414634146341464,True,0.8048780487804879,False,-1.0,False,-1.0,<25%
2022-08-24,up,40,285,2,0.6322378716744914,159.75,12964.25,47.0,54.0,False,0.13425925925925927,False,-0.5555555555555556,False,-0.5555555555555556,False,-0.5555555555555556,11.75,True,0.0425531914893617,False,-1.0,False,-1.0,False,-1.0,50-75%
2022-08-25,up,5,15,1,0.10897435897435898,156.0,13111.5,6.5,10.5,True,0.0,False,-1.0,False,-1.0,False,-1.0,10.5,True,0.0,False,-1.0,False,-1.0,False,-1.0,<25%
2022-08-25,up,5,165,2,0.7740384615384616,156.0,13044.0,74.0,46.75,False,2.513368983957219,True,1.5828877005347595,True,2.4171122994652405,False,2.4598930481283423,15.25,False,7.704918032786885,True,4.852459016393443,True,7.409836065573771,False,7.540983606557377,75-100%
2022-08-26,down,0,90,1,0.1598336304218657,420.75,12783.0,5.25,62.0,False,2.689516129032258,True,0.0846774193548387,True,1.78125,False,2.6451612903225805,31.5,True,0.7619047619047619,True,0.16666666666666666,False,-1.0,False,-1.0,<25%
2022-08-26,down,0,120,2,0.051763367463026164,439.5,12765.75,6.75,16.0,True,0.25,False,-1.0,False,-1.0,False,-1.0,16.0,True,0.25,False,-1.0,False,-1.0,False,-1.0,<25%
2022-08-26,down,0,165,3,0.13765642775881684,439.5,12780.75,21.75,38.75,False,4.245161290322581,True,0.5612903225806452,True,3.3967741935483873,False,4.174193548387096,20.25,False,8.123456790123457,True,1.0740740740740742,True,6.5,False,7.987654320987654,<25%
2022-08-26,down,0,195,4,0.024834437086092714,453.0,12751.75,6.25,5.0,False,27.1,True,1.25,True,23.9,False,26.55,5.0,False,27.1,True,1.25,True,23.9,False,26.55,<25%
2022-08-26,down,0,210,5,0.0372369131138694,463.25,12741.5,6.25,11.0,False,11.386363636363637,True,0.5681818181818182,True,11.096590909090908,False,11.136363636363637,11.0,False,11.386363636363637,True,0.5681818181818182,True,11.096590909090908,False,11.136363636363637,<25%
2022-08-26,down,0,250,6,0.049515058703420115,489.75,12712.75,4.0,20.25,False,4.765432098765432,True,0.19753086419753085,False,4.62962962962963,False,4.62962962962963,9.5,True,0.0,False,-1.0,False,-1.0,False,-1.0,<25%
2022-08-29,down,20,70,1,0.4583333333333333,162.0,12458.75,10.5,63.75,True,0.00784313725490196,False,-1.0,False,-1.0,False,-1.0,35.5,True,0.0,False,-1.0,False,-1.0,False,-1.0,25-50%
2022-08-29,down,20,110,2,0.7222222222222222,162.0,12535.75,87.5,29.5,True,1.2372881355932204,False,-1.0,False,-1.0,False,-1.0,18.0,True,2.0277777777777777,False,-1.0,False,-1.0,False,-1.0,50-75%
2022-08-29,down,20,165,3,0.875,162.0,12547.5,99.25,42.5,True,0.25882352941176473,False,-1.0,False,-1.0,False,-1.0,23.75,True,0.4631578947368421,False,-1.0,False,-1.0,False,-1.0,75-100%
2022-08-29,down,20,210,4,0.9737654320987654,162.0,12559.25,111.0,46.75,False,1.5561497326203209,False,1.3796791443850267,False,1.3796791443850267,False,1.3796791443850267,16.5,True,2.257575757575758,False,-1.0,False,-1.0,False,-1.0,75-100%
2022-08-30,down,0,75,1,0.3522012578616352,318.0,12321.5,52.25,59.75,True,0.0502092050209205,False,-1.0,False,-1.0,False,-1.0,21.75,True,0.0,False,-1.0,False,-1.0,False,-1.0,25-50%
2022-08-30,down,0,120,2,0.3977987421383648,318.0,12315.0,45.75,80.75,False,0.8359133126934984,True,0.56656346749226,False,-0.47678018575851394,False,-0.47678018575851394,32.75,True,2.0610687022900764,True,1.3969465648854962,False,-1.0,False,-1.0,25-50%
2022-08-30,down,0,225,3,0.22663723325974983,339.75,12306.0,58.5,18.5,True,1.364864864864865,False,-1.0,False,-1.0,False,-1.0,18.0,True,1.4027777777777777,False,-1.0,False,-1.0,False,-1.0,<25%
2022-08-31,down,5,25,1,0.43390357698289267,160.75,12362.0,9.75,60.0,False,1.4291666666666667,True,0.1625,True,0.8322916666666667,False,1.3416666666666666,19.75,True,3.088607594936709,True,0.4936708860759494,True,2.528481012658228,False,-1.0,25-50%
2022-08-31,down,5,40,2,0.12028301886792453,212.0,12318.75,17.75,7.75,True,0.0,False,-1.0,False,-1.0,False,-1.0,7.75,True,0.0,False,-1.0,False,-1.0,False,-1.0,<25%
2022-08-31,down,5,110,3,0.49056603773584906,212.0,12358.5,57.5,46.5,False,1.7688172043010753,True,1.2365591397849462,False,1.6559139784946237,False,1.6559139784946237,18.0,True,0.125,False,-1.0,False,-1.0,False,-1.0,25-50%
2022-08-31,down,5,195,4,0.1054945054945055,227.5,12294.0,8.5,15.5,True,0.0,False,-1.0,False,-1.0,False,-1.0,15.5,True,0.0,False,-1.0,False,-1.0,False,-1.0,<25%
2022-08-31,down,5,245,5,0.25824175824175827,227.5,12291.25,5.75,53.0,True,0.2830188679245283,True,0.10849056603773585,False,-1.0,False,-1.0,12.5,True,1.2,True,0.46,False,-1.0,False,-1.0,25-50%
2022-08-31,down,5,320,6,0.46884899683210135,236.75,12323.75,47.5,63.5,False,0.6889763779527559,False,0.6653543307086615,False,0.6653543307086615,False,0.6653543307086615,46.25,False,0.9459459459459459,False,0.9135135135135135,False,0.9135135135135135,False,0.9135135135135135,25-50%
2022-09-01,up,275,320,1,0.2978723404255319,235.0,12251.75,1.0,69.0,False,0.6920289855072463,True,0.014492753623188406,False,0.4855072463768116,False,0.4855072463768116,47.5,False,1.0052631578947369,True,0.021052631578947368,False,0.7052631578947368,False,0.7052631578947368,25-50%
2022-09-01,down,10,110,1,0.2947103274559194,198.5,12058.25,32.75,25.75,True,1.5728155339805825,True,1.2718446601941749,False,-1.0,False,-1.0,12.0,True,0.0,False,-1.0,False,-1.0,False,-1.0,25-50%
2022-09-01,down,10,200,2,0.5296969696969697,206.25,12078.5,60.75,48.5,True,0.13402061855670103,False,-1.0,False,-1.0,False,-1.0,13.0,True,0.25,False,-1.0,False,-1.0,False,-1.0,50-75%
2022-09-02,down,125,155,1,0.12435233160621761,289.5,12187.75,15.75,20.25,True,0.49382716049382713,False,-1.0,False,-1.0,False,-1.0,20.25,True,0.49382716049382713,False,-1.0,False,-1.0,False,-1.0,<25%
2022-09-02,down,125,260,2,0.19407894736842105,380.0,12124.25,42.75,31.0,True,0.7580645161290323,False,-1.0,False,-1.0,False,-1.0,15.75,True,1.492063492063492,False,-1.0,False,-1.0,False,-1.0,<25%
2022-09-02,down,125,290,3,0.20394736842105263,380.0,12093.5,12.0,65.5,False,0.8129770992366412,True,0.183206106870229,False,-0.25572519083969464,False,-0.25572519083969464,52.75,False,1.009478672985782,True,0.22748815165876776,False,-0.3175355450236967,False,-0.3175355450236967,<25%
2022-09-07,up,40,75,1,0.340080971659919,123.5,12141.5,11.5,30.5,True,0.6721311475409836,True,0.3770491803278688,False,-1.0,False,-1.0,24.0,True,0.8541666666666666,True,0.4791666666666667,False,-1.0,False,-1.0,25-50%
2022-09-07,up,40,135,2,0.11591695501730104,144.5,12164.75,9.25,7.5,True,0.0,False,-1.0,False,-1.0,False,-1.0,7.5,True,0.0,False,-1.0,False,-1.0,False,-1.0,<25%
2022-09-07,up,40,240,3,0.2108167770419426,226.5,12254.75,1.25,46.5,False,1.10752688172043,True,0.026881720430107527,False,0.15591397849462366,False,0.15591397849462366,22.5,False,2.2888888888888888,True,0.05555555555555555,False,0.32222222222222224,False,0.32222222222222224,<25%
2022-09-07,up,40,255,4,0.059670781893004114,243.0,12268.5,4.0,10.5,True,0.0,False,-1.0,False,-1.0,False,-1.0,10.5,True,0.0,False,-1.0,False,-1.0,False,-1.0,<25%
2022-09-07,up,40,270,5,0.06686626746506986,250.5,12277.75,2.25,14.5,True,1.9655172413793103,True,0.15517241379310345,False,-1.0,False,-1.0,14.5,True,1.9655172413793103,True,0.15517241379310345,False,-1.0,False,-1.0,<25%
2022-09-08,up,5,20,1,0.14814814814814814,209.25,12313.75,11.25,19.75,True,3.329113924050633,True,0.569620253164557,True,3.2183544303797467,False,-1.0,19.75,True,3.329113924050633,True,0.569620253164557,True,3.2183544303797467,False,-1.0,<25%
2022-09-09,up,5,55,1,0.3122977346278317,154.5,12558.75,11.25,37.0,True,0.5878378378378378,True,0.30405405405405406,False,-1.0,False,-1.0,14.75,True,1.4745762711864407,True,0.7627118644067796,False,-1.0,False,-1.0,25-50%
2022-09-09,up,5,120,2,0.42424242424242425,165.0,12543.25,37.25,32.75,False,2.1526717557251906,True,1.1374045801526718,False,1.4198473282442747,False,1.4198473282442747,21.75,False,3.2413793103448274,True,1.7126436781609196,False,2.1379310344827585,False,2.1379310344827585,25-50%
2022-09-09,up,5,220,3,0.22631578947368422,190.0,12587.5,18.0,25.0,True,0.47,False,-1.0,False,-1.0,False,-1.0,20.75,True,0.5662650602409639,False,-1.0,False,-1.0,False,-1.0,<25%
2022-09-09,up,5,265,4,0.24473684210526317,190.0,12577.75,27.75,18.75,False,1.92,True,1.48,False,0.64,False,0.64,13.0,False,2.769230769230769,True,2.1346153846153846,False,0.9230769230769231,False,0.9230769230769231,<25%
2022-09-13,down,5,30,1,0.1235565819861432,216.5,12302.75,10.75,16.0,True,2.515625,True,0.671875,False,-1.0,False,-1.0,16.0,True,2.515625,True,0.671875,False,-1.0,False,-1.0,<25%
2022-09-13,down,5,200,2,0.3018292682926829,246.0,12295.75,33.25,41.0,False,5.2073170731707314,True,0.8109756097560976,True,2.3109756097560976,True,3.8109756097560976,21.0,False,10.166666666666666,True,1.5833333333333333,True,4.511904761904762,True,7.440476190476191,25-50%
2022-09-13,down,5,270,3,0.05185185185185185,303.75,12206.0,1.25,14.5,False,8.53448275862069,True,0.08620689655172414,True,5.323275862068965,False,5.948275862068965,14.5,False,8.53448275862069,True,0.08620689655172414,True,5.323275862068965,False,5.948275862068965,<25%
2022-09-13,down,5,310,4,0.08283671036948749,419.5,12105.75,16.75,18.0,True,1.3055555555555556,True,0.9305555555555556,False,-1.0,False,-1.0,18.0,True,1.3055555555555556,True,0.9305555555555556,False,-1.0,False,-1.0,<25%
2022-09-14,up,20,130,1,0.4608150470219436,159.5,12236.25,16.75,56.75,True,0.19383259911894274,False,-1.0,False,-1.0,False,-1.0,21.5,True,0.45348837209302323,False,-1.0,False,-1.0,False,-1.0,25-50%
2022-09-14,up,20,240,2,0.8463949843260188,159.5,12169.5,83.5,51.5,True,0.18932038834951456,False,-1.0,False,-1.0,False,-1.0,20.25,True,0.48148148148148145,False,-1.0,False,-1.0,False,-1.0,75-100%
2022-09-15,down,0,35,1,0.12380952380952381,236.25,12009.25,11.5,17.75,True,1.1971830985915493,True,0.647887323943662,False,-1.0,False,-1.0,17.75,True,1.1971830985915493,True,0.647887323943662,False,-1.0,False,-1.0,<25%
2022-09-15,down,0,75,2,0.3394308943089431,246.0,12048.75,60.75,22.75,True,2.241758241758242,False,-1.0,False,-1.0,False,-1.0,19.0,True,2.6842105263157894,False,-1.0,False,-1.0,False,-1.0,25-50%
2022-09-15,down,0,185,3,0.6615853658536586,246.0,12111.5,123.5,39.25,False,4.43312101910828,True,3.1464968152866244,False,2.732484076433121,False,2.732484076433121,17.75,False,9.80281690140845,True,6.957746478873239,False,6.042253521126761,False,6.042253521126761,50-75%
2022-09-16,up,0,45,1,0.8252788104089219,134.5,11849.5,67.0,44.0,True,0.005681818181818182,False,-1.0,False,-1.0,False,-1.0,40.25,True,0.006211180124223602,False,-1.0,False,-1.0,False,-1.0,75-100%
2022-09-16,up,0,80,2,0.9107806691449815,134.5,11844.5,72.0,50.5,True,0.44554455445544555,False,-1.0,False,-1.0,False,-1.0,25.5,True,0.8823529411764706,False,-1.0,False,-1.0,False,-1.0,75-100%
2022-09-19,up,5,125,1,0.7972350230414746,162.75,11920.75,57.75,72.0,False,1.5277777777777777,True,0.8020833333333334,True,1.3671875,False,1.4756944444444444,25.5,False,4.313725490196078,True,2.264705882352941,True,3.860294117647059,False,4.166666666666667,75-100%
2022-09-19,up,5,320,2,0.19534883720930232,215.0,12020.0,10.75,31.25,False,0.28,False,0.224,False,0.224,False,0.224,31.25,False,0.28,False,0.224,False,0.224,False,0.224,<25%
2022-09-20,up,20,25,1,0.2721518987341772,79.0,11957.75,8.25,13.25,True,0.0,False,-1.0,False,-1.0,False,-1.0,13.25,True,0.0,False,-1.0,False,-1.0,False,-1.0,25-50%
2022-09-20,down,175,195,1,0.17979197622585438,168.25,11859.75,4.75,25.5,True,1.2352941176470589,True,0.18627450980392157,False,-1.0,False,-1.0,25.5,True,1.2352941176470589,True,0.18627450980392157,False,-1.0,False,-1.0,<25%
2022-09-20,down,175,240,2,0.35,195.0,11858.5,30.25,38.0,True,0.3026315789473684,False,-1.0,False,-1.0,False,-1.0,23.5,True,0.48936170212765956,False,-1.0,False,-1.0,False,-1.0,25-50%
2022-09-20,down,175,325,3,0.7243589743589743,195.0,11925.5,97.25,44.0,False,0.0,False,-0.0,False,-0.0,False,-0.0,7.5,False,0.0,False,-0.0,False,-0.0,False,-0.0,50-75%
2022-09-21,up,120,135,1,0.2777777777777778,72.0,12005.0,5.0,15.0,True,0.0,False,-1.0,False,-1.0,False,-1.0,15.0,True,0.0,False,-1.0,False,-1.0,False,-1.0,25-50%
2022-09-21,up,120,180,2,0.6284722222222222,72.0,11991.75,18.25,27.0,True,2.638888888888889,True,0.6759259259259259,True,1.3425925925925926,True,2.009259259259259,12.75,True,5.588235294117647,True,1.4313725490196079,True,2.843137254901961,True,4.254901960784314,50-75%
2022-09-22,down,20,40,1,0.226890756302521,148.75,11537.75,4.25,29.5,True,0.940677966101695,True,0.1440677966101695,False,-1.0,False,-1.0,22.75,True,1.2197802197802199,True,0.18681318681318682,False,-1.0,False,-1.0,<25%
2022-09-22,down,20,150,2,0.579100145137881,172.25,11566.5,56.5,43.25,True,1.0404624277456647,False,-1.0,False,-1.0,False,-1.0,21.25,True,1.423529411764706,False,-1.0,False,-1.0,False,-1.0,50-75%
2022-09-23,down,95,100,1,0.1094017094017094,146.25,11334.5,9.75,6.25,True,0.0,False,-1.0,False,-1.0,False,-1.0,6.25,True,0.0,False,-1.0,False,-1.0,False,-1.0,<25%
2022-09-23,down,95,155,2,0.4302158273381295,173.75,11347.5,50.25,24.5,True,4.836734693877551,True,2.0510204081632653,True,3.8239795918367347,False,-1.0,15.75,True,0.0,False,-1.0,False,-1.0,False,-1.0,25-50%
2022-09-26,down,115,160,1,0.33223684210526316,228.0,11314.25,4.5,71.25,True,0.2982456140350877,True,0.06315789473684211,False,-1.0,False,-1.0,24.75,True,0.08080808080808081,False,-1.0,False,-1.0,False,-1.0,25-50%
2022-09-26,down,115,180,2,0.19263157894736843,237.5,11314.25,14.0,31.75,True,0.2677165354330709,False,-1.0,False,-1.0,False,-1.0,31.75,True,0.2677165354330709,False,-1.0,False,-1.0,False,-1.0,<25%
2022-09-26,down,115,280,3,0.46578140960163433,244.75,11379.75,86.75,27.25,True,1.853211009174312,False,-1.0,False,-1.0,False,-1.0,26.5,True,1.9056603773584906,False,-1.0,False,-1.0,False,-1.0,25-50%
2022-09-27,down,55,150,1,0.2337565347274085,334.75,11261.25,27.75,50.5,True,0.3811881188118812,False,-1.0,False,-1.0,False,-1.0,39.75,True,0.48427672955974843,False,-1.0,False,-1.0,False,-1.0,<25%
2022-09-28,up,15,45,1,0.29429429429429427,166.5,11425.25,7.25,41.75,False,4.508982035928144,True,0.17365269461077845,True,1.1706586826347305,True,2.1676646706586826,19.0,False,9.907894736842104,True,0.3815789473684211,True,2.5723684210526314,True,4.7631578947368425,25-50%
2022-09-28,up,15,130,2,0.23809523809523808,246.75,11481.5,31.25,27.5,False,4.8,True,1.1363636363636365,True,3.3795454545454544,False,2.6272727272727274,26.5,False,4.981132075471698,True,1.179245283018868,True,3.5070754716981134,False,2.7264150943396226,<25%
2022-09-29,down,200,260,1,0.21882542236524538,310.75,11111.25,19.75,48.25,True,0.12953367875647667,False,-1.0,False,-1.0,False,-1.0,22.0,True,0.23863636363636365,False,-1.0,False,-1.0,False,-1.0,<25%
2022-09-30,up,0,120,1,0.7362893815635939,214.25,11235.75,121.5,36.25,True,0.7379310344827587,False,-1.0,False,-1.0,False,-1.0,14.5,True,1.8448275862068966,False,-1.0,False,-1.0,False,-1.0,50-75%
2022-09-30,up,0,220,2,0.9824970828471412,214.25,11174.0,183.25,27.25,True,0.6513761467889908,False,-1.0,False,-1.0,False,-1.0,8.25,True,2.1515151515151514,False,-1.0,False,-1.0,False,-1.0,75-100%
2022-09-30,down,250,260,1,0.10102040816326531,245.0,11125.5,13.25,11.5,True,1.7173913043478262,True,1.1521739130434783,False,-1.0,False,-1.0,11.5,True,1.7173913043478262,True,1.1521739130434783,False,-1.0,False,-1.0,<25%
2022-09-30,down,250,300,2,0.22356215213358072,269.5,11107.5,19.75,40.5,False,2.0555555555555554,True,0.4876543209876543,False,1.9074074074074074,False,1.9074074074074074,40.5,False,2.0555555555555554,True,0.4876543209876543,False,1.9074074074074074,False,1.9074074074074074,<25%
2022-10-03,up,10,55,1,0.1588310038119441,196.75,11225.75,10.75,20.5,True,0.3780487804878049,False,-1.0,False,-1.0,False,-1.0,20.5,True,0.3780487804878049,False,-1.0,False,-1.0,False,-1.0,<25%
2022-10-03,up,10,90,2,0.397712833545108,196.75,11194.5,42.0,36.25,False,4.517241379310345,True,1.1586206896551725,True,2.5155172413793103,True,3.872413793103448,20.25,True,1.3950617283950617,False,-1.0,False,-1.0,False,-1.0,25-50%
2022-10-03,up,10,275,3,0.08241758241758242,318.5,11353.75,4.5,21.75,True,0.022988505747126436,False,-1.0,False,-1.0,False,-1.0,14.5,True,0.0,False,-1.0,False,-1.0,False,-1.0,<25%
2022-10-04,up,25,90,1,0.3130841121495327,160.5,11653.0,21.75,28.5,True,0.24561403508771928,False,-1.0,False,-1.0,False,-1.0,9.25,True,0.0,False,-1.0,False,-1.0,False,-1.0,25-50%
2022-10-04,up,25,115,2,0.3629283489096573,160.5,11645.25,29.5,28.75,True,0.23478260869565218,False,-1.0,False,-1.0,False,-1.0,25.5,True,0.2647058823529412,False,-1.0,False,-1.0,False,-1.0,25-50%
2022-10-04,up,25,200,3,0.9376947040498442,160.5,11608.5,66.25,84.25,False,0.47181008902077154,False,0.41839762611275966,False,0.41839762611275966,False,0.41839762611275966,21.5,True,0.7209302325581395,False,-1.0,False,-1.0,False,-1.0,75-100%
2022-10-05,up,135,195,1,0.1918997107039537,259.25,11607.25,18.5,31.25,True,0.12,False,-1.0,False,-1.0,False,-1.0,21.75,True,0.0,False,-1.0,False,-1.0,False,-1.0,<25%
2022-10-05,up,135,225,2,0.25650916104146576,259.25,11609.0,16.75,49.75,False,2.050251256281407,True,0.33668341708542715,True,1.6394472361809045,False,0.5527638190954773,24.25,False,4.206185567010309,True,0.6907216494845361,True,3.36340206185567,False,1.134020618556701,25-50%
2022-10-05,up,135,250,3,0.06945765937202664,262.75,11621.75,7.5,10.75,True,1.0232558139534884,True,0.6976744186046512,False,-1.0,False,-1.0,10.75,True,1.0232558139534884,True,0.6976744186046512,False,-1.0,False,-1.0,<25%
2022-10-07,down,45,60,1,0.22857142857142856,166.25,11194.0,10.25,27.75,False,5.4324324324324325,True,0.36936936936936937,True,1.867117117117117,True,3.364864864864865,27.75,False,5.4324324324324325,True,0.36936936936936937,True,1.867117117117117,True,3.364864864864865,<25%
2022-10-07,down,45,225,2,0.11190965092402463,243.5,11116.5,10.0,17.25,True,1.6956521739130435,True,0.5797101449275363,False,-1.0,False,-1.0,17.25,True,1.6956521739130435,True,0.5797101449275363,False,-1.0,False,-1.0,<25%
2022-10-07,down,45,285,3,0.18173168411037108,262.75,11092.0,4.75,43.0,False,1.1337209302325582,True,0.11046511627906977,False,-0.1744186046511628,False,-0.1744186046511628,15.5,True,3.1451612903225805,True,0.3064516129032258,False,-1.0,False,-1.0,<25%
2022-10-10,down,5,95,1,0.46027742749054223,198.25,10961.25,33.5,57.75,True,1.4632034632034632,True,0.5800865800865801,True,1.4383116883116882,False,-1.0,27.5,True,3.0727272727272728,True,1.2181818181818183,True,3.0204545454545455,False,-1.0,25-50%
2022-10-10,down,5,120,2,0.07847800237812129,210.25,10921.5,5.75,10.75,True,0.46511627906976744,False,-1.0,False,-1.0,False,-1.0,10.75,True,0.46511627906976744,False,-1.0,False,-1.0,False,-1.0,<25%
2022-10-11,up,70,110,1,0.39927623642943305,207.25,10986.75,9.0,73.75,True,0.7152542372881356,True,0.12203389830508475,False,-1.0,False,-1.0,16.5,True,0.0,False,-1.0,False,-1.0,False,-1.0,25-50%
2022-10-13,up,35,55,1,0.26037735849056604,530.0,10921.75,93.0,45.0,False,4.911111111111111,True,2.066666666666667,False,3.5444444444444443,False,3.5444444444444443,45.0,False,4.911111111111111,True,2.066666666666667,False,3.5444444444444443,False,3.5444444444444443,25-50%
2022-10-13,up,35,170,2,0.31825396825396823,630.0,11054.25,60.5,140.0,False,0.6321428571428571,True,0.43214285714285716,False,0.19285714285714287,False,0.19285714285714287,42.25,True,1.4911242603550297,True,1.4319526627218935,False,-1.0,False,-1.0,25-50%
2022-10-13,up,35,250,3,0.17470355731225296,632.5,11063.5,53.75,56.75,False,1.39647577092511,True,0.947136563876652,False,0.31277533039647576,False,0.31277533039647576,21.5,False,3.686046511627907,True,2.5,False,0.8255813953488372,False,0.8255813953488372,<25%
2022-10-14,down,10,85,1,0.07841866493843162,385.75,10832.75,11.0,19.25,True,0.0,False,-1.0,False,-1.0,False,-1.0,19.25,True,0.0,False,-1.0,False,-1.0,False,-1.0,<25%
2022-10-14,down,10,140,2,0.19092516205067767,424.25,10818.25,35.0,46.0,False,1.9891304347826086,True,0.7608695652173914,False,1.5271739130434783,False,1.5271739130434783,10.5,True,0.47619047619047616,False,-1.0,False,-1.0,False,-1.0,<25%
2022-10-14,down,10,280,3,0.13003975014196478,440.25,10774.0,6.75,50.5,False,0.9356435643564357,True,0.13366336633663367,False,0.5148514851485149,False,0.5148514851485149,22.5,True,0.6666666666666666,True,0.3,False,-1.0,False,-1.0,<25%
2022-10-18,down,0,150,1,0.47020818377602297,348.25,11152.0,68.5,95.25,True,0.04199475065616798,False,-1.0,False,-1.0,False,-1.0,51.0,True,0.0784313725490196,False,-1.0,False,-1.0,False,-1.0,25-50%
2022-10-18,down,0,210,2,0.49174443646805455,348.25,11219.75,136.25,35.0,False,3.95,True,3.892857142857143,False,0.4857142857142857,False,0.4857142857142857,29.0,False,4.767241379310345,True,4.698275862068965,False,0.5862068965517241,False,0.5862068965517241,25-50%
2022-10-18,down,0,280,3,0.19414703783012136,350.25,11108.0,26.5,41.5,True,0.23493975903614459,False,-1.0,False,-1.0,False,-1.0,18.5,True,0.0,False,-1.0,False,-1.0,False,-1.0,<25%
2022-10-18,down,0,320,4,0.3882940756602427,350.25,11181.25,99.75,36.25,False,0.4689655172413793,False,-0.593103448275862,False,-0.593103448275862,False,-0.593103448275862,36.25,False,0.4689655172413793,False,-0.593103448275862,False,-0.593103448275862,False,-0.593103448275862,25-50%
2022-10-21,up,90,135,1,0.2707509881422925,253.0,11238.5,9.75,58.75,False,2.3106382978723405,True,0.16595744680851063,True,1.2425531914893617,False,1.9659574468085106,28.75,False,4.721739130434782,True,0.3391304347826087,True,2.5391304347826087,False,4.017391304347826,25-50%
2022-10-21,up,90,150,2,0.13212927756653992,263.0,11252.5,5.75,29.0,True,0.23275862068965517,True,0.19827586206896552,False,-1.0,False,-1.0,22.5,True,0.3,True,0.25555555555555554,False,-1.0,False,-1.0,<25%
2022-10-21,up,90,270,3,0.14384615384615385,325.0,11316.75,3.5,43.25,False,1.329479768786127,True,0.08092485549132948,False,0.861271676300578,False,0.861271676300578,22.25,False,2.5842696629213484,True,0.15730337078651685,False,1.6741573033707866,False,1.6741573033707866,<25%
2022-10-24,up,105,240,1,0.32894736842105265,247.0,11437.75,17.0,64.25,False,1.2140077821011672,True,0.26459143968871596,False,0.6498054474708171,False,0.6498054474708171,8.75,False,8.914285714285715,True,1.9428571428571428,False,4.771428571428571,False,4.771428571428571,25-50%
2022-10-24,up,105,280,2,0.04810126582278481,296.25,11500.75,3.25,11.0,True,1.3636363636363635,True,0.29545454545454547,False,-1.0,False,-1.0,11.0,True,1.3636363636363635,True,0.29545454545454547,False,-1.0,False,-1.0,<25%
2022-10-25,up,35,180,1,0.47513089005235604,191.0,11658.75,47.25,43.5,False,1.5804597701149425,True,1.0862068965517242,False,1.235632183908046,False,1.235632183908046,14.75,True,0.0,False,-1.0,False,-1.0,False,-1.0,25-50%
2022-10-26,up,5,65,1,0.11348837209302326,268.75,11690.25,11.5,19.0,True,0.6973684210526315,True,0.6052631578947368,False,-1.0,False,-1.0,19.0,True,0.6973684210526315,True,0.6052631578947368,False,-1.0,False,-1.0,<25%
2022-10-26,up,5,285,2,0.9602587800369686,270.5,11484.0,219.5,40.25,True,0.018633540372670808,False,-1.0,False,-1.0,False,-1.0,21.0,True,0.0,False,-1.0,False,-1.0,False,-1.0,75-100%
2022-10-27,down,115,170,1,0.41570438799076215,216.5,11313.75,66.25,23.75,False,3.9368421052631577,True,2.789473684210526,False,3.1052631578947367,False,3.1052631578947367,23.75,False,3.9368421052631577,True,2.789473684210526,False,3.1052631578947367,False,3.1052631578947367,25-50%
2022-10-27,down,115,255,2,0.1344717182497332,234.25,11240.5,10.75,20.75,True,0.3493975903614458,False,-1.0,False,-1.0,False,-1.0,13.25,True,0.5471698113207547,False,-1.0,False,-1.0,False,-1.0,<25%
2022-10-28,up,5,35,1,0.13947128532360983,274.25,11469.25,11.25,27.0,True,1.037037037037037,True,0.4166666666666667,False,-1.0,False,-1.0,27.0,True,1.037037037037037,True,0.4166666666666667,False,-1.0,False,-1.0,<25%
2022-10-28,up,5,70,2,0.1950171821305842,291.0,11485.25,12.0,44.75,True,0.15083798882681565,False,-1.0,False,-1.0,False,-1.0,17.25,True,0.391304347826087,False,-1.0,False,-1.0,False,-1.0,<25%
2022-10-28,up,5,105,3,0.21391752577319587,291.0,11486.0,11.25,51.0,False,2.343137254901961,True,0.22058823529411764,True,1.6470588235294117,False,1.9313725490196079,10.5,False,11.380952380952381,True,1.0714285714285714,True,8.0,False,9.380952380952381,<25%
2022-10-28,up,5,140,4,0.1452728670253651,325.25,11522.75,8.75,38.5,False,2.1493506493506493,True,0.22727272727272727,False,1.603896103896104,False,1.603896103896104,21.0,False,3.9404761904761907,True,0.4166666666666667,False,2.9404761904761907,False,2.9404761904761907,<25%
2022-10-28,up,5,160,5,0.02744807121661721,337.0,11538.5,4.75,4.5,True,0.0,False,-1.0,False,-1.0,False,-1.0,4.5,True,0.0,False,-1.0,False,-1.0,False,-1.0,<25%
2022-10-28,up,5,225,6,0.11486001435750179,348.25,11542.75,11.75,28.25,False,2.2212389380530975,True,0.415929203539823,False,1.4778761061946903,False,1.4778761061946903,14.0,False,4.482142857142857,True,0.8392857142857143,False,2.982142857142857,False,2.982142857142857,<25%
2022-10-28,up,5,265,7,0.0429042904290429,378.75,11575.75,9.25,7.0,True,0.0,False,-1.0,False,-1.0,False,-1.0,7.0,True,0.0,False,-1.0,False,-1.0,False,-1.0,<25%
2022-10-28,up,5,290,8,0.09768976897689768,378.75,11578.0,7.0,30.0,False,0.9166666666666666,True,0.23333333333333334,False,0.21666666666666667,False,0.21666666666666667,12.5,False,2.2,True,0.56,False,0.52,False,0.52,<25%
2022-10-31,down,0,95,1,0.855072463768116,155.25,11447.25,80.0,52.75,True,0.004739336492890996,False,-1.0,False,-1.0,False,-1.0,27.25,True,0.0,False,-1.0,False,-1.0,False,-1.0,75-100%
2022-10-31,down,0,130,2,0.9404186795491143,155.25,11439.0,71.75,74.25,False,0.30303030303030304,False,-0.12457912457912458,False,-0.12457912457912458,False,-0.12457912457912458,19.0,True,0.4868421052631579,False,-1.0,False,-1.0,False,-1.0,75-100%
2022-11-01,down,10,150,1,0.1393239901071723,303.25,11343.5,27.75,14.5,True,0.3793103448275862,False,-1.0,False,-1.0,False,-1.0,13.75,True,0.4,False,-1.0,False,-1.0,False,-1.0,<25%
2022-11-01,down,10,180,2,0.19455894476504534,303.25,11339.25,23.5,35.5,True,0.44366197183098594,False,-1.0,False,-1.0,False,-1.0,14.75,True,1.0677966101694916,False,-1.0,False,-1.0,False,-1.0,<25%
2022-11-01,down,10,280,3,0.21187139323990106,303.25,11353.0,37.25,27.0,False,0.9074074074074074,False,0.8518518518518519,False,0.8518518518518519,False,0.8518518518518519,20.0,False,1.225,False,1.15,False,1.15,False,1.15,<25%
2022-11-02,up,210,235,1,0.4544544544544545,249.75,11434.75,6.0,107.5,True,0.20232558139534884,True,0.05581395348837209,False,-1.0,False,-1.0,52.5,True,0.0,False,-1.0,False,-1.0,False,-1.0,25-50%
2022-11-02,down,40,65,1,0.18025751072961374,116.5,11228.25,3.75,17.25,True,0.15942028985507245,False,-1.0,False,-1.0,False,-1.0,17.25,True,0.15942028985507245,False,-1.0,False,-1.0,False,-1.0,<25%
2022-11-02,down,40,100,2,0.12815533980582525,128.75,11220.0,7.75,8.75,True,3.3142857142857145,True,0.8857142857142857,False,-1.0,False,-1.0,8.75,True,3.3142857142857145,True,0.8857142857142857,False,-1.0,False,-1.0,<25%
2022-11-03,up,15,100,1,0.7562326869806094,180.5,10796.5,92.0,44.5,True,1.4662921348314606,False,-1.0,False,-1.0,False,-1.0,18.0,True,3.625,False,-1.0,False,-1.0,False,-1.0,75-100%
2022-11-04,down,80,85,1,0.12340036563071298,273.5,10705.75,5.0,28.75,True,0.9130434782608695,True,0.17391304347826086,False,-1.0,False,-1.0,28.75,True,0.9130434782608695,True,0.17391304347826086,False,-1.0,False,-1.0,<25%
2022-11-07,up,225,280,1,0.18591549295774648,177.5,11018.5,6.25,26.75,False,0.7476635514018691,True,0.2336448598130841,False,-0.14953271028037382,False,-0.14953271028037382,15.5,True,1.2903225806451613,True,0.4032258064516129,False,-1.0,False,-1.0,<25%
2022-11-07,up,225,315,2,0.12810457516339868,191.25,11029.0,9.5,15.0,True,0.0,False,-1.0,False,-1.0,False,-1.0,13.5,True,0.0,False,-1.0,False,-1.0,False,-1.0,<25%
2022-11-08,up,5,130,1,0.24053452115812918,224.5,11206.5,24.75,29.25,True,0.42735042735042733,False,-1.0,False,-1.0,False,-1.0,14.0,True,0.25,False,-1.0,False,-1.0,False,-1.0,<25%
2022-11-09,down,20,50,1,0.6558704453441295,123.5,10976.75,51.25,29.75,True,0.5882352941176471,False,-1.0,False,-1.0,False,-1.0,17.0,True,0.0,False,-1.0,False,-1.0,False,-1.0,50-75%
2022-11-09,down,20,100,2,0.840080971659919,123.5,10962.0,36.5,67.25,False,2.0780669144981414,True,0.5427509293680297,True,1.0018587360594795,True,1.4609665427509293,12.0,True,1.3125,False,-1.0,False,-1.0,False,-1.0,75-100%
2022-11-09,down,20,165,3,0.25,128.0,10943.25,22.25,9.75,False,12.41025641025641,True,2.282051282051282,True,5.564102564102564,True,8.846153846153847,9.75,False,12.41025641025641,True,2.282051282051282,True,5.564102564102564,True,8.846153846153847,<25%
2022-11-09,down,20,200,4,0.07503234152652005,193.25,10862.75,7.0,7.5,True,0.0,False,-1.0,False,-1.0,False,-1.0,7.5,True,0.0,False,-1.0,False,-1.0,False,-1.0,<25%
2022-11-10,up,60,150,1,0.3333333333333333,229.5,11459.25,39.5,37.0,False,5.013513513513513,True,1.0675675675675675,True,2.6182432432432434,True,4.168918918918919,34.5,False,5.3768115942028984,True,1.144927536231884,True,2.8079710144927534,True,4.471014492753623,25-50%
2022-11-10,up,60,305,2,0.05551211884284597,319.75,11583.75,5.25,12.5,False,4.88,True,0.42,False,3.6,False,3.6,12.5,False,4.88,True,0.42,False,3.6,False,3.6,<25%
2022-11-10,up,60,315,3,0.04966139954853273,332.25,11598.25,3.25,13.25,False,3.509433962264151,True,0.24528301886792453,False,2.30188679245283,False,2.30188679245283,13.25,False,3.509433962264151,True,0.24528301886792453,False,2.30188679245283,False,2.30188679245283,<25%
2022-11-11,up,15,100,1,0.6725768321513003,211.5,11734.25,46.5,95.75,False,1.4882506527415145,True,0.4856396866840731,True,1.0378590078328982,False,1.185378590078329,30.0,False,4.75,True,1.55,True,3.3125,False,3.783333333333333,50-75%
2022-11-11,up,15,235,2,0.14032121724429417,295.75,11854.25,10.75,30.75,True,0.7317073170731707,True,0.34959349593495936,False,-1.0,False,-1.0,15.0,True,1.5,True,0.7166666666666667,False,-1.0,False,-1.0,<25%
2022-11-14,up,75,235,1,0.18193384223918574,196.5,11884.25,14.25,21.5,True,0.16279069767441862,False,-1.0,False,-1.0,False,-1.0,14.5,True,0.2413793103448276,False,-1.0,False,-1.0,False,-1.0,<25%
2022-11-15,down,165,210,1,0.3770903010033445,299.0,11782.25,17.75,95.0,True,0.02368421052631579,False,-1.0,False,-1.0,False,-1.0,75.75,True,0.0297029702970297,False,-1.0,False,-1.0,False,-1.0,25-50%
2022-11-15,down,165,300,2,0.6270903010033445,299.0,11894.0,129.5,58.0,False,0.36637931034482757,False,-0.19827586206896552,False,-0.19827586206896552,False,-0.19827586206896552,36.75,True,0.0,False,-1.0,False,-1.0,False,-1.0,50-75%
2022-11-16,down,20,90,1,0.6724470134874759,129.75,11758.5,52.0,35.25,True,0.3617021276595745,False,-1.0,False,-1.0,False,-1.0,13.5,True,0.0,False,-1.0,False,-1.0,False,-1.0,50-75%
2022-11-16,down,20,200,2,0.9518304431599229,129.75,11758.0,51.5,72.0,False,0.6388888888888888,False,0.24305555555555555,False,0.24305555555555555,False,0.24305555555555555,9.0,True,2.2777777777777777,False,-1.0,False,-1.0,False,-1.0,75-100%
2022-11-17,up,85,260,1,0.4789189189189189,231.25,11694.75,80.25,30.5,True,0.03278688524590164,False,-1.0,False,-1.0,False,-1.0,13.0,True,0.07692307692307693,False,-1.0,False,-1.0,False,-1.0,25-50%
2022-11-17,up,85,315,2,0.6464864864864864,231.25,11700.5,74.5,75.0,False,0.20666666666666667,False,0.15666666666666668,False,0.15666666666666668,False,0.15666666666666668,35.75,False,0.43356643356643354,False,0.32867132867132864,False,0.32867132867132864,False,0.32867132867132864,50-75%
2022-11-18,down,25,65,1,0.3632911392405063,197.5,11676.75,31.75,40.0,True,1.74375,True,0.79375,False,-1.0,False,-1.0,34.0,True,2.051470588235294,True,0.9338235294117647,False,-1.0,False,-1.0,25-50%
2022-11-18,down,25,190,2,0.2940552016985138,235.5,11634.5,27.5,41.75,True,0.19760479041916168,False,-1.0,False,-1.0,False,-1.0,20.5,True,0.4024390243902439,False,-1.0,False,-1.0,False,-1.0,25-50%
2022-11-18,down,25,320,3,0.5700636942675159,235.5,11686.0,79.0,55.25,False,0.06787330316742081,False,-0.3891402714932127,False,-0.3891402714932127,False,-0.3891402714932127,55.25,False,0.06787330316742081,False,-0.3891402714932127,False,-0.3891402714932127,False,-0.3891402714932127,50-75%
2022-11-21,down,15,55,1,0.4348697394789579,124.75,11605.5,30.5,23.75,True,2.210526315789474,True,1.2842105263157895,False,-1.0,False,-1.0,23.75,True,2.210526315789474,True,1.2842105263157895,False,-1.0,False,-1.0,25-50%
2022-11-21,down,15,100,2,0.2698706099815157,135.25,11575.25,10.75,25.75,True,0.8640776699029126,True,0.4174757281553398,False,-1.0,False,-1.0,16.0,True,1.046875,True,0.671875,False,-1.0,False,-1.0,25-50%
2022-11-21,down,15,205,3,0.555366269165247,146.75,11600.25,47.25,34.25,False,0.6788321167883211,False,0.3795620437956204,False,0.3795620437956204,False,0.3795620437956204,13.75,True,0.0,False,-1.0,False,-1.0,False,-1.0,50-75%
2022-11-22,up,15,195,1,0.07782672540381791,170.25,11695.0,2.5,10.75,True,1.1395348837209303,True,0.23255813953488372,False,-1.0,False,-1.0,5.75,True,0.8695652173913043,True,0.43478260869565216,False,-1.0,False,-1.0,<25%
2022-11-22,up,15,245,2,0.18333333333333332,180.0,11700.5,6.75,26.25,False,2.238095238095238,True,0.2571428571428571,True,1.9714285714285715,False,1.9523809523809523,18.75,True,0.0,False,-1.0,False,-1.0,False,-1.0,<25%
2022-11-23,up,0,35,1,0.23235800344234078,145.25,11879.25,11.25,22.5,True,0.2111111111111111,False,-1.0,False,-1.0,False,-1.0,11.25,True,0.4222222222222222,False,-1.0,False,-1.0,False,-1.0,<25%
2022-11-28,down,95,140,1,0.42650103519668736,120.75,11671.75,4.0,47.5,False,2.031578947368421,True,0.08421052631578947,True,0.7197368421052631,True,1.355263157894737,28.75,False,3.356521739130435,True,0.1391304347826087,True,1.1891304347826086,True,2.239130434782609,25-50%
2022-11-28,down,95,180,2,0.21124031007751937,129.0,11668.75,9.25,18.0,False,5.194444444444445,True,0.5138888888888888,True,2.3055555555555554,True,4.097222222222222,13.5,False,6.925925925925926,True,0.6851851851851852,True,3.074074074074074,True,5.462962962962963,<25%
2022-11-28,down,95,265,3,0.15612903225806452,193.75,11613.75,19.0,11.25,False,3.422222222222222,True,1.6888888888888889,False,0.2222222222222222,False,0.2222222222222222,10.25,False,3.7560975609756095,True,1.853658536585366,False,0.24390243902439024,False,0.24390243902439024,<25%
2022-11-29,down,30,110,1,0.3818443804034582,173.5,11514.5,49.5,16.75,True,0.3283582089552239,False,-1.0,False,-1.0,False,-1.0,16.5,True,0.3333333333333333,False,-1.0,False,-1.0,False,-1.0,25-50%
2022-11-29,down,30,165,2,0.5086455331412104,173.5,11507.75,42.75,45.5,True,0.6813186813186813,False,-1.0,False,-1.0,False,-1.0,28.25,True,1.0973451327433628,False,-1.0,False,-1.0,False,-1.0,50-75%
2022-11-30,down,30,105,1,0.9215017064846417,73.25,11521.0,12.75,54.75,True,0.4200913242009132,True,0.2328767123287671,False,-1.0,False,-1.0,24.25,True,0.9484536082474226,True,0.5257731958762887,False,-1.0,False,-1.0,75-100%
2022-11-30,down,30,125,2,0.32335329341317365,83.5,11513.5,15.5,11.5,True,0.0,False,-1.0,False,-1.0,False,-1.0,10.25,True,0.0,False,-1.0,False,-1.0,False,-1.0,25-50%
2022-12-02,up,70,190,1,0.5831873905429071,142.75,11934.75,45.25,38.0,False,2.9671052631578947,True,1.1907894736842106,True,2.129934210526316,False,2.0789473684210527,9.25,True,1.2432432432432432,False,-1.0,False,-1.0,False,-1.0,50-75%
2022-12-05,down,60,120,1,0.2807971014492754,138.0,11839.75,5.5,33.25,False,2.8345864661654137,True,0.16541353383458646,True,1.2030075187969924,True,2.2406015037593985,24.5,False,3.8469387755102042,True,0.22448979591836735,True,1.6326530612244898,True,3.0408163265306123,25-50%
2022-12-05,down,60,235,2,0.14893617021276595,199.75,11776.0,3.5,26.25,True,1.161904761904762,True,0.13333333333333333,False,-1.0,False,-1.0,13.0,True,2.3461538461538463,True,0.2692307692307692,False,-1.0,False,-1.0,<25%
2022-12-05,down,60,285,3,0.14884233737596472,226.75,11760.5,15.0,18.75,True,0.28,False,-1.0,False,-1.0,False,-1.0,18.75,True,0.28,False,-1.0,False,-1.0,False,-1.0,<25%
2022-12-06,down,30,210,1,0.1665080875356803,262.75,11556.0,13.0,30.75,False,1.7560975609756098,True,0.42276422764227645,False,-0.21138211382113822,False,-0.21138211382113822,18.0,True,3.0,True,0.7222222222222222,False,-1.0,False,-1.0,<25%
2022-12-06,down,30,225,2,0.07282913165266107,267.75,11543.0,5.0,14.5,True,2.8275862068965516,True,0.3448275862068966,False,-1.0,False,-1.0,14.5,True,2.8275862068965516,True,0.3448275862068966,False,-1.0,False,-1.0,<25%
2022-12-06,down,30,280,3,0.20411522633744855,303.75,11532.0,30.0,32.0,True,0.8671875,False,-1.0,False,-1.0,False,-1.0,12.75,True,2.176470588235294,False,-1.0,False,-1.0,False,-1.0,<25%
2022-12-09,up,5,75,1,0.3042168674698795,166.0,11704.5,11.5,39.0,True,0.3525641025641026,True,0.2948717948717949,False,-1.0,False,-1.0,13.25,True,0.9811320754716981,True,0.8679245283018868,False,-1.0,False,-1.0,25-50%
2022-12-09,up,5,180,2,0.5141158989598811,168.25,11658.5,59.75,26.75,True,0.5794392523364486,False,-1.0,False,-1.0,False,-1.0,12.75,True,1.2156862745098038,False,-1.0,False,-1.0,False,-1.0,50-75%
2022-12-09,up,5,225,3,0.5319465081723626,168.25,11662.75,55.5,34.0,True,0.3014705882352941,False,-1.0,False,-1.0,False,-1.0,7.0,True,0.0,False,-1.0,False,-1.0,False,-1.0,50-75%
2022-12-12,up,195,245,1,0.3547400611620795,81.75,11721.75,7.5,21.5,False,5.244186046511628,True,0.3488372093023256,True,1.2994186046511629,True,2.25,11.0,False,10.25,True,0.6818181818181818,True,2.539772727272727,True,4.3977272727272725,25-50%
2022-12-13,down,5,50,1,0.36372453928225024,257.75,12090.5,44.5,49.25,True,0.27411167512690354,False,-1.0,False,-1.0,False,-1.0,28.5,True,0.47368421052631576,False,-1.0,False,-1.0,False,-1.0,25-50%
2022-12-13,down,5,95,2,0.13570887035633056,329.75,11982.75,8.75,36.0,False,3.7708333333333335,True,0.24305555555555555,True,2.532986111111111,False,0.6597222222222222,36.0,False,3.7708333333333335,True,0.24305555555555555,True,2.532986111111111,False,0.6597222222222222,<25%
2022-12-13,down,5,135,3,0.14504652435686918,456.75,11857.0,10.0,56.25,True,0.02666666666666667,False,-1.0,False,-1.0,False,-1.0,56.25,True,0.02666666666666667,False,-1.0,False,-1.0,False,-1.0,<25%
2022-12-13,down,5,260,4,0.3552271483305966,456.75,11935.25,88.25,74.0,False,0.7533783783783784,False,-0.32094594594594594,False,-0.32094594594594594,False,-0.32094594594594594,55.0,True,1.0136363636363637,False,-1.0,False,-1.0,False,-1.0,25-50%
2022-12-14,up,30,55,1,0.3240556660039761,125.75,12047.5,8.25,32.5,True,0.46153846153846156,True,0.25384615384615383,False,-1.0,False,-1.0,16.25,True,0.9230769230769231,True,0.5076923076923077,False,-1.0,False,-1.0,25-50%
2022-12-14,up,30,150,2,0.5358490566037736,132.5,12014.25,48.25,22.75,True,0.3516483516483517,False,-1.0,False,-1.0,False,-1.0,22.75,True,0.3516483516483517,False,-1.0,False,-1.0,False,-1.0,50-75%
2022-12-14,up,30,180,3,0.5660377358490566,132.5,12033.75,28.75,46.25,True,0.772972972972973,True,0.6216216216216216,False,-1.0,False,-1.0,21.5,True,1.6627906976744187,True,1.3372093023255813,False,-1.0,False,-1.0,50-75%
2022-12-14,down,210,295,1,0.8318649045521292,340.5,11836.5,107.5,175.75,False,0.19914651493598862,False,-0.14935988620199148,False,-0.14935988620199148,False,-0.14935988620199148,100.25,False,0.3491271820448878,False,-0.26184538653366585,False,-0.26184538653366585,False,-0.26184538653366585,75-100%
2022-12-15,down,25,70,1,0.18500486854917234,256.75,11473.5,14.75,32.75,False,2.122137404580153,True,0.45038167938931295,False,0.3969465648854962,False,0.3969465648854962,23.25,True,0.6559139784946236,True,0.6344086021505376,False,-1.0,False,-1.0,<25%
2022-12-15,down,25,130,2,0.16132167152575316,257.25,11465.75,7.5,34.0,False,1.8161764705882353,True,0.22058823529411764,False,0.15441176470588236,False,0.15441176470588236,15.5,True,3.9838709677419355,True,0.4838709677419355,False,-1.0,False,-1.0,<25%
2022-12-15,down,25,150,3,0.0646900269541779,278.25,11446.25,9.0,9.0,True,4.694444444444445,True,1.0,False,-1.0,False,-1.0,9.0,True,4.694444444444445,True,1.0,False,-1.0,False,-1.0,<25%
2022-12-15,down,25,160,4,0.06694214876033058,302.5,11423.25,10.25,10.0,True,0.0,False,-1.0,False,-1.0,False,-1.0,10.0,True,0.0,False,-1.0,False,-1.0,False,-1.0,<25%
2022-12-15,down,25,165,5,0.07768595041322314,302.5,11421.75,8.75,14.75,True,0.6271186440677966,True,0.5932203389830508,False,-1.0,False,-1.0,14.75,True,0.6271186440677966,True,0.5932203389830508,False,-1.0,False,-1.0,<25%
2022-12-15,down,25,190,6,0.10478547854785479,303.0,11419.75,7.25,24.5,True,0.6428571428571429,True,0.29591836734693877,False,-1.0,False,-1.0,22.0,True,0.7159090909090909,True,0.32954545454545453,False,-1.0,False,-1.0,<25%
2022-12-15,down,25,310,7,0.2969502407704655,311.5,11432.75,28.75,63.75,False,0.07058823529411765,False,-0.43529411764705883,False,-0.43529411764705883,False,-0.43529411764705883,34.0,False,0.1323529411764706,False,-0.8161764705882353,False,-0.8161764705882353,False,-0.8161764705882353,25-50%
2022-12-16,down,0,50,1,0.3,185.0,11312.0,5.5,50.0,True,0.73,True,0.11,False,-1.0,False,-1.0,37.0,True,0.5202702702702703,True,0.14864864864864866,False,-1.0,False,-1.0,25-50%
2022-12-16,down,0,95,2,0.10559796437659033,196.5,11302.5,7.5,13.25,True,0.5094339622641509,False,-1.0,False,-1.0,False,-1.0,13.25,True,0.5094339622641509,False,-1.0,False,-1.0,False,-1.0,<25%
2022-12-16,down,0,130,3,0.3018867924528302,198.75,11310.25,17.5,42.5,True,0.8176470588235294,True,0.4117647058823529,False,-1.0,False,-1.0,26.75,True,1.2990654205607477,True,0.6542056074766355,False,-1.0,False,-1.0,25-50%
2022-12-16,down,0,150,4,0.06090133982947625,205.25,11288.25,2.0,10.5,True,0.47619047619047616,True,0.19047619047619047,False,-1.0,False,-1.0,10.5,True,0.47619047619047616,True,0.19047619047619047,False,-1.0,False,-1.0,<25%
2022-12-16,down,0,175,5,0.1092436974789916,208.25,11286.25,3.0,19.75,True,0.0,False,-1.0,False,-1.0,False,-1.0,6.75,True,0.0,False,-1.0,False,-1.0,False,-1.0,<25%
2022-12-16,down,0,235,6,0.24372759856630824,209.25,11297.25,15.0,36.0,True,0.6041666666666666,True,0.4166666666666667,False,-1.0,False,-1.0,14.5,True,1.5,True,1.0344827586206897,False,-1.0,False,-1.0,<25%
2022-12-19,down,30,155,1,0.3795518207282913,178.5,11219.75,39.25,28.5,True,0.02631578947368421,False,-1.0,False,-1.0,False,-1.0,18.25,True,0.0,False,-1.0,False,-1.0,False,-1.0,25-50%
2022-12-19,down,30,175,2,0.42016806722689076,178.5,11232.75,52.25,22.75,False,4.43956043956044,True,2.2967032967032965,True,4.258241758241758,False,1.967032967032967,22.75,False,4.43956043956044,True,2.2967032967032965,True,4.258241758241758,False,1.967032967032967,25-50%
2022-12-19,down,30,280,3,0.09839816933638444,218.5,11143.0,2.5,19.0,True,0.0,False,-1.0,False,-1.0,False,-1.0,19.0,True,0.0,False,-1.0,False,-1.0,False,-1.0,<25%
2022-12-20,up,0,5,1,0.13869625520110956,180.25,11228.25,18.75,6.25,True,0.0,False,-1.0,False,-1.0,False,-1.0,6.25,True,0.0,False,-1.0,False,-1.0,False,-1.0,<25%
2022-12-20,up,0,180,2,0.8058252427184466,180.25,11210.0,37.0,108.25,False,0.16628175519630484,False,-0.3187066974595843,False,-0.3187066974595843,False,-0.3187066974595843,12.25,True,1.469387755102041,False,-1.0,False,-1.0,False,-1.0,75-100%
2022-12-21,up,0,110,1,0.37738246505717915,196.75,11325.5,52.25,22.0,False,2.9204545454545454,True,2.375,False,0.48863636363636365,False,0.48863636363636365,17.25,True,3.7246376811594204,True,3.028985507246377,False,-1.0,False,-1.0,25-50%
2022-12-21,up,0,325,2,0.39520958083832336,208.75,11336.25,53.5,29.0,False,0.0,False,0.0,False,0.0,False,0.0,11.25,False,0.0,False,0.0,False,0.0,False,0.0,25-50%
2022-12-22,down,0,45,1,0.13218390804597702,217.5,11002.25,11.5,17.25,True,7.63768115942029,True,0.6666666666666666,True,3.818840579710145,True,6.971014492753623,17.25,True,7.63768115942029,True,0.6666666666666666,True,3.818840579710145,True,6.971014492753623,<25%
2022-12-22,down,0,90,2,0.08730964467005076,246.25,10972.25,10.25,11.25,True,9.044444444444444,True,0.9111111111111111,True,6.383333333333334,False,-1.0,11.25,True,9.044444444444444,True,0.9111111111111111,True,6.383333333333334,False,-1.0,<25%
2022-12-22,down,0,165,3,0.06624605678233439,317.0,10893.75,2.5,18.5,True,1.2567567567567568,True,0.13513513513513514,False,-1.0,False,-1.0,14.75,True,1.576271186440678,True,0.1694915254237288,False,-1.0,False,-1.0,<25%
2022-12-28,down,25,35,1,0.11171662125340599,183.5,10819.5,6.5,14.0,True,1.1071428571428572,True,0.4642857142857143,False,-1.0,False,-1.0,14.0,True,1.1071428571428572,True,0.4642857142857143,False,-1.0,False,-1.0,<25%
2022-12-28,down,25,60,2,0.17402597402597403,192.5,10808.5,4.5,29.0,True,1.2241379310344827,True,0.15517241379310345,False,-1.0,False,-1.0,25.0,True,1.42,True,0.18,False,-1.0,False,-1.0,<25%
2022-12-28,down,25,170,3,0.529082774049217,223.5,10842.5,69.5,48.75,False,1.7179487179487178,True,1.4256410256410257,False,1.4820512820512821,False,1.4820512820512821,27.25,False,3.073394495412844,True,2.55045871559633,False,2.6513761467889907,False,2.6513761467889907,50-75%
2022-12-28,down,25,310,4,0.11016949152542373,236.0,10763.25,2.75,23.25,False,0.1935483870967742,True,0.11827956989247312,False,-0.3010752688172043,False,-0.3010752688172043,20.25,False,0.2222222222222222,True,0.13580246913580246,False,-0.345679012345679,False,-0.345679012345679,<25%
2022-12-29,up,5,200,1,0.2872093023255814,215.0,11045.75,25.75,36.0,False,0.6736111111111112,False,-0.3819444444444444,False,-0.3819444444444444,False,-0.3819444444444444,14.0,True,1.3035714285714286,False,-1.0,False,-1.0,False,-1.0,25-50%
2022-12-30,up,15,85,1,0.6220302375809935,115.75,10946.25,25.0,47.0,True,0.22340425531914893,False,-1.0,False,-1.0,False,-1.0,21.25,True,0.49411764705882355,False,-1.0,False,-1.0,False,-1.0,50-75%
2022-12-30,up,15,300,2,0.8315334773218143,115.75,10958.0,13.25,83.0,False,0.8192771084337349,True,0.15963855421686746,True,0.5082831325301205,False,0.7831325301204819,19.75,False,3.4430379746835444,True,0.6708860759493671,True,2.1360759493670884,False,3.2911392405063293,75-100%
2023-01-03,down,0,20,1,0.18790697674418605,268.75,10931.0,17.75,32.75,True,0.0,False,-1.0,False,-1.0,False,-1.0,27.75,True,0.0,False,-1.0,False,-1.0,False,-1.0,<25%
2023-01-03,down,0,35,2,0.27069767441860465,268.75,10920.0,6.75,66.0,False,1.1401515151515151,True,0.10227272727272728,True,1.1202651515151516,False,-0.3446969696969697,40.25,True,1.8695652173913044,True,0.16770186335403728,True,1.8369565217391304,False,-1.0,25-50%
2023-01-03,down,0,70,3,0.0985576923076923,312.0,10877.0,7.0,23.75,True,1.0105263157894737,True,0.29473684210526313,False,-1.0,False,-1.0,23.0,True,1.0434782608695652,True,0.30434782608695654,False,-1.0,False,-1.0,<25%
2023-01-03,down,0,240,4,0.25055596738324687,337.25,10881.0,36.25,48.25,True,0.04145077720207254,False,-1.0,False,-1.0,False,-1.0,27.5,True,0.07272727272727272,False,-1.0,False,-1.0,False,-1.0,25-50%
2023-01-04,up,65,110,1,0.1975609756097561,205.0,11057.5,11.0,29.5,True,0.06779661016949153,False,-1.0,False,-1.0,False,-1.0,15.75,True,0.0,False,-1.0,False,-1.0,False,-1.0,<25%
2023-01-06,up,5,155,1,0.1659152389540126,277.25,11027.5,16.0,30.0,False,4.608333333333333,True,0.5333333333333333,True,2.84375,False,2.9,10.5,False,13.166666666666666,True,1.5238095238095237,True,8.125,False,8.285714285714286,<25%
2023-01-06,up,5,195,2,0.05725806451612903,310.0,11065.25,11.0,6.75,True,0.0,False,-1.0,False,-1.0,False,-1.0,6.75,True,0.0,False,-1.0,False,-1.0,False,-1.0,<25%
2023-01-06,up,5,205,3,0.06048387096774194,310.0,11072.5,3.75,15.0,False,6.216666666666667,True,0.25,True,5.416666666666667,False,2.8,11.75,False,7.9361702127659575,True,0.3191489361702128,True,6.914893617021277,False,3.574468085106383,<25%
2023-01-06,up,5,255,4,0.04375,360.0,11125.0,1.25,14.5,True,2.810344827586207,True,0.08620689655172414,False,-1.0,False,-1.0,14.5,True,2.810344827586207,True,0.08620689655172414,False,-1.0,False,-1.0,<25%
2023-01-06,up,5,275,5,0.03128911138923655,399.5,11160.75,5.0,7.5,True,0.0,False,-1.0,False,-1.0,False,-1.0,7.5,True,0.0,False,-1.0,False,-1.0,False,-1.0,<25%
2023-01-10,down,10,45,1,0.6323076923076923,162.5,11198.5,77.75,25.0,True,1.66,False,-1.0,False,-1.0,False,-1.0,20.5,True,2.024390243902439,False,-1.0,False,-1.0,False,-1.0,50-75%
2023-01-10,down,10,165,2,0.7569230769230769,162.5,11217.0,96.25,26.75,True,0.34579439252336447,False,-1.0,False,-1.0,False,-1.0,13.75,True,0.6727272727272727,False,-1.0,False,-1.0,False,-1.0,75-100%
2023-01-10,down,10,245,3,0.9292307692307692,162.5,11253.0,132.25,18.75,True,1.9066666666666667,False,-1.0,False,-1.0,False,-1.0,14.0,True,2.5535714285714284,False,-1.0,False,-1.0,False,-1.0,75-100%
2023-01-12,up,105,325,1,0.3444022770398482,263.5,11532.25,42.5,48.25,False,0.0,False,0.0,False,0.0,False,0.0,17.75,False,0.0,False,0.0,False,0.0,False,0.0,25-50%
2023-01-13,up,15,85,1,0.6505791505791506,129.5,11484.75,53.5,30.75,False,4.382113821138211,True,1.7398373983739837,True,2.792682926829268,True,3.845528455284553,24.25,False,5.556701030927835,True,2.2061855670103094,True,3.5412371134020617,True,4.876288659793815,50-75%
2023-01-13,up,15,245,2,0.10735294117647058,170.0,11571.75,7.0,11.25,True,0.044444444444444446,False,-1.0,False,-1.0,False,-1.0,11.25,True,0.044444444444444446,False,-1.0,False,-1.0,False,-1.0,<25%
2023-01-13,up,15,270,3,0.1426470588235294,170.0,11573.0,5.75,18.5,False,2.5135135135135136,True,0.3108108108108108,False,1.864864864864865,False,1.864864864864865,8.75,True,0.0,False,-1.0,False,-1.0,False,-1.0,<25%
2023-01-18,down,5,15,1,0.1672473867595819,143.5,11619.25,3.25,20.75,False,7.168674698795181,True,0.1566265060240964,True,1.8855421686746987,True,3.6144578313253013,20.75,False,7.168674698795181,True,0.1566265060240964,True,1.8855421686746987,True,3.6144578313253013,<25%
2023-01-18,down,5,45,2,0.11305518169582772,185.75,11582.0,8.25,12.75,False,8.745098039215685,True,0.6470588235294118,True,4.28921568627451,True,7.931372549019608,12.75,False,8.745098039215685,True,0.6470588235294118,True,4.28921568627451,True,7.931372549019608,<25%
2023-01-18,down,5,210,3,0.1978319783197832,276.75,11518.75,36.0,18.75,True,0.8133333333333334,False,-1.0,False,-1.0,False,-1.0,10.0,True,1.525,False,-1.0,False,-1.0,False,-1.0,<25%
2023-01-18,down,5,270,4,0.22583559168925021,276.75,11516.75,34.0,28.5,False,1.6228070175438596,True,1.1929824561403508,False,1.3070175438596492,False,1.3070175438596492,7.75,True,0.0,False,-1.0,False,-1.0,False,-1.0,<25%
2023-01-19,down,20,55,1,0.4900398406374502,125.5,11331.75,10.75,50.75,True,0.458128078817734,True,0.21182266009852216,False,-1.0,False,-1.0,15.75,True,1.4761904761904763,True,0.6825396825396826,False,-1.0,False,-1.0,25-50%
2023-01-20,up,30,105,1,0.11755485893416928,159.5,11537.5,5.5,13.25,True,1.2264150943396226,True,0.41509433962264153,False,-1.0,False,-1.0,13.25,True,1.2264150943396226,True,0.41509433962264153,False,-1.0,False,-1.0,<25%
2023-01-20,up,30,135,2,0.11969696969696969,165.0,11542.5,6.0,13.75,True,0.8181818181818182,True,0.43636363636363634,False,-1.0,False,-1.0,6.5,True,1.5769230769230769,True,0.9230769230769231,False,-1.0,False,-1.0,<25%
2023-01-20,up,30,180,3,0.2790014684287812,170.25,11546.0,7.75,39.75,False,3.540880503144654,True,0.1949685534591195,True,1.2657232704402517,True,2.3364779874213837,19.0,False,7.407894736842105,True,0.40789473684210525,True,2.648026315789474,True,4.8881578947368425,25-50%
2023-01-20,up,30,245,4,0.05337361530715005,248.25,11624.0,7.75,5.5,True,0.7272727272727273,False,-1.0,False,-1.0,False,-1.0,5.5,True,0.7272727272727273,False,-1.0,False,-1.0,False,-1.0,<25%
2023-01-20,up,30,265,5,0.08257804632426989,248.25,11626.25,5.5,15.0,False,4.033333333333333,True,0.36666666666666664,False,3.3333333333333335,False,3.3333333333333335,14.75,False,4.101694915254237,True,0.3728813559322034,False,3.389830508474576,False,3.389830508474576,<25%
2023-01-20,up,30,305,6,0.12229617304492513,300.5,11661.0,23.0,13.75,False,1.8727272727272728,True,1.6727272727272726,False,1.1090909090909091,False,1.1090909090909091,13.75,False,1.8727272727272728,True,1.6727272727272726,False,1.1090909090909091,False,1.1090909090909091,<25%
2023-01-23,up,0,155,1,0.18229623137598597,285.25,11953.25,3.75,48.25,True,0.616580310880829,True,0.07772020725388601,False,-1.0,False,-1.0,9.0,True,0.0,False,-1.0,False,-1.0,False,-1.0,<25%
2023-01-25,up,45,60,1,0.23297491039426524,139.5,11735.25,8.75,23.75,False,7.08421052631579,True,0.3684210526315789,True,1.8368421052631578,True,3.305263157894737,15.5,False,10.85483870967742,True,0.5645161290322581,True,2.814516129032258,True,5.064516129032258,<25%
2023-01-25,up,45,75,2,0.19831932773109243,148.75,11743.25,10.0,19.5,False,8.217948717948717,True,0.5128205128205128,True,2.4198717948717947,True,4.326923076923077,19.5,False,8.217948717948717,True,0.5128205128205128,True,2.4198717948717947,True,4.326923076923077,<25%
2023-01-25,up,45,150,3,0.30529172320217096,184.25,11761.25,27.5,28.75,False,4.947826086956522,True,0.9565217391304348,True,2.5586956521739133,True,4.160869565217391,9.25,False,15.378378378378379,True,2.972972972972973,True,7.952702702702703,True,12.932432432432432,25-50%
2023-01-25,up,45,305,4,0.18812709030100336,299.0,11869.75,33.75,22.5,True,0.1,False,-1.0,False,-1.0,False,-1.0,22.5,True,0.1,False,-1.0,False,-1.0,False,-1.0,<25%
2023-01-25,up,45,325,5,0.2265886287625418,299.0,11876.25,27.25,40.5,False,0.0,False,0.0,False,0.0,False,0.0,22.0,False,0.0,False,0.0,False,0.0,False,0.0,<25%
2023-01-26,down,20,260,1,0.9326500732064422,170.75,12042.0,137.75,21.5,True,0.023255813953488372,False,-1.0,False,-1.0,False,-1.0,9.25,True,0.0,False,-1.0,False,-1.0,False,-1.0,75-100%
2023-01-27,up,70,75,1,0.11076443057722309,160.25,12195.5,6.5,11.25,False,10.044444444444444,True,0.5777777777777777,True,4.138888888888889,True,7.7,11.25,False,10.044444444444444,True,0.5777777777777777,True,4.138888888888889,True,7.7,<25%
2023-01-27,up,70,100,2,0.1375186846038864,167.25,12207.25,1.75,21.25,False,4.764705882352941,True,0.08235294117647059,True,2.05,True,4.017647058823529,18.5,False,5.472972972972973,True,0.0945945945945946,True,2.35472972972973,True,4.614864864864865,<25%
2023-01-27,up,70,120,3,0.13557046979865772,186.25,12222.75,5.25,20.0,True,0.9375,True,0.2625,False,-1.0,False,-1.0,17.25,True,1.0869565217391304,True,0.30434782608695654,False,-1.0,False,-1.0,<25%
2023-01-27,up,70,180,4,0.20525657071339173,199.75,12239.75,1.75,39.25,False,1.7515923566878981,True,0.044585987261146494,True,1.3168789808917198,False,-0.42038216560509556,14.5,True,4.741379310344827,True,0.1206896551724138,True,3.564655172413793,False,-1.0,<25%
2023-01-30,down,5,65,1,0.552099533437014,160.75,12047.5,65.0,23.75,False,3.6842105263157894,True,2.736842105263158,False,3.221052631578947,False,3.221052631578947,13.5,True,1.7222222222222223,False,-1.0,False,-1.0,False,-1.0,50-75%
2023-01-31,up,0,25,1,0.23311546840958605,114.75,12074.0,9.75,17.0,True,1.3088235294117647,True,0.5735294117647058,False,-1.0,False,-1.0,17.0,True,1.3088235294117647,True,0.5735294117647058,False,-1.0,False,-1.0,<25%
2023-01-31,up,0,105,2,0.42829076620825146,127.25,12084.25,12.0,42.5,False,1.688235294117647,True,0.2823529411764706,True,1.0308823529411764,False,1.6294117647058823,23.25,True,0.46236559139784944,False,-1.0,False,-1.0,False,-1.0,25-50%
2023-02-01,down,20,80,1,0.8215384615384616,81.25,12126.75,50.0,16.75,True,1.7462686567164178,False,-1.0,False,-1.0,False,-1.0,12.0,True,2.4375,False,-1.0,False,-1.0,False,-1.0,75-100%
2023-02-02,up,0,15,1,0.11946902654867257,169.5,12813.75,3.0,17.25,True,0.7536231884057971,True,0.17391304347826086,False,-1.0,False,-1.0,17.25,True,0.7536231884057971,True,0.17391304347826086,False,-1.0,False,-1.0,<25%
2023-02-02,up,0,30,2,0.19220055710306408,179.5,12817.25,9.5,25.0,True,0.6,True,0.38,False,-1.0,False,-1.0,25.0,True,0.6,True,0.38,False,-1.0,False,-1.0,<25%
2023-02-02,up,0,100,3,0.3541666666666667,192.0,12810.5,28.75,39.25,True,3.159235668789809,True,0.732484076433121,True,1.9554140127388535,False,-1.0,39.25,True,3.159235668789809,True,0.732484076433121,True,1.9554140127388535,False,-1.0,25-50%
2023-02-02,up,0,195,4,0.062,250.0,12891.75,5.5,10.0,True,4.275,True,0.55,False,-1.0,False,-1.0,10.0,True,4.275,True,0.55,False,-1.0,False,-1.0,<25%
2023-02-03,up,5,100,1,0.35524256651017216,319.5,12822.5,55.5,58.0,True,0.36637931034482757,False,-1.0,False,-1.0,False,-1.0,22.5,True,0.9444444444444444,False,-1.0,False,-1.0,False,-1.0,25-50%
2023-02-03,up,5,200,2,0.8161189358372457,319.5,12694.5,183.5,77.25,True,0.10032362459546926,False,-1.0,False,-1.0,False,-1.0,35.25,True,0.2198581560283688,False,-1.0,False,-1.0,False,-1.0,75-100%
2023-02-07,down,180,275,1,0.8496476115896633,319.25,12668.25,209.0,62.25,True,0.0,False,-1.0,False,-1.0,False,-1.0,29.0,True,0.0,False,-1.0,False,-1.0,False,-1.0,75-100%
2023-02-08,down,0,25,1,0.20880913539967375,153.25,12610.25,11.5,20.5,False,4.7560975609756095,True,0.5609756097560976,True,2.4298780487804876,True,4.298780487804878,20.5,False,4.7560975609756095,True,0.5609756097560976,True,2.4298780487804876,True,4.298780487804878,<25%
2023-02-08,down,0,200,2,0.4504792332268371,234.75,12548.5,31.25,74.5,False,0.4798657718120805,True,0.41946308724832215,False,0.07046979865771812,False,0.07046979865771812,10.25,True,0.0,False,-1.0,False,-1.0,False,-1.0,25-50%
2023-02-09,down,30,75,1,0.19242424242424241,165.0,12567.75,4.25,27.5,True,0.39090909090909093,True,0.15454545454545454,False,-1.0,False,-1.0,25.25,True,0.42574257425742573,True,0.16831683168316833,False,-1.0,False,-1.0,<25%
2023-02-09,down,30,115,2,0.3396501457725947,171.5,12581.5,24.5,33.75,False,6.37037037037037,True,0.725925925925926,True,1.9962962962962962,True,3.2666666666666666,31.0,False,6.935483870967742,True,0.7903225806451613,True,2.1733870967741935,True,3.556451612903226,25-50%
2023-02-09,down,30,185,3,0.2718340611353712,229.0,12528.25,28.75,33.5,False,4.8283582089552235,True,0.8582089552238806,True,2.5671641791044775,True,4.276119402985074,24.25,False,6.670103092783505,True,1.1855670103092784,True,3.5463917525773194,True,5.907216494845361,25-50%
2023-02-09,down,30,210,4,0.10935856992639327,237.75,12500.25,9.5,16.5,False,8.106060606060606,True,0.5757575757575758,True,4.178030303030303,True,7.78030303030303,16.5,False,8.106060606060606,True,0.5757575757575758,True,4.178030303030303,True,7.78030303030303,<25%
2023-02-09,down,30,245,5,0.05449591280653951,275.25,12459.0,5.75,9.25,True,0.0,False,-1.0,False,-1.0,False,-1.0,9.25,True,0.0,False,-1.0,False,-1.0,False,-1.0,<25%
2023-02-13,up,15,205,1,0.14767441860465116,215.0,12559.75,7.25,24.5,True,0.2857142857142857,False,-1.0,False,-1.0,False,-1.0,11.25,True,0.6222222222222222,False,-1.0,False,-1.0,False,-1.0,<25%
2023-02-13,up,15,275,2,0.3953488372093023,215.0,12513.5,53.5,31.5,False,1.0793650793650793,False,0.9920634920634921,False,0.9920634920634921,False,0.9920634920634921,13.75,False,2.4727272727272727,False,2.272727272727273,False,2.272727272727273,False,2.272727272727273,25-50%
2023-02-15,up,55,185,1,0.4358108108108108,148.0,12664.0,8.25,56.25,False,1.2533333333333334,True,0.14666666666666667,True,0.8044444444444444,False,1.2444444444444445,10.25,False,6.878048780487805,True,0.8048780487804879,True,4.414634146341464,False,6.829268292682927,25-50%
2023-02-15,up,55,315,2,0.28010139416983526,197.25,12697.25,24.25,31.0,False,1.2016129032258065,True,0.782258064516129,False,1.185483870967742,False,1.185483870967742,15.0,False,2.4833333333333334,True,1.6166666666666667,False,2.45,False,2.45,25-50%
2023-02-16,up,0,75,1,0.3026874115983027,176.75,12660.5,12.75,40.75,True,0.1411042944785276,False,-1.0,False,-1.0,False,-1.0,13.5,True,0.42592592592592593,False,-1.0,False,-1.0,False,-1.0,25-50%
2023-02-16,up,0,115,2,0.38472418670438474,176.75,12652.0,21.25,46.75,True,0.9037433155080213,True,0.45454545454545453,False,-1.0,False,-1.0,7.25,True,5.827586206896552,True,2.9310344827586206,False,-1.0,False,-1.0,25-50%
2023-02-16,up,0,130,3,0.08812260536398467,195.75,12686.0,6.25,11.0,True,0.75,True,0.5681818181818182,False,-1.0,False,-1.0,11.0,True,0.75,True,0.5681818181818182,False,-1.0,False,-1.0,<25%
2023-02-16,up,0,185,4,0.36283185840707965,197.75,12654.75,39.5,32.25,True,0.7209302325581395,False,-1.0,False,-1.0,False,-1.0,13.0,True,1.7884615384615385,False,-1.0,False,-1.0,False,-1.0,25-50%
2023-02-17,down,50,135,1,0.4890756302521008,148.75,12284.0,9.0,63.75,True,0.28627450980392155,True,0.1411764705882353,False,-1.0,False,-1.0,16.75,True,1.0895522388059702,True,0.5373134328358209,False,-1.0,False,-1.0,25-50%
2023-02-21,down,35,65,1,0.17391304347826086,143.75,12154.0,7.75,17.25,True,0.0,False,-1.0,False,-1.0,False,-1.0,17.25,True,0.0,False,-1.0,False,-1.0,False,-1.0,<25%
2023-02-21,down,35,90,2,0.09466437177280551,145.25,12150.0,5.25,8.5,True,0.0,False,-1.0,False,-1.0,False,-1.0,8.5,True,0.0,False,-1.0,False,-1.0,False,-1.0,<25%
2023-02-21,down,35,160,3,0.226890756302521,148.75,12148.5,7.25,26.5,False,2.19811320754717,True,0.27358490566037735,True,1.6768867924528301,False,1.9056603773584906,12.0,False,4.854166666666667,True,0.6041666666666666,True,3.703125,False,4.208333333333333,<25%
2023-02-21,down,35,260,4,0.2111716621253406,183.5,12129.25,22.75,16.0,False,2.4375,True,1.421875,False,1.953125,False,1.953125,7.25,True,1.7586206896551724,False,-1.0,False,-1.0,False,-1.0,<25%
2023-02-21,down,35,305,5,0.1394422310756972,188.25,12108.25,6.5,19.75,False,0.9113924050632911,True,0.3291139240506329,False,0.5189873417721519,False,0.5189873417721519,19.75,False,0.9113924050632911,True,0.3291139240506329,False,0.5189873417721519,False,0.5189873417721519,<25%
2023-02-22,down,0,65,1,0.594306049822064,140.5,12086.25,52.25,31.25,True,0.216,False,-1.0,False,-1.0,False,-1.0,31.25,True,0.216,False,-1.0,False,-1.0,False,-1.0,50-75%
2023-02-22,down,0,200,2,0.9626334519572953,140.5,12141.0,107.0,28.25,True,0.0,False,-1.0,False,-1.0,False,-1.0,19.25,True,0.0,False,-1.0,False,-1.0,False,-1.0,75-100%
2023-02-23,down,15,155,1,0.3005405405405405,231.25,12066.25,37.75,31.75,True,0.33858267716535434,False,-1.0,False,-1.0,False,-1.0,6.75,True,1.0,False,-1.0,False,-1.0,False,-1.0,25-50%
2023-02-23,down,15,320,2,0.9524324324324325,231.25,12209.0,180.5,39.75,False,0.15723270440251572,False,0.06918238993710692,False,0.06918238993710692,False,0.06918238993710692,23.25,False,0.26881720430107525,False,0.11827956989247312,False,0.11827956989247312,False,0.11827956989247312,75-100%
2023-02-24,down,20,30,1,0.15208333333333332,120.0,11926.5,3.5,14.75,True,0.0,False,-1.0,False,-1.0,False,-1.0,14.75,True,0.0,False,-1.0,False,-1.0,False,-1.0,<25%
2023-02-24,down,20,130,2,0.79375,120.0,11951.0,28.0,67.25,True,0.29739776951672864,False,-1.0,False,-1.0,False,-1.0,9.0,True,2.2222222222222223,False,-1.0,False,-1.0,False,-1.0,75-100%
2023-02-27,down,5,15,1,0.2676991150442478,113.0,12103.0,26.5,3.75,True,0.0,False,-1.0,False,-1.0,False,-1.0,3.75,True,0.0,False,-1.0,False,-1.0,False,-1.0,25-50%
2023-02-27,down,5,20,2,0.27654867256637167,113.0,12099.25,22.75,8.5,True,2.235294117647059,False,-1.0,False,-1.0,False,-1.0,8.5,True,2.235294117647059,False,-1.0,False,-1.0,False,-1.0,25-50%
2023-02-27,down,5,40,3,0.37389380530973454,113.0,12093.5,17.0,25.25,True,1.108910891089109,True,0.6732673267326733,False,-1.0,False,-1.0,25.25,True,1.108910891089109,True,0.6732673267326733,False,-1.0,False,-1.0,25-50%
2023-02-27,down,5,90,4,0.3407258064516129,124.0,12096.25,30.75,11.5,True,2.152173913043478,False,-1.0,False,-1.0,False,-1.0,8.75,True,2.8285714285714287,False,-1.0,False,-1.0,False,-1.0,25-50%
2023-02-27,down,5,170,5,0.5504032258064516,124.0,12117.0,51.5,16.75,True,1.328358208955224,False,-1.0,False,-1.0,False,-1.0,11.0,True,2.022727272727273,False,-1.0,False,-1.0,False,-1.0,50-75%
2023-02-27,down,5,250,6,0.6391129032258065,124.0,12097.75,32.25,47.0,False,0.8351063829787234,True,0.6861702127659575,False,0.2925531914893617,False,0.2925531914893617,16.75,False,2.343283582089552,True,1.9253731343283582,False,0.8208955223880597,False,0.8208955223880597,50-75%
2023-02-28,up,135,170,1,0.17016806722689076,119.0,12156.0,4.5,15.75,True,1.0634920634920635,True,0.2857142857142857,False,-1.0,False,-1.0,13.5,True,1.2407407407407407,True,0.3333333333333333,False,-1.0,False,-1.0,<25%
2023-02-28,up,135,185,2,0.10392156862745099,127.5,12160.0,9.0,4.25,True,0.0,False,-1.0,False,-1.0,False,-1.0,4.25,True,0.0,False,-1.0,False,-1.0,False,-1.0,<25%
2023-02-28,up,135,190,3,0.13137254901960785,127.5,12161.0,8.0,8.75,True,1.3428571428571427,True,0.9142857142857143,False,-1.0,False,-1.0,8.75,True,1.3428571428571427,True,0.9142857142857143,False,-1.0,False,-1.0,<25%
2023-02-28,up,135,200,4,0.12476007677543186,130.25,12164.75,7.0,9.25,True,0.8648648648648649,True,0.7567567567567568,False,-1.0,False,-1.0,9.25,True,0.8648648648648649,True,0.7567567567567568,False,-1.0,False,-1.0,<25%
2023-02-28,up,135,320,5,0.7942857142857143,131.25,12089.75,83.0,21.25,True,0.0,False,-1.0,False,-1.0,False,-1.0,21.25,True,0.0,False,-1.0,False,-1.0,False,-1.0,75-100%
2023-03-01,down,35,45,1,0.0791599353796446,154.75,11931.75,7.0,5.25,True,0.0,False,-1.0,False,-1.0,False,-1.0,5.25,True,0.0,False,-1.0,False,-1.0,False,-1.0,<25%
2023-03-01,down,35,150,2,0.7221324717285945,154.75,11994.25,69.5,42.25,False,1.3846153846153846,False,0.6863905325443787,False,0.6863905325443787,False,0.6863905325443787,12.75,False,4.588235294117647,False,2.2745098039215685,False,2.2745098039215685,False,2.2745098039215685,50-75%
2023-03-02,up,185,200,1,0.2953271028037383,133.75,11973.0,7.0,32.5,False,3.792307692307692,True,0.2153846153846154,True,1.2442307692307693,True,2.273076923076923,19.5,False,6.32051282051282,True,0.358974358974359,True,2.073717948717949,True,3.7884615384615383,25-50%
2023-03-02,up,185,280,2,0.17333333333333334,206.25,12039.75,12.75,23.0,False,2.4565217391304346,True,0.5543478260869565,False,1.1304347826086956,False,1.1304347826086956,10.5,False,5.380952380952381,True,1.2142857142857142,False,2.4761904761904763,False,2.4761904761904763,<25%
2023-03-02,up,185,290,3,0.12930011862396204,210.75,12042.0,15.0,12.25,False,4.428571428571429,True,1.2244897959183674,False,1.9387755102040816,False,1.9387755102040816,12.25,False,4.428571428571429,True,1.2244897959183674,False,1.9387755102040816,False,1.9387755102040816,<25%
2023-03-03,up,100,265,1,0.06734434561626429,196.75,12304.25,4.0,9.25,True,1.837837837837838,True,0.43243243243243246,False,-1.0,False,-1.0,9.25,True,1.837837837837838,True,0.43243243243243246,False,-1.0,False,-1.0,<25%
2023-03-03,up,100,325,2,0.1835518474374255,209.75,12312.5,8.75,29.75,False,0.0,False,0.0,False,0.0,False,0.0,13.5,False,0.0,False,0.0,False,0.0,False,0.0,<25%
2023-03-06,up,5,80,1,0.33992805755395683,139.0,12462.0,24.25,23.0,True,0.2826086956521739,False,-1.0,False,-1.0,False,-1.0,22.25,True,0.29213483146067415,False,-1.0,False,-1.0,False,-1.0,25-50%
2023-03-06,up,5,165,2,0.7859712230215827,139.0,12397.75,88.5,20.75,True,0.43373493975903615,False,-1.0,False,-1.0,False,-1.0,15.75,True,0.5714285714285714,False,-1.0,False,-1.0,False,-1.0,75-100%
2023-03-06,up,5,250,3,0.9946043165467626,139.0,12365.5,120.75,17.5,True,0.0,False,-1.0,False,-1.0,False,-1.0,13.25,True,0.0,False,-1.0,False,-1.0,False,-1.0,75-100%
2023-03-07,down,195,230,1,0.17829457364341086,193.5,12175.75,6.5,28.0,False,1.1964285714285714,True,0.23214285714285715,False,0.24107142857142858,False,0.24107142857142858,25.0,False,1.34,True,0.26,False,0.27,False,0.27,<25%
2023-03-08,up,0,200,1,0.7692307692307693,146.25,12163.25,91.25,21.25,False,3.8705882352941177,False,3.2,False,3.2,False,3.2,21.25,False,3.8705882352941177,False,3.2,False,3.2,False,3.2,75-100%
2023-03-09,down,135,155,1,0.1978021978021978,136.5,12233.0,16.0,11.0,False,23.227272727272727,True,1.4545454545454546,True,4.556818181818182,True,7.659090909090909,10.0,False,25.55,True,1.6,True,5.0125,True,8.425,<25%
2023-03-09,down,135,265,2,0.17935258092738407,285.75,12073.5,5.75,45.5,False,2.10989010989011,True,0.12637362637362637,True,1.6964285714285714,False,1.478021978021978,11.25,False,8.533333333333333,True,0.5111111111111111,True,6.861111111111111,False,5.977777777777778,<25%
2023-03-09,down,135,325,3,0.20279255319148937,376.0,12006.25,28.75,47.5,False,0.0,False,-0.0,False,-0.0,False,-0.0,38.25,False,0.0,False,-0.0,False,-0.0,False,-0.0,<25%
2023-03-10,down,175,305,1,0.40421792618629176,284.5,11822.25,27.25,87.75,False,0.2849002849002849,False,-0.21652421652421652,False,-0.21652421652421652,False,-0.21652421652421652,25.25,False,0.9900990099009901,False,-0.7524752475247525,False,-0.7524752475247525,False,-0.7524752475247525,25-50%
2023-03-13,up,30,95,1,0.1537958115183246,382.0,12188.5,15.5,43.25,True,0.0,False,-1.0,False,-1.0,False,-1.0,43.25,True,0.0,False,-1.0,False,-1.0,False,-1.0,<25%
2023-03-13,up,30,130,2,0.26767015706806285,382.0,12155.25,48.75,53.5,True,0.0,False,-1.0,False,-1.0,False,-1.0,22.25,True,0.0,False,-1.0,False,-1.0,False,-1.0,25-50%
2023-03-13,up,30,185,3,0.3867801047120419,382.0,12125.5,78.5,69.25,True,1.2707581227436824,True,1.1335740072202165,False,-1.0,False,-1.0,67.0,True,1.3134328358208955,True,1.171641791044776,False,-1.0,False,-1.0,25-50%
2023-03-13,up,30,260,4,0.1883780332056194,391.5,12170.25,43.25,30.5,True,0.26229508196721313,False,-1.0,False,-1.0,False,-1.0,21.75,True,0.367816091954023,False,-1.0,False,-1.0,False,-1.0,<25%
2023-03-13,up,30,280,5,0.21136653895274585,391.5,12175.75,37.75,45.0,True,0.20555555555555555,False,-1.0,False,-1.0,False,-1.0,29.25,True,0.0,False,-1.0,False,-1.0,False,-1.0,<25%
2023-03-14,up,0,15,1,0.17365269461077845,125.25,12320.75,5.25,16.5,True,0.3939393939393939,True,0.3181818181818182,False,-1.0,False,-1.0,16.5,True,0.3939393939393939,True,0.3181818181818182,False,-1.0,False,-1.0,<25%
2023-03-14,up,0,135,2,0.3434991974317817,155.75,12341.0,15.5,38.0,True,0.11842105263157894,False,-1.0,False,-1.0,False,-1.0,20.0,True,0.0,False,-1.0,False,-1.0,False,-1.0,25-50%
2023-03-15,up,75,120,1,0.6870109546165885,159.75,12234.25,77.75,32.0,True,0.2265625,False,-1.0,False,-1.0,False,-1.0,16.0,True,0.0,False,-1.0,False,-1.0,False,-1.0,50-75%
2023-03-15,up,75,160,2,0.8043818466353677,159.75,12259.0,53.0,75.5,False,1.966887417218543,True,0.7019867549668874,True,1.2309602649006623,True,1.759933774834437,39.25,False,3.78343949044586,True,1.3503184713375795,True,2.3678343949044587,True,3.3853503184713376,75-100%
2023-03-15,up,75,240,3,0.20969441517386722,237.25,12370.0,19.5,30.25,True,0.5289256198347108,False,-1.0,False,-1.0,False,-1.0,30.25,True,0.5289256198347108,False,-1.0,False,-1.0,False,-1.0,<25%
2023-03-15,up,75,260,4,0.2760800842992624,237.25,12374.0,15.5,50.0,True,0.67,True,0.31,False,-1.0,False,-1.0,50.0,True,0.67,True,0.31,False,-1.0,False,-1.0,25-50%
2023-03-15,up,75,295,5,0.29676787463271304,255.25,12385.75,21.75,54.0,True,0.19444444444444445,False,-1.0,False,-1.0,False,-1.0,29.25,True,0.358974358974359,False,-1.0,False,-1.0,False,-1.0,25-50%
2023-03-15,up,75,325,6,0.42115572967678744,255.25,12392.0,15.5,92.0,False,0.0,False,0.0,False,0.0,False,0.0,82.25,False,0.0,False,0.0,False,0.0,False,0.0,25-50%
2023-03-16,up,10,40,1,0.10412371134020619,242.5,12542.0,14.5,10.75,False,18.023255813953487,True,1.3488372093023255,True,6.988372093023256,True,12.627906976744185,10.75,False,18.023255813953487,True,1.3488372093023255,True,6.988372093023256,True,12.627906976744185,<25%
2023-03-16,up,10,130,2,0.21954674220963172,353.0,12646.5,20.5,57.0,False,1.5657894736842106,True,0.35964912280701755,False,1.2280701754385965,False,1.2280701754385965,22.0,False,4.056818181818182,True,0.9318181818181818,False,3.1818181818181817,False,3.1818181818181817,<25%
2023-03-16,up,10,145,3,0.07848443843031123,369.5,12673.5,10.0,19.0,True,0.7894736842105263,True,0.5263157894736842,False,-1.0,False,-1.0,19.0,True,0.7894736842105263,True,0.5263157894736842,False,-1.0,False,-1.0,<25%
2023-03-16,up,10,235,4,0.14819759679572764,374.5,12669.5,19.0,36.5,False,1.8150684931506849,True,0.5205479452054794,False,1.2876712328767124,False,1.2876712328767124,22.5,True,0.0,False,-1.0,False,-1.0,False,-1.0,<25%
2023-03-16,up,10,295,5,0.05038529934795495,421.75,12728.5,7.25,14.0,True,0.0,False,-1.0,False,-1.0,False,-1.0,14.0,True,0.0,False,-1.0,False,-1.0,False,-1.0,<25%
2023-03-17,down,0,20,1,0.19829683698296838,205.5,12615.0,9.25,31.5,True,0.0,False,-1.0,False,-1.0,False,-1.0,31.5,True,0.0,False,-1.0,False,-1.0,False,-1.0,<25%
2023-03-17,down,0,65,2,0.22900763358778625,229.25,12591.75,9.75,42.75,True,0.52046783625731,True,0.22807017543859648,False,-1.0,False,-1.0,40.5,True,0.5493827160493827,True,0.24074074074074073,False,-1.0,False,-1.0,<25%
2023-03-17,down,0,140,3,0.4622543950361944,241.75,12615.5,46.0,65.75,True,0.026615969581749048,False,-1.0,False,-1.0,False,-1.0,36.25,True,0.04827586206896552,False,-1.0,False,-1.0,False,-1.0,25-50%
2023-03-17,down,0,175,4,0.5139607032057911,241.75,12666.5,97.0,27.25,True,0.8990825688073395,False,-1.0,False,-1.0,False,-1.0,5.25,True,0.0,False,-1.0,False,-1.0,False,-1.0,50-75%
2023-03-17,down,0,215,5,0.5367114788004137,241.75,12656.0,86.5,43.25,False,1.6820809248554913,False,0.19653179190751446,False,0.19653179190751446,False,0.19653179190751446,22.0,False,3.3068181818181817,False,0.38636363636363635,False,0.38636363636363635,False,0.38636363636363635,50-75%
2023-03-20,up,15,45,1,0.2177858439201452,137.75,12658.5,8.75,21.25,True,1.8352941176470587,True,0.4117647058823529,False,-1.0,False,-1.0,16.25,True,2.4,True,0.5384615384615384,False,-1.0,False,-1.0,<25%
2023-03-20,up,15,140,2,0.7872023809523809,168.0,12635.5,62.0,70.25,False,1.0320284697508897,True,0.8825622775800712,False,0.8185053380782918,False,0.8185053380782918,20.0,False,3.625,True,3.1,False,2.875,False,2.875,75-100%
2023-03-20,up,15,325,3,0.1400560224089636,178.5,12693.0,15.0,10.0,False,0.0,False,0.0,False,0.0,False,0.0,10.0,False,0.0,False,0.0,False,0.0,False,0.0,<25%
2023-03-21,up,265,275,1,0.0659536541889483,140.25,12851.75,1.0,8.25,False,5.636363636363637,True,0.12121212121212122,True,4.371212121212121,False,3.090909090909091,8.25,False,5.636363636363637,True,0.12121212121212122,True,4.371212121212121,False,3.090909090909091,<25%
2023-03-21,up,265,285,2,0.10474631751227496,152.75,12859.75,5.5,10.5,True,0.7857142857142857,True,0.5238095238095238,False,-1.0,False,-1.0,10.5,True,0.7857142857142857,True,0.5238095238095238,False,-1.0,False,-1.0,<25%
2023-03-21,up,265,295,3,0.14469453376205788,155.5,12859.75,8.25,14.25,False,2.7017543859649122,True,0.5789473684210527,False,1.2280701754385965,False,1.2280701754385965,14.25,False,2.7017543859649122,True,0.5789473684210527,False,1.2280701754385965,False,1.2280701754385965,<25%
2023-03-21,down,20,70,1,0.5262096774193549,124.0,12726.25,13.0,52.25,True,0.2631578947368421,True,0.24880382775119617,False,-1.0,False,-1.0,17.5,True,0.7857142857142857,True,0.7428571428571429,False,-1.0,False,-1.0,50-75%
2023-03-21,down,20,205,2,0.8617234468937875,124.75,12783.0,70.5,37.0,True,0.033783783783783786,False,-1.0,False,-1.0,False,-1.0,20.5,True,0.06097560975609756,False,-1.0,False,-1.0,False,-1.0,75-100%
2023-03-22,up,65,165,1,0.7845744680851063,94.0,12892.75,52.5,21.25,True,8.905882352941177,True,2.4705882352941178,True,3.5764705882352943,True,4.682352941176471,6.75,True,23.0,True,7.777777777777778,True,11.25925925925926,True,14.74074074074074,75-100%
2023-03-22,up,65,235,2,0.6480304955527318,196.75,12985.75,62.25,65.25,True,0.5210727969348659,False,-1.0,False,-1.0,False,-1.0,36.5,True,0.0,False,-1.0,False,-1.0,False,-1.0,50-75%
2023-03-22,up,65,250,3,0.8703939008894537,196.75,13020.25,27.75,143.5,True,0.43031358885017423,True,0.19337979094076654,False,-1.0,False,-1.0,67.75,True,0.9114391143911439,True,0.4095940959409594,False,-1.0,False,-1.0,75-100%
2023-03-23,up,10,75,1,0.34285714285714286,183.75,12994.75,36.25,26.75,True,0.5794392523364486,False,-1.0,False,-1.0,False,-1.0,26.75,True,0.5794392523364486,False,-1.0,False,-1.0,False,-1.0,25-50%
2023-03-23,up,10,190,2,0.7183673469387755,183.75,12944.75,86.25,45.75,True,0.0546448087431694,False,-1.0,False,-1.0,False,-1.0,17.0,True,0.0,False,-1.0,False,-1.0,False,-1.0,50-75%
2023-03-24,up,240,245,1,0.19811320754716982,132.5,12851.5,9.0,17.25,True,0.9565217391304348,True,0.5217391304347826,False,-1.0,False,-1.0,17.25,True,0.9565217391304348,True,0.5217391304347826,False,-1.0,False,-1.0,<25%
2023-03-24,up,240,295,2,0.15292353823088456,166.75,12882.5,12.25,13.25,True,0.9245283018867925,True,0.9245283018867925,False,-1.0,False,-1.0,13.25,True,0.9245283018867925,True,0.9245283018867925,False,-1.0,False,-1.0,<25%
2023-03-27,down,10,75,1,0.08925619834710743,151.25,12822.0,8.0,5.5,True,10.272727272727273,True,1.4545454545454546,True,8.329545454545455,False,-1.0,5.5,True,10.272727272727273,True,1.4545454545454546,True,8.329545454545455,False,-1.0,<25%
2023-03-27,down,10,200,2,0.3454317897371715,199.75,12810.0,44.5,24.5,True,0.8571428571428571,False,-1.0,False,-1.0,False,-1.0,20.5,True,1.024390243902439,False,-1.0,False,-1.0,False,-1.0,25-50%
2023-03-27,down,10,275,3,0.5168961201501877,199.75,12840.0,74.5,28.75,False,2.217391304347826,False,1.4,False,1.4,False,1.4,13.5,False,4.722222222222222,False,2.9814814814814814,False,2.9814814814814814,False,2.9814814814814814,50-75%
2023-03-28,down,0,95,1,0.5658153241650294,127.25,12696.5,46.5,25.5,True,2.4411764705882355,True,1.8235294117647058,False,-1.0,False,-1.0,9.0,True,6.916666666666667,True,5.166666666666667,False,-1.0,False,-1.0,50-75%
2023-03-29,up,175,215,1,0.5181818181818182,82.5,12914.25,22.75,20.0,False,3.9875,True,1.1375,True,2.16875,True,3.2,13.5,False,5.907407407407407,True,1.6851851851851851,True,3.212962962962963,True,4.7407407407407405,50-75%
2023-03-29,up,175,275,2,0.16097560975609757,102.5,12951.5,5.5,11.0,False,3.8636363636363638,True,0.5,True,2.8295454545454546,False,1.5909090909090908,11.0,False,3.8636363636363638,True,0.5,True,2.8295454545454546,False,1.5909090909090908,<25%
2023-03-29,down,5,95,1,0.8498402555910544,78.25,12905.25,50.75,15.75,True,0.0,False,-1.0,False,-1.0,False,-1.0,12.75,True,0.0,False,-1.0,False,-1.0,False,-1.0,75-100%
2023-03-29,down,5,115,2,0.9712460063897763,78.25,12922.25,67.75,8.25,True,3.9393939393939394,False,-1.0,False,-1.0,False,-1.0,8.25,True,3.9393939393939394,False,-1.0,False,-1.0,False,-1.0,75-100%
2023-03-31,up,0,160,1,0.16326530612244897,159.25,13228.75,10.75,15.25,True,0.47540983606557374,False,-1.0,False,-1.0,False,-1.0,9.75,True,0.7435897435897436,False,-1.0,False,-1.0,False,-1.0,<25%
2023-03-31,up,0,260,2,0.16424418604651161,172.0,13247.5,4.75,23.5,False,2.723404255319149,True,0.20212765957446807,True,2.0319148936170213,False,2.297872340425532,12.0,False,5.333333333333333,True,0.3958333333333333,True,3.9791666666666665,False,4.5,<25%
2023-04-03,down,20,65,1,0.3544857768052516,114.25,13178.5,24.5,16.0,True,0.890625,False,-1.0,False,-1.0,False,-1.0,12.25,True,1.163265306122449,False,-1.0,False,-1.0,False,-1.0,25-50%
2023-04-03,down,20,145,2,0.48577680525164113,114.25,13173.25,19.25,36.25,True,0.41379310344827586,False,-1.0,False,-1.0,False,-1.0,8.5,True,1.7647058823529411,False,-1.0,False,-1.0,False,-1.0,25-50%
2023-04-04,down,45,90,1,0.37344398340248963,120.5,13226.5,20.25,24.75,False,2.3535353535353534,True,0.8181818181818182,True,2.0353535353535355,False,0.12121212121212122,12.25,True,3.4285714285714284,True,1.653061224489796,False,-1.0,False,-1.0,25-50%
2023-04-04,down,45,105,2,0.0933572710951526,139.25,13192.25,4.75,8.25,True,0.0,False,-1.0,False,-1.0,False,-1.0,8.25,True,0.0,False,-1.0,False,-1.0,False,-1.0,<25%
2023-04-04,down,45,190,3,0.45342706502636204,142.25,13229.5,45.0,19.5,False,3.141025641025641,True,2.3076923076923075,False,0.3076923076923077,False,0.3076923076923077,19.5,False,3.141025641025641,True,2.3076923076923075,False,0.3076923076923077,False,0.3076923076923077,25-50%
2023-04-04,down,45,295,4,0.20168067226890757,148.75,13185.5,7.5,22.5,True,0.7666666666666667,True,0.3333333333333333,False,-1.0,False,-1.0,20.75,True,0.8313253012048193,True,0.3614457831325301,False,-1.0,False,-1.0,<25%
2023-04-05,down,0,80,1,0.27692307692307694,162.5,13032.75,13.25,31.75,True,0.84251968503937,True,0.41732283464566927,False,-1.0,False,-1.0,15.25,True,0.0,False,-1.0,False,-1.0,False,-1.0,25-50%
2023-04-05,down,0,270,2,0.4772727272727273,176.0,13067.75,61.75,22.25,True,1.1685393258426966,False,-1.0,False,-1.0,False,-1.0,9.0,True,2.888888888888889,False,-1.0,False,-1.0,False,-1.0,25-50%
2023-04-06,up,35,40,1,0.11546840958605664,114.75,13059.25,8.75,4.5,False,29.27777777777778,True,1.9444444444444444,True,8.319444444444445,True,14.694444444444445,4.5,False,29.27777777777778,True,1.9444444444444444,True,8.319444444444445,True,14.694444444444445,<25%
2023-04-06,up,35,85,2,0.0815450643776824,174.75,13124.0,4.0,10.25,False,6.536585365853658,True,0.3902439024390244,True,4.652439024390244,False,4.609756097560975,8.25,False,8.121212121212121,True,0.48484848484848486,True,5.78030303030303,False,5.7272727272727275,<25%
2023-04-06,up,35,130,3,0.07942238267148015,207.75,13154.75,6.25,10.25,True,0.3902439024390244,False,-1.0,False,-1.0,False,-1.0,10.25,True,0.3902439024390244,False,-1.0,False,-1.0,False,-1.0,<25%
2023-04-06,up,35,205,4,0.05561861520998865,220.25,13171.0,2.5,9.75,True,2.051282051282051,True,0.2564102564102564,False,-1.0,False,-1.0,9.75,True,2.051282051282051,True,0.2564102564102564,False,-1.0,False,-1.0,<25%
2023-04-06,up,35,230,5,0.0613107822410148,236.5,13185.0,4.75,9.75,True,0.6153846153846154,True,0.48717948717948717,False,-1.0,False,-1.0,9.75,True,0.6153846153846154,True,0.48717948717948717,False,-1.0,False,-1.0,<25%
2023-04-06,up,35,295,6,0.15667718191377497,237.75,13174.5,16.5,20.75,False,0.5542168674698795,False,-0.1566265060240964,False,-0.1566265060240964,False,-0.1566265060240964,8.25,True,1.393939393939394,False,-1.0,False,-1.0,False,-1.0,<25%
2023-04-10,up,35,60,1,0.16587677725118483,105.5,13067.0,6.0,11.5,True,1.8695652173913044,True,0.5217391304347826,False,-1.0,False,-1.0,7.0,True,3.0714285714285716,True,0.8571428571428571,False,-1.0,False,-1.0,<25%
2023-04-10,up,35,260,2,0.1554054054054054,185.0,13144.75,7.75,21.0,False,0.9523809523809523,True,0.36904761904761907,False,0.9404761904761905,False,0.9404761904761905,15.0,False,1.3333333333333333,True,0.5166666666666667,False,1.3166666666666667,False,1.3166666666666667,<25%
2023-04-11,down,25,70,1,0.3794749403341289,104.75,13061.0,5.25,34.5,True,0.21739130434782608,True,0.15217391304347827,False,-1.0,False,-1.0,14.25,True,0.5263157894736842,True,0.3684210526315789,False,-1.0,False,-1.0,25-50%
2023-04-11,down,25,105,2,0.47897196261682246,107.0,13083.25,29.75,21.5,True,0.9302325581395349,False,-1.0,False,-1.0,False,-1.0,11.0,True,1.8181818181818181,False,-1.0,False,-1.0,False,-1.0,25-50%
2023-04-11,down,25,210,3,0.6752336448598131,107.0,13115.5,62.0,10.25,True,1.1219512195121952,False,-1.0,False,-1.0,False,-1.0,10.25,True,1.1219512195121952,False,-1.0,False,-1.0,False,-1.0,50-75%
2023-04-11,down,25,300,4,0.7476635514018691,107.0,13115.0,61.5,18.5,False,2.891891891891892,False,2.081081081081081,False,2.081081081081081,False,2.081081081081081,11.75,False,4.553191489361702,False,3.276595744680851,False,3.276595744680851,False,3.276595744680851,50-75%
2023-04-12,down,25,130,1,0.5677655677655677,204.75,13066.5,90.75,25.5,True,0.09803921568627451,False,-1.0,False,-1.0,False,-1.0,15.0,True,0.0,False,-1.0,False,-1.0,False,-1.0,50-75%
2023-04-12,down,25,190,2,0.6507936507936508,204.75,13069.0,93.25,40.0,False,3.28125,True,2.33125,False,2.7625,False,2.7625,14.5,True,0.7758620689655172,False,-1.0,False,-1.0,False,-1.0,50-75%
2023-04-12,down,25,290,3,0.07836644591611479,226.5,12959.0,5.0,12.75,True,1.2156862745098038,True,0.39215686274509803,False,-1.0,False,-1.0,12.75,True,1.2156862745098038,True,0.39215686274509803,False,-1.0,False,-1.0,<25%
2023-04-13,up,85,105,1,0.150278293135436,134.75,13145.75,8.75,11.5,True,1.108695652173913,True,0.7608695652173914,False,-1.0,False,-1.0,10.5,True,1.2142857142857142,True,0.8333333333333334,False,-1.0,False,-1.0,<25%
2023-04-13,up,85,165,2,0.075,150.0,13163.75,6.0,5.25,True,0.9523809523809523,False,-1.0,False,-1.0,False,-1.0,5.25,True,0.9523809523809523,False,-1.0,False,-1.0,False,-1.0,<25%
2023-04-13,up,85,275,3,0.12484237074401008,198.25,13214.0,4.0,20.75,False,0.6746987951807228,True,0.1927710843373494,False,-0.20481927710843373,False,-0.20481927710843373,9.0,True,0.0,False,-1.0,False,-1.0,False,-1.0,<25%
2023-04-13,up,85,295,4,0.08242424242424243,206.25,13219.5,6.5,10.5,True,0.047619047619047616,False,-1.0,False,-1.0,False,-1.0,10.5,True,0.047619047619047616,False,-1.0,False,-1.0,False,-1.0,<25%
2023-04-13,up,85,310,5,0.0993939393939394,206.25,13221.75,4.25,16.25,True,0.38461538461538464,True,0.26153846153846155,False,-1.0,False,-1.0,11.75,True,0.0,False,-1.0,False,-1.0,False,-1.0,<25%
2023-04-14,down,20,100,1,0.13535031847133758,157.0,13105.0,7.0,14.25,True,3.2982456140350878,True,0.49122807017543857,True,3.245614035087719,False,-1.0,14.25,True,3.2982456140350878,True,0.49122807017543857,True,3.245614035087719,False,-1.0,<25%
2023-04-14,down,20,145,2,0.08248730964467005,197.0,13070.0,12.0,4.25,True,0.0,False,-1.0,False,-1.0,False,-1.0,1.0,True,0.0,False,-1.0,False,-1.0,False,-1.0,<25%
2023-04-14,down,20,280,3,0.5748730964467005,197.0,13134.75,76.75,36.5,True,0.5753424657534246,False,-1.0,False,-1.0,False,-1.0,24.25,True,0.865979381443299,False,-1.0,False,-1.0,False,-1.0,50-75%
2023-04-17,down,5,55,1,0.43915343915343913,94.5,13119.5,8.0,33.5,True,1.2761194029850746,True,0.23880597014925373,True,0.9440298507462687,False,-1.0,33.5,True,1.2761194029850746,True,0.23880597014925373,True,0.9440298507462687,False,-1.0,25-50%
2023-04-17,down,5,70,2,0.1716101694915254,118.0,13097.25,9.25,11.0,True,0.5454545454545454,False,-1.0,False,-1.0,False,-1.0,11.0,True,0.5454545454545454,False,-1.0,False,-1.0,False,-1.0,<25%
2023-04-17,down,5,195,3,0.402321083172147,129.25,13115.75,39.0,13.0,True,1.9615384615384615,False,-1.0,False,-1.0,False,-1.0,3.25,True,7.846153846153846,False,-1.0,False,-1.0,False,-1.0,25-50%
2023-04-18,down,0,50,1,0.2783687943262411,141.0,13173.25,16.5,22.75,True,0.03296703296703297,False,-1.0,False,-1.0,False,-1.0,20.75,True,0.03614457831325301,False,-1.0,False,-1.0,False,-1.0,25-50%
2023-04-18,down,0,125,2,0.3487179487179487,146.25,13178.75,27.25,23.75,False,1.7157894736842105,True,1.1473684210526316,False,-0.4421052631578947,False,-0.4421052631578947,20.5,True,1.9878048780487805,True,1.329268292682927,False,-1.0,False,-1.0,25-50%
2023-04-19,up,5,40,1,0.23052959501557632,80.25,13157.75,3.0,15.5,True,0.3870967741935484,True,0.1935483870967742,False,-1.0,False,-1.0,14.0,True,0.42857142857142855,True,0.21428571428571427,False,-1.0,False,-1.0,<25%
2023-04-19,up,5,65,2,0.3153153153153153,83.25,13158.25,5.5,20.75,False,3.3012048192771086,True,0.26506024096385544,True,1.2680722891566265,True,2.2710843373493974,20.75,False,3.3012048192771086,True,0.26506024096385544,True,1.2680722891566265,True,2.2710843373493974,25-50%
2023-04-19,up,5,115,3,0.1336206896551724,116.0,13191.5,5.0,10.5,True,3.357142857142857,True,0.47619047619047616,True,3.238095238095238,False,-1.0,8.25,True,4.2727272727272725,True,0.6060606060606061,True,4.121212121212121,False,-1.0,<25%
2023-04-19,up,5,265,4,0.27521367521367524,146.25,13207.25,19.5,20.75,True,0.4819277108433735,False,-1.0,False,-1.0,False,-1.0,9.5,True,0.0,False,-1.0,False,-1.0,False,-1.0,25-50%
2023-04-20,up,120,135,1,0.22535211267605634,124.25,13162.0,8.5,19.5,True,1.9487179487179487,True,0.4358974358974359,False,-1.0,False,-1.0,11.0,True,3.4545454545454546,True,0.7727272727272727,False,-1.0,False,-1.0,<25%
2023-04-21,up,85,140,1,0.3082191780821918,109.5,13071.75,20.25,13.5,True,3.7222222222222223,True,1.5,True,3.5277777777777777,False,-1.0,9.5,True,5.2894736842105265,True,2.1315789473684212,True,5.0131578947368425,False,-1.0,25-50%
2023-04-21,up,85,195,2,0.07099391480730223,123.25,13100.5,5.25,3.5,True,0.0,False,-1.0,False,-1.0,False,-1.0,3.5,True,0.0,False,-1.0,False,-1.0,False,-1.0,<25%
2023-04-21,up,85,325,3,0.4659498207885305,139.5,13088.25,33.75,31.25,False,0.0,False,0.0,False,0.0,False,0.0,8.25,False,0.0,False,0.0,False,0.0,False,0.0,25-50%
2023-04-24,down,5,50,1,0.15213358070500926,134.75,13006.75,7.5,13.0,True,3.0384615384615383,True,0.5769230769230769,False,-1.0,False,-1.0,13.0,True,3.0384615384615383,True,0.5769230769230769,False,-1.0,False,-1.0,<25%
2023-04-24,down,5,65,2,0.11545293072824156,140.75,12995.25,2.0,14.25,True,1.9649122807017543,True,0.14035087719298245,False,-1.0,False,-1.0,14.25,True,1.9649122807017543,True,0.14035087719298245,False,-1.0,False,-1.0,<25%
2023-04-24,down,5,155,3,0.29235382308845576,166.75,13005.25,38.0,10.75,True,0.0,False,-1.0,False,-1.0,False,-1.0,6.75,True,0.0,False,-1.0,False,-1.0,False,-1.0,25-50%
2023-04-24,down,5,240,4,0.6026986506746627,166.75,13037.25,70.0,30.5,False,0.26229508196721313,False,-0.7213114754098361,False,-0.7213114754098361,False,-0.7213114754098361,14.5,True,0.5517241379310345,False,-1.0,False,-1.0,False,-1.0,50-75%
2023-04-25,down,0,55,1,0.5263157894736842,85.5,12950.0,20.0,25.0,False,5.76,True,0.8,True,1.655,True,2.51,9.75,False,14.76923076923077,True,2.051282051282051,True,4.243589743589744,True,6.435897435897436,50-75%
2023-04-25,down,0,100,2,0.12053571428571429,112.0,12910.75,7.25,6.25,True,0.0,False,-1.0,False,-1.0,False,-1.0,6.25,True,0.0,False,-1.0,False,-1.0,False,-1.0,<25%
2023-04-25,down,0,115,3,0.17857142857142858,112.0,12908.5,5.0,15.0,True,1.4166666666666667,True,0.3333333333333333,False,-1.0,False,-1.0,9.0,True,2.361111111111111,True,0.5555555555555556,False,-1.0,False,-1.0,<25%
2023-04-25,down,0,160,4,0.29239766081871343,128.25,12894.5,7.25,30.25,False,2.925619834710744,True,0.2396694214876033,True,1.2995867768595042,True,2.3595041322314048,21.0,False,4.214285714285714,True,0.34523809523809523,True,1.8720238095238095,True,3.3988095238095237,25-50%
2023-04-25,down,0,170,5,0.20652173913043478,161.0,12872.75,18.25,15.0,False,4.45,True,1.2166666666666666,True,3.9,False,4.283333333333333,15.0,False,4.45,True,1.2166666666666666,True,3.9,False,4.283333333333333,<25%
2023-04-25,down,0,250,6,0.2127371273712737,184.5,12841.0,10.0,29.25,False,1.1965811965811965,True,0.3418803418803419,False,1.1111111111111112,False,1.1111111111111112,25.0,False,1.4,True,0.4,False,1.3,False,1.3,<25%
2023-04-25,down,0,315,7,0.09640102827763496,194.5,12823.25,2.25,16.5,True,0.0,False,-1.0,False,-1.0,False,-1.0,16.5,True,0.0,False,-1.0,False,-1.0,False,-1.0,<25%
2023-04-26,down,245,250,1,0.1434108527131783,129.0,12891.0,7.75,10.75,True,2.5348837209302326,True,0.7209302325581395,False,-1.0,False,-1.0,10.75,True,2.5348837209302326,True,0.7209302325581395,False,-1.0,False,-1.0,<25%
2023-04-27,up,0,75,1,0.1623134328358209,134.0,13142.0,5.5,16.25,False,6.846153846153846,True,0.3384615384615385,True,2.4,True,4.461538461538462,16.25,False,6.846153846153846,True,0.3384615384615385,True,2.4,True,4.461538461538462,<25%
2023-04-27,up,0,110,2,0.08739495798319327,148.75,13158.0,4.25,8.75,False,10.885714285714286,True,0.4857142857142857,True,4.735714285714286,True,8.985714285714286,8.75,False,10.885714285714286,True,0.4857142857142857,True,4.735714285714286,True,8.985714285714286,<25%
2023-04-27,up,0,125,3,0.06532663316582915,149.25,13159.0,3.75,6.0,False,15.708333333333334,True,0.625,True,6.84375,True,13.0625,2.75,True,0.0,False,-1.0,False,-1.0,False,-1.0,<25%
2023-04-27,up,0,190,4,0.04491413474240423,189.25,13197.75,5.0,3.5,False,15.857142857142858,True,1.4285714285714286,True,14.946428571428571,False,9.571428571428571,3.5,False,15.857142857142858,True,1.4285714285714286,True,14.946428571428571,False,9.571428571428571,<25%
2023-04-27,up,0,200,5,0.07448107448107448,204.75,13210.0,8.25,7.0,True,0.0,False,-1.0,False,-1.0,False,-1.0,7.0,True,0.0,False,-1.0,False,-1.0,False,-1.0,<25%
2023-04-27,up,0,210,6,0.08913308913308914,204.75,13212.75,5.5,12.75,False,3.176470588235294,True,0.43137254901960786,False,1.4509803921568627,False,1.4509803921568627,11.0,False,3.6818181818181817,True,0.5,False,1.6818181818181819,False,1.6818181818181819,<25%
2023-04-27,up,0,285,7,0.08217716115261472,234.25,13245.5,2.25,17.0,True,0.45588235294117646,True,0.1323529411764706,False,-1.0,False,-1.0,12.0,True,0.6458333333333334,True,0.1875,False,-1.0,False,-1.0,<25%
2023-05-01,up,120,170,1,0.15012722646310434,98.25,13352.75,4.25,10.5,True,0.0,False,-1.0,False,-1.0,False,-1.0,10.5,True,0.0,False,-1.0,False,-1.0,False,-1.0,<25%
2023-05-01,up,120,195,2,0.15990453460620524,104.75,13350.5,13.0,3.75,True,0.0,False,-1.0,False,-1.0,False,-1.0,3.75,True,0.0,False,-1.0,False,-1.0,False,-1.0,<25%
2023-05-01,up,120,315,3,0.7446300715990454,104.75,13313.0,50.5,27.5,False,0.3090909090909091,False,-0.32727272727272727,False,-0.32727272727272727,False,-0.32727272727272727,11.25,True,0.7555555555555555,False,-1.0,False,-1.0,False,-1.0,50-75%
2023-05-01,down,45,50,1,0.38405797101449274,69.0,13265.0,1.75,24.75,True,0.25252525252525254,True,0.0707070707070707,False,-1.0,False,-1.0,24.75,True,0.25252525252525254,True,0.0707070707070707,False,-1.0,False,-1.0,25-50%
2023-05-02,down,0,40,1,0.14885496183206107,196.5,13129.25,12.5,16.75,True,1.1343283582089552,True,0.746268656716418,False,-1.0,False,-1.0,16.75,True,1.1343283582089552,True,0.746268656716418,False,-1.0,False,-1.0,<25%
2023-05-02,down,0,85,2,0.24876847290640394,203.0,13123.25,13.0,37.5,True,0.24666666666666667,False,-1.0,False,-1.0,False,-1.0,16.25,True,0.5692307692307692,False,-1.0,False,-1.0,False,-1.0,<25%
2023-05-02,down,0,220,3,0.5480295566502463,203.0,13176.75,66.5,44.75,False,0.2011173184357542,False,-0.1787709497206704,False,-0.1787709497206704,False,-0.1787709497206704,23.5,True,0.3829787234042553,False,-1.0,False,-1.0,False,-1.0,50-75%
2023-05-04,up,35,40,1,0.2890995260663507,105.5,13091.75,15.5,15.0,True,0.0,False,-1.0,False,-1.0,False,-1.0,15.0,True,0.0,False,-1.0,False,-1.0,False,-1.0,25-50%
2023-05-04,up,35,105,2,0.7251184834123223,105.5,13052.0,55.25,21.25,False,3.7294117647058824,True,2.6,False,-0.18823529411764706,False,-0.18823529411764706,11.75,True,6.74468085106383,True,4.702127659574468,False,-1.0,False,-1.0,50-75%
2023-05-04,up,35,300,3,0.7142857142857143,129.5,13078.25,53.0,39.5,False,0.3670886075949367,False,-0.7658227848101266,False,-0.7658227848101266,False,-0.7658227848101266,18.75,True,0.7733333333333333,False,-1.0,False,-1.0,False,-1.0,50-75%
2023-05-05,up,0,40,1,0.1986970684039088,153.5,13265.0,12.75,17.75,True,0.0,False,-1.0,False,-1.0,False,-1.0,17.75,True,0.0,False,-1.0,False,-1.0,False,-1.0,<25%
2023-05-05,up,0,55,2,0.23615635179153094,153.5,13272.25,5.5,30.75,True,0.04878048780487805,False,-1.0,False,-1.0,False,-1.0,16.25,True,0.09230769230769231,False,-1.0,False,-1.0,False,-1.0,<25%
2023-05-05,up,0,140,3,0.252442996742671,153.5,13260.25,17.5,21.25,False,4.647058823529412,True,0.8235294117647058,True,2.6294117647058823,True,4.435294117647059,12.0,False,8.229166666666666,True,1.4583333333333333,True,4.65625,True,7.854166666666667,25-50%
2023-05-05,up,0,190,4,0.04929577464788732,177.5,13299.75,2.0,6.75,False,8.777777777777779,True,0.2962962962962963,True,6.87037037037037,False,3.5925925925925926,6.75,False,8.777777777777779,True,0.2962962962962963,True,6.87037037037037,False,3.5925925925925926,<25%
2023-05-05,up,0,275,5,0.09584664536741214,234.75,13351.75,7.25,15.25,True,0.09836065573770492,False,-1.0,False,-1.0,False,-1.0,5.75,True,0.0,False,-1.0,False,-1.0,False,-1.0,<25%
2023-05-08,up,80,85,1,0.13284132841328414,67.75,13321.25,1.0,8.0,True,0.375,True,0.125,False,-1.0,False,-1.0,8.0,True,0.375,True,0.125,False,-1.0,False,-1.0,<25%
2023-05-08,up,80,95,2,0.16845878136200718,69.75,13322.25,2.0,9.75,True,0.0,False,-1.0,False,-1.0,False,-1.0,9.75,True,0.0,False,-1.0,False,-1.0,False,-1.0,<25%
2023-05-08,up,80,155,3,0.18421052631578946,76.0,13327.5,3.0,11.0,True,2.4545454545454546,True,0.2727272727272727,True,2.0,False,-1.0,11.0,True,2.4545454545454546,True,0.2727272727272727,True,2.0,False,-1.0,<25%
2023-05-08,up,80,265,4,0.1211453744493392,113.5,13361.75,6.25,7.5,True,0.0,False,-1.0,False,-1.0,False,-1.0,7.5,True,0.0,False,-1.0,False,-1.0,False,-1.0,<25%
2023-05-08,up,80,315,5,0.27312775330396477,113.5,13358.25,9.75,21.25,False,0.2235294117647059,False,-0.17647058823529413,False,-0.17647058823529413,False,-0.17647058823529413,5.75,True,0.0,False,-1.0,False,-1.0,False,-1.0,25-50%
2023-05-09,down,80,230,1,0.6244897959183674,61.25,13285.25,29.0,9.25,False,3.7567567567567566,True,3.135135135135135,False,2.054054054054054,False,2.054054054054054,8.5,False,4.088235294117647,True,3.411764705882353,False,2.235294117647059,False,2.235294117647059,50-75%
2023-05-11,up,55,85,1,0.3654390934844193,88.25,13441.5,8.25,24.0,True,0.7604166666666666,True,0.34375,False,-1.0,False,-1.0,13.5,True,0.0,False,-1.0,False,-1.0,False,-1.0,25-50%
2023-05-11,up,55,185,2,0.35368956743002544,98.25,13447.0,12.75,22.0,True,0.0,False,-1.0,False,-1.0,False,-1.0,11.5,True,0.0,False,-1.0,False,-1.0,False,-1.0,25-50%
2023-05-11,up,55,245,3,0.6743002544529262,98.25,13449.5,10.25,56.0,False,0.3705357142857143,True,0.18303571428571427,False,-0.04017857142857143,False,-0.04017857142857143,13.75,True,1.509090909090909,True,0.7454545454545455,False,-1.0,False,-1.0,50-75%
2023-05-12,down,0,50,1,0.18706697459584296,108.25,13385.75,6.75,13.5,True,1.1666666666666667,True,0.5,False,-1.0,False,-1.0,13.5,True,1.1666666666666667,True,0.5,False,-1.0,False,-1.0,<25%
2023-05-12,down,0,70,2,0.13859275053304904,117.25,13375.75,5.75,10.5,True,0.0,False,-1.0,False,-1.0,False,-1.0,10.5,True,0.0,False,-1.0,False,-1.0,False,-1.0,<25%
2023-05-12,down,0,200,3,0.3086053412462908,168.5,13331.0,12.25,39.75,True,0.5157232704402516,True,0.3081761006289308,False,-1.0,False,-1.0,13.5,True,1.5185185185185186,True,0.9074074074074074,False,-1.0,False,-1.0,25-50%
2023-05-12,down,0,220,4,0.13617021276595745,176.25,13315.25,4.25,19.75,True,0.24050632911392406,True,0.21518987341772153,False,-1.0,False,-1.0,19.75,True,0.24050632911392406,True,0.21518987341772153,False,-1.0,False,-1.0,<25%
2023-05-15,up,50,75,1,0.23563218390804597,87.0,13436.0,2.5,18.0,True,2.4444444444444446,True,0.1388888888888889,True,1.3472222222222223,False,-1.0,18.0,True,2.4444444444444446,True,0.1388888888888889,True,1.3472222222222223,False,-1.0,<25%
2023-05-15,up,50,105,2,0.16581632653061223,98.0,13448.75,0.75,15.5,True,0.0,False,-1.0,False,-1.0,False,-1.0,15.5,True,0.0,False,-1.0,False,-1.0,False,-1.0,<25%
2023-05-15,up,50,165,3,0.08365758754863813,128.5,13471.0,9.0,1.75,True,0.0,False,-1.0,False,-1.0,False,-1.0,1.75,True,0.0,False,-1.0,False,-1.0,False,-1.0,<25%
2023-05-15,up,50,325,4,0.48249027237354086,128.5,13472.0,8.0,54.0,False,0.0,False,0.0,False,0.0,False,0.0,15.25,False,0.0,False,0.0,False,0.0,False,0.0,25-50%
2023-05-16,up,25,30,1,0.22418136020151133,99.25,13520.5,13.25,9.0,True,1.3333333333333333,False,-1.0,False,-1.0,False,-1.0,9.0,True,1.3333333333333333,False,-1.0,False,-1.0,False,-1.0,<25%
2023-05-16,up,25,50,2,0.24433249370277077,99.25,13523.75,10.0,14.25,True,1.1929824561403508,True,0.7017543859649122,False,-1.0,False,-1.0,10.0,True,1.7,True,1.0,False,-1.0,False,-1.0,<25%
2023-05-16,up,25,125,3,0.18695652173913044,115.0,13548.0,1.5,20.0,True,0.325,True,0.075,False,-1.0,False,-1.0,11.25,True,0.5777777777777777,True,0.13333333333333333,False,-1.0,False,-1.0,<25%
2023-05-16,up,25,145,4,0.21041666666666667,120.0,13549.0,5.5,19.75,True,0.27848101265822783,True,0.27848101265822783,False,-1.0,False,-1.0,9.75,True,0.5641025641025641,True,0.5641025641025641,False,-1.0,False,-1.0,<25%
2023-05-16,up,25,195,5,0.25625,120.0,13542.25,12.25,18.5,True,0.33783783783783783,False,-1.0,False,-1.0,False,-1.0,12.5,True,0.28,False,-1.0,False,-1.0,False,-1.0,25-50%
2023-05-16,up,25,250,6,0.39375,120.0,13527.0,27.5,19.75,True,0.7721518987341772,False,-1.0,False,-1.0,False,-1.0,9.5,True,1.605263157894737,False,-1.0,False,-1.0,False,-1.0,25-50%
2023-05-17,up,65,85,1,0.22058823529411764,85.0,13554.25,6.25,12.5,True,0.08,False,-1.0,False,-1.0,False,-1.0,10.0,True,0.0,False,-1.0,False,-1.0,False,-1.0,<25%
2023-05-17,up,65,110,2,0.2735294117647059,85.0,13546.25,14.25,9.0,False,13.63888888888889,True,1.5833333333333333,True,3.9444444444444446,True,6.305555555555555,8.25,False,14.878787878787879,True,1.7272727272727273,True,4.303030303030303,True,6.878787878787879,25-50%
2023-05-17,up,65,205,3,0.06459948320413436,193.5,13667.25,1.75,10.75,True,0.0,False,-1.0,False,-1.0,False,-1.0,10.75,True,0.0,False,-1.0,False,-1.0,False,-1.0,<25%
2023-05-17,up,65,255,4,0.21963824289405684,193.5,13645.75,23.25,19.25,True,0.025974025974025976,False,-1.0,False,-1.0,False,-1.0,19.25,True,0.025974025974025976,False,-1.0,False,-1.0,False,-1.0,<25%
2023-05-17,up,65,275,5,0.25839793281653745,193.5,13651.75,17.25,32.75,False,0.31297709923664124,False,-0.21374045801526717,False,-0.21374045801526717,False,-0.21374045801526717,10.75,True,0.9534883720930233,False,-1.0,False,-1.0,False,-1.0,25-50%
2023-05-18,up,0,140,1,0.3987654320987654,202.5,13796.5,58.75,22.0,True,1.9545454545454546,False,-1.0,False,-1.0,False,-1.0,12.25,True,0.0,False,-1.0,False,-1.0,False,-1.0,25-50%
2023-05-18,up,0,240,2,0.4888888888888889,202.5,13794.0,61.25,37.75,False,2.8410596026490067,True,1.6225165562913908,False,2.5364238410596025,False,2.5364238410596025,5.5,False,19.5,True,11.136363636363637,False,17.40909090909091,False,17.40909090909091,25-50%
2023-05-18,up,0,325,3,0.09557344064386318,248.5,13889.75,11.5,12.25,False,0.0,False,0.0,False,0.0,False,0.0,12.25,False,0.0,False,0.0,False,0.0,False,0.0,<25%
2023-05-19,down,55,120,1,0.6042154566744731,106.75,13823.75,1.5,63.0,False,0.15079365079365079,True,0.023809523809523808,False,-0.5476190476190477,False,-0.5476190476190477,23.75,True,0.0,False,-1.0,False,-1.0,False,-1.0,50-75%
2023-05-19,down,55,195,2,0.5023255813953489,107.5,13849.75,28.25,25.75,False,1.3786407766990292,True,1.0970873786407767,False,-0.3300970873786408,False,-0.3300970873786408,10.75,True,3.302325581395349,True,2.627906976744186,False,-1.0,False,-1.0,50-75%
2023-05-19,down,55,255,3,0.2984749455337691,114.75,13824.0,9.75,24.5,True,0.030612244897959183,False,-1.0,False,-1.0,False,-1.0,10.0,True,0.0,False,-1.0,False,-1.0,False,-1.0,25-50%
2023-05-23,down,125,175,1,0.42401960784313725,102.0,13786.5,10.5,32.75,False,2.33587786259542,True,0.32061068702290074,True,1.099236641221374,True,1.8778625954198473,30.0,False,2.55,True,0.35,True,1.2,True,2.05,25-50%
2023-05-23,down,125,285,2,0.2368815592203898,166.75,13714.5,3.25,36.25,True,0.12413793103448276,True,0.0896551724137931,False,-1.0,False,-1.0,34.25,True,0.13138686131386862,True,0.0948905109489051,False,-1.0,False,-1.0,<25%
2023-05-23,down,125,320,3,0.28125,168.0,13736.5,26.5,20.75,False,0.6506024096385542,False,0.5301204819277109,False,0.5301204819277109,False,0.5301204819277109,17.75,False,0.7605633802816901,False,0.6197183098591549,False,0.6197183098591549,False,0.6197183098591549,25-50%
2023-05-24,down,20,210,1,0.7488479262672811,108.5,13618.75,52.25,29.0,True,0.5948275862068966,False,-1.0,False,-1.0,False,-1.0,29.0,True,0.5948275862068966,False,-1.0,False,-1.0,False,-1.0,50-75%
2023-05-25,up,40,105,1,0.48523985239852396,135.5,13977.25,9.5,56.25,False,0.96,True,0.1688888888888889,True,0.7711111111111111,False,0.017777777777777778,17.0,True,3.176470588235294,True,0.5588235294117647,True,2.551470588235294,False,-1.0,25-50%
2023-05-25,up,40,115,2,0.13398692810457516,153.0,13994.25,10.0,10.5,True,0.0,False,-1.0,False,-1.0,False,-1.0,10.5,True,0.0,False,-1.0,False,-1.0,False,-1.0,<25%
2023-05-25,up,40,165,3,0.24836601307189543,153.0,13984.75,19.5,18.5,True,2.5135135135135136,True,1.054054054054054,False,-1.0,False,-1.0,12.0,True,3.875,True,1.625,False,-1.0,False,-1.0,<25%
2023-05-25,up,40,225,4,0.26666666666666666,180.0,14013.5,17.75,30.25,True,0.03305785123966942,False,-1.0,False,-1.0,False,-1.0,12.5,True,0.0,False,-1.0,False,-1.0,False,-1.0,25-50%
2023-05-26,up,0,20,1,0.09100204498977506,244.5,14255.25,4.0,18.25,True,0.7671232876712328,True,0.2191780821917808,False,-1.0,False,-1.0,18.25,True,0.7671232876712328,True,0.2191780821917808,False,-1.0,False,-1.0,<25%
2023-05-26,up,0,60,2,0.1974459724950884,254.5,14256.5,12.75,37.5,False,2.986666666666667,True,0.34,True,2.0366666666666666,False,2.04,10.75,False,10.418604651162791,True,1.186046511627907,True,7.104651162790698,False,7.116279069767442,<25%
2023-05-26,up,0,95,3,0.07672188317349608,286.75,14294.5,7.0,15.0,False,4.933333333333334,True,0.4666666666666667,False,2.566666666666667,False,2.566666666666667,7.0,True,0.0,False,-1.0,False,-1.0,False,-1.0,<25%
2023-05-26,up,0,115,4,0.056265984654731455,293.25,14306.0,2.0,14.5,False,4.310344827586207,True,0.13793103448275862,False,1.8620689655172413,False,1.8620689655172413,14.5,False,4.310344827586207,True,0.13793103448275862,False,1.8620689655172413,False,1.8620689655172413,<25%
2023-05-26,up,0,230,5,0.13198757763975155,322.0,14323.75,13.0,29.5,False,1.5169491525423728,True,0.4406779661016949,False,0.3135593220338983,False,0.3135593220338983,13.5,False,3.314814814814815,True,0.9629629629629629,False,0.6851851851851852,False,0.6851851851851852,<25%
2023-05-26,up,0,310,6,0.11731448763250883,353.75,14350.25,18.25,23.25,True,0.11827956989247312,False,-1.0,False,-1.0,False,-1.0,23.25,True,0.11827956989247312,False,-1.0,False,-1.0,False,-1.0,<25%
2023-05-30,down,175,185,1,0.12549537648612946,189.25,14380.25,10.0,13.75,True,3.1636363636363636,True,0.7272727272727273,False,-1.0,False,-1.0,13.75,True,3.1636363636363636,True,0.7272727272727273,False,-1.0,False,-1.0,<25%
2023-05-31,down,45,105,1,0.3573667711598746,159.5,14283.5,30.75,26.25,True,1.2285714285714286,True,1.1714285714285715,False,-1.0,False,-1.0,16.25,True,1.9846153846153847,True,1.8923076923076922,False,-1.0,False,-1.0,25-50%
2023-06-01,up,10,50,1,0.22259136212624583,150.5,14388.25,14.25,19.25,False,7.2727272727272725,True,0.7402597402597403,True,2.6948051948051948,True,4.64935064935065,19.25,False,7.2727272727272725,True,0.7402597402597403,True,2.6948051948051948,True,4.64935064935065,<25%
2023-06-01,up,10,75,2,0.14262820512820512,156.0,14401.75,6.25,16.0,False,7.90625,True,0.390625,True,2.828125,True,5.265625,9.0,False,14.055555555555555,True,0.6944444444444444,True,5.027777777777778,True,9.36111111111111,<25%
2023-06-01,up,10,95,3,0.07022106631989597,192.25,14436.5,7.75,5.75,False,15.956521739130435,True,1.3478260869565217,True,9.706521739130435,False,6.391304347826087,5.75,False,15.956521739130435,True,1.3478260869565217,True,9.706521739130435,False,6.391304347826087,<25%
2023-06-01,up,10,255,4,0.08568548387096774,248.0,14495.0,5.0,16.25,True,2.046153846153846,True,0.3076923076923077,False,-1.0,False,-1.0,10.25,True,3.2439024390243905,True,0.4878048780487805,False,-1.0,False,-1.0,<25%
2023-06-01,up,10,265,5,0.052732502396931925,260.75,14503.5,9.25,4.5,True,5.5,True,2.0555555555555554,False,-1.0,False,-1.0,4.5,True,5.5,True,2.0555555555555554,False,-1.0,False,-1.0,<25%
2023-06-01,up,10,280,6,0.039269406392694065,273.75,14522.5,3.25,7.5,True,0.7666666666666667,True,0.43333333333333335,False,-1.0,False,-1.0,7.5,True,0.7666666666666667,True,0.43333333333333335,False,-1.0,False,-1.0,<25%
2023-06-05,up,20,35,1,0.2644230769230769,104.0,14669.75,2.0,25.5,True,0.9803921568627451,True,0.0784313725490196,False,-1.0,False,-1.0,25.5,True,0.9803921568627451,True,0.0784313725490196,False,-1.0,False,-1.0,25-50%
2023-06-05,up,20,100,2,0.33884297520661155,121.0,14684.25,4.5,36.5,True,0.2876712328767123,True,0.1232876712328767,False,-1.0,False,-1.0,12.0,True,0.7083333333333334,True,0.375,False,-1.0,False,-1.0,25-50%
2023-06-05,up,20,140,3,0.196,125.0,14688.75,4.0,20.5,True,0.2926829268292683,True,0.1951219512195122,False,-1.0,False,-1.0,11.5,True,0.5217391304347826,True,0.34782608695652173,False,-1.0,False,-1.0,<25%
2023-06-05,up,20,155,4,0.0984251968503937,127.0,14691.75,3.0,9.5,True,0.0,False,-1.0,False,-1.0,False,-1.0,9.5,True,0.0,False,-1.0,False,-1.0,False,-1.0,<25%
2023-06-05,down,240,270,1,0.45923460898502494,150.25,14562.5,18.0,51.0,False,0.37254901960784315,True,0.35294117647058826,False,-0.4852941176470588,False,-0.4852941176470588,51.0,False,0.37254901960784315,True,0.35294117647058826,False,-0.4852941176470588,False,-0.4852941176470588,25-50%
2023-06-05,down,240,325,2,0.41983471074380163,151.25,14587.25,43.75,19.75,False,0.0,False,-0.0,False,-0.0,False,-0.0,10.25,False,0.0,False,-0.0,False,-0.0,False,-0.0,25-50%
2023-06-06,up,15,75,1,0.6528117359413202,102.25,14596.75,10.0,56.75,True,0.47577092511013214,True,0.1762114537444934,False,-1.0,False,-1.0,22.0,True,1.2272727272727273,True,0.45454545454545453,False,-1.0,False,-1.0,50-75%
2023-06-06,up,15,155,2,0.8050314465408805,119.25,14560.5,63.25,32.75,False,1.297709923664122,False,0.7099236641221374,False,0.7099236641221374,False,0.7099236641221374,20.0,True,1.0,False,-1.0,False,-1.0,False,-1.0,75-100%
2023-06-07,down,5,70,1,0.2706270627062706,227.25,14455.0,7.25,54.25,False,2.7557603686635943,True,0.1336405529953917,True,1.1808755760368663,True,2.228110599078341,26.75,False,5.588785046728972,True,0.27102803738317754,True,2.3948598130841123,True,4.518691588785047,25-50%
2023-06-07,down,5,140,2,0.1791044776119403,301.5,14392.5,19.0,35.0,False,2.4857142857142858,True,0.5428571428571428,False,1.7357142857142858,False,1.7357142857142858,31.5,False,2.761904761904762,True,0.6031746031746031,False,1.9285714285714286,False,1.9285714285714286,<25%
2023-06-07,down,5,235,3,0.20344053851907254,334.25,14385.0,44.25,23.75,False,3.3473684210526318,True,1.8631578947368421,False,2.2421052631578946,False,2.2421052631578946,9.75,False,8.153846153846153,True,4.538461538461538,False,5.461538461538462,False,5.461538461538462,<25%
2023-06-07,down,5,255,4,0.0924683072334079,335.25,14349.5,9.75,21.25,True,0.3058823529411765,False,-1.0,False,-1.0,False,-1.0,14.5,True,0.4482758620689655,False,-1.0,False,-1.0,False,-1.0,<25%
2023-06-07,down,5,300,5,0.08136094674556213,338.0,14338.75,1.75,25.75,False,1.2912621359223302,True,0.06796116504854369,False,0.27184466019417475,False,0.27184466019417475,25.75,False,1.2912621359223302,True,0.06796116504854369,False,0.27184466019417475,False,0.27184466019417475,<25%
2023-06-08,up,10,55,1,0.16691729323308271,166.25,14491.0,3.25,24.5,True,1.3265306122448979,True,0.1326530612244898,False,-1.0,False,-1.0,17.25,True,1.8840579710144927,True,0.18840579710144928,False,-1.0,False,-1.0,<25%
2023-06-08,up,10,290,2,0.5242966751918159,195.5,14496.0,27.5,75.0,False,0.26,False,0.05,False,0.05,False,0.05,11.0,True,0.0,False,-1.0,False,-1.0,False,-1.0,50-75%
2023-06-09,down,55,85,1,0.2886762360446571,156.75,14531.5,0.75,44.5,True,0.7921348314606742,True,0.016853932584269662,False,-1.0,False,-1.0,35.0,True,1.0071428571428571,True,0.02142857142857143,False,-1.0,False,-1.0,25-50%
2023-06-09,down,55,125,2,0.16689280868385345,184.25,14509.5,6.25,24.5,True,0.5408163265306123,True,0.25510204081632654,False,-1.0,False,-1.0,20.25,True,0.654320987654321,True,0.30864197530864196,False,-1.0,False,-1.0,<25%
2023-06-09,down,55,225,3,0.6222222222222222,191.25,14593.25,97.0,22.0,False,2.5,False,1.6704545454545454,False,1.6704545454545454,False,1.6704545454545454,4.75,True,0.0,False,-1.0,False,-1.0,False,-1.0,50-75%
2023-06-12,up,15,40,1,0.7054545454545454,68.75,14803.5,29.25,19.25,False,9.727272727272727,True,1.5194805194805194,True,2.4123376623376624,True,3.3051948051948052,14.25,False,13.140350877192983,True,2.0526315789473686,True,3.258771929824561,True,4.464912280701754,50-75%
2023-06-12,up,15,115,2,0.27371273712737126,92.25,14845.25,11.0,14.25,False,10.210526315789474,True,0.7719298245614035,True,2.3903508771929824,True,4.008771929824562,8.75,False,16.62857142857143,True,1.2571428571428571,True,3.892857142857143,True,6.5285714285714285,25-50%
2023-06-12,up,15,140,3,0.19895287958115182,95.5,14853.75,5.75,13.25,False,10.339622641509434,True,0.4339622641509434,True,2.2358490566037736,True,4.037735849056604,8.0,False,17.125,True,0.71875,True,3.703125,True,6.6875,<25%
2023-06-12,up,15,185,4,0.1330049261083744,101.5,14861.5,4.0,9.5,False,13.605263157894736,True,0.42105263157894735,True,3.0921052631578947,True,5.7631578947368425,9.5,False,13.605263157894736,True,0.42105263157894735,True,3.0921052631578947,True,5.7631578947368425,<25%
2023-06-12,up,15,250,5,0.059782608695652176,138.0,14900.75,1.25,7.0,False,12.857142857142858,True,0.17857142857142858,True,5.107142857142857,True,10.035714285714286,7.0,False,12.857142857142858,True,0.17857142857142858,True,5.107142857142857,True,10.035714285714286,<25%
2023-06-12,up,15,305,6,0.1920374707259953,213.5,14973.25,4.25,36.75,False,0.47619047619047616,True,0.11564625850340136,False,0.3877551020408163,False,0.3877551020408163,18.0,False,0.9722222222222222,True,0.2361111111111111,False,0.7916666666666666,False,0.7916666666666666,<25%
2023-06-14,up,15,105,1,0.41896024464831805,163.5,15186.0,30.0,38.5,True,0.09740259740259741,False,-1.0,False,-1.0,False,-1.0,12.25,True,0.30612244897959184,False,-1.0,False,-1.0,False,-1.0,25-50%
2023-06-14,up,15,180,2,0.6100917431192661,163.5,15144.25,71.75,28.0,True,0.03571428571428571,False,-1.0,False,-1.0,False,-1.0,28.0,True,0.03571428571428571,False,-1.0,False,-1.0,False,-1.0,50-75%
2023-06-14,down,215,225,1,0.36666666666666664,240.0,15017.0,41.0,47.0,True,0.526595744680851,False,-1.0,False,-1.0,False,-1.0,32.75,True,0.7557251908396947,False,-1.0,False,-1.0,False,-1.0,25-50%
2023-06-14,down,215,285,2,0.9885416666666667,240.0,15123.0,147.0,90.25,False,0.28254847645429365,False,-0.889196675900277,False,-0.889196675900277,False,-0.889196675900277,15.25,True,0.0,False,-1.0,False,-1.0,False,-1.0,75-100%
2023-06-15,up,15,40,1,0.25223880597014925,167.5,15268.25,13.75,28.5,False,6.06140350877193,True,0.4824561403508772,True,1.9517543859649122,True,3.4210526315789473,16.5,False,10.469696969696969,True,0.8333333333333334,True,3.371212121212121,True,5.909090909090909,25-50%
2023-06-15,up,15,50,2,0.14285714285714285,175.0,15278.0,11.5,13.5,True,3.4444444444444446,True,0.8518518518518519,False,-1.0,False,-1.0,13.5,True,3.4444444444444446,True,0.8518518518518519,False,-1.0,False,-1.0,<25%
2023-06-15,up,15,175,3,0.2976190476190476,210.0,15306.0,18.5,44.0,False,3.0681818181818183,True,0.42045454545454547,True,1.6136363636363635,True,2.8068181818181817,16.5,False,8.181818181818182,True,1.121212121212121,True,4.303030303030303,True,7.484848484848484,25-50%
2023-06-15,up,15,235,4,0.16633266533066132,249.5,15356.25,7.75,33.75,False,2.511111111111111,True,0.22962962962962963,True,2.077777777777778,False,0.6296296296296297,18.0,False,4.708333333333333,True,0.4305555555555556,True,3.8958333333333335,False,1.1805555555555556,<25%
2023-06-16,down,240,255,1,0.15346534653465346,151.5,15329.0,5.0,18.25,False,3.863013698630137,True,0.273972602739726,True,2.3493150684931505,False,2.9726027397260273,10.0,False,7.05,True,0.5,True,4.2875,False,5.425,<25%
2023-06-16,down,240,320,2,0.22762148337595908,195.5,15280.75,0.75,43.75,False,0.5085714285714286,True,0.017142857142857144,False,0.13714285714285715,False,0.13714285714285715,35.0,False,0.6357142857142857,True,0.02142857142857143,False,0.17142857142857143,False,0.17142857142857143,<25%
2023-06-21,down,10,300,1,0.6797235023041475,217.0,15067.25,65.0,82.5,False,0.4121212121212121,False,0.26666666666666666,False,0.26666666666666666,False,0.26666666666666666,33.25,False,1.0225563909774436,False,0.6616541353383458,False,0.6616541353383458,False,0.6616541353383458,50-75%
2023-06-22,up,70,190,1,0.4539170506912442,217.0,15143.5,37.5,61.0,False,1.221311475409836,True,0.6147540983606558,False,1.1475409836065573,False,1.1475409836065573,18.75,False,3.973333333333333,True,2.0,False,3.7333333333333334,False,3.7333333333333334,25-50%
2023-06-22,up,70,305,2,0.19716775599128541,229.5,15186.75,6.75,38.5,False,0.8116883116883117,True,0.17532467532467533,False,0.6948051948051948,False,0.6948051948051948,25.5,False,1.2254901960784315,True,0.2647058823529412,False,1.0490196078431373,False,1.0490196078431373,<25%
2023-06-23,up,105,125,1,0.18309859154929578,142.0,15115.25,12.0,14.0,True,2.857142857142857,True,0.8571428571428571,False,-1.0,False,-1.0,14.0,True,2.857142857142857,True,0.8571428571428571,False,-1.0,False,-1.0,<25%
2023-06-23,up,105,155,2,0.1649659863945578,147.0,15130.0,2.25,22.0,True,1.1477272727272727,True,0.10227272727272728,False,-1.0,False,-1.0,22.0,True,1.1477272727272727,True,0.10227272727272728,False,-1.0,False,-1.0,<25%
2023-06-26,down,40,90,1,0.2163323782234957,174.5,14983.5,5.5,32.25,False,4.0310077519379846,True,0.17054263565891473,True,1.5232558139534884,True,2.875968992248062,31.25,False,4.16,True,0.176,True,1.572,True,2.968,<25%
2023-06-26,down,40,105,2,0.13955928646379853,238.25,14925.75,11.5,21.75,True,2.1724137931034484,True,0.5287356321839081,False,-1.0,False,-1.0,21.75,True,2.1724137931034484,True,0.5287356321839081,False,-1.0,False,-1.0,<25%
2023-06-26,down,40,115,3,0.09710743801652892,242.0,14915.75,5.25,18.25,True,2.041095890410959,True,0.2876712328767123,False,-1.0,False,-1.0,18.25,True,2.041095890410959,True,0.2876712328767123,False,-1.0,False,-1.0,<25%
2023-06-26,down,40,135,4,0.09124087591240876,274.0,14885.75,7.25,17.75,True,0.11267605633802817,False,-1.0,False,-1.0,False,-1.0,17.75,True,0.11267605633802817,False,-1.0,False,-1.0,False,-1.0,<25%
2023-06-26,down,40,230,5,0.18704379562043796,274.0,14894.75,16.25,35.0,True,0.04285714285714286,False,-1.0,False,-1.0,False,-1.0,21.0,True,0.07142857142857142,False,-1.0,False,-1.0,False,-1.0,<25%
2023-06-26,down,40,320,6,0.08060230292294066,282.25,14883.5,13.25,9.5,False,3.1578947368421053,True,1.394736842105263,False,2.763157894736842,False,2.763157894736842,9.5,False,3.1578947368421053,True,1.394736842105263,False,2.763157894736842,False,2.763157894736842,<25%
2023-06-27,up,55,185,1,0.053268765133171914,206.5,15090.5,4.0,7.0,False,6.964285714285714,True,0.5714285714285714,False,2.5357142857142856,False,2.5357142857142856,7.0,False,6.964285714285714,True,0.5714285714285714,False,2.5357142857142856,False,2.5357142857142856,<25%
2023-06-27,up,55,280,2,0.12601626016260162,246.0,15130.75,3.25,27.75,True,0.3063063063063063,True,0.11711711711711711,False,-1.0,False,-1.0,16.0,True,0.53125,True,0.203125,False,-1.0,False,-1.0,<25%
2023-06-28,up,0,65,1,0.5116918844566712,181.75,15181.0,26.25,66.75,True,0.5692883895131086,True,0.39325842696629215,False,-1.0,False,-1.0,21.0,True,1.8095238095238095,True,1.25,False,-1.0,False,-1.0,50-75%
2023-06-28,up,0,155,2,0.8281653746770026,193.5,15090.75,128.25,32.0,False,1.8046875,False,1.5234375,False,1.5234375,False,1.5234375,5.0,True,0.0,False,-1.0,False,-1.0,False,-1.0,75-100%
2023-07-05,up,5,70,1,0.5663082437275986,139.5,15374.25,57.75,21.25,True,0.2823529411764706,False,-1.0,False,-1.0,False,-1.0,16.0,True,0.375,False,-1.0,False,-1.0,False,-1.0,50-75%
2023-07-05,up,5,255,2,0.7724014336917563,139.5,15379.0,53.0,54.75,False,0.2374429223744292,False,-0.3515981735159817,False,-0.3515981735159817,False,-0.3515981735159817,6.5,True,0.8461538461538461,False,-1.0,False,-1.0,False,-1.0,75-100%
2023-07-06,up,145,160,1,0.14224137931034483,116.0,15220.25,7.25,9.25,True,1.2702702702702702,True,0.7837837837837838,False,-1.0,False,-1.0,9.25,True,1.2702702702702702,True,0.7837837837837838,False,-1.0,False,-1.0,<25%
2023-07-06,up,145,250,2,0.2222222222222222,128.25,15237.25,2.5,26.0,False,0.5673076923076923,True,0.09615384615384616,False,-0.057692307692307696,False,-0.057692307692307696,14.5,True,1.0172413793103448,True,0.1724137931034483,False,-1.0,False,-1.0,<25%
2023-07-07,up,85,130,1,0.08121019108280254,157.0,15329.0,7.5,5.25,True,0.0,False,-1.0,False,-1.0,False,-1.0,5.25,True,0.0,False,-1.0,False,-1.0,False,-1.0,<25%
2023-07-07,up,85,145,2,0.0694006309148265,158.5,15333.5,4.5,6.5,True,4.038461538461538,True,0.6923076923076923,False,-1.0,False,-1.0,6.5,True,4.038461538461538,True,0.6923076923076923,False,-1.0,False,-1.0,<25%
2023-07-07,down,0,55,1,0.8350253807106599,98.5,15249.0,69.5,12.75,True,0.6470588235294118,False,-1.0,False,-1.0,False,-1.0,6.25,True,1.04,False,-1.0,False,-1.0,False,-1.0,75-100%
2023-07-10,down,95,210,1,0.7772277227722773,151.5,15136.75,73.5,44.25,True,0.062146892655367235,False,-1.0,False,-1.0,False,-1.0,18.75,True,0.14666666666666667,False,-1.0,False,-1.0,False,-1.0,75-100%
2023-07-11,up,85,205,1,0.5320284697508897,140.5,15203.5,46.5,28.25,True,0.17699115044247787,False,-1.0,False,-1.0,False,-1.0,12.75,True,0.39215686274509803,False,-1.0,False,-1.0,False,-1.0,50-75%
2023-07-11,up,85,250,2,0.6619217081850534,140.5,15186.75,63.25,29.75,False,3.092436974789916,True,2.1260504201680672,False,2.411764705882353,False,2.411764705882353,11.5,False,8.0,True,5.5,False,6.239130434782608,False,6.239130434782608,50-75%
2023-07-12,down,70,255,1,0.8183206106870229,163.75,15453.25,109.25,24.75,False,1.292929292929293,False,0.06060606060606061,False,0.06060606060606061,False,0.06060606060606061,13.0,True,0.8653846153846154,False,-1.0,False,-1.0,False,-1.0,75-100%
2023-07-13,up,85,100,1,0.11764705882352941,89.25,15637.5,4.0,6.5,True,1.0,True,0.6153846153846154,False,-1.0,False,-1.0,6.5,True,1.0,True,0.6153846153846154,False,-1.0,False,-1.0,<25%
2023-07-13,up,85,115,2,0.15294117647058825,106.25,15647.5,11.0,5.25,True,2.9523809523809526,True,2.0952380952380953,False,-1.0,False,-1.0,5.25,True,2.9523809523809526,True,2.0952380952380953,False,-1.0,False,-1.0,<25%
2023-07-13,up,85,125,3,0.1963882618510158,110.75,15651.25,11.75,10.0,True,0.025,False,-1.0,False,-1.0,False,-1.0,10.0,True,0.025,False,-1.0,False,-1.0,False,-1.0,<25%
2023-07-13,up,85,170,4,0.23476297968397292,110.75,15656.25,6.75,19.25,False,4.415584415584416,True,0.35064935064935066,True,1.7889610389610389,True,3.227272727272727,7.0,False,12.142857142857142,True,0.9642857142857143,True,4.919642857142857,True,8.875,<25%
2023-07-13,up,85,265,5,0.17318435754189945,134.25,15682.5,4.0,19.25,False,3.051948051948052,True,0.2077922077922078,True,1.9512987012987013,False,1.2207792207792207,7.0,False,8.392857142857142,True,0.5714285714285714,True,5.366071428571429,False,3.357142857142857,<25%
2023-07-14,down,235,290,1,0.17777777777777778,191.25,15675.0,9.0,25.0,True,0.48,True,0.36,False,-1.0,False,-1.0,19.5,True,0.48717948717948717,True,0.46153846153846156,False,-1.0,False,-1.0,<25%
2023-07-14,down,235,315,2,0.13559322033898305,191.75,15674.0,8.5,17.5,True,0.0,False,-1.0,False,-1.0,False,-1.0,17.5,True,0.0,False,-1.0,False,-1.0,False,-1.0,<25%
2023-07-17,up,60,190,1,0.4963325183374083,102.25,15801.25,9.75,41.0,False,1.9878048780487805,True,0.23780487804878048,True,0.8612804878048781,True,1.4847560975609757,13.75,False,5.927272727272728,True,0.7090909090909091,True,2.5681818181818183,True,4.427272727272728,25-50%
2023-07-18,up,70,85,1,0.1282051282051282,156.0,15882.0,7.0,13.0,True,1.0,True,0.5384615384615384,False,-1.0,False,-1.0,13.0,True,1.0,True,0.5384615384615384,False,-1.0,False,-1.0,<25%
2023-07-18,up,70,130,2,0.07197943444730077,194.5,15923.25,4.25,9.75,True,0.0,False,-1.0,False,-1.0,False,-1.0,9.75,True,0.0,False,-1.0,False,-1.0,False,-1.0,<25%
2023-07-18,up,70,195,3,0.0639269406392694,219.0,15949.0,3.0,11.0,False,7.340909090909091,True,0.2727272727272727,True,5.25,False,2.1818181818181817,11.0,False,7.340909090909091,True,0.2727272727272727,True,5.25,False,2.1818181818181817,<25%
2023-07-18,up,70,235,4,0.07410795974382434,273.25,15999.5,6.75,13.5,True,0.4074074074074074,False,-1.0,False,-1.0,False,-1.0,13.5,True,0.4074074074074074,False,-1.0,False,-1.0,False,-1.0,<25%
2023-07-18,up,70,250,5,0.07959743824336687,273.25,15999.75,6.5,15.25,True,1.9672131147540983,True,0.4262295081967213,False,-1.0,False,-1.0,15.25,True,1.9672131147540983,True,0.4262295081967213,False,-1.0,False,-1.0,<25%
2023-07-19,up,40,95,1,0.34332425068119893,91.75,16044.0,18.75,12.75,True,0.0,False,-1.0,False,-1.0,False,-1.0,12.75,True,0.0,False,-1.0,False,-1.0,False,-1.0,25-50%
2023-07-19,down,125,150,1,0.29347826086956524,115.0,15956.25,8.5,25.25,True,1.7821782178217822,True,0.33663366336633666,True,1.4752475247524752,False,-1.0,23.0,True,1.9565217391304348,True,0.3695652173913043,True,1.6195652173913044,False,-1.0,25-50%
2023-07-19,down,125,165,2,0.19101123595505617,133.5,15940.25,11.0,14.5,True,0.0,False,-1.0,False,-1.0,False,-1.0,14.25,True,0.0,False,-1.0,False,-1.0,False,-1.0,<25%
2023-07-19,down,125,180,3,0.19850187265917604,133.5,15934.5,5.25,21.25,True,0.35294117647058826,True,0.24705882352941178,False,-1.0,False,-1.0,17.75,True,0.4225352112676056,True,0.29577464788732394,False,-1.0,False,-1.0,<25%
2023-07-19,down,125,225,4,0.13367174280879865,147.75,15916.5,1.5,18.25,True,0.2876712328767123,True,0.0821917808219178,False,-1.0,False,-1.0,18.25,True,0.2876712328767123,True,0.0821917808219178,False,-1.0,False,-1.0,<25%
2023-07-19,down,125,255,5,0.2854785478547855,151.5,15939.5,28.25,15.0,True,0.3333333333333333,False,-1.0,False,-1.0,False,-1.0,13.0,True,0.38461538461538464,False,-1.0,False,-1.0,False,-1.0,25-50%
2023-07-20,down,0,110,1,0.438058748403576,195.75,15728.0,28.75,57.0,False,3.175438596491228,True,0.5043859649122807,True,1.3629385964912282,True,2.2214912280701755,22.75,False,7.956043956043956,True,1.2637362637362637,True,3.4148351648351647,True,5.565934065934066,25-50%
2023-07-20,down,0,145,2,0.14370546318289787,210.5,15693.25,8.75,21.5,True,0.6511627906976745,True,0.4069767441860465,False,-1.0,False,-1.0,17.0,True,0.8235294117647058,True,0.5147058823529411,False,-1.0,False,-1.0,<25%
2023-07-20,down,0,325,3,0.19181034482758622,348.0,15588.0,41.0,25.75,False,0.0,False,-0.0,False,-0.0,False,-0.0,12.0,False,0.0,False,-0.0,False,-0.0,False,-0.0,<25%
2023-07-25,up,70,125,1,0.3231552162849873,98.25,15674.5,11.5,20.25,False,3.049382716049383,True,0.5679012345679012,True,1.7808641975308641,True,2.993827160493827,12.0,False,5.145833333333333,True,0.9583333333333334,True,3.0052083333333335,True,5.052083333333333,25-50%
2023-07-26,up,245,290,1,0.971976401179941,169.5,15562.75,121.75,43.0,False,1.7151162790697674,False,1.1627906976744187,False,1.1627906976744187,False,1.1627906976744187,20.0,False,3.6875,False,2.5,False,2.5,False,2.5,75-100%
2023-07-26,down,25,35,1,0.2052313883299799,124.25,15535.75,20.75,4.75,True,0.0,False,-1.0,False,-1.0,False,-1.0,4.75,True,0.0,False,-1.0,False,-1.0,False,-1.0,<25%
2023-07-26,down,25,110,2,0.6720321931589537,124.25,15570.5,55.5,28.0,True,1.2767857142857142,False,-1.0,False,-1.0,False,-1.0,15.5,True,1.903225806451613,False,-1.0,False,-1.0,False,-1.0,50-75%
2023-07-27,down,165,210,1,0.15980024968789014,200.25,15717.5,13.75,18.25,False,11.301369863013699,True,0.7534246575342466,True,3.4965753424657535,True,6.239726027397261,18.25,False,11.301369863013699,True,0.7534246575342466,True,3.4965753424657535,True,6.239726027397261,<25%
2023-07-27,down,165,230,2,0.13288069835111543,257.75,15650.5,4.25,30.0,False,4.641666666666667,True,0.14166666666666666,True,2.2895833333333333,True,4.4375,30.0,False,4.641666666666667,True,0.14166666666666666,True,2.2895833333333333,True,4.4375,<25%
2023-07-28,up,0,65,1,0.11267605633802817,159.75,15871.75,3.75,14.25,True,1.7017543859649122,True,0.2631578947368421,False,-1.0,False,-1.0,14.25,True,1.7017543859649122,True,0.2631578947368421,False,-1.0,False,-1.0,<25%
2023-07-28,up,0,200,2,0.6740638002773925,180.25,15817.75,78.25,43.25,False,1.4797687861271676,False,0.7398843930635838,False,0.7398843930635838,False,0.7398843930635838,34.25,False,1.8686131386861313,False,0.9343065693430657,False,0.9343065693430657,False,0.9343065693430657,50-75%
2023-08-01,up,15,55,1,0.3833718244803695,108.25,15822.5,14.0,27.5,True,0.23636363636363636,False,-1.0,False,-1.0,False,-1.0,26.25,True,0.24761904761904763,False,-1.0,False,-1.0,False,-1.0,25-50%
2023-08-01,up,15,145,2,0.5404157043879908,108.25,15826.25,10.25,48.25,False,0.47668393782383417,True,0.21243523316062177,False,-0.19689119170984457,False,-0.19689119170984457,13.0,True,1.3653846153846154,True,0.7884615384615384,False,-1.0,False,-1.0,50-75%
2023-08-01,up,15,210,3,0.42116630669546434,115.75,15836.75,7.25,41.5,False,0.30120481927710846,True,0.1746987951807229,False,-0.4819277108433735,False,-0.4819277108433735,9.25,True,0.0,False,-1.0,False,-1.0,False,-1.0,25-50%
2023-08-02,down,15,20,1,0.12195121951219512,164.0,15507.0,2.25,17.75,False,5.23943661971831,True,0.1267605633802817,True,2.436619718309859,True,4.746478873239437,17.75,False,5.23943661971831,True,0.1267605633802817,True,2.436619718309859,True,4.746478873239437,<25%
2023-08-02,down,15,110,2,0.13346418056918546,254.75,15426.25,12.25,21.75,True,0.39080459770114945,False,-1.0,False,-1.0,False,-1.0,20.5,True,0.4146341463414634,False,-1.0,False,-1.0,False,-1.0,<25%
2023-08-02,down,15,195,3,0.3729146221786065,254.75,15479.0,65.0,30.0,True,0.6333333333333333,False,-1.0,False,-1.0,False,-1.0,15.25,True,1.2459016393442623,False,-1.0,False,-1.0,False,-1.0,25-50%
2023-08-02,down,15,280,4,0.39450441609421,254.75,15461.0,47.0,53.5,False,0.5373831775700935,False,-0.13551401869158877,False,-0.13551401869158877,False,-0.13551401869158877,10.25,True,2.8048780487804876,False,-1.0,False,-1.0,False,-1.0,25-50%
2023-08-03,up,45,225,1,0.4934687953555878,172.25,15471.0,52.5,32.5,True,0.3076923076923077,False,-1.0,False,-1.0,False,-1.0,21.25,True,0.38823529411764707,False,-1.0,False,-1.0,False,-1.0,25-50%
2023-08-04,up,115,125,1,0.07692307692307693,204.75,15594.0,3.5,12.25,True,1.3265306122448979,True,0.2857142857142857,False,-1.0,False,-1.0,12.25,True,1.3265306122448979,True,0.2857142857142857,False,-1.0,False,-1.0,<25%
2023-08-04,down,245,260,1,0.18592436974789917,238.0,15376.0,3.75,40.5,False,0.9753086419753086,True,0.09259259259259259,False,0.4444444444444444,False,0.4444444444444444,40.5,False,0.9753086419753086,True,0.09259259259259259,False,0.4444444444444444,False,0.4444444444444444,<25%
2023-08-04,down,245,275,2,0.1373134328358209,251.25,15366.75,7.75,26.75,True,0.0,False,-1.0,False,-1.0,False,-1.0,18.5,True,0.0,False,-1.0,False,-1.0,False,-1.0,<25%
2023-08-07,down,45,100,1,0.6618705035971223,139.0,15412.5,78.25,13.75,True,1.2181818181818183,False,-1.0,False,-1.0,False,-1.0,13.75,True,1.2181818181818183,False,-1.0,False,-1.0,False,-1.0,50-75%
2023-08-07,down,45,120,2,0.6672661870503597,139.0,15401.5,67.25,25.5,True,0.38235294117647056,False,-1.0,False,-1.0,False,-1.0,24.75,True,0.3939393939393939,False,-1.0,False,-1.0,False,-1.0,50-75%
2023-08-07,down,45,160,3,0.7464028776978417,139.0,15418.5,84.25,19.5,True,0.14102564102564102,False,-1.0,False,-1.0,False,-1.0,19.5,True,0.14102564102564102,False,-1.0,False,-1.0,False,-1.0,50-75%
2023-08-07,down,45,295,4,0.9406474820143885,139.0,15444.75,110.5,20.25,True,0.4567901234567901,False,-1.0,False,-1.0,False,-1.0,12.0,True,0.7708333333333334,False,-1.0,False,-1.0,False,-1.0,75-100%
2023-08-08,down,25,70,1,0.31545741324921134,158.5,15238.75,17.75,32.25,True,0.6434108527131783,True,0.5503875968992248,False,-1.0,False,-1.0,27.0,True,0.7685185185185185,True,0.6574074074074074,False,-1.0,False,-1.0,25-50%
2023-08-08,down,25,115,2,0.38235294117647056,161.5,15268.0,50.0,11.75,True,0.0,False,-1.0,False,-1.0,False,-1.0,9.75,True,0.0,False,-1.0,False,-1.0,False,-1.0,25-50%
2023-08-08,down,25,130,3,0.4613003095975232,161.5,15258.25,40.25,34.25,True,0.1386861313868613,False,-1.0,False,-1.0,False,-1.0,18.75,True,0.25333333333333335,False,-1.0,False,-1.0,False,-1.0,25-50%
2023-08-09,down,20,140,1,0.32545045045045046,222.0,15201.5,55.0,17.25,True,1.2173913043478262,False,-1.0,False,-1.0,False,-1.0,14.0,True,1.5,False,-1.0,False,-1.0,False,-1.0,25-50%
2023-08-09,down,20,260,2,0.7207207207207207,222.0,15272.75,126.25,33.75,False,3.1259259259259258,False,2.740740740740741,False,2.740740740740741,False,2.740740740740741,22.5,False,4.688888888888889,False,4.111111111111111,False,4.111111111111111,False,4.111111111111111,50-75%
2023-08-10,down,50,145,1,0.3434959349593496,246.0,15212.75,16.5,68.0,False,1.1286764705882353,True,0.2426470588235294,False,0.1801470588235294,False,0.1801470588235294,27.75,True,2.765765765765766,True,0.5945945945945946,False,-1.0,False,-1.0,25-50%
2023-08-10,down,50,175,2,0.08897485493230174,258.5,15199.75,16.0,7.0,True,9.107142857142858,True,2.2857142857142856,False,-1.0,False,-1.0,7.0,True,9.107142857142858,True,2.2857142857142856,False,-1.0,False,-1.0,<25%
2023-08-10,down,50,185,3,0.08995215311004785,261.25,15190.5,9.5,14.0,True,3.892857142857143,True,0.6785714285714286,False,-1.0,False,-1.0,14.0,True,3.892857142857143,True,0.6785714285714286,False,-1.0,False,-1.0,<25%
2023-08-10,down,50,295,4,0.3673469387755102,306.25,15205.25,69.25,43.25,False,0.7283236994219653,False,0.10982658959537572,False,0.10982658959537572,False,0.10982658959537572,19.75,False,1.5949367088607596,False,0.24050632911392406,False,0.24050632911392406,False,0.24050632911392406,25-50%
2023-08-11,down,60,275,1,0.7354014598540146,137.0,15091.5,54.25,46.5,False,0.23118279569892472,False,-0.20430107526881722,False,-0.20430107526881722,False,-0.20430107526881722,28.75,True,0.25217391304347825,False,-1.0,False,-1.0,False,-1.0,50-75%
2023-08-14,up,0,155,1,0.35563380281690143,213.0,15232.25,15.75,60.0,False,0.6875,True,0.2625,False,0.6708333333333333,False,0.6708333333333333,17.25,True,0.7971014492753623,False,-1.0,False,-1.0,False,-1.0,25-50%
2023-08-15,down,295,305,1,0.12027972027972028,178.75,15085.5,5.0,16.5,True,0.6515151515151515,True,0.30303030303030304,False,-1.0,False,-1.0,16.5,True,0.6515151515151515,True,0.30303030303030304,False,-1.0,False,-1.0,<25%
2023-08-16,down,85,95,1,0.22171945701357465,110.5,15038.5,5.0,19.5,True,2.628205128205128,True,0.2564102564102564,True,1.6730769230769231,False,-1.0,12.75,True,4.019607843137255,True,0.39215686274509803,True,2.5588235294117645,False,-1.0,<25%
2023-08-16,down,85,275,2,0.645412130637636,160.75,14998.0,14.75,89.0,False,0.6713483146067416,True,0.16573033707865167,True,0.6172752808988764,False,0.6629213483146067,18.5,False,3.22972972972973,True,0.7972972972972973,True,2.9695945945945947,False,3.189189189189189,50-75%
2023-08-16,down,85,290,3,0.1547314578005115,195.5,14959.5,11.0,19.25,True,0.15584415584415584,False,-1.0,False,-1.0,False,-1.0,19.25,True,0.15584415584415584,False,-1.0,False,-1.0,False,-1.0,<25%
2023-08-16,down,85,320,4,0.1969309462915601,195.5,14955.5,7.0,31.5,False,0.5476190476190477,True,0.2222222222222222,False,0.5238095238095238,False,0.5238095238095238,18.75,False,0.92,True,0.37333333333333335,False,0.88,False,0.88,<25%
2023-08-17,down,0,55,1,0.4228855721393035,150.75,14868.75,12.0,51.75,True,0.1932367149758454,False,-1.0,False,-1.0,False,-1.0,27.75,True,0.36036036036036034,False,-1.0,False,-1.0,False,-1.0,25-50%
2023-08-17,down,0,170,2,0.6683250414593698,150.75,14906.75,50.0,50.75,False,3.0,True,0.9852216748768473,True,1.727832512315271,True,2.4704433497536944,18.0,False,8.458333333333334,True,2.7777777777777777,True,4.871527777777778,True,6.965277777777778,50-75%
2023-08-17,down,0,220,3,0.1270096463022508,155.5,14861.0,9.0,10.75,False,9.906976744186046,True,0.8372093023255814,True,4.453488372093023,True,8.069767441860465,10.75,False,9.906976744186046,True,0.8372093023255814,True,4.453488372093023,True,8.069767441860465,<25%
2023-08-17,down,0,270,4,0.1097708082026538,207.25,14801.75,1.5,21.25,False,2.223529411764706,True,0.07058823529411765,False,1.388235294117647,False,1.388235294117647,21.25,False,2.223529411764706,True,0.07058823529411765,False,1.388235294117647,False,1.388235294117647,<25%
2023-08-17,down,0,290,5,0.12055335968379446,253.0,14768.0,13.5,17.0,True,0.0,False,-1.0,False,-1.0,False,-1.0,17.0,True,0.0,False,-1.0,False,-1.0,False,-1.0,<25%
2023-08-17,down,0,310,6,0.18774703557312253,253.0,14767.5,13.0,34.5,True,0.26811594202898553,False,-1.0,False,-1.0,False,-1.0,25.25,True,0.36633663366336633,False,-1.0,False,-1.0,False,-1.0,<25%
2023-08-18,up,30,180,1,0.5925925925925926,141.75,14721.0,30.0,54.0,False,1.5138888888888888,True,0.5555555555555556,True,1.2118055555555556,False,0.5416666666666666,20.5,True,0.0,False,-1.0,False,-1.0,False,-1.0,50-75%
2023-08-18,up,30,255,2,0.14285714285714285,169.75,14771.75,7.25,17.0,True,0.0,False,-1.0,False,-1.0,False,-1.0,17.0,True,0.0,False,-1.0,False,-1.0,False,-1.0,<25%
2023-08-18,up,30,310,3,0.33431516936671574,169.75,14772.5,6.5,50.25,False,0.6019900497512438,True,0.12935323383084577,False,-0.4427860696517413,False,-0.4427860696517413,21.75,True,1.3908045977011494,True,0.2988505747126437,False,-1.0,False,-1.0,25-50%
2023-08-21,up,180,245,1,0.1459170013386881,186.75,14966.75,8.75,18.5,False,2.5405405405405403,True,0.47297297297297297,False,1.0945945945945945,False,1.0945945945945945,11.25,False,4.177777777777778,True,0.7777777777777778,False,1.8,False,1.8,<25%
2023-08-21,up,180,280,2,0.08482676224611709,209.25,14994.5,3.5,14.25,True,0.7719298245614035,True,0.24561403508771928,False,-1.0,False,-1.0,14.25,True,0.7719298245614035,True,0.24561403508771928,False,-1.0,False,-1.0,<25%
2023-08-22,down,0,145,1,0.4031496062992126,158.75,14973.75,40.25,23.75,True,1.7578947368421052,True,1.694736842105263,False,-1.0,False,-1.0,22.0,True,1.8977272727272727,True,1.8295454545454546,False,-1.0,False,-1.0,25-50%
2023-08-22,down,0,220,2,0.22464898595943839,160.25,14952.25,20.25,15.75,True,0.5873015873015873,False,-1.0,False,-1.0,False,-1.0,15.75,True,0.5873015873015873,False,-1.0,False,-1.0,False,-1.0,<25%
2023-08-22,down,0,300,3,0.49297971918876754,160.25,14954.75,22.75,56.25,False,0.39555555555555555,False,-0.09777777777777778,False,-0.09777777777777778,False,-0.09777777777777778,16.75,False,1.328358208955224,False,-0.3283582089552239,False,-0.3283582089552239,False,-0.3283582089552239,25-50%
2023-08-23,up,10,80,1,0.14465408805031446,198.75,15190.75,7.5,21.25,True,0.7647058823529411,True,0.35294117647058826,False,-1.0,False,-1.0,14.25,True,1.1403508771929824,True,0.5263157894736842,False,-1.0,False,-1.0,<25%
2023-08-23,up,10,120,2,0.1891566265060241,207.5,15181.75,25.25,14.0,False,4.339285714285714,True,1.8035714285714286,False,1.1607142857142858,False,1.1607142857142858,12.0,False,5.0625,True,2.1041666666666665,False,1.3541666666666667,False,1.3541666666666667,<25%
2023-08-23,up,10,190,3,0.0673076923076923,234.0,15227.0,6.5,9.25,True,1.6756756756756757,True,0.7027027027027027,False,-1.0,False,-1.0,6.25,True,2.48,True,1.04,False,-1.0,False,-1.0,<25%
2023-08-23,up,10,270,4,0.23353909465020575,243.0,15217.5,25.0,31.75,True,0.49606299212598426,False,-1.0,False,-1.0,False,-1.0,25.0,True,0.63,False,-1.0,False,-1.0,False,-1.0,<25%
2023-08-24,down,0,25,1,0.13731825525040386,309.5,15039.25,9.0,33.5,False,5.507462686567164,True,0.26865671641791045,True,2.578358208955224,True,4.888059701492537,33.25,False,5.548872180451128,True,0.2706766917293233,True,2.5977443609022557,True,4.924812030075188,<25%
2023-08-24,down,0,60,2,0.07747489239598278,348.5,14996.5,5.25,21.75,True,2.4367816091954024,True,0.2413793103448276,False,-1.0,False,-1.0,21.75,True,2.4367816091954024,True,0.2413793103448276,False,-1.0,False,-1.0,<25%
2023-08-24,down,0,85,3,0.056782334384858045,396.25,14952.0,8.5,14.0,True,0.0,False,-1.0,False,-1.0,False,-1.0,14.0,True,0.0,False,-1.0,False,-1.0,False,-1.0,<25%
2023-08-24,down,0,150,4,0.24227129337539433,396.25,14986.5,43.0,53.0,False,2.4858490566037736,True,0.8113207547169812,False,2.400943396226415,False,2.400943396226415,19.75,True,0.0,False,-1.0,False,-1.0,False,-1.0,<25%
2023-08-24,down,0,275,5,0.08594229588704727,407.25,14936.5,4.0,31.0,False,2.6370967741935485,True,0.12903225806451613,False,2.4919354838709675,False,2.4919354838709675,21.25,False,3.847058823529412,True,0.18823529411764706,False,3.635294117647059,False,3.635294117647059,<25%
2023-08-24,down,0,290,6,0.06823671497584541,414.0,14930.75,5.0,23.25,False,3.2688172043010755,True,0.21505376344086022,False,3.075268817204301,False,3.075268817204301,23.25,False,3.2688172043010755,True,0.21505376344086022,False,3.075268817204301,False,3.075268817204301,<25%
2023-08-25,down,5,80,1,0.4696969696969697,297.0,14841.0,89.25,50.25,True,0.945273631840796,False,-1.0,False,-1.0,False,-1.0,34.0,True,1.3970588235294117,False,-1.0,False,-1.0,False,-1.0,25-50%
2023-08-25,down,5,140,2,0.49242424242424243,297.0,14853.75,102.0,44.25,True,0.1016949152542373,False,-1.0,False,-1.0,False,-1.0,34.25,True,0.13138686131386862,False,-1.0,False,-1.0,False,-1.0,25-50%
2023-08-25,down,5,165,3,0.5151515151515151,297.0,14873.5,121.75,31.25,True,1.16,False,-1.0,False,-1.0,False,-1.0,31.25,True,1.16,False,-1.0,False,-1.0,False,-1.0,50-75%
2023-08-25,down,5,315,4,0.9267676767676768,297.0,14987.75,236.0,39.25,False,0.5477707006369427,False,0.2611464968152866,False,0.2611464968152866,False,0.2611464968152866,28.5,False,0.7543859649122807,False,0.35964912280701755,False,0.35964912280701755,False,0.35964912280701755,75-100%
2023-08-28,down,70,105,1,0.270979020979021,143.0,15006.5,23.0,15.75,True,0.8571428571428571,False,-1.0,False,-1.0,False,-1.0,15.75,True,0.8571428571428571,False,-1.0,False,-1.0,False,-1.0,25-50%
2023-08-28,down,70,200,2,0.8496503496503497,143.0,15025.0,41.5,80.0,True,0.328125,False,-1.0,False,-1.0,False,-1.0,29.5,True,0.8898305084745762,False,-1.0,False,-1.0,False,-1.0,75-100%
2023-08-29,up,0,35,1,0.1470311027332705,265.25,15314.75,13.25,25.75,False,4.495145631067961,True,0.5145631067961165,True,3.0898058252427183,False,3.8349514563106797,14.25,False,8.12280701754386,True,0.9298245614035088,True,5.583333333333333,False,6.9298245614035086,<25%
2023-08-29,up,0,110,2,0.10200927357032458,323.5,15380.0,6.25,26.75,False,1.8878504672897196,True,0.2336448598130841,False,1.2523364485981308,False,1.2523364485981308,15.0,True,0.7333333333333333,True,0.4166666666666667,False,-1.0,False,-1.0,<25%
2023-08-29,up,0,120,3,0.04722010662604722,328.25,15387.5,3.5,12.0,True,0.0,False,-1.0,False,-1.0,False,-1.0,12.0,True,0.0,False,-1.0,False,-1.0,False,-1.0,<25%
2023-08-29,up,0,145,4,0.10662604722010663,328.25,15379.0,12.0,23.0,False,2.239130434782609,True,0.5217391304347826,False,1.5,False,1.5,10.5,True,0.0,False,-1.0,False,-1.0,False,-1.0,<25%
2023-08-29,up,0,225,5,0.12721893491124261,338.0,15390.25,10.5,32.5,False,1.2384615384615385,True,0.3230769230769231,False,0.7153846153846154,False,0.7153846153846154,9.0,False,4.472222222222222,True,1.1666666666666667,False,2.5833333333333335,False,2.5833333333333335,<25%
2023-08-29,up,0,240,6,0.032991202346041054,341.0,15399.25,4.5,6.75,True,0.0,False,-1.0,False,-1.0,False,-1.0,6.75,True,0.0,False,-1.0,False,-1.0,False,-1.0,<25%
2023-08-29,up,0,250,7,0.05304659498207885,348.75,15405.0,6.5,12.0,True,0.6875,True,0.5416666666666666,False,-1.0,False,-1.0,12.0,True,0.6875,True,0.5416666666666666,False,-1.0,False,-1.0,<25%
2023-08-29,up,0,275,8,0.06918687589158345,350.5,15405.0,8.25,16.0,False,1.59375,True,0.515625,False,0.53125,False,0.53125,5.5,False,4.636363636363637,True,1.5,False,1.5454545454545454,False,1.5454545454545454,<25%
2023-08-30,up,105,180,1,0.20473773265651438,147.75,15511.75,11.0,19.25,True,0.22077922077922077,False,-1.0,False,-1.0,False,-1.0,17.5,True,0.24285714285714285,False,-1.0,False,-1.0,False,-1.0,<25%
2023-08-30,up,105,250,2,0.49238578680203043,147.75,15504.75,18.0,54.75,False,0.2831050228310502,False,-0.0502283105022831,False,-0.0502283105022831,False,-0.0502283105022831,21.25,True,0.7294117647058823,False,-1.0,False,-1.0,False,-1.0,25-50%
2023-08-31,up,0,80,1,0.5720338983050848,118.0,15568.25,38.5,29.0,True,0.5,False,-1.0,False,-1.0,False,-1.0,12.0,True,0.0,False,-1.0,False,-1.0,False,-1.0,50-75%
2023-08-31,up,0,155,2,0.9639830508474576,118.0,15542.25,64.5,49.25,False,1.0913705583756346,False,-0.20304568527918782,False,-0.20304568527918782,False,-0.20304568527918782,12.5,False,4.3,False,-0.8,False,-0.8,False,-0.8,75-100%
2023-09-01,down,25,35,1,0.1493411420204978,170.75,15494.5,12.5,13.0,True,0.7115384615384616,False,-1.0,False,-1.0,False,-1.0,9.25,True,0.0,False,-1.0,False,-1.0,False,-1.0,<25%
2023-09-01,down,25,85,2,0.08513341804320203,196.75,15463.0,7.0,9.75,True,0.9230769230769231,True,0.717948717948718,False,-1.0,False,-1.0,9.75,True,0.9230769230769231,True,0.717948717948718,False,-1.0,False,-1.0,<25%
2023-09-01,down,25,230,3,0.3484276729559748,198.75,15479.0,25.0,44.25,True,0.4406779661016949,False,-1.0,False,-1.0,False,-1.0,15.0,True,1.3,False,-1.0,False,-1.0,False,-1.0,25-50%
2023-09-05,up,20,225,1,0.5512104283054003,134.25,15570.25,6.75,67.25,False,0.24535315985130113,True,0.10037174721189591,False,-0.5427509293680297,False,-0.5427509293680297,20.5,True,0.8048780487804879,True,0.32926829268292684,False,-1.0,False,-1.0,50-75%
2023-09-05,up,20,300,2,0.3246527777777778,144.0,15554.75,32.0,14.75,True,1.1864406779661016,False,-1.0,False,-1.0,False,-1.0,5.5,True,3.1818181818181817,False,-1.0,False,-1.0,False,-1.0,25-50%
2023-09-06,down,25,125,1,0.09707446808510638,188.0,15337.0,10.75,7.5,True,3.533333333333333,True,1.4333333333333333,False,-1.0,False,-1.0,7.5,True,3.533333333333333,True,1.4333333333333333,False,-1.0,False,-1.0,<25%
2023-09-06,down,25,205,2,0.3128834355828221,203.75,15357.0,46.5,17.25,True,0.6666666666666666,False,-1.0,False,-1.0,False,-1.0,14.5,True,0.7931034482758621,False,-1.0,False,-1.0,False,-1.0,25-50%
2023-09-07,up,10,60,1,0.4868686868686869,123.75,15254.5,26.75,33.5,True,0.3358208955223881,False,-1.0,False,-1.0,False,-1.0,33.5,True,0.3358208955223881,False,-1.0,False,-1.0,False,-1.0,25-50%
2023-09-07,up,10,110,2,0.6767676767676768,123.75,15257.75,23.5,60.25,False,0.8962655601659751,True,0.3900414937759336,False,0.3153526970954357,False,0.3153526970954357,21.25,True,0.7058823529411765,False,-1.0,False,-1.0,False,-1.0,50-75%
2023-09-07,up,10,260,3,0.34686346863468637,135.5,15287.25,5.75,41.25,False,0.593939393939394,True,0.1393939393939394,False,-0.2545454545454545,False,-0.2545454545454545,18.5,True,0.5540540540540541,True,0.3108108108108108,False,-1.0,False,-1.0,25-50%
2023-09-07,up,10,310,4,0.26785714285714285,140.0,15292.25,5.25,32.25,False,0.6046511627906976,True,0.16279069767441862,False,-0.4806201550387597,False,-0.4806201550387597,24.75,True,0.7878787878787878,True,0.21212121212121213,False,-1.0,False,-1.0,25-50%
2023-09-08,down,270,295,1,0.16111111111111112,135.0,15264.25,8.5,13.25,True,0.0,False,-1.0,False,-1.0,False,-1.0,9.75,True,0.0,False,-1.0,False,-1.0,False,-1.0,<25%
2023-09-11,up,180,205,1,0.0872865275142315,131.75,15667.25,1.75,9.75,True,0.3076923076923077,True,0.1794871794871795,False,-1.0,False,-1.0,9.75,True,0.3076923076923077,True,0.1794871794871795,False,-1.0,False,-1.0,<25%
2023-09-11,up,180,225,2,0.09009009009009009,138.75,15674.5,1.5,11.0,True,1.9545454545454546,True,0.13636363636363635,False,-1.0,False,-1.0,11.0,True,1.9545454545454546,True,0.13636363636363635,False,-1.0,False,-1.0,<25%
2023-09-11,up,180,255,3,0.11053540587219343,144.75,15678.5,3.5,12.5,True,0.36,True,0.28,False,-1.0,False,-1.0,11.75,True,0.3829787234042553,True,0.2978723404255319,False,-1.0,False,-1.0,<25%
2023-09-12,down,5,15,1,0.2398989898989899,99.0,15574.5,14.75,9.0,True,6.416666666666667,True,1.6388888888888888,True,4.388888888888889,False,-1.0,9.0,True,6.416666666666667,True,1.6388888888888888,True,4.388888888888889,False,-1.0,<25%
2023-09-12,down,5,45,2,0.13908450704225353,142.0,15524.75,8.0,11.75,True,0.0,False,-1.0,False,-1.0,False,-1.0,11.75,True,0.0,False,-1.0,False,-1.0,False,-1.0,<25%
2023-09-12,down,5,85,3,0.3503521126760563,142.0,15553.75,37.0,12.75,True,0.0,False,-1.0,False,-1.0,False,-1.0,9.0,True,0.0,False,-1.0,False,-1.0,False,-1.0,25-50%
2023-09-12,down,5,115,4,0.426056338028169,142.0,15563.75,47.0,13.5,True,1.1296296296296295,False,-1.0,False,-1.0,False,-1.0,8.0,True,1.90625,False,-1.0,False,-1.0,False,-1.0,25-50%
2023-09-12,down,5,195,5,0.6971830985915493,142.0,15556.25,39.5,59.5,False,1.218487394957983,True,0.6638655462184874,False,0.9831932773109243,False,0.9831932773109243,12.75,False,5.686274509803922,True,3.0980392156862746,False,4.588235294117647,False,4.588235294117647,50-75%
2023-09-12,down,5,275,6,0.06525037936267071,164.75,15495.0,1.0,9.75,True,1.1538461538461537,True,0.10256410256410256,False,-1.0,False,-1.0,9.75,True,1.1538461538461537,True,0.10256410256410256,False,-1.0,False,-1.0,<25%
2023-09-12,down,5,325,7,0.16714285714285715,175.0,15497.75,14.0,15.25,False,0.0,False,-0.0,False,-0.0,False,-0.0,13.75,False,0.0,False,-0.0,False,-0.0,False,-0.0,<25%
2023-09-13,up,30,115,1,0.4431438127090301,149.5,15592.5,11.25,55.0,True,0.4954545454545455,True,0.20454545454545456,False,-1.0,False,-1.0,10.25,True,0.0,False,-1.0,False,-1.0,False,-1.0,25-50%
2023-09-13,up,30,160,2,0.15599343185550082,152.25,15594.25,12.25,11.5,True,2.217391304347826,True,1.065217391304348,False,-1.0,False,-1.0,6.5,True,3.923076923076923,True,1.8846153846153846,False,-1.0,False,-1.0,<25%
2023-09-13,up,30,235,3,0.2583081570996979,165.5,15593.0,26.75,16.0,True,0.0,False,-1.0,False,-1.0,False,-1.0,8.25,True,0.0,False,-1.0,False,-1.0,False,-1.0,25-50%
2023-09-14,up,10,130,1,0.28486646884273,168.5,15676.25,23.25,24.75,False,1.5454545454545454,True,0.9393939393939394,False,-0.15151515151515152,False,-0.15151515151515152,10.0,True,3.3,True,2.325,False,-1.0,False,-1.0,25-50%
2023-09-14,up,10,180,2,0.14726507713884993,178.25,15704.0,5.25,21.0,True,0.15476190476190477,False,-1.0,False,-1.0,False,-1.0,11.75,True,0.2765957446808511,False,-1.0,False,-1.0,False,-1.0,<25%
2023-09-15,down,20,60,1,0.11371629542790153,213.25,15418.25,4.0,20.25,True,0.30864197530864196,True,0.19753086419753085,False,-1.0,False,-1.0,20.25,True,0.30864197530864196,True,0.19753086419753085,False,-1.0,False,-1.0,<25%
2023-09-15,down,20,150,2,0.25986078886310904,215.5,15440.0,28.0,28.0,False,2.9732142857142856,True,1.0,True,2.924107142857143,False,1.7589285714285714,23.75,False,3.5052631578947366,True,1.1789473684210525,True,3.4473684210526314,False,2.0736842105263156,25-50%
2023-09-15,down,20,215,3,0.1523809523809524,262.5,15380.0,15.0,25.0,True,0.93,True,0.6,False,-1.0,False,-1.0,16.0,True,1.453125,True,0.9375,False,-1.0,False,-1.0,<25%
2023-09-15,down,20,310,4,0.21052631578947367,270.75,15382.75,26.0,31.0,False,0.43548387096774194,False,-0.25806451612903225,False,-0.25806451612903225,False,-0.25806451612903225,10.0,True,0.0,False,-1.0,False,-1.0,False,-1.0,<25%
2023-09-18,up,70,135,1,0.1483050847457627,118.0,15455.75,5.25,12.25,True,0.0,False,-1.0,False,-1.0,False,-1.0,12.25,True,0.0,False,-1.0,False,-1.0,False,-1.0,<25%
2023-09-18,up,70,170,2,0.3093220338983051,118.0,15445.75,15.25,21.25,True,0.5411764705882353,False,-1.0,False,-1.0,False,-1.0,13.75,True,0.8363636363636363,False,-1.0,False,-1.0,False,-1.0,25-50%
2023-09-19,up,200,240,1,0.17158671586715868,135.5,15377.75,6.25,17.0,True,1.7794117647058822,True,0.36764705882352944,False,-1.0,False,-1.0,16.0,True,1.890625,True,0.390625,False,-1.0,False,-1.0,<25%
2023-09-19,up,200,295,2,0.438871473354232,159.5,15361.0,47.0,23.0,False,1.2608695652173914,False,0.7065217391304348,False,0.7065217391304348,False,0.7065217391304348,11.25,False,2.577777777777778,False,1.4444444444444444,False,1.4444444444444444,False,1.4444444444444444,25-50%
2023-09-19,down,5,25,1,0.21042084168336672,124.75,15253.5,5.0,21.25,True,0.12941176470588237,False,-1.0,False,-1.0,False,-1.0,9.5,True,0.0,False,-1.0,False,-1.0,False,-1.0,<25%
2023-09-20,down,30,65,1,0.16904761904761906,105.0,15331.25,1.0,16.75,True,0.16417910447761194,True,0.05970149253731343,False,-1.0,False,-1.0,16.75,True,0.16417910447761194,True,0.05970149253731343,False,-1.0,False,-1.0,<25%
2023-09-20,down,30,160,2,0.5269320843091335,106.75,15369.75,41.25,15.0,True,0.4166666666666667,False,-1.0,False,-1.0,False,-1.0,11.0,True,0.5681818181818182,False,-1.0,False,-1.0,False,-1.0,50-75%
2023-09-20,down,30,175,3,0.5456674473067916,106.75,15368.0,39.5,18.75,True,4.373333333333333,True,2.1066666666666665,True,3.53,False,-1.0,8.75,True,2.4,False,-1.0,False,-1.0,False,-1.0,50-75%
2023-09-20,down,30,215,4,0.3232830820770519,149.25,15307.25,21.25,27.0,True,0.5,False,-1.0,False,-1.0,False,-1.0,27.0,True,0.5,False,-1.0,False,-1.0,False,-1.0,25-50%
2023-09-20,down,30,255,5,0.7102177554438861,149.25,15313.75,27.75,78.25,False,2.1246006389776357,True,0.3546325878594249,True,0.8314696485623003,True,1.3083067092651757,47.5,False,3.5,True,0.5842105263157895,True,1.3697368421052631,True,2.155263157894737,50-75%
2023-09-20,down,30,320,6,0.09317963496637849,260.25,15179.75,4.75,19.5,False,1.6538461538461537,True,0.24358974358974358,False,1.4102564102564104,False,1.4102564102564104,19.5,False,1.6538461538461537,True,0.24358974358974358,False,1.4102564102564104,False,1.4102564102564104,<25%
2023-09-22,up,0,15,1,0.19305856832971802,115.25,14996.0,7.25,15.0,True,2.1,True,0.48333333333333334,False,-1.0,False,-1.0,10.0,True,0.0,False,-1.0,False,-1.0,False,-1.0,<25%
2023-09-22,up,0,55,2,0.27079303675048355,129.25,15010.5,6.75,28.25,True,0.6017699115044248,True,0.23893805309734514,False,-1.0,False,-1.0,19.0,True,0.8947368421052632,True,0.35526315789473684,False,-1.0,False,-1.0,25-50%
2023-09-22,down,220,295,1,0.6976744186046512,161.25,14951.75,85.5,27.0,False,3.675925925925926,True,3.1666666666666665,False,3.1481481481481484,False,3.1481481481481484,16.5,False,6.015151515151516,True,5.181818181818182,False,5.151515151515151,False,5.151515151515151,50-75%
2023-09-25,up,45,305,1,0.6097560975609756,153.75,14911.0,25.25,68.5,False,0.4124087591240876,True,0.3686131386861314,False,0.3759124087591241,False,0.3759124087591241,22.0,True,0.10227272727272728,False,-1.0,False,-1.0,False,-1.0,50-75%
2023-09-26,down,185,260,1,0.10064935064935066,154.0,14695.5,3.25,12.25,True,0.0,False,-1.0,False,-1.0,False,-1.0,12.25,True,0.0,False,-1.0,False,-1.0,False,-1.0,<25%
2023-09-26,down,185,300,2,0.08403361344537816,178.5,14669.5,1.75,13.25,True,0.24528301886792453,True,0.1320754716981132,False,-1.0,False,-1.0,13.25,True,0.24528301886792453,True,0.1320754716981132,False,-1.0,False,-1.0,<25%
2023-09-27,down,20,65,1,0.5,124.0,14713.25,31.25,30.75,True,4.138211382113822,True,1.016260162601626,True,2.024390243902439,True,3.032520325203252,25.5,True,4.990196078431373,True,1.2254901960784315,True,2.4411764705882355,True,3.656862745098039,25-50%
2023-09-27,down,20,145,2,0.2519201228878648,162.75,14657.0,13.75,27.25,True,0.03669724770642202,False,-1.0,False,-1.0,False,-1.0,11.25,True,0.0,False,-1.0,False,-1.0,False,-1.0,25-50%
2023-09-27,down,20,160,3,0.2565284178187404,162.75,14648.75,5.5,36.25,True,1.7310344827586206,True,0.15172413793103448,True,1.2741379310344827,False,-1.0,32.5,True,1.9307692307692308,True,0.16923076923076924,True,1.4211538461538462,False,-1.0,25-50%
2023-09-27,down,20,215,4,0.175,220.0,14603.0,17.0,21.5,True,0.3953488372093023,False,-1.0,False,-1.0,False,-1.0,20.75,True,0.40963855421686746,False,-1.0,False,-1.0,False,-1.0,<25%
2023-09-28,up,15,100,1,0.07497565725413827,256.75,14909.25,5.5,13.75,True,2.7818181818181817,True,0.4,False,-1.0,False,-1.0,13.75,True,2.7818181818181817,True,0.4,False,-1.0,False,-1.0,<25%
2023-09-28,up,15,155,2,0.3022452504317789,289.5,14893.5,54.0,33.5,True,0.43283582089552236,False,-1.0,False,-1.0,False,-1.0,33.5,True,0.43283582089552236,False,-1.0,False,-1.0,False,-1.0,25-50%
2023-09-28,up,15,220,3,0.40328151986183075,289.5,14871.0,76.5,40.25,True,0.32298136645962733,False,-1.0,False,-1.0,False,-1.0,30.25,True,0.4297520661157025,False,-1.0,False,-1.0,False,-1.0,25-50%
2023-09-28,up,15,265,4,0.47063903281519864,289.5,14843.5,104.0,32.25,False,2.1705426356589146,False,0.46511627906976744,False,0.46511627906976744,False,0.46511627906976744,27.0,False,2.5925925925925926,False,0.5555555555555556,False,0.5555555555555556,False,0.5555555555555556,25-50%
2023-09-29,down,55,75,1,0.1706896551724138,145.0,14929.5,13.75,11.0,True,0.0,False,-1.0,False,-1.0,False,-1.0,11.0,True,0.0,False,-1.0,False,-1.0,False,-1.0,<25%
2023-09-29,down,55,100,2,0.3006535947712418,153.0,14919.25,11.5,34.5,True,0.15217391304347827,False,-1.0,False,-1.0,False,-1.0,34.5,True,0.15217391304347827,False,-1.0,False,-1.0,False,-1.0,25-50%
2023-09-29,down,55,235,3,0.1762295081967213,244.0,14821.75,5.0,38.0,True,0.28289473684210525,True,0.13157894736842105,False,-1.0,False,-1.0,38.0,True,0.28289473684210525,True,0.13157894736842105,False,-1.0,False,-1.0,<25%
2023-10-02,up,45,170,1,0.9041614123581336,198.25,14906.0,140.0,39.25,True,1.3248407643312101,False,-1.0,False,-1.0,False,-1.0,12.75,True,4.078431372549019,False,-1.0,False,-1.0,False,-1.0,75-100%
2023-10-02,up,45,265,2,0.9167717528373266,198.25,14893.25,152.75,29.0,False,3.310344827586207,False,3.2672413793103448,False,3.2672413793103448,False,3.2672413793103448,14.0,True,0.0,False,-1.0,False,-1.0,False,-1.0,75-100%
2023-10-03,down,5,80,1,0.11545801526717557,262.0,14713.25,0.5,29.75,True,0.09243697478991597,True,0.01680672268907563,False,-1.0,False,-1.0,23.5,True,0.11702127659574468,True,0.02127659574468085,False,-1.0,False,-1.0,<25%
2023-10-03,down,5,130,2,0.24976348155156103,264.25,14753.0,42.5,23.5,True,0.14893617021276595,False,-1.0,False,-1.0,False,-1.0,23.5,True,0.14893617021276595,False,-1.0,False,-1.0,False,-1.0,<25%
2023-10-03,down,5,155,3,0.28192999053926204,264.25,14756.0,45.5,29.0,False,3.603448275862069,True,1.5689655172413792,False,1.2586206896551724,False,1.2586206896551724,24.25,False,4.309278350515464,True,1.8762886597938144,False,1.5051546391752577,False,1.5051546391752577,25-50%
2023-10-03,down,5,275,4,0.1506172839506173,303.75,14681.25,10.25,35.5,True,0.8380281690140845,True,0.2887323943661972,False,-1.0,False,-1.0,23.75,True,1.2526315789473683,True,0.43157894736842106,False,-1.0,False,-1.0,<25%
2023-10-04,up,45,80,1,0.19931271477663232,145.5,14872.75,7.25,21.75,True,1.206896551724138,True,0.3333333333333333,False,-1.0,False,-1.0,21.75,True,1.206896551724138,True,0.3333333333333333,False,-1.0,False,-1.0,<25%
2023-10-04,up,45,105,2,0.25379939209726443,164.5,14878.0,21.0,20.75,True,0.7469879518072289,False,-1.0,False,-1.0,False,-1.0,19.5,True,0.0,False,-1.0,False,-1.0,False,-1.0,25-50%
2023-10-04,up,45,225,3,0.5531914893617021,164.5,14846.0,53.0,38.0,True,0.0,False,-1.0,False,-1.0,False,-1.0,15.25,True,0.0,False,-1.0,False,-1.0,False,-1.0,50-75%
2023-10-04,up,45,245,4,0.5775075987841946,164.5,14849.75,49.25,45.75,False,2.3224043715846996,True,1.0765027322404372,True,1.9754098360655739,False,1.530054644808743,23.25,False,4.56989247311828,True,2.118279569892473,True,3.8870967741935485,False,3.010752688172043,50-75%
2023-10-04,up,45,290,5,0.1,195.0,14925.25,4.25,15.25,True,2.0163934426229506,True,0.2786885245901639,False,-1.0,False,-1.0,15.25,True,2.0163934426229506,True,0.2786885245901639,False,-1.0,False,-1.0,<25%
2023-10-05,down,5,15,1,0.12709832134292565,208.5,14725.0,7.0,19.5,True,0.0,False,-1.0,False,-1.0,False,-1.0,19.5,True,0.0,False,-1.0,False,-1.0,False,-1.0,<25%
2023-10-05,down,5,130,2,0.5517241379310345,210.25,14801.5,85.25,30.75,True,0.983739837398374,False,-1.0,False,-1.0,False,-1.0,6.75,True,2.3333333333333335,False,-1.0,False,-1.0,False,-1.0,50-75%
2023-10-06,up,0,10,1,0.17543859649122806,185.25,14878.25,9.25,23.25,False,12.129032258064516,True,0.3978494623655914,True,2.389784946236559,True,4.381720430107527,23.25,False,12.129032258064516,True,0.3978494623655914,True,2.389784946236559,True,4.381720430107527,<25%
2023-10-06,up,0,25,2,0.21482412060301506,199.0,14884.25,17.0,25.75,False,10.718446601941748,True,0.6601941747572816,True,2.592233009708738,True,4.524271844660194,25.75,False,10.718446601941748,True,0.6601941747572816,True,2.592233009708738,True,4.524271844660194,<25%
2023-10-06,up,0,95,3,0.0641025641025641,370.5,15054.5,18.25,5.5,True,0.0,False,-1.0,False,-1.0,False,-1.0,5.5,True,0.0,False,-1.0,False,-1.0,False,-1.0,<25%
2023-10-06,up,0,130,4,0.14439946018893388,370.5,15048.75,24.0,29.5,False,3.7796610169491527,True,0.8135593220338984,False,2.1864406779661016,False,2.1864406779661016,19.75,False,5.6455696202531644,True,1.2151898734177216,False,3.2658227848101267,False,3.2658227848101267,<25%
2023-10-06,up,0,305,5,0.04061470911086718,455.5,15157.5,0.25,18.25,True,0.0,False,-1.0,False,-1.0,False,-1.0,18.25,True,0.0,False,-1.0,False,-1.0,False,-1.0,<25%
2023-10-09,up,105,155,1,0.3321917808219178,146.0,15076.75,18.75,29.75,False,4.571428571428571,True,0.6302521008403361,True,1.8571428571428572,True,3.0840336134453783,12.5,False,10.88,True,1.5,True,4.42,True,7.34,25-50%
2023-10-10,up,0,10,1,0.10896309314586995,142.25,15313.0,9.25,6.25,True,0.0,False,-1.0,False,-1.0,False,-1.0,6.25,True,0.0,False,-1.0,False,-1.0,False,-1.0,<25%
2023-10-10,up,0,40,2,0.2015151515151515,165.0,15335.0,10.0,23.25,True,2.086021505376344,True,0.43010752688172044,False,-1.0,False,-1.0,23.25,True,2.086021505376344,True,0.43010752688172044,False,-1.0,False,-1.0,<25%
2023-10-11,down,70,180,1,0.22745901639344263,122.0,15268.25,3.0,24.75,True,0.6161616161616161,True,0.12121212121212122,False,-1.0,False,-1.0,15.5,True,0.9838709677419355,True,0.1935483870967742,False,-1.0,False,-1.0,<25%
2023-10-12,down,155,170,1,0.1494435612082671,157.25,15316.5,5.0,18.5,False,5.418918918918919,True,0.2702702702702703,True,2.39527027027027,True,4.52027027027027,18.5,False,5.418918918918919,True,0.2702702702702703,True,2.39527027027027,True,4.52027027027027,<25%
2023-10-12,down,155,225,2,0.07821782178217822,252.5,15224.75,8.5,11.25,True,0.0,False,-1.0,False,-1.0,False,-1.0,11.25,True,0.0,False,-1.0,False,-1.0,False,-1.0,<25%
2023-10-12,down,155,265,3,0.3405940594059406,252.5,15278.75,62.5,23.5,True,0.13829787234042554,False,-1.0,False,-1.0,False,-1.0,10.25,True,0.0,False,-1.0,False,-1.0,False,-1.0,25-50%
2023-10-12,down,155,325,4,0.4693069306930693,252.5,15315.25,99.0,19.5,False,0.0,False,-0.0,False,-0.0,False,-0.0,7.25,False,0.0,False,-0.0,False,-0.0,False,-0.0,25-50%
2023-10-13,down,15,25,1,0.12916666666666668,180.0,15201.0,14.25,9.0,False,15.416666666666666,True,1.5833333333333333,True,6.583333333333333,True,11.583333333333334,9.0,False,15.416666666666666,True,1.5833333333333333,True,6.583333333333333,True,11.583333333333334,<25%
2023-10-13,down,15,45,2,0.20979899497487436,199.0,15185.0,17.25,24.5,False,5.010204081632653,True,0.7040816326530612,True,2.7346938775510203,True,4.76530612244898,10.5,True,7.214285714285714,True,1.6428571428571428,True,6.380952380952381,False,-1.0,<25%
2023-10-13,down,15,160,3,0.3553398058252427,257.5,15117.75,8.5,83.0,False,0.6686746987951807,True,0.10240963855421686,False,-0.045180722891566265,False,-0.045180722891566265,27.75,True,2.0,True,0.3063063063063063,False,-1.0,False,-1.0,25-50%
2023-10-13,down,15,210,4,0.22495894909688013,304.5,15109.25,47.0,21.5,True,0.0,False,-1.0,False,-1.0,False,-1.0,12.25,True,0.0,False,-1.0,False,-1.0,False,-1.0,<25%
2023-10-13,down,15,230,5,0.2536945812807882,304.5,15097.0,34.75,42.5,True,0.16470588235294117,False,-1.0,False,-1.0,False,-1.0,24.75,True,0.2828282828282828,False,-1.0,False,-1.0,False,-1.0,25-50%
2023-10-13,down,15,285,6,0.3505747126436782,304.5,15126.75,64.5,42.25,False,1.0650887573964498,False,0.1242603550295858,False,0.1242603550295858,False,0.1242603550295858,23.0,False,1.9565217391304348,False,0.22826086956521738,False,0.22826086956521738,False,0.22826086956521738,25-50%
2023-10-16,up,0,25,1,0.25955414012738853,157.0,15308.0,17.75,23.0,True,0.6195652173913043,False,-1.0,False,-1.0,False,-1.0,17.75,True,0.8028169014084507,False,-1.0,False,-1.0,False,-1.0,25-50%
2023-10-16,up,0,150,2,0.4442675159235669,157.0,15305.0,20.75,49.0,True,0.33163265306122447,False,-1.0,False,-1.0,False,-1.0,24.75,True,0.6565656565656566,False,-1.0,False,-1.0,False,-1.0,25-50%
2023-10-16,up,0,215,3,0.7245222929936306,157.0,15314.25,11.5,102.25,False,0.2200488997555012,True,0.11246943765281174,False,-0.20293398533007334,False,-0.20293398533007334,21.25,True,0.4117647058823529,False,-1.0,False,-1.0,False,-1.0,50-75%
2023-10-16,up,0,290,4,0.11993769470404984,160.5,15321.5,7.75,11.5,True,1.326086956521739,True,0.6739130434782609,False,-1.0,False,-1.0,9.0,True,1.4444444444444444,True,0.8611111111111112,False,-1.0,False,-1.0,<25%
2023-10-17,up,5,15,1,0.214190093708166,186.75,15218.25,18.75,21.25,True,0.0,False,-1.0,False,-1.0,False,-1.0,21.25,True,0.0,False,-1.0,False,-1.0,False,-1.0,<25%
2023-10-17,up,5,70,2,0.11982570806100218,229.5,15262.0,17.75,9.75,True,4.846153846153846,True,1.8205128205128205,False,-1.0,False,-1.0,9.75,True,4.846153846153846,True,1.8205128205128205,False,-1.0,False,-1.0,<25%
2023-10-17,up,5,95,3,0.10951893551688843,244.25,15283.25,11.25,15.5,True,1.6774193548387097,True,0.7258064516129032,False,-1.0,False,-1.0,15.5,True,1.6774193548387097,True,0.7258064516129032,False,-1.0,False,-1.0,<25%
2023-10-17,up,5,275,4,0.5057915057915058,259.0,15206.25,103.0,28.0,False,1.4196428571428572,False,1.2410714285714286,False,1.2410714285714286,False,1.2410714285714286,28.0,False,1.4196428571428572,False,1.2410714285714286,False,1.2410714285714286,False,1.2410714285714286,50-75%
2023-10-18,down,5,105,1,0.6443594646271511,130.75,15127.0,34.0,50.25,False,2.9402985074626864,True,0.6766169154228856,True,1.3271144278606966,True,1.9776119402985075,25.75,True,2.174757281553398,True,1.3203883495145632,False,-1.0,False,-1.0,50-75%
2023-10-18,down,5,220,2,0.46141732283464565,158.75,15103.75,38.75,34.5,False,3.608695652173913,True,1.1231884057971016,True,2.273550724637681,True,3.4239130434782608,21.5,False,5.790697674418604,True,1.802325581395349,True,3.6482558139534884,True,5.494186046511628,25-50%
2023-10-18,down,5,280,3,0.08871989860583017,197.25,15034.5,8.0,9.5,True,0.0,False,-1.0,False,-1.0,False,-1.0,9.5,True,0.0,False,-1.0,False,-1.0,False,-1.0,<25%
2023-10-20,down,5,155,1,0.5282392026578073,225.75,14736.75,76.5,42.75,True,0.023391812865497075,False,-1.0,False,-1.0,False,-1.0,27.75,True,0.036036036036036036,False,-1.0,False,-1.0,False,-1.0,50-75%
2023-10-20,down,5,220,2,0.6334440753045404,225.75,14735.25,75.0,68.0,False,1.2279411764705883,True,1.1029411764705883,False,1.088235294117647,False,1.088235294117647,35.0,False,2.3857142857142857,True,2.142857142857143,False,2.1142857142857143,False,2.1142857142857143,50-75%
2023-10-23,up,10,55,1,0.07454739084132056,234.75,14741.0,8.0,9.5,True,2.763157894736842,True,0.8421052631578947,False,-1.0,False,-1.0,9.5,True,2.763157894736842,True,0.8421052631578947,False,-1.0,False,-1.0,<25%
2023-10-23,up,10,110,2,0.14510166358595195,270.5,14777.25,7.5,31.75,True,2.409448818897638,True,0.23622047244094488,True,2.3661417322834644,False,-1.0,31.75,True,2.409448818897638,True,0.23622047244094488,True,2.3661417322834644,False,-1.0,<25%
2023-10-23,up,10,180,3,0.21575846833578793,339.5,14800.25,53.5,19.75,True,1.7468354430379747,False,-1.0,False,-1.0,False,-1.0,19.75,True,1.7468354430379747,False,-1.0,False,-1.0,False,-1.0,<25%
2023-10-23,up,10,245,4,0.2658321060382916,339.5,14787.25,66.5,23.75,True,0.5263157894736842,False,-1.0,False,-1.0,False,-1.0,23.75,True,0.5263157894736842,False,-1.0,False,-1.0,False,-1.0,25-50%
2023-10-23,up,10,270,5,0.27319587628865977,339.5,14796.5,57.25,35.5,True,0.11971830985915492,False,-1.0,False,-1.0,False,-1.0,18.75,True,0.0,False,-1.0,False,-1.0,False,-1.0,25-50%
2023-10-24,down,110,275,1,0.7790697674418605,172.0,14822.25,116.25,17.75,True,0.0,False,-1.0,False,-1.0,False,-1.0,10.25,True,0.0,False,-1.0,False,-1.0,False,-1.0,75-100%
2023-10-24,down,110,320,2,0.8997093023255814,172.0,14838.5,132.5,22.25,False,0.10112359550561797,False,-0.34831460674157305,False,-0.34831460674157305,False,-0.34831460674157305,21.5,False,0.10465116279069768,False,-0.36046511627906974,False,-0.36046511627906974,False,-0.36046511627906974,75-100%
2023-10-25,down,80,105,1,0.1270053475935829,187.0,14569.75,7.5,16.25,True,0.0,False,-1.0,False,-1.0,False,-1.0,16.25,True,0.0,False,-1.0,False,-1.0,False,-1.0,<25%
2023-10-25,down,80,125,2,0.1751336898395722,187.0,14569.5,7.25,25.5,False,4.637254901960785,True,0.28431372549019607,True,2.1176470588235294,True,3.950980392156863,15.5,False,7.629032258064516,True,0.46774193548387094,True,3.4838709677419355,True,6.5,<25%
2023-10-25,down,80,135,3,0.08907363420427554,210.5,14547.0,8.25,10.5,True,0.6190476190476191,False,-1.0,False,-1.0,False,-1.0,10.5,True,0.6190476190476191,False,-1.0,False,-1.0,False,-1.0,<25%
2023-10-25,down,80,235,4,0.1831223628691983,296.25,14485.0,32.0,22.25,False,1.5168539325842696,True,1.4382022471910112,False,0.39325842696629215,False,0.39325842696629215,18.0,True,1.875,True,1.7777777777777777,False,-1.0,False,-1.0,<25%
2023-10-25,down,80,280,5,0.13506711409395974,298.0,14454.25,3.0,37.25,True,0.020134228187919462,False,-1.0,False,-1.0,False,-1.0,20.5,True,0.036585365853658534,False,-1.0,False,-1.0,False,-1.0,<25%
2023-10-26,down,50,170,1,0.2015810276679842,316.25,14147.75,5.0,58.75,True,0.1276595744680851,True,0.0851063829787234,False,-1.0,False,-1.0,42.25,True,0.17751479289940827,True,0.11834319526627218,False,-1.0,False,-1.0,<25%
2023-10-26,down,50,295,2,0.6031372549019608,318.75,14264.5,124.25,68.0,False,1.2683823529411764,False,1.0294117647058822,False,1.0294117647058822,False,1.0294117647058822,17.25,False,5.0,False,4.057971014492754,False,4.057971014492754,False,4.057971014492754,50-75%
2023-10-27,up,40,85,1,0.525233644859813,133.75,14373.25,34.5,35.75,True,0.32867132867132864,False,-1.0,False,-1.0,False,-1.0,20.5,True,0.0,False,-1.0,False,-1.0,False,-1.0,50-75%
2023-10-30,down,10,50,1,0.5330396475770925,170.25,14331.0,24.75,66.0,True,0.10227272727272728,False,-1.0,False,-1.0,False,-1.0,39.0,True,0.17307692307692307,False,-1.0,False,-1.0,False,-1.0,50-75%
2023-10-30,down,10,130,2,0.5433186490455213,170.25,14323.25,17.0,75.5,True,0.16887417218543047,False,-1.0,False,-1.0,False,-1.0,29.25,True,0.4358974358974359,False,-1.0,False,-1.0,False,-1.0,50-75%
2023-10-30,down,10,315,3,0.973568281938326,170.25,14435.5,129.25,36.5,False,0.636986301369863,False,0.4589041095890411,False,0.4589041095890411,False,0.4589041095890411,6.25,False,3.72,False,2.68,False,2.68,False,2.68,75-100%
2023-10-31,up,135,325,1,0.18181818181818182,192.5,14489.5,14.25,20.75,False,0.0,False,0.0,False,0.0,False,0.0,7.75,False,0.0,False,0.0,False,0.0,False,0.0,<25%
2023-11-01,up,10,160,1,0.6499068901303539,134.25,14611.0,38.5,48.75,True,1.353846153846154,True,0.7897435897435897,False,-1.0,False,-1.0,18.0,True,0.2777777777777778,False,-1.0,False,-1.0,False,-1.0,50-75%
2023-11-01,up,10,275,2,0.17848101265822786,197.5,14700.75,12.0,23.25,False,2.6344086021505375,True,0.5161290322580645,False,1.8064516129032258,False,1.8064516129032258,23.25,False,2.6344086021505375,True,0.5161290322580645,False,1.8064516129032258,False,1.8064516129032258,<25%
2023-11-01,up,10,285,3,0.20509849362688296,215.75,14709.5,21.5,22.75,False,2.3076923076923075,True,0.945054945054945,False,1.4615384615384615,False,1.4615384615384615,22.75,False,2.3076923076923075,True,0.945054945054945,False,1.4615384615384615,False,1.4615384615384615,<25%
2023-11-01,up,10,315,4,0.11258955987717502,244.25,14752.5,7.0,20.5,False,0.4634146341463415,True,0.34146341463414637,False,-0.47560975609756095,False,-0.47560975609756095,14.75,True,0.0,False,-1.0,False,-1.0,False,-1.0,<25%
2023-11-02,up,20,25,1,0.1256544502617801,95.5,14958.75,6.25,5.75,True,0.0,False,-1.0,False,-1.0,False,-1.0,5.75,True,0.0,False,-1.0,False,-1.0,False,-1.0,<25%
2023-11-02,up,20,100,2,0.44878048780487806,102.5,14941.0,31.0,15.0,True,0.0,False,-1.0,False,-1.0,False,-1.0,11.5,True,0.0,False,-1.0,False,-1.0,False,-1.0,25-50%
2023-11-02,up,20,120,3,0.48048780487804876,102.5,14943.5,28.5,20.75,False,3.1325301204819276,True,1.3734939759036144,True,2.608433734939759,False,2.6987951807228914,12.5,False,5.2,True,2.28,True,4.33,False,4.48,25-50%
2023-11-02,up,20,185,4,0.10602910602910603,120.25,14987.75,2.0,10.75,True,1.0930232558139534,True,0.18604651162790697,False,-1.0,False,-1.0,10.75,True,1.0930232558139534,True,0.18604651162790697,False,-1.0,False,-1.0,<25%
2023-11-02,up,20,230,5,0.18076923076923077,130.0,14996.5,3.0,20.5,False,0.5853658536585366,True,0.14634146341463414,False,0.14634146341463414,False,0.14634146341463414,9.0,True,0.08333333333333333,False,-1.0,False,-1.0,False,-1.0,<25%
2023-11-02,up,20,275,6,0.1552346570397112,138.5,15002.5,5.5,16.0,False,0.375,True,0.34375,False,-0.1875,False,-0.1875,10.75,True,0.46511627906976744,False,-1.0,False,-1.0,False,-1.0,<25%
2023-11-03,up,105,180,1,0.2479740680713128,154.25,15181.5,13.25,25.0,False,1.88,True,0.53,False,-0.28,False,-0.28,14.25,True,0.05263157894736842,False,-1.0,False,-1.0,False,-1.0,<25%
2023-11-03,up,105,225,2,0.21036585365853658,164.0,15192.25,12.25,22.25,False,1.6292134831460674,True,0.550561797752809,False,-0.797752808988764,False,-0.797752808988764,5.5,True,1.4090909090909092,False,-1.0,False,-1.0,False,-1.0,<25%
2023-11-06,down,155,215,1,0.3472803347280335,119.5,15150.75,12.75,28.75,True,0.2608695652173913,False,-1.0,False,-1.0,False,-1.0,16.0,True,0.46875,False,-1.0,False,-1.0,False,-1.0,25-50%
2023-11-06,down,155,310,2,0.6338912133891214,119.5,15202.5,64.5,11.25,True,0.37777777777777777,False,-1.0,False,-1.0,False,-1.0,7.5,True,0.5666666666666667,False,-1.0,False,-1.0,False,-1.0,50-75%
2023-11-07,up,0,125,1,0.4111888111888112,178.75,15362.25,40.5,33.0,False,1.5151515151515151,True,1.2272727272727273,False,0.3939393939393939,False,0.3939393939393939,14.5,False,3.4482758620689653,True,2.793103448275862,False,0.896551724137931,False,0.896551724137931,25-50%
2023-11-07,up,0,230,2,0.08945260347129506,187.25,15406.75,4.5,12.25,True,0.4489795918367347,True,0.3673469387755102,False,-1.0,False,-1.0,6.25,True,0.0,False,-1.0,False,-1.0,False,-1.0,<25%
2023-11-07,up,0,290,3,0.2297476759628154,188.25,15398.0,14.25,29.0,True,0.3448275862068966,False,-1.0,False,-1.0,False,-1.0,20.25,True,0.49382716049382713,False,-1.0,False,-1.0,False,-1.0,<25%
2023-11-08,down,85,240,1,0.7667304015296367,130.75,15368.5,81.75,18.5,True,0.9864864864864865,False,-1.0,False,-1.0,False,-1.0,18.5,True,0.9864864864864865,False,-1.0,False,-1.0,False,-1.0,75-100%
2023-11-09,up,80,135,1,0.6774941995359629,107.75,15406.0,47.75,25.25,True,0.504950495049505,False,-1.0,False,-1.0,False,-1.0,19.5,True,0.6538461538461539,False,-1.0,False,-1.0,False,-1.0,50-75%
2023-11-09,down,150,185,1,0.6151260504201681,148.75,15371.25,66.25,25.25,False,5.326732673267327,True,2.623762376237624,True,4.096534653465347,False,4.455445544554456,25.25,False,5.326732673267327,True,2.623762376237624,True,4.096534653465347,False,4.455445544554456,50-75%
2023-11-09,down,150,220,2,0.18722139673105498,168.25,15299.5,14.0,17.5,True,1.457142857142857,True,0.8,False,-1.0,False,-1.0,17.5,True,1.457142857142857,True,0.8,False,-1.0,False,-1.0,<25%
2023-11-09,down,150,305,3,0.1588785046728972,214.0,15247.0,7.25,26.75,False,0.38317757009345793,True,0.27102803738317754,False,-0.4392523364485981,False,-0.4392523364485981,16.25,False,0.6307692307692307,True,0.4461538461538462,False,-0.7230769230769231,False,-0.7230769230769231,<25%
2023-11-10,up,30,80,1,0.25,143.0,15446.5,2.0,33.75,False,4.681481481481481,True,0.05925925925925926,True,1.1185185185185185,True,2.1777777777777776,13.75,False,11.49090909090909,True,0.14545454545454545,True,2.7454545454545456,True,5.345454545454546,<25%
2023-11-10,up,30,215,2,0.06457739791073125,263.25,15566.5,2.25,14.75,False,2.5762711864406778,True,0.15254237288135594,False,2.0847457627118646,False,2.0847457627118646,10.75,False,3.5348837209302326,True,0.20930232558139536,False,2.86046511627907,False,2.86046511627907,<25%
2023-11-10,up,30,235,3,0.04735376044568245,269.25,15570.25,4.5,8.25,True,0.0,False,-1.0,False,-1.0,False,-1.0,8.25,True,0.0,False,-1.0,False,-1.0,False,-1.0,<25%
2023-11-10,up,30,245,4,0.059424326833797586,269.25,15573.0,1.75,14.25,False,2.210526315789474,True,0.12280701754385964,False,1.7017543859649122,False,1.7017543859649122,13.5,False,2.3333333333333335,True,0.12962962962962962,False,1.7962962962962963,False,1.7962962962962963,<25%
2023-11-10,up,30,275,5,0.052823315118397086,274.5,15573.75,6.25,8.25,False,3.727272727272727,True,0.7575757575757576,False,2.8484848484848486,False,2.8484848484848486,8.25,False,3.727272727272727,True,0.7575757575757576,False,2.8484848484848486,False,2.8484848484848486,<25%
2023-11-13,up,20,190,1,0.42655935613682094,124.25,15570.5,19.0,34.0,False,0.5294117647058824,False,-0.6691176470588235,False,-0.6691176470588235,False,-0.6691176470588235,14.5,True,0.7758620689655172,False,-1.0,False,-1.0,False,-1.0,25-50%
2023-11-14,up,0,70,1,0.4079822616407982,112.75,15876.5,26.5,19.5,True,0.15384615384615385,False,-1.0,False,-1.0,False,-1.0,13.25,True,0.0,False,-1.0,False,-1.0,False,-1.0,25-50%
2023-11-14,up,0,120,2,0.6186252771618626,112.75,15849.5,53.5,16.25,True,2.3692307692307693,False,-1.0,False,-1.0,False,-1.0,13.0,True,2.9615384615384617,False,-1.0,False,-1.0,False,-1.0,50-75%
2023-11-14,up,0,250,3,0.7184035476718403,112.75,15872.5,30.5,50.5,False,0.9158415841584159,True,0.6039603960396039,False,0.12376237623762376,False,0.12376237623762376,3.5,True,13.214285714285714,True,8.714285714285714,False,-1.0,False,-1.0,50-75%
2023-11-15,down,80,105,1,0.16890080428954424,93.25,15892.25,8.25,7.5,True,0.0,False,-1.0,False,-1.0,False,-1.0,7.5,True,0.0,False,-1.0,False,-1.0,False,-1.0,<25%
2023-11-15,down,80,145,2,0.353887399463807,93.25,15891.0,7.0,26.0,True,2.25,True,0.2692307692307692,True,1.1658653846153846,True,2.0625,18.75,True,3.12,True,0.37333333333333335,True,1.6166666666666667,True,2.86,25-50%
2023-11-15,down,80,225,3,0.5751295336787565,144.75,15891.25,58.75,24.5,True,0.5612244897959183,False,-1.0,False,-1.0,False,-1.0,17.25,True,0.7971014492753623,False,-1.0,False,-1.0,False,-1.0,50-75%
2023-11-15,down,80,315,4,0.6649395509499136,144.75,15885.25,52.75,43.5,False,0.28160919540229884,False,-0.1206896551724138,False,-0.1206896551724138,False,-0.1206896551724138,19.5,False,0.6282051282051282,False,-0.2692307692307692,False,-0.2692307692307692,False,-0.2692307692307692,50-75%
2023-11-16,down,50,150,1,0.9724770642201835,109.0,15873.75,77.0,29.0,True,1.4482758620689655,False,-1.0,False,-1.0,False,-1.0,13.25,True,3.169811320754717,False,-1.0,False,-1.0,False,-1.0,75-100%
2023-11-17,up,90,145,1,0.4689655172413793,72.5,15892.75,4.75,29.25,False,1.6153846153846154,True,0.1623931623931624,True,0.782051282051282,True,1.4017094017094016,12.5,True,3.78,True,0.38,True,1.83,True,3.28,25-50%
2023-11-17,up,90,155,2,0.20833333333333334,78.0,15899.0,4.0,12.25,True,3.3469387755102042,True,0.32653061224489793,True,1.9183673469387754,False,-1.0,12.25,True,3.3469387755102042,True,0.32653061224489793,True,1.9183673469387754,False,-1.0,<25%
2023-11-17,up,90,265,3,0.3782608695652174,115.0,15910.25,29.75,13.75,True,1.2181818181818183,False,-1.0,False,-1.0,False,-1.0,9.25,True,0.43243243243243246,False,-1.0,False,-1.0,False,-1.0,25-50%
2023-11-17,up,90,320,4,0.6021739130434782,115.0,15893.25,46.75,22.5,False,0.4444444444444444,False,0.18888888888888888,False,0.18888888888888888,False,0.18888888888888888,20.5,False,0.4878048780487805,False,0.2073170731707317,False,0.2073170731707317,False,0.2073170731707317,50-75%
2023-11-20,up,30,60,1,0.13737373737373737,123.75,16015.75,2.75,14.25,True,0.38596491228070173,True,0.19298245614035087,False,-1.0,False,-1.0,9.75,True,0.5641025641025641,True,0.28205128205128205,False,-1.0,False,-1.0,<25%
2023-11-20,up,30,170,2,0.10451977401129943,177.0,16066.25,5.5,13.0,False,3.8846153846153846,True,0.4230769230769231,True,3.826923076923077,False,1.7115384615384615,11.75,False,4.297872340425532,True,0.46808510638297873,True,4.23404255319149,False,1.8936170212765957,<25%
2023-11-20,up,30,180,3,0.048209366391184574,181.5,16074.0,2.25,6.5,True,0.0,False,-1.0,False,-1.0,False,-1.0,6.5,True,0.0,False,-1.0,False,-1.0,False,-1.0,<25%
2023-11-20,up,30,240,4,0.04483695652173913,184.0,16077.0,1.75,6.5,False,6.115384615384615,True,0.2692307692307692,False,1.7692307692307692,False,1.7692307692307692,6.5,False,6.115384615384615,True,0.2692307692307692,False,1.7692307692307692,False,1.7692307692307692,<25%
2023-11-20,up,30,265,5,0.044226044226044224,203.5,16094.5,3.75,5.25,True,4.238095238095238,True,0.7142857142857143,False,-1.0,False,-1.0,4.0,True,0.0,False,-1.0,False,-1.0,False,-1.0,<25%
2023-11-27,up,80,90,1,0.1906005221932115,95.75,16060.5,5.5,12.75,True,2.2549019607843137,True,0.43137254901960786,False,-1.0,False,-1.0,12.75,True,2.2549019607843137,True,0.43137254901960786,False,-1.0,False,-1.0,<25%
2023-11-27,up,80,305,2,0.7689075630252101,119.0,16044.25,45.0,46.5,False,0.021505376344086023,False,-0.7903225806451613,False,-0.7903225806451613,False,-0.7903225806451613,7.5,True,0.0,False,-1.0,False,-1.0,False,-1.0,75-100%
2023-11-28,up,5,175,1,0.9137168141592921,113.0,16002.0,69.5,33.75,False,1.4962962962962962,False,1.362962962962963,False,1.362962962962963,False,1.362962962962963,19.5,False,2.58974358974359,False,2.358974358974359,False,2.358974358974359,False,2.358974358974359,75-100%
2023-11-29,down,40,155,1,0.38472418670438474,176.75,16084.5,52.75,15.25,False,4.655737704918033,True,3.459016393442623,False,3.8360655737704916,False,3.8360655737704916,8.25,False,8.606060606060606,True,6.393939393939394,False,7.090909090909091,False,7.090909090909091,25-50%
2023-11-29,down,40,300,2,0.04041720990873533,191.75,16020.0,3.25,4.5,True,1.4444444444444444,True,0.7222222222222222,False,-1.0,False,-1.0,4.5,True,1.4444444444444444,True,0.7222222222222222,False,-1.0,False,-1.0,<25%
2023-11-30,down,5,65,1,0.11143270622286541,172.75,15885.25,6.5,12.75,True,1.9215686274509804,True,0.5098039215686274,False,-1.0,False,-1.0,12.75,True,1.9215686274509804,True,0.5098039215686274,False,-1.0,False,-1.0,<25%
2023-11-30,down,5,80,2,0.13249651324965134,179.25,15884.5,12.25,11.5,True,1.6521739130434783,True,1.065217391304348,False,-1.0,False,-1.0,11.5,True,1.6521739130434783,True,1.065217391304348,False,-1.0,False,-1.0,<25%
2023-11-30,down,5,155,3,0.2686762778505898,190.75,15873.25,12.5,38.75,True,0.44516129032258067,True,0.3225806451612903,False,-1.0,False,-1.0,21.5,True,0.8023255813953488,True,0.5813953488372093,False,-1.0,False,-1.0,25-50%
2023-11-30,down,5,195,4,0.16112531969309463,195.5,15866.5,10.5,21.0,True,0.40476190476190477,False,-1.0,False,-1.0,False,-1.0,8.0,True,1.0625,False,-1.0,False,-1.0,False,-1.0,<25%
2023-11-30,down,5,290,5,0.37468030690537085,195.5,15883.25,27.25,46.0,True,0.2717391304347826,False,-1.0,False,-1.0,False,-1.0,13.0,True,0.9615384615384616,False,-1.0,False,-1.0,False,-1.0,25-50%
2023-12-01,up,40,125,1,0.1334355828220859,163.0,16025.0,2.0,19.75,True,1.2658227848101267,True,0.10126582278481013,False,-1.0,False,-1.0,19.75,True,1.2658227848101267,True,0.10126582278481013,False,-1.0,False,-1.0,<25%
2023-12-01,up,40,230,2,0.34543010752688175,186.0,16020.0,30.0,34.25,False,0.5109489051094891,False,0.145985401459854,False,0.145985401459854,False,0.145985401459854,20.75,False,0.8433734939759037,False,0.24096385542168675,False,0.24096385542168675,False,0.24096385542168675,25-50%
2023-12-04,down,0,150,1,0.9516908212560387,155.25,15852.0,130.75,17.0,True,3.2941176470588234,False,-1.0,False,-1.0,False,-1.0,12.5,True,4.48,False,-1.0,False,-1.0,False,-1.0,75-100%
2023-12-05,up,15,30,1,0.08579465541490858,177.75,15954.75,6.25,9.0,True,0.6388888888888888,False,-1.0,False,-1.0,False,-1.0,9.0,True,0.6388888888888888,False,-1.0,False,-1.0,False,-1.0,<25%
2023-12-05,up,15,170,2,0.7510548523206751,177.75,15887.75,73.25,60.25,False,0.42323651452282157,False,0.4024896265560166,False,0.4024896265560166,False,0.4024896265560166,11.75,True,0.0,False,-1.0,False,-1.0,False,-1.0,75-100%
2023-12-06,down,70,105,1,0.351506456241033,174.25,15899.75,36.25,25.0,False,3.91,True,1.45,True,3.1925,False,3.39,13.75,True,0.8181818181818182,False,-1.0,False,-1.0,False,-1.0,25-50%
2023-12-06,down,70,235,2,0.2296774193548387,193.75,15861.75,17.75,26.75,False,2.2336448598130842,True,0.6635514018691588,False,1.7476635514018692,False,1.7476635514018692,16.25,True,0.0,False,-1.0,False,-1.0,False,-1.0,<25%
2023-12-07,up,5,25,1,0.2125,120.0,15997.5,10.0,15.5,True,0.7258064516129032,True,0.6451612903225806,False,-1.0,False,-1.0,15.5,True,0.7258064516129032,True,0.6451612903225806,False,-1.0,False,-1.0,<25%
2023-12-07,up,5,85,2,0.09608540925266904,140.5,16026.5,1.5,12.0,True,0.3333333333333333,True,0.125,False,-1.0,False,-1.0,12.0,True,0.3333333333333333,True,0.125,False,-1.0,False,-1.0,<25%
2023-12-07,up,5,115,3,0.0830860534124629,168.5,16049.0,7.0,7.0,True,0.7142857142857143,False,-1.0,False,-1.0,False,-1.0,7.0,True,0.7142857142857143,False,-1.0,False,-1.0,False,-1.0,<25%
2023-12-07,up,5,155,4,0.1824925816023739,168.5,16049.5,6.5,24.25,True,0.020618556701030927,False,-1.0,False,-1.0,False,-1.0,10.75,True,0.046511627906976744,False,-1.0,False,-1.0,False,-1.0,<25%
2023-12-07,up,5,210,5,0.2344213649851632,168.5,16038.5,17.5,22.0,False,1.25,True,0.7954545454545454,False,-0.14772727272727273,False,-0.14772727272727273,9.5,True,0.0,False,-1.0,False,-1.0,False,-1.0,<25%
2023-12-07,up,5,235,6,0.08263305322128851,178.5,16057.75,8.25,6.5,True,0.0,False,-1.0,False,-1.0,False,-1.0,6.5,True,0.0,False,-1.0,False,-1.0,False,-1.0,<25%
2023-12-07,up,5,280,7,0.2619047619047619,178.5,16042.0,24.0,22.75,False,0.3956043956043956,False,-0.2967032967032967,False,-0.2967032967032967,False,-0.2967032967032967,9.25,True,0.972972972972973,False,-1.0,False,-1.0,False,-1.0,25-50%
2023-12-08,up,255,305,1,0.18075801749271136,171.5,16115.25,3.5,27.5,False,0.06363636363636363,False,-0.6,False,-0.6,False,-0.6,12.25,True,0.14285714285714285,False,-1.0,False,-1.0,False,-1.0,<25%
2023-12-11,up,15,80,1,0.6,131.25,16369.5,43.25,35.5,False,2.535211267605634,True,1.2183098591549295,True,2.142605633802817,False,2.204225352112676,8.5,True,0.9117647058823529,False,-1.0,False,-1.0,False,-1.0,50-75%
2023-12-11,up,15,145,2,0.05156537753222836,135.75,16414.25,3.0,4.0,True,0.0,False,-1.0,False,-1.0,False,-1.0,4.0,True,0.0,False,-1.0,False,-1.0,False,-1.0,<25%
2023-12-11,up,15,210,3,0.06818181818181818,176.0,16451.25,6.25,5.75,True,1.434782608695652,True,1.0869565217391304,False,-1.0,False,-1.0,4.0,True,2.0625,True,1.5625,False,-1.0,False,-1.0,<25%
2023-12-11,up,15,275,4,0.2050561797752809,178.0,16442.25,17.25,19.25,False,0.5584415584415584,False,0.2857142857142857,False,0.2857142857142857,False,0.2857142857142857,11.75,True,0.0,False,-1.0,False,-1.0,False,-1.0,<25%
2023-12-12,up,25,150,1,0.4315352697095436,120.5,16511.75,5.25,46.75,False,1.4545454545454546,True,0.11229946524064172,True,0.7566844919786097,True,1.4010695187165776,21.0,False,3.238095238095238,True,0.25,True,1.6845238095238095,True,3.119047619047619,25-50%
2023-12-12,up,25,280,2,0.07424242424242425,165.0,16559.5,2.0,10.25,False,1.975609756097561,True,0.1951219512195122,False,1.7560975609756098,False,1.7560975609756098,10.25,False,1.975609756097561,True,0.1951219512195122,False,1.7560975609756098,False,1.7560975609756098,<25%
2023-12-12,up,25,315,3,0.075,170.0,16565.5,1.0,11.75,False,1.2127659574468086,True,0.0851063829787234,False,1.0212765957446808,False,1.0212765957446808,7.25,True,0.0,False,-1.0,False,-1.0,False,-1.0,<25%
2023-12-13,up,210,260,1,0.17423312883435582,203.75,16772.25,7.5,28.0,True,1.2232142857142858,True,0.26785714285714285,False,-1.0,False,-1.0,25.25,True,1.3564356435643565,True,0.297029702970297,False,-1.0,False,-1.0,<25%
2023-12-13,down,90,145,1,0.18411552346570398,69.25,16593.0,5.0,7.75,True,2.193548387096774,True,0.6451612903225806,False,-1.0,False,-1.0,3.75,True,4.533333333333333,True,1.3333333333333333,False,-1.0,False,-1.0,<25%
2023-12-14,down,5,140,1,0.5619223659889094,135.25,16774.5,32.5,43.5,False,3.367816091954023,True,0.7471264367816092,True,1.5244252873563218,True,2.3017241379310347,35.25,False,4.156028368794326,True,0.9219858156028369,True,1.8812056737588652,True,2.8404255319148937,50-75%
2023-12-14,down,5,305,2,0.4844533600802407,249.25,16732.5,104.5,16.25,True,0.16923076923076924,False,-1.0,False,-1.0,False,-1.0,16.25,True,0.16923076923076924,False,-1.0,False,-1.0,False,-1.0,25-50%
2023-12-15,up,20,50,1,0.3963730569948187,96.5,16867.25,9.25,29.0,True,0.6896551724137931,True,0.31896551724137934,False,-1.0,False,-1.0,16.0,True,1.25,True,0.578125,False,-1.0,False,-1.0,25-50%
2023-12-15,down,190,325,1,0.843687374749499,124.75,16819.75,57.25,48.0,False,0.0,False,-0.0,False,-0.0,False,-0.0,47.5,False,0.0,False,-0.0,False,-0.0,False,-0.0,75-100%
2023-12-18,up,60,160,1,0.16152019002375298,105.25,16932.75,5.0,12.0,False,3.4375,True,0.4166666666666667,True,2.609375,False,0.4583333333333333,2.5,False,16.5,True,2.0,True,12.525,False,2.2,<25%
2023-12-18,up,60,195,2,0.12072434607645875,124.25,16952.25,4.5,10.5,True,2.0714285714285716,True,0.42857142857142855,False,-1.0,False,-1.0,6.0,True,3.625,True,0.75,False,-1.0,False,-1.0,<25%
2023-12-18,up,60,210,3,0.06786427145708583,125.25,16956.5,1.25,7.25,True,2.3448275862068964,True,0.1724137931034483,False,-1.0,False,-1.0,5.0,True,0.0,False,-1.0,False,-1.0,False,-1.0,<25%
2023-12-18,up,60,250,4,0.18439716312056736,141.0,16969.5,4.0,22.0,True,0.20454545454545456,True,0.18181818181818182,False,-1.0,False,-1.0,6.75,True,0.0,False,-1.0,False,-1.0,False,-1.0,<25%
2023-12-19,up,0,20,1,0.6706349206349206,63.0,16997.75,9.75,32.5,True,0.45384615384615384,True,0.3,False,-1.0,False,-1.0,10.25,True,1.4390243902439024,True,0.9512195121951219,False,-1.0,False,-1.0,50-75%
2023-12-19,up,0,190,2,0.6948529411764706,68.0,16999.5,13.0,34.25,False,0.8175182481751825,True,0.3795620437956204,False,0.6277372262773723,False,0.6277372262773723,3.75,True,1.4666666666666666,False,-1.0,False,-1.0,False,-1.0,50-75%
2023-12-20,up,0,10,1,0.1926829268292683,102.5,17064.75,8.75,11.0,True,0.0,False,-1.0,False,-1.0,False,-1.0,11.0,True,0.0,False,-1.0,False,-1.0,False,-1.0,<25%
2023-12-20,up,0,130,2,0.5,102.5,17050.25,23.25,28.0,True,0.5535714285714286,False,-1.0,False,-1.0,False,-1.0,11.25,True,1.3777777777777778,False,-1.0,False,-1.0,False,-1.0,25-50%
2023-12-20,down,245,265,1,0.2764397905759162,238.75,16841.75,7.0,59.0,False,1.38135593220339,True,0.11864406779661017,True,1.1302966101694916,False,1.3135593220338984,59.0,False,1.38135593220339,True,0.11864406779661017,True,1.1302966101694916,False,1.3135593220338984,25-50%
2023-12-20,down,245,295,2,0.28308501314636286,285.25,16792.75,4.5,76.25,False,0.4262295081967213,True,0.05901639344262295,False,0.3737704918032787,False,0.3737704918032787,44.5,False,0.7303370786516854,True,0.10112359550561797,False,0.6404494382022472,False,0.6404494382022472,25-50%
2023-12-21,down,95,140,1,0.29069767441860467,129.0,16835.5,5.75,31.75,True,0.33070866141732286,True,0.18110236220472442,False,-1.0,False,-1.0,17.25,True,0.6086956521739131,True,0.3333333333333333,False,-1.0,False,-1.0,25-50%
2023-12-22,down,30,70,1,0.6198630136986302,73.0,16990.5,22.0,23.25,True,0.967741935483871,True,0.946236559139785,False,-1.0,False,-1.0,7.25,True,1.1379310344827587,False,-1.0,False,-1.0,False,-1.0,50-75%
2023-12-22,down,30,185,2,0.7244897959183674,73.5,17014.25,46.25,7.0,False,16.892857142857142,True,6.607142857142857,True,9.232142857142858,True,11.857142857142858,7.0,False,16.892857142857142,True,6.607142857142857,True,9.232142857142858,True,11.857142857142858,50-75%
2023-12-22,down,30,235,3,0.15399239543726237,131.5,16915.75,5.75,14.5,True,0.0,False,-1.0,False,-1.0,False,-1.0,14.5,True,0.0,False,-1.0,False,-1.0,False,-1.0,<25%
2023-12-26,up,5,215,1,0.3177966101694915,59.0,17056.75,7.75,11.0,False,4.954545454545454,True,0.7045454545454546,True,2.0454545454545454,True,3.3863636363636362,4.5,False,12.11111111111111,True,1.7222222222222223,True,5.0,True,8.277777777777779,25-50%
2023-12-26,up,5,245,2,0.084,62.5,17065.5,2.5,2.75,True,0.0,False,-1.0,False,-1.0,False,-1.0,2.75,True,0.0,False,-1.0,False,-1.0,False,-1.0,<25%
2023-12-26,up,5,280,3,0.09779179810725552,79.25,17081.75,3.0,4.75,True,6.2105263157894735,True,0.631578947368421,True,4.802631578947368,False,-1.0,4.75,True,6.2105263157894735,True,0.631578947368421,True,4.802631578947368,False,-1.0,<25%
2023-12-29,down,5,95,1,0.32200886262924666,169.25,16966.0,27.75,26.75,True,0.8504672897196262,False,-1.0,False,-1.0,False,-1.0,13.5,True,1.6851851851851851,False,-1.0,False,-1.0,False,-1.0,25-50%
2023-12-29,down,5,270,2,0.6351550960118169,169.25,17024.25,86.0,21.5,True,0.26744186046511625,False,-1.0,False,-1.0,False,-1.0,18.5,True,0.0,False,-1.0,False,-1.0,False,-1.0,50-75%
2023-12-29,down,5,310,3,0.6587887740029542,169.25,17020.0,81.75,29.75,False,1.1008403361344539,False,0.03361344537815126,False,0.03361344537815126,False,0.03361344537815126,15.25,False,2.1475409836065573,False,0.06557377049180328,False,0.06557377049180328,False,0.06557377049180328,50-75%
2024-01-02,down,0,105,1,0.5450928381962865,188.5,16761.5,76.5,26.25,False,5.295238095238095,True,2.914285714285714,True,4.70952380952381,False,1.542857142857143,17.0,True,0.5882352941176471,False,-1.0,False,-1.0,False,-1.0,50-75%
2024-01-02,down,0,245,2,0.1922141119221411,205.5,16684.75,16.75,22.75,True,2.7362637362637363,True,0.7362637362637363,False,-1.0,False,-1.0,13.25,True,4.69811320754717,True,1.2641509433962264,False,-1.0,False,-1.0,<25%
2024-01-03,down,5,95,1,0.6757990867579908,109.5,16559.75,15.75,58.25,True,0.18025751072961374,False,-1.0,False,-1.0,False,-1.0,18.25,True,0.5753424657534246,False,-1.0,False,-1.0,False,-1.0,50-75%
2024-01-03,down,5,180,2,0.6894977168949772,109.5,16580.5,36.5,39.0,True,1.3012820512820513,True,0.9358974358974359,False,-1.0,False,-1.0,12.5,True,0.78,False,-1.0,False,-1.0,False,-1.0,50-75%
2024-01-03,down,5,285,3,0.8,123.75,16556.5,26.75,72.25,False,0.47750865051903113,True,0.370242214532872,False,0.2179930795847751,False,0.2179930795847751,8.5,True,0.0,False,-1.0,False,-1.0,False,-1.0,75-100%
2024-01-04,up,15,50,1,0.09285714285714286,140.0,16575.5,7.75,5.25,True,0.0,False,-1.0,False,-1.0,False,-1.0,5.25,True,0.0,False,-1.0,False,-1.0,False,-1.0,<25%
2024-01-04,up,15,115,2,0.5871886120996441,140.5,16523.75,60.0,22.5,True,0.05555555555555555,False,-1.0,False,-1.0,False,-1.0,11.0,True,0.0,False,-1.0,False,-1.0,False,-1.0,50-75%
2024-01-04,up,15,180,3,0.7295373665480427,140.5,16520.75,63.0,39.5,True,0.2088607594936709,False,-1.0,False,-1.0,False,-1.0,5.5,True,0.0,False,-1.0,False,-1.0,False,-1.0,50-75%
2024-01-04,up,15,260,4,0.8469750889679716,140.5,16492.5,91.25,27.75,True,0.6666666666666666,False,-1.0,False,-1.0,False,-1.0,10.5,True,0.0,False,-1.0,False,-1.0,False,-1.0,75-100%
2024-01-05,up,0,10,1,0.16793893129770993,131.0,16559.5,9.0,13.0,True,0.46153846153846156,False,-1.0,False,-1.0,False,-1.0,13.0,True,0.46153846153846156,False,-1.0,False,-1.0,False,-1.0,<25%
2024-01-05,up,0,20,2,0.2099236641221374,131.0,16562.0,6.5,21.0,True,0.7261904761904762,True,0.30952380952380953,False,-1.0,False,-1.0,21.0,True,0.7261904761904762,True,0.30952380952380953,False,-1.0,False,-1.0,<25%
2024-01-05,up,0,40,3,0.19856887298747763,139.75,16568.0,9.25,18.5,True,0.0,False,-1.0,False,-1.0,False,-1.0,13.5,True,0.0,False,-1.0,False,-1.0,False,-1.0,<25%
2024-01-05,up,0,130,4,0.9212880143112702,139.75,16478.0,99.25,29.5,True,0.15254237288135594,False,-1.0,False,-1.0,False,-1.0,10.5,True,0.0,False,-1.0,False,-1.0,False,-1.0,75-100%
2024-01-05,down,165,205,1,0.5136054421768708,147.0,16488.5,58.25,17.25,True,0.0,False,-1.0,False,-1.0,False,-1.0,14.5,True,0.0,False,-1.0,False,-1.0,False,-1.0,50-75%
2024-01-05,down,165,225,2,0.5408163265306123,147.0,16477.25,47.0,32.5,False,2.2615384615384615,True,1.4461538461538461,False,0.4153846153846154,False,0.4153846153846154,26.0,False,2.826923076923077,True,1.8076923076923077,False,0.5192307692307693,False,0.5192307692307693,50-75%
2024-01-08,up,0,45,1,0.19910846953937592,168.25,16657.25,16.5,17.0,False,9.058823529411764,True,0.9705882352941176,True,3.4448529411764706,True,5.919117647058823,13.75,True,0.7454545454545455,False,-1.0,False,-1.0,False,-1.0,<25%
2024-01-08,up,0,105,2,0.0639686684073107,191.5,16691.75,5.25,7.0,True,0.0,False,-1.0,False,-1.0,False,-1.0,5.0,True,0.0,False,-1.0,False,-1.0,False,-1.0,<25%
2024-01-08,up,0,145,3,0.04689331770222743,213.25,16717.0,1.75,8.25,True,0.0,False,-1.0,False,-1.0,False,-1.0,8.25,True,0.0,False,-1.0,False,-1.0,False,-1.0,<25%
2024-01-08,up,0,200,4,0.03504928806133625,228.25,16731.5,2.25,5.75,False,13.869565217391305,True,0.391304347826087,True,10.315217391304348,False,12.130434782608695,5.75,False,13.869565217391305,True,0.391304347826087,True,10.315217391304348,False,12.130434782608695,<25%
2024-01-08,up,0,235,5,0.08806262230919765,255.5,16756.5,4.5,18.0,False,3.0416666666666665,True,0.25,False,2.486111111111111,False,2.486111111111111,15.0,False,3.65,True,0.3,False,2.9833333333333334,False,2.9833333333333334,<25%
2024-01-08,up,0,270,6,0.07118055555555555,288.0,16784.75,8.75,11.75,True,0.3191489361702128,False,-1.0,False,-1.0,False,-1.0,11.75,True,0.3191489361702128,False,-1.0,False,-1.0,False,-1.0,<25%
2024-01-08,up,0,285,7,0.07899305555555555,288.0,16789.0,4.5,18.25,False,1.2191780821917808,True,0.2465753424657534,False,0.6712328767123288,False,0.6712328767123288,15.0,True,0.1,False,-1.0,False,-1.0,False,-1.0,<25%
2024-01-09,up,15,70,1,0.111328125,128.0,16786.5,2.0,12.25,False,6.6938775510204085,True,0.16326530612244897,True,2.7755102040816326,True,5.387755102040816,12.25,False,6.6938775510204085,True,0.16326530612244897,True,2.7755102040816326,True,5.387755102040816,<25%
2024-01-09,up,15,130,2,0.14365411436541142,179.25,16831.5,8.25,17.5,True,2.1142857142857143,True,0.4714285714285714,False,-1.0,False,-1.0,10.75,True,3.441860465116279,True,0.7674418604651163,False,-1.0,False,-1.0,<25%
2024-01-09,up,15,200,3,0.33653846153846156,208.0,16853.25,15.25,54.75,True,0.0593607305936073,False,-1.0,False,-1.0,False,-1.0,23.5,True,0.13829787234042554,False,-1.0,False,-1.0,False,-1.0,25-50%
2024-01-09,up,15,320,4,0.4423076923076923,208.0,16829.75,38.75,53.25,False,0.22065727699530516,False,0.03755868544600939,False,0.03755868544600939,False,0.03755868544600939,53.25,False,0.22065727699530516,False,0.03755868544600939,False,0.03755868544600939,False,0.03755868544600939,25-50%
2024-01-10,up,10,135,1,0.12949640287769784,104.25,16903.5,2.25,11.25,True,2.577777777777778,True,0.2,True,2.5166666666666666,False,-1.0,8.75,True,1.2285714285714286,True,0.2571428571428571,False,-1.0,False,-1.0,<25%
2024-01-10,up,10,225,2,0.09938837920489296,163.5,16958.5,6.5,9.75,True,0.6410256410256411,False,-1.0,False,-1.0,False,-1.0,9.75,True,0.6410256410256411,False,-1.0,False,-1.0,False,-1.0,<25%
2024-01-10,up,10,250,3,0.12996941896024464,163.5,16954.5,10.5,10.75,True,2.6511627906976742,True,0.9767441860465116,False,-1.0,False,-1.0,5.5,True,5.181818181818182,True,1.9090909090909092,False,-1.0,False,-1.0,<25%
2024-01-11,down,40,250,1,0.7177280550774526,290.5,16945.25,192.25,16.25,True,0.09230769230769231,False,-1.0,False,-1.0,False,-1.0,16.25,True,0.09230769230769231,False,-1.0,False,-1.0,False,-1.0,50-75%
2024-01-11,down,40,285,2,0.7943201376936316,290.5,16939.25,186.25,44.5,False,0.2752808988764045,False,-0.5898876404494382,False,-0.5898876404494382,False,-0.5898876404494382,13.0,True,0.0,False,-1.0,False,-1.0,False,-1.0,75-100%
2024-01-16,up,10,155,1,0.7958041958041958,178.75,16909.5,124.25,18.0,True,2.1527777777777777,False,-1.0,False,-1.0,False,-1.0,8.75,True,4.428571428571429,False,-1.0,False,-1.0,False,-1.0,75-100%
2024-01-16,up,10,250,2,0.9608391608391609,178.75,16907.75,126.0,45.75,False,1.355191256830601,False,1.3169398907103824,False,1.3169398907103824,False,1.3169398907103824,11.75,False,5.276595744680851,False,5.127659574468085,False,5.127659574468085,False,5.127659574468085,75-100%
2024-01-18,down,150,160,1,0.17346938775510204,147.0,16968.25,13.0,12.5,True,2.06,True,1.04,False,-1.0,False,-1.0,12.5,True,2.06,True,1.04,False,-1.0,False,-1.0,<25%
2024-01-18,down,150,175,2,0.17214397496087636,159.75,16956.5,14.0,13.5,True,0.0,False,-1.0,False,-1.0,False,-1.0,13.5,True,0.0,False,-1.0,False,-1.0,False,-1.0,<25%
2024-01-19,up,35,85,1,0.41766109785202865,104.75,17266.0,5.0,38.75,False,4.696774193548387,True,0.12903225806451613,True,0.8048387096774193,True,1.4806451612903226,20.25,True,0.4074074074074074,True,0.24691358024691357,False,-1.0,False,-1.0,25-50%
2024-01-19,up,35,200,2,0.07029478458049887,220.5,17384.0,2.75,12.75,False,5.019607843137255,True,0.21568627450980393,True,4.53921568627451,False,4.588235294117647,12.75,False,5.019607843137255,True,0.21568627450980393,True,4.53921568627451,False,4.588235294117647,<25%
2024-01-19,up,35,255,3,0.19170506912442398,271.25,17422.5,15.0,37.0,False,0.6891891891891891,True,0.40540540540540543,False,0.5405405405405406,False,0.5405405405405406,16.75,True,0.0,False,-1.0,False,-1.0,False,-1.0,<25%
2024-01-19,up,35,320,4,0.1126885536823425,281.75,17444.5,3.5,28.25,False,0.10619469026548672,False,-0.07079646017699115,False,-0.07079646017699115,False,-0.07079646017699115,14.0,False,0.21428571428571427,False,-0.14285714285714285,False,-0.14285714285714285,False,-0.14285714285714285,<25%
2024-01-22,down,0,30,1,0.24615384615384617,146.25,17449.25,10.5,25.5,True,0.0392156862745098,False,-1.0,False,-1.0,False,-1.0,12.75,True,0.0,False,-1.0,False,-1.0,False,-1.0,<25%
2024-01-22,down,0,95,2,0.5128205128205128,146.25,17468.25,29.5,45.5,False,0.7527472527472527,True,0.6483516483516484,False,0.16483516483516483,False,0.16483516483516483,31.75,False,1.078740157480315,True,0.9291338582677166,False,0.23622047244094488,False,0.23622047244094488,50-75%
2024-01-22,down,0,220,3,0.3509933774834437,151.0,17469.25,35.25,17.75,True,1.5352112676056338,False,-1.0,False,-1.0,False,-1.0,12.0,True,2.2708333333333335,False,-1.0,False,-1.0,False,-1.0,25-50%
2024-01-22,down,0,310,4,0.3708609271523179,151.0,17468.75,34.75,21.25,False,0.6823529411764706,False,0.3764705882352941,False,0.3764705882352941,False,0.3764705882352941,14.0,False,1.0357142857142858,False,0.5714285714285714,False,0.5714285714285714,False,0.5714285714285714,25-50%
2024-01-23,up,145,260,1,0.17222222222222222,90.0,17492.0,7.5,8.0,False,5.875,True,0.9375,True,3.75,False,4.6875,8.0,False,5.875,True,0.9375,True,3.75,False,4.6875,<25%
2024-01-24,up,0,80,1,0.6019607843137255,127.5,17743.75,21.25,55.5,True,0.8963963963963963,True,0.38288288288288286,False,-1.0,False,-1.0,19.0,True,2.6184210526315788,True,1.118421052631579,False,-1.0,False,-1.0,50-75%
2024-01-25,down,135,290,1,0.36666666666666664,210.0,17590.25,48.25,28.75,True,0.0,False,-1.0,False,-1.0,False,-1.0,28.75,True,0.0,False,-1.0,False,-1.0,False,-1.0,25-50%
2024-01-26,up,0,10,1,0.18571428571428572,105.0,17600.75,8.25,11.25,True,2.5555555555555554,True,0.7333333333333333,False,-1.0,False,-1.0,11.25,True,2.5555555555555554,True,0.7333333333333333,False,-1.0,False,-1.0,<25%
2024-01-26,up,0,90,2,0.41832669322709165,125.5,17618.75,10.75,41.75,True,0.31736526946107785,True,0.25748502994011974,False,-1.0,False,-1.0,14.25,True,0.9298245614035088,True,0.7543859649122807,False,-1.0,False,-1.0,25-50%
2024-01-26,up,0,100,3,0.259765625,128.0,17620.75,11.25,22.0,True,0.3409090909090909,False,-1.0,False,-1.0,False,-1.0,22.0,True,0.3409090909090909,False,-1.0,False,-1.0,False,-1.0,25-50%
2024-01-26,up,0,155,4,0.921875,128.0,17537.75,94.25,23.75,True,0.5157894736842106,False,-1.0,False,-1.0,False,-1.0,18.5,True,0.20270270270270271,False,-1.0,False,-1.0,False,-1.0,75-100%
2024-01-29,up,100,125,1,0.1623931623931624,87.75,17604.75,2.75,11.5,True,0.0,False,-1.0,False,-1.0,False,-1.0,9.0,True,0.0,False,-1.0,False,-1.0,False,-1.0,<25%
2024-01-29,up,100,175,2,0.34818941504178275,89.75,17596.75,12.75,18.5,False,6.45945945945946,True,0.6891891891891891,True,1.902027027027027,True,3.114864864864865,7.25,True,0.0,False,-1.0,False,-1.0,False,-1.0,25-50%
2024-01-29,up,100,230,3,0.12410501193317422,104.75,17615.75,8.75,4.25,False,23.647058823529413,True,2.0588235294117645,True,8.220588235294118,True,14.382352941176471,4.25,False,23.647058823529413,True,2.0588235294117645,True,8.220588235294118,True,14.382352941176471,<25%
2024-01-29,up,100,325,4,0.18193384223918574,196.5,17708.0,8.25,27.5,False,0.0,False,0.0,False,0.0,False,0.0,24.75,False,0.0,False,0.0,False,0.0,False,0.0,<25%
2024-01-30,down,105,145,1,0.2032854209445585,121.75,17573.5,10.5,14.25,True,1.3333333333333333,True,0.7368421052631579,False,-1.0,False,-1.0,4.75,True,4.0,True,2.210526315789474,False,-1.0,False,-1.0,<25%
2024-01-30,down,105,190,2,0.3646833013435701,130.25,17583.5,29.0,18.5,True,1.9054054054054055,True,1.5675675675675675,False,-1.0,False,-1.0,13.25,True,2.660377358490566,True,2.188679245283019,False,-1.0,False,-1.0,25-50%
2024-01-30,down,105,270,3,0.3901098901098901,136.5,17585.75,37.5,15.75,True,0.6031746031746031,False,-1.0,False,-1.0,False,-1.0,14.0,True,0.6785714285714286,False,-1.0,False,-1.0,False,-1.0,25-50%
2024-01-31,down,0,210,1,0.8391608391608392,143.0,17344.25,60.75,59.25,True,0.5780590717299579,False,-1.0,False,-1.0,False,-1.0,55.75,True,0.6143497757847534,False,-1.0,False,-1.0,False,-1.0,75-100%
2024-02-01,up,95,215,1,0.5666666666666667,150.0,17404.5,9.5,75.5,False,0.6456953642384106,True,0.12582781456953643,True,0.6225165562913907,False,0.4735099337748344,21.25,True,0.0,False,-1.0,False,-1.0,False,-1.0,50-75%
2024-02-01,up,95,260,2,0.0818452380952381,168.0,17421.5,10.5,3.25,True,9.0,True,3.230769230769231,False,-1.0,False,-1.0,3.25,True,9.0,True,3.230769230769231,False,-1.0,False,-1.0,<25%
2024-02-01,up,95,305,3,0.17402945113788487,186.75,17446.75,4.0,28.5,True,0.22807017543859648,True,0.14035087719298245,False,-1.0,False,-1.0,7.5,True,0.0,False,-1.0,False,-1.0,False,-1.0,<25%
2024-02-02,up,10,40,1,0.30062111801242236,201.25,17651.0,15.75,44.75,False,2.782122905027933,True,0.35195530726256985,True,1.4762569832402235,True,2.600558659217877,16.0,True,0.421875,False,-1.0,False,-1.0,False,-1.0,25-50%
2024-02-02,up,10,125,2,0.05326460481099656,291.0,17754.5,2.0,13.5,True,0.0,False,-1.0,False,-1.0,False,-1.0,13.5,True,0.0,False,-1.0,False,-1.0,False,-1.0,<25%
2024-02-02,up,10,235,3,0.10599835661462613,304.25,17748.0,21.75,10.5,True,2.619047619047619,True,2.0714285714285716,False,-1.0,False,-1.0,4.0,True,0.0,False,-1.0,False,-1.0,False,-1.0,<25%
2024-02-02,up,10,275,4,0.10967741935483871,310.0,17764.75,10.75,23.25,True,0.3870967741935484,False,-1.0,False,-1.0,False,-1.0,13.5,True,0.6666666666666666,False,-1.0,False,-1.0,False,-1.0,<25%
2024-02-02,up,10,295,5,0.1314516129032258,310.0,17766.25,9.25,31.5,True,0.0873015873015873,False,-1.0,False,-1.0,False,-1.0,28.25,True,0.008849557522123894,False,-1.0,False,-1.0,False,-1.0,<25%
2024-02-05,down,10,170,1,0.9193989071038251,183.0,17691.75,137.5,30.75,True,0.45528455284552843,False,-1.0,False,-1.0,False,-1.0,15.0,True,0.9333333333333333,False,-1.0,False,-1.0,False,-1.0,75-100%
2024-02-06,down,75,85,1,0.11198945981554677,189.75,17586.5,8.5,12.75,True,2.019607843137255,True,0.6666666666666666,False,-1.0,False,-1.0,12.75,True,2.019607843137255,True,0.6666666666666666,False,-1.0,False,-1.0,<25%
2024-02-06,down,75,135,2,0.2669082125603865,207.0,17591.5,30.75,24.5,True,0.17346938775510204,False,-1.0,False,-1.0,False,-1.0,22.25,True,0.19101123595505617,False,-1.0,False,-1.0,False,-1.0,25-50%
2024-02-06,down,75,215,3,0.34903381642512077,207.0,17582.75,22.0,50.25,True,0.39800995024875624,False,-1.0,False,-1.0,False,-1.0,40.75,True,0.49079754601226994,False,-1.0,False,-1.0,False,-1.0,25-50%
2024-02-08,up,15,85,1,0.4115942028985507,86.25,17886.5,7.75,27.75,True,0.36036036036036034,True,0.27927927927927926,False,-1.0,False,-1.0,11.0,True,0.0,False,-1.0,False,-1.0,False,-1.0,25-50%
2024-02-08,up,15,150,2,0.5338983050847458,88.5,17878.75,17.75,29.5,True,0.4661016949152542,False,-1.0,False,-1.0,False,-1.0,27.0,True,0.5092592592592593,False,-1.0,False,-1.0,False,-1.0,50-75%
2024-02-08,up,15,265,3,0.7824858757062146,88.5,17863.0,33.5,35.75,False,0.46153846153846156,False,0.06993006993006994,False,0.06993006993006994,False,0.06993006993006994,12.0,True,1.375,False,-1.0,False,-1.0,False,-1.0,75-100%
2024-02-09,up,0,10,1,0.1440677966101695,118.0,17987.25,5.75,11.25,True,1.8,True,0.5111111111111111,False,-1.0,False,-1.0,11.25,True,1.8,True,0.5111111111111111,False,-1.0,False,-1.0,<25%
2024-02-09,up,0,115,2,0.30566037735849055,132.5,18001.75,5.75,34.75,False,1.9928057553956835,True,0.16546762589928057,True,1.118705035971223,False,1.0719424460431655,13.0,False,5.326923076923077,True,0.4423076923076923,True,2.9903846153846154,False,2.8653846153846154,25-50%
2024-02-09,up,0,130,3,0.12430426716141002,134.75,18008.0,1.75,15.0,False,4.2,True,0.11666666666666667,True,2.3625,False,2.066666666666667,9.0,False,7.0,True,0.19444444444444445,True,3.9375,False,3.4444444444444446,<25%
2024-02-09,up,0,145,4,0.05263157894736842,152.0,18024.0,3.0,5.0,False,9.4,True,0.6,True,8.2,False,3.0,5.0,False,9.4,True,0.6,True,8.2,False,3.0,<25%
2024-02-09,up,0,170,5,0.09233176838810642,159.75,18027.75,7.0,7.75,False,5.580645161290323,True,0.9032258064516129,False,1.4516129032258065,False,1.4516129032258065,3.25,False,13.307692307692308,True,2.1538461538461537,False,3.4615384615384617,False,3.4615384615384617,<25%
2024-02-12,up,10,160,1,0.47921225382932164,114.25,18104.0,17.5,37.25,True,0.12080536912751678,False,-1.0,False,-1.0,False,-1.0,7.5,True,0.6,False,-1.0,False,-1.0,False,-1.0,25-50%
2024-02-12,down,190,210,1,0.302504816955684,129.75,18005.5,13.75,25.5,False,2.715686274509804,True,0.5392156862745098,True,1.8112745098039216,False,1.6470588235294117,19.75,False,3.5063291139240507,True,0.6962025316455697,True,2.338607594936709,False,2.1265822784810124,25-50%
2024-02-12,down,190,255,2,0.28205128205128205,185.25,17972.75,36.5,15.75,False,1.9047619047619047,False,0.5873015873015873,False,0.5873015873015873,False,0.5873015873015873,7.75,True,3.870967741935484,False,-1.0,False,-1.0,False,-1.0,25-50%
2024-02-13,up,0,120,1,0.5158536585365854,205.0,17721.25,70.5,35.25,True,0.19148936170212766,False,-1.0,False,-1.0,False,-1.0,30.0,True,0.225,False,-1.0,False,-1.0,False,-1.0,50-75%
2024-02-14,down,30,40,1,0.26325088339222613,141.5,17722.0,16.5,20.75,True,0.8674698795180723,True,0.7951807228915663,False,-1.0,False,-1.0,20.25,True,0.8888888888888888,True,0.8148148148148148,False,-1.0,False,-1.0,25-50%
2024-02-14,down,30,70,2,0.4493006993006993,143.0,17728.75,24.75,39.5,True,0.9746835443037974,True,0.6265822784810127,False,-1.0,False,-1.0,39.5,True,0.9746835443037974,True,0.6265822784810127,False,-1.0,False,-1.0,25-50%
2024-02-14,down,30,155,3,0.6523125996810207,156.75,17766.5,76.25,26.0,True,1.0865384615384615,False,-1.0,False,-1.0,False,-1.0,22.0,True,1.2840909090909092,False,-1.0,False,-1.0,False,-1.0,50-75%
2024-02-14,down,30,215,4,0.7910685805422647,156.75,17742.25,52.0,72.0,True,0.0798611111111111,False,-1.0,False,-1.0,False,-1.0,22.25,True,0.25842696629213485,False,-1.0,False,-1.0,False,-1.0,75-100%
2024-02-15,up,165,175,1,0.10387323943661972,142.0,17921.25,1.25,13.5,True,0.8703703703703703,True,0.09259259259259259,False,-1.0,False,-1.0,13.5,True,0.8703703703703703,True,0.09259259259259259,False,-1.0,False,-1.0,<25%
2024-02-15,up,165,250,2,0.34098360655737703,152.5,17919.0,14.0,38.0,True,0.25,False,-1.0,False,-1.0,False,-1.0,10.75,True,0.8837209302325582,False,-1.0,False,-1.0,False,-1.0,25-50%
2024-02-15,up,165,320,3,0.39344262295081966,152.5,17909.25,23.75,36.25,False,0.20689655172413793,False,0.1310344827586207,False,0.1310344827586207,False,0.1310344827586207,24.5,False,0.30612244897959184,False,0.19387755102040816,False,0.19387755102040816,False,0.19387755102040816,25-50%
2024-02-15,down,35,145,1,0.835030549898167,122.75,17853.5,73.0,29.5,True,0.09322033898305085,False,-1.0,False,-1.0,False,-1.0,15.25,True,0.18032786885245902,False,-1.0,False,-1.0,False,-1.0,75-100%
2024-02-20,down,90,110,1,0.06779661016949153,265.5,17463.5,5.0,13.0,True,0.057692307692307696,False,-1.0,False,-1.0,False,-1.0,13.0,True,0.057692307692307696,False,-1.0,False,-1.0,False,-1.0,<25%
2024-02-20,down,90,180,2,0.2965009208103131,271.5,17489.25,36.75,43.75,True,0.17142857142857143,False,-1.0,False,-1.0,False,-1.0,9.5,True,0.7894736842105263,False,-1.0,False,-1.0,False,-1.0,25-50%
2024-02-20,down,90,230,3,0.34990791896869244,271.5,17519.75,67.25,27.75,True,0.3783783783783784,False,-1.0,False,-1.0,False,-1.0,24.5,True,0.42857142857142855,False,-1.0,False,-1.0,False,-1.0,25-50%
2024-02-20,down,90,300,4,0.5174953959484346,271.5,17541.0,88.5,52.0,True,0.1971153846153846,False,-1.0,False,-1.0,False,-1.0,50.0,True,0.205,False,-1.0,False,-1.0,False,-1.0,50-75%
2024-02-21,down,115,225,1,0.5254237288135594,103.25,17446.0,23.75,30.5,True,2.401639344262295,True,0.7786885245901639,True,1.625,False,-1.0,25.0,True,2.93,True,0.95,True,1.9825,False,-1.0,50-75%
2024-02-21,down,115,240,2,0.19736842105263158,133.0,17404.5,12.0,14.25,True,2.2280701754385963,True,0.8421052631578947,False,-1.0,False,-1.0,14.25,True,2.2280701754385963,True,0.8421052631578947,False,-1.0,False,-1.0,<25%
2024-02-22,up,45,50,1,0.17002237136465326,111.75,17973.5,2.25,16.75,True,0.0,False,-1.0,False,-1.0,False,-1.0,16.75,True,0.0,False,-1.0,False,-1.0,False,-1.0,<25%
2024-02-22,up,45,70,2,0.16025641025641027,117.0,17973.0,8.0,10.75,True,0.0,False,-1.0,False,-1.0,False,-1.0,10.75,True,0.0,False,-1.0,False,-1.0,False,-1.0,<25%
2024-02-22,up,45,95,3,0.391025641025641,117.0,17973.25,7.75,38.0,False,2.9934210526315788,True,0.20394736842105263,True,0.9736842105263158,True,1.743421052631579,14.5,True,0.3275862068965517,False,-1.0,False,-1.0,False,-1.0,25-50%
2024-02-22,up,45,200,4,0.079155672823219,189.5,18049.75,3.75,11.25,True,3.311111111111111,True,0.3333333333333333,False,-1.0,False,-1.0,11.25,True,3.311111111111111,True,0.3333333333333333,False,-1.0,False,-1.0,<25%
2024-02-22,up,45,270,5,0.23318385650224216,223.0,18068.75,18.25,33.75,False,0.4740740740740741,False,-0.7111111111111111,False,-0.7111111111111111,False,-0.7111111111111111,28.25,False,0.5663716814159292,False,-0.8495575221238938,False,-0.8495575221238938,False,-0.8495575221238938,<25%
2024-02-23,down,10,230,1,0.5949685534591195,198.75,17994.0,48.0,70.25,False,0.4306049822064057,False,0.10676156583629894,False,0.10676156583629894,False,0.10676156583629894,20.0,True,0.2625,False,-1.0,False,-1.0,False,-1.0,50-75%
2024-02-26,up,80,155,1,0.5828877005347594,93.5,18033.75,25.75,28.75,True,0.3739130434782609,False,-1.0,False,-1.0,False,-1.0,12.0,True,0.8958333333333334,False,-1.0,False,-1.0,False,-1.0,50-75%
2024-02-26,up,80,210,2,0.8475935828877005,93.5,18026.75,32.75,46.5,True,0.3225806451612903,False,-1.0,False,-1.0,False,-1.0,13.0,True,0.6730769230769231,False,-1.0,False,-1.0,False,-1.0,75-100%
2024-02-27,down,140,175,1,0.4808080808080808,123.75,17940.75,32.0,27.5,True,0.15454545454545454,False,-1.0,False,-1.0,False,-1.0,22.0,True,0.19318181818181818,False,-1.0,False,-1.0,False,-1.0,25-50%
2024-02-27,down,140,285,2,0.9838383838383838,123.75,18010.5,101.75,20.0,True,0.325,False,-1.0,False,-1.0,False,-1.0,9.25,True,0.0,False,-1.0,False,-1.0,False,-1.0,75-100%
2024-02-27,down,140,300,3,0.98989898989899,123.75,18005.75,97.0,25.5,False,0.16666666666666666,False,-0.47058823529411764,False,-0.47058823529411764,False,-0.47058823529411764,20.5,True,0.2073170731707317,False,-1.0,False,-1.0,False,-1.0,75-100%
2024-02-28,up,30,55,1,0.14754098360655737,91.5,17961.0,6.5,7.0,True,0.0,False,-1.0,False,-1.0,False,-1.0,7.0,True,0.0,False,-1.0,False,-1.0,False,-1.0,<25%
2024-02-28,up,30,70,2,0.14358974358974358,97.5,17969.25,4.25,9.75,True,0.5897435897435898,True,0.4358974358974359,False,-1.0,False,-1.0,9.75,True,0.5897435897435898,True,0.4358974358974359,False,-1.0,False,-1.0,<25%
2024-02-28,up,30,165,3,0.8181818181818182,99.0,17924.25,50.75,30.25,True,1.0578512396694215,False,-1.0,False,-1.0,False,-1.0,11.5,True,2.782608695652174,False,-1.0,False,-1.0,False,-1.0,75-100%
2024-02-28,up,30,270,4,0.9191919191919192,99.0,17925.0,50.0,41.0,False,0.14634146341463414,False,-0.18292682926829268,False,-0.18292682926829268,False,-0.18292682926829268,11.5,True,0.0,False,-1.0,False,-1.0,False,-1.0,75-100%
2024-02-29,down,55,190,1,0.8723098995695839,174.25,18028.25,130.0,22.0,True,0.17045454545454544,False,-1.0,False,-1.0,False,-1.0,9.75,True,0.38461538461538464,False,-1.0,False,-1.0,False,-1.0,75-100%
2024-02-29,down,55,235,2,0.9239598278335724,174.25,18026.75,128.5,32.5,True,0.6076923076923076,False,-1.0,False,-1.0,False,-1.0,16.25,True,1.2153846153846153,False,-1.0,False,-1.0,False,-1.0,75-100%
2024-03-01,up,30,45,1,0.14840989399293286,141.5,18232.25,3.0,18.0,True,0.5416666666666666,True,0.16666666666666666,False,-1.0,False,-1.0,15.75,True,0.6190476190476191,True,0.19047619047619047,False,-1.0,False,-1.0,<25%
2024-03-01,up,30,130,2,0.08310626702997276,183.5,18270.25,7.0,8.25,False,12.424242424242424,True,0.8484848484848485,True,6.409090909090909,True,11.969696969696969,8.25,False,12.424242424242424,True,0.8484848484848485,True,6.409090909090909,True,11.969696969696969,<25%
2024-03-04,up,245,280,1,0.32131147540983607,76.25,18343.5,3.0,21.5,True,0.11627906976744186,False,-1.0,False,-1.0,False,-1.0,13.75,True,0.18181818181818182,False,-1.0,False,-1.0,False,-1.0,25-50%
2024-03-04,down,170,215,1,0.5736434108527132,64.5,18295.5,25.25,11.75,True,0.3191489361702128,False,-1.0,False,-1.0,False,-1.0,11.75,True,0.3191489361702128,False,-1.0,False,-1.0,False,-1.0,50-75%
2024-03-05,down,0,40,1,0.18584070796460178,226.0,17932.25,23.0,19.0,True,0.0,False,-1.0,False,-1.0,False,-1.0,12.75,True,0.0,False,-1.0,False,-1.0,False,-1.0,<25%
2024-03-05,down,0,65,2,0.25110619469026546,226.0,17931.0,21.75,35.0,True,0.6714285714285714,True,0.6214285714285714,False,-1.0,False,-1.0,18.75,True,1.2533333333333334,True,1.16,False,-1.0,False,-1.0,25-50%
2024-03-05,down,0,80,3,0.150384193194292,227.75,17914.5,7.0,27.25,True,0.0,False,-1.0,False,-1.0,False,-1.0,15.25,True,0.0,False,-1.0,False,-1.0,False,-1.0,<25%
2024-03-05,down,0,150,4,0.31174533479692645,227.75,17938.75,31.25,39.75,False,2.6729559748427674,True,0.7861635220125787,True,2.2185534591194966,False,0.1761006289308176,15.25,False,6.967213114754099,True,2.0491803278688523,True,5.782786885245901,False,0.45901639344262296,25-50%
2024-03-05,down,0,205,5,0.07514450867052024,259.5,17879.25,3.5,16.0,True,0.171875,False,-1.0,False,-1.0,False,-1.0,16.0,True,0.171875,False,-1.0,False,-1.0,False,-1.0,<25%
2024-03-05,down,0,295,6,0.060884070058381985,299.75,17841.5,6.0,12.25,True,0.0,False,-1.0,False,-1.0,False,-1.0,12.25,True,0.0,False,-1.0,False,-1.0,False,-1.0,<25%
2024-03-06,up,90,235,1,0.7983392645314353,210.75,18079.25,95.0,73.25,True,0.18430034129692832,False,-1.0,False,-1.0,False,-1.0,27.75,True,0.0,False,-1.0,False,-1.0,False,-1.0,75-100%
2024-03-06,up,90,305,2,0.900355871886121,210.75,18024.25,150.0,39.75,False,0.9685534591194969,False,0.5031446540880503,False,0.5031446540880503,False,0.5031446540880503,39.75,False,0.9685534591194969,False,0.5031446540880503,False,0.5031446540880503,False,0.5031446540880503,75-100%
2024-03-07,up,5,155,1,0.2042755344418052,210.5,18312.5,16.75,26.25,False,1.8095238095238095,True,0.638095238095238,False,-0.12380952380952381,False,-0.12380952380952381,21.25,True,2.235294117647059,True,0.788235294117647,False,-1.0,False,-1.0,<25%
2024-03-07,up,5,210,2,0.09430051813471503,241.25,18355.75,4.25,18.5,True,0.0,False,-1.0,False,-1.0,False,-1.0,18.5,True,0.0,False,-1.0,False,-1.0,False,-1.0,<25%
2024-03-07,up,5,255,3,0.11398963730569948,241.25,18352.25,7.75,19.75,True,0.21518987341772153,False,-1.0,False,-1.0,False,-1.0,9.75,True,0.4358974358974359,False,-1.0,False,-1.0,False,-1.0,<25%
2024-03-08,down,35,75,1,0.2854656222802437,287.25,18174.75,25.5,56.5,False,2.8716814159292037,True,0.45132743362831856,True,1.7223451327433628,False,2.3761061946902653,53.25,False,3.0469483568075115,True,0.4788732394366197,True,1.8274647887323943,False,2.5211267605633805,25-50%
2024-03-08,down,35,105,2,0.1748987854251012,308.75,18142.25,14.5,39.5,True,0.11392405063291139,False,-1.0,False,-1.0,False,-1.0,39.5,True,0.11392405063291139,False,-1.0,False,-1.0,False,-1.0,<25%
2024-03-08,down,35,170,3,0.16233354470513633,394.25,18058.5,16.25,47.75,True,0.9633507853403142,True,0.3403141361256545,False,-1.0,False,-1.0,31.0,True,1.4838709677419355,True,0.5241935483870968,False,-1.0,False,-1.0,<25%
2024-03-08,down,35,280,4,0.38443396226415094,424.0,18107.5,95.0,68.0,False,1.0073529411764706,False,0.9852941176470589,False,0.9852941176470589,False,0.9852941176470589,13.0,False,5.269230769230769,False,5.153846153846154,False,5.153846153846154,False,5.153846153846154,25-50%
2024-03-11,up,20,255,1,0.8129770992366412,131.0,18256.25,12.75,93.75,False,0.16,True,0.136,False,-0.4266666666666667,False,-0.4266666666666667,18.0,True,0.8333333333333334,True,0.7083333333333334,False,-1.0,False,-1.0,75-100%
2024-03-11,up,20,300,2,0.5553470919324578,133.25,18218.25,53.0,21.0,True,0.0,False,-1.0,False,-1.0,False,-1.0,19.0,True,0.0,False,-1.0,False,-1.0,False,-1.0,50-75%
2024-03-11,up,20,310,3,0.5590994371482176,133.25,18226.25,45.0,29.5,True,0.3474576271186441,False,-1.0,False,-1.0,False,-1.0,25.25,True,0.40594059405940597,False,-1.0,False,-1.0,False,-1.0,50-75%
2024-03-12,up,0,45,1,0.17673992673992675,273.0,18436.75,10.25,38.0,True,0.5460526315789473,True,0.26973684210526316,False,-1.0,False,-1.0,8.75,True,0.0,False,-1.0,False,-1.0,False,-1.0,<25%
2024-03-12,up,0,170,2,0.47354497354497355,283.5,18397.75,59.75,74.5,False,1.2516778523489933,True,0.802013422818792,False,1.0469798657718121,False,1.0469798657718121,15.75,True,0.0,False,-1.0,False,-1.0,False,-1.0,25-50%
2024-03-12,up,0,275,3,0.10154905335628227,290.5,18459.5,5.0,24.5,True,0.3469387755102041,True,0.20408163265306123,False,-1.0,False,-1.0,12.75,True,0.6666666666666666,True,0.39215686274509803,False,-1.0,False,-1.0,<25%
2024-03-12,up,0,290,4,0.11224489795918367,294.0,18463.75,4.25,28.75,False,0.9478260869565217,True,0.14782608695652175,False,0.41739130434782606,False,0.41739130434782606,18.75,False,1.4533333333333334,True,0.22666666666666666,False,0.64,False,0.64,<25%
2024-03-12,up,0,315,5,0.06320907617504051,308.5,18478.0,4.5,15.0,False,0.8666666666666667,True,0.3,False,-0.15,False,-0.15,15.0,False,0.8666666666666667,True,0.3,False,-0.15,False,-0.15,<25%
2024-03-13,down,70,265,1,0.8277027027027027,148.0,18379.5,97.75,24.75,False,3.6666666666666665,False,1.97979797979798,False,1.97979797979798,False,1.97979797979798,17.25,False,5.260869565217392,False,2.8405797101449277,False,2.8405797101449277,False,2.8405797101449277,75-100%
2024-03-15,down,140,195,1,0.399702823179792,168.25,18040.75,34.5,32.75,True,0.030534351145038167,False,-1.0,False,-1.0,False,-1.0,24.0,True,0.0,False,-1.0,False,-1.0,False,-1.0,25-50%
2024-03-15,down,140,300,2,0.5973254086181278,168.25,18075.25,69.0,31.5,False,0.9920634920634921,False,0.5317460317460317,False,0.5317460317460317,False,0.5317460317460317,19.0,False,1.644736842105263,False,0.881578947368421,False,0.881578947368421,False,0.881578947368421,50-75%
2024-03-18,down,140,185,1,0.3876500857632933,145.75,18251.0,15.75,40.75,True,0.15950920245398773,False,-1.0,False,-1.0,False,-1.0,28.0,True,0.23214285714285715,False,-1.0,False,-1.0,False,-1.0,25-50%
2024-03-18,down,140,250,2,0.5248713550600344,145.75,18268.75,33.5,43.0,False,1.1569767441860466,True,0.7790697674418605,False,0.9127906976744186,False,0.9127906976744186,33.75,False,1.474074074074074,True,0.9925925925925926,False,1.162962962962963,False,1.162962962962963,50-75%
2024-03-19,up,60,75,1,0.265658747300216,115.75,18153.25,15.75,15.0,True,0.0,False,-1.0,False,-1.0,False,-1.0,15.0,True,0.0,False,-1.0,False,-1.0,False,-1.0,25-50%
2024-03-19,up,60,85,2,0.31317494600431967,115.75,18158.75,10.25,26.0,False,5.019230769230769,True,0.3942307692307692,True,1.5072115384615385,True,2.6201923076923075,26.0,False,5.019230769230769,True,0.3942307692307692,True,1.5072115384615385,True,2.6201923076923075,25-50%
2024-03-19,up,60,170,3,0.23308270676691728,232.75,18246.0,40.0,14.25,True,3.0350877192982457,True,2.807017543859649,False,-1.0,False,-1.0,12.0,True,3.6041666666666665,True,3.3333333333333335,False,-1.0,False,-1.0,<25%
2024-03-19,up,60,250,4,0.07097457627118645,236.0,18281.0,8.25,8.5,True,0.5882352941176471,False,-1.0,False,-1.0,False,-1.0,8.0,True,0.625,False,-1.0,False,-1.0,False,-1.0,<25%
2024-03-20,up,210,235,1,0.5625,160.0,18371.5,33.25,56.75,True,0.0,False,-1.0,False,-1.0,False,-1.0,35.75,True,0.0,False,-1.0,False,-1.0,False,-1.0,50-75%
2024-03-20,up,210,250,2,0.740625,160.0,18393.25,11.5,107.0,False,0.9766355140186916,True,0.10747663551401869,True,0.48130841121495327,True,0.8551401869158879,52.25,False,2.0,True,0.22009569377990432,True,0.9856459330143541,True,1.7511961722488039,50-75%
2024-03-21,down,35,150,1,0.9836065573770492,91.5,18677.5,60.0,30.0,False,4.166666666666667,True,2.0,True,2.7625,True,3.525,12.25,False,10.204081632653061,True,4.8979591836734695,True,6.76530612244898,True,8.63265306122449,75-100%
2024-03-21,down,35,240,2,0.27054108216432865,124.75,18593.75,9.5,24.25,False,1.7010309278350515,True,0.3917525773195876,True,1.6778350515463918,False,1.443298969072165,23.0,False,1.7934782608695652,True,0.41304347826086957,True,1.7690217391304348,False,1.5217391304347827,25-50%
2024-03-21,down,35,265,3,0.2731629392971246,156.5,18573.5,21.0,21.75,True,0.7126436781609196,False,-1.0,False,-1.0,False,-1.0,7.25,True,2.1379310344827585,False,-1.0,False,-1.0,False,-1.0,25-50%
2024-03-21,down,35,300,4,0.3146964856230032,156.5,18578.25,25.75,23.5,False,1.0851063829787233,False,0.8297872340425532,False,0.8297872340425532,False,0.8297872340425532,23.5,False,1.0851063829787233,False,0.8297872340425532,False,0.8297872340425532,False,0.8297872340425532,25-50%
2024-03-22,up,140,145,1,0.12158054711246201,82.25,18580.25,2.0,8.0,True,5.71875,True,0.25,True,2.8203125,True,5.390625,8.0,True,5.71875,True,0.25,True,2.8203125,True,5.390625,<25%
2024-03-22,up,140,180,2,0.1853546910755149,109.25,18601.0,8.25,12.0,True,2.0833333333333335,True,0.6875,False,-1.0,False,-1.0,3.75,True,0.0,False,-1.0,False,-1.0,False,-1.0,<25%
2024-03-22,up,140,210,3,0.10912698412698413,126.0,18623.75,2.25,11.5,True,0.0,False,-1.0,False,-1.0,False,-1.0,11.5,True,0.0,False,-1.0,False,-1.0,False,-1.0,<25%
2024-03-22,up,140,320,4,0.626984126984127,126.0,18597.25,28.75,50.25,False,0.03980099502487562,False,-0.5024875621890548,False,-0.5024875621890548,False,-0.5024875621890548,10.5,True,0.0,False,-1.0,False,-1.0,False,-1.0,50-75%
2024-03-25,up,75,140,1,0.3045045045045045,138.75,18537.25,16.25,26.0,True,1.3269230769230769,True,0.625,False,-1.0,False,-1.0,19.25,True,0.12987012987012986,False,-1.0,False,-1.0,False,-1.0,25-50%
2024-03-25,up,75,245,2,0.13333333333333333,153.75,18561.0,7.5,13.0,True,0.8269230769230769,True,0.5769230769230769,False,-1.0,False,-1.0,13.0,True,0.8269230769230769,True,0.5769230769230769,False,-1.0,False,-1.0,<25%
2024-03-25,up,75,310,3,0.2914012738853503,157.0,18547.25,24.5,21.25,True,0.38823529411764707,False,-1.0,False,-1.0,False,-1.0,10.25,True,0.8048780487804879,False,-1.0,False,-1.0,False,-1.0,25-50%
2024-03-26,down,10,15,1,0.23809523809523808,73.5,18539.75,4.75,12.75,True,0.0,False,-1.0,False,-1.0,False,-1.0,12.75,True,0.0,False,-1.0,False,-1.0,False,-1.0,<25%
2024-03-26,down,10,70,2,0.608843537414966,73.5,18562.25,27.25,17.5,True,0.45714285714285713,False,-1.0,False,-1.0,False,-1.0,9.5,True,0.8421052631578947,False,-1.0,False,-1.0,False,-1.0,50-75%
2024-03-26,down,10,110,3,0.7312925170068028,73.5,18556.5,21.5,32.25,False,3.635658914728682,True,0.6666666666666666,True,1.2364341085271318,True,1.806201550387597,10.75,False,10.906976744186046,True,2.0,True,3.7093023255813953,True,5.4186046511627906,50-75%
2024-03-26,down,10,190,4,0.34810126582278483,79.0,18541.25,11.75,15.75,True,0.6507936507936508,False,-1.0,False,-1.0,False,-1.0,12.0,True,0.8541666666666666,False,-1.0,False,-1.0,False,-1.0,25-50%
2024-03-26,down,10,250,5,0.4208860759493671,79.0,18542.75,13.25,20.0,False,5.175,True,0.6625,True,1.65,True,2.6375,11.0,True,0.4318181818181818,False,-1.0,False,-1.0,False,-1.0,25-50%
2024-03-26,down,10,305,6,0.13523809523809524,131.25,18484.0,6.75,11.0,True,0.0,False,-1.0,False,-1.0,False,-1.0,11.0,True,0.0,False,-1.0,False,-1.0,False,-1.0,<25%
2024-04-01,down,20,145,1,0.3987012987012987,192.5,18469.0,54.5,22.25,True,1.9662921348314606,False,-1.0,False,-1.0,False,-1.0,10.75,True,4.069767441860465,False,-1.0,False,-1.0,False,-1.0,25-50%
2024-04-02,up,150,195,1,0.3148614609571788,99.25,18290.75,10.0,21.25,True,0.3058823529411765,False,-1.0,False,-1.0,False,-1.0,14.5,True,0.20689655172413793,False,-1.0,False,-1.0,False,-1.0,25-50%
2024-04-02,up,150,270,2,0.32997481108312343,99.25,18294.75,6.0,26.75,False,1.9532710280373833,True,0.22429906542056074,True,1.1518691588785046,False,1.3364485981308412,18.75,False,2.7866666666666666,True,0.32,True,1.6433333333333333,False,1.9066666666666667,25-50%
2024-04-02,up,150,290,3,0.3303769401330377,112.75,18302.25,12.0,25.25,False,1.7722772277227723,True,0.4752475247524752,True,1.5915841584158417,False,1.118811881188119,25.25,False,1.7722772277227723,True,0.4752475247524752,True,1.5915841584158417,False,1.118811881188119,25-50%
2024-04-03,up,25,35,1,0.0440251572327044,198.75,18434.5,3.75,5.0,True,3.45,True,0.75,False,-1.0,False,-1.0,5.0,True,3.45,True,0.75,False,-1.0,False,-1.0,<25%
2024-04-04,down,40,150,1,0.9858356940509915,88.25,18545.5,65.75,21.25,False,22.41176470588235,True,3.0941176470588236,True,4.132352941176471,True,5.170588235294118,13.25,False,35.943396226415096,True,4.962264150943396,True,6.627358490566038,True,8.29245283018868,75-100%
2024-04-05,up,15,95,1,0.081651376146789,272.5,18363.75,11.25,11.0,True,1.0909090909090908,True,1.0227272727272727,False,-1.0,False,-1.0,11.0,True,1.0909090909090908,True,1.0227272727272727,False,-1.0,False,-1.0,<25%
2024-04-05,up,15,110,2,0.09057639524245197,273.25,18373.5,2.25,22.5,True,0.05555555555555555,False,-1.0,False,-1.0,False,-1.0,22.5,True,0.05555555555555555,False,-1.0,False,-1.0,False,-1.0,<25%
2024-04-08,up,0,15,1,0.25364963503649635,137.0,18361.25,13.25,21.5,True,0.686046511627907,True,0.6162790697674418,False,-1.0,False,-1.0,16.25,True,0.9076923076923077,True,0.8153846153846154,False,-1.0,False,-1.0,25-50%
2024-04-08,up,0,120,2,0.8953068592057761,138.5,18298.25,77.75,46.25,False,0.7297297297297297,False,-0.02702702702702703,False,-0.02702702702702703,False,-0.02702702702702703,21.0,False,1.6071428571428572,False,-0.05952380952380952,False,-0.05952380952380952,False,-0.05952380952380952,75-100%
2024-04-09,down,0,140,1,0.5854657113613101,244.25,18259.0,98.25,44.75,True,0.9720670391061452,False,-1.0,False,-1.0,False,-1.0,36.25,True,0.2206896551724138,False,-1.0,False,-1.0,False,-1.0,50-75%
2024-04-10,up,5,50,1,0.8376237623762376,126.25,18152.5,81.5,24.25,True,1.2474226804123711,False,-1.0,False,-1.0,False,-1.0,13.0,True,2.326923076923077,False,-1.0,False,-1.0,False,-1.0,75-100%
2024-04-10,up,5,140,2,0.8613861386138614,126.25,18182.0,52.0,56.75,True,0.3700440528634361,False,-1.0,False,-1.0,False,-1.0,23.0,True,0.8804347826086957,False,-1.0,False,-1.0,False,-1.0,75-100%
2024-04-10,up,5,170,3,0.9366336633663367,126.25,18213.25,20.75,97.5,True,0.11282051282051282,False,-1.0,False,-1.0,False,-1.0,49.5,True,0.2222222222222222,False,-1.0,False,-1.0,False,-1.0,75-100%
2024-04-11,up,80,110,1,0.18152866242038215,157.0,18320.5,6.0,22.5,True,0.0,False,-1.0,False,-1.0,False,-1.0,20.25,True,0.0,False,-1.0,False,-1.0,False,-1.0,<25%
2024-04-11,up,80,205,2,0.056414922656960874,274.75,18436.5,7.75,7.75,False,10.612903225806452,True,1.0,True,9.862903225806452,False,5.903225806451613,7.75,False,10.612903225806452,True,1.0,True,9.862903225806452,False,5.903225806451613,<25%
2024-04-12,down,5,15,1,0.14615384615384616,130.0,18217.75,4.5,14.5,True,1.6896551724137931,True,0.3103448275862069,False,-1.0,False,-1.0,14.5,True,1.6896551724137931,True,0.3103448275862069,False,-1.0,False,-1.0,<25%
2024-04-12,down,5,100,2,0.6533333333333333,150.0,18230.0,36.75,61.25,False,1.7918367346938775,True,0.6,True,1.2122448979591838,False,0.8,20.75,False,5.289156626506024,True,1.7710843373493976,True,3.5783132530120483,False,2.36144578313253,50-75%
2024-04-12,down,5,280,3,0.15695067264573992,223.0,18130.5,10.25,24.75,True,0.35353535353535354,False,-1.0,False,-1.0,False,-1.0,18.75,True,0.4666666666666667,False,-1.0,False,-1.0,False,-1.0,<25%
2024-04-12,down,5,305,4,0.1961883408071749,223.0,18137.5,17.25,26.5,True,0.0,False,-1.0,False,-1.0,False,-1.0,21.75,True,0.0,False,-1.0,False,-1.0,False,-1.0,<25%
2024-04-15,down,20,105,1,0.3781163434903047,180.5,18178.75,20.25,48.0,False,7.026041666666667,True,0.421875,True,1.3619791666666667,True,2.3020833333333335,36.75,False,9.17687074829932,True,0.5510204081632653,True,1.7789115646258504,True,3.006802721088435,25-50%
2024-04-15,down,20,185,2,0.11426947129050596,439.75,17903.75,4.5,45.75,False,1.360655737704918,True,0.09836065573770492,False,0.6010928961748634,False,0.6010928961748634,45.75,False,1.360655737704918,True,0.09836065573770492,False,0.6010928961748634,False,0.6010928961748634,<25%
2024-04-15,down,20,195,3,0.08121546961325966,452.5,17897.25,10.75,26.0,True,0.7884615384615384,True,0.41346153846153844,False,-1.0,False,-1.0,26.0,True,0.7884615384615384,True,0.41346153846153844,False,-1.0,False,-1.0,<25%
2024-04-17,down,20,55,1,0.4413265306122449,196.0,17767.5,4.0,82.5,False,1.8454545454545455,True,0.048484848484848485,True,0.6424242424242425,True,1.2363636363636363,37.75,False,4.033112582781457,True,0.10596026490066225,True,1.403973509933775,True,2.7019867549668874,25-50%
2024-04-17,down,20,230,2,0.3841684822076979,344.25,17711.5,96.25,36.0,True,0.7083333333333334,False,-1.0,False,-1.0,False,-1.0,8.0,True,0.0,False,-1.0,False,-1.0,False,-1.0,25-50%
2024-04-17,down,20,265,3,0.5265068990559186,344.25,17703.0,87.75,93.5,False,0.5828877005347594,False,0.5213903743315508,False,0.5213903743315508,False,0.5213903743315508,15.5,False,3.5161290322580645,False,3.1451612903225805,False,3.1451612903225805,False,3.1451612903225805,50-75%
2024-04-18,up,5,10,1,0.19391025641025642,156.0,17703.5,4.5,25.75,True,1.6504854368932038,True,0.17475728155339806,False,-1.0,False,-1.0,25.75,True,1.6504854368932038,True,0.17475728155339806,False,-1.0,False,-1.0,<25%
2024-04-18,up,5,35,2,0.20949720670391062,179.0,17717.75,13.25,24.25,True,1.1649484536082475,True,0.5463917525773195,False,-1.0,False,-1.0,22.25,True,1.2696629213483146,True,0.5955056179775281,False,-1.0,False,-1.0,<25%
2024-04-18,down,170,240,1,0.3351893095768374,224.5,17526.75,5.25,70.0,False,0.017857142857142856,False,-0.26071428571428573,False,-0.26071428571428573,False,-0.26071428571428573,38.25,True,0.032679738562091505,False,-1.0,False,-1.0,False,-1.0,25-50%
2024-04-19,down,45,60,1,0.1390644753476612,197.75,17322.5,3.25,24.25,True,0.5773195876288659,True,0.13402061855670103,False,-1.0,False,-1.0,24.25,True,0.5773195876288659,True,0.13402061855670103,False,-1.0,False,-1.0,<25%
2024-04-19,down,45,80,2,0.2026378896882494,208.5,17316.25,7.75,34.5,False,5.884057971014493,True,0.2246376811594203,True,1.7355072463768115,True,3.246376811594203,28.0,False,7.25,True,0.2767857142857143,True,2.138392857142857,True,4.0,<25%
2024-04-19,down,45,170,3,0.3575418994413408,313.25,17291.5,87.75,24.25,True,1.4742268041237114,False,-1.0,False,-1.0,False,-1.0,19.75,True,1.8101265822784811,False,-1.0,False,-1.0,False,-1.0,25-50%
2024-04-19,down,45,210,4,0.43655227454110135,313.25,17248.75,45.0,91.75,False,1.4768392370572208,True,0.4904632152588556,True,1.3440054495912805,False,0.7302452316076294,43.0,False,3.1511627906976742,True,1.0465116279069768,True,2.8677325581395348,False,1.558139534883721,25-50%
2024-04-19,down,45,260,5,0.10909090909090909,385.0,17149.75,17.75,24.25,True,0.0,False,-1.0,False,-1.0,False,-1.0,24.25,True,0.0,False,-1.0,False,-1.0,False,-1.0,<25%
2024-04-19,down,45,270,6,0.11363636363636363,385.0,17145.75,13.75,30.0,True,0.0,False,-1.0,False,-1.0,False,-1.0,18.25,True,0.0,False,-1.0,False,-1.0,False,-1.0,<25%
2024-04-22,up,175,185,1,0.07829181494661921,210.75,17353.75,5.5,11.0,True,8.568181818181818,True,0.5,True,5.2897727272727275,False,-1.0,11.0,True,8.568181818181818,True,0.5,True,5.2897727272727275,False,-1.0,<25%
2024-04-22,down,20,120,1,0.8060109289617486,183.0,17241.75,93.25,54.25,True,0.013824884792626729,False,-1.0,False,-1.0,False,-1.0,18.0,True,0.041666666666666664,False,-1.0,False,-1.0,False,-1.0,75-100%
2024-04-23,up,0,90,1,0.24387096774193548,193.75,17585.75,21.75,25.5,False,2.803921568627451,True,0.8529411764705882,True,2.752450980392157,False,0.8333333333333334,21.75,False,3.2873563218390807,True,1.0,True,3.2270114942528734,False,0.9770114942528736,<25%
2024-04-23,up,0,115,2,0.11633663366336634,202.0,17606.0,9.75,13.75,True,0.6545454545454545,False,-1.0,False,-1.0,False,-1.0,13.75,True,0.6545454545454545,False,-1.0,False,-1.0,False,-1.0,<25%
2024-04-23,up,0,185,3,0.2202970297029703,202.0,17605.25,10.5,34.0,False,1.5294117647058822,True,0.3088235294117647,False,0.051470588235294115,False,0.051470588235294115,13.5,False,3.8518518518518516,True,0.7777777777777778,False,0.12962962962962962,False,0.12962962962962962,<25%
2024-04-24,down,5,265,1,0.6046002190580504,228.25,17612.5,45.25,92.75,False,0.0673854447439353,False,-0.49326145552560646,False,-0.49326145552560646,False,-0.49326145552560646,15.5,True,0.3709677419354839,False,-1.0,False,-1.0,False,-1.0,50-75%
2024-04-25,up,110,175,1,0.26040428061831156,210.25,17494.75,23.75,31.0,False,3.556451612903226,True,0.7661290322580645,True,2.461693548387097,False,2.338709677419355,27.5,False,4.009090909090909,True,0.8636363636363636,True,2.775,False,2.6363636363636362,25-50%
2024-04-25,up,110,265,2,0.33060853769300635,275.25,17526.75,56.75,34.25,False,2.2846715328467155,True,1.6569343065693432,False,1.1824817518248176,False,1.1824817518248176,33.5,False,2.3358208955223883,True,1.6940298507462686,False,1.208955223880597,False,1.208955223880597,25-50%
2024-04-26,up,15,145,1,0.3302752293577982,218.0,17882.5,3.75,68.25,False,0.2783882783882784,True,0.054945054945054944,False,-0.6336996336996337,False,-0.6336996336996337,11.75,True,1.6170212765957446,True,0.3191489361702128,False,-1.0,False,-1.0,25-50%
2024-04-26,up,15,160,2,0.07424071991001124,222.25,17885.0,5.5,11.0,True,1.5,True,0.5,False,-1.0,False,-1.0,8.25,True,2.0,True,0.6666666666666666,False,-1.0,False,-1.0,<25%
2024-04-26,up,15,170,3,0.06201550387596899,225.75,17888.25,5.75,8.25,True,1.606060606060606,True,0.696969696969697,False,-1.0,False,-1.0,8.25,True,1.606060606060606,True,0.696969696969697,False,-1.0,False,-1.0,<25%
2024-04-26,up,15,195,4,0.17041800643086816,233.25,17892.75,8.75,31.0,True,0.1693548387096774,False,-1.0,False,-1.0,False,-1.0,9.75,True,0.5384615384615384,False,-1.0,False,-1.0,False,-1.0,<25%
2024-04-26,up,15,265,5,0.27867095391211144,233.25,17867.0,34.5,30.5,True,0.7459016393442623,False,-1.0,False,-1.0,False,-1.0,28.75,True,0.7913043478260869,False,-1.0,False,-1.0,False,-1.0,25-50%
2024-04-30,down,30,65,1,0.18152350081037277,154.25,17756.75,15.75,12.25,True,2.020408163265306,True,1.2857142857142858,False,-1.0,False,-1.0,12.25,True,2.020408163265306,True,1.2857142857142858,False,-1.0,False,-1.0,<25%
2024-04-30,down,30,75,2,0.12404287901990811,163.25,17741.0,9.0,11.25,True,0.6888888888888889,False,-1.0,False,-1.0,False,-1.0,11.25,True,0.6888888888888889,False,-1.0,False,-1.0,False,-1.0,<25%
2024-04-30,down,30,165,3,0.07622298065984073,219.75,17686.0,10.5,6.25,True,0.0,False,-1.0,False,-1.0,False,-1.0,6.25,True,0.0,False,-1.0,False,-1.0,False,-1.0,<25%
2024-04-30,down,30,215,4,0.3174061433447099,219.75,17725.75,50.25,19.5,False,8.320512820512821,True,2.576923076923077,True,5.394230769230769,True,8.211538461538462,18.0,False,9.01388888888889,True,2.7916666666666665,True,5.84375,True,8.895833333333334,25-50%
2024-05-01,up,210,275,1,0.22398477157360405,394.0,17760.5,32.75,55.5,True,0.2882882882882883,False,-1.0,False,-1.0,False,-1.0,55.5,True,0.2882882882882883,False,-1.0,False,-1.0,False,-1.0,<25%
2024-05-01,down,45,120,1,0.5750528541226215,118.25,17444.75,45.5,22.5,True,1.4111111111111112,False,-1.0,False,-1.0,False,-1.0,18.75,True,1.6933333333333334,False,-1.0,False,-1.0,False,-1.0,50-75%
2024-05-02,up,175,210,1,0.1793478260869565,230.0,17607.75,8.5,32.75,False,2.3740458015267176,True,0.2595419847328244,True,2.015267175572519,False,1.2366412213740459,20.5,False,3.792682926829268,True,0.4146341463414634,True,3.2195121951219514,False,1.975609756097561,<25%
2024-05-02,up,175,235,2,0.1283851554663992,249.25,17628.5,7.0,25.0,False,2.28,True,0.28,False,0.79,False,0.79,12.75,True,4.470588235294118,True,0.5490196078431373,False,-1.0,False,-1.0,<25%
2024-05-02,up,175,265,3,0.07011393514460999,285.25,17664.75,6.75,13.25,True,0.0,False,-1.0,False,-1.0,False,-1.0,13.25,True,0.0,False,-1.0,False,-1.0,False,-1.0,<25%
2024-05-02,up,175,325,4,0.24728487886382622,299.25,17648.25,37.25,36.75,False,0.0,False,0.0,False,0.0,False,0.0,36.75,False,0.0,False,0.0,False,0.0,False,0.0,<25%
2024-05-06,up,145,200,1,0.1404494382022472,89.0,18129.5,2.25,10.25,False,6.7073170731707314,True,0.21951219512195122,True,2.3902439024390243,True,4.560975609756097,10.25,False,6.7073170731707314,True,0.21951219512195122,True,2.3902439024390243,True,4.560975609756097,<25%
2024-05-06,up,145,305,2,0.22544642857142858,112.0,18149.5,5.25,20.0,False,2.4375,True,0.2625,True,1.6625,False,2.3875,15.5,False,3.1451612903225805,True,0.3387096774193548,True,2.1451612903225805,False,3.0806451612903225,<25%
2024-05-07,up,25,75,1,0.3597560975609756,82.0,18253.5,10.25,19.25,True,0.5324675324675324,True,0.5324675324675324,False,-1.0,False,-1.0,8.25,True,1.2424242424242424,True,1.2424242424242424,False,-1.0,False,-1.0,25-50%
2024-05-07,up,25,170,2,0.4298780487804878,82.0,18256.0,7.75,27.5,True,0.37272727272727274,True,0.2818181818181818,False,-1.0,False,-1.0,11.0,True,0.9318181818181818,True,0.7045454545454546,False,-1.0,False,-1.0,25-50%
2024-05-07,up,25,210,3,0.9792899408284024,84.5,18210.0,56.25,26.5,True,0.14150943396226415,False,-1.0,False,-1.0,False,-1.0,17.0,True,0.0,False,-1.0,False,-1.0,False,-1.0,75-100%
2024-05-07,down,240,300,1,0.41604010025062654,99.75,18192.5,26.0,15.5,True,0.3225806451612903,False,-1.0,False,-1.0,False,-1.0,9.25,True,0.0,False,-1.0,False,-1.0,False,-1.0,25-50%
2024-05-08,up,10,105,1,0.4763358778625954,163.75,18188.5,53.75,24.25,True,0.12371134020618557,False,-1.0,False,-1.0,False,-1.0,15.5,True,0.1935483870967742,False,-1.0,False,-1.0,False,-1.0,25-50%
2024-05-08,up,10,190,2,0.6320610687022901,163.75,18165.0,77.25,26.25,False,1.3904761904761904,False,0.6857142857142857,False,0.6857142857142857,False,0.6857142857142857,17.0,False,2.1470588235294117,False,1.0588235294117647,False,1.0588235294117647,False,1.0588235294117647,50-75%
2024-05-09,up,5,15,1,0.2577565632458234,104.75,18204.25,9.25,17.75,True,1.8591549295774648,True,0.5211267605633803,False,-1.0,False,-1.0,17.75,True,1.8591549295774648,True,0.5211267605633803,False,-1.0,False,-1.0,25-50%
2024-05-09,up,5,55,2,0.17142857142857143,122.5,18229.5,1.75,19.25,True,0.4025974025974026,True,0.09090909090909091,False,-1.0,False,-1.0,16.5,True,0.4696969696969697,True,0.10606060606060606,False,-1.0,False,-1.0,<25%
2024-05-09,up,5,325,3,0.33524904214559387,130.5,18215.75,23.5,20.25,False,0.0,False,0.0,False,0.0,False,0.0,18.75,False,0.0,False,0.0,False,0.0,False,0.0,25-50%
2024-05-10,down,20,70,1,0.3448275862068966,159.5,18203.25,14.75,40.25,True,0.16770186335403728,False,-1.0,False,-1.0,False,-1.0,22.25,True,0.0,False,-1.0,False,-1.0,False,-1.0,25-50%
2024-05-10,down,20,125,2,0.3463949843260188,159.5,18225.75,37.25,18.0,True,0.09722222222222222,False,-1.0,False,-1.0,False,-1.0,12.25,True,0.14285714285714285,False,-1.0,False,-1.0,False,-1.0,25-50%
2024-05-10,down,20,155,3,0.40752351097178685,159.5,18225.0,36.5,28.5,True,0.6140350877192983,False,-1.0,False,-1.0,False,-1.0,14.75,True,1.1864406779661016,False,-1.0,False,-1.0,False,-1.0,25-50%
2024-05-10,down,20,240,4,0.4670846394984326,159.5,18239.25,50.75,23.75,True,0.4421052631578947,False,-1.0,False,-1.0,False,-1.0,12.0,True,0.875,False,-1.0,False,-1.0,False,-1.0,25-50%
2024-05-10,down,20,315,5,0.48746081504702193,159.5,18246.75,58.25,19.5,True,0.0,False,-1.0,False,-1.0,False,-1.0,7.75,True,0.0,False,-1.0,False,-1.0,False,-1.0,25-50%
2024-05-14,up,220,265,1,0.14143094841930118,150.25,18409.75,6.0,15.25,False,1.5245901639344261,True,0.39344262295081966,False,0.09836065573770492,False,0.09836065573770492,6.75,True,0.7037037037037037,False,-1.0,False,-1.0,False,-1.0,<25%
2024-05-14,up,220,295,2,0.1148036253776435,165.5,18419.25,11.75,7.25,True,1.3103448275862069,False,-1.0,False,-1.0,False,-1.0,7.25,True,1.3103448275862069,False,-1.0,False,-1.0,False,-1.0,<25%
2024-05-15,up,0,25,1,0.11133200795228629,125.75,18571.5,1.0,13.0,False,10.423076923076923,True,0.07692307692307693,True,2.4951923076923075,True,4.913461538461538,11.5,False,11.782608695652174,True,0.08695652173913043,True,2.8206521739130435,True,5.554347826086956,<25%
2024-05-15,up,0,70,2,0.10526315789473684,156.75,18596.5,7.0,9.5,True,0.8947368421052632,True,0.7368421052631579,False,-1.0,False,-1.0,8.0,True,0.0,False,-1.0,False,-1.0,False,-1.0,<25%
2024-05-15,up,0,110,3,0.17535545023696683,158.25,18602.0,3.0,24.75,False,4.242424242424242,True,0.12121212121212122,True,1.7196969696969697,True,3.3181818181818183,10.0,False,10.5,True,0.3,True,4.25625,True,8.2125,<25%
2024-05-15,up,0,285,4,0.11949069539666993,255.25,18699.5,2.5,28.0,False,0.26785714285714285,True,0.08928571428571429,False,-0.24107142857142858,False,-0.24107142857142858,19.25,True,0.38961038961038963,True,0.12987012987012986,False,-1.0,False,-1.0,<25%
2024-05-15,up,0,320,5,0.12103746397694524,260.25,18693.5,13.5,18.0,False,0.4166666666666667,False,-0.041666666666666664,False,-0.041666666666666664,False,-0.041666666666666664,18.0,False,0.4166666666666667,False,-0.041666666666666664,False,-0.041666666666666664,False,-0.041666666666666664,<25%
2024-05-16,up,10,140,1,0.6056338028169014,88.75,18733.5,27.25,26.5,True,0.2830188679245283,False,-1.0,False,-1.0,False,-1.0,8.75,True,0.17142857142857143,False,-1.0,False,-1.0,False,-1.0,50-75%
2024-05-16,down,220,280,1,0.42606516290726815,99.75,18692.5,31.5,11.0,False,4.431818181818182,True,2.8636363636363638,False,3.772727272727273,False,3.772727272727273,8.5,False,5.735294117647059,True,3.7058823529411766,False,4.882352941176471,False,4.882352941176471,25-50%
2024-05-17,up,0,90,1,0.9823008849557522,56.5,18655.0,22.0,33.5,True,0.0,False,-1.0,False,-1.0,False,-1.0,5.25,True,0.0,False,-1.0,False,-1.0,False,-1.0,75-100%
2024-05-17,down,165,205,1,0.2915129151291513,67.75,18615.25,6.0,13.75,True,5.109090909090909,True,0.43636363636363634,True,1.6681818181818182,True,2.9,3.5,True,20.071428571428573,True,1.7142857142857142,True,6.553571428571429,True,11.392857142857142,25-50%
2024-05-20,up,15,50,1,0.31078610603290674,136.75,18748.0,24.0,18.5,True,2.5135135135135136,True,1.2972972972972974,False,-1.0,False,-1.0,14.75,True,0.9830508474576272,False,-1.0,False,-1.0,False,-1.0,25-50%
2024-05-20,up,15,190,2,0.3704866562009419,159.25,18749.5,45.0,14.0,True,0.32142857142857145,False,-1.0,False,-1.0,False,-1.0,14.0,True,0.32142857142857145,False,-1.0,False,-1.0,False,-1.0,25-50%
2024-05-20,up,15,235,3,0.5494505494505495,159.25,18750.0,44.5,43.0,False,0.7906976744186046,False,0.37790697674418605,False,0.37790697674418605,False,0.37790697674418605,18.25,False,1.8630136986301369,False,0.8904109589041096,False,0.8904109589041096,False,0.8904109589041096,50-75%
2024-05-21,up,0,15,1,0.25386996904024767,80.75,18748.0,10.75,9.75,True,0.38461538461538464,False,-1.0,False,-1.0,False,-1.0,9.75,True,0.38461538461538464,False,-1.0,False,-1.0,False,-1.0,25-50%
2024-05-21,up,0,25,2,0.26625386996904027,80.75,18755.0,3.75,17.75,True,0.4788732394366197,True,0.2112676056338028,False,-1.0,False,-1.0,17.75,True,0.4788732394366197,True,0.2112676056338028,False,-1.0,False,-1.0,25-50%
2024-05-21,up,0,175,3,0.4026666666666667,93.75,18757.0,14.75,23.0,False,2.25,True,0.6413043478260869,True,1.6603260869565217,False,1.9021739130434783,17.25,False,3.0,True,0.855072463768116,True,2.213768115942029,False,2.536231884057971,25-50%
2024-05-22,up,40,45,1,0.20408163265306123,49.0,18835.75,2.0,8.0,True,0.34375,True,0.25,False,-1.0,False,-1.0,8.0,True,0.34375,True,0.25,False,-1.0,False,-1.0,<25%
2024-05-22,up,40,170,2,0.964824120603015,49.75,18824.0,14.5,33.5,True,0.05970149253731343,False,-1.0,False,-1.0,False,-1.0,7.75,True,0.0,False,-1.0,False,-1.0,False,-1.0,75-100%
2024-05-22,down,185,285,1,0.35760517799352753,154.5,18702.75,18.5,36.75,True,0.02040816326530612,False,-1.0,False,-1.0,False,-1.0,34.0,True,0.0,False,-1.0,False,-1.0,False,-1.0,25-50%
2024-05-23,down,20,85,1,0.7146814404432132,180.5,18915.75,113.75,15.25,True,0.0,False,-1.0,False,-1.0,False,-1.0,15.25,True,0.0,False,-1.0,False,-1.0,False,-1.0,50-75%
2024-05-23,down,20,95,2,0.7285318559556787,180.5,18907.25,105.25,26.25,False,10.885714285714286,True,4.0095238095238095,True,5.728571428571429,True,7.447619047619048,14.75,True,1.423728813559322,False,-1.0,False,-1.0,False,-1.0,50-75%
2024-05-23,down,20,250,3,0.13829787234042554,329.0,18663.0,9.5,36.0,True,1.1527777777777777,True,0.2638888888888889,False,-1.0,False,-1.0,36.0,True,1.1527777777777777,True,0.2638888888888889,False,-1.0,False,-1.0,<25%
2024-05-24,up,15,105,1,0.2158176943699732,186.5,18910.0,9.0,31.25,True,0.184,False,-1.0,False,-1.0,False,-1.0,9.25,True,0.6216216216216216,False,-1.0,False,-1.0,False,-1.0,<25%
2024-05-24,up,15,210,2,0.23994638069705093,186.5,18915.25,3.75,41.0,True,0.2621951219512195,True,0.09146341463414634,False,-1.0,False,-1.0,15.25,True,0.7049180327868853,True,0.2459016393442623,False,-1.0,False,-1.0,<25%
2024-05-28,down,245,315,1,0.706,125.0,18876.5,57.0,31.25,True,0.0,False,-1.0,False,-1.0,False,-1.0,15.0,True,0.0,False,-1.0,False,-1.0,False,-1.0,50-75%
2024-05-29,up,0,25,1,0.26105263157894737,118.75,18868.0,11.75,19.25,True,0.35064935064935066,False,-1.0,False,-1.0,False,-1.0,19.25,True,0.35064935064935066,False,-1.0,False,-1.0,False,-1.0,25-50%
2024-05-29,up,0,115,2,0.49473684210526314,118.75,18854.25,25.5,33.25,True,0.7142857142857143,False,-1.0,False,-1.0,False,-1.0,10.75,True,2.2093023255813953,False,-1.0,False,-1.0,False,-1.0,25-50%
2024-05-29,up,0,200,3,0.5326315789473685,118.75,18861.75,18.0,45.25,True,0.08287292817679558,False,-1.0,False,-1.0,False,-1.0,28.0,True,0.13392857142857142,False,-1.0,False,-1.0,False,-1.0,50-75%
2024-05-29,up,0,290,4,0.5536842105263158,118.75,18854.0,25.75,40.0,True,0.21875,False,-1.0,False,-1.0,False,-1.0,20.75,True,0.42168674698795183,False,-1.0,False,-1.0,False,-1.0,50-75%
2024-05-30,down,5,25,1,0.3004032258064516,124.0,18658.5,13.0,24.25,True,1.4329896907216495,True,0.5360824742268041,False,-1.0,False,-1.0,16.25,True,2.1384615384615384,True,0.8,False,-1.0,False,-1.0,25-50%
2024-05-30,down,5,80,2,0.5128644939965694,145.75,18681.0,57.25,17.5,True,0.7857142857142857,False,-1.0,False,-1.0,False,-1.0,9.5,True,1.4473684210526316,False,-1.0,False,-1.0,False,-1.0,50-75%
2024-05-30,down,5,195,3,0.7221269296740995,145.75,18705.5,81.75,23.5,False,6.776595744680851,True,3.478723404255319,True,5.029255319148936,True,6.579787234042553,18.5,False,8.608108108108109,True,4.418918918918919,True,6.388513513513513,True,8.358108108108109,50-75%
2024-05-31,down,0,55,1,0.05132450331125828,302.0,18337.25,7.75,7.75,True,12.387096774193548,True,1.0,True,10.741935483870968,False,-1.0,7.75,True,12.387096774193548,True,1.0,True,10.741935483870968,False,-1.0,<25%
2024-05-31,down,0,65,2,0.11325115562403698,324.5,18318.5,11.5,25.25,True,3.0594059405940595,True,0.45544554455445546,False,-1.0,False,-1.0,25.25,True,3.0594059405940595,True,0.45544554455445546,False,-1.0,False,-1.0,<25%
2024-05-31,down,0,115,3,0.07046764894298527,390.25,18261.75,20.5,7.0,True,0.0,False,-1.0,False,-1.0,False,-1.0,7.0,True,0.0,False,-1.0,False,-1.0,False,-1.0,<25%
2024-06-03,down,15,90,1,0.38169934640522873,191.25,18591.75,27.5,45.5,True,3.4285714285714284,True,0.6043956043956044,True,1.6552197802197801,True,2.706043956043956,27.0,True,5.777777777777778,True,1.0185185185185186,True,2.7893518518518516,True,4.560185185185185,25-50%
2024-06-03,down,15,145,2,0.12163336229365769,287.75,18483.25,15.5,19.5,True,2.4358974358974357,True,0.7948717948717948,False,-1.0,False,-1.0,19.5,True,2.4358974358974357,True,0.7948717948717948,False,-1.0,False,-1.0,<25%
2024-06-05,up,0,25,1,0.21389396709323583,136.75,18921.5,15.25,14.0,False,11.285714285714286,True,1.0892857142857142,True,3.53125,True,5.973214285714286,12.5,False,12.64,True,1.22,True,3.955,True,6.69,<25%
2024-06-05,up,0,60,2,0.1733149931224209,181.75,18973.75,8.0,23.5,False,4.5,True,0.3404255319148936,True,2.273936170212766,True,4.207446808510638,9.0,True,1.4722222222222223,True,0.8888888888888888,False,-1.0,False,-1.0,<25%
2024-06-05,up,0,130,3,0.055916775032509754,192.25,18986.25,6.0,4.75,True,7.421052631578948,True,1.263157894736842,False,-1.0,False,-1.0,4.75,True,7.421052631578948,True,1.263157894736842,False,-1.0,False,-1.0,<25%
2024-06-05,up,0,185,4,0.19977426636568849,221.5,19018.0,3.5,40.75,False,1.50920245398773,True,0.08588957055214724,True,1.4447852760736197,False,1.460122699386503,11.5,True,0.0,False,-1.0,False,-1.0,False,-1.0,<25%
2024-06-05,up,0,235,5,0.09967141292442497,228.25,19026.0,2.25,20.5,False,2.6097560975609757,True,0.10975609756097561,False,2.5121951219512195,False,2.5121951219512195,11.75,False,4.553191489361702,True,0.19148936170212766,False,4.382978723404255,False,4.382978723404255,<25%
2024-06-05,up,0,245,6,0.05735140771637122,239.75,19032.75,7.0,6.75,True,2.5555555555555554,True,1.037037037037037,False,-1.0,False,-1.0,6.75,True,2.5555555555555554,True,1.037037037037037,False,-1.0,False,-1.0,<25%
2024-06-06,down,215,310,1,0.5989847715736041,98.5,19046.75,29.5,29.5,False,0.09322033898305085,False,-0.6440677966101694,False,-0.6440677966101694,False,-0.6440677966101694,9.0,True,0.0,False,-1.0,False,-1.0,False,-1.0,50-75%
2024-06-07,up,5,115,1,0.818,125.0,19113.5,4.0,98.25,True,0.4223918575063613,True,0.04071246819338423,True,0.35877862595419846,False,-1.0,14.25,True,0.9824561403508771,True,0.2807017543859649,False,-1.0,False,-1.0,75-100%
2024-06-07,up,5,140,2,0.36666666666666664,135.0,19123.25,4.25,45.25,True,0.7016574585635359,True,0.09392265193370165,False,-1.0,False,-1.0,31.0,True,1.0241935483870968,True,0.13709677419354838,False,-1.0,False,-1.0,25-50%
2024-06-10,up,5,65,1,0.13211382113821138,123.0,19097.0,3.75,12.5,True,1.0,True,0.3,False,-1.0,False,-1.0,12.5,True,1.0,True,0.3,False,-1.0,False,-1.0,<25%
2024-06-10,up,5,75,2,0.1282565130260521,124.75,19097.5,5.0,11.0,True,1.0909090909090908,True,0.45454545454545453,False,-1.0,False,-1.0,11.0,True,1.0909090909090908,True,0.45454545454545453,False,-1.0,False,-1.0,<25%
2024-06-10,up,5,130,3,0.1759581881533101,143.5,19117.75,3.5,21.75,True,0.0,False,-1.0,False,-1.0,False,-1.0,14.5,True,0.0,False,-1.0,False,-1.0,False,-1.0,<25%
2024-06-10,up,5,190,4,0.4686411149825784,143.5,19077.0,44.25,23.0,True,1.7826086956521738,False,-1.0,False,-1.0,False,-1.0,22.0,True,1.8636363636363635,False,-1.0,False,-1.0,False,-1.0,25-50%
2024-06-10,up,5,245,5,0.60801393728223,143.5,19069.25,52.0,35.25,False,1.7163120567375887,True,1.475177304964539,False,1.2269503546099292,False,1.2269503546099292,27.0,False,2.240740740740741,True,1.9259259259259258,False,1.6018518518518519,False,1.6018518518518519,50-75%
2024-06-10,up,5,325,6,0.29605263157894735,152.0,19112.5,17.25,27.75,False,0.0,False,0.0,False,0.0,False,0.0,23.75,False,0.0,False,0.0,False,0.0,False,0.0,25-50%
2024-06-11,up,5,150,1,0.5175438596491229,142.5,19126.75,10.25,63.5,False,1.9015748031496063,True,0.16141732283464566,True,0.7224409448818898,True,1.2834645669291338,40.25,False,3.0,True,0.2546583850931677,True,1.139751552795031,True,2.0248447204968945,50-75%
2024-06-11,up,5,270,2,0.15457413249211358,237.75,19219.0,13.25,23.5,True,0.10638297872340426,False,-1.0,False,-1.0,False,-1.0,12.0,True,0.0,False,-1.0,False,-1.0,False,-1.0,<25%
2024-06-11,up,5,310,3,0.1892744479495268,237.75,19205.75,26.5,18.5,False,2.2567567567567566,True,1.4324324324324325,False,1.9594594594594594,False,1.9594594594594594,8.0,True,0.0,False,-1.0,False,-1.0,False,-1.0,<25%
2024-06-13,down,110,135,1,0.3058103975535168,163.5,19521.75,21.75,28.25,True,0.0,False,-1.0,False,-1.0,False,-1.0,28.25,True,0.0,False,-1.0,False,-1.0,False,-1.0,25-50%
2024-06-13,down,110,180,2,0.5198776758409785,163.5,19562.5,62.5,22.5,True,0.5222222222222223,False,-1.0,False,-1.0,False,-1.0,15.0,True,0.7833333333333333,False,-1.0,False,-1.0,False,-1.0,50-75%
2024-06-13,down,110,205,3,0.5259938837920489,163.5,19568.0,68.0,18.0,True,1.1111111111111112,False,-1.0,False,-1.0,False,-1.0,18.0,True,1.1111111111111112,False,-1.0,False,-1.0,False,-1.0,50-75%
2024-06-13,down,110,245,4,0.5871559633027523,163.5,19585.75,85.75,10.25,True,0.0,False,-1.0,False,-1.0,False,-1.0,9.75,True,0.0,False,-1.0,False,-1.0,False,-1.0,50-75%
2024-06-13,down,110,325,5,0.808868501529052,163.5,19592.5,92.5,39.75,False,0.0,False,-0.0,False,-0.0,False,-0.0,39.75,False,0.0,False,-0.0,False,-0.0,False,-0.0,75-100%
2024-06-14,up,160,170,1,0.17937219730941703,111.5,19653.0,15.75,4.25,True,0.0,False,-1.0,False,-1.0,False,-1.0,4.25,True,0.0,False,-1.0,False,-1.0,False,-1.0,<25%
2024-06-14,up,160,260,2,0.3949579831932773,119.0,19673.75,2.5,44.5,False,0.42134831460674155,True,0.056179775280898875,False,0.3089887640449438,False,0.3089887640449438,22.25,True,0.0,False,-1.0,False,-1.0,False,-1.0,25-50%
2024-06-17,up,30,90,1,0.17954070981210857,119.75,20017.25,6.5,15.0,False,16.933333333333334,True,0.43333333333333335,True,2.4291666666666667,True,4.425,4.5,True,0.0,False,-1.0,False,-1.0,False,-1.0,<25%
2024-06-17,up,30,160,2,0.08013937282229965,215.25,20118.25,1.0,16.25,False,9.415384615384616,True,0.06153846153846154,True,3.373076923076923,True,6.684615384615385,16.25,False,9.415384615384616,True,0.06153846153846154,True,3.373076923076923,True,6.684615384615385,<25%
2024-06-20,down,110,175,1,0.22160148975791433,268.5,20006.25,11.5,48.0,True,1.0,True,0.23958333333333334,False,-1.0,False,-1.0,14.25,True,0.0,False,-1.0,False,-1.0,False,-1.0,<25%
2024-06-20,down,110,270,2,0.3975409836065574,305.0,19992.75,34.5,86.75,False,0.3285302593659942,False,-0.4899135446685879,False,-0.4899135446685879,False,-0.4899135446685879,30.0,True,0.19166666666666668,False,-1.0,False,-1.0,False,-1.0,25-50%
2024-06-21,up,45,200,1,0.7902208201892744,158.5,19987.75,85.0,40.25,False,0.6645962732919255,False,-0.3167701863354037,False,-0.3167701863354037,False,-0.3167701863354037,21.0,True,0.0,False,-1.0,False,-1.0,False,-1.0,75-100%
2024-06-24,down,10,50,1,0.6341463414634146,174.25,19893.0,71.75,38.75,False,3.935483870967742,True,1.8516129032258064,True,2.975806451612903,False,3.825806451612903,38.75,False,3.935483870967742,True,1.8516129032258064,True,2.975806451612903,False,3.825806451612903,50-75%
2024-06-24,down,10,230,2,0.10090702947845805,220.5,19781.25,6.25,16.0,True,0.828125,True,0.390625,False,-1.0,False,-1.0,16.0,True,0.828125,True,0.390625,False,-1.0,False,-1.0,<25%
2024-06-24,down,10,305,3,0.384446878422782,228.25,19816.25,49.0,38.75,False,1.9548387096774194,True,1.264516129032258,False,1.8451612903225807,False,1.8451612903225807,21.25,False,3.5647058823529414,True,2.3058823529411763,False,3.364705882352941,False,3.364705882352941,25-50%
2024-06-25,up,40,160,1,0.7411095305832148,175.75,19887.5,80.5,49.75,False,1.8844221105527639,True,1.6180904522613064,False,1.592964824120603,False,1.592964824120603,22.75,False,4.1208791208791204,True,3.5384615384615383,False,3.4835164835164836,False,3.4835164835164836,50-75%
2024-06-26,up,80,205,1,0.7995689655172413,116.0,19984.5,43.5,49.25,True,0.04060913705583756,False,-1.0,False,-1.0,False,-1.0,15.25,True,0.0,False,-1.0,False,-1.0,False,-1.0,75-100%
2024-06-26,up,80,310,2,0.8685344827586207,116.0,19983.5,44.5,56.25,False,0.7822222222222223,False,0.37777777777777777,False,0.37777777777777777,False,0.37777777777777777,14.0,True,0.0,False,-1.0,False,-1.0,False,-1.0,75-100%
2024-06-27,down,60,70,1,0.22427035330261136,162.75,19964.0,10.0,26.5,True,0.33962264150943394,False,-1.0,False,-1.0,False,-1.0,26.5,True,0.33962264150943394,False,-1.0,False,-1.0,False,-1.0,<25%
2024-06-27,down,60,205,2,0.6881720430107527,162.75,20034.25,80.25,31.75,False,1.2834645669291338,False,-0.4330708661417323,False,-0.4330708661417323,False,-0.4330708661417323,20.25,True,2.0123456790123457,False,-1.0,False,-1.0,False,-1.0,50-75%
2024-06-28,down,105,175,1,0.3029513888888889,288.0,20050.25,65.0,22.25,False,6.47191011235955,True,2.9213483146067416,True,6.157303370786517,False,5.292134831460674,21.25,True,1.0,False,-1.0,False,-1.0,False,-1.0,25-50%
2024-06-28,down,105,325,2,0.30517711171662126,367.0,19932.5,26.25,85.75,False,0.0,False,-0.0,False,-0.0,False,-0.0,50.25,False,0.0,False,-0.0,False,-0.0,False,-0.0,25-50%
2024-07-01,up,95,215,1,0.2281722933643772,214.75,20013.0,13.5,35.5,False,1.7183098591549295,True,0.38028169014084506,False,1.0070422535211268,False,1.0070422535211268,16.25,True,2.3230769230769233,True,0.8307692307692308,False,-1.0,False,-1.0,<25%
2024-07-02,up,20,30,1,0.11186440677966102,147.5,20118.0,6.25,10.25,True,1.2682926829268293,True,0.6097560975609756,False,-1.0,False,-1.0,10.25,True,1.2682926829268293,True,0.6097560975609756,False,-1.0,False,-1.0,<25%
2024-07-02,up,20,50,2,0.29983792544570503,154.25,20126.5,4.5,41.75,True,0.7125748502994012,True,0.10778443113772455,False,-1.0,False,-1.0,41.75,True,0.7125748502994012,True,0.10778443113772455,False,-1.0,False,-1.0,25-50%
2024-07-02,up,20,115,3,0.5069637883008357,179.5,20105.25,51.0,40.0,False,3.85,True,1.275,True,2.396875,True,3.51875,23.75,False,6.484210526315789,True,2.1473684210526316,True,4.036842105263158,True,5.926315789473684,50-75%
2024-07-02,up,20,170,4,0.05306603773584906,212.0,20184.0,4.75,6.5,True,0.0,False,-1.0,False,-1.0,False,-1.0,6.5,True,0.0,False,-1.0,False,-1.0,False,-1.0,<25%
2024-07-02,up,20,230,5,0.07897334649555775,253.25,20226.25,3.75,16.25,True,0.8461538461538461,True,0.23076923076923078,False,-1.0,False,-1.0,16.25,True,0.8461538461538461,True,0.23076923076923078,False,-1.0,False,-1.0,<25%
2024-07-02,up,20,295,6,0.10731244064577398,263.25,20225.75,14.25,14.0,True,0.5,False,-1.0,False,-1.0,False,-1.0,6.75,True,1.037037037037037,False,-1.0,False,-1.0,False,-1.0,<25%
2024-07-02,up,20,320,7,0.12155745489078823,263.25,20235.75,4.25,27.75,False,0.8468468468468469,True,0.15315315315315314,False,0.7477477477477478,False,0.7477477477477478,27.75,False,0.8468468468468469,True,0.15315315315315314,False,0.7477477477477478,False,0.7477477477477478,<25%
2024-07-05,up,40,160,1,0.2185430463576159,188.75,20594.5,22.5,18.75,False,2.4,True,1.2,False,1.4533333333333334,False,1.4533333333333334,9.5,False,4.7368421052631575,True,2.3684210526315788,False,2.8684210526315788,False,2.8684210526315788,<25%
2024-07-05,up,40,280,2,0.21046373365041618,210.25,20625.5,13.0,31.25,False,0.448,True,0.416,False,-0.12,False,-0.12,5.25,True,0.0,False,-1.0,False,-1.0,False,-1.0,<25%
2024-07-05,up,40,320,3,0.07100591715976332,211.25,20637.25,2.25,12.75,True,0.0,False,-1.0,False,-1.0,False,-1.0,12.75,True,0.0,False,-1.0,False,-1.0,False,-1.0,<25%
2024-07-08,up,50,55,1,0.25396825396825395,78.75,20662.0,4.75,15.25,True,0.47540983606557374,True,0.3114754098360656,False,-1.0,False,-1.0,15.25,True,0.47540983606557374,True,0.3114754098360656,False,-1.0,False,-1.0,25-50%
2024-07-08,up,50,70,2,0.41846153846153844,81.25,20664.25,5.0,29.0,True,0.22413793103448276,True,0.1724137931034483,False,-1.0,False,-1.0,16.25,True,0.4,True,0.3076923076923077,False,-1.0,False,-1.0,25-50%
2024-07-08,up,50,85,3,0.1419939577039275,82.75,20667.25,3.5,8.25,True,0.0,False,-1.0,False,-1.0,False,-1.0,8.25,True,0.0,False,-1.0,False,-1.0,False,-1.0,<25%
2024-07-08,up,50,140,4,0.7462235649546828,82.75,20634.25,36.5,25.25,True,1.3465346534653466,False,-1.0,False,-1.0,False,-1.0,11.0,True,3.090909090909091,False,-1.0,False,-1.0,False,-1.0,50-75%
2024-07-09,down,50,65,1,0.2733990147783251,101.5,20676.75,6.5,21.25,True,0.0,False,-1.0,False,-1.0,False,-1.0,21.0,True,0.0,False,-1.0,False,-1.0,False,-1.0,25-50%
2024-07-09,down,50,90,2,0.3866995073891626,101.5,20694.5,24.25,15.0,True,0.0,False,-1.0,False,-1.0,False,-1.0,15.0,True,0.0,False,-1.0,False,-1.0,False,-1.0,25-50%
2024-07-09,down,50,120,3,0.4605911330049261,101.5,20689.5,19.25,27.5,False,2.6818181818181817,True,0.7,True,1.6227272727272728,True,2.5454545454545454,14.5,False,5.086206896551724,True,1.3275862068965518,True,3.0775862068965516,True,4.827586206896552,25-50%
2024-07-09,down,50,235,4,0.34615384615384615,156.0,20649.0,33.25,20.75,True,0.3493975903614458,False,-1.0,False,-1.0,False,-1.0,11.5,True,0.0,False,-1.0,False,-1.0,False,-1.0,25-50%
2024-07-10,up,110,125,1,0.10453648915187377,126.75,20825.0,4.75,8.5,False,10.794117647058824,True,0.5588235294117647,True,4.286764705882353,True,8.014705882352942,8.5,False,10.794117647058824,True,0.5588235294117647,True,4.286764705882353,True,8.014705882352942,<25%
2024-07-10,up,110,180,2,0.15757575757575756,165.0,20858.75,9.25,16.75,False,3.462686567164179,True,0.5522388059701493,True,3.014925373134328,False,2.1343283582089554,10.0,False,5.8,True,0.925,True,5.05,False,3.575,<25%
2024-07-10,up,110,210,3,0.07464788732394366,177.5,20876.5,4.0,9.25,True,0.3783783783783784,False,-1.0,False,-1.0,False,-1.0,8.25,True,0.42424242424242425,False,-1.0,False,-1.0,False,-1.0,<25%
2024-07-11,down,10,80,1,0.14319387153800825,424.25,20497.0,19.0,41.75,True,1.0239520958083832,True,0.4550898203592814,False,-1.0,False,-1.0,33.0,True,1.2954545454545454,True,0.5757575757575758,False,-1.0,False,-1.0,<25%
2024-07-11,down,10,145,2,0.06052490626673808,466.75,20443.5,8.0,20.25,True,0.0,False,-1.0,False,-1.0,False,-1.0,20.25,True,0.0,False,-1.0,False,-1.0,False,-1.0,<25%
2024-07-11,down,10,185,3,0.1307732226258433,481.75,20440.5,20.0,43.0,True,1.4709302325581395,True,0.46511627906976744,False,-1.0,False,-1.0,27.5,True,2.3,True,0.7272727272727273,False,-1.0,False,-1.0,<25%
2024-07-11,down,10,295,4,0.22238095238095237,525.0,20436.75,59.5,57.25,False,0.13537117903930132,False,0.1222707423580786,False,0.1222707423580786,False,0.1222707423580786,32.0,True,0.0859375,False,-1.0,False,-1.0,False,-1.0,<25%
2024-07-12,up,0,140,1,0.463768115942029,241.5,20617.0,49.75,62.25,True,1.9919678714859437,True,0.7991967871485943,True,1.7690763052208835,False,-1.0,28.25,True,4.389380530973451,True,1.761061946902655,True,3.898230088495575,False,-1.0,25-50%
2024-07-15,down,180,200,1,0.19022869022869024,240.5,20575.0,18.5,27.25,True,1.0091743119266054,True,0.6788990825688074,False,-1.0,False,-1.0,27.25,True,1.0091743119266054,True,0.6788990825688074,False,-1.0,False,-1.0,<25%
2024-07-15,down,180,225,2,0.07715430861723446,249.5,20554.0,6.5,12.75,True,0.0,False,-1.0,False,-1.0,False,-1.0,12.75,True,0.0,False,-1.0,False,-1.0,False,-1.0,<25%
2024-07-15,down,180,305,3,0.3837675350701403,249.5,20592.25,44.75,51.0,False,1.6862745098039216,True,0.8774509803921569,False,-0.0196078431372549,False,-0.0196078431372549,38.75,False,2.2193548387096773,True,1.1548387096774193,False,-0.025806451612903226,False,-0.025806451612903226,25-50%
2024-07-16,down,120,130,1,0.2409090909090909,220.0,20473.5,9.0,44.0,True,0.0,False,-1.0,False,-1.0,False,-1.0,35.75,True,0.0,False,-1.0,False,-1.0,False,-1.0,<25%
2024-07-16,down,120,285,2,0.5863636363636363,220.0,20566.75,102.25,26.75,True,0.29906542056074764,False,-1.0,False,-1.0,False,-1.0,14.5,True,0.39655172413793105,False,-1.0,False,-1.0,False,-1.0,50-75%
2024-07-17,down,70,95,1,0.16083150984682712,228.5,20060.0,7.0,29.75,False,2.4285714285714284,True,0.23529411764705882,True,2.1554621848739495,False,2.2857142857142856,20.75,True,2.5180722891566263,True,0.3373493975903614,False,-1.0,False,-1.0,<25%
2024-07-17,down,70,160,2,0.2219178082191781,273.75,20016.25,8.5,52.25,True,0.09569377990430622,False,-1.0,False,-1.0,False,-1.0,23.75,True,0.0,False,-1.0,False,-1.0,False,-1.0,<25%
2024-07-17,down,70,200,3,0.28036529680365296,273.75,20024.0,16.25,60.5,False,0.5991735537190083,True,0.26859504132231404,False,0.5289256198347108,False,0.5289256198347108,26.75,True,0.45794392523364486,False,-1.0,False,-1.0,False,-1.0,25-50%
2024-07-18,down,0,155,1,0.3946843853820598,376.25,19864.75,91.75,56.75,True,0.00881057268722467,False,-1.0,False,-1.0,False,-1.0,34.5,True,0.0,False,-1.0,False,-1.0,False,-1.0,25-50%
2024-07-18,down,0,210,2,0.4604651162790698,376.25,19854.75,81.75,91.5,True,1.0491803278688525,True,0.8934426229508197,False,-1.0,False,-1.0,22.75,True,0.0,False,-1.0,False,-1.0,False,-1.0,25-50%
2024-07-19,down,0,150,1,0.1793103448275862,290.0,19694.75,8.25,43.75,True,0.9314285714285714,True,0.18857142857142858,False,-1.0,False,-1.0,36.5,True,1.1164383561643836,True,0.22602739726027396,False,-1.0,False,-1.0,<25%
2024-07-19,down,0,230,2,0.28527131782945736,322.5,19697.25,43.25,48.75,True,0.5641025641025641,False,-1.0,False,-1.0,False,-1.0,24.25,True,1.134020618556701,False,-1.0,False,-1.0,False,-1.0,25-50%
2024-07-19,down,0,300,3,0.4046511627906977,322.5,19732.0,78.0,52.5,False,0.8952380952380953,False,0.38571428571428573,False,0.38571428571428573,False,0.38571428571428573,39.5,False,1.1898734177215189,False,0.5126582278481012,False,0.5126582278481012,False,0.5126582278481012,25-50%
2024-07-22,up,215,225,1,0.14933628318584072,226.0,20031.5,4.25,29.5,True,0.4491525423728814,True,0.1440677966101695,False,-1.0,False,-1.0,19.25,True,0.6883116883116883,True,0.22077922077922077,False,-1.0,False,-1.0,<25%
2024-07-24,down,5,235,1,0.07171853856562922,369.5,19290.75,6.5,20.0,False,6.1,True,0.325,True,4.94375,False,4.3125,20.0,False,6.1,True,0.325,True,4.94375,False,4.3125,<25%
2024-07-24,down,5,285,2,0.059572006940427996,432.25,19227.75,6.25,19.5,True,0.8461538461538461,True,0.32051282051282054,False,-1.0,False,-1.0,19.5,True,0.8461538461538461,True,0.32051282051282054,False,-1.0,False,-1.0,<25%
2024-07-25,up,40,85,1,0.3465658475110271,396.75,19235.0,45.0,92.5,True,1.681081081081081,True,0.4864864864864865,True,1.5587837837837837,False,-1.0,59.25,True,2.6244725738396624,True,0.759493670886076,True,2.4335443037974684,False,-1.0,25-50%
2024-07-25,up,40,155,2,0.06576980568011959,501.75,19375.5,9.5,23.5,True,0.0,False,-1.0,False,-1.0,False,-1.0,23.5,True,0.0,False,-1.0,False,-1.0,False,-1.0,<25%
2024-07-25,up,40,185,3,0.28684080827994085,507.25,19279.75,110.75,34.75,True,0.6474820143884892,False,-1.0,False,-1.0,False,-1.0,27.25,True,0.5045871559633027,False,-1.0,False,-1.0,False,-1.0,25-50%
2024-07-25,up,40,240,4,0.393790044356826,507.25,19243.25,147.25,52.5,True,0.0380952380952381,False,-1.0,False,-1.0,False,-1.0,26.0,True,0.0,False,-1.0,False,-1.0,False,-1.0,25-50%
2024-07-26,up,90,145,1,0.10330992978936811,249.25,19276.75,12.75,13.0,True,0.0,False,-1.0,False,-1.0,False,-1.0,10.25,True,0.0,False,-1.0,False,-1.0,False,-1.0,<25%
2024-07-26,up,90,295,2,0.7475728155339806,257.5,19183.75,114.0,78.5,True,0.08917197452229299,False,-1.0,False,-1.0,False,-1.0,27.5,True,0.0,False,-1.0,False,-1.0,False,-1.0,50-75%
2024-07-29,down,30,165,1,0.8920454545454546,264.0,19316.0,202.75,32.75,False,3.969465648854962,False,3.267175572519084,False,3.267175572519084,False,3.267175572519084,19.25,False,6.753246753246753,False,5.558441558441558,False,5.558441558441558,False,5.558441558441558,75-100%
2024-07-30,down,0,15,1,0.2511737089201878,213.0,19129.5,22.75,30.75,False,10.617886178861788,True,0.7398373983739838,True,2.4715447154471546,True,4.203252032520325,30.75,False,10.617886178861788,True,0.7398373983739838,True,2.4715447154471546,True,4.203252032520325,25-50%
2024-07-30,down,0,45,2,0.176,343.75,19030.0,54.0,6.5,True,0.0,False,-1.0,False,-1.0,False,-1.0,2.75,True,0.0,False,-1.0,False,-1.0,False,-1.0,<25%
2024-07-30,down,0,75,3,0.08,393.75,18939.5,13.5,18.0,True,0.7361111111111112,False,-1.0,False,-1.0,False,-1.0,18.0,True,0.7361111111111112,False,-1.0,False,-1.0,False,-1.0,<25%
2024-07-30,down,0,275,4,0.3802612481857765,516.75,18926.75,123.75,72.75,True,0.3161512027491409,False,-1.0,False,-1.0,False,-1.0,24.75,True,0.7474747474747475,False,-1.0,False,-1.0,False,-1.0,25-50%
2024-07-31,up,0,55,1,0.451568894952251,183.25,19490.5,3.5,79.25,True,0.3217665615141956,True,0.04416403785488959,False,-1.0,False,-1.0,22.0,True,1.1590909090909092,True,0.1590909090909091,False,-1.0,False,-1.0,25-50%
2024-07-31,up,0,150,2,0.4591961023142509,205.25,19449.0,67.0,27.25,True,1.128440366972477,False,-1.0,False,-1.0,False,-1.0,27.25,True,1.128440366972477,False,-1.0,False,-1.0,False,-1.0,25-50%
2024-07-31,up,0,230,3,0.8343483556638246,205.25,19476.25,39.75,131.5,False,0.7376425855513308,True,0.30228136882129275,True,0.6924904942965779,False,0.15399239543726237,19.75,True,2.5822784810126582,True,2.0126582278481013,False,-1.0,False,-1.0,75-100%
2024-07-31,up,0,310,4,0.5980952380952381,262.5,19541.25,32.0,125.0,False,0.102,False,-0.358,False,-0.358,False,-0.358,50.25,True,0.2537313432835821,False,-1.0,False,-1.0,False,-1.0,50-75%
2024-08-01,down,5,120,1,0.06725663716814159,565.0,19121.75,4.75,33.25,False,7.62406015037594,True,0.14285714285714285,True,4.390977443609023,False,2.8421052631578947,33.25,False,7.62406015037594,True,0.14285714285714285,True,4.390977443609023,False,2.8421052631578947,<25%
2024-08-01,down,5,145,2,0.08724279835390947,607.5,19090.25,15.75,37.25,False,5.959731543624161,True,0.4228187919463087,True,4.5,False,1.691275167785235,28.25,False,7.8584070796460175,True,0.5575221238938053,True,5.933628318584071,False,2.230088495575221,<25%
2024-08-01,down,5,180,3,0.04566702624955052,695.25,18995.0,8.25,23.5,True,3.5531914893617023,True,0.35106382978723405,False,-1.0,False,-1.0,23.5,True,3.5531914893617023,True,0.35106382978723405,False,-1.0,False,-1.0,<25%
2024-08-01,down,5,195,4,0.04536553524804177,766.0,18927.25,11.25,23.5,True,0.0,False,-1.0,False,-1.0,False,-1.0,23.5,True,0.0,False,-1.0,False,-1.0,False,-1.0,<25%
2024-08-01,down,5,225,5,0.15931213497728747,770.5,18921.0,9.5,113.25,True,0.46578366445916114,True,0.08388520971302428,False,-1.0,False,-1.0,36.75,True,0.0,False,-1.0,False,-1.0,False,-1.0,<25%
2024-08-01,down,5,250,6,0.07075767063243582,798.5,18891.25,7.75,48.75,True,0.4717948717948718,True,0.15897435897435896,False,-1.0,False,-1.0,48.75,True,0.4717948717948718,True,0.15897435897435896,False,-1.0,False,-1.0,<25%
2024-08-01,down,5,310,7,0.1827956989247312,813.75,18966.75,98.5,50.25,True,0.0,False,-1.0,False,-1.0,False,-1.0,45.5,True,0.0,False,-1.0,False,-1.0,False,-1.0,<25%
2024-08-05,up,40,100,1,0.20772058823529413,680.0,18160.25,29.0,112.25,True,1.1469933184855234,True,0.2583518930957684,False,-1.0,False,-1.0,33.75,True,3.814814814814815,True,0.8592592592592593,False,-1.0,False,-1.0,<25%
2024-08-05,up,40,270,2,0.5088169285027252,779.75,17995.25,293.75,103.0,False,0.3713592233009709,False,0.25485436893203883,False,0.25485436893203883,False,0.25485436893203883,88.25,False,0.43342776203966005,False,0.29745042492917845,False,0.29745042492917845,False,0.29745042492917845,50-75%
2024-08-06,up,10,35,1,0.1627751834556371,374.75,18326.0,14.75,46.25,True,0.0,False,-1.0,False,-1.0,False,-1.0,26.75,True,0.0,False,-1.0,False,-1.0,False,-1.0,<25%
2024-08-06,up,10,75,2,0.42361574382921946,374.75,18309.5,31.25,127.5,True,1.3627450980392157,True,0.24509803921568626,True,0.9799019607843137,False,-1.0,65.25,True,2.6628352490421454,True,0.4789272030651341,True,1.9147509578544062,False,-1.0,25-50%
2024-08-06,up,10,85,3,0.07687296416938111,383.75,18342.25,7.5,22.0,True,1.7386363636363635,True,0.3409090909090909,False,-1.0,False,-1.0,22.0,True,1.7386363636363635,True,0.3409090909090909,False,-1.0,False,-1.0,<25%
2024-08-06,up,10,100,4,0.10756722951844903,399.75,18355.75,10.0,33.0,True,0.75,True,0.30303030303030304,False,-1.0,False,-1.0,25.25,True,0.9801980198019802,True,0.39603960396039606,False,-1.0,False,-1.0,<25%
2024-08-06,up,10,200,5,0.1452947259565667,483.5,18430.5,19.0,51.25,True,1.0292682926829269,True,0.37073170731707317,False,-1.0,False,-1.0,21.5,True,0.6976744186046512,False,-1.0,False,-1.0,False,-1.0,<25%
2024-08-06,up,10,235,6,0.04360902255639098,498.75,18456.25,8.5,13.25,True,0.0,False,-1.0,False,-1.0,False,-1.0,13.25,True,0.0,False,-1.0,False,-1.0,False,-1.0,<25%
2024-08-06,up,10,255,7,0.06734496124031007,516.0,18468.5,13.5,21.25,True,0.6941176470588235,True,0.6352941176470588,False,-1.0,False,-1.0,12.75,True,1.1568627450980393,True,1.0588235294117647,False,-1.0,False,-1.0,<25%
2024-08-07,down,70,130,1,0.4474393530997305,278.25,18321.75,41.5,83.0,False,4.457831325301205,True,0.5,True,1.3381024096385543,True,2.1762048192771086,60.0,False,6.166666666666667,True,0.6916666666666667,True,1.8510416666666667,True,3.0104166666666665,25-50%
2024-08-07,down,70,190,2,0.22656734947237742,402.75,18190.5,34.75,56.5,False,4.225663716814159,True,0.6150442477876106,True,2.39712389380531,True,4.179203539823009,40.0,False,5.96875,True,0.86875,True,3.3859375,True,5.903125,<25%
2024-08-07,down,70,210,3,0.08468176914778856,463.5,18113.25,18.25,21.0,True,5.369047619047619,True,0.8690476190476191,False,-1.0,False,-1.0,21.0,True,5.369047619047619,True,0.8690476190476191,False,-1.0,False,-1.0,<25%
2024-08-07,down,70,260,4,0.06720430107526881,558.0,18026.5,26.0,11.5,True,0.0,False,-1.0,False,-1.0,False,-1.0,11.5,True,0.0,False,-1.0,False,-1.0,False,-1.0,<25%
2024-08-08,up,15,90,1,0.30702341137123745,373.75,18433.5,4.5,110.25,False,1.1043083900226758,True,0.04081632653061224,True,0.8883219954648526,False,0.7777777777777778,36.25,True,0.9724137931034482,True,0.12413793103448276,False,-1.0,False,-1.0,25-50%
2024-08-08,up,15,165,2,0.2737948084054388,404.5,18455.5,13.25,97.5,False,1.023076923076923,True,0.1358974358974359,False,0.6538461538461539,False,0.6538461538461539,48.0,True,2.078125,True,0.2760416666666667,False,-1.0,False,-1.0,25-50%
2024-08-08,up,15,185,3,0.05509641873278237,453.75,18512.0,6.0,19.0,True,2.276315789473684,True,0.3157894736842105,False,-1.0,False,-1.0,19.0,True,2.276315789473684,True,0.3157894736842105,False,-1.0,False,-1.0,<25%
2024-08-08,up,15,230,4,0.04786150712830957,491.0,18548.0,7.25,16.25,True,0.0,False,-1.0,False,-1.0,False,-1.0,16.25,True,0.0,False,-1.0,False,-1.0,False,-1.0,<25%
2024-08-08,up,15,310,5,0.3075356415478615,491.0,18506.25,49.0,102.0,False,0.3284313725490196,False,0.12745098039215685,False,0.12745098039215685,False,0.12745098039215685,72.0,False,0.4652777777777778,False,0.18055555555555555,False,0.18055555555555555,False,0.18055555555555555,25-50%
2024-08-09,up,160,185,1,0.09814814814814815,270.0,18659.75,14.75,11.75,True,0.0,False,-1.0,False,-1.0,False,-1.0,11.75,True,0.0,False,-1.0,False,-1.0,False,-1.0,<25%
2024-08-09,up,160,245,2,0.41203703703703703,270.0,18596.75,77.75,33.5,False,1.1044776119402986,False,0.3880597014925373,False,0.3880597014925373,False,0.3880597014925373,33.5,False,1.1044776119402986,False,0.3880597014925373,False,0.3880597014925373,False,0.3880597014925373,25-50%
2024-08-12,up,5,15,1,0.18543799772468714,219.75,18734.75,8.5,32.25,True,0.9457364341085271,True,0.26356589147286824,False,-1.0,False,-1.0,32.25,True,0.9457364341085271,True,0.26356589147286824,False,-1.0,False,-1.0,<25%
2024-08-13,up,15,40,1,0.16808149405772496,147.25,18957.0,6.5,18.25,False,8.520547945205479,True,0.3561643835616438,True,2.3732876712328768,True,4.390410958904109,18.25,False,8.520547945205479,True,0.3561643835616438,True,2.3732876712328768,True,4.390410958904109,<25%
2024-08-13,up,15,60,2,0.12636505460218408,160.25,18968.75,7.75,12.5,False,11.5,True,0.62,True,3.825,True,7.03,12.5,False,11.5,True,0.62,True,3.825,True,7.03,<25%
2024-08-13,up,15,75,3,0.12794117647058822,170.0,18982.75,3.5,18.25,False,7.109589041095891,True,0.1917808219178082,True,2.5205479452054793,True,4.8493150684931505,18.25,False,7.109589041095891,True,0.1917808219178082,True,2.5205479452054793,True,4.8493150684931505,<25%
2024-08-13,up,15,100,4,0.08209959623149395,185.75,18995.0,7.0,8.25,False,14.242424242424242,True,0.8484848484848485,True,6.4772727272727275,True,12.106060606060606,8.25,False,14.242424242424242,True,0.8484848484848485,True,6.4772727272727275,True,12.106060606060606,<25%
2024-08-13,up,15,125,5,0.1466030989272944,209.75,19016.5,9.5,21.25,False,4.517647058823529,True,0.4470588235294118,True,2.914705882352941,False,3.988235294117647,21.25,False,4.517647058823529,True,0.4470588235294118,True,2.914705882352941,False,3.988235294117647,<25%
2024-08-13,up,15,190,6,0.12350230414746544,271.25,19074.0,13.5,20.0,True,0.0,False,-1.0,False,-1.0,False,-1.0,8.5,True,0.0,False,-1.0,False,-1.0,False,-1.0,<25%
2024-08-13,up,15,245,7,0.29861751152073734,271.25,19081.25,6.25,74.75,False,0.4180602006688963,True,0.08361204013377926,False,0.26755852842809363,False,0.26755852842809363,10.25,True,0.0,False,-1.0,False,-1.0,False,-1.0,25-50%
2024-08-14,up,80,155,1,0.6681654676258992,278.0,19090.25,113.25,72.5,False,0.7172413793103448,False,0.23448275862068965,False,0.23448275862068965,False,0.23448275862068965,18.25,True,0.0,False,-1.0,False,-1.0,False,-1.0,50-75%
2024-08-15,up,5,40,1,0.26330532212885155,178.5,19511.25,3.5,43.5,False,2.1149425287356323,True,0.08045977011494253,True,1.1063218390804597,False,1.7471264367816093,23.25,False,3.956989247311828,True,0.15053763440860216,True,2.0698924731182795,False,3.2688172043010755,25-50%
2024-08-15,up,5,65,2,0.18798955613577023,191.5,19518.0,9.75,26.25,False,3.2476190476190476,True,0.37142857142857144,True,2.1952380952380954,False,2.638095238095238,18.25,False,4.671232876712328,True,0.5342465753424658,True,3.1575342465753424,False,3.7945205479452055,<25%
2024-08-15,up,5,90,3,0.10794780545670225,210.75,19542.75,4.25,18.5,True,1.472972972972973,True,0.22972972972972974,False,-1.0,False,-1.0,18.5,True,1.472972972972973,True,0.22972972972972974,False,-1.0,False,-1.0,<25%
2024-08-15,up,5,275,4,0.11436950146627566,255.75,19590.25,1.75,27.5,True,0.4727272727272727,True,0.06363636363636363,False,-1.0,False,-1.0,15.75,True,0.0,False,-1.0,False,-1.0,False,-1.0,<25%
2024-08-19,up,20,25,1,0.18045112781954886,133.0,19654.75,7.25,16.75,True,1.3880597014925373,True,0.43283582089552236,False,-1.0,False,-1.0,16.75,True,1.3880597014925373,True,0.43283582089552236,False,-1.0,False,-1.0,<25%
2024-08-19,up,20,180,2,0.10872675250357654,174.75,19700.75,3.0,16.0,False,10.03125,True,0.1875,True,2.91796875,True,5.6484375,16.0,False,10.03125,True,0.1875,True,2.91796875,True,5.6484375,<25%
2024-08-20,down,5,140,1,0.6346153846153846,182.0,19788.75,45.75,69.75,True,0.5806451612903226,False,-1.0,False,-1.0,False,-1.0,29.25,True,1.3846153846153846,False,-1.0,False,-1.0,False,-1.0,50-75%
2024-08-21,down,90,270,1,0.8644470868014269,210.25,19882.0,110.5,71.25,False,0.6912280701754386,False,-0.3333333333333333,False,-0.3333333333333333,False,-0.3333333333333333,29.0,True,1.6982758620689655,False,-1.0,False,-1.0,False,-1.0,75-100%
2024-08-22,down,15,40,1,0.35724743777452417,170.75,19873.5,19.0,42.0,False,7.892857142857143,True,0.4523809523809524,True,1.46875,True,2.4851190476190474,12.25,False,27.06122448979592,True,1.5510204081632653,True,5.035714285714286,True,8.520408163265307,25-50%
2024-08-22,down,15,135,2,0.4643598615916955,361.25,19789.0,125.0,42.75,False,5.777777777777778,True,2.9239766081871346,True,5.036549707602339,False,4.760233918128655,38.5,False,6.415584415584416,True,3.2467532467532467,True,5.592532467532467,False,5.285714285714286,25-50%
2024-08-22,down,15,260,3,0.20623229461756373,441.25,19629.75,45.75,45.25,False,1.9392265193370166,True,1.011049723756906,False,0.9779005524861878,False,0.9779005524861878,25.25,True,0.9900990099009901,False,-1.0,False,-1.0,False,-1.0,<25%
2024-08-23,down,15,70,1,0.6947648624667259,281.75,19749.25,126.75,69.0,False,2.282608695652174,True,1.8369565217391304,False,-0.5760869565217391,False,-0.5760869565217391,69.0,False,2.282608695652174,True,1.8369565217391304,False,-0.5760869565217391,False,-0.5760869565217391,50-75%
2024-08-26,down,0,60,1,0.4341216216216216,296.0,19603.5,98.0,30.5,True,2.0245901639344264,False,-1.0,False,-1.0,False,-1.0,7.5,True,2.4,False,-1.0,False,-1.0,False,-1.0,25-50%
2024-08-26,down,0,195,2,0.46452702702702703,296.0,19538.25,32.75,104.75,False,0.2315035799522673,False,-0.5250596658711217,False,-0.5250596658711217,False,-0.5250596658711217,30.75,True,0.7886178861788617,False,-1.0,False,-1.0,False,-1.0,25-50%
2024-08-27,up,0,5,1,0.18335208098987626,222.25,19644.25,19.5,21.25,True,2.3529411764705883,True,0.9176470588235294,False,-1.0,False,-1.0,21.25,True,2.3529411764705883,True,0.9176470588235294,False,-1.0,False,-1.0,<25%
2024-08-27,up,0,35,2,0.10385756676557864,252.75,19684.75,9.5,16.75,True,0.0,False,-1.0,False,-1.0,False,-1.0,16.75,True,0.0,False,-1.0,False,-1.0,False,-1.0,<25%
2024-08-27,up,0,200,3,0.4609297725024728,252.75,19684.5,9.75,106.75,False,0.07728337236533958,False,-0.3114754098360656,False,-0.3114754098360656,False,-0.3114754098360656,15.25,True,0.5409836065573771,False,-1.0,False,-1.0,False,-1.0,25-50%
2024-08-28,down,10,25,1,0.20173267326732675,202.0,19454.75,0.25,40.5,False,4.351851851851852,True,0.006172839506172839,True,1.2530864197530864,True,2.5,39.0,False,4.519230769230769,True,0.00641025641025641,True,1.3012820512820513,True,2.5961538461538463,<25%
2024-08-28,down,10,110,2,0.3207249802994484,317.25,19378.75,39.5,62.25,True,0.01606425702811245,False,-1.0,False,-1.0,False,-1.0,35.25,True,0.028368794326241134,False,-1.0,False,-1.0,False,-1.0,25-50%
2024-08-28,down,10,160,3,0.4081954294720252,317.25,19417.0,77.75,51.75,True,2.676328502415459,True,1.502415458937198,False,-1.0,False,-1.0,46.5,True,2.978494623655914,True,1.6720430107526882,False,-1.0,False,-1.0,25-50%
2024-08-28,down,10,325,4,0.5403439153439153,378.0,19421.25,142.75,61.5,False,0.0,False,-0.0,False,-0.0,False,-0.0,38.0,False,0.0,False,-0.0,False,-0.0,False,-0.0,50-75%
2024-08-29,down,240,270,1,0.2553342816500711,351.5,19381.0,39.0,50.75,True,0.8669950738916257,True,0.7684729064039408,False,-1.0,False,-1.0,28.75,True,0.0,False,-1.0,False,-1.0,False,-1.0,25-50%
2024-08-30,down,25,45,1,0.3193504736129905,184.75,19466.5,22.5,36.5,True,2.6301369863013697,True,0.6164383561643836,True,1.8818493150684932,False,-1.0,28.0,True,3.4285714285714284,True,0.8035714285714286,True,2.453125,False,-1.0,25-50%
2024-08-30,down,25,75,2,0.2505827505827506,214.5,19439.0,24.75,29.0,True,0.0,False,-1.0,False,-1.0,False,-1.0,24.5,True,0.0,False,-1.0,False,-1.0,False,-1.0,25-50%
2024-08-30,down,25,115,3,0.3260115606936416,216.25,19418.5,6.0,64.5,True,0.7441860465116279,True,0.09302325581395349,False,-1.0,False,-1.0,41.0,True,1.170731707317073,True,0.14634146341463414,False,-1.0,False,-1.0,25-50%
2024-09-03,down,0,50,1,0.2537425149700599,334.0,19195.5,46.25,38.5,False,7.3896103896103895,True,1.2012987012987013,True,3.3701298701298703,True,5.538961038961039,21.25,True,1.0588235294117647,False,-1.0,False,-1.0,False,-1.0,25-50%
2024-09-03,down,0,130,2,0.19870410367170627,347.25,19154.5,18.5,50.5,False,4.821782178217822,True,0.36633663366336633,True,2.0853960396039604,True,3.8044554455445545,13.0,True,2.2115384615384617,True,1.4230769230769231,False,-1.0,False,-1.0,<25%
2024-09-03,down,0,140,3,0.08831908831908832,351.0,19150.25,18.0,13.0,True,1.3076923076923077,False,-1.0,False,-1.0,False,-1.0,13.0,True,1.3076923076923077,False,-1.0,False,-1.0,False,-1.0,<25%
2024-09-03,down,0,235,4,0.053561568194367755,452.75,19036.0,5.5,18.75,True,0.0,False,-1.0,False,-1.0,False,-1.0,18.75,True,0.0,False,-1.0,False,-1.0,False,-1.0,<25%
2024-09-04,up,0,110,1,0.49819168173598555,276.5,19042.5,72.25,65.5,True,0.6908396946564885,False,-1.0,False,-1.0,False,-1.0,28.0,True,1.6160714285714286,False,-1.0,False,-1.0,False,-1.0,25-50%
2024-09-04,up,0,235,2,0.5,276.5,19016.75,98.0,40.25,True,0.37267080745341613,False,-1.0,False,-1.0,False,-1.0,17.25,True,0.0,False,-1.0,False,-1.0,False,-1.0,25-50%
2024-09-05,down,55,85,1,0.20421393841166938,308.5,18860.75,18.75,44.25,True,0.0,False,-1.0,False,-1.0,False,-1.0,29.0,True,0.0,False,-1.0,False,-1.0,False,-1.0,<25%
2024-09-05,down,55,140,2,0.39384116693679094,308.5,18925.75,83.75,37.75,True,1.0264900662251655,False,-1.0,False,-1.0,False,-1.0,13.25,True,0.0,False,-1.0,False,-1.0,False,-1.0,25-50%
2024-09-05,down,55,235,3,0.5996758508914101,308.5,18991.75,149.75,35.25,True,0.14184397163120568,False,-1.0,False,-1.0,False,-1.0,8.25,True,0.0,False,-1.0,False,-1.0,False,-1.0,50-75%
2024-09-05,down,55,265,4,0.6426256077795786,308.5,18989.5,147.5,50.75,False,1.7783251231527093,False,0.27586206896551724,False,0.27586206896551724,False,0.27586206896551724,22.5,False,4.011111111111111,False,0.6222222222222222,False,0.6222222222222222,False,0.6222222222222222,50-75%
2024-09-06,down,0,65,1,0.1457157516675218,487.25,18504.25,24.25,46.75,False,1.5828877005347595,True,0.5187165775401069,False,0.983957219251337,False,0.983957219251337,25.5,True,2.9019607843137254,True,0.9509803921568627,False,-1.0,False,-1.0,<25%
2024-09-06,down,0,85,2,0.09395973154362416,521.5,18462.0,16.25,32.75,True,0.549618320610687,True,0.4961832061068702,False,-1.0,False,-1.0,32.75,True,0.549618320610687,True,0.4961832061068702,False,-1.0,False,-1.0,<25%
2024-09-06,down,0,175,3,0.21508379888268156,537.0,18492.5,62.25,53.25,False,1.1314553990610328,False,0.6431924882629108,False,0.6431924882629108,False,0.6431924882629108,53.25,False,1.1314553990610328,False,0.6431924882629108,False,0.6431924882629108,False,0.6431924882629108,<25%
2024-09-09,up,155,255,1,0.7013963480128894,232.75,18609.5,120.5,42.75,False,2.0760233918128654,False,1.847953216374269,False,1.847953216374269,False,1.847953216374269,5.5,True,0.0,False,-1.0,False,-1.0,False,-1.0,50-75%
2024-09-10,up,220,245,1,0.1658583899127061,257.75,18833.25,14.25,28.5,False,1.587719298245614,True,0.5,False,0.7807017543859649,False,0.7807017543859649,13.5,True,0.6666666666666666,False,-1.0,False,-1.0,False,-1.0,<25%
2024-09-10,down,80,100,1,0.2101293103448276,232.0,18606.5,16.75,32.0,True,0.0,False,-1.0,False,-1.0,False,-1.0,28.5,True,0.0,False,-1.0,False,-1.0,False,-1.0,<25%
2024-09-11,up,115,275,1,0.12993680884676145,633.0,19146.5,33.5,48.75,False,3.0153846153846153,True,0.6871794871794872,False,2.2153846153846155,False,2.2153846153846155,35.75,False,4.111888111888112,True,0.9370629370629371,False,3.020979020979021,False,3.020979020979021,<25%
2024-09-12,up,0,35,1,0.6110344827586207,181.25,19333.25,33.0,77.75,True,0.7138263665594855,True,0.42443729903536975,False,-1.0,False,-1.0,22.5,True,2.466666666666667,True,1.4666666666666666,False,-1.0,False,-1.0,50-75%
2024-09-12,up,0,145,2,0.6993865030674846,203.75,19381.5,7.25,135.25,False,0.7541589648798521,True,0.053604436229205174,True,0.4302218114602588,False,0.5175600739371534,32.75,False,3.114503816793893,True,0.22137404580152673,True,1.7767175572519085,False,2.1374045801526718,50-75%
2024-09-12,up,0,155,3,0.09167671893848009,207.25,19383.75,8.5,10.5,True,9.5,True,0.8095238095238095,True,5.744047619047619,False,-1.0,10.5,True,9.5,True,0.8095238095238095,True,5.744047619047619,False,-1.0,<25%
2024-09-13,up,75,80,1,0.11858407079646018,141.25,19538.75,0.75,16.0,True,1.390625,True,0.046875,False,-1.0,False,-1.0,16.0,True,1.390625,True,0.046875,False,-1.0,False,-1.0,<25%
2024-09-13,up,75,140,2,0.5099846390168971,162.75,19527.5,33.5,49.5,False,1.005050505050505,True,0.6767676767676768,False,-0.005050505050505051,False,-0.005050505050505051,38.0,False,1.3092105263157894,True,0.881578947368421,False,-0.006578947368421052,False,-0.006578947368421052,50-75%
2024-09-13,up,75,185,3,0.22065063649222066,176.75,19564.25,10.75,28.25,True,0.46017699115044247,True,0.3805309734513274,False,-1.0,False,-1.0,28.25,True,0.46017699115044247,True,0.3805309734513274,False,-1.0,False,-1.0,<25%
2024-09-13,up,75,250,4,0.4511173184357542,179.0,19513.25,64.0,16.75,True,0.7164179104477612,False,-1.0,False,-1.0,False,-1.0,8.75,True,1.3714285714285714,False,-1.0,False,-1.0,False,-1.0,25-50%
2024-09-13,up,75,285,5,0.4762569832402235,179.0,19520.25,57.0,28.25,False,1.1238938053097345,False,0.24778761061946902,False,0.24778761061946902,False,0.24778761061946902,13.5,False,2.3518518518518516,False,0.5185185185185185,False,0.5185185185185185,False,0.5185185185185185,25-50%
2024-09-16,down,0,250,1,0.8456973293768546,168.5,19638.0,109.0,33.5,True,0.34328358208955223,False,-1.0,False,-1.0,False,-1.0,21.0,True,0.5476190476190477,False,-1.0,False,-1.0,False,-1.0,75-100%
2024-09-16,down,0,325,2,0.9228486646884273,168.5,19670.5,141.5,14.0,False,0.0,False,-0.0,False,-0.0,False,-0.0,14.0,False,0.0,False,-0.0,False,-0.0,False,-0.0,75-100%
2024-09-17,down,110,130,1,0.284688995215311,209.0,19655.75,14.5,45.0,False,1.8055555555555556,True,0.32222222222222224,True,1.4833333333333334,False,-0.5944444444444444,32.0,True,1.8515625,True,0.453125,False,-1.0,False,-1.0,25-50%
2024-09-17,down,110,190,2,0.387192118226601,253.75,19609.5,13.0,85.25,False,0.41055718475073316,True,0.15249266862170088,False,-0.8563049853372434,False,-0.8563049853372434,47.0,True,0.7446808510638298,True,0.2765957446808511,False,-1.0,False,-1.0,25-50%
2024-09-17,down,110,220,3,0.3798730734360834,275.75,19652.25,77.75,27.0,True,0.24074074074074073,False,-1.0,False,-1.0,False,-1.0,27.0,True,0.24074074074074073,False,-1.0,False,-1.0,False,-1.0,25-50%
2024-09-17,down,110,255,4,0.3898458748866727,275.75,19632.75,58.25,49.25,True,0.41116751269035534,False,-1.0,False,-1.0,False,-1.0,39.75,True,0.5094339622641509,False,-1.0,False,-1.0,False,-1.0,25-50%
2024-09-18,up,210,235,1,0.7037914691943128,316.5,19811.0,89.0,133.75,True,0.41495327102803736,False,-1.0,False,-1.0,False,-1.0,50.5,True,1.0693069306930694,False,-1.0,False,-1.0,False,-1.0,50-75%
2024-09-18,down,50,85,1,0.18801996672212978,150.25,19597.0,10.75,17.5,True,0.7714285714285715,True,0.6142857142857143,False,-1.0,False,-1.0,17.5,True,0.7714285714285715,True,0.6142857142857143,False,-1.0,False,-1.0,<25%
2024-09-19,up,0,125,1,0.0746987951807229,207.5,20165.5,6.0,9.5,True,0.0,False,-1.0,False,-1.0,False,-1.0,9.5,True,0.0,False,-1.0,False,-1.0,False,-1.0,<25%
2024-09-19,up,0,165,2,0.1730310262529833,209.5,20168.0,5.5,30.75,True,1.1382113821138211,True,0.17886178861788618,False,-1.0,False,-1.0,20.25,True,0.0,False,-1.0,False,-1.0,False,-1.0,<25%
2024-09-19,up,0,210,3,0.07531380753138076,239.0,20200.0,3.0,15.0,True,0.0,False,-1.0,False,-1.0,False,-1.0,15.0,True,0.0,False,-1.0,False,-1.0,False,-1.0,<25%
2024-09-20,down,15,150,1,0.7921348314606742,222.5,20004.5,144.5,31.75,True,2.2125984251968505,False,-1.0,False,-1.0,False,-1.0,26.0,True,2.701923076923077,False,-1.0,False,-1.0,False,-1.0,75-100%
2024-09-24,up,75,90,1,0.10601719197707736,261.75,20209.5,5.25,22.5,True,0.2111111111111111,False,-1.0,False,-1.0,False,-1.0,22.5,True,0.2111111111111111,False,-1.0,False,-1.0,False,-1.0,<25%
2024-09-24,up,75,305,2,0.4049665711556829,261.75,20160.5,54.25,51.75,False,0.26570048309178745,False,0.18840579710144928,False,0.18840579710144928,False,0.18840579710144928,16.0,True,0.78125,False,-1.0,False,-1.0,False,-1.0,25-50%
2024-09-26,down,0,10,1,0.2814726840855107,210.5,20324.0,17.0,42.25,False,3.2189349112426036,True,0.40236686390532544,True,1.6479289940828403,True,2.893491124260355,40.5,False,3.3580246913580245,True,0.41975308641975306,True,1.7191358024691359,True,3.0185185185185186,25-50%
2024-09-26,down,0,105,2,0.4142640364188164,329.5,20269.25,81.25,55.25,True,1.4524886877828054,False,-1.0,False,-1.0,False,-1.0,17.25,True,4.6521739130434785,False,-1.0,False,-1.0,False,-1.0,25-50%
2024-09-27,down,0,85,1,0.1485148514851485,151.5,20235.5,4.0,18.5,True,0.43243243243243246,True,0.21621621621621623,False,-1.0,False,-1.0,18.5,True,0.43243243243243246,True,0.21621621621621623,False,-1.0,False,-1.0,<25%
2024-09-27,down,0,165,2,0.4320809248554913,173.0,20239.25,29.25,45.5,True,0.46153846153846156,False,-1.0,False,-1.0,False,-1.0,19.5,True,1.0769230769230769,False,-1.0,False,-1.0,False,-1.0,25-50%
2024-09-27,down,0,245,3,0.1523809523809524,210.0,20197.5,24.5,7.5,True,0.0,False,-1.0,False,-1.0,False,-1.0,7.5,True,0.0,False,-1.0,False,-1.0,False,-1.0,<25%
2024-10-01,down,35,125,1,0.39732142857142855,448.0,19905.25,87.25,90.75,True,0.6694214876033058,False,-1.0,False,-1.0,False,-1.0,56.75,True,1.0704845814977975,False,-1.0,False,-1.0,False,-1.0,25-50%
2024-10-01,down,35,260,2,0.5876116071428571,448.0,20037.75,219.75,43.5,False,1.9425287356321839,False,1.367816091954023,False,1.367816091954023,False,1.367816091954023,26.25,True,0.0,False,-1.0,False,-1.0,False,-1.0,50-75%
2024-10-02,up,15,90,1,0.23076923076923078,256.75,20073.75,16.5,42.75,True,0.2573099415204678,False,-1.0,False,-1.0,False,-1.0,17.75,True,0.6197183098591549,False,-1.0,False,-1.0,False,-1.0,<25%
2024-10-02,up,15,175,2,0.45666991236611487,256.75,20017.5,72.75,44.5,True,0.05056179775280899,False,-1.0,False,-1.0,False,-1.0,35.5,True,0.0,False,-1.0,False,-1.0,False,-1.0,25-50%
2024-10-02,up,15,195,3,0.4741966893865628,256.75,20025.0,65.25,56.5,False,0.588495575221239,False,-0.26548672566371684,False,-0.26548672566371684,False,-0.26548672566371684,31.5,True,1.0555555555555556,False,-1.0,False,-1.0,False,-1.0,25-50%
2024-10-07,down,240,245,1,0.30337078651685395,155.75,20061.0,29.5,17.75,True,0.0,False,-1.0,False,-1.0,False,-1.0,17.75,True,0.0,False,-1.0,False,-1.0,False,-1.0,25-50%
2024-10-07,down,240,250,2,0.33707865168539325,155.75,20046.75,15.25,37.25,False,2.651006711409396,True,0.40939597315436244,True,1.4546979865771812,True,2.5,37.25,False,2.651006711409396,True,0.40939597315436244,True,1.4546979865771812,True,2.5,25-50%
2024-10-07,down,240,260,3,0.15609756097560976,205.0,19992.0,9.75,22.25,True,1.4719101123595506,True,0.43820224719101125,False,-1.0,False,-1.0,22.25,True,1.4719101123595506,True,0.43820224719101125,False,-1.0,False,-1.0,<25%
2024-10-08,up,0,30,1,0.21691176470588236,204.0,20253.75,20.0,24.25,True,0.030927835051546393,False,-1.0,False,-1.0,False,-1.0,14.75,True,0.0,False,-1.0,False,-1.0,False,-1.0,<25%
2024-10-08,up,0,80,2,0.30514705882352944,204.0,20254.5,19.25,43.0,True,0.12209302325581395,False,-1.0,False,-1.0,False,-1.0,22.25,True,0.23595505617977527,False,-1.0,False,-1.0,False,-1.0,25-50%
2024-10-08,up,0,210,3,0.5343137254901961,204.0,20238.0,35.75,73.25,False,1.2491467576791808,True,0.4880546075085324,True,1.1843003412969284,False,0.8464163822525598,8.75,True,0.7142857142857143,False,-1.0,False,-1.0,False,-1.0,50-75%
2024-10-09,up,25,35,1,0.09106239460370995,148.25,20379.5,7.25,6.25,True,0.0,False,-1.0,False,-1.0,False,-1.0,6.25,True,0.0,False,-1.0,False,-1.0,False,-1.0,<25%
2024-10-09,up,25,285,2,0.2530795072788354,223.25,20438.5,23.25,33.25,False,1.330827067669173,True,0.6992481203007519,False,0.5939849624060151,False,0.5939849624060151,13.75,False,3.2181818181818183,True,1.690909090909091,False,1.4363636363636363,False,1.4363636363636363,25-50%
2024-10-10,up,40,50,1,0.15267175572519084,131.0,20424.75,7.75,12.25,True,6.816326530612245,True,0.6326530612244898,True,3.306122448979592,True,5.979591836734694,12.25,True,6.816326530612245,True,0.6326530612244898,True,3.306122448979592,True,5.979591836734694,<25%
2024-10-10,up,40,60,2,0.16487455197132617,139.5,20440.0,1.0,22.0,True,3.102272727272727,True,0.045454545454545456,True,1.6306818181818181,False,-1.0,22.0,True,3.102272727272727,True,0.045454545454545456,True,1.6306818181818181,False,-1.0,<25%
2024-10-10,up,40,170,3,0.5042321644498187,206.75,20464.25,44.0,60.25,True,0.14937759336099585,False,-1.0,False,-1.0,False,-1.0,24.75,True,0.36363636363636365,False,-1.0,False,-1.0,False,-1.0,50-75%
2024-10-10,up,40,260,4,0.656590084643289,206.75,20416.0,92.25,43.5,False,0.632183908045977,False,0.3103448275862069,False,0.3103448275862069,False,0.3103448275862069,15.0,True,0.5833333333333334,False,-1.0,False,-1.0,False,-1.0,50-75%
2024-10-15,down,0,80,1,0.36051829268292684,328.0,20349.25,18.0,100.25,False,0.9501246882793017,True,0.17955112219451372,False,0.057356608478802994,False,0.057356608478802994,52.75,True,0.21800947867298578,False,-1.0,False,-1.0,False,-1.0,25-50%
2024-10-15,down,0,280,2,0.10522959183673469,392.0,20280.75,13.5,27.75,True,0.3153153153153153,False,-1.0,False,-1.0,False,-1.0,27.75,True,0.3153153153153153,False,-1.0,False,-1.0,False,-1.0,<25%
2024-10-15,down,0,300,3,0.13456632653061223,392.0,20271.75,4.5,48.25,True,0.36787564766839376,True,0.09326424870466321,False,-1.0,False,-1.0,32.75,True,0.5419847328244275,True,0.13740458015267176,False,-1.0,False,-1.0,<25%
2024-10-21,down,30,215,1,0.7267303102625299,209.5,20474.75,129.75,22.5,True,1.2777777777777777,False,-1.0,False,-1.0,False,-1.0,15.75,True,0.2222222222222222,False,-1.0,False,-1.0,False,-1.0,50-75%
2024-10-22,up,185,195,1,0.15364583333333334,192.0,20550.5,11.0,18.5,True,2.7972972972972974,True,0.5945945945945946,False,-1.0,False,-1.0,18.5,True,2.7972972972972974,True,0.5945945945945946,False,-1.0,False,-1.0,<25%
2024-10-22,up,185,280,2,0.38345864661654133,232.75,20545.25,57.0,32.25,False,0.8449612403100775,False,-0.17054263565891473,False,-0.17054263565891473,False,-0.17054263565891473,7.5,True,1.0333333333333334,False,-1.0,False,-1.0,False,-1.0,25-50%
2024-10-23,down,40,45,1,0.19576719576719576,141.75,20328.75,7.75,20.0,True,0.0,False,-1.0,False,-1.0,False,-1.0,20.0,True,0.0,False,-1.0,False,-1.0,False,-1.0,<25%
2024-10-23,down,40,105,2,0.15406162464985995,178.5,20292.0,7.75,19.75,False,10.784810126582279,True,0.3924050632911392,True,2.651898734177215,True,4.9113924050632916,15.25,False,13.967213114754099,True,0.5081967213114754,True,3.4344262295081966,True,6.360655737704918,<25%
2024-10-23,down,40,140,3,0.2182410423452769,230.25,20244.5,12.0,38.25,False,4.326797385620915,True,0.3137254901960784,True,1.8186274509803921,True,3.323529411764706,38.25,False,4.326797385620915,True,0.3137254901960784,True,1.8186274509803921,True,3.323529411764706,<25%
2024-10-23,down,40,220,4,0.06775067750677506,369.0,20099.25,5.5,19.5,True,1.0384615384615385,True,0.28205128205128205,False,-1.0,False,-1.0,19.5,True,1.0384615384615385,True,0.28205128205128205,False,-1.0,False,-1.0,<25%
2024-10-24,up,190,285,1,0.15678776290630975,130.75,20386.0,6.5,14.0,False,1.6071428571428572,True,0.4642857142857143,False,-0.42857142857142855,False,-0.42857142857142855,14.0,False,1.6071428571428572,True,0.4642857142857143,False,-0.42857142857142855,False,-0.42857142857142855,<25%
2024-10-25,down,190,275,1,0.41253791708796766,247.25,20527.5,67.5,34.5,False,1.318840579710145,False,0.9420289855072463,False,0.9420289855072463,False,0.9420289855072463,8.25,False,5.515151515151516,False,3.9393939393939394,False,3.9393939393939394,False,3.9393939393939394,25-50%
2024-10-28,down,125,220,1,0.44583333333333336,120.0,20538.5,31.75,21.75,False,2.413793103448276,True,1.4597701149425288,False,1.7471264367816093,False,1.7471264367816093,17.5,False,3.0,True,1.8142857142857143,False,2.1714285714285713,False,2.1714285714285713,25-50%
2024-10-28,down,125,275,2,0.3537832310838446,122.25,20515.25,10.75,32.5,False,0.9,True,0.33076923076923076,False,0.45384615384615384,False,0.45384615384615384,11.75,True,0.8297872340425532,False,-1.0,False,-1.0,False,-1.0,25-50%
2024-10-29,up,65,75,1,0.09345794392523364,187.25,20610.75,8.75,8.75,True,0.0,False,-1.0,False,-1.0,False,-1.0,8.75,True,0.0,False,-1.0,False,-1.0,False,-1.0,<25%
2024-10-29,up,65,100,2,0.15783274440518258,212.25,20623.0,21.5,12.0,True,1.75,False,-1.0,False,-1.0,False,-1.0,8.25,True,2.5454545454545454,False,-1.0,False,-1.0,False,-1.0,<25%
2024-10-29,up,65,145,3,0.11283185840707964,226.0,20648.75,9.5,16.0,False,6.109375,True,0.59375,True,4.125,False,2.890625,16.0,False,6.109375,True,0.59375,True,4.125,False,2.890625,<25%
2024-10-29,up,65,155,4,0.07884231536926148,250.5,20675.25,7.5,12.25,True,1.0408163265306123,True,0.6122448979591837,False,-1.0,False,-1.0,12.25,True,1.0408163265306123,True,0.6122448979591837,False,-1.0,False,-1.0,<25%
2024-10-29,up,65,200,5,0.12512218963831867,255.75,20682.5,5.5,26.5,False,2.4150943396226414,True,0.20754716981132076,False,0.4716981132075472,False,0.4716981132075472,12.75,True,0.0,False,-1.0,False,-1.0,False,-1.0,<25%
2024-10-29,up,65,300,6,0.035003977724741446,314.25,20744.5,2.0,9.0,True,0.0,False,-1.0,False,-1.0,False,-1.0,9.0,True,0.0,False,-1.0,False,-1.0,False,-1.0,<25%
2024-10-31,down,15,40,1,0.15086887835703003,316.5,20058.25,5.5,42.25,True,0.08284023668639054,False,-1.0,False,-1.0,False,-1.0,42.25,True,0.08284023668639054,False,-1.0,False,-1.0,False,-1.0,<25%
2024-10-31,down,15,175,2,0.2651734104046243,346.0,20069.0,45.75,46.0,True,1.298913043478261,True,0.9945652173913043,False,-1.0,False,-1.0,31.0,True,1.9274193548387097,True,1.4758064516129032,False,-1.0,False,-1.0,25-50%
2024-10-31,down,15,225,3,0.1050390347764372,352.25,20022.5,5.5,31.5,True,0.42063492063492064,True,0.1746031746031746,False,-1.0,False,-1.0,15.0,True,0.0,False,-1.0,False,-1.0,False,-1.0,<25%
2024-10-31,down,15,255,4,0.09930555555555555,360.0,20019.0,9.75,26.0,True,0.0673076923076923,False,-1.0,False,-1.0,False,-1.0,26.0,True,0.0673076923076923,False,-1.0,False,-1.0,False,-1.0,<25%
2024-10-31,down,15,320,5,0.34097222222222223,360.0,20043.5,34.25,88.5,False,0.3870056497175141,True,0.3870056497175141,False,0.3644067796610169,False,0.3644067796610169,88.5,False,0.3870056497175141,True,0.3870056497175141,False,0.3644067796610169,False,0.3644067796610169,25-50%
2024-11-01,up,55,165,1,0.5162689804772235,230.5,20217.25,70.75,48.25,True,0.7357512953367875,False,-1.0,False,-1.0,False,-1.0,13.25,True,2.6792452830188678,False,-1.0,False,-1.0,False,-1.0,50-75%
2024-11-01,up,55,230,2,0.6952277657266811,230.5,20173.5,114.5,45.75,True,0.6284153005464481,False,-1.0,False,-1.0,False,-1.0,45.75,True,0.6284153005464481,False,-1.0,False,-1.0,False,-1.0,50-75%
2024-11-04,up,15,110,1,0.9263157894736842,213.75,20099.5,127.25,70.75,False,1.0777385159010602,False,-0.20141342756183744,False,-0.20141342756183744,False,-0.20141342756183744,40.25,False,1.8944099378881987,False,-0.35403726708074534,False,-0.35403726708074534,False,-0.35403726708074534,75-100%
2024-11-05,up,60,135,1,0.1184939091915836,225.75,20369.75,3.0,23.75,True,0.042105263157894736,False,-1.0,False,-1.0,False,-1.0,18.0,True,0.05555555555555555,False,-1.0,False,-1.0,False,-1.0,<25%
2024-11-05,up,60,285,2,0.40863787375415284,225.75,20330.25,42.5,49.75,False,0.39195979899497485,False,0.22110552763819097,False,0.22110552763819097,False,0.22110552763819097,12.0,True,0.0,False,-1.0,False,-1.0,False,-1.0,25-50%
2024-11-06,up,100,165,1,0.07508939213349225,209.75,20849.25,4.5,11.25,True,0.0,False,-1.0,False,-1.0,False,-1.0,11.25,True,0.0,False,-1.0,False,-1.0,False,-1.0,<25%
2024-11-06,up,100,225,2,0.05130890052356021,238.75,20877.75,5.0,7.25,True,0.0,False,-1.0,False,-1.0,False,-1.0,7.25,True,0.0,False,-1.0,False,-1.0,False,-1.0,<25%
2024-11-06,up,100,255,3,0.12027833001988071,251.5,20887.25,8.25,22.0,False,1.9886363636363635,True,0.375,False,0.29545454545454547,False,0.29545454545454547,13.25,True,0.0,False,-1.0,False,-1.0,False,-1.0,<25%
2024-11-07,up,15,60,1,0.28315946348733234,167.75,21163.5,8.25,39.25,False,2.2802547770700636,True,0.21019108280254778,True,1.2786624203821657,False,1.484076433121019,13.75,False,6.509090909090909,True,0.6,True,3.65,False,4.236363636363636,25-50%
2024-11-07,up,15,185,2,0.23333333333333334,195.0,21174.75,24.25,21.25,True,0.0,False,-1.0,False,-1.0,False,-1.0,15.5,True,0.0,False,-1.0,False,-1.0,False,-1.0,<25%
2024-11-07,up,15,200,3,0.24487179487179486,195.0,21191.0,8.0,39.75,False,1.559748427672956,True,0.20125786163522014,True,1.4276729559748427,False,0.7735849056603774,28.75,True,0.09565217391304348,False,-1.0,False,-1.0,False,-1.0,<25%
2024-11-07,up,15,215,4,0.1792336217552534,202.25,21193.25,13.0,23.25,True,1.0,True,0.5591397849462365,False,-1.0,False,-1.0,23.25,True,1.0,True,0.5591397849462365,False,-1.0,False,-1.0,<25%
2024-11-07,up,15,290,5,0.0823293172690763,249.0,21246.0,7.0,13.5,True,0.0,False,-1.0,False,-1.0,False,-1.0,13.5,True,0.0,False,-1.0,False,-1.0,False,-1.0,<25%
2024-11-08,up,175,325,1,0.5493975903614458,103.75,21234.0,31.0,26.0,False,0.0,False,0.0,False,0.0,False,0.0,19.5,False,0.0,False,0.0,False,0.0,False,0.0,50-75%
2024-11-11,down,150,155,1,0.1048951048951049,178.75,21123.5,9.5,9.25,True,1.8918918918918919,True,1.027027027027027,False,-1.0,False,-1.0,9.25,True,1.8918918918918919,True,1.027027027027027,False,-1.0,False,-1.0,<25%
2024-11-11,down,150,165,2,0.1459170013386881,186.75,21116.75,10.75,16.5,True,1.121212121212121,True,0.6515151515151515,False,-1.0,False,-1.0,16.5,True,1.121212121212121,True,0.6515151515151515,False,-1.0,False,-1.0,<25%
2024-11-12,down,40,50,1,0.4207492795389049,86.75,21169.75,4.75,31.75,True,3.622047244094488,True,0.14960629921259844,True,0.8326771653543307,True,1.515748031496063,31.75,True,3.622047244094488,True,0.14960629921259844,True,0.8326771653543307,True,1.515748031496063,25-50%
2024-11-12,down,40,130,2,0.31875,120.0,21139.75,8.0,30.25,True,2.809917355371901,True,0.2644628099173554,True,1.256198347107438,True,2.2479338842975207,21.5,True,3.953488372093023,True,0.37209302325581395,True,1.7674418604651163,True,3.1627906976744184,25-50%
2024-11-12,down,40,265,3,0.7906091370558376,197.0,21188.5,133.75,22.0,False,0.9772727272727273,False,0.1590909090909091,False,0.1590909090909091,False,0.1590909090909091,4.75,True,0.0,False,-1.0,False,-1.0,False,-1.0,75-100%
2024-11-13,up,100,135,1,0.27892234548335976,157.75,21202.0,12.25,31.75,True,2.094488188976378,True,0.3858267716535433,True,1.6279527559055118,False,-1.0,28.75,True,2.3130434782608695,True,0.4260869565217391,True,1.7978260869565217,False,-1.0,25-50%
2024-11-13,up,100,285,2,0.5542452830188679,212.0,21196.75,71.75,45.75,True,0.5081967213114754,False,-1.0,False,-1.0,False,-1.0,9.75,True,0.0,False,-1.0,False,-1.0,False,-1.0,50-75%
2024-11-14,down,135,175,1,0.6582278481012658,158.0,21096.25,79.5,24.5,False,5.1020408163265305,True,3.2448979591836733,True,4.857142857142857,False,3.5816326530612246,24.5,False,5.1020408163265305,True,3.2448979591836733,True,4.857142857142857,False,3.5816326530612246,50-75%
2024-11-14,down,135,280,2,0.19893190921228304,187.25,20999.0,11.5,25.75,True,0.0,False,-1.0,False,-1.0,False,-1.0,25.75,True,0.0,False,-1.0,False,-1.0,False,-1.0,<25%
2024-11-14,down,135,300,3,0.2923898531375167,187.25,20995.0,7.5,47.25,False,0.5026455026455027,True,0.15873015873015872,False,-0.2857142857142857,False,-0.2857142857142857,37.0,False,0.6418918918918919,True,0.20270270270270271,False,-0.36486486486486486,False,-0.36486486486486486,25-50%
2024-11-15,down,10,30,1,0.12121212121212122,231.0,20548.75,6.0,22.0,True,0.6931818181818182,True,0.2727272727272727,False,-1.0,False,-1.0,22.0,True,0.6931818181818182,True,0.2727272727272727,False,-1.0,False,-1.0,<25%
2024-11-15,down,10,75,2,0.14411764705882352,255.0,20534.25,15.5,21.25,False,6.070588235294117,True,0.7294117647058823,True,3.7294117647058824,False,2.0,21.25,False,6.070588235294117,True,0.7294117647058823,True,3.7294117647058824,False,2.0,<25%
2024-11-15,down,10,90,3,0.0888129803586678,292.75,20494.25,13.25,12.75,True,1.4705882352941178,True,1.0392156862745099,False,-1.0,False,-1.0,12.75,True,1.4705882352941178,True,1.0392156862745099,False,-1.0,False,-1.0,<25%
2024-11-15,down,10,180,4,0.13750954927425516,327.25,20448.0,1.5,43.5,True,0.9827586206896551,True,0.034482758620689655,False,-1.0,False,-1.0,26.25,True,1.6285714285714286,True,0.05714285714285714,False,-1.0,False,-1.0,<25%
2024-11-15,down,10,310,5,0.26119402985074625,368.5,20455.25,50.0,46.25,True,0.03783783783783784,False,-1.0,False,-1.0,False,-1.0,30.75,True,0.056910569105691054,False,-1.0,False,-1.0,False,-1.0,25-50%
2024-11-18,up,0,30,1,0.13735558408215662,194.75,20691.25,4.5,22.25,True,1.4831460674157304,True,0.20224719101123595,False,-1.0,False,-1.0,16.0,True,2.0625,True,0.28125,False,-1.0,False,-1.0,<25%
2024-11-18,up,0,60,2,0.1093210586881473,217.25,20706.25,12.0,11.75,True,1.5319148936170213,True,1.0212765957446808,False,-1.0,False,-1.0,11.75,True,1.5319148936170213,True,1.0212765957446808,False,-1.0,False,-1.0,<25%
2024-11-18,up,0,145,3,0.48152295632698766,223.25,20661.25,63.0,44.5,True,0.16853932584269662,False,-1.0,False,-1.0,False,-1.0,36.0,True,0.20833333333333334,False,-1.0,False,-1.0,False,-1.0,25-50%
2024-11-18,up,0,205,4,0.5755879059350504,223.25,20660.0,64.25,64.25,True,0.007782101167315175,False,-1.0,False,-1.0,False,-1.0,34.0,True,0.014705882352941176,False,-1.0,False,-1.0,False,-1.0,50-75%
2024-11-18,up,0,245,5,0.6035834266517357,223.25,20610.25,114.0,20.75,False,2.0843373493975905,False,1.036144578313253,False,1.036144578313253,False,1.036144578313253,14.5,False,2.9827586206896552,False,1.4827586206896552,False,1.4827586206896552,False,1.4827586206896552,50-75%
2024-11-19,up,0,40,1,0.12149532710280374,160.5,20657.25,11.25,8.25,True,5.2727272727272725,True,1.3636363636363635,False,-1.0,False,-1.0,8.25,True,5.2727272727272725,True,1.3636363636363635,False,-1.0,False,-1.0,<25%
2024-11-19,up,0,70,2,0.09857328145265888,192.75,20690.5,10.25,8.75,True,0.0,False,-1.0,False,-1.0,False,-1.0,8.75,True,0.0,False,-1.0,False,-1.0,False,-1.0,<25%
2024-11-19,up,0,95,3,0.24643320363164722,192.75,20678.5,22.25,25.25,True,0.39603960396039606,False,-1.0,False,-1.0,False,-1.0,21.75,True,0.45977011494252873,False,-1.0,False,-1.0,False,-1.0,<25%
2024-11-19,up,0,115,4,0.29831387808041504,192.75,20685.25,15.5,42.0,False,2.5535714285714284,True,0.36904761904761907,True,1.5163690476190477,False,1.9047619047619047,23.5,False,4.5638297872340425,True,0.6595744680851063,True,2.7101063829787235,False,3.404255319148936,25-50%
2024-11-27,down,5,45,1,0.1375770020533881,243.5,20717.75,21.75,11.75,True,0.0,False,-1.0,False,-1.0,False,-1.0,11.75,True,0.0,False,-1.0,False,-1.0,False,-1.0,<25%
2024-11-27,down,5,50,2,0.16119096509240247,243.5,20715.5,19.5,19.75,True,0.45569620253164556,False,-1.0,False,-1.0,False,-1.0,19.75,True,0.45569620253164556,False,-1.0,False,-1.0,False,-1.0,<25%
2024-11-27,down,5,75,3,0.27104722792607805,243.5,20705.75,9.75,56.25,True,0.5466666666666666,True,0.17333333333333334,False,-1.0,False,-1.0,31.5,True,0.9761904761904762,True,0.30952380952380953,False,-1.0,False,-1.0,25-50%
2024-11-27,down,5,235,4,0.558601134215501,264.5,20801.5,126.5,21.25,True,0.5294117647058824,False,-1.0,False,-1.0,False,-1.0,20.0,True,0.5625,False,-1.0,False,-1.0,False,-1.0,50-75%
2024-11-27,down,5,285,5,0.5850661625708885,264.5,20802.0,127.0,27.75,False,1.1801801801801801,False,-0.5135135135135135,False,-0.5135135135135135,False,-0.5135135135135135,20.25,False,1.617283950617284,False,-0.7037037037037037,False,-0.7037037037037037,False,-0.7037037037037037,50-75%
2024-12-02,up,0,35,1,0.35674157303370785,178.0,21192.0,12.5,51.0,False,1.3284313725490196,True,0.24509803921568626,True,1.1176470588235294,False,0.49019607843137253,30.25,False,2.239669421487603,True,0.4132231404958678,True,1.884297520661157,False,0.8264462809917356,25-50%
2024-12-02,up,0,265,2,0.3579849946409432,233.25,21219.5,40.25,43.25,False,0.49710982658959535,False,-0.057803468208092484,False,-0.057803468208092484,False,-0.057803468208092484,10.5,True,0.0,False,-1.0,False,-1.0,False,-1.0,25-50%
2024-12-03,up,55,130,1,0.566147859922179,128.5,21208.5,54.25,18.5,False,4.391891891891892,True,2.9324324324324325,False,3.810810810810811,False,3.810810810810811,9.5,False,8.552631578947368,True,5.7105263157894735,False,7.421052631578948,False,7.421052631578948,50-75%
2024-12-04,up,0,10,1,0.15942028985507245,103.5,21478.25,13.5,3.0,True,0.0,False,-1.0,False,-1.0,False,-1.0,3.0,True,0.0,False,-1.0,False,-1.0,False,-1.0,<25%
2024-12-04,up,0,25,2,0.2826086956521739,103.5,21482.5,9.25,20.0,True,0.7125,True,0.4625,False,-1.0,False,-1.0,17.0,True,0.8382352941176471,True,0.5441176470588235,False,-1.0,False,-1.0,25-50%
2024-12-04,up,0,85,3,0.4470046082949309,108.5,21472.75,24.0,24.5,True,0.7857142857142857,False,-1.0,False,-1.0,False,-1.0,8.5,True,1.0294117647058822,False,-1.0,False,-1.0,False,-1.0,25-50%
2024-12-04,up,0,210,4,0.5276497695852534,108.5,21486.75,10.0,47.25,False,1.306878306878307,True,0.21164021164021163,True,0.7857142857142857,False,1.0740740740740742,23.5,False,2.627659574468085,True,0.425531914893617,True,1.5797872340425532,False,2.1595744680851063,50-75%
2024-12-04,up,0,255,5,0.07543520309477757,129.25,21513.0,4.5,5.25,True,0.0,False,-1.0,False,-1.0,False,-1.0,5.25,True,0.0,False,-1.0,False,-1.0,False,-1.0,<25%
2024-12-05,up,100,135,1,0.21103896103896103,77.0,21560.25,4.5,11.75,True,0.5957446808510638,True,0.3829787234042553,False,-1.0,False,-1.0,10.75,True,0.6511627906976745,True,0.4186046511627907,False,-1.0,False,-1.0,<25%
2024-12-05,down,170,195,1,0.4956268221574344,85.75,21510.5,29.0,13.5,False,3.814814814814815,True,2.1481481481481484,True,3.736111111111111,False,2.5925925925925926,7.75,False,6.645161290322581,True,3.7419354838709675,True,6.508064516129032,False,4.516129032258065,25-50%
2024-12-06,up,155,245,1,0.31377899045020463,183.25,21631.25,38.0,19.5,False,1.6538461538461537,False,1.3974358974358974,False,1.3974358974358974,False,1.3974358974358974,7.25,True,0.0,False,-1.0,False,-1.0,False,-1.0,25-50%
2024-12-09,down,5,15,1,0.4172661870503597,139.0,21523.5,13.75,44.25,False,1.9774011299435028,True,0.3107344632768362,True,1.0960451977401129,True,1.88135593220339,30.5,False,2.8688524590163933,True,0.45081967213114754,True,1.5901639344262295,True,2.7295081967213113,25-50%
2024-12-09,down,5,25,2,0.13573883161512026,145.5,21507.75,4.5,15.25,True,0.0,False,-1.0,False,-1.0,False,-1.0,15.25,True,0.0,False,-1.0,False,-1.0,False,-1.0,<25%
2024-12-09,down,5,145,3,0.41598119858989424,212.75,21487.75,51.75,36.75,True,0.3673469387755102,False,-1.0,False,-1.0,False,-1.0,23.75,True,0.5684210526315789,False,-1.0,False,-1.0,False,-1.0,25-50%
2024-12-09,down,5,230,4,0.5346650998824912,212.75,21493.25,57.25,56.5,False,0.9203539823008849,False,0.13716814159292035,False,0.13716814159292035,False,0.13716814159292035,5.75,False,9.043478260869565,False,1.3478260869565217,False,1.3478260869565217,False,1.3478260869565217,50-75%
2024-12-10,down,25,100,1,0.2583201267828843,157.75,21453.25,4.25,36.5,True,0.2534246575342466,True,0.11643835616438356,False,-1.0,False,-1.0,36.5,True,0.2534246575342466,True,0.11643835616438356,False,-1.0,False,-1.0,25-50%
2024-12-10,down,25,140,2,0.35944700460829493,162.75,21465.0,21.0,37.5,False,2.993333333333333,True,0.56,True,1.645,True,2.73,25.5,False,4.401960784313726,True,0.8235294117647058,True,2.4191176470588234,True,4.014705882352941,25-50%
2024-12-10,down,25,215,3,0.08748114630467571,165.75,21448.5,7.5,7.0,True,1.9642857142857142,True,1.0714285714285714,False,-1.0,False,-1.0,7.0,True,1.9642857142857142,True,1.0714285714285714,False,-1.0,False,-1.0,<25%
2024-12-10,down,25,290,4,0.06493506493506493,231.0,21382.0,6.25,8.75,True,3.342857142857143,True,0.7142857142857143,False,-1.0,False,-1.0,6.5,True,4.5,True,0.9615384615384616,False,-1.0,False,-1.0,<25%
2024-12-11,up,40,85,1,0.1434010152284264,197.0,21760.25,9.75,18.5,False,3.22972972972973,True,0.527027027027027,True,3.189189189189189,False,1.7027027027027026,11.75,False,5.085106382978723,True,0.8297872340425532,True,5.0212765957446805,False,2.6808510638297873,<25%
2024-12-11,up,40,100,2,0.04122497055359246,212.25,21781.0,4.25,4.5,True,1.5,True,0.9444444444444444,False,-1.0,False,-1.0,4.5,True,1.5,True,0.9444444444444444,False,-1.0,False,-1.0,<25%
2024-12-11,up,40,155,3,0.0731981981981982,222.0,21788.75,6.25,10.0,False,3.125,True,0.625,False,0.3,False,0.3,10.0,False,3.125,True,0.625,False,0.3,False,0.3,<25%
2024-12-11,up,40,245,4,0.13403141361256546,238.75,21808.25,3.5,28.5,False,0.41228070175438597,True,0.12280701754385964,False,-0.5789473684210527,False,-0.5789473684210527,5.5,True,0.0,False,-1.0,False,-1.0,False,-1.0,<25%
2024-12-12,up,25,165,1,0.24842105263157896,118.75,21742.5,1.0,28.5,True,0.08771929824561403,True,0.03508771929824561,False,-1.0,False,-1.0,16.0,True,0.15625,True,0.0625,False,-1.0,False,-1.0,<25%
2024-12-12,up,25,300,2,0.7962577962577962,120.25,21671.0,74.0,21.75,True,0.5977011494252874,False,-1.0,False,-1.0,False,-1.0,17.25,True,0.7536231884057971,False,-1.0,False,-1.0,False,-1.0,75-100%
2024-12-13,down,10,40,1,0.16770186335403728,241.5,21677.75,11.25,29.25,True,0.0,False,-1.0,False,-1.0,False,-1.0,29.25,True,0.0,False,-1.0,False,-1.0,False,-1.0,<25%
2024-12-13,down,10,80,2,0.3778467908902691,241.5,21688.75,22.25,69.0,True,0.21014492753623187,False,-1.0,False,-1.0,False,-1.0,30.25,True,0.4793388429752066,False,-1.0,False,-1.0,False,-1.0,25-50%
2024-12-16,up,0,30,1,0.3079922027290448,128.25,22016.75,7.5,32.0,False,4.2421875,True,0.234375,True,1.236328125,True,2.23828125,26.25,False,5.171428571428572,True,0.2857142857142857,True,1.5071428571428571,True,2.7285714285714286,25-50%
2024-12-16,up,0,75,2,0.2967213114754098,152.5,22031.0,17.5,27.75,False,4.378378378378378,True,0.6306306306306306,True,2.0045045045045047,True,3.3783783783783785,27.75,False,4.378378378378378,True,0.6306306306306306,True,2.0045045045045047,True,3.3783783783783785,25-50%
2024-12-16,up,0,105,3,0.1443609022556391,166.25,22059.75,2.5,21.5,False,4.313953488372093,True,0.11627906976744186,True,2.0494186046511627,True,3.9825581395348837,13.25,False,7.0,True,0.18867924528301888,True,3.3254716981132075,True,6.462264150943396,<25%
2024-12-16,up,0,175,4,0.04590163934426229,228.75,22120.5,4.25,6.25,True,0.0,False,-1.0,False,-1.0,False,-1.0,6.25,True,0.0,False,-1.0,False,-1.0,False,-1.0,<25%
2024-12-16,up,0,215,5,0.08842794759825327,229.0,22118.5,6.5,13.75,True,2.4727272727272727,True,0.4727272727272727,False,-1.0,False,-1.0,9.0,True,3.7777777777777777,True,0.7222222222222222,False,-1.0,False,-1.0,<25%
2024-12-16,up,0,245,6,0.08775510204081632,245.0,22139.0,2.0,19.5,True,0.6923076923076923,True,0.10256410256410256,False,-1.0,False,-1.0,16.75,True,0.8059701492537313,True,0.11940298507462686,False,-1.0,False,-1.0,<25%
2024-12-17,up,65,120,1,0.6225749559082893,141.75,22344.5,41.5,46.75,True,0.2994652406417112,False,-1.0,False,-1.0,False,-1.0,22.25,True,0.6292134831460674,False,-1.0,False,-1.0,False,-1.0,50-75%
2024-12-17,up,65,250,2,0.8359788359788359,141.75,22292.75,93.25,25.25,True,0.039603960396039604,False,-1.0,False,-1.0,False,-1.0,25.25,True,0.039603960396039604,False,-1.0,False,-1.0,False,-1.0,75-100%
2024-12-17,up,65,305,3,0.9329805996472663,141.75,22289.25,96.75,35.5,False,1.1690140845070423,False,0.7323943661971831,False,0.7323943661971831,False,0.7323943661971831,25.75,False,1.6116504854368932,False,1.0097087378640777,False,1.0097087378640777,False,1.0097087378640777,75-100%
2024-12-18,down,215,245,1,0.27230411171450736,322.25,22062.5,33.0,54.75,False,11.552511415525114,True,0.6027397260273972,True,2.074200913242009,True,3.545662100456621,54.75,False,11.552511415525114,True,0.6027397260273972,True,2.074200913242009,True,3.545662100456621,25-50%
2024-12-19,down,0,30,1,0.5054347826086957,230.0,21483.25,15.5,100.75,True,0.22084367245657568,True,0.15384615384615385,False,-1.0,False,-1.0,72.0,True,0.3090277777777778,True,0.2152777777777778,False,-1.0,False,-1.0,50-75%
2024-12-19,down,0,80,2,0.7085533262935586,236.75,21551.5,90.5,77.25,False,2.440129449838188,True,1.1715210355987056,True,1.9377022653721683,False,2.262135922330097,45.5,True,2.6153846153846154,True,1.989010989010989,False,-1.0,False,-1.0,50-75%
2024-12-19,down,0,150,3,0.3402450518378888,265.25,21447.75,15.25,75.0,True,0.12666666666666668,False,-1.0,False,-1.0,False,-1.0,71.25,True,0.13333333333333333,False,-1.0,False,-1.0,False,-1.0,25-50%
2024-12-19,down,0,220,4,0.6277097078228087,265.25,21515.25,82.75,83.75,False,1.817910447761194,True,0.9880597014925373,True,1.7798507462686568,False,1.653731343283582,18.0,False,8.458333333333334,True,4.597222222222222,True,8.28125,False,7.694444444444445,50-75%
2024-12-19,down,0,315,5,0.35513245033112584,302.0,21429.25,33.5,73.75,False,0.8983050847457628,True,0.4542372881355932,False,0.711864406779661,False,0.711864406779661,40.0,False,1.65625,True,0.8375,False,1.3125,False,1.3125,25-50%
2024-12-20,up,0,10,1,0.10978835978835978,378.0,21528.0,10.5,31.0,True,0.0,False,-1.0,False,-1.0,False,-1.0,31.0,True,0.0,False,-1.0,False,-1.0,False,-1.0,<25%
2024-12-20,up,0,110,2,0.045762037405491444,628.25,21784.0,4.75,24.0,True,1.1666666666666667,True,0.19791666666666666,False,-1.0,False,-1.0,24.0,True,1.1666666666666667,True,0.19791666666666666,False,-1.0,False,-1.0,<25%
2024-12-20,up,0,200,3,0.24088991177598773,651.75,21707.0,105.25,51.75,True,0.24154589371980675,False,-1.0,False,-1.0,False,-1.0,51.75,True,0.24154589371980675,False,-1.0,False,-1.0,False,-1.0,<25%
2024-12-20,up,0,235,4,0.2504794783275796,651.75,21718.0,94.25,69.0,True,0.5108695652173914,False,-1.0,False,-1.0,False,-1.0,31.75,True,1.110236220472441,False,-1.0,False,-1.0,False,-1.0,25-50%
2024-12-23,up,80,125,1,0.33733733733733734,249.75,21697.25,29.25,55.0,False,1.4454545454545455,True,0.5318181818181819,False,1.059090909090909,False,1.059090909090909,36.75,False,2.163265306122449,True,0.7959183673469388,False,1.5850340136054422,False,1.5850340136054422,25-50%
2024-12-23,up,80,175,2,0.14230396902226525,258.25,21720.75,14.25,22.5,True,2.488888888888889,True,0.6333333333333333,False,-1.0,False,-1.0,12.0,True,4.666666666666667,True,1.1875,False,-1.0,False,-1.0,<25%
2024-12-23,up,80,230,3,0.06583333333333333,300.0,21768.75,8.0,11.75,True,0.0,False,-1.0,False,-1.0,False,-1.0,11.75,True,0.0,False,-1.0,False,-1.0,False,-1.0,<25%
2024-12-23,up,80,315,4,0.36916666666666664,300.0,21740.5,36.25,74.5,False,0.3624161073825503,False,0.20134228187919462,False,0.20134228187919462,False,0.20134228187919462,10.0,False,2.7,False,1.5,False,1.5,False,1.5,25-50%
2024-12-26,up,40,75,1,0.07680722891566265,166.0,22033.5,2.75,10.0,True,0.0,False,-1.0,False,-1.0,False,-1.0,10.0,True,0.0,False,-1.0,False,-1.0,False,-1.0,<25%
2024-12-26,up,40,275,2,0.5024271844660194,206.0,22052.25,24.0,79.5,False,0.11320754716981132,False,-0.5660377358490566,False,-0.5660377358490566,False,-0.5660377358490566,5.5,True,0.0,False,-1.0,False,-1.0,False,-1.0,50-75%
2024-12-30,up,65,105,1,0.09917355371900827,242.0,21486.5,8.5,15.5,True,5.451612903225806,True,0.5483870967741935,True,4.451612903225806,False,-1.0,15.5,True,5.451612903225806,True,0.5483870967741935,True,4.451612903225806,False,-1.0,<25%
2024-12-30,up,65,315,2,0.360062893081761,318.0,21471.5,99.5,15.0,True,1.9833333333333334,False,-1.0,False,-1.0,False,-1.0,7.75,True,0.0,False,-1.0,False,-1.0,False,-1.0,25-50%
2024-12-31,down,30,55,1,0.14177215189873418,197.5,21299.25,8.25,19.75,True,0.620253164556962,True,0.4177215189873418,False,-1.0,False,-1.0,19.75,True,0.620253164556962,True,0.4177215189873418,False,-1.0,False,-1.0,<25%
2024-12-31,down,30,65,2,0.12903225806451613,201.5,21297.5,10.5,15.5,True,0.0,False,-1.0,False,-1.0,False,-1.0,15.5,True,0.0,False,-1.0,False,-1.0,False,-1.0,<25%
2024-12-31,down,30,160,3,0.46167557932263814,280.5,21281.0,73.0,56.5,False,1.752212389380531,True,1.2920353982300885,False,1.075221238938053,False,1.075221238938053,32.25,True,3.0697674418604652,True,2.2635658914728682,False,-1.0,False,-1.0,25-50%
2024-12-31,down,30,200,4,0.22007042253521128,284.0,21232.5,28.0,34.5,True,1.326086956521739,True,0.8115942028985508,False,-1.0,False,-1.0,34.5,True,1.326086956521739,True,0.8115942028985508,False,-1.0,False,-1.0,<25%
2024-12-31,down,30,230,5,0.29246064623032314,301.75,21208.5,21.75,66.5,True,0.39849624060150374,True,0.32706766917293234,False,-1.0,False,-1.0,24.5,True,1.0816326530612246,True,0.8877551020408163,False,-1.0,False,-1.0,25-50%
2024-12-31,down,30,280,6,0.34176182707993474,306.5,21224.25,42.25,62.5,True,0.168,False,-1.0,False,-1.0,False,-1.0,45.0,True,0.23333333333333334,False,-1.0,False,-1.0,False,-1.0,25-50%
2024-12-31,down,30,320,7,0.4371941272430669,306.5,21211.75,29.75,104.25,False,0.2182254196642686,False,-0.0815347721822542,False,-0.0815347721822542,False,-0.0815347721822542,77.75,False,0.29260450160771706,False,-0.10932475884244373,False,-0.10932475884244373,False,-0.10932475884244373,25-50%
2025-01-02,down,115,180,1,0.23682781097229766,460.25,20999.5,15.75,93.25,True,0.1260053619302949,False,-1.0,False,-1.0,False,-1.0,63.25,True,0.09881422924901186,False,-1.0,False,-1.0,False,-1.0,<25%
2025-01-02,down,115,265,2,0.3514394350896252,460.25,21064.0,80.25,81.5,True,0.024539877300613498,False,-1.0,False,-1.0,False,-1.0,63.75,True,0.0,False,-1.0,False,-1.0,False,-1.0,25-50%
2025-01-02,down,115,305,3,0.46061922868006516,460.25,21129.75,146.0,66.0,False,0.022727272727272728,False,-0.5946969696969697,False,-0.5946969696969697,False,-0.5946969696969697,28.75,True,0.05217391304347826,False,-1.0,False,-1.0,False,-1.0,25-50%
2025-01-03,up,60,140,1,0.2199349945828819,230.75,21468.0,24.25,26.5,False,3.443396226415094,True,0.9150943396226415,True,3.0919811320754715,False,1.5188679245283019,11.0,True,0.5909090909090909,False,-1.0,False,-1.0,False,-1.0,<25%
2025-01-03,up,60,240,2,0.07299912049252419,284.25,21542.0,3.75,17.0,True,1.0147058823529411,True,0.22058823529411764,False,-1.0,False,-1.0,8.75,True,1.9714285714285715,True,0.42857142857142855,False,-1.0,False,-1.0,<25%
2025-01-06,down,195,240,1,0.21136363636363636,220.0,21703.75,27.0,19.5,True,2.871794871794872,True,1.3846153846153846,False,-1.0,False,-1.0,12.5,True,1.36,False,-1.0,False,-1.0,False,-1.0,<25%
2025-01-07,down,0,60,1,0.4274292742927429,406.5,21513.25,113.75,60.0,False,3.8958333333333335,True,1.8958333333333333,True,3.589583333333333,False,2.5708333333333333,46.5,False,5.026881720430108,True,2.446236559139785,True,4.631720430107527,False,3.317204301075269,25-50%
2025-01-08,down,115,200,1,0.9564787339268052,252.75,21293.75,127.5,114.25,True,0.06783369803063458,False,-1.0,False,-1.0,False,-1.0,58.25,True,0.13304721030042918,False,-1.0,False,-1.0,False,-1.0,75-100%
2025-01-13,up,15,60,1,0.7657784011220197,178.25,20774.75,105.5,31.0,True,1.6693548387096775,False,-1.0,False,-1.0,False,-1.0,23.5,True,2.202127659574468,False,-1.0,False,-1.0,False,-1.0,75-100%
2025-01-13,up,15,105,2,0.908835904628331,178.25,20832.5,47.75,114.25,False,1.1553610503282277,True,0.4179431072210066,True,0.8079868708971554,False,1.013129102844639,30.0,False,4.4,True,1.5916666666666666,True,3.0770833333333334,False,3.8583333333333334,75-100%
2025-01-13,up,15,160,3,0.16161616161616163,198.0,20892.25,7.75,24.25,True,0.0,False,-1.0,False,-1.0,False,-1.0,12.25,True,0.0,False,-1.0,False,-1.0,False,-1.0,<25%
2025-01-13,up,15,235,4,0.3707201889020071,211.75,20893.0,20.75,57.75,False,1.2380952380952381,True,0.3593073593073593,False,0.9567099567099567,False,0.9567099567099567,36.25,False,1.9724137931034482,True,0.5724137931034483,False,1.5241379310344827,False,1.5241379310344827,25-50%
2025-01-13,up,15,285,5,0.2561247216035635,224.5,20919.25,7.25,50.25,False,0.900497512437811,True,0.14427860696517414,False,0.5771144278606966,False,0.5771144278606966,31.25,True,0.0,False,-1.0,False,-1.0,False,-1.0,25-50%
2025-01-14,down,5,65,1,0.3169291338582677,254.0,20890.25,14.5,66.0,True,1.4924242424242424,True,0.2196969696969697,True,1.1818181818181819,False,-1.0,33.25,True,2.962406015037594,True,0.43609022556390975,True,2.345864661654135,False,-1.0,25-50%
2025-01-14,down,5,235,2,0.6553254437869822,338.0,20982.0,190.25,31.25,False,6.672,True,6.088,False,1.888,False,1.888,29.0,False,7.189655172413793,True,6.560344827586207,False,2.0344827586206895,False,2.0344827586206895,50-75%
2025-01-14,down,5,280,3,0.08280701754385965,356.25,20788.0,14.5,15.0,True,0.0,False,-1.0,False,-1.0,False,-1.0,15.0,True,0.0,False,-1.0,False,-1.0,False,-1.0,<25%
2025-01-16,down,180,285,1,0.5662778366914104,235.75,21343.25,81.0,52.5,False,1.9,True,1.542857142857143,False,1.8142857142857143,False,1.8142857142857143,34.0,False,2.9338235294117645,True,2.3823529411764706,False,2.801470588235294,False,2.801470588235294,50-75%
2025-01-17,up,160,230,1,0.3302752293577982,190.75,21643.0,29.0,34.0,True,0.029411764705882353,False,-1.0,False,-1.0,False,-1.0,29.75,True,0.03361344537815126,False,-1.0,False,-1.0,False,-1.0,25-50%
2025-01-17,up,160,320,2,0.4338138925294889,190.75,21626.5,45.5,37.25,True,0.0,False,-1.0,False,-1.0,False,-1.0,22.25,True,0.0,False,-1.0,False,-1.0,False,-1.0,25-50%
2025-01-21,up,135,185,1,0.116751269035533,246.25,21759.5,12.5,16.25,True,0.0,False,-1.0,False,-1.0,False,-1.0,13.0,True,0.0,False,-1.0,False,-1.0,False,-1.0,<25%
2025-01-21,up,135,265,2,0.30456852791878175,246.25,21724.75,47.25,27.75,False,1.1081081081081081,False,-0.36936936936936937,False,-0.36936936936936937,False,-0.36936936936936937,12.0,True,2.5625,False,-1.0,False,-1.0,False,-1.0,25-50%
2025-01-22,up,10,255,1,0.45549738219895286,191.0,22030.0,63.5,23.5,True,0.5106382978723404,False,-1.0,False,-1.0,False,-1.0,16.5,True,0.7272727272727273,False,-1.0,False,-1.0,False,-1.0,25-50%
2025-01-23,up,0,160,1,0.6753554502369669,105.5,21954.5,17.0,54.25,False,1.6451612903225807,True,0.31336405529953915,True,0.7995391705069125,True,1.2857142857142858,17.75,True,1.7183098591549295,True,0.9577464788732394,False,-1.0,False,-1.0,50-75%
2025-01-23,up,0,275,2,0.5147058823529411,119.0,21960.75,24.25,37.0,False,2.2432432432432434,True,0.6554054054054054,True,1.4594594594594594,False,2.189189189189189,14.0,False,5.928571428571429,True,1.7321428571428572,True,3.857142857142857,False,5.785714285714286,50-75%
2025-01-24,down,25,85,1,0.6064814814814815,108.0,21982.75,12.5,53.0,False,2.6179245283018866,True,0.2358490566037736,True,0.7452830188679245,True,1.2547169811320755,40.0,False,3.46875,True,0.3125,True,0.9875,True,1.6625,50-75%
2025-01-24,down,25,125,2,0.17995444191343962,109.75,21976.0,7.5,12.25,False,10.775510204081632,True,0.6122448979591837,True,2.8520408163265305,True,5.091836734693878,12.25,False,10.775510204081632,True,0.6122448979591837,True,2.8520408163265305,True,5.091836734693878,<25%
2025-01-24,down,25,180,3,0.23224852071005916,169.0,21923.0,13.75,25.5,False,3.0980392156862746,True,0.5392156862745098,True,2.196078431372549,False,0.5686274509803921,24.75,False,3.191919191919192,True,0.5555555555555556,True,2.2626262626262625,False,0.5858585858585859,<25%
2025-01-24,down,25,200,4,0.08389715832205684,184.75,21899.75,6.25,9.25,True,6.027027027027027,True,0.6756756756756757,True,5.668918918918919,False,-1.0,9.25,True,6.027027027027027,True,0.6756756756756757,True,5.668918918918919,False,-1.0,<25%
2025-01-24,down,25,225,5,0.11099252934898612,234.25,21851.75,7.75,18.25,True,0.0,False,-1.0,False,-1.0,False,-1.0,18.25,True,0.0,False,-1.0,False,-1.0,False,-1.0,<25%
2025-01-24,down,25,265,6,0.22518676627534684,234.25,21868.0,24.0,28.75,True,0.3826086956521739,False,-1.0,False,-1.0,False,-1.0,26.0,True,0.4230769230769231,False,-1.0,False,-1.0,False,-1.0,<25%
2025-01-27,up,0,70,1,0.7463651050080775,309.5,21222.25,196.25,34.75,True,1.7122302158273381,False,-1.0,False,-1.0,False,-1.0,34.75,True,1.7122302158273381,False,-1.0,False,-1.0,False,-1.0,50-75%
2025-01-27,up,0,115,2,0.8279483037156704,309.5,21227.25,191.25,65.0,True,0.43846153846153846,False,-1.0,False,-1.0,False,-1.0,52.5,True,0.5428571428571428,False,-1.0,False,-1.0,False,-1.0,75-100%
2025-01-27,up,0,235,3,0.9038772213247173,309.5,21252.25,166.25,113.5,True,0.00881057268722467,False,-1.0,False,-1.0,False,-1.0,46.75,True,0.0,False,-1.0,False,-1.0,False,-1.0,75-100%
2025-01-28,up,90,120,1,0.05754950495049505,404.0,21557.5,6.0,17.25,True,0.14492753623188406,False,-1.0,False,-1.0,False,-1.0,12.75,True,0.19607843137254902,False,-1.0,False,-1.0,False,-1.0,<25%
2025-01-28,up,90,150,2,0.0983910891089109,404.0,21561.5,2.0,37.75,True,0.5960264900662252,True,0.052980132450331126,False,-1.0,False,-1.0,21.0,True,1.0714285714285714,True,0.09523809523809523,False,-1.0,False,-1.0,<25%
2025-01-28,up,90,160,3,0.03734939759036145,415.0,21570.25,4.25,11.25,True,1.2222222222222223,True,0.37777777777777777,False,-1.0,False,-1.0,11.25,True,1.2222222222222223,True,0.37777777777777777,False,-1.0,False,-1.0,<25%
2025-01-28,up,90,225,4,0.16607773851590105,424.5,21550.25,33.75,36.75,False,2.061224489795918,True,0.9183673469387755,False,0.6870748299319728,False,0.6870748299319728,26.5,False,2.858490566037736,True,1.2735849056603774,False,0.9528301886792453,False,0.9528301886792453,<25%
2025-01-29,down,10,135,1,0.6139767054908486,150.25,21508.0,52.0,40.25,True,3.5031055900621118,True,1.2919254658385093,True,2.2251552795031055,True,3.158385093167702,16.25,True,8.676923076923076,True,3.2,True,5.5115384615384615,True,7.823076923076923,50-75%
2025-01-29,down,10,210,2,0.6227795193312434,239.25,21434.75,67.75,81.25,True,0.5907692307692308,False,-1.0,False,-1.0,False,-1.0,49.5,True,0.9696969696969697,False,-1.0,False,-1.0,False,-1.0,50-75%
2025-01-30,down,20,35,1,0.17197452229299362,314.0,21459.25,24.5,29.5,True,1.347457627118644,True,0.8305084745762712,False,-1.0,False,-1.0,29.5,True,1.347457627118644,True,0.8305084745762712,False,-1.0,False,-1.0,<25%
2025-01-30,down,20,105,2,0.6264236902050114,329.25,21539.75,120.25,86.0,True,0.42441860465116277,False,-1.0,False,-1.0,False,-1.0,21.0,True,1.7380952380952381,False,-1.0,False,-1.0,False,-1.0,50-75%
2025-01-30,down,20,305,3,0.8519362186788155,329.25,21597.75,178.25,102.25,False,0.7286063569682152,False,-0.2469437652811736,False,-0.2469437652811736,False,-0.2469437652811736,89.25,False,0.834733893557423,False,-0.28291316526610644,False,-0.28291316526610644,False,-0.28291316526610644,75-100%
2025-01-31,up,0,40,1,0.16169154228855723,201.0,21952.5,13.5,19.0,True,0.34210526315789475,False,-1.0,False,-1.0,False,-1.0,10.25,True,0.0,False,-1.0,False,-1.0,False,-1.0,<25%
2025-01-31,up,0,110,2,0.5024875621890548,201.0,21922.75,43.25,57.75,True,0.2813852813852814,False,-1.0,False,-1.0,False,-1.0,28.5,True,0.5701754385964912,False,-1.0,False,-1.0,False,-1.0,50-75%
2025-01-31,down,180,210,1,0.2479591836734694,245.0,21746.75,25.75,35.0,False,6.0285714285714285,True,0.7357142857142858,True,2.4857142857142858,True,4.235714285714286,35.0,False,6.0285714285714285,True,0.7357142857142858,True,2.4857142857142858,True,4.235714285714286,<25%
2025-02-03,up,0,40,1,0.3391430646332607,344.25,21430.25,27.25,89.5,False,1.0,True,0.30446927374301674,False,-0.2681564245810056,False,-0.2681564245810056,15.0,True,2.95,True,1.8166666666666667,False,-1.0,False,-1.0,25-50%
2025-02-03,up,0,110,2,0.31003460207612454,361.25,21447.75,26.75,85.25,True,0.0967741935483871,False,-1.0,False,-1.0,False,-1.0,46.5,True,0.0,False,-1.0,False,-1.0,False,-1.0,25-50%
2025-02-03,up,0,180,3,0.3695501730103806,361.25,21436.5,38.0,95.5,False,0.8717277486910995,True,0.39790575916230364,False,-0.31675392670157065,False,-0.31675392670157065,29.25,True,0.42735042735042733,False,-1.0,False,-1.0,False,-1.0,25-50%
2025-02-03,up,0,215,4,0.09097080787508487,368.25,21473.75,7.75,25.75,True,1.7864077669902914,True,0.30097087378640774,False,-1.0,False,-1.0,25.75,True,1.7864077669902914,True,0.30097087378640774,False,-1.0,False,-1.0,<25%
2025-02-03,up,0,250,5,0.1039360393603936,406.5,21500.25,19.5,22.75,True,0.6153846153846154,False,-1.0,False,-1.0,False,-1.0,18.5,True,0.7567567567567568,False,-1.0,False,-1.0,False,-1.0,<25%
2025-02-04,up,5,145,1,0.4987012987012987,288.75,21622.75,71.25,72.75,False,0.8591065292096219,False,0.6254295532646048,False,0.6254295532646048,False,0.6254295532646048,30.25,True,0.0,False,-1.0,False,-1.0,False,-1.0,25-50%
2025-02-05,up,35,60,1,0.5330812854442344,132.25,21630.75,2.5,68.0,False,2.0330882352941178,True,0.03676470588235294,True,0.5229779411764706,True,1.0091911764705883,17.25,False,8.014492753623188,True,0.14492753623188406,True,2.0615942028985508,True,3.9782608695652173,50-75%
2025-02-05,up,35,185,2,0.2919254658385093,241.5,21714.0,28.5,42.0,False,1.3095238095238095,True,0.6785714285714286,False,1.125,False,1.125,16.0,True,0.515625,False,-1.0,False,-1.0,False,-1.0,25-50%
2025-02-07,down,20,55,1,0.4119718309859155,355.0,21656.0,43.0,103.25,False,1.0,True,0.41646489104116224,False,0.6561743341404358,False,0.6561743341404358,54.75,True,1.2968036529680365,True,0.7853881278538812,False,-1.0,False,-1.0,25-50%
2025-02-07,down,20,85,2,0.18546712802768167,361.25,21629.25,22.5,44.5,True,0.9943820224719101,True,0.5056179775280899,False,-1.0,False,-1.0,44.5,True,0.9943820224719101,True,0.5056179775280899,False,-1.0,False,-1.0,<25%
2025-02-07,down,20,145,3,0.2558746736292428,383.0,21652.5,67.5,30.5,True,0.0,False,-1.0,False,-1.0,False,-1.0,24.5,True,0.0,False,-1.0,False,-1.0,False,-1.0,25-50%
2025-02-07,down,20,195,4,0.38054830287206265,383.0,21650.25,65.25,80.5,False,1.2111801242236024,True,0.8105590062111802,False,0.7701863354037267,False,0.7701863354037267,21.0,False,4.642857142857143,True,3.107142857142857,False,2.9523809523809526,False,2.9523809523809526,25-50%
2025-02-07,down,20,235,5,0.07219759341355288,394.75,21578.5,5.25,23.25,True,0.5376344086021505,True,0.22580645161290322,False,-1.0,False,-1.0,23.25,True,0.5376344086021505,True,0.22580645161290322,False,-1.0,False,-1.0,<25%
2025-02-07,down,20,325,6,0.1649608669476219,415.25,21588.25,35.5,33.0,False,0.0,False,-0.0,False,-0.0,False,-0.0,15.0,False,0.0,False,-0.0,False,-0.0,False,-0.0,<25%
2025-02-10,up,5,80,1,0.385,150.0,21855.25,38.75,19.0,True,0.9342105263157895,False,-1.0,False,-1.0,False,-1.0,14.75,True,1.2033898305084745,False,-1.0,False,-1.0,False,-1.0,25-50%
2025-02-10,up,5,200,2,0.5116666666666667,150.0,21878.25,15.75,61.0,False,0.07377049180327869,False,-0.5655737704918032,False,-0.5655737704918032,False,-0.5655737704918032,8.5,True,0.5294117647058824,False,-1.0,False,-1.0,False,-1.0,50-75%
2025-02-11,up,10,65,1,0.3294289897510981,170.75,21837.25,34.25,22.0,True,0.13636363636363635,False,-1.0,False,-1.0,False,-1.0,12.25,True,0.24489795918367346,False,-1.0,False,-1.0,False,-1.0,25-50%
2025-02-12,up,5,60,1,0.5369198312236287,237.0,21681.25,92.0,35.25,False,4.475177304964539,True,2.6099290780141846,True,4.290780141843972,False,3.425531914893617,19.0,False,8.302631578947368,True,4.842105263157895,True,7.9605263157894735,False,6.355263157894737,50-75%
2025-02-12,up,5,110,2,0.09719626168224299,267.5,21786.5,17.25,8.75,True,0.0,False,-1.0,False,-1.0,False,-1.0,8.75,True,0.0,False,-1.0,False,-1.0,False,-1.0,<25%
2025-02-12,up,5,135,3,0.18037383177570093,267.5,21786.75,17.0,31.25,False,1.672,True,0.544,False,0.488,False,0.488,25.25,True,1.5841584158415842,True,0.6732673267326733,False,-1.0,False,-1.0,<25%
2025-02-12,up,5,180,4,0.1764199655765921,290.5,21808.0,18.75,32.5,True,0.05384615384615385,False,-1.0,False,-1.0,False,-1.0,14.0,True,0.125,False,-1.0,False,-1.0,False,-1.0,<25%
2025-02-12,up,5,240,5,0.23666092943201378,290.5,21801.5,25.25,43.5,False,0.8620689655172413,True,0.5804597701149425,False,0.011494252873563218,False,0.011494252873563218,13.75,True,2.727272727272727,True,1.8363636363636364,False,-1.0,False,-1.0,<25%
2025-02-13,up,5,185,1,0.75,223.0,21972.25,85.5,81.75,False,1.856269113149847,True,1.0458715596330275,True,1.72782874617737,False,1.6819571865443426,24.25,True,0.0,False,-1.0,False,-1.0,False,-1.0,50-75%
2025-02-13,up,5,315,2,0.12512030798845045,259.75,22085.75,8.75,23.75,False,1.6105263157894736,True,0.3684210526315789,False,1.0105263157894737,False,1.0105263157894737,13.5,False,2.8333333333333335,True,0.6481481481481481,False,1.7777777777777777,False,1.7777777777777777,<25%
2025-02-14,up,25,135,1,0.9755351681957186,81.75,22134.25,37.5,42.25,False,2.1479289940828403,True,0.8875739644970414,True,1.371301775147929,True,1.8550295857988166,26.25,False,3.4571428571428573,True,1.4285714285714286,True,2.2071428571428573,True,2.9857142857142858,75-100%
2025-02-14,up,25,200,2,0.09425287356321839,108.75,22196.75,2.0,8.25,True,0.0,False,-1.0,False,-1.0,False,-1.0,8.25,True,0.0,False,-1.0,False,-1.0,False,-1.0,<25%
2025-02-14,up,25,265,3,0.4346895074946467,116.75,22178.25,28.5,22.25,False,2.101123595505618,True,1.2808988764044944,False,0.7191011235955056,False,0.7191011235955056,14.5,True,0.0,False,-1.0,False,-1.0,False,-1.0,25-50%
2025-02-18,down,215,245,1,0.394856278366112,165.25,22146.75,44.0,21.25,True,0.0,False,-1.0,False,-1.0,False,-1.0,21.25,True,0.0,False,-1.0,False,-1.0,False,-1.0,25-50%
2025-02-19,up,70,85,1,0.17729083665338646,125.5,22238.5,5.0,17.25,True,0.8695652173913043,True,0.2898550724637681,False,-1.0,False,-1.0,5.25,True,0.0,False,-1.0,False,-1.0,False,-1.0,<25%
2025-02-19,up,70,125,2,0.33948339483394835,135.5,22222.0,31.5,14.5,True,2.3793103448275863,True,2.1724137931034484,False,-1.0,False,-1.0,13.75,True,2.5090909090909093,True,2.290909090909091,False,-1.0,False,-1.0,25-50%
2025-02-19,up,70,185,3,0.06770833333333333,144.0,22259.0,3.0,6.75,True,0.0,False,-1.0,False,-1.0,False,-1.0,6.75,True,0.0,False,-1.0,False,-1.0,False,-1.0,<25%
2025-02-19,up,70,240,4,0.15634218289085547,169.5,22278.5,9.0,17.5,True,1.2142857142857142,True,0.5142857142857142,False,-1.0,False,-1.0,15.25,True,1.3934426229508197,True,0.5901639344262295,False,-1.0,False,-1.0,<25%
2025-02-21,down,0,55,1,0.35995955510616784,247.25,21992.75,52.0,37.0,False,8.925675675675675,True,1.4054054054054055,True,3.0760135135135136,True,4.746621621621622,29.25,True,0.0,False,-1.0,False,-1.0,False,-1.0,25-50%
2025-02-21,down,0,120,2,0.155,300.0,21905.5,17.5,29.0,False,8.379310344827585,True,0.603448275862069,True,3.189655172413793,True,5.775862068965517,28.75,False,8.452173913043477,True,0.6086956521739131,True,3.217391304347826,True,5.826086956521739,<25%
2025-02-21,down,0,135,3,0.09392265193370165,316.75,21874.25,3.0,26.75,False,7.91588785046729,True,0.11214953271028037,True,3.072429906542056,True,6.0327102803738315,21.5,False,9.848837209302326,True,0.13953488372093023,True,3.822674418604651,True,7.505813953488372,<25%
2025-02-21,down,0,175,4,0.14524103831891225,404.5,21796.75,13.25,45.5,True,0.532967032967033,True,0.29120879120879123,False,-1.0,False,-1.0,36.0,True,0.6736111111111112,True,0.3680555555555556,False,-1.0,False,-1.0,<25%
2025-02-21,down,0,190,5,0.18592057761732853,415.5,21790.75,18.25,59.0,False,2.1737288135593222,True,0.3093220338983051,True,2.069915254237288,False,1.8347457627118644,36.75,False,3.489795918367347,True,0.4965986394557823,True,3.32312925170068,False,2.945578231292517,<25%
2025-02-21,down,0,275,6,0.09841574651944311,520.75,21684.0,16.75,34.5,True,0.3188405797101449,False,-1.0,False,-1.0,False,-1.0,20.0,True,0.0,False,-1.0,False,-1.0,False,-1.0,<25%
2025-02-21,down,0,305,7,0.10033605376860298,520.75,21696.5,29.25,23.0,False,1.4782608695652173,True,1.2717391304347827,False,0.6086956521739131,False,0.6086956521739131,12.25,False,2.7755102040816326,True,2.3877551020408165,False,1.1428571428571428,False,1.1428571428571428,<25%
2025-02-26,down,175,195,1,0.13446126447016918,280.75,21141.0,12.5,25.25,True,3.0297029702970297,True,0.49504950495049505,False,-1.0,False,-1.0,25.25,True,3.0297029702970297,True,0.49504950495049505,False,-1.0,False,-1.0,<25%
2025-02-26,down,175,210,2,0.1532567049808429,326.25,21099.25,16.25,33.75,True,1.0296296296296297,True,0.48148148148148145,False,-1.0,False,-1.0,33.75,True,1.0296296296296297,True,0.48148148148148145,False,-1.0,False,-1.0,<25%
2025-02-26,down,175,265,3,0.3154459753444525,344.75,21093.75,29.25,79.5,True,0.20440251572327045,False,-1.0,False,-1.0,False,-1.0,55.5,True,0.2927927927927928,False,-1.0,False,-1.0,False,-1.0,25-50%
2025-02-27,down,240,255,1,0.11490815890645023,585.25,20830.75,35.0,32.25,True,0.627906976744186,False,-1.0,False,-1.0,False,-1.0,32.25,True,0.627906976744186,False,-1.0,False,-1.0,False,-1.0,<25%
2025-02-27,down,240,275,2,0.05822981366459627,644.0,20748.75,11.75,25.75,False,5.864077669902913,True,0.4563106796116505,False,5.456310679611651,False,5.456310679611651,25.75,False,5.864077669902913,True,0.4563106796116505,False,5.456310679611651,False,5.456310679611651,<25%
2025-02-28,up,25,175,1,0.9247822644497229,315.75,20592.75,183.5,108.5,False,3.23963133640553,True,1.6912442396313363,True,2.418778801843318,True,3.1463133640552994,95.75,False,3.671018276762402,True,1.91644908616188,True,2.7408616187989554,True,3.5652741514360313,75-100%
2025-03-03,down,155,285,1,0.10842939481268012,694.0,20448.5,21.5,53.75,False,2.4511627906976745,True,0.4,False,-0.4558139534883721,False,-0.4558139534883721,53.75,False,2.4511627906976745,True,0.4,False,-0.4558139534883721,False,-0.4558139534883721,<25%
2025-03-04,up,160,265,1,0.08572710951526032,557.0,20618.75,13.5,34.25,True,3.321167883211679,True,0.39416058394160586,False,-1.0,False,-1.0,27.0,True,4.212962962962963,True,0.5,False,-1.0,False,-1.0,<25%
2025-03-05,up,125,195,1,0.3697705802968961,370.5,20540.5,45.0,92.0,False,2.005434782608696,True,0.4891304347826087,True,1.4959239130434783,False,1.2771739130434783,60.5,False,3.049586776859504,True,0.743801652892562,True,2.274793388429752,False,1.9421487603305785,25-50%
2025-03-05,up,125,255,2,0.22608257804632426,496.5,20669.25,42.25,70.0,False,0.7964285714285714,True,0.6035714285714285,False,-0.16071428571428573,False,-0.16071428571428573,45.75,True,1.2185792349726776,True,0.9234972677595629,False,-1.0,False,-1.0,<25%
2025-03-05,up,125,320,3,0.2411764705882353,510.0,20689.25,35.75,87.25,False,0.008595988538681949,False,-0.35816618911174786,False,-0.35816618911174786,False,-0.35816618911174786,87.25,False,0.008595988538681949,False,-0.35816618911174786,False,-0.35816618911174786,False,-0.35816618911174786,<25%
2025-03-06,down,90,100,1,0.1680731364275668,355.5,20168.75,11.0,48.75,True,0.36923076923076925,True,0.22564102564102564,False,-1.0,False,-1.0,48.75,True,0.36923076923076925,True,0.22564102564102564,False,-1.0,False,-1.0,<25%
2025-03-06,down,90,125,2,0.2067401166558652,385.75,20142.75,15.25,64.5,True,0.8449612403100775,True,0.2364341085271318,False,-1.0,False,-1.0,41.5,True,0.0,False,-1.0,False,-1.0,False,-1.0,<25%
2025-03-06,down,90,175,3,0.2817647058823529,425.0,20136.0,47.75,72.0,False,1.8472222222222223,True,0.6631944444444444,False,0.6145833333333334,False,0.6145833333333334,65.5,True,2.030534351145038,True,0.7290076335877863,False,-1.0,False,-1.0,25-50%
2025-03-06,down,90,210,4,0.21553090332805072,473.25,20060.25,20.25,81.75,True,0.7003058103975535,True,0.24770642201834864,False,-1.0,False,-1.0,67.25,True,0.8513011152416357,True,0.30111524163568776,False,-1.0,False,-1.0,<25%
2025-03-07,up,230,320,1,0.34513274336283184,508.5,20248.0,26.0,149.5,False,0.25585284280936454,True,0.17391304347826086,False,-0.1605351170568562,False,-0.1605351170568562,75.0,False,0.51,True,0.3466666666666667,False,-0.32,False,-0.32,25-50%
2025-03-07,down,0,45,1,0.5624558927311221,354.25,19923.25,35.5,163.75,True,0.9633587786259542,True,0.216793893129771,True,0.7576335877862596,False,-1.0,69.75,True,2.261648745519713,True,0.5089605734767025,True,1.778673835125448,False,-1.0,50-75%
2025-03-07,down,0,75,2,0.1334056399132321,461.0,19811.25,30.25,31.25,True,1.464,True,0.968,False,-1.0,False,-1.0,31.25,True,1.464,True,0.968,False,-1.0,False,-1.0,<25%
2025-03-07,down,0,105,3,0.2733473242392445,476.5,19790.25,24.75,105.5,True,0.04265402843601896,False,-1.0,False,-1.0,False,-1.0,38.75,True,0.0,False,-1.0,False,-1.0,False,-1.0,25-50%
2025-03-07,down,0,145,4,0.6689401888772298,476.5,19945.75,180.25,138.5,True,0.019855595667870037,False,-1.0,False,-1.0,False,-1.0,138.5,True,0.019855595667870037,False,-1.0,False,-1.0,False,-1.0,50-75%
2025-03-07,down,0,170,5,0.7612801678908709,476.5,20051.5,286.0,76.75,True,0.1758957654723127,False,-1.0,False,-1.0,False,-1.0,76.75,True,0.1758957654723127,False,-1.0,False,-1.0,False,-1.0,75-100%
2025-03-07,down,0,215,6,0.9286463798530955,476.5,20123.25,357.75,84.75,True,0.0,False,-1.0,False,-1.0,False,-1.0,65.25,True,0.0,False,-1.0,False,-1.0,False,-1.0,75-100%
2025-03-10,down,0,95,1,0.4745762711864407,383.5,19567.75,46.75,135.25,False,2.1848428835489835,True,0.3456561922365989,True,1.05452865064695,True,1.7634011090573012,22.25,True,0.0,False,-1.0,False,-1.0,False,-1.0,25-50%
2025-03-10,down,0,180,2,0.21802002224694106,449.5,19479.75,24.75,73.25,False,2.832764505119454,True,0.3378839590443686,True,1.872013651877133,False,0.22184300341296928,34.5,True,6.0144927536231885,True,0.717391304347826,True,3.9746376811594204,False,-1.0,<25%
2025-03-10,down,0,190,3,0.07877813504823152,466.5,19453.75,15.75,21.0,True,0.0,False,-1.0,False,-1.0,False,-1.0,21.0,True,0.0,False,-1.0,False,-1.0,False,-1.0,<25%
2025-03-10,down,0,210,4,0.10569948186528498,482.5,19429.0,7.0,44.0,True,0.7329545454545454,True,0.1590909090909091,False,-1.0,False,-1.0,23.0,True,1.4021739130434783,True,0.30434782608695654,False,-1.0,False,-1.0,<25%
2025-03-10,down,0,245,5,0.2033481043820778,507.75,19418.5,21.75,81.5,True,1.794478527607362,True,0.2668711656441718,False,-1.0,False,-1.0,27.0,True,5.416666666666667,True,0.8055555555555556,False,-1.0,False,-1.0,<25%
2025-03-10,down,0,255,6,0.07062834875791525,513.25,19411.75,20.5,15.75,True,8.857142857142858,True,1.3015873015873016,False,-1.0,False,-1.0,15.75,True,8.857142857142858,True,1.3015873015873016,False,-1.0,False,-1.0,<25%
2025-03-10,down,0,310,7,0.4412811387900356,632.25,19395.0,122.75,156.25,False,0.0144,False,-0.4384,False,-0.4384,False,-0.4384,120.5,False,0.01867219917012448,False,-0.5684647302904564,False,-0.5684647302904564,False,-0.5684647302904564,25-50%
2025-03-11,down,5,90,1,0.8004291845493562,349.5,19416.75,152.25,127.5,True,1.692156862745098,True,1.1941176470588235,False,-1.0,False,-1.0,29.25,True,7.3760683760683765,True,5.205128205128205,False,-1.0,False,-1.0,75-100%
2025-03-12,down,0,15,1,0.15266485998193316,276.75,19516.25,15.25,27.0,True,0.0,False,-1.0,False,-1.0,False,-1.0,27.0,True,0.0,False,-1.0,False,-1.0,False,-1.0,<25%
2025-03-12,down,0,115,2,0.8058823529411765,382.5,19680.25,285.0,23.25,True,0.0,False,-1.0,False,-1.0,False,-1.0,23.25,True,0.0,False,-1.0,False,-1.0,False,-1.0,75-100%
2025-03-12,down,0,130,3,0.869281045751634,382.5,19619.75,224.5,108.0,False,0.8194444444444444,False,0.09953703703703703,False,0.09953703703703703,False,0.09953703703703703,74.25,True,0.0,False,-1.0,False,-1.0,False,-1.0,75-100%
2025-03-13,down,65,155,1,0.21471025260029716,336.5,19262.25,21.75,50.5,True,1.8267326732673268,True,0.4306930693069307,False,-1.0,False,-1.0,50.5,True,1.8267326732673268,True,0.4306930693069307,False,-1.0,False,-1.0,<25%
2025-03-13,down,65,275,2,0.5558968058968059,407.0,19310.0,140.0,86.25,False,1.4579710144927536,False,0.6782608695652174,False,0.6782608695652174,False,0.6782608695652174,39.5,False,3.1835443037974684,False,1.481012658227848,False,1.481012658227848,False,1.481012658227848,50-75%
2025-03-14,up,30,125,1,0.3699530516431925,266.25,19654.75,48.25,50.25,False,1.7462686567164178,True,0.9601990049751243,False,1.0049751243781095,False,1.0049751243781095,21.75,True,2.4367816091954024,True,2.218390804597701,False,-1.0,False,-1.0,25-50%
2025-03-14,up,30,200,2,0.3247232472324723,271.0,19658.5,49.25,38.75,True,0.3935483870967742,False,-1.0,False,-1.0,False,-1.0,29.75,True,0.0,False,-1.0,False,-1.0,False,-1.0,25-50%
2025-03-14,up,30,240,3,0.35239852398523985,271.0,19665.25,42.5,53.0,False,1.4575471698113207,True,0.8018867924528302,False,0.7547169811320755,False,0.7547169811320755,33.75,False,2.2888888888888888,True,1.2592592592592593,False,1.1851851851851851,False,1.1851851851851851,25-50%
2025-03-14,up,30,315,4,0.22735507246376813,276.0,19696.25,16.5,46.25,False,1.0,True,0.3567567567567568,False,0.1945945945945946,False,0.1945945945945946,36.25,False,1.2758620689655173,True,0.45517241379310347,False,0.2482758620689655,False,0.2482758620689655,<25%
2025-03-17,down,30,115,1,0.5308219178082192,219.0,19669.0,40.25,76.0,True,0.1875,False,-1.0,False,-1.0,False,-1.0,24.5,True,0.22448979591836735,False,-1.0,False,-1.0,False,-1.0,50-75%
2025-03-18,down,30,80,1,0.3293918918918919,296.0,19651.25,47.0,50.5,True,0.4603960396039604,False,-1.0,False,-1.0,False,-1.0,15.5,True,1.5,False,-1.0,False,-1.0,False,-1.0,25-50%
2025-03-18,down,30,130,2,0.504222972972973,296.0,19686.5,82.25,67.0,True,0.503731343283582,False,-1.0,False,-1.0,False,-1.0,58.0,True,0.5732758620689655,False,-1.0,False,-1.0,False,-1.0,50-75%
2025-03-18,down,30,295,3,0.6055743243243243,296.0,19708.25,104.0,75.25,False,0.6112956810631229,False,0.026578073089700997,False,0.026578073089700997,False,0.026578073089700997,21.25,True,0.0,False,-1.0,False,-1.0,False,-1.0,50-75%
2025-03-19,up,75,185,1,0.6508108108108108,231.25,19839.0,98.5,52.0,True,0.21153846153846154,False,-1.0,False,-1.0,False,-1.0,27.5,True,0.4,False,-1.0,False,-1.0,False,-1.0,50-75%
2025-03-19,up,75,210,2,0.7286486486486486,231.25,19859.0,78.5,90.0,False,3.1555555555555554,True,0.8722222222222222,True,1.5145833333333334,True,2.1569444444444446,90.0,False,3.1555555555555554,True,0.8722222222222222,True,1.5145833333333334,True,2.1569444444444446,50-75%
2025-03-20,up,10,75,1,0.40114613180515757,349.0,20046.25,58.75,81.25,True,0.08923076923076922,False,-1.0,False,-1.0,False,-1.0,31.75,True,0.2283464566929134,False,-1.0,False,-1.0,False,-1.0,25-50%
2025-03-20,up,10,155,2,0.7041547277936963,349.0,19931.75,173.25,72.5,True,0.12758620689655173,False,-1.0,False,-1.0,False,-1.0,32.25,True,0.2868217054263566,False,-1.0,False,-1.0,False,-1.0,50-75%
2025-03-20,up,10,260,3,0.8882521489971347,349.0,19879.0,226.0,84.0,False,0.5089285714285714,False,0.026785714285714284,False,0.026785714285714284,False,0.026785714285714284,39.75,True,0.0,False,-1.0,False,-1.0,False,-1.0,75-100%
2025-03-21,up,25,95,1,0.6491442542787286,204.5,19759.5,52.5,80.25,False,2.6728971962616823,True,0.6542056074766355,True,1.2912772585669783,True,1.928348909657321,36.0,False,5.958333333333333,True,1.4583333333333333,True,2.8784722222222223,True,4.298611111111111,50-75%
2025-03-21,up,25,185,2,0.329004329004329,288.75,19856.0,40.25,54.75,False,2.1552511415525113,True,0.7351598173515982,True,2.0536529680365296,False,1.7716894977168949,32.0,True,1.375,True,1.2578125,False,-1.0,False,-1.0,25-50%
2025-03-21,up,25,245,3,0.23333333333333334,292.5,19870.75,29.25,39.0,True,0.46153846153846156,False,-1.0,False,-1.0,False,-1.0,22.5,True,0.8,False,-1.0,False,-1.0,False,-1.0,<25%
2025-03-24,up,15,45,1,0.12588652482269502,141.0,20365.75,4.5,13.25,True,0.3018867924528302,False,-1.0,False,-1.0,False,-1.0,9.5,True,0.0,False,-1.0,False,-1.0,False,-1.0,<25%
2025-03-24,up,15,110,2,0.16336633663366337,151.5,20374.75,6.0,18.75,True,0.0,False,-1.0,False,-1.0,False,-1.0,18.75,True,0.0,False,-1.0,False,-1.0,False,-1.0,<25%
2025-03-24,up,15,135,3,0.4075907590759076,151.5,20352.75,28.0,33.75,True,0.17037037037037037,False,-1.0,False,-1.0,False,-1.0,13.25,True,0.4339622641509434,False,-1.0,False,-1.0,False,-1.0,25-50%
2025-03-24,up,15,245,4,0.47854785478547857,151.5,20346.25,34.5,38.0,False,1.6644736842105263,True,0.9078947368421053,False,0.5131578947368421,False,0.5131578947368421,29.25,False,2.1623931623931623,True,1.1794871794871795,False,0.6666666666666666,False,0.6666666666666666,25-50%
2025-03-24,up,15,285,5,0.11248073959938366,162.25,20385.0,6.5,11.75,True,0.0,False,-1.0,False,-1.0,False,-1.0,11.0,True,0.0,False,-1.0,False,-1.0,False,-1.0,<25%
2025-03-25,up,5,140,1,0.5823970037453183,133.5,20458.25,37.0,40.75,True,0.5337423312883436,False,-1.0,False,-1.0,False,-1.0,20.0,True,1.0875,False,-1.0,False,-1.0,False,-1.0,50-75%
2025-03-25,up,5,315,2,0.6985018726591761,133.5,20482.75,12.5,80.75,False,0.1238390092879257,False,0.06191950464396285,False,0.06191950464396285,False,0.06191950464396285,21.0,False,0.47619047619047616,False,0.23809523809523808,False,0.23809523809523808,False,0.23809523809523808,50-75%
2025-03-26,down,80,105,1,0.12681744749596122,309.5,20170.25,4.75,34.5,True,0.11594202898550725,False,-1.0,False,-1.0,False,-1.0,17.75,True,0.0,False,-1.0,False,-1.0,False,-1.0,<25%
2025-03-26,down,80,205,2,0.13237139272271017,398.5,20083.75,7.25,45.5,True,0.1978021978021978,True,0.15934065934065933,False,-1.0,False,-1.0,18.0,True,0.0,False,-1.0,False,-1.0,False,-1.0,<25%
2025-03-26,down,80,260,3,0.047086521483225424,424.75,20062.75,12.5,7.5,True,1.7,True,1.6666666666666667,False,-1.0,False,-1.0,7.5,True,1.7,True,1.6666666666666667,False,-1.0,False,-1.0,<25%
2025-03-27,up,0,95,1,0.6120114394661582,262.25,20101.5,98.0,62.5,True,0.868,False,-1.0,False,-1.0,False,-1.0,38.5,True,1.4090909090909092,False,-1.0,False,-1.0,False,-1.0,50-75%
2025-03-27,up,0,255,2,0.7569113441372736,262.25,20094.75,104.75,93.75,True,0.37333333333333335,False,-1.0,False,-1.0,False,-1.0,16.0,True,0.90625,False,-1.0,False,-1.0,False,-1.0,75-100%
2025-03-28,down,0,15,1,0.17887323943661973,355.0,19616.0,29.5,34.0,False,5.720588235294118,True,0.8676470588235294,True,3.4779411764705883,False,4.544117647058823,30.25,False,6.429752066115703,True,0.9752066115702479,True,3.909090909090909,False,5.107438016528926,<25%
2025-03-28,down,0,145,2,0.10410958904109589,456.25,19493.0,7.75,39.75,False,1.79874213836478,True,0.1949685534591195,False,0.7924528301886793,False,0.7924528301886793,31.75,False,2.251968503937008,True,0.2440944881889764,False,0.9921259842519685,False,0.9921259842519685,<25%
2025-03-28,down,0,200,3,0.07761194029850746,502.5,19451.25,12.25,26.75,True,0.0,False,-1.0,False,-1.0,False,-1.0,10.25,True,0.0,False,-1.0,False,-1.0,False,-1.0,<25%
2025-03-28,down,0,230,4,0.1582089552238806,502.5,19468.5,29.5,50.0,False,0.94,True,0.59,False,0.14,False,0.14,27.0,True,0.8981481481481481,False,-1.0,False,-1.0,False,-1.0,<25%
2025-03-31,up,50,75,1,0.10211591536338546,271.75,19244.5,4.0,23.75,True,0.8105263157894737,True,0.16842105263157894,False,-1.0,False,-1.0,23.75,True,0.8105263157894737,True,0.16842105263157894,False,-1.0,False,-1.0,<25%
2025-03-31,up,50,210,2,0.3028700906344411,331.0,19280.5,27.25,73.0,False,2.8664383561643834,True,0.3732876712328767,True,1.5068493150684932,True,2.6404109589041096,62.25,False,3.36144578313253,True,0.43775100401606426,True,1.7670682730923695,True,3.0963855421686746,25-50%
2025-03-31,up,50,225,3,0.12892880051314945,389.75,19362.5,4.0,46.25,False,2.7513513513513512,True,0.08648648648648649,True,2.193243243243243,False,1.8918918918918919,46.25,False,2.7513513513513512,True,0.08648648648648649,True,2.193243243243243,False,1.8918918918918919,<25%
2025-03-31,up,50,290,4,0.10157523085279739,460.25,19418.0,19.0,27.75,True,0.0,False,-1.0,False,-1.0,False,-1.0,17.0,True,0.0,False,-1.0,False,-1.0,False,-1.0,<25%
2025-03-31,up,50,300,5,0.1830526887561108,460.25,19421.25,15.75,68.5,False,1.0,True,0.22992700729927007,False,0.4197080291970803,False,0.4197080291970803,68.5,False,1.0,True,0.22992700729927007,False,0.4197080291970803,False,0.4197080291970803,<25%
2025-04-01,up,20,70,1,0.21355685131195334,343.0,19573.5,30.75,42.5,True,1.6588235294117648,True,0.7235294117647059,False,-1.0,False,-1.0,42.5,True,1.6588235294117648,True,0.7235294117647059,False,-1.0,False,-1.0,<25%
2025-04-01,up,20,265,2,0.6766819072501633,382.75,19448.0,196.0,63.0,False,2.8293650793650795,False,2.4682539682539684,False,2.4682539682539684,False,2.4682539682539684,30.5,False,5.844262295081967,False,5.098360655737705,False,5.098360655737705,False,5.098360655737705,50-75%
2025-04-02,up,25,35,1,0.139984532095901,323.25,19634.25,5.5,39.75,True,0.0,False,-1.0,False,-1.0,False,-1.0,26.75,True,0.0,False,-1.0,False,-1.0,False,-1.0,<25%
2025-04-02,up,25,60,2,0.0779874213836478,397.5,19701.5,12.5,18.5,True,0.6216216216216216,False,-1.0,False,-1.0,False,-1.0,18.5,True,0.6216216216216216,False,-1.0,False,-1.0,False,-1.0,<25%
2025-04-02,up,25,130,3,0.09828141783029001,465.5,19774.0,8.0,37.75,True,3.0794701986754967,True,0.2119205298013245,False,-1.0,False,-1.0,37.75,True,3.0794701986754967,True,0.2119205298013245,False,-1.0,False,-1.0,<25%
2025-04-02,up,25,245,4,0.49760348583877995,573.75,19700.0,190.25,95.25,False,1.0078740157480315,False,0.4881889763779528,False,0.4881889763779528,False,0.4881889763779528,56.75,True,0.2511013215859031,False,-1.0,False,-1.0,False,-1.0,25-50%
2025-04-03,down,10,25,1,0.1362179487179487,312.0,18766.25,4.0,38.5,True,1.2012987012987013,True,0.1038961038961039,False,-1.0,False,-1.0,38.5,True,1.2012987012987013,True,0.1038961038961039,False,-1.0,False,-1.0,<25%
2025-04-03,down,10,95,2,0.6146788990825688,354.25,18882.5,162.5,55.25,True,0.0,False,-1.0,False,-1.0,False,-1.0,47.0,True,0.0,False,-1.0,False,-1.0,False,-1.0,50-75%
2025-04-03,down,10,120,3,0.7558221594918842,354.25,18901.75,181.75,86.0,False,2.755813953488372,True,2.113372093023256,False,2.511627906976744,False,2.511627906976744,86.0,False,2.755813953488372,True,2.113372093023256,False,2.511627906976744,False,2.511627906976744,75-100%
2025-04-04,down,0,55,1,0.8300295234078447,592.75,17939.25,283.25,208.75,False,1.9676646706586827,True,1.3568862275449103,False,1.9377245508982035,False,1.9377245508982035,173.5,False,2.367435158501441,True,1.6325648414985592,False,2.3314121037463975,False,2.3314121037463975,75-100%
2025-04-04,down,0,215,2,0.46621621621621623,629.0,17800.0,180.25,113.0,False,2.4026548672566372,True,1.595132743362832,False,2.3473451327433628,False,2.3473451327433628,91.25,False,2.9753424657534246,True,1.9753424657534246,False,2.9068493150684933,False,2.9068493150684933,25-50%
2025-04-04,down,0,315,3,0.46002855103497503,700.5,17703.75,155.5,166.75,False,1.050974512743628,True,0.9325337331334332,False,1.0134932533733134,False,1.0134932533733134,130.75,False,1.3403441682600383,True,1.1892925430210326,False,1.2925430210325048,False,1.2925430210325048,25-50%
2025-04-08,down,40,100,1,0.2983323038912909,404.75,18001.0,48.5,72.25,False,14.221453287197232,True,0.671280276816609,True,2.0717993079584773,True,3.472318339100346,67.25,False,15.278810408921933,True,0.7211895910780669,True,2.225836431226766,True,3.7304832713754648,25-50%
2025-04-09,up,150,180,1,0.26590873203852833,1583.25,18719.0,66.5,354.5,False,1.883638928067701,True,0.18758815232722145,True,1.3041255289139633,False,1.5528913963328632,354.5,False,1.883638928067701,True,0.18758815232722145,True,1.3041255289139633,False,1.5528913963328632,25-50%
2025-04-09,up,150,200,2,0.2610489098408957,1697.0,18746.0,153.25,289.75,False,2.2113891285591025,True,0.5289042277825712,True,1.993097497842968,False,1.806729939603106,130.5,False,4.909961685823755,True,1.1743295019157087,True,4.425287356321839,False,4.011494252873563,25-50%
2025-04-09,up,150,275,3,0.20575916230366492,1910.0,18911.5,200.75,192.25,False,2.472041612483745,True,1.0442132639791937,False,1.8621586475942782,False,1.8621586475942782,98.25,False,4.837150127226463,True,2.0432569974554706,False,3.643765903307888,False,3.643765903307888,<25%
2025-04-09,up,150,315,4,0.07311178247734139,2068.75,19256.25,14.75,136.5,False,0.9560439560439561,True,0.10805860805860806,False,0.09706959706959707,False,0.09706959706959707,114.0,False,1.144736842105263,True,0.12938596491228072,False,0.1162280701754386,False,0.1162280701754386,<25%
2025-04-10,down,45,65,1,0.1448087431693989,457.5,18424.0,10.0,56.25,True,8.977777777777778,True,0.17777777777777778,True,2.2111111111111112,True,4.2444444444444445,56.25,True,8.977777777777778,True,0.17777777777777778,True,2.2111111111111112,True,4.2444444444444445,<25%
2025-04-10,down,45,100,2,0.1767800771659067,712.75,18182.25,23.5,102.5,True,2.5682926829268293,True,0.22926829268292684,True,1.9676829268292684,False,-1.0,102.5,True,2.5682926829268293,True,0.22926829268292684,True,1.9676829268292684,False,-1.0,<25%
2025-04-10,down,45,160,3,0.6044619422572178,952.5,18120.0,201.0,374.75,True,0.23949299533022014,False,-1.0,False,-1.0,False,-1.0,124.25,True,0.7223340040241448,False,-1.0,False,-1.0,False,-1.0,50-75%
2025-04-10,down,45,220,4,0.7118110236220473,952.5,18329.75,410.75,267.25,True,0.10851262862488306,False,-1.0,False,-1.0,False,-1.0,89.5,True,0.0,False,-1.0,False,-1.0,False,-1.0,50-75%
2025-04-10,down,45,255,5,0.7934383202099737,952.5,18550.25,631.25,124.5,False,2.4859437751004014,False,0.5401606425702812,False,0.5401606425702812,False,0.5401606425702812,108.75,False,2.845977011494253,False,0.6183908045977011,False,0.6183908045977011,False,0.6183908045977011,75-100%
2025-04-11,up,120,185,1,0.37548076923076923,520.0,18738.0,52.0,143.25,False,0.9458987783595113,True,0.36300174520069806,False,0.49912739965095987,False,0.49912739965095987,127.5,False,1.0627450980392157,True,0.40784313725490196,False,0.5607843137254902,False,0.5607843137254902,25-50%
2025-04-11,up,120,250,2,0.2655343827671914,603.5,18797.0,76.5,83.75,False,0.8417910447761194,False,0.14925373134328357,False,0.14925373134328357,False,0.14925373134328357,19.0,True,1.644736842105263,False,-1.0,False,-1.0,False,-1.0,25-50%
2025-04-14,down,55,145,1,0.3102948284195263,517.25,18784.5,47.0,113.5,True,0.0,False,-1.0,False,-1.0,False,-1.0,72.75,True,0.0,False,-1.0,False,-1.0,False,-1.0,25-50%
2025-04-14,down,55,320,2,0.6911551474142098,517.25,18978.0,240.5,117.0,False,0.48504273504273504,False,0.3055555555555556,False,0.3055555555555556,False,0.3055555555555556,47.5,False,1.194736842105263,False,0.7526315789473684,False,0.7526315789473684,False,0.7526315789473684,50-75%
2025-04-15,down,200,295,1,0.4472168905950096,260.5,18962.0,77.75,38.75,False,1.0193548387096774,False,0.06451612903225806,False,0.06451612903225806,False,0.06451612903225806,6.75,True,0.0,False,-1.0,False,-1.0,False,-1.0,25-50%
2025-04-16,up,50,120,1,0.8194905869324474,225.75,18611.5,123.5,61.5,True,0.08130081300813008,False,-1.0,False,-1.0,False,-1.0,29.5,True,0.0,False,-1.0,False,-1.0,False,-1.0,75-100%
2025-04-16,up,50,165,2,0.9213732004429679,225.75,18578.75,156.25,51.75,True,0.32367149758454106,False,-1.0,False,-1.0,False,-1.0,38.5,True,0.43506493506493504,False,-1.0,False,-1.0,False,-1.0,75-100%
2025-04-16,down,180,285,1,0.11185031185031186,601.25,18158.0,24.25,43.0,True,0.9709302325581395,True,0.563953488372093,False,-1.0,False,-1.0,43.0,True,0.9709302325581395,True,0.563953488372093,False,-1.0,False,-1.0,<25%
2025-04-17,down,0,125,1,0.876008064516129,248.0,18426.75,165.25,52.0,True,1.1538461538461537,False,-1.0,False,-1.0,False,-1.0,52.0,True,1.1538461538461537,False,-1.0,False,-1.0,False,-1.0,75-100%
2025-04-21,down,40,140,1,0.23381770145310435,378.5,17811.5,25.0,63.5,True,1.7559055118110236,True,0.3937007874015748,False,-1.0,False,-1.0,26.25,True,4.247619047619048,True,0.9523809523809523,False,-1.0,False,-1.0,<25%
2025-04-21,down,40,250,2,0.17473118279569894,465.0,17729.25,29.25,52.0,True,0.5480769230769231,False,-1.0,False,-1.0,False,-1.0,31.75,True,0.8976377952755905,False,-1.0,False,-1.0,False,-1.0,<25%
2025-04-22,up,5,20,1,0.2006335797254488,236.75,18324.25,13.0,34.5,True,1.789855072463768,True,0.37681159420289856,False,-1.0,False,-1.0,34.5,True,1.789855072463768,True,0.37681159420289856,False,-1.0,False,-1.0,<25%
2025-04-22,up,5,95,2,0.1309949892627058,349.25,18431.5,18.25,27.5,True,3.0,True,0.6636363636363637,False,-1.0,False,-1.0,27.5,True,3.0,True,0.6636363636363637,False,-1.0,False,-1.0,<25%
2025-04-22,up,5,215,3,0.7321644498186215,413.5,18295.0,219.0,83.75,False,1.328358208955224,False,1.0149253731343284,False,1.0149253731343284,False,1.0149253731343284,21.25,True,4.929411764705883,False,-1.0,False,-1.0,False,-1.0,50-75%
2025-04-23,down,55,70,1,0.3210568454763811,312.25,18889.25,36.0,64.25,True,2.2140077821011674,True,0.5603112840466926,True,1.7752918287937742,False,-1.0,64.25,True,2.2140077821011674,True,0.5603112840466926,True,1.7752918287937742,False,-1.0,25-50%
2025-04-23,down,55,270,2,0.52389486260454,418.5,18822.25,75.25,144.0,False,0.6423611111111112,True,0.5225694444444444,False,0.2361111111111111,False,0.2361111111111111,72.0,False,1.2847222222222223,True,1.0451388888888888,False,0.4722222222222222,False,0.4722222222222222,50-75%
2025-04-24,up,0,30,1,0.27811094452773616,333.5,19158.75,21.25,71.5,False,2.5104895104895104,True,0.2972027972027972,True,1.4632867132867133,False,2.2517482517482517,38.25,False,4.69281045751634,True,0.5555555555555556,True,2.735294117647059,False,4.209150326797386,25-50%
2025-04-24,up,0,100,2,0.2028493894165536,368.5,19191.5,23.5,51.25,False,2.8634146341463413,True,0.4585365853658537,True,2.2560975609756095,False,2.502439024390244,45.5,False,3.2252747252747254,True,0.5164835164835165,True,2.541208791208791,False,2.818681318681319,<25%
2025-04-24,up,0,175,3,0.17265353418308227,431.5,19252.75,25.25,49.25,False,1.736040609137056,True,0.5126903553299492,False,1.3604060913705585,False,1.3604060913705585,10.0,True,0.0,False,-1.0,False,-1.0,False,-1.0,<25%
2025-04-24,up,0,220,4,0.06491326245103525,446.75,19277.0,16.25,12.75,True,0.0,False,-1.0,False,-1.0,False,-1.0,12.75,True,0.0,False,-1.0,False,-1.0,False,-1.0,<25%
2025-04-24,up,0,230,5,0.07778399552322328,446.75,19279.75,13.5,21.25,True,2.1294117647058823,True,0.6352941176470588,False,-1.0,False,-1.0,18.5,True,2.445945945945946,True,0.7297297297297297,False,-1.0,False,-1.0,<25%
2025-04-24,up,0,315,6,0.2173458725182863,478.5,19319.0,6.0,98.0,False,0.19642857142857142,True,0.061224489795918366,False,0.007653061224489796,False,0.007653061224489796,31.5,False,0.6111111111111112,True,0.19047619047619047,False,0.023809523809523808,False,0.023809523809523808,<25%
2025-04-25,up,110,215,1,0.5616224648985959,320.5,19464.5,89.75,90.25,False,0.9113573407202216,False,0.7257617728531855,False,0.7257617728531855,False,0.7257617728531855,25.0,False,3.29,False,2.62,False,2.62,False,2.62,50-75%
2025-04-28,down,35,160,1,0.24964838255977498,355.5,19276.0,8.5,80.25,True,0.2336448598130841,True,0.1059190031152648,False,-1.0,False,-1.0,27.0,True,0.0,False,-1.0,False,-1.0,False,-1.0,<25%
2025-04-28,down,35,175,2,0.15242652084757347,365.75,19274.5,17.25,38.5,True,0.2857142857142857,False,-1.0,False,-1.0,False,-1.0,38.5,True,0.2857142857142857,False,-1.0,False,-1.0,False,-1.0,<25%
2025-04-29,up,190,245,1,0.13274336283185842,282.5,19682.75,3.5,34.0,True,0.16911764705882354,True,0.10294117647058823,False,-1.0,False,-1.0,20.25,True,0.2839506172839506,True,0.1728395061728395,False,-1.0,False,-1.0,<25%
2025-04-29,up,190,315,2,0.2581211589113257,284.75,19662.75,25.75,47.75,False,0.41361256544502617,False,-0.3769633507853403,False,-0.3769633507853403,False,-0.3769633507853403,42.25,False,0.46745562130177515,False,-0.4260355029585799,False,-0.4260355029585799,False,-0.4260355029585799,25-50%
2025-04-30,up,0,55,1,0.17822520507084266,335.25,19413.0,26.0,33.75,True,1.7925925925925925,True,0.7703703703703704,False,-1.0,False,-1.0,33.75,True,1.7925925925925925,True,0.7703703703703704,False,-1.0,False,-1.0,<25%
2025-04-30,up,0,175,2,0.3691683569979716,369.75,19456.75,16.75,119.75,False,2.162839248434238,True,0.13987473903966596,True,0.9117954070981211,True,1.6837160751565763,52.5,False,4.933333333333334,True,0.319047619047619,True,2.079761904761905,True,3.8404761904761906,25-50%
2025-04-30,up,0,190,3,0.0795805058605799,405.25,19500.25,8.75,23.5,True,0.0,False,-1.0,False,-1.0,False,-1.0,23.5,True,0.0,False,-1.0,False,-1.0,False,-1.0,<25%
2025-04-30,up,0,200,4,0.08204811844540408,405.25,19501.25,7.75,25.5,True,0.0,False,-1.0,False,-1.0,False,-1.0,17.5,True,0.0,False,-1.0,False,-1.0,False,-1.0,<25%
2025-04-30,up,0,220,5,0.174594877156299,478.25,19519.5,62.5,21.0,True,1.4642857142857142,False,-1.0,False,-1.0,False,-1.0,21.0,True,1.4642857142857142,False,-1.0,False,-1.0,False,-1.0,<25%
2025-04-30,up,0,255,6,0.2812336644014637,478.25,19515.25,66.75,67.75,False,2.959409594095941,True,0.985239852398524,True,2.75,False,1.878228782287823,59.5,False,3.369747899159664,True,1.1218487394957983,True,3.1313025210084033,False,2.138655462184874,25-50%
2025-05-01,up,5,150,1,0.8118532455315146,265.75,19999.25,126.5,89.25,True,0.5602240896358543,False,-1.0,False,-1.0,False,-1.0,60.25,True,0.8298755186721992,False,-1.0,False,-1.0,False,-1.0,75-100%
2025-05-02,up,70,100,1,0.1922675026123302,239.25,20251.75,7.25,38.75,True,0.36774193548387096,True,0.1870967741935484,False,-1.0,False,-1.0,38.75,True,0.36774193548387096,True,0.1870967741935484,False,-1.0,False,-1.0,<25%
2025-05-02,up,70,130,2,0.10456852791878173,246.25,20260.75,5.25,20.5,True,0.1951219512195122,False,-1.0,False,-1.0,False,-1.0,20.5,True,0.1951219512195122,False,-1.0,False,-1.0,False,-1.0,<25%
2025-05-05,up,30,90,1,0.42162162162162165,138.75,20113.5,10.5,48.0,True,1.625,True,0.21875,True,0.94140625,False,-1.0,19.0,True,4.105263157894737,True,0.5526315789473685,True,2.3782894736842106,False,-1.0,25-50%
2025-05-05,up,30,105,2,0.19039451114922812,145.75,20124.75,6.25,21.5,True,3.104651162790698,True,0.29069767441860467,True,1.9854651162790697,False,-1.0,18.75,True,3.56,True,0.3333333333333333,True,2.276666666666667,False,-1.0,<25%
2025-05-05,up,30,135,3,0.07413249211356467,158.5,20140.75,3.0,8.75,True,0.0,False,-1.0,False,-1.0,False,-1.0,8.75,True,0.0,False,-1.0,False,-1.0,False,-1.0,<25%
2025-05-05,up,30,175,4,0.25077399380804954,161.5,20131.25,15.5,25.0,True,2.41,True,0.62,True,2.235,False,-1.0,10.75,True,5.604651162790698,True,1.441860465116279,True,5.1976744186046515,False,-1.0,25-50%
2025-05-05,up,30,195,5,0.12125748502994012,167.0,20146.75,5.5,14.75,True,3.0338983050847457,True,0.3728813559322034,False,-1.0,False,-1.0,12.75,True,3.5098039215686274,True,0.43137254901960786,False,-1.0,False,-1.0,<25%
2025-05-06,up,5,30,1,0.23647798742138365,198.75,19925.75,12.0,35.0,True,0.0,False,-1.0,False,-1.0,False,-1.0,22.25,True,0.0,False,-1.0,False,-1.0,False,-1.0,<25%
2025-05-06,up,5,225,2,0.6570931244560487,287.25,19904.25,122.0,66.75,False,1.0224719101123596,False,-0.42696629213483145,False,-0.42696629213483145,False,-0.42696629213483145,34.5,False,1.9782608695652173,False,-0.8260869565217391,False,-0.8260869565217391,False,-0.8260869565217391,50-75%
2025-05-07,down,20,60,1,0.301460823373174,188.25,19799.0,10.0,46.75,True,0.18181818181818182,False,-1.0,False,-1.0,False,-1.0,23.25,True,0.0,False,-1.0,False,-1.0,False,-1.0,25-50%
2025-05-07,down,20,75,2,0.3559096945551129,188.25,19797.0,8.0,59.0,True,0.1694915254237288,True,0.13559322033898305,False,-1.0,False,-1.0,59.0,True,0.1694915254237288,True,0.13559322033898305,False,-1.0,False,-1.0,25-50%
2025-05-07,down,20,110,3,0.37056504599211565,190.25,19817.0,30.0,40.5,True,0.2716049382716049,False,-1.0,False,-1.0,False,-1.0,40.5,True,0.2716049382716049,False,-1.0,False,-1.0,False,-1.0,25-50%
2025-05-07,down,20,295,4,0.7512562814070352,298.5,19774.5,95.75,128.5,True,0.08171206225680934,False,-1.0,False,-1.0,False,-1.0,58.25,True,0.18025751072961374,False,-1.0,False,-1.0,False,-1.0,75-100%
2025-05-08,up,60,95,1,0.17703703703703705,337.5,20307.5,9.0,50.75,True,0.5862068965517241,True,0.17733990147783252,False,-1.0,False,-1.0,21.0,True,0.0,False,-1.0,False,-1.0,False,-1.0,<25%
2025-05-08,up,60,130,2,0.1370851370851371,346.5,20319.5,6.0,41.5,True,0.42771084337349397,True,0.14457831325301204,False,-1.0,False,-1.0,21.0,True,0.8452380952380952,True,0.2857142857142857,False,-1.0,False,-1.0,<25%
2025-05-08,up,60,145,3,0.0314026517794836,358.25,20331.75,5.5,5.75,True,0.0,False,-1.0,False,-1.0,False,-1.0,5.75,True,0.0,False,-1.0,False,-1.0,False,-1.0,<25%
2025-05-08,up,60,200,4,0.21563154221912073,358.25,20289.75,47.5,29.75,True,0.0,False,-1.0,False,-1.0,False,-1.0,23.75,True,0.0,False,-1.0,False,-1.0,False,-1.0,<25%
2025-05-08,up,60,240,5,0.2875087229588276,358.25,20303.5,33.75,69.25,True,0.4007220216606498,False,-1.0,False,-1.0,False,-1.0,36.75,True,0.3877551020408163,False,-1.0,False,-1.0,False,-1.0,25-50%
2025-05-08,down,20,30,1,0.3128205128205128,195.0,20000.5,21.5,39.5,True,0.0,False,-1.0,False,-1.0,False,-1.0,39.5,True,0.0,False,-1.0,False,-1.0,False,-1.0,25-50%
2025-05-09,down,5,90,1,0.5332581736189402,221.75,20108.25,50.25,68.0,True,0.6875,False,-1.0,False,-1.0,False,-1.0,66.5,True,0.7030075187969925,False,-1.0,False,-1.0,False,-1.0,50-75%
2025-05-09,down,5,325,2,0.5749718151071026,221.75,20136.25,78.25,49.25,False,0.0,False,-0.0,False,-0.0,False,-0.0,29.75,False,0.0,False,-0.0,False,-0.0,False,-0.0,50-75%
2025-05-12,up,155,320,1,0.3333333333333333,253.5,20925.25,18.25,66.25,False,0.4377358490566038,True,0.27547169811320754,False,0.36981132075471695,False,0.36981132075471695,45.75,False,0.6338797814207651,True,0.3989071038251366,False,0.5355191256830601,False,0.5355191256830601,25-50%
2025-05-12,down,0,25,1,0.5392895586652314,232.25,20770.5,80.5,44.75,True,0.3743016759776536,False,-1.0,False,-1.0,False,-1.0,44.75,True,0.3743016759776536,False,-1.0,False,-1.0,False,-1.0,50-75%
2025-05-13,up,25,60,1,0.06484375,320.0,21285.25,7.5,13.25,True,1.471698113207547,True,0.5660377358490566,False,-1.0,False,-1.0,13.25,True,1.471698113207547,True,0.5660377358490566,False,-1.0,False,-1.0,<25%
2025-05-13,up,25,100,2,0.15737951807228914,332.0,21288.75,16.0,36.25,False,1.5931034482758621,True,0.4413793103448276,False,-0.496551724137931,False,-0.496551724137931,32.25,False,1.7906976744186047,True,0.49612403100775193,False,-0.5581395348837209,False,-0.5581395348837209,<25%
2025-05-14,up,120,200,1,0.9468267581475128,145.75,21363.0,56.5,81.5,False,0.5337423312883436,False,0.4171779141104294,False,0.4171779141104294,False,0.4171779141104294,18.75,True,0.6533333333333333,False,-1.0,False,-1.0,False,-1.0,75-100%
2025-05-15,up,30,55,1,0.2514124293785311,177.0,21406.25,18.5,26.0,True,4.75,True,0.7115384615384616,True,2.4134615384615383,True,4.115384615384615,26.0,True,4.75,True,0.7115384615384616,True,2.4134615384615383,True,4.115384615384615,25-50%
2025-05-15,up,30,325,2,0.8014184397163121,282.0,21419.5,110.25,115.75,False,0.0,False,0.0,False,0.0,False,0.0,51.5,False,0.0,False,0.0,False,0.0,False,0.0,75-100%
2025-05-16,up,180,245,1,0.277337559429477,157.75,21473.5,4.5,39.25,False,0.9808917197452229,True,0.11464968152866242,False,0.821656050955414,False,0.821656050955414,13.25,False,2.9056603773584904,True,0.33962264150943394,False,2.4339622641509435,False,2.4339622641509435,25-50%
2025-05-16,up,180,270,2,0.1069364161849711,173.0,21488.0,5.25,13.25,True,1.3584905660377358,True,0.39622641509433965,False,-1.0,False,-1.0,13.0,True,1.3846153846153846,True,0.40384615384615385,False,-1.0,False,-1.0,<25%
2025-05-16,up,180,280,3,0.0847913862718708,185.75,21495.75,10.25,5.5,True,0.0,False,-1.0,False,-1.0,False,-1.0,5.5,True,0.0,False,-1.0,False,-1.0,False,-1.0,<25%
2025-05-16,down,5,85,1,0.8213689482470785,149.75,21412.5,92.25,30.75,True,0.22764227642276422,False,-1.0,False,-1.0,False,-1.0,12.5,True,0.0,False,-1.0,False,-1.0,False,-1.0,75-100%
2025-05-16,down,5,120,2,0.8747913188647746,149.75,21425.5,105.25,25.75,True,0.4174757281553398,False,-1.0,False,-1.0,False,-1.0,21.25,True,0.5058823529411764,False,-1.0,False,-1.0,False,-1.0,75-100%
2025-05-19,up,115,135,1,0.11967361740707162,275.75,21455.5,22.5,10.5,True,8.476190476190476,True,2.142857142857143,False,-1.0,False,-1.0,9.5,True,9.368421052631579,True,2.3684210526315788,False,-1.0,False,-1.0,<25%
2025-05-19,up,115,180,2,0.10153396639883126,342.25,21541.75,2.75,32.0,True,0.0390625,False,-1.0,False,-1.0,False,-1.0,32.0,True,0.0390625,False,-1.0,False,-1.0,False,-1.0,<25%
2025-05-19,up,115,300,3,0.29510591672753833,342.25,21464.75,79.75,21.25,False,3.235294117647059,False,2.7529411764705882,False,2.7529411764705882,False,2.7529411764705882,8.0,True,2.09375,False,-1.0,False,-1.0,False,-1.0,25-50%
2025-05-20,up,10,150,1,0.1535181236673774,117.25,21467.0,5.0,13.0,True,0.5576923076923077,True,0.38461538461538464,False,-1.0,False,-1.0,13.0,True,0.5576923076923077,True,0.38461538461538464,False,-1.0,False,-1.0,<25%
2025-05-20,up,10,210,2,0.5543933054393305,119.5,21435.25,39.0,27.25,True,0.22935779816513763,False,-1.0,False,-1.0,False,-1.0,14.0,True,0.44642857142857145,False,-1.0,False,-1.0,False,-1.0,50-75%
2025-05-20,down,235,265,1,0.3389513108614232,133.5,21348.75,8.0,37.25,True,1.3624161073825503,True,0.21476510067114093,True,1.110738255033557,False,-1.0,12.5,True,4.06,True,0.64,True,3.31,False,-1.0,25-50%
2025-05-21,down,170,260,1,0.4223057644110276,399.0,21189.75,30.25,138.25,False,0.8462929475587704,True,0.21880650994575046,False,0.29475587703435807,False,0.29475587703435807,37.75,False,3.0993377483443707,True,0.8013245033112583,False,1.0794701986754967,False,1.0794701986754967,25-50%
2025-05-27,up,50,75,1,0.15180722891566265,207.5,21393.5,6.75,24.75,False,3.8383838383838382,True,0.2727272727272727,True,2.3686868686868685,False,2.9494949494949494,12.5,False,7.6,True,0.54,True,4.69,False,5.84,<25%
2025-05-27,up,50,100,2,0.051054384017758046,225.25,21414.25,3.75,7.75,False,9.580645161290322,True,0.4838709677419355,True,7.75,False,6.741935483870968,7.75,False,9.580645161290322,True,0.4838709677419355,True,7.75,False,6.741935483870968,<25%
2025-05-27,up,50,150,3,0.10975609756097561,266.5,21446.75,12.5,16.75,True,2.4925373134328357,True,0.746268656716418,False,-1.0,False,-1.0,16.75,True,2.4925373134328357,True,0.746268656716418,False,-1.0,False,-1.0,<25%
2025-05-27,up,50,220,4,0.06931530008453085,295.75,21478.5,10.0,10.5,True,0.0,False,-1.0,False,-1.0,False,-1.0,9.5,True,0.0,False,-1.0,False,-1.0,False,-1.0,<25%
2025-05-27,up,50,290,5,0.20202874049027894,295.75,21444.5,44.0,15.75,True,0.047619047619047616,False,-1.0,False,-1.0,False,-1.0,13.75,True,0.05454545454545454,False,-1.0,False,-1.0,False,-1.0,<25%
2025-05-27,up,50,320,6,0.2510566356720203,295.75,21450.5,38.0,36.25,False,0.5241379310344828,False,0.4413793103448276,False,0.4413793103448276,False,0.4413793103448276,31.75,False,0.5984251968503937,False,0.5039370078740157,False,0.5039370078740157,False,0.5039370078740157,25-50%
2025-05-28,down,25,85,1,0.36395759717314485,141.5,21437.0,11.0,40.5,True,0.012345679012345678,False,-1.0,False,-1.0,False,-1.0,23.5,True,0.0,False,-1.0,False,-1.0,False,-1.0,25-50%
2025-05-28,down,25,140,2,0.38869257950530034,141.5,21457.5,31.5,23.5,True,0.07446808510638298,False,-1.0,False,-1.0,False,-1.0,16.25,True,0.1076923076923077,False,-1.0,False,-1.0,False,-1.0,25-50%
2025-05-28,down,25,180,3,0.4558303886925795,141.5,21470.25,44.25,20.25,True,0.691358024691358,False,-1.0,False,-1.0,False,-1.0,10.25,True,1.3658536585365855,False,-1.0,False,-1.0,False,-1.0,25-50%
2025-05-28,down,25,225,4,0.5388692579505301,141.5,21475.5,49.5,26.75,True,2.7757009345794392,True,1.8504672897196262,False,-1.0,False,-1.0,20.75,True,3.5783132530120483,True,2.3855421686746987,False,-1.0,False,-1.0,50-75%
2025-05-28,down,25,305,5,0.6796992481203008,166.25,21424.25,23.0,90.0,False,0.8361111111111111,True,0.25555555555555554,True,0.7173611111111111,False,0.575,31.5,False,2.388888888888889,True,0.7301587301587301,True,2.0496031746031744,False,1.6428571428571428,50-75%
2025-05-29,down,85,165,1,0.4858085808580858,378.75,21431.0,130.0,54.0,False,2.1064814814814814,False,0.3611111111111111,False,0.3611111111111111,False,0.3611111111111111,21.25,True,0.0,False,-1.0,False,-1.0,False,-1.0,25-50%
2025-05-30,up,5,55,1,0.4931714719271624,164.75,21368.0,31.5,49.75,True,0.0,False,-1.0,False,-1.0,False,-1.0,31.25,True,0.0,False,-1.0,False,-1.0,False,-1.0,25-50%
2025-05-30,down,115,205,1,0.4367378048780488,328.0,21176.0,104.5,38.75,True,0.03225806451612903,False,-1.0,False,-1.0,False,-1.0,33.5,True,0.03731343283582089,False,-1.0,False,-1.0,False,-1.0,25-50%
2025-06-02,up,150,155,1,0.07142857142857142,238.0,21471.75,1.0,16.0,True,0.0,False,-1.0,False,-1.0,False,-1.0,16.0,True,0.0,False,-1.0,False,-1.0,False,-1.0,<25%
2025-06-02,up,150,220,2,0.2045929018789144,239.5,21461.75,12.5,36.5,False,2.2465753424657535,True,0.3424657534246575,True,1.9828767123287672,False,1.9863013698630136,25.5,False,3.215686274509804,True,0.49019607843137253,True,2.838235294117647,False,2.843137254901961,<25%
2025-06-02,up,150,235,3,0.05834829443447038,278.5,21507.75,5.5,10.75,True,0.0,False,-1.0,False,-1.0,False,-1.0,10.75,True,0.0,False,-1.0,False,-1.0,False,-1.0,<25%
2025-06-02,up,150,325,4,0.156957928802589,309.0,21534.25,9.5,39.0,False,0.0,False,0.0,False,0.0,False,0.0,32.5,False,0.0,False,0.0,False,0.0,False,0.0,<25%
2025-06-03,up,20,45,1,0.14328358208955225,167.5,21672.5,4.75,19.25,True,4.532467532467533,True,0.24675324675324675,True,2.4220779220779223,False,-1.0,16.75,True,0.8507462686567164,True,0.2835820895522388,False,-1.0,False,-1.0,<25%
2025-06-03,up,20,70,2,0.1426553672316384,177.0,21679.0,7.75,17.5,True,0.34285714285714286,False,-1.0,False,-1.0,False,-1.0,12.5,True,0.0,False,-1.0,False,-1.0,False,-1.0,<25%
2025-06-03,up,20,100,3,0.08435374149659863,183.75,21690.25,3.25,12.25,True,5.673469387755102,True,0.2653061224489796,True,4.01530612244898,False,-1.0,12.25,True,5.673469387755102,True,0.2653061224489796,True,4.01530612244898,False,-1.0,<25%
2025-06-03,up,20,135,4,0.08016877637130802,237.0,21738.5,8.25,10.75,True,1.9767441860465116,True,0.7674418604651163,False,-1.0,False,-1.0,8.5,True,2.5,True,0.9705882352941176,False,-1.0,False,-1.0,<25%
2025-06-03,up,20,160,5,0.06827731092436974,238.0,21741.0,6.75,9.5,True,1.9736842105263157,True,0.7105263157894737,False,-1.0,False,-1.0,5.25,True,3.5714285714285716,True,1.2857142857142858,False,-1.0,False,-1.0,<25%
2025-06-04,up,235,250,1,0.1111111111111111,162.0,21798.75,4.25,13.75,True,0.0,False,-1.0,False,-1.0,False,-1.0,7.25,True,0.0,False,-1.0,False,-1.0,False,-1.0,<25%
2025-06-05,down,145,195,1,0.4727767695099819,275.5,21767.0,107.5,22.75,False,11.582417582417582,True,4.725274725274725,True,7.752747252747253,True,10.780219780219781,14.5,False,18.17241379310345,True,7.413793103448276,True,12.163793103448276,True,16.913793103448278,25-50%
2025-06-05,down,145,280,2,0.40608365019011405,328.75,21616.75,10.5,123.0,False,0.9207317073170732,True,0.08536585365853659,True,0.7535569105691057,False,0.24390243902439024,69.25,False,1.635379061371841,True,0.15162454873646208,True,1.3384476534296028,False,0.4332129963898917,25-50%
2025-06-05,down,145,290,3,0.12746234067207415,431.5,21520.75,17.25,37.75,True,0.0,False,-1.0,False,-1.0,False,-1.0,37.75,True,0.0,False,-1.0,False,-1.0,False,-1.0,<25%
2025-06-06,down,130,155,1,0.2939189189189189,148.0,21749.5,27.5,16.0,True,0.0,False,-1.0,False,-1.0,False,-1.0,9.75,True,0.0,False,-1.0,False,-1.0,False,-1.0,25-50%
2025-06-06,down,130,235,2,0.964527027027027,148.0,21844.25,122.25,20.5,True,0.0,False,-1.0,False,-1.0,False,-1.0,10.0,True,0.0,False,-1.0,False,-1.0,False,-1.0,75-100%
2025-06-09,up,0,60,1,0.5553571428571429,140.0,21832.0,58.75,19.0,False,2.789473684210526,False,-0.6973684210526315,False,-0.6973684210526315,False,-0.6973684210526315,11.5,True,0.9782608695652174,False,-1.0,False,-1.0,False,-1.0,50-75%
2025-06-10,up,90,105,1,0.13016845329249618,163.25,21895.5,10.5,10.75,True,3.302325581395349,True,0.9767441860465116,False,-1.0,False,-1.0,7.5,True,4.733333333333333,True,1.4,False,-1.0,False,-1.0,<25%
2025-06-10,up,90,140,2,0.14407988587731813,175.25,21911.5,6.5,18.75,True,1.04,True,0.3466666666666667,False,-1.0,False,-1.0,12.75,True,0.21568627450980393,False,-1.0,False,-1.0,False,-1.0,<25%
2025-06-10,up,90,245,3,0.5856573705179283,188.25,21885.75,45.25,65.0,False,1.6384615384615384,True,0.6961538461538461,True,1.4201923076923078,False,1.2115384615384615,5.5,False,19.363636363636363,True,8.227272727272727,True,16.78409090909091,False,14.318181818181818,50-75%
2025-06-11,up,0,10,1,0.14629629629629629,135.0,22046.0,4.75,15.0,True,1.35,True,0.31666666666666665,False,-1.0,False,-1.0,15.0,True,1.35,True,0.31666666666666665,False,-1.0,False,-1.0,<25%
2025-06-11,down,210,220,1,0.28085106382978725,235.0,21834.75,3.5,62.5,True,0.704,True,0.056,False,-1.0,False,-1.0,56.75,True,0.775330396475771,True,0.06167400881057269,False,-1.0,False,-1.0,25-50%
2025-06-11,down,210,285,2,0.4482758620689655,275.5,21836.25,45.5,78.0,False,0.15384615384615385,False,-0.6602564102564102,False,-0.6602564102564102,False,-0.6602564102564102,32.25,True,0.0,False,-1.0,False,-1.0,False,-1.0,25-50%
2025-06-13,up,55,140,1,0.23554153522607782,237.75,21826.5,28.25,27.75,True,0.6126126126126126,False,-1.0,False,-1.0,False,-1.0,27.0,True,0.6296296296296297,False,-1.0,False,-1.0,False,-1.0,<25%
2025-06-13,up,55,200,2,0.4416403785488959,237.75,21792.0,62.75,42.25,True,0.03550295857988166,False,-1.0,False,-1.0,False,-1.0,27.25,True,0.05504587155963303,False,-1.0,False,-1.0,False,-1.0,25-50%
2025-06-16,up,0,40,1,0.18417639429312582,192.75,22201.5,5.25,30.25,True,0.6776859504132231,True,0.17355371900826447,False,-1.0,False,-1.0,11.0,True,1.7727272727272727,True,0.4772727272727273,False,-1.0,False,-1.0,<25%
2025-06-16,up,0,175,2,0.37740384615384615,208.0,22195.5,26.5,52.0,True,0.3125,False,-1.0,False,-1.0,False,-1.0,17.0,True,0.9558823529411765,False,-1.0,False,-1.0,False,-1.0,25-50%
2025-06-16,up,0,260,3,0.40865384615384615,208.0,22163.0,59.0,26.0,False,0.8173076923076923,False,0.5,False,0.5,False,0.5,26.0,False,0.8173076923076923,False,0.5,False,0.5,False,0.5,25-50%
2025-06-17,down,175,190,1,0.4113597246127367,145.25,22005.0,15.25,44.5,False,2.146067415730337,True,0.34269662921348315,True,1.1587078651685394,True,1.9747191011235956,34.75,False,2.7482014388489207,True,0.43884892086330934,True,1.4838129496402879,True,2.528776978417266,25-50%
2025-06-17,down,175,205,2,0.24066924066924067,194.25,21962.25,21.5,25.25,True,2.089108910891089,True,0.8514851485148515,False,-1.0,False,-1.0,25.25,True,2.089108910891089,True,0.8514851485148515,False,-1.0,False,-1.0,<25%
2025-06-17,down,175,230,3,0.24372759856630824,209.25,21939.0,13.25,37.75,True,0.7814569536423841,True,0.3509933774834437,False,-1.0,False,-1.0,18.25,True,1.2328767123287672,True,0.726027397260274,False,-1.0,False,-1.0,<25%
2025-06-17,down,175,325,4,0.42350332594235035,225.5,21956.5,47.0,48.5,False,0.0,False,-0.0,False,-0.0,False,-0.0,19.25,False,0.0,False,-0.0,False,-0.0,False,-0.0,25-50%
2025-06-18,up,0,80,1,0.35714285714285715,171.5,22076.0,21.75,39.5,True,0.0,False,-1.0,False,-1.0,False,-1.0,22.5,True,0.0,False,-1.0,False,-1.0,False,-1.0,25-50%
2025-06-18,up,0,240,2,0.922740524781341,171.5,22049.5,48.25,110.0,True,0.15681818181818183,False,-1.0,False,-1.0,False,-1.0,53.5,True,0.0,False,-1.0,False,-1.0,False,-1.0,75-100%
2025-06-18,down,265,295,1,0.6078886310904872,215.5,21922.25,40.0,91.0,False,0.1346153846153846,False,-0.29395604395604397,False,-0.29395604395604397,False,-0.29395604395604397,74.75,True,0.16387959866220736,False,-1.0,False,-1.0,False,-1.0,50-75%
2025-06-20,down,10,80,1,0.4118476727785614,354.5,21856.75,80.75,65.25,False,1.4061302681992338,True,1.2375478927203065,False,0.21455938697318008,False,0.21455938697318008,55.75,True,0.42152466367713004,False,-1.0,False,-1.0,False,-1.0,25-50%
2025-06-20,down,10,260,2,0.37209302325581395,365.5,21856.25,91.25,44.75,False,1.3966480446927374,False,0.3016759776536313,False,0.3016759776536313,False,0.3016759776536313,12.5,False,5.0,False,1.08,False,1.08,False,1.08,25-50%
2025-06-23,up,175,210,1,0.14438884917798428,349.75,22070.75,17.25,33.25,True,0.44360902255639095,False,-1.0,False,-1.0,False,-1.0,24.0,True,0.6145833333333334,False,-1.0,False,-1.0,False,-1.0,<25%
2025-06-23,up,175,270,2,0.1908506075768406,349.75,22054.5,33.5,33.25,False,1.1578947368421053,True,1.0075187969924813,False,0.5488721804511278,False,0.5488721804511278,23.25,True,0.11827956989247312,False,-1.0,False,-1.0,False,-1.0,<25%
2025-06-24,up,10,40,1,0.1875,100.0,22353.75,6.25,12.5,False,7.56,True,0.5,True,2.5,True,4.5,12.5,False,7.56,True,0.5,True,2.5,True,4.5,<25%
2025-06-24,up,10,215,2,0.08866279069767442,172.0,22425.25,6.75,8.5,True,0.0,False,-1.0,False,-1.0,False,-1.0,8.5,True,0.0,False,-1.0,False,-1.0,False,-1.0,<25%
2025-06-24,up,10,245,3,0.13953488372093023,172.0,22421.75,10.25,13.75,True,1.9272727272727272,True,0.7454545454545455,False,-1.0,False,-1.0,11.5,True,2.3043478260869565,True,0.8913043478260869,False,-1.0,False,-1.0,<25%
2025-06-24,up,10,315,4,0.199203187250996,188.25,22427.75,20.5,17.0,True,0.29411764705882354,False,-1.0,False,-1.0,False,-1.0,17.0,True,0.29411764705882354,False,-1.0,False,-1.0,False,-1.0,<25%
2025-06-25,down,35,45,1,0.1937046004842615,103.25,22454.5,9.5,10.5,True,0.8571428571428571,False,-1.0,False,-1.0,False,-1.0,10.5,True,0.8571428571428571,False,-1.0,False,-1.0,False,-1.0,<25%
2025-06-25,down,35,85,2,0.2830188679245283,119.25,22444.0,15.0,18.75,True,1.8133333333333332,True,0.8,False,-1.0,False,-1.0,18.75,True,1.8133333333333332,True,0.8,False,-1.0,False,-1.0,25-50%
2025-06-25,down,35,120,3,0.181640625,128.0,22431.25,11.0,12.25,True,1.7346938775510203,True,0.8979591836734694,False,-1.0,False,-1.0,12.25,True,1.7346938775510203,True,0.8979591836734694,False,-1.0,False,-1.0,<25%
2025-06-25,down,35,205,4,0.29577464788732394,159.75,22412.25,23.75,23.5,True,0.43617021276595747,False,-1.0,False,-1.0,False,-1.0,4.0,True,0.0,False,-1.0,False,-1.0,False,-1.0,25-50%
2025-06-26,up,0,30,1,0.33608247422680415,121.25,22582.5,14.75,26.0,True,1.125,True,0.5673076923076923,False,-1.0,False,-1.0,14.5,True,2.0172413793103448,True,1.0172413793103448,False,-1.0,False,-1.0,25-50%
2025-06-26,up,0,150,2,0.22966507177033493,156.75,22617.75,15.0,21.0,False,3.630952380952381,True,0.7142857142857143,True,2.580357142857143,False,2.642857142857143,20.25,False,3.765432098765432,True,0.7407407407407407,True,2.675925925925926,False,2.740740740740741,<25%
2025-06-26,up,0,210,3,0.10085227272727272,176.0,22645.75,6.25,11.5,False,4.195652173913044,True,0.5434782608695652,False,2.391304347826087,False,2.391304347826087,11.5,False,4.195652173913044,True,0.5434782608695652,False,2.391304347826087,False,2.391304347826087,<25%
2025-06-26,up,0,290,4,0.16350710900473933,211.0,22675.5,11.5,23.0,False,0.8043478260869565,True,0.5,False,-0.09782608695652174,False,-0.09782608695652174,10.5,True,0.40476190476190477,False,-1.0,False,-1.0,False,-1.0,<25%
2025-06-30,up,290,300,1,0.24390243902439024,112.75,22881.25,12.5,15.0,True,0.0,False,-1.0,False,-1.0,False,-1.0,15.0,True,0.0,False,-1.0,False,-1.0,False,-1.0,<25%
2025-07-01,down,0,265,1,0.6610837438423646,253.75,22702.5,108.0,59.75,False,0.9246861924686193,False,0.1589958158995816,False,0.1589958158995816,False,0.1589958158995816,26.0,True,2.125,False,-1.0,False,-1.0,False,-1.0,50-75%
2025-07-02,up,0,105,1,0.25095541401273885,196.25,22834.25,13.25,36.0,False,0.5486111111111112,True,0.3680555555555556,False,0.2847222222222222,False,0.2847222222222222,17.25,True,0.8115942028985508,True,0.7681159420289855,False,-1.0,False,-1.0,25-50%
2025-07-02,up,0,195,2,0.2017766497461929,197.0,22824.75,23.5,16.25,False,1.8,True,1.4461538461538461,False,1.2153846153846153,False,1.2153846153846153,16.25,False,1.8,True,1.4461538461538461,False,1.2153846153846153,False,1.2153846153846153,<25%
2025-07-02,up,0,320,3,0.19801980198019803,202.0,22846.25,7.0,33.0,False,0.23484848484848486,True,0.21212121212121213,False,-0.05303030303030303,False,-0.05303030303030303,28.25,False,0.2743362831858407,True,0.24778761061946902,False,-0.061946902654867256,False,-0.061946902654867256,<25%
2025-07-07,down,25,135,1,0.6302083333333334,144.0,22872.0,38.5,52.25,True,0.4258373205741627,False,-1.0,False,-1.0,False,-1.0,23.75,True,0.9368421052631579,False,-1.0,False,-1.0,False,-1.0,50-75%
2025-07-07,down,25,185,2,0.6701388888888888,144.0,22867.25,33.75,62.75,False,1.3944223107569722,True,0.5378486055776892,True,1.1115537848605577,False,-0.2549800796812749,17.5,True,5.0,True,1.9285714285714286,True,3.9857142857142858,False,-1.0,50-75%
2025-07-08,up,110,170,1,0.7145790554414785,121.75,22907.0,55.75,31.25,True,1.144,False,-1.0,False,-1.0,False,-1.0,27.25,True,1.311926605504587,False,-1.0,False,-1.0,False,-1.0,50-75%
2025-07-09,down,10,40,1,0.13821138211382114,184.5,22941.0,13.5,12.0,True,1.7708333333333333,True,1.125,False,-1.0,False,-1.0,12.0,True,1.7708333333333333,True,1.125,False,-1.0,False,-1.0,<25%
2025-07-09,down,10,160,2,0.4616384915474642,192.25,22974.0,54.25,34.5,True,0.36231884057971014,False,-1.0,False,-1.0,False,-1.0,21.0,True,0.2261904761904762,False,-1.0,False,-1.0,False,-1.0,25-50%
2025-07-11,up,150,165,1,0.1056782334384858,158.5,23014.25,7.25,9.5,True,0.0,False,-1.0,False,-1.0,False,-1.0,8.25,True,0.0,False,-1.0,False,-1.0,False,-1.0,<25%
2025-07-11,up,150,240,2,0.38801261829652994,158.5,23008.75,12.75,48.75,True,0.20512820512820512,False,-1.0,False,-1.0,False,-1.0,12.75,True,0.7843137254901961,False,-1.0,False,-1.0,False,-1.0,25-50%
2025-07-14,up,25,55,1,0.1622746185852982,180.25,23011.75,10.75,18.5,True,0.21621621621621623,False,-1.0,False,-1.0,False,-1.0,17.25,True,0.2318840579710145,False,-1.0,False,-1.0,False,-1.0,<25%
2025-07-14,up,25,135,2,0.13101604278074866,187.0,23027.75,1.5,23.0,False,1.684782608695652,True,0.06521739130434782,False,0.2826086956521739,False,0.2826086956521739,15.75,False,2.4603174603174605,True,0.09523809523809523,False,0.4126984126984127,False,0.4126984126984127,<25%
2025-07-14,up,25,260,3,0.13712374581939799,224.25,23057.75,8.75,22.0,True,0.10227272727272728,False,-1.0,False,-1.0,False,-1.0,11.0,True,0.20454545454545456,False,-1.0,False,-1.0,False,-1.0,<25%
2025-07-15,down,25,95,1,0.6706114398422091,126.75,23141.0,45.0,40.0,False,2.275,True,1.125,True,1.9171875,False,2.21875,27.0,True,2.1481481481481484,True,1.6666666666666667,False,-1.0,False,-1.0,50-75%
2025-07-15,down,25,245,2,0.6940966010733453,139.75,23155.5,72.5,24.5,False,4.3061224489795915,True,2.9591836734693877,False,4.214285714285714,False,4.214285714285714,13.25,False,7.962264150943396,True,5.471698113207547,False,7.7924528301886795,False,7.7924528301886795,50-75%
2025-07-15,down,25,295,3,0.14310344827586208,145.0,23088.25,10.5,10.25,True,0.6341463414634146,False,-1.0,False,-1.0,False,-1.0,10.25,True,0.6341463414634146,False,-1.0,False,-1.0,False,-1.0,<25%
2025-07-16,up,310,315,1,0.062381852551984876,264.5,23094.25,5.75,10.75,True,0.0,False,-1.0,False,-1.0,False,-1.0,10.75,True,0.0,False,-1.0,False,-1.0,False,-1.0,<25%
2025-07-17,up,15,40,1,0.11079943899018233,178.25,23236.5,7.5,12.25,True,0.0,False,-1.0,False,-1.0,False,-1.0,12.25,True,0.0,False,-1.0,False,-1.0,False,-1.0,<25%
2025-07-17,up,15,135,2,0.1403091557669441,210.25,23261.0,15.0,14.5,True,0.29310344827586204,False,-1.0,False,-1.0,False,-1.0,11.75,True,0.3617021276595745,False,-1.0,False,-1.0,False,-1.0,<25%
2025-07-17,up,15,205,3,0.16884661117717004,210.25,23275.25,0.75,34.75,True,0.12949640287769784,True,0.02158273381294964,False,-1.0,False,-1.0,13.75,True,0.0,False,-1.0,False,-1.0,False,-1.0,<25%
2025-07-18,down,150,200,1,0.3677536231884058,138.0,23193.75,21.75,29.0,True,0.1896551724137931,False,-1.0,False,-1.0,False,-1.0,12.0,True,0.4583333333333333,False,-1.0,False,-1.0,False,-1.0,25-50%
2025-07-18,down,150,270,2,0.39855072463768115,138.0,23200.0,28.0,27.0,True,0.027777777777777776,False,-1.0,False,-1.0,False,-1.0,9.25,True,0.0,False,-1.0,False,-1.0,False,-1.0,25-50%
2025-07-21,up,180,230,1,0.1337295690936107,168.25,23414.75,8.75,13.75,True,0.05454545454545454,False,-1.0,False,-1.0,False,-1.0,8.5,True,0.08823529411764706,False,-1.0,False,-1.0,False,-1.0,<25%
2025-07-24,up,160,200,1,0.312625250501002,124.75,23397.5,25.5,13.5,True,0.0,False,-1.0,False,-1.0,False,-1.0,4.5,True,0.0,False,-1.0,False,-1.0,False,-1.0,25-50%
2025-07-24,up,160,210,2,0.33867735470941884,124.75,23398.25,24.75,17.5,True,1.3571428571428572,False,-1.0,False,-1.0,False,-1.0,15.25,True,1.5573770491803278,False,-1.0,False,-1.0,False,-1.0,25-50%
2025-07-24,up,160,290,3,0.3727454909819639,124.75,23419.25,3.75,42.75,True,0.12280701754385964,True,0.08771929824561403,False,-1.0,False,-1.0,11.25,True,0.0,False,-1.0,False,-1.0,False,-1.0,25-50%
2025-07-25,up,55,80,1,0.27411167512690354,98.5,23421.0,8.25,18.75,False,2.933333333333333,True,0.44,True,1.7533333333333334,False,0.08,5.5,True,10.0,True,1.5,True,5.9772727272727275,False,-1.0,25-50%
2025-07-25,up,55,180,2,0.3029259896729776,145.25,23452.0,24.0,20.0,True,0.15,False,-1.0,False,-1.0,False,-1.0,7.0,True,0.42857142857142855,False,-1.0,False,-1.0,False,-1.0,25-50%
2025-07-25,up,55,220,3,0.35800344234079173,145.25,23445.25,30.75,21.25,True,0.6823529411764706,False,-1.0,False,-1.0,False,-1.0,9.5,True,1.5263157894736843,False,-1.0,False,-1.0,False,-1.0,25-50%
2025-07-28,down,45,165,1,0.7859078590785907,92.25,23464.0,27.25,45.25,False,0.5303867403314917,False,-0.6132596685082873,False,-0.6132596685082873,False,-0.6132596685082873,21.25,True,0.25882352941176473,False,-1.0,False,-1.0,False,-1.0,75-100%
2025-07-29,down,20,30,1,0.2028985507246377,138.0,23519.75,5.25,22.75,False,4.329670329670329,True,0.23076923076923078,True,1.7472527472527473,True,3.2637362637362637,22.75,False,4.329670329670329,True,0.23076923076923078,True,1.7472527472527473,True,3.2637362637362637,<25%
2025-07-29,down,20,40,2,0.16695352839931152,145.25,23510.75,3.5,20.75,False,4.313253012048193,True,0.1686746987951807,True,1.9186746987951808,True,3.6686746987951806,20.75,False,4.313253012048193,True,0.1686746987951807,True,1.9186746987951808,True,3.6686746987951806,<25%
2025-07-29,down,20,125,3,0.38039673278879815,214.25,23454.5,16.25,65.25,True,0.034482758620689655,False,-1.0,False,-1.0,False,-1.0,21.25,True,0.0,False,-1.0,False,-1.0,False,-1.0,25-50%
2025-07-29,down,20,175,4,0.40840140023337224,214.25,23506.25,68.0,19.5,False,4.358974358974359,True,3.4871794871794872,False,2.5256410256410255,False,2.5256410256410255,19.5,False,4.358974358974359,True,3.4871794871794872,False,2.5256410256410255,False,2.5256410256410255,25-50%
2025-07-30,up,20,185,1,0.2883116883116883,96.25,23542.5,4.5,23.25,True,0.3655913978494624,True,0.1935483870967742,False,-1.0,False,-1.0,11.75,True,0.723404255319149,True,0.3829787234042553,False,-1.0,False,-1.0,25-50%
2025-07-30,up,20,215,2,0.286697247706422,109.0,23543.75,16.0,15.25,True,3.0,True,1.0491803278688525,True,2.8360655737704916,False,-1.0,15.25,True,3.0,True,1.0491803278688525,True,2.8360655737704916,False,-1.0,25-50%
2025-07-31,down,15,50,1,0.1702325581395349,268.75,23496.75,13.5,32.25,True,0.0,False,-1.0,False,-1.0,False,-1.0,32.25,True,0.0,False,-1.0,False,-1.0,False,-1.0,<25%
2025-07-31,down,15,140,2,0.49767441860465117,268.75,23577.0,93.75,40.0,False,6.7875,True,2.34375,True,4.0234375,True,5.703125,5.0,False,54.3,True,18.75,True,32.1875,True,45.625,25-50%
2025-07-31,down,15,210,3,0.13824289405684753,387.0,23387.5,22.5,31.0,True,2.6451612903225805,True,0.7258064516129032,False,-1.0,False,-1.0,31.0,True,2.6451612903225805,True,0.7258064516129032,False,-1.0,False,-1.0,<25%
2025-07-31,down,15,320,4,0.35890257558790595,446.5,23325.25,19.75,140.5,False,0.09074733096085409,False,-0.20640569395017794,False,-0.20640569395017794,False,-0.20640569395017794,60.25,False,0.21161825726141079,False,-0.48132780082987553,False,-0.48132780082987553,False,-0.48132780082987553,25-50%
2025-08-04,up,105,120,1,0.08255659121171771,187.75,23269.25,7.25,8.25,True,0.6666666666666666,False,-1.0,False,-1.0,False,-1.0,8.25,True,0.6666666666666666,False,-1.0,False,-1.0,False,-1.0,<25%
2025-08-04,up,105,170,2,0.05747126436781609,195.75,23284.0,0.5,10.75,True,0.11627906976744186,True,0.046511627906976744,False,-1.0,False,-1.0,10.75,True,0.11627906976744186,True,0.046511627906976744,False,-1.0,False,-1.0,<25%
2025-08-04,up,105,290,3,0.10851808634772463,214.25,23284.75,18.25,5.0,True,0.0,False,-1.0,False,-1.0,False,-1.0,5.0,True,0.0,False,-1.0,False,-1.0,False,-1.0,<25%
2025-08-04,up,105,320,4,0.2322053675612602,214.25,23290.25,12.75,37.0,False,0.4594594594594595,True,0.34459459459459457,False,0.17567567567567569,False,0.17567567567567569,25.25,False,0.6732673267326733,True,0.504950495049505,False,0.25742574257425743,False,0.25742574257425743,<25%
2025-08-05,down,0,130,1,0.39383259911894275,283.75,23169.5,56.0,55.75,True,0.5829596412556054,False,-1.0,False,-1.0,False,-1.0,25.5,True,1.2745098039215685,False,-1.0,False,-1.0,False,-1.0,25-50%
2025-08-05,down,0,225,2,0.4881057268722467,283.75,23193.5,80.0,58.5,False,1.3418803418803418,False,1.0256410256410255,False,1.0256410256410255,False,1.0256410256410255,30.0,False,2.6166666666666667,False,2.0,False,2.0,False,2.0,25-50%
2025-08-06,up,35,105,1,0.09936575052854123,236.5,23381.75,3.25,20.25,True,0.19753086419753085,True,0.16049382716049382,False,-1.0,False,-1.0,14.0,True,0.0,False,-1.0,False,-1.0,False,-1.0,<25%
2025-08-06,up,35,135,2,0.18153526970954356,241.0,23372.5,17.0,26.75,False,2.7196261682242993,True,0.6355140186915887,False,1.9532710280373833,False,1.9532710280373833,26.75,False,2.7196261682242993,True,0.6355140186915887,False,1.9532710280373833,False,1.9532710280373833,<25%
2025-08-06,up,35,210,3,0.13306451612903225,248.0,23394.5,2.0,31.0,False,1.6370967741935485,True,0.06451612903225806,False,0.9758064516129032,False,0.9758064516129032,24.0,False,2.1145833333333335,True,0.08333333333333333,False,1.2604166666666667,False,1.2604166666666667,<25%
2025-08-06,up,35,270,4,0.08718395815170009,286.75,23428.75,6.5,18.5,True,0.8918918918918919,True,0.35135135135135137,False,-1.0,False,-1.0,15.75,True,0.015873015873015872,False,-1.0,False,-1.0,False,-1.0,<25%
2025-08-07,down,25,40,1,0.24496124031007752,161.25,23525.0,15.25,24.25,True,0.0,False,-1.0,False,-1.0,False,-1.0,24.25,True,0.0,False,-1.0,False,-1.0,False,-1.0,<25%
2025-08-07,down,25,70,2,0.1977077363896848,174.5,23509.0,12.5,22.0,False,8.181818181818182,True,0.5681818181818182,True,2.5511363636363638,True,4.534090909090909,10.0,True,3.2,True,1.25,False,-1.0,False,-1.0,<25%
2025-08-07,down,25,95,3,0.15808383233532936,208.75,23477.0,14.75,18.25,True,0.0,False,-1.0,False,-1.0,False,-1.0,18.25,True,0.0,False,-1.0,False,-1.0,False,-1.0,<25%
2025-08-07,down,25,125,4,0.254739336492891,211.0,23468.0,8.0,45.75,False,3.0382513661202184,True,0.17486338797814208,True,1.3278688524590163,True,2.480874316939891,35.75,True,3.888111888111888,True,0.22377622377622378,True,1.6993006993006994,True,3.174825174825175,25-50%
2025-08-07,down,25,175,5,0.3487544483985765,281.0,23408.5,18.5,79.5,True,1.0,True,0.23270440251572327,False,-1.0,False,-1.0,49.5,True,1.606060606060606,True,0.37373737373737376,False,-1.0,False,-1.0,25-50%
2025-08-07,down,25,250,6,0.1600877192982456,342.0,23350.75,21.75,33.0,True,0.03787878787878788,False,-1.0,False,-1.0,False,-1.0,24.5,True,0.0,False,-1.0,False,-1.0,False,-1.0,<25%
2025-08-08,up,0,85,1,0.5260115606936416,173.0,23680.5,22.5,68.5,False,0.635036496350365,True,0.3284671532846715,False,0.49635036496350365,False,0.49635036496350365,16.0,True,1.6875,True,1.40625,False,-1.0,False,-1.0,50-75%
2025-08-08,up,0,185,2,0.2943661971830986,177.5,23683.0,24.5,27.75,False,1.4774774774774775,True,0.8828828828828829,False,1.135135135135135,False,1.135135135135135,8.5,False,4.823529411764706,True,2.8823529411764706,False,3.7058823529411766,False,3.7058823529411766,25-50%
2025-08-08,up,0,240,3,0.17654639175257733,194.0,23715.0,9.0,25.25,True,0.2376237623762376,False,-1.0,False,-1.0,False,-1.0,8.75,True,0.0,False,-1.0,False,-1.0,False,-1.0,<25%
2025-08-11,up,95,150,1,0.5757575757575758,123.75,23745.5,59.0,12.25,True,0.6122448979591837,False,-1.0,False,-1.0,False,-1.0,11.5,True,0.6521739130434783,False,-1.0,False,-1.0,False,-1.0,50-75%
2025-08-11,down,230,275,1,0.26991869918699185,153.75,23677.75,27.0,14.5,False,6.224137931034483,True,1.8620689655172413,True,4.512931034482759,False,2.706896551724138,5.5,True,0.0,False,-1.0,False,-1.0,False,-1.0,25-50%
2025-08-12,up,35,50,1,0.07628004179728318,239.25,23850.75,10.5,7.75,True,0.0,False,-1.0,False,-1.0,False,-1.0,7.75,True,0.0,False,-1.0,False,-1.0,False,-1.0,<25%
2025-08-12,up,35,65,2,0.1671891327063741,239.25,23855.5,5.75,34.25,False,2.759124087591241,True,0.1678832116788321,True,1.9142335766423357,False,2.3065693430656933,16.0,False,5.90625,True,0.359375,True,4.09765625,False,4.9375,<25%
2025-08-12,up,35,180,3,0.08744588744588745,288.75,23906.5,4.25,21.0,False,2.0714285714285716,True,0.20238095238095238,False,1.3333333333333333,False,1.3333333333333333,21.0,False,2.0714285714285716,True,0.20238095238095238,False,1.3333333333333333,False,1.3333333333333333,<25%
2025-08-12,up,35,215,4,0.040033361134278564,299.75,23915.75,6.0,6.0,True,0.0,False,-1.0,False,-1.0,False,-1.0,6.0,True,0.0,False,-1.0,False,-1.0,False,-1.0,<25%
2025-08-12,up,35,220,5,0.045871559633027525,299.75,23918.0,3.75,10.0,True,1.475,True,0.375,False,-1.0,False,-1.0,10.0,True,1.475,True,0.375,False,-1.0,False,-1.0,<25%
2025-08-12,up,35,260,6,0.08688656476267095,310.75,23912.25,20.5,6.5,True,0.0,False,-1.0,False,-1.0,False,-1.0,4.5,True,0.0,False,-1.0,False,-1.0,False,-1.0,<25%
2025-08-12,up,35,285,7,0.09814963797264682,310.75,23915.75,17.0,13.5,False,2.537037037037037,True,1.2592592592592593,False,1.3888888888888888,False,1.3888888888888888,10.5,False,3.261904761904762,True,1.619047619047619,False,1.7857142857142858,False,1.7857142857142858,<25%
2025-08-13,down,30,80,1,0.37446808510638296,176.25,23925.25,33.0,33.0,True,1.1893939393939394,True,1.0,False,-1.0,False,-1.0,25.75,True,1.5242718446601942,True,1.2815533980582525,False,-1.0,False,-1.0,25-50%
2025-08-13,down,30,145,2,0.1136986301369863,182.5,23899.25,13.25,7.5,True,0.0,False,-1.0,False,-1.0,False,-1.0,7.5,True,0.0,False,-1.0,False,-1.0,False,-1.0,<25%
2025-08-13,down,30,180,3,0.33835616438356164,182.5,23903.75,17.75,44.0,True,0.06818181818181818,False,-1.0,False,-1.0,False,-1.0,44.0,True,0.06818181818181818,False,-1.0,False,-1.0,False,-1.0,25-50%
2025-08-13,down,30,230,4,0.37397260273972605,182.5,23933.5,47.5,20.75,True,2.2289156626506026,False,-1.0,False,-1.0,False,-1.0,5.5,True,8.409090909090908,False,-1.0,False,-1.0,False,-1.0,25-50%
2025-08-15,down,70,255,1,0.6402266288951841,176.5,23800.75,66.25,46.75,False,0.5347593582887701,False,-0.11229946524064172,False,-0.11229946524064172,False,-0.11229946524064172,13.5,True,0.0,False,-1.0,False,-1.0,False,-1.0,50-75%
2025-08-19,down,5,80,1,0.29296875,256.0,23562.5,48.0,27.0,False,5.055555555555555,True,1.7777777777777777,True,4.148148148148148,False,3.4166666666666665,10.75,True,0.8372093023255814,False,-1.0,False,-1.0,False,-1.0,25-50%
2025-08-19,down,5,140,2,0.12331081081081081,296.0,23488.75,14.25,22.25,True,1.9662921348314606,True,0.6404494382022472,False,-1.0,False,-1.0,22.25,True,1.9662921348314606,True,0.6404494382022472,False,-1.0,False,-1.0,<25%
2025-08-19,down,5,210,3,0.22196620583717358,325.5,23477.0,32.0,40.25,False,1.2670807453416149,True,0.7950310559006211,False,0.16770186335403728,False,0.16770186335403728,31.0,False,1.6451612903225807,True,1.032258064516129,False,0.21774193548387097,False,0.21774193548387097,<25%
2025-08-19,down,5,315,4,0.14005805515239478,344.5,23460.25,34.25,14.0,True,1.7321428571428572,False,-1.0,False,-1.0,False,-1.0,14.0,True,1.7321428571428572,False,-1.0,False,-1.0,False,-1.0,<25%
2025-08-20,down,15,200,1,0.7065491183879093,397.0,23282.0,247.0,33.5,True,2.716417910447761,False,-1.0,False,-1.0,False,-1.0,15.5,True,5.870967741935484,False,-1.0,False,-1.0,False,-1.0,50-75%
2025-08-21,down,160,295,1,0.5943293347873501,229.25,23236.5,117.5,18.75,False,1.76,False,1.0133333333333334,False,1.0133333333333334,False,1.0133333333333334,18.75,False,1.76,False,1.0133333333333334,False,1.0133333333333334,False,1.0133333333333334,50-75%
2025-08-22,up,30,60,1,0.10123734533183353,444.5,23639.25,10.75,34.25,True,0.1897810218978102,False,-1.0,False,-1.0,False,-1.0,19.0,True,0.0,False,-1.0,False,-1.0,False,-1.0,<25%
2025-08-22,up,30,150,2,0.3211473565804274,444.5,23554.25,95.75,47.0,False,1.5053191489361701,False,0.22872340425531915,False,0.22872340425531915,False,0.22872340425531915,26.5,False,2.669811320754717,False,0.4056603773584906,False,0.4056603773584906,False,0.4056603773584906,25-50%
2025-08-25,up,15,95,1,0.11705202312138728,173.0,23605.5,10.75,9.5,True,0.6052631578947368,False,-1.0,False,-1.0,False,-1.0,6.25,True,0.0,False,-1.0,False,-1.0,False,-1.0,<25%
2025-08-25,up,15,130,2,0.15895953757225434,173.0,23606.75,9.5,18.0,True,0.3333333333333333,False,-1.0,False,-1.0,False,-1.0,10.5,True,0.5714285714285714,False,-1.0,False,-1.0,False,-1.0,<25%
2025-08-25,up,15,275,3,0.3916184971098266,173.0,23568.25,48.0,19.75,True,0.26582278481012656,False,-1.0,False,-1.0,False,-1.0,17.75,True,0.29577464788732394,False,-1.0,False,-1.0,False,-1.0,25-50%
2025-08-26,up,105,235,1,0.5992292870905588,129.75,23539.0,17.75,60.0,False,1.0166666666666666,True,0.29583333333333334,True,0.8364583333333333,False,0.8,8.5,False,7.176470588235294,True,2.088235294117647,True,5.904411764705882,False,5.647058823529412,50-75%
2025-08-26,up,105,295,2,0.1510673234811166,152.25,23567.75,11.5,11.5,True,0.8913043478260869,False,-1.0,False,-1.0,False,-1.0,11.5,True,0.8913043478260869,False,-1.0,False,-1.0,False,-1.0,<25%
2025-08-26,up,105,325,3,0.14739884393063585,173.0,23587.0,13.0,12.5,False,0.0,False,0.0,False,0.0,False,0.0,12.5,False,0.0,False,0.0,False,0.0,False,0.0,<25%
2025-08-27,up,5,65,1,0.27766990291262134,128.75,23605.5,10.75,25.0,True,0.0,False,-1.0,False,-1.0,False,-1.0,12.5,True,0.0,False,-1.0,False,-1.0,False,-1.0,25-50%
2025-08-27,up,5,130,2,0.6195462478184991,143.25,23570.75,60.0,28.75,False,3.017391304347826,True,2.0869565217391304,False,1.7217391304347827,False,1.7217391304347827,12.0,True,7.229166666666667,True,5.0,False,-1.0,False,-1.0,50-75%
2025-08-27,up,5,230,3,0.0661764705882353,170.0,23653.0,4.5,6.75,True,0.14814814814814814,False,-1.0,False,-1.0,False,-1.0,6.75,True,0.14814814814814814,False,-1.0,False,-1.0,False,-1.0,<25%
2025-08-28,up,115,140,1,0.18604651162790697,193.5,23759.0,7.0,29.0,True,0.0,False,-1.0,False,-1.0,False,-1.0,11.25,True,0.0,False,-1.0,False,-1.0,False,-1.0,<25%
2025-08-28,up,115,175,2,0.22609819121447028,193.5,23761.75,4.25,39.5,False,1.0632911392405062,True,0.10759493670886076,False,0.12658227848101267,False,0.12658227848101267,18.75,False,2.24,True,0.22666666666666666,False,0.26666666666666666,False,0.26666666666666666,<25%
2025-08-28,up,115,185,3,0.08094645080946451,200.75,23762.25,11.0,5.25,False,7.904761904761905,True,2.0952380952380953,False,0.8571428571428571,False,0.8571428571428571,5.25,False,7.904761904761905,True,2.0952380952380953,False,0.8571428571428571,False,0.8571428571428571,<25%
2025-08-28,up,115,310,4,0.12637362637362637,227.5,23788.25,11.75,17.0,True,0.9117647058823529,True,0.6911764705882353,False,-1.0,False,-1.0,6.75,True,1.5555555555555556,False,-1.0,False,-1.0,False,-1.0,<25%
2025-08-29,down,160,295,1,0.3234750462107209,270.5,23463.5,66.0,21.5,True,0.8837209302325582,False,-1.0,False,-1.0,False,-1.0,9.0,True,0.0,False,-1.0,False,-1.0,False,-1.0,25-50%
2025-08-29,down,160,320,2,0.3613678373382625,270.5,23429.25,31.75,66.0,False,0.04924242424242424,False,-0.6704545454545454,False,-0.6704545454545454,False,-0.6704545454545454,54.25,False,0.059907834101382486,False,-0.815668202764977,False,-0.815668202764977,False,-0.815668202764977,25-50%
2025-09-03,up,0,95,1,0.8051529790660226,155.25,23433.0,92.25,32.75,True,0.9465648854961832,False,-1.0,False,-1.0,False,-1.0,24.5,True,1.2653061224489797,False,-1.0,False,-1.0,False,-1.0,75-100%
2025-09-03,up,0,160,2,0.8615136876006442,155.25,23445.25,80.0,53.75,True,0.3116279069767442,False,-1.0,False,-1.0,False,-1.0,16.5,True,1.0151515151515151,False,-1.0,False,-1.0,False,-1.0,75-100%
2025-09-03,down,205,225,1,0.17076326002587322,193.25,23341.5,9.5,23.5,True,0.9893617021276596,True,0.40425531914893614,False,-1.0,False,-1.0,17.25,True,1.3478260869565217,True,0.5507246376811594,False,-1.0,False,-1.0,<25%
2025-09-03,down,205,280,2,0.19927536231884058,207.0,23335.75,17.5,23.75,True,0.14736842105263157,False,-1.0,False,-1.0,False,-1.0,10.25,True,0.0,False,-1.0,False,-1.0,False,-1.0,<25%
2025-09-04,up,80,95,1,0.19204152249134948,144.5,23551.5,3.0,24.75,True,0.06060606060606061,False,-1.0,False,-1.0,False,-1.0,19.5,True,0.07692307692307693,False,-1.0,False,-1.0,False,-1.0,<25%
2025-09-04,up,80,225,2,0.14754098360655737,198.25,23600.25,8.0,21.25,False,3.764705882352941,True,0.3764705882352941,True,2.708823529411765,False,3.1176470588235294,4.5,True,0.0,False,-1.0,False,-1.0,False,-1.0,<25%
2025-09-04,up,80,255,3,0.07032181168057211,209.75,23618.75,1.0,13.75,False,4.472727272727273,True,0.07272727272727272,True,3.8863636363636362,False,3.4727272727272727,13.75,False,4.472727272727273,True,0.07272727272727272,True,3.8863636363636362,False,3.4727272727272727,<25%
2025-09-04,up,80,310,4,0.09217577706323687,233.25,23639.0,4.25,17.25,False,2.391304347826087,True,0.2463768115942029,False,1.5942028985507246,False,1.5942028985507246,7.25,True,0.0,False,-1.0,False,-1.0,False,-1.0,<25%
2025-09-05,down,5,85,1,0.41309823677581864,397.0,23619.0,114.0,50.0,True,0.665,False,-1.0,False,-1.0,False,-1.0,25.0,True,0.96,False,-1.0,False,-1.0,False,-1.0,25-50%
2025-09-08,up,10,55,1,0.37849462365591396,116.25,23876.25,11.75,32.25,True,0.26356589147286824,False,-1.0,False,-1.0,False,-1.0,27.75,True,0.3063063063063063,False,-1.0,False,-1.0,False,-1.0,25-50%
2025-09-08,up,10,85,2,0.5010752688172043,116.25,23872.5,15.5,42.75,True,0.029239766081871343,False,-1.0,False,-1.0,False,-1.0,11.25,True,0.0,False,-1.0,False,-1.0,False,-1.0,50-75%
2025-09-10,down,170,215,1,0.287109375,128.0,23882.0,9.5,27.25,False,3.5596330275229358,True,0.3486238532110092,True,1.5229357798165137,True,2.697247706422018,10.5,True,9.238095238095237,True,0.9047619047619048,True,3.9523809523809526,True,7.0,25-50%
2025-09-10,down,170,270,2,0.19119878603945373,164.75,23841.75,6.0,25.5,True,2.2254901960784315,True,0.23529411764705882,True,1.8504901960784315,False,-1.0,24.75,True,2.292929292929293,True,0.24242424242424243,True,1.9065656565656566,False,-1.0,<25%
2025-09-11,up,5,40,1,0.40816326530612246,110.25,24016.75,3.25,41.75,False,0.7005988023952096,True,0.07784431137724551,False,-0.12574850299401197,False,-0.12574850299401197,11.0,True,2.659090909090909,True,0.29545454545454547,False,-1.0,False,-1.0,25-50%
2025-09-11,up,5,90,2,0.3155963302752294,136.25,24041.5,4.5,38.5,True,0.025974025974025976,False,-1.0,False,-1.0,False,-1.0,20.0,True,0.05,False,-1.0,False,-1.0,False,-1.0,25-50%
2025-09-11,up,5,160,3,0.381651376146789,136.25,24024.25,21.75,30.25,False,0.6694214876033058,False,-0.4214876033057851,False,-0.4214876033057851,False,-0.4214876033057851,12.25,True,0.0,False,-1.0,False,-1.0,False,-1.0,25-50%
2025-09-12,up,0,60,1,0.3333333333333333,114.0,24093.0,22.5,15.5,True,0.20967741935483872,False,-1.0,False,-1.0,False,-1.0,15.5,True,0.20967741935483872,False,-1.0,False,-1.0,False,-1.0,25-50%
2025-09-12,up,0,95,2,0.38377192982456143,114.0,24091.25,24.25,19.5,False,3.4743589743589745,True,1.2435897435897436,True,2.7051282051282053,False,0.9743589743589743,19.5,False,3.4743589743589745,True,1.2435897435897436,True,2.7051282051282053,False,0.9743589743589743,25-50%
2025-09-12,up,0,195,3,0.25311203319502074,120.5,24113.5,8.5,22.0,True,2.0681818181818183,True,0.38636363636363635,True,1.7556818181818181,False,-1.0,10.75,True,4.232558139534884,True,0.7906976744186046,True,3.5930232558139537,False,-1.0,25-50%
2025-09-12,up,0,220,4,0.1203155818540434,126.75,24124.0,4.25,11.0,True,3.1818181818181817,True,0.38636363636363635,False,-1.0,False,-1.0,8.0,True,4.375,True,0.53125,False,-1.0,False,-1.0,<25%
2025-09-15,up,30,65,1,0.3094059405940594,101.0,24506.75,7.0,24.25,False,2.0618556701030926,True,0.28865979381443296,True,1.3298969072164948,False,1.9175257731958764,15.0,True,1.8166666666666667,True,0.4666666666666667,False,-1.0,False,-1.0,25-50%
2025-09-15,up,30,95,2,0.1940928270042194,118.5,24524.5,6.75,16.25,True,0.5846153846153846,True,0.4153846153846154,False,-1.0,False,-1.0,13.75,True,0.6909090909090909,True,0.4909090909090909,False,-1.0,False,-1.0,<25%
2025-09-15,up,30,185,3,0.35876288659793815,121.25,24504.75,29.25,14.25,True,1.9473684210526316,False,-1.0,False,-1.0,False,-1.0,11.5,True,2.4130434782608696,False,-1.0,False,-1.0,False,-1.0,25-50%
2025-09-15,up,30,300,4,0.38556701030927837,121.25,24519.0,15.0,31.75,False,1.188976377952756,True,0.47244094488188976,False,1.078740157480315,False,1.078740157480315,8.25,True,1.9090909090909092,True,1.8181818181818181,False,-1.0,False,-1.0,25-50%
2025-09-16,down,30,60,1,0.35195530726256985,89.5,24514.25,3.25,28.25,True,0.5309734513274337,True,0.11504424778761062,False,-1.0,False,-1.0,9.75,True,1.205128205128205,True,0.3333333333333333,False,-1.0,False,-1.0,25-50%
2025-09-16,down,30,175,2,0.45925925925925926,101.25,24533.0,33.75,12.75,True,0.8627450980392157,False,-1.0,False,-1.0,False,-1.0,9.0,True,1.2222222222222223,False,-1.0,False,-1.0,False,-1.0,25-50%
2025-09-16,down,30,325,3,0.6296296296296297,101.25,24524.25,25.0,38.75,False,0.0,False,-0.0,False,-0.0,False,-0.0,23.75,False,0.0,False,-0.0,False,-0.0,False,-0.0,50-75%
2025-09-17,down,10,25,1,0.20267686424474188,130.75,24420.25,10.25,16.25,True,1.0,True,0.6307692307692307,False,-1.0,False,-1.0,16.25,True,1.0,True,0.6307692307692307,False,-1.0,False,-1.0,<25%
2025-09-17,down,10,65,2,0.29981718464351004,136.75,24408.25,4.25,36.75,True,0.9115646258503401,True,0.11564625850340136,False,-1.0,False,-1.0,15.25,True,0.6721311475409836,True,0.2786885245901639,False,-1.0,False,-1.0,25-50%
2025-09-17,down,10,80,3,0.1786339754816112,142.75,24403.75,5.75,19.75,True,1.4683544303797469,True,0.2911392405063291,False,-1.0,False,-1.0,14.5,True,1.0,True,0.39655172413793105,False,-1.0,False,-1.0,<25%
2025-09-17,down,10,120,4,0.21617161716171618,151.5,24398.5,9.25,23.5,True,1.0106382978723405,True,0.39361702127659576,False,-1.0,False,-1.0,22.5,True,1.0555555555555556,True,0.4111111111111111,False,-1.0,False,-1.0,<25%
2025-09-18,up,45,105,1,0.43843498273878023,217.25,24759.75,56.25,39.0,True,0.9487179487179487,False,-1.0,False,-1.0,False,-1.0,7.0,True,5.285714285714286,False,-1.0,False,-1.0,False,-1.0,25-50%
2025-09-19,up,115,180,1,0.3137254901960784,127.5,24813.75,21.75,18.25,False,4.068493150684931,True,1.1917808219178083,True,2.9383561643835616,False,2.5616438356164384,8.75,True,1.7714285714285714,False,-1.0,False,-1.0,False,-1.0,25-50%
2025-09-19,up,115,275,2,0.11538461538461539,130.0,24829.75,8.25,6.75,False,8.62962962962963,True,1.2222222222222223,True,6.037037037037037,False,4.555555555555555,6.75,False,8.62962962962963,True,1.2222222222222223,True,6.037037037037037,False,4.555555555555555,<25%
2025-09-19,up,115,305,3,0.12984822934232715,148.25,24846.25,10.0,9.25,True,0.0,False,-1.0,False,-1.0,False,-1.0,7.5,True,0.0,False,-1.0,False,-1.0,False,-1.0,<25%
2025-09-19,down,40,55,1,0.2193877551020408,98.0,24727.25,7.75,13.75,True,1.4,True,0.5636363636363636,False,-1.0,False,-1.0,13.75,True,1.4,True,0.5636363636363636,False,-1.0,False,-1.0,<25%
2025-09-22,up,5,25,1,0.10492505353319058,116.75,24926.75,4.25,8.0,True,0.0,False,-1.0,False,-1.0,False,-1.0,8.0,True,0.0,False,-1.0,False,-1.0,False,-1.0,<25%
2025-09-22,up,5,150,2,0.06796116504854369,180.25,24992.5,2.0,10.25,True,0.0,False,-1.0,False,-1.0,False,-1.0,10.25,True,0.0,False,-1.0,False,-1.0,False,-1.0,<25%
2025-09-22,up,5,185,3,0.10899182561307902,183.5,24989.25,8.5,11.5,False,3.3043478260869565,True,0.7391304347826086,False,0.8260869565217391,False,0.8260869565217391,11.5,False,3.3043478260869565,True,0.7391304347826086,False,0.8260869565217391,False,0.8260869565217391,<25%
2025-09-22,up,5,235,4,0.07990012484394507,200.25,25009.75,4.75,11.25,True,1.5555555555555556,True,0.4222222222222222,False,-1.0,False,-1.0,9.25,True,1.8918918918918919,True,0.5135135135135135,False,-1.0,False,-1.0,<25%
2025-09-22,up,5,245,5,0.049079754601226995,203.75,25015.25,2.75,7.25,True,0.5517241379310345,True,0.3793103448275862,False,-1.0,False,-1.0,7.25,True,0.5517241379310345,True,0.3793103448275862,False,-1.0,False,-1.0,<25%
2025-09-23,down,95,160,1,0.1782178217821782,101.0,24910.75,2.0,16.0,False,8.140625,True,0.125,True,1.703125,True,3.28125,16.0,False,8.140625,True,0.125,True,1.703125,True,3.28125,<25%
2025-09-23,down,95,220,2,0.28680479825517996,229.25,24810.5,30.0,35.75,False,0.7412587412587412,False,-0.5874125874125874,False,-0.5874125874125874,False,-0.5874125874125874,14.0,True,1.5178571428571428,False,-1.0,False,-1.0,False,-1.0,25-50%
2025-09-24,down,40,195,1,0.48484848484848486,272.25,24708.25,81.25,50.75,False,0.5024630541871922,False,-0.6157635467980296,False,-0.6157635467980296,False,-0.6157635467980296,17.75,True,1.4366197183098592,False,-1.0,False,-1.0,False,-1.0,25-50%
2025-09-25,up,15,40,1,0.31163287086446106,234.25,24650.75,6.0,67.0,True,0.6865671641791045,True,0.08955223880597014,False,-1.0,False,-1.0,59.0,True,0.08050847457627118,False,-1.0,False,-1.0,False,-1.0,25-50%
2025-09-25,up,15,225,2,0.886964448495898,274.25,24570.0,126.75,116.5,False,0.6545064377682404,False,0.5343347639484979,False,0.5343347639484979,False,0.5343347639484979,39.25,False,1.9426751592356688,False,1.585987261146497,False,1.585987261146497,False,1.585987261146497,75-100%
2025-09-29,down,80,180,1,0.23395149786019973,175.25,24825.25,25.0,16.0,True,0.359375,False,-1.0,False,-1.0,False,-1.0,11.75,True,0.48936170212765956,False,-1.0,False,-1.0,False,-1.0,<25%
2025-09-29,down,80,215,2,0.3152639087018545,175.25,24842.25,42.0,13.25,True,0.0,False,-1.0,False,-1.0,False,-1.0,13.25,True,0.0,False,-1.0,False,-1.0,False,-1.0,25-50%
2025-09-29,down,80,240,3,0.3980028530670471,175.25,24855.0,54.75,15.0,False,4.966666666666667,True,3.65,False,1.1833333333333333,False,1.1833333333333333,8.75,False,8.514285714285714,True,6.257142857142857,False,2.0285714285714285,False,2.0285714285714285,25-50%
2025-09-30,up,25,190,1,0.9323843416370107,140.5,24751.75,111.0,20.0,False,8.1,True,5.55,True,7.30625,False,7.325,10.0,False,16.2,True,11.1,True,14.6125,False,14.65,75-100%
2025-10-01,up,0,25,1,0.1814516129032258,186.0,24897.5,14.5,19.25,True,1.2077922077922079,True,0.7532467532467533,False,-1.0,False,-1.0,7.0,True,3.3214285714285716,True,2.0714285714285716,False,-1.0,False,-1.0,<25%
2025-10-01,up,0,35,2,0.13607188703465983,194.75,24910.0,10.75,15.75,True,0.0,False,-1.0,False,-1.0,False,-1.0,15.75,True,0.0,False,-1.0,False,-1.0,False,-1.0,<25%
2025-10-01,up,0,115,3,0.08978675645342311,222.75,24943.75,5.0,15.0,False,6.2,True,0.3333333333333333,True,4.045833333333333,False,4.533333333333333,9.75,True,0.8974358974358975,True,0.5128205128205128,False,-1.0,False,-1.0,<25%
2025-10-01,up,0,170,4,0.047665369649805445,257.0,24979.0,4.0,8.25,True,1.3333333333333333,True,0.48484848484848486,False,-1.0,False,-1.0,8.25,True,1.3333333333333333,True,0.48484848484848486,False,-1.0,False,-1.0,<25%
2025-10-01,up,0,240,5,0.04530201342281879,298.0,25021.0,3.0,10.5,True,1.5,True,0.2857142857142857,False,-1.0,False,-1.0,10.5,True,1.5,True,0.2857142857142857,False,-1.0,False,-1.0,<25%
2025-10-01,up,0,270,6,0.05101214574898785,308.75,25032.5,2.25,13.5,True,0.3148148148148148,True,0.16666666666666666,False,-1.0,False,-1.0,10.0,True,0.425,True,0.225,False,-1.0,False,-1.0,<25%
2025-10-01,up,0,300,7,0.0925181013676589,310.75,25032.5,4.25,24.5,True,0.01020408163265306,False,-1.0,False,-1.0,False,-1.0,13.25,True,0.0,False,-1.0,False,-1.0,False,-1.0,<25%
2025-10-02,down,30,60,1,0.33951497860199714,175.25,25029.25,35.5,24.0,True,1.1875,False,-1.0,False,-1.0,False,-1.0,14.75,True,1.9322033898305084,False,-1.0,False,-1.0,False,-1.0,25-50%
2025-10-02,down,30,205,2,0.6804564907275321,175.25,25085.5,91.75,27.5,True,0.22727272727272727,False,-1.0,False,-1.0,False,-1.0,6.0,True,0.0,False,-1.0,False,-1.0,False,-1.0,50-75%
2025-10-02,down,30,305,3,0.7574893009985735,175.25,25111.5,117.75,15.0,False,1.3666666666666667,False,0.13333333333333333,False,0.13333333333333333,False,0.13333333333333333,10.5,False,1.9523809523809523,False,0.19047619047619047,False,0.19047619047619047,False,0.19047619047619047,75-100%
2025-10-06,up,170,200,1,0.20486815415821502,123.25,25223.75,8.0,17.25,True,1.681159420289855,True,0.463768115942029,False,-1.0,False,-1.0,4.75,True,1.631578947368421,False,-1.0,False,-1.0,False,-1.0,<25%
2025-10-07,down,5,15,1,0.3141025641025641,78.0,25192.75,6.0,18.5,False,11.243243243243244,True,0.32432432432432434,True,1.3783783783783783,True,2.4324324324324325,18.0,False,11.555555555555555,True,0.3333333333333333,True,1.4166666666666667,True,2.5,25-50%
2025-10-07,down,5,55,2,0.3447461629279811,211.75,25074.75,21.75,51.25,False,1.7560975609756098,True,0.424390243902439,True,1.4573170731707317,False,0.5756097560975609,41.75,False,2.155688622754491,True,0.5209580838323353,True,1.7889221556886228,False,0.7065868263473054,25-50%
2025-10-08,up,55,65,1,0.09565217391304348,172.5,25239.75,6.75,9.75,False,10.717948717948717,True,0.6923076923076923,True,5.115384615384615,True,9.538461538461538,8.25,False,12.666666666666666,True,0.8181818181818182,True,6.045454545454546,True,11.272727272727273,<25%
2025-10-08,up,55,145,2,0.21137206427688504,202.25,25251.5,24.75,18.0,False,5.152777777777778,True,1.375,True,4.184027777777778,False,4.361111111111111,15.5,False,5.983870967741935,True,1.596774193548387,True,4.858870967741935,False,5.064516129032258,<25%
2025-10-08,up,55,210,3,0.11764705882352941,216.75,25282.0,8.75,16.75,False,3.716417910447761,True,0.5223880597014925,False,2.8656716417910446,False,2.8656716417910446,16.75,False,3.716417910447761,True,0.5223880597014925,False,2.8656716417910446,False,2.8656716417910446,<25%
2025-10-08,up,55,280,4,0.14205816554809844,223.5,25295.0,2.5,29.25,False,1.6837606837606838,True,0.08547008547008547,False,1.1965811965811965,False,1.1965811965811965,12.5,False,3.94,True,0.2,False,2.8,False,2.8,<25%
2025-10-09,down,0,145,1,0.5734513274336284,141.25,25203.75,10.25,70.75,True,0.607773851590106,True,0.14487632508833923,False,-1.0,False,-1.0,26.0,True,0.375,False,-1.0,False,-1.0,False,-1.0,50-75%
2025-10-09,down,0,160,2,0.24125874125874125,143.0,25200.75,9.0,25.5,True,1.5686274509803921,True,0.35294117647058826,False,-1.0,False,-1.0,25.5,True,1.5686274509803921,True,0.35294117647058826,False,-1.0,False,-1.0,<25%
2025-10-09,down,0,170,3,0.24610591900311526,160.5,25190.0,15.75,23.75,True,1.231578947368421,True,0.6631578947368421,False,-1.0,False,-1.0,23.75,True,1.231578947368421,True,0.6631578947368421,False,-1.0,False,-1.0,<25%
2025-10-09,down,0,210,4,0.33477011494252873,174.0,25197.25,36.5,21.75,True,0.6781609195402298,False,-1.0,False,-1.0,False,-1.0,21.75,True,0.6781609195402298,False,-1.0,False,-1.0,False,-1.0,25-50%
2025-10-10,down,25,65,1,0.16626002091321018,717.25,24723.25,52.5,66.75,True,0.0,False,-1.0,False,-1.0,False,-1.0,66.75,True,0.0,False,-1.0,False,-1.0,False,-1.0,<25%
2025-10-10,down,25,85,2,0.33112582781456956,717.25,24827.0,156.25,81.25,False,5.449230769230769,True,1.9230769230769231,True,4.13,False,5.227692307692307,40.25,False,11.0,True,3.8819875776397517,True,8.33695652173913,False,10.5527950310559,25-50%
2025-10-13,up,105,120,1,0.15552855407047386,205.75,24921.0,9.25,22.75,True,0.0989010989010989,False,-1.0,False,-1.0,False,-1.0,17.75,True,0.0,False,-1.0,False,-1.0,False,-1.0,<25%
2025-10-13,up,105,195,2,0.3006396588486141,234.5,24902.0,57.0,13.5,True,4.666666666666667,True,4.222222222222222,False,-1.0,False,-1.0,11.5,True,0.0,False,-1.0,False,-1.0,False,-1.0,25-50%
2025-10-14,up,5,30,1,0.22773044151820293,322.75,24740.5,3.25,70.25,False,2.9466192170818504,True,0.046263345195729534,True,1.1948398576512456,True,2.3434163701067616,51.0,True,0.5490196078431373,True,0.06372549019607843,False,-1.0,False,-1.0,<25%
2025-10-14,up,5,50,2,0.24244604316546764,347.5,24730.5,38.0,46.25,False,4.691891891891892,True,0.8216216216216217,True,2.7,True,4.578378378378378,38.25,True,5.673202614379085,True,0.9934640522875817,True,3.264705882352941,True,5.5359477124183005,<25%
2025-10-14,up,5,105,3,0.18469814704124327,418.25,24827.0,12.25,65.0,True,1.853846153846154,True,0.18846153846153846,True,1.7971153846153847,False,-1.0,37.0,True,3.2567567567567566,True,0.3310810810810811,True,3.1570945945945947,False,-1.0,<25%
2025-10-14,up,5,115,4,0.07221006564551423,457.0,24870.5,7.5,25.5,True,3.019607843137255,True,0.29411764705882354,False,-1.0,False,-1.0,25.5,True,3.019607843137255,True,0.29411764705882354,False,-1.0,False,-1.0,<25%
2025-10-14,up,5,175,5,0.16999050332383667,526.5,24927.25,20.25,69.25,True,0.11913357400722022,False,-1.0,False,-1.0,False,-1.0,7.5,True,0.0,False,-1.0,False,-1.0,False,-1.0,<25%
2025-10-15,down,150,235,1,0.5788599889319314,451.75,24891.75,228.5,33.0,True,0.0,False,-1.0,False,-1.0,False,-1.0,18.25,True,0.0,False,-1.0,False,-1.0,False,-1.0,50-75%
2025-10-15,down,150,275,2,0.6546762589928058,451.75,24920.0,256.75,39.0,False,1.9230769230769231,False,-0.11538461538461539,False,-0.11538461538461539,False,-0.11538461538461539,16.25,True,1.0,False,-1.0,False,-1.0,False,-1.0,50-75%
2025-10-16,down,70,190,1,0.5251396648044693,447.5,24873.0,141.0,94.0,False,2.4414893617021276,True,1.5,False,0.449468085106383,False,0.449468085106383,28.0,False,8.196428571428571,True,5.035714285714286,False,1.5089285714285714,False,1.5089285714285714,50-75%
2025-10-16,down,70,280,2,0.3306902985074627,536.0,24756.5,113.0,64.25,True,0.9961089494163424,False,-1.0,False,-1.0,False,-1.0,64.25,True,0.9961089494163424,False,-1.0,False,-1.0,False,-1.0,25-50%
2025-10-17,up,215,235,1,0.07762237762237763,357.5,25015.75,14.25,13.5,True,0.0,False,-1.0,False,-1.0,False,-1.0,13.5,True,0.0,False,-1.0,False,-1.0,False,-1.0,<25%
2025-10-17,up,215,270,2,0.14545454545454545,357.5,25017.5,12.5,39.5,False,0.9683544303797469,True,0.31645569620253167,False,-0.7215189873417721,False,-0.7215189873417721,22.0,True,1.7386363636363635,True,0.5681818181818182,False,-1.0,False,-1.0,<25%
2025-10-17,up,215,290,3,0.08023483365949119,383.25,25047.75,8.0,22.75,True,0.0,False,-1.0,False,-1.0,False,-1.0,12.5,True,0.0,False,-1.0,False,-1.0,False,-1.0,<25%
2025-10-20,up,5,45,1,0.16004813477737664,207.75,25317.75,4.75,28.5,False,1.2894736842105263,True,0.16666666666666666,False,-0.6140350877192983,False,-0.6140350877192983,28.5,False,1.2894736842105263,True,0.16666666666666666,False,-0.6140350877192983,False,-0.6140350877192983,<25%
2025-10-20,up,5,135,2,0.2372697724810401,230.75,25312.25,33.25,21.5,False,1.9651162790697674,True,1.5465116279069768,False,-0.5581395348837209,False,-0.5581395348837209,15.25,True,2.7704918032786887,True,2.180327868852459,False,-1.0,False,-1.0,<25%
2025-10-20,up,5,195,3,0.04483837330552659,239.75,25351.5,3.0,7.75,True,0.0,False,-1.0,False,-1.0,False,-1.0,7.75,True,0.0,False,-1.0,False,-1.0,False,-1.0,<25%
2025-10-21,up,75,85,1,0.1214574898785425,123.5,25322.75,4.0,11.0,True,1.9318181818181819,True,0.36363636363636365,False,-1.0,False,-1.0,11.0,True,1.9318181818181819,True,0.36363636363636365,False,-1.0,False,-1.0,<25%
2025-10-21,up,75,110,2,0.20071047957371227,140.75,25331.75,12.25,16.0,True,0.65625,False,-1.0,False,-1.0,False,-1.0,16.0,True,0.65625,False,-1.0,False,-1.0,False,-1.0,<25%
2025-10-22,down,5,110,1,0.4493006993006993,286.0,25022.75,19.5,109.0,False,2.0,True,0.17889908256880735,True,0.8348623853211009,True,1.4908256880733946,46.0,False,4.739130434782608,True,0.42391304347826086,True,1.9782608695652173,True,3.532608695652174,25-50%
2025-10-22,down,5,125,2,0.354647720544701,422.25,24997.0,130.0,19.75,True,0.0,False,-1.0,False,-1.0,False,-1.0,19.75,True,0.0,False,-1.0,False,-1.0,False,-1.0,25-50%
2025-10-22,down,5,130,3,0.36589698046181174,422.25,24990.25,123.25,31.25,True,0.0,False,-1.0,False,-1.0,False,-1.0,31.25,True,0.0,False,-1.0,False,-1.0,False,-1.0,25-50%
2025-10-22,down,5,135,4,0.37122557726465366,422.25,24971.5,104.5,52.25,True,0.3827751196172249,False,-1.0,False,-1.0,False,-1.0,52.25,True,0.3827751196172249,False,-1.0,False,-1.0,False,-1.0,25-50%
2025-10-22,down,5,150,5,0.40142095914742454,422.25,24969.0,102.0,67.5,True,2.433333333333333,True,1.511111111111111,False,-1.0,False,-1.0,42.25,True,3.8875739644970415,True,2.4142011834319526,False,-1.0,False,-1.0,25-50%
2025-10-23,up,5,80,1,0.41575757575757577,206.25,25197.0,8.25,77.5,False,1.1741935483870967,True,0.1064516129032258,True,0.771774193548387,False,0.7225806451612903,38.25,False,2.3790849673202614,True,0.21568627450980393,True,1.5637254901960784,False,1.4640522875816993,25-50%
2025-10-23,up,5,90,2,0.13448275862068965,217.5,25205.75,10.75,18.5,True,1.135135135135135,True,0.581081081081081,False,-1.0,False,-1.0,18.5,True,1.135135135135135,True,0.581081081081081,False,-1.0,False,-1.0,<25%
2025-10-23,up,5,100,3,0.07198228128460686,225.75,25222.75,2.0,14.25,True,0.2807017543859649,True,0.14035087719298245,False,-1.0,False,-1.0,14.25,True,0.2807017543859649,True,0.14035087719298245,False,-1.0,False,-1.0,<25%
2025-10-23,up,5,260,4,0.11678200692041522,289.0,25271.25,16.75,17.0,True,0.6617647058823529,False,-1.0,False,-1.0,False,-1.0,10.0,True,1.125,False,-1.0,False,-1.0,False,-1.0,<25%
2025-10-24,up,140,150,1,0.14962121212121213,132.0,25552.25,9.5,10.25,True,0.17073170731707318,False,-1.0,False,-1.0,False,-1.0,7.0,True,0.25,False,-1.0,False,-1.0,False,-1.0,<25%
2025-10-24,up,140,170,2,0.17424242424242425,132.0,25554.25,7.5,15.5,True,1.064516129032258,True,0.4838709677419355,False,-1.0,False,-1.0,14.75,True,1.11864406779661,True,0.5084745762711864,False,-1.0,False,-1.0,<25%
2025-10-24,up,140,270,3,0.30141843971631205,141.0,25555.0,15.75,26.75,True,0.4392523364485981,False,-1.0,False,-1.0,False,-1.0,12.25,True,0.9591836734693877,False,-1.0,False,-1.0,False,-1.0,25-50%
2025-10-27,up,5,120,1,0.12987012987012986,115.5,25908.75,3.25,11.75,True,0.7872340425531915,True,0.2765957446808511,False,-1.0,False,-1.0,6.0,True,0.0,False,-1.0,False,-1.0,False,-1.0,<25%
2025-10-27,up,5,140,2,0.1522633744855967,121.5,25916.25,1.75,16.75,True,0.05970149253731343,False,-1.0,False,-1.0,False,-1.0,11.25,True,0.08888888888888889,False,-1.0,False,-1.0,False,-1.0,<25%
2025-10-27,up,5,185,3,0.2222222222222222,121.5,25914.25,3.75,23.25,False,2.881720430107527,True,0.16129032258064516,True,1.467741935483871,True,2.774193548387097,10.5,False,6.380952380952381,True,0.35714285714285715,True,3.25,True,6.142857142857143,<25%
2025-10-27,up,5,205,4,0.06415094339622641,132.5,25926.5,2.5,6.0,True,0.0,False,-1.0,False,-1.0,False,-1.0,3.5,True,0.0,False,-1.0,False,-1.0,False,-1.0,<25%
2025-10-27,up,5,215,5,0.06666666666666667,135.0,25930.0,1.5,7.5,True,2.1666666666666665,True,0.2,False,-1.0,False,-1.0,7.5,True,2.1666666666666665,True,0.2,False,-1.0,False,-1.0,<25%
2025-10-27,up,5,305,6,0.17195325542570952,149.75,25942.75,3.5,22.25,False,1.7303370786516854,True,0.15730337078651685,False,0.8202247191011236,False,0.8202247191011236,16.5,False,2.3333333333333335,True,0.21212121212121213,False,1.106060606060606,False,1.106060606060606,<25%
2025-10-28,up,120,130,1,0.3960923623445826,140.75,26117.5,29.25,26.5,False,4.30188679245283,True,1.1037735849056605,True,2.431603773584906,True,3.759433962264151,21.5,False,5.3023255813953485,True,1.3604651162790697,True,2.997093023255814,True,4.633720930232558,25-50%
2025-10-28,up,120,190,2,0.06563039723661486,144.75,26144.0,6.75,2.75,True,0.0,False,-1.0,False,-1.0,False,-1.0,2.75,True,0.0,False,-1.0,False,-1.0,False,-1.0,<25%
2025-10-28,up,120,195,3,0.11226252158894647,144.75,26147.0,3.75,12.5,False,6.76,True,0.3,True,3.195,True,6.09,12.5,False,6.76,True,0.3,True,3.195,True,6.09,<25%
2025-10-28,up,120,210,4,0.0722495894909688,152.25,26155.75,2.5,8.5,False,8.911764705882353,True,0.29411764705882354,True,4.772058823529412,False,0.5,8.5,False,8.911764705882353,True,0.29411764705882354,True,4.772058823529412,False,0.5,<25%
2025-10-28,up,120,220,5,0.05787781350482315,155.5,26157.75,3.75,5.25,False,14.047619047619047,True,0.7142857142857143,True,8.119047619047619,False,0.42857142857142855,5.25,False,14.047619047619047,True,0.7142857142857143,True,8.119047619047619,False,0.42857142857142855,<25%
2025-10-28,down,5,60,1,0.5581395348837209,86.0,26029.5,20.75,27.25,True,0.8623853211009175,True,0.7614678899082569,False,-1.0,False,-1.0,16.5,True,0.0,False,-1.0,False,-1.0,False,-1.0,50-75%
2025-10-29,down,55,70,1,0.19329896907216496,97.0,26233.0,3.5,15.25,True,0.0,False,-1.0,False,-1.0,False,-1.0,15.25,True,0.0,False,-1.0,False,-1.0,False,-1.0,<25%
2025-10-29,down,55,135,2,0.513184584178499,123.25,26246.0,42.75,20.5,True,0.2682926829268293,False,-1.0,False,-1.0,False,-1.0,20.5,True,0.2682926829268293,False,-1.0,False,-1.0,False,-1.0,50-75%
2025-10-29,down,55,165,3,0.5273833671399595,123.25,26251.0,47.75,17.25,True,1.855072463768116,False,-1.0,False,-1.0,False,-1.0,17.25,True,1.855072463768116,False,-1.0,False,-1.0,False,-1.0,50-75%
2025-10-29,down,55,210,4,0.7038539553752535,123.25,26239.75,36.5,50.25,False,3.791044776119403,True,0.7263681592039801,True,1.3395522388059702,True,1.9527363184079602,50.25,False,3.791044776119403,True,0.7263681592039801,True,1.3395522388059702,True,1.9527363184079602,50-75%
2025-10-29,down,55,295,5,0.6925157799819658,277.25,26192.5,143.25,48.75,True,0.8769230769230769,False,-1.0,False,-1.0,False,-1.0,48.75,True,0.8769230769230769,False,-1.0,False,-1.0,False,-1.0,50-75%
2025-10-30,down,285,320,1,0.2651704073150457,300.75,25908.0,26.25,53.5,False,0.7289719626168224,True,0.49065420560747663,False,0.6728971962616822,False,0.6728971962616822,38.75,False,1.0064516129032257,True,0.6774193548387096,False,0.9290322580645162,False,0.9290322580645162,25-50%
2025-10-31,down,85,255,1,0.4223652453740949,310.75,25998.5,109.75,21.5,True,0.7325581395348837,False,-1.0,False,-1.0,False,-1.0,12.5,True,1.26,False,-1.0,False,-1.0,False,-1.0,25-50%
2025-10-31,down,85,325,2,0.7385358004827032,310.75,25992.75,104.0,125.5,False,0.0,False,-0.0,False,-0.0,False,-0.0,45.75,False,0.0,False,-0.0,False,-0.0,False,-0.0,50-75%
2025-11-03,down,0,55,1,0.3852295409181637,250.5,26052.25,36.75,59.75,True,0.14644351464435146,False,-1.0,False,-1.0,False,-1.0,38.0,True,0.23026315789473684,False,-1.0,False,-1.0,False,-1.0,25-50%
2025-11-03,down,0,170,2,0.5788423153692615,250.5,26148.0,132.5,12.5,True,0.9,False,-1.0,False,-1.0,False,-1.0,7.0,True,1.6071428571428572,False,-1.0,False,-1.0,False,-1.0,50-75%
2025-11-03,down,0,200,3,0.6017964071856288,250.5,26136.5,121.0,29.75,False,2.361344537815126,False,0.8823529411764706,False,0.8823529411764706,False,0.8823529411764706,13.25,False,5.30188679245283,False,1.9811320754716981,False,1.9811320754716981,False,1.9811320754716981,50-75%
2025-11-04,down,105,155,1,0.3641791044776119,251.25,25653.0,10.75,80.75,False,1.3498452012383901,True,0.13312693498452013,True,0.9109907120743034,False,0.9287925696594427,16.5,True,0.7575757575757576,True,0.6515151515151515,False,-1.0,False,-1.0,25-50%
2025-11-04,down,105,215,2,0.29648671808054844,291.75,25646.5,44.75,41.75,False,2.4550898203592815,True,1.0718562874251496,False,1.6407185628742516,False,1.6407185628742516,34.75,False,2.949640287769784,True,1.2877697841726619,False,1.9712230215827338,False,1.9712230215827338,25-50%
2025-11-04,down,105,255,3,0.09945184025058731,319.25,25582.0,7.75,24.0,True,0.2604166666666667,False,-1.0,False,-1.0,False,-1.0,24.0,True,0.2604166666666667,False,-1.0,False,-1.0,False,-1.0,<25%
2025-11-04,down,105,290,4,0.20595144870790916,319.25,25592.5,18.25,47.5,True,0.042105263157894736,False,-1.0,False,-1.0,False,-1.0,30.5,True,0.06557377049180328,False,-1.0,False,-1.0,False,-1.0,<25%
2025-11-04,down,105,315,5,0.21378230227094752,319.25,25594.75,20.5,47.75,False,1.0628272251308901,True,0.4293193717277487,False,0.3507853403141361,False,0.3507853403141361,47.75,False,1.0628272251308901,True,0.4293193717277487,False,0.3507853403141361,False,0.3507853403141361,<25%
2025-11-05,up,25,80,1,0.04208754208754209,297.0,25783.25,1.75,10.75,True,0.0,False,-1.0,False,-1.0,False,-1.0,10.75,True,0.0,False,-1.0,False,-1.0,False,-1.0,<25%
2025-11-05,up,25,150,2,0.07861866274797942,340.25,25815.5,12.75,14.0,True,4.607142857142857,True,0.9107142857142857,False,-1.0,False,-1.0,8.25,True,0.0,False,-1.0,False,-1.0,False,-1.0,<25%
2025-11-05,up,25,175,3,0.07008670520231214,346.0,25829.0,5.0,19.25,True,2.6493506493506493,True,0.2597402597402597,False,-1.0,False,-1.0,19.25,True,2.6493506493506493,True,0.2597402597402597,False,-1.0,False,-1.0,<25%
2025-11-05,up,25,245,4,0.1286549707602339,384.75,25869.75,3.0,46.5,True,0.22043010752688172,True,0.06451612903225806,False,-1.0,False,-1.0,8.0,True,0.0,False,-1.0,False,-1.0,False,-1.0,<25%
2025-11-06,down,5,75,1,0.07775377969762419,463.0,25234.75,12.0,24.0,True,0.0,False,-1.0,False,-1.0,False,-1.0,24.0,True,0.0,False,-1.0,False,-1.0,False,-1.0,<25%
2025-11-06,down,5,110,2,0.22239422084623323,484.5,25220.0,18.75,89.0,True,0.25,True,0.21067415730337077,False,-1.0,False,-1.0,39.0,True,0.5705128205128205,True,0.4807692307692308,False,-1.0,False,-1.0,<25%
2025-11-06,down,5,255,3,0.49334016393442626,488.0,25381.25,183.5,57.25,False,2.703056768558952,False,2.148471615720524,False,2.148471615720524,False,2.148471615720524,25.75,True,1.0194174757281553,False,-1.0,False,-1.0,False,-1.0,25-50%
2025-11-07,down,10,75,1,0.14527503526093088,354.5,24768.75,12.25,39.25,True,0.0,False,-1.0,False,-1.0,False,-1.0,39.25,True,0.0,False,-1.0,False,-1.0,False,-1.0,<25%
2025-11-07,down,10,90,2,0.10006373486297004,392.25,24727.25,8.5,30.75,True,0.5853658536585366,True,0.2764227642276423,False,-1.0,False,-1.0,30.75,True,0.5853658536585366,True,0.2764227642276423,False,-1.0,False,-1.0,<25%
2025-11-07,down,10,195,3,0.6079651524579963,401.75,24887.75,178.5,65.75,True,0.4752851711026616,False,-1.0,False,-1.0,False,-1.0,53.0,True,0.589622641509434,False,-1.0,False,-1.0,False,-1.0,50-75%
2025-11-10,up,185,190,1,0.07366071428571429,224.0,25669.0,7.0,9.5,True,1.4210526315789473,True,0.7368421052631579,False,-1.0,False,-1.0,9.5,True,1.4210526315789473,True,0.7368421052631579,False,-1.0,False,-1.0,<25%
2025-11-10,up,185,245,2,0.08069458631256383,244.75,25694.25,2.5,17.25,False,3.8405797101449277,True,0.14492753623188406,True,3.6920289855072466,False,1.0869565217391304,17.25,False,3.8405797101449277,True,0.14492753623188406,True,3.6920289855072466,False,1.0869565217391304,<25%
2025-11-10,up,185,270,3,0.0671077504725898,264.5,25712.0,4.5,13.25,True,1.2264150943396226,True,0.33962264150943394,False,-1.0,False,-1.0,11.25,True,1.4444444444444444,True,0.4,False,-1.0,False,-1.0,<25%
2025-11-10,down,25,50,1,0.3414322250639386,195.5,25490.5,19.5,47.25,True,0.8148148148148148,True,0.4126984126984127,False,-1.0,False,-1.0,35.25,True,1.0921985815602837,True,0.5531914893617021,False,-1.0,False,-1.0,25-50%
2025-11-10,down,25,80,2,0.2191142191142191,214.5,25469.25,17.25,29.75,True,0.0,False,-1.0,False,-1.0,False,-1.0,29.75,True,0.0,False,-1.0,False,-1.0,False,-1.0,<25%
2025-11-11,down,0,85,1,0.3611940298507463,167.5,25510.25,31.75,28.75,True,0.12173913043478261,False,-1.0,False,-1.0,False,-1.0,28.75,True,0.12173913043478261,False,-1.0,False,-1.0,False,-1.0,25-50%
2025-11-12,down,20,30,1,0.1797752808988764,244.75,25541.5,5.5,38.5,True,1.155844155844156,True,0.14285714285714285,False,-1.0,False,-1.0,27.5,True,1.6181818181818182,True,0.2,False,-1.0,False,-1.0,<25%
2025-11-12,down,20,105,2,0.2996575342465753,292.0,25528.0,39.25,48.25,True,0.03626943005181347,False,-1.0,False,-1.0,False,-1.0,48.25,True,0.03626943005181347,False,-1.0,False,-1.0,False,-1.0,25-50%
2025-11-12,down,20,195,3,0.5085616438356164,292.0,25593.25,104.5,44.0,True,1.0965909090909092,False,-1.0,False,-1.0,False,-1.0,19.0,True,0.0,False,-1.0,False,-1.0,False,-1.0,50-75%
2025-11-13,down,15,50,1,0.2015625,320.0,25194.75,12.75,51.75,True,0.15942028985507245,False,-1.0,False,-1.0,False,-1.0,51.75,True,0.15942028985507245,False,-1.0,False,-1.0,False,-1.0,<25%
2025-11-13,down,15,95,2,0.22084548104956267,343.0,25174.75,15.75,60.0,True,0.39166666666666666,True,0.2625,False,-1.0,False,-1.0,60.0,True,0.39166666666666666,True,0.2625,False,-1.0,False,-1.0,<25%
2025-11-13,down,15,140,3,0.09097270818754374,357.25,25160.75,16.0,16.5,False,9.590909090909092,True,0.9696969696969697,True,6.382575757575758,False,3.6818181818181817,16.5,False,9.590909090909092,True,0.9696969696969697,True,6.382575757575758,False,3.6818181818181817,<25%
2025-11-13,down,15,210,4,0.14154317833418498,489.25,25039.5,26.75,42.5,True,0.5058823529411764,False,-1.0,False,-1.0,False,-1.0,42.5,True,0.5058823529411764,False,-1.0,False,-1.0,False,-1.0,<25%
2025-11-13,down,15,285,5,0.15815815815815815,499.5,25046.0,43.5,35.5,True,0.8732394366197183,False,-1.0,False,-1.0,False,-1.0,35.0,True,0.8857142857142857,False,-1.0,False,-1.0,False,-1.0,<25%
2025-11-13,down,15,320,6,0.2852852852852853,499.5,25040.75,38.25,104.25,False,0.004796163069544364,False,-0.5683453237410072,False,-0.5683453237410072,False,-0.5683453237410072,85.25,False,0.005865102639296188,False,-0.6950146627565983,False,-0.6950146627565983,False,-0.6950146627565983,25-50%
2025-11-14,up,5,45,1,0.19891500904159132,553.0,25170.5,8.5,101.5,False,1.20935960591133,True,0.08374384236453201,False,-0.6428571428571429,False,-0.6428571428571429,53.5,True,2.294392523364486,True,0.1588785046728972,False,-1.0,False,-1.0,<25%
2025-11-14,up,5,65,2,0.09497859089139743,642.25,25247.75,20.5,40.5,True,0.0,False,-1.0,False,-1.0,False,-1.0,38.75,True,0.0,False,-1.0,False,-1.0,False,-1.0,<25%
2025-11-14,up,5,95,3,0.14324639937718958,642.25,25260.75,7.5,84.5,True,0.38461538461538464,True,0.08875739644970414,False,-1.0,False,-1.0,30.25,True,1.0743801652892562,True,0.24793388429752067,False,-1.0,False,-1.0,<25%
2025-11-14,up,5,125,4,0.1034095166729112,667.25,25277.75,15.5,53.5,True,0.04205607476635514,False,-1.0,False,-1.0,False,-1.0,37.0,True,0.0,False,-1.0,False,-1.0,False,-1.0,<25%
2025-11-14,up,5,160,5,0.25777444735856125,667.25,25220.25,73.0,99.0,True,0.007575757575757576,False,-1.0,False,-1.0,False,-1.0,66.5,True,0.0,False,-1.0,False,-1.0,False,-1.0,25-50%
2025-11-14,up,5,200,6,0.30723117272386663,667.25,25186.0,107.25,97.75,True,0.6675191815856778,False,-1.0,False,-1.0,False,-1.0,76.5,True,0.8529411764705882,False,-1.0,False,-1.0,False,-1.0,25-50%
2025-11-17,down,205,230,1,0.06461538461538462,406.25,24862.0,14.25,12.0,True,3.0833333333333335,True,1.1875,False,-1.0,False,-1.0,12.0,True,3.0833333333333335,True,1.1875,False,-1.0,False,-1.0,<25%
2025-11-17,down,205,280,2,0.12589755864049784,522.25,24753.5,21.75,44.0,True,0.0,False,-1.0,False,-1.0,False,-1.0,44.0,True,0.0,False,-1.0,False,-1.0,False,-1.0,<25%
2025-11-18,down,30,95,1,0.7037849698299506,455.75,24623.0,246.75,74.0,True,1.75,False,-1.0,False,-1.0,False,-1.0,37.75,True,3.4304635761589406,False,-1.0,False,-1.0,False,-1.0,50-75%
2025-11-18,down,30,205,2,0.9396599012616567,455.75,24710.25,334.0,94.25,True,0.2572944297082228,False,-1.0,False,-1.0,False,-1.0,67.75,True,0.35793357933579334,False,-1.0,False,-1.0,False,-1.0,75-100%
2025-11-18,down,30,290,3,0.9522764673614921,455.75,24693.0,316.75,117.25,False,0.9808102345415778,False,0.9211087420042644,False,0.9211087420042644,False,0.9211087420042644,45.0,False,2.5555555555555554,False,2.4,False,2.4,False,2.4,75-100%
2025-11-19,down,120,165,1,0.37525987525987525,481.0,24629.5,122.5,58.0,True,0.728448275862069,False,-1.0,False,-1.0,False,-1.0,46.75,True,0.9037433155080213,False,-1.0,False,-1.0,False,-1.0,25-50%
2025-11-19,down,120,235,2,0.4287941787941788,481.0,24593.75,86.75,119.5,True,0.1903765690376569,False,-1.0,False,-1.0,False,-1.0,42.75,True,0.5321637426900585,False,-1.0,False,-1.0,False,-1.0,25-50%
2025-11-19,down,120,310,3,0.672037422037422,481.0,24769.0,262.0,61.25,False,1.4775510204081632,False,0.7183673469387755,False,0.7183673469387755,False,0.7183673469387755,25.0,False,3.62,False,1.76,False,1.76,False,1.76,50-75%
2025-11-20,down,30,120,1,0.15320261437908497,956.25,24397.75,44.0,102.5,True,0.8707317073170732,True,0.4292682926829268,False,-1.0,False,-1.0,102.5,True,0.8707317073170732,True,0.4292682926829268,False,-1.0,False,-1.0,<25%
2025-11-20,down,30,130,2,0.1475287069395906,1001.5,24355.0,46.5,101.25,True,0.45925925925925926,True,0.45925925925925926,False,-1.0,False,-1.0,101.25,True,0.45925925925925926,True,0.45925925925925926,False,-1.0,False,-1.0,<25%
2025-11-20,down,30,290,3,0.17828054298642534,1105.0,24270.25,65.25,131.75,False,1.3074003795066413,True,0.4952561669829222,False,1.0018975332068312,False,1.0018975332068312,77.75,False,2.215434083601286,True,0.8392282958199357,False,1.697749196141479,False,1.697749196141479,<25%
2025-11-21,up,85,110,1,0.18612157073695534,464.75,24378.25,13.75,72.75,True,0.5120274914089347,True,0.18900343642611683,False,-1.0,False,-1.0,72.75,True,0.5120274914089347,True,0.18900343642611683,False,-1.0,False,-1.0,<25%
2025-11-21,up,85,130,2,0.1525857654889913,488.25,24391.0,24.5,50.0,True,0.31,False,-1.0,False,-1.0,False,-1.0,50.0,True,0.31,False,-1.0,False,-1.0,False,-1.0,<25%
2025-11-21,up,85,210,3,0.17398181099248716,632.25,24522.25,37.25,72.75,True,1.0171821305841924,True,0.5120274914089347,False,-1.0,False,-1.0,51.0,True,1.4509803921568627,True,0.7303921568627451,False,-1.0,False,-1.0,<25%
2025-11-21,up,85,225,4,0.0782472613458529,639.0,24551.75,14.5,35.5,True,1.2535211267605635,True,0.4084507042253521,False,-1.0,False,-1.0,35.5,True,1.2535211267605635,True,0.4084507042253521,False,-1.0,False,-1.0,<25%
2025-11-24,up,5,105,1,0.1628686327077748,373.0,24875.75,14.0,46.75,False,2.518716577540107,True,0.2994652406417112,True,2.2941176470588234,False,1.2727272727272727,40.0,False,2.94375,True,0.35,True,2.68125,False,1.4875,<25%
2025-11-24,up,5,135,2,0.045427375971309025,418.25,24930.25,4.75,14.25,True,0.6666666666666666,True,0.3333333333333333,False,-1.0,False,-1.0,14.25,True,0.6666666666666666,True,0.3333333333333333,False,-1.0,False,-1.0,<25%
2025-11-24,up,5,155,3,0.06501182033096926,423.0,24932.0,7.75,19.75,True,1.4683544303797469,True,0.3924050632911392,False,-1.0,False,-1.0,6.25,True,3.48,True,1.24,False,-1.0,False,-1.0,<25%
2025-11-24,up,5,170,4,0.06464530892448513,437.0,24947.5,6.25,22.0,True,0.0,False,-1.0,False,-1.0,False,-1.0,15.75,True,0.0,False,-1.0,False,-1.0,False,-1.0,<25%
2025-11-24,up,5,270,5,0.1530669667979741,444.25,24946.75,14.25,53.75,False,0.8697674418604651,True,0.2651162790697674,False,-0.21395348837209302,False,-0.21395348837209302,34.0,False,1.375,True,0.41911764705882354,False,-0.3382352941176471,False,-0.3382352941176471,<25%
2025-11-24,up,5,305,6,0.08515406162464986,446.25,24951.75,11.25,26.75,False,1.560747663551402,True,0.4205607476635514,False,-0.616822429906542,False,-0.616822429906542,11.75,True,1.425531914893617,True,0.9574468085106383,False,-1.0,False,-1.0,<25%
2025-11-25,up,80,260,1,0.267574931880109,458.75,24998.25,62.5,60.25,False,2.2738589211618256,True,1.037344398340249,False,1.3568464730290457,False,1.3568464730290457,38.25,False,3.581699346405229,True,1.6339869281045751,False,2.1372549019607843,False,2.1372549019607843,25-50%
2025-11-26,up,30,60,1,0.14512195121951219,205.0,25335.25,3.5,26.25,True,1.5523809523809524,True,0.13333333333333333,False,-1.0,False,-1.0,26.25,True,1.5523809523809524,True,0.13333333333333333,False,-1.0,False,-1.0,<25%
2025-11-26,up,30,110,2,0.2590299277605779,242.25,25342.25,33.75,29.0,True,0.9310344827586207,False,-1.0,False,-1.0,False,-1.0,29.0,True,0.9310344827586207,False,-1.0,False,-1.0,False,-1.0,25-50%
2025-11-26,up,30,280,3,0.39215686274509803,242.25,25354.75,21.25,73.75,False,0.08135593220338982,False,-0.7898305084745763,False,-0.7898305084745763,False,-0.7898305084745763,22.0,True,0.2727272727272727,False,-1.0,False,-1.0,False,-1.0,25-50%
2025-12-01,up,20,205,1,0.1719022687609075,286.5,25486.5,9.25,40.0,True,0.0375,False,-1.0,False,-1.0,False,-1.0,6.0,True,0.0,False,-1.0,False,-1.0,False,-1.0,<25%
2025-12-02,down,50,140,1,0.8131115459882583,255.5,25562.5,148.0,59.75,True,1.104602510460251,False,-1.0,False,-1.0,False,-1.0,43.5,True,1.5172413793103448,False,-1.0,False,-1.0,False,-1.0,75-100%
2025-12-02,down,50,305,2,0.9090019569471625,255.5,25614.0,199.5,32.75,False,0.6870229007633588,False,0.4122137404580153,False,0.4122137404580153,False,0.4122137404580153,22.25,False,1.0112359550561798,False,0.6067415730337079,False,0.6067415730337079,False,0.6067415730337079,75-100%
2025-12-03,up,0,10,1,0.21190130624092887,172.25,25595.25,7.0,29.5,True,0.3474576271186441,True,0.23728813559322035,False,-1.0,False,-1.0,29.5,True,0.3474576271186441,True,0.23728813559322035,False,-1.0,False,-1.0,<25%
2025-12-03,up,0,30,2,0.31196581196581197,175.5,25596.75,8.75,46.0,True,0.005434782608695652,False,-1.0,False,-1.0,False,-1.0,35.5,True,0.0,False,-1.0,False,-1.0,False,-1.0,25-50%
2025-12-03,up,0,70,3,0.10182767624020887,191.5,25612.75,8.75,10.75,True,0.0,False,-1.0,False,-1.0,False,-1.0,10.75,True,0.0,False,-1.0,False,-1.0,False,-1.0,<25%
2025-12-03,up,0,135,4,0.1732186732186732,203.5,25625.25,8.25,27.0,False,2.2222222222222223,True,0.3055555555555556,True,2.189814814814815,False,1.1944444444444444,14.0,True,0.0,False,-1.0,False,-1.0,False,-1.0,<25%
2025-12-03,up,0,160,5,0.09723889555822329,208.25,25633.5,4.75,15.5,True,0.11290322580645161,False,-1.0,False,-1.0,False,-1.0,15.5,True,0.11290322580645161,False,-1.0,False,-1.0,False,-1.0,<25%
2025-12-03,up,0,245,6,0.07346491228070176,228.0,25650.75,7.25,9.5,True,3.6315789473684212,True,0.7631578947368421,False,-1.0,False,-1.0,8.25,True,4.181818181818182,True,0.8787878787878788,False,-1.0,False,-1.0,<25%
2025-12-03,up,0,295,7,0.06856023506366307,255.25,25682.25,3.0,14.5,True,0.0,False,-1.0,False,-1.0,False,-1.0,14.5,True,0.0,False,-1.0,False,-1.0,False,-1.0,<25%
2025-12-08,down,30,40,1,0.16505894962486603,233.25,25638.0,10.5,28.0,True,0.41964285714285715,True,0.375,False,-1.0,False,-1.0,28.0,True,0.41964285714285715,True,0.375,False,-1.0,False,-1.0,<25%
2025-12-08,down,30,180,2,0.3838951310861423,267.0,25612.25,18.5,84.0,False,0.5654761904761905,True,0.22023809523809523,False,-0.6726190476190477,False,-0.6726190476190477,21.5,True,0.0,False,-1.0,False,-1.0,False,-1.0,25-50%
2025-12-08,down,30,210,3,0.1089527027027027,296.0,25585.5,20.75,11.5,True,1.0217391304347827,False,-1.0,False,-1.0,False,-1.0,11.5,True,1.0217391304347827,False,-1.0,False,-1.0,False,-1.0,<25%
2025-12-08,down,30,265,4,0.19425675675675674,296.0,25591.75,27.0,30.5,True,0.30327868852459017,False,-1.0,False,-1.0,False,-1.0,22.25,True,0.4157303370786517,False,-1.0,False,-1.0,False,-1.0,<25%
2025-12-09,up,10,40,1,0.1759581881533101,143.5,25691.25,12.25,13.0,True,1.6923076923076923,True,0.9423076923076923,False,-1.0,False,-1.0,7.0,True,2.642857142857143,True,1.75,False,-1.0,False,-1.0,<25%
2025-12-09,up,10,60,2,0.17195325542570952,149.75,25707.25,2.5,23.25,True,0.25806451612903225,True,0.10752688172043011,False,-1.0,False,-1.0,23.25,True,0.25806451612903225,True,0.10752688172043011,False,-1.0,False,-1.0,<25%
2025-12-09,up,10,145,3,0.25289017341040465,173.0,25717.75,15.25,28.5,True,0.631578947368421,True,0.5350877192982456,False,-1.0,False,-1.0,19.75,True,0.7341772151898734,False,-1.0,False,-1.0,False,-1.0,25-50%
2025-12-10,down,25,115,1,0.9024390243902439,143.5,25623.75,95.0,34.5,True,0.18115942028985507,False,-1.0,False,-1.0,False,-1.0,16.75,True,0.373134328358209,False,-1.0,False,-1.0,False,-1.0,75-100%
2025-12-11,up,185,250,1,0.04846153846153846,325.0,25712.75,2.5,13.25,True,0.37735849056603776,True,0.18867924528301888,False,-1.0,False,-1.0,13.25,True,0.37735849056603776,True,0.18867924528301888,False,-1.0,False,-1.0,<25%
2025-12-11,up,185,325,2,0.18721804511278195,332.5,25714.75,8.0,54.25,False,0.0,False,0.0,False,0.0,False,0.0,32.75,False,0.0,False,0.0,False,0.0,False,0.0,<25%
2025-12-12,down,25,215,1,0.5074775672981057,501.5,25259.0,141.0,113.5,False,1.0,False,0.43612334801762115,False,0.43612334801762115,False,0.43612334801762115,26.25,False,4.3238095238095235,False,1.8857142857142857,False,1.8857142857142857,False,1.8857142857142857,50-75%
2025-12-17,down,5,60,1,0.2056980056980057,438.75,25021.25,12.25,78.0,False,1.7115384615384615,True,0.15705128205128205,True,1.5633012820512822,False,1.6538461538461537,46.75,True,0.8449197860962567,True,0.2620320855614973,False,-1.0,False,-1.0,<25%
2025-12-17,down,5,125,2,0.22156652360515022,466.0,25028.25,46.5,56.75,False,2.4757709251101323,True,0.8193832599118943,False,2.39647577092511,False,2.39647577092511,42.5,True,1.0294117647058822,False,-1.0,False,-1.0,False,-1.0,<25%
2025-12-17,down,5,195,3,0.07948969578017664,509.5,24949.75,11.5,29.0,True,0.9568965517241379,True,0.39655172413793105,False,-1.0,False,-1.0,29.0,True,0.9568965517241379,True,0.39655172413793105,False,-1.0,False,-1.0,<25%
2025-12-17,down,5,235,4,0.07003891050583658,514.0,24941.25,7.5,28.5,True,0.6754385964912281,True,0.2631578947368421,False,-1.0,False,-1.0,22.75,True,0.8461538461538461,True,0.32967032967032966,False,-1.0,False,-1.0,<25%
2025-12-17,down,5,270,5,0.12077983832620066,525.75,24951.25,29.25,34.25,False,1.854014598540146,True,0.8540145985401459,False,1.7226277372262773,False,1.7226277372262773,32.0,False,1.984375,True,0.9140625,False,1.84375,False,1.84375,<25%
2025-12-18,up,0,35,1,0.22967479674796748,246.0,25393.75,13.5,43.0,True,0.436046511627907,True,0.313953488372093,False,-1.0,False,-1.0,23.5,True,0.7978723404255319,True,0.574468085106383,False,-1.0,False,-1.0,<25%
2025-12-18,up,0,70,2,0.27562189054726366,251.25,25393.25,19.25,50.0,True,0.375,False,-1.0,False,-1.0,False,-1.0,6.0,True,0.0,False,-1.0,False,-1.0,False,-1.0,25-50%
2025-12-22,down,5,160,1,0.5952023988005997,166.75,25691.0,63.0,36.25,False,0.496551724137931,False,0.07586206896551724,False,0.07586206896551724,False,0.07586206896551724,12.0,True,1.5,False,-1.0,False,-1.0,False,-1.0,50-75%
2025-12-23,up,70,95,1,0.10286677908937605,148.25,25774.25,2.25,13.0,True,0.2692307692307692,True,0.17307692307692307,False,-1.0,False,-1.0,5.75,True,0.6086956521739131,True,0.391304347826087,False,-1.0,False,-1.0,<25%
2025-12-23,up,70,155,2,0.1806020066889632,149.5,25768.25,9.5,17.5,False,2.9857142857142858,True,0.5428571428571428,True,2.6785714285714284,False,2.4571428571428573,15.75,False,3.3174603174603177,True,0.6031746031746031,True,2.9761904761904763,False,2.7301587301587302,<25%
2025-12-23,up,70,180,3,0.07730263157894737,152.0,25778.25,2.0,9.75,False,4.333333333333333,True,0.20512820512820512,True,4.102564102564102,False,3.3846153846153846,9.75,False,4.333333333333333,True,0.20512820512820512,True,4.102564102564102,False,3.3846153846153846,<25%
2025-12-23,up,70,255,4,0.05963302752293578,163.5,25790.25,1.5,8.25,False,3.6666666666666665,True,0.18181818181818182,False,2.5454545454545454,False,2.5454545454545454,5.75,False,5.260869565217392,True,0.2608695652173913,False,3.652173913043478,False,3.652173913043478,<25%
2025-12-23,up,70,305,5,0.0702247191011236,178.0,25801.0,5.25,7.25,True,0.8275862068965517,True,0.7241379310344828,False,-1.0,False,-1.0,2.75,True,0.0,False,-1.0,False,-1.0,False,-1.0,<25%
2025-12-29,down,115,195,1,0.47368421052631576,171.0,25699.75,51.75,29.25,True,0.5555555555555556,False,-1.0,False,-1.0,False,-1.0,10.5,True,1.5476190476190477,False,-1.0,False,-1.0,False,-1.0,25-50%
2025-12-30,up,50,110,1,0.7887029288702929,119.5,25719.75,74.0,20.25,True,1.2098765432098766,False,-1.0,False,-1.0,False,-1.0,7.25,True,2.6551724137931036,False,-1.0,False,-1.0,False,-1.0,75-100%
2025-12-30,up,50,290,2,0.9330543933054394,119.5,25714.25,79.5,32.0,True,0.109375,False,-1.0,False,-1.0,False,-1.0,13.0,True,0.2692307692307692,False,-1.0,False,-1.0,False,-1.0,75-100%
2025-12-31,down,20,95,1,0.43478260869565216,149.5,25571.75,29.25,35.75,True,0.1048951048951049,False,-1.0,False,-1.0,False,-1.0,28.0,True,0.13392857142857142,False,-1.0,False,-1.0,False,-1.0,25-50%
2025-12-31,down,20,225,2,0.6153846153846154,149.5,25601.75,59.25,32.75,False,4.801526717557252,True,1.8091603053435115,True,2.950381679389313,True,4.091603053435114,19.0,False,8.276315789473685,True,3.1184210526315788,True,5.0855263157894735,True,7.052631578947368,50-75%
2025-12-31,down,20,265,3,0.0671875,160.0,25535.75,3.75,7.0,False,13.035714285714286,True,0.5357142857142857,True,6.25,True,11.964285714285714,7.0,False,13.035714285714286,True,0.5357142857142857,True,6.25,True,11.964285714285714,<25%
2026-01-02,down,25,45,1,0.21911764705882353,510.0,25346.75,53.0,58.75,True,0.3148936170212766,False,-1.0,False,-1.0,False,-1.0,58.75,True,0.3148936170212766,False,-1.0,False,-1.0,False,-1.0,<25%
2026-01-02,down,25,70,2,0.26176470588235295,510.0,25366.0,72.25,61.25,True,1.6448979591836734,True,1.1795918367346938,False,-1.0,False,-1.0,23.75,True,2.6315789473684212,False,-1.0,False,-1.0,False,-1.0,25-50%
2026-01-05,up,0,100,1,0.37905604719764013,169.5,25671.0,37.0,27.25,True,0.07339449541284404,False,-1.0,False,-1.0,False,-1.0,27.25,True,0.07339449541284404,False,-1.0,False,-1.0,False,-1.0,25-50%
2026-01-05,up,0,275,2,0.9351032448377581,169.5,25592.25,115.75,42.75,False,0.4853801169590643,False,-0.1286549707602339,False,-0.1286549707602339,False,-0.1286549707602339,25.0,True,0.83,False,-1.0,False,-1.0,False,-1.0,75-100%
2026-01-06,up,190,205,1,0.05941845764854614,197.75,25804.75,1.0,10.75,True,0.5116279069767442,True,0.09302325581395349,False,-1.0,False,-1.0,10.75,True,0.5116279069767442,True,0.09302325581395349,False,-1.0,False,-1.0,<25%
2026-01-06,up,190,220,2,0.08034610630407911,202.25,25807.0,3.25,13.0,False,2.3653846153846154,True,0.25,False,0.5,False,0.5,12.75,False,2.411764705882353,True,0.2549019607843137,False,0.5098039215686274,False,0.5098039215686274,<25%
2026-01-06,up,190,280,3,0.09272300469483569,213.0,25811.25,9.75,10.0,False,2.65,True,0.975,False,0.225,False,0.225,7.0,False,3.7857142857142856,True,1.3928571428571428,False,0.32142857142857145,False,0.32142857142857145,<25%
2026-01-07,up,0,80,1,0.09350649350649351,192.5,25954.5,9.0,9.0,True,4.638888888888889,True,1.0,False,-1.0,False,-1.0,9.0,True,4.638888888888889,True,1.0,False,-1.0,False,-1.0,<25%
2026-01-09,up,0,75,1,0.19755244755244755,286.0,25896.25,5.25,51.25,False,1.7414634146341463,True,0.1024390243902439,True,1.497560975609756,False,0.7219512195121951,29.25,False,3.051282051282051,True,0.1794871794871795,True,2.623931623931624,False,1.264957264957265,<25%
2026-01-09,up,0,175,2,0.1684867394695788,320.5,25908.0,28.0,26.0,False,2.980769230769231,True,1.0769230769230769,False,0.9711538461538461,False,0.9711538461538461,26.0,False,2.980769230769231,True,1.0769230769230769,False,0.9711538461538461,False,0.9711538461538461,<25%
2026-01-09,up,0,195,3,0.06681190994916485,344.25,25951.0,8.75,14.25,True,2.4210526315789473,True,0.6140350877192983,False,-1.0,False,-1.0,14.25,True,2.4210526315789473,True,0.6140350877192983,False,-1.0,False,-1.0,<25%
2026-01-09,up,0,225,4,0.056068133427963095,352.25,25963.25,4.5,15.25,True,1.459016393442623,True,0.29508196721311475,False,-1.0,False,-1.0,9.0,True,0.16666666666666666,False,-1.0,False,-1.0,False,-1.0,<25%
2026-01-12,up,40,135,1,0.15509761388286333,230.5,25969.5,4.5,31.25,False,1.632,True,0.144,False,-0.552,False,-0.552,13.0,True,3.923076923076923,True,0.34615384615384615,False,-1.0,False,-1.0,<25%
2026-01-12,up,40,195,2,0.07480314960629922,254.0,25987.25,10.25,8.75,True,0.0,False,-1.0,False,-1.0,False,-1.0,8.0,True,0.0,False,-1.0,False,-1.0,False,-1.0,<25%
2026-01-12,up,40,220,3,0.13976377952755906,254.0,25981.0,16.5,19.0,True,2.0789473684210527,True,0.868421052631579,False,-1.0,False,-1.0,5.0,True,7.9,True,3.3,False,-1.0,False,-1.0,<25%
2026-01-14,down,15,75,1,0.38269680436477005,320.75,25477.0,7.5,115.25,True,0.4880694143167028,True,0.0650759219088937,False,-1.0,False,-1.0,37.25,True,1.5100671140939597,True,0.20134228187919462,False,-1.0,False,-1.0,25-50%
2026-01-14,down,15,120,2,0.1839323467230444,354.75,25451.5,16.0,49.25,True,0.01015228426395939,False,-1.0,False,-1.0,False,-1.0,41.75,True,0.011976047904191617,False,-1.0,False,-1.0,False,-1.0,<25%
2026-01-14,down,15,140,3,0.20718816067653276,354.75,25444.25,8.75,64.75,True,0.36293436293436293,True,0.13513513513513514,False,-1.0,False,-1.0,46.5,True,0.23655913978494625,True,0.1881720430107527,False,-1.0,False,-1.0,<25%
2026-01-14,down,15,180,4,0.20798319327731093,357.0,25446.75,13.5,60.75,True,0.4279835390946502,True,0.2222222222222222,False,-1.0,False,-1.0,60.75,True,0.4279835390946502,True,0.2222222222222222,False,-1.0,False,-1.0,<25%
2026-01-14,down,15,265,5,0.30649526387009474,369.5,25500.5,79.75,33.5,True,0.0,False,-1.0,False,-1.0,False,-1.0,16.0,True,0.0,False,-1.0,False,-1.0,False,-1.0,25-50%
2026-01-15,down,15,60,1,0.8612040133779264,149.5,25893.25,90.0,38.75,True,0.2903225806451613,False,-1.0,False,-1.0,False,-1.0,23.5,True,0.4787234042553192,False,-1.0,False,-1.0,False,-1.0,75-100%
2026-01-15,down,15,100,2,0.9013377926421404,149.5,25907.25,104.0,30.75,False,7.504065040650406,True,3.3821138211382116,True,4.597560975609756,True,5.813008130081301,28.5,False,8.096491228070175,True,3.6491228070175437,True,4.9605263157894735,True,6.271929824561403,75-100%
2026-01-15,down,15,280,3,0.18376550169109357,221.75,25751.0,20.0,20.75,False,3.5903614457831323,True,0.963855421686747,False,1.5301204819277108,False,1.5301204819277108,18.75,False,3.973333333333333,True,1.0666666666666667,False,1.6933333333333334,False,1.6933333333333334,<25%
2026-01-15,down,15,300,4,0.12774070543374644,262.25,25707.75,17.25,16.25,True,0.0,False,-1.0,False,-1.0,False,-1.0,12.75,True,0.0,False,-1.0,False,-1.0,False,-1.0,<25%
2026-01-15,down,15,315,5,0.1354656632173095,265.75,25694.5,7.5,28.5,False,0.631578947368421,True,0.2631578947368421,False,-0.868421052631579,False,-0.868421052631579,28.5,False,0.631578947368421,True,0.2631578947368421,False,-0.868421052631579,False,-0.868421052631579,<25%
2026-01-16,down,0,90,1,0.5383973288814691,299.5,25710.0,118.5,42.75,False,1.3099415204678362,False,0.5964912280701754,False,0.5964912280701754,False,0.5964912280701754,8.25,True,0.0,False,-1.0,False,-1.0,False,-1.0,50-75%
2026-01-20,up,0,35,1,0.5661664392905866,183.25,25392.5,24.5,79.25,True,0.47003154574132494,True,0.30914826498422715,False,-1.0,False,-1.0,31.25,True,1.144,True,0.784,False,-1.0,False,-1.0,50-75%
2026-01-20,up,0,55,2,0.48586118251928023,194.5,25404.25,24.0,70.5,True,0.3617021276595745,True,0.3404255319148936,False,-1.0,False,-1.0,70.5,True,0.3617021276595745,True,0.3404255319148936,False,-1.0,False,-1.0,25-50%
2026-01-20,up,0,85,3,0.47959183673469385,196.0,25398.5,31.25,62.75,True,0.13147410358565736,False,-1.0,False,-1.0,False,-1.0,60.5,True,0.13636363636363635,False,-1.0,False,-1.0,False,-1.0,25-50%
2026-01-20,down,180,195,1,0.08442982456140351,228.0,25204.25,2.5,16.75,True,2.014925373134328,True,0.14925373134328357,False,-1.0,False,-1.0,16.75,True,2.014925373134328,True,0.14925373134328357,False,-1.0,False,-1.0,<25%
2026-01-21,up,0,50,1,0.1336059986366735,366.75,25460.5,33.75,15.25,True,0.0,False,-1.0,False,-1.0,False,-1.0,15.25,True,0.0,False,-1.0,False,-1.0,False,-1.0,<25%
2026-01-21,up,0,235,2,0.9604635310156783,366.75,25429.5,64.75,287.5,False,0.7791304347826087,True,0.2252173913043478,True,0.5441304347826087,False,0.14608695652173914,183.0,False,1.2240437158469946,True,0.35382513661202186,True,0.8548497267759563,False,0.22950819672131148,75-100%
2026-01-21,up,0,265,3,0.09025444071051368,520.75,25638.75,9.5,37.5,True,0.0,False,-1.0,False,-1.0,False,-1.0,37.5,True,0.0,False,-1.0,False,-1.0,False,-1.0,<25%
2026-01-26,up,20,35,1,0.16344916344916344,194.25,25890.25,8.25,23.5,True,0.26595744680851063,False,-1.0,False,-1.0,False,-1.0,17.5,True,0.35714285714285715,False,-1.0,False,-1.0,False,-1.0,<25%
2026-01-26,up,20,50,2,0.24581724581724582,194.25,25892.0,6.5,41.25,True,1.0787878787878789,True,0.15757575757575756,False,-1.0,False,-1.0,41.25,True,1.0787878787878789,True,0.15757575757575756,False,-1.0,False,-1.0,<25%
2026-01-26,up,20,65,3,0.13712374581939799,224.25,25907.0,21.5,9.25,True,0.0,False,-1.0,False,-1.0,False,-1.0,9.25,True,0.0,False,-1.0,False,-1.0,False,-1.0,<25%
2026-01-26,up,20,165,4,0.271259418729817,232.25,25900.0,36.5,26.5,True,1.2169811320754718,False,-1.0,False,-1.0,False,-1.0,25.25,True,1.2772277227722773,False,-1.0,False,-1.0,False,-1.0,25-50%
2026-01-27,up,5,35,1,0.19310344827586207,181.25,26090.75,7.75,27.25,True,0.5871559633027523,True,0.28440366972477066,False,-1.0,False,-1.0,7.5,True,2.1333333333333333,True,1.0333333333333334,False,-1.0,False,-1.0,<25%
2026-01-27,up,5,170,2,0.3627968337730871,189.5,26085.0,21.75,47.0,False,0.6223404255319149,True,0.4627659574468085,False,-0.19148936170212766,False,-0.19148936170212766,11.5,True,0.0,False,-1.0,False,-1.0,False,-1.0,25-50%
2026-01-27,up,5,315,3,0.16243654822335024,197.0,26098.25,16.0,16.0,True,0.0,False,-1.0,False,-1.0,False,-1.0,16.0,True,0.0,False,-1.0,False,-1.0,False,-1.0,<25%
2026-01-28,down,0,20,1,0.1836734693877551,134.75,26178.0,11.75,13.0,True,1.4230769230769231,True,0.9038461538461539,False,-1.0,False,-1.0,13.0,True,1.4230769230769231,True,0.9038461538461539,False,-1.0,False,-1.0,<25%
2026-01-28,down,0,110,2,0.31335830212234705,200.25,26125.25,24.5,38.25,True,0.38562091503267976,False,-1.0,False,-1.0,False,-1.0,38.25,True,0.38562091503267976,False,-1.0,False,-1.0,False,-1.0,25-50%
2026-01-28,down,0,210,3,0.4731585518102372,200.25,26152.75,52.0,42.75,True,0.935672514619883,False,-1.0,False,-1.0,False,-1.0,42.75,True,0.935672514619883,False,-1.0,False,-1.0,False,-1.0,25-50%
2026-01-28,down,0,300,4,0.5568039950062422,200.25,26153.0,52.25,59.25,False,0.3670886075949367,False,0.06329113924050633,False,0.06329113924050633,False,0.06329113924050633,29.25,True,0.10256410256410256,False,-1.0,False,-1.0,False,-1.0,50-75%
2026-01-29,down,0,130,1,0.5363849765258216,639.0,25836.5,300.5,42.25,True,2.0710059171597632,False,-1.0,False,-1.0,False,-1.0,18.25,True,4.794520547945205,False,-1.0,False,-1.0,False,-1.0,50-75%
2026-01-29,down,0,205,2,0.5563380281690141,639.0,25836.75,300.75,54.75,True,0.3059360730593607,False,-1.0,False,-1.0,False,-1.0,30.25,True,0.5537190082644629,False,-1.0,False,-1.0,False,-1.0,50-75%
2026-01-30,down,45,180,1,0.30707070707070705,371.25,25604.5,35.75,78.25,True,0.054313099041533544,False,-1.0,False,-1.0,False,-1.0,78.25,True,0.054313099041533544,False,-1.0,False,-1.0,False,-1.0,25-50%
2026-01-30,down,45,285,2,0.573063973063973,371.25,25595.5,26.75,186.0,False,0.1303763440860215,False,-0.43010752688172044,False,-0.43010752688172044,False,-0.43010752688172044,20.0,True,1.2125,False,-1.0,False,-1.0,False,-1.0,50-75%
2026-02-02,up,90,150,1,0.046019900497512436,402.0,25934.75,7.0,11.5,True,0.08695652173913043,False,-1.0,False,-1.0,False,-1.0,11.5,True,0.08695652173913043,False,-1.0,False,-1.0,False,-1.0,<25%
2026-02-02,up,90,210,2,0.04636973764490543,409.75,25942.5,7.0,12.0,True,0.16666666666666666,False,-1.0,False,-1.0,False,-1.0,12.0,True,0.16666666666666666,False,-1.0,False,-1.0,False,-1.0,<25%
2026-02-03,down,100,115,1,0.11751361161524501,551.0,25415.0,13.75,51.0,False,3.843137254901961,True,0.2696078431372549,True,2.9705882352941178,False,-0.5980392156862745,51.0,False,3.843137254901961,True,0.2696078431372549,True,2.9705882352941178,False,-0.5980392156862745,<25%
2026-02-06,up,40,95,1,0.20726495726495728,351.0,25047.75,4.0,68.75,False,2.5345454545454547,True,0.05818181818181818,True,1.3345454545454545,False,1.44,20.25,True,0.0,False,-1.0,False,-1.0,False,-1.0,<25%
2026-02-06,up,40,145,2,0.06433823529411764,408.0,25092.25,16.5,9.75,True,3.2564102564102564,True,1.6923076923076923,False,-1.0,False,-1.0,9.75,True,3.2564102564102564,True,1.6923076923076923,False,-1.0,False,-1.0,<25%
2026-02-06,up,40,230,3,0.13880685174246898,423.25,25100.5,23.5,35.25,True,0.23404255319148937,False,-1.0,False,-1.0,False,-1.0,27.0,True,0.3055555555555556,False,-1.0,False,-1.0,False,-1.0,<25%
2026-02-06,up,40,285,4,0.16834022445363261,423.25,25116.5,7.5,63.75,False,1.6549019607843136,True,0.11764705882352941,False,0.4745098039215686,False,0.4745098039215686,20.25,False,5.209876543209877,True,0.37037037037037035,False,1.4938271604938271,False,1.4938271604938271,<25%
2026-02-06,up,40,305,5,0.06451612903225806,426.25,25118.75,8.25,19.25,False,5.363636363636363,True,0.42857142857142855,False,1.4545454545454546,False,1.4545454545454546,19.25,False,5.363636363636363,True,0.42857142857142855,False,1.4545454545454546,False,1.4545454545454546,<25%
2026-02-09,up,10,30,1,0.05689424364123159,373.5,25321.0,8.0,13.25,True,0.0,False,-1.0,False,-1.0,False,-1.0,13.25,True,0.0,False,-1.0,False,-1.0,False,-1.0,<25%
2026-02-09,up,10,50,2,0.07309184993531695,386.5,25336.25,5.75,22.5,True,3.566666666666667,True,0.25555555555555554,False,-1.0,False,-1.0,22.5,True,3.566666666666667,True,0.25555555555555554,False,-1.0,False,-1.0,<25%
2026-02-09,up,10,95,3,0.029883785279468732,451.75,25402.75,4.5,9.0,True,1.5277777777777777,True,0.5,False,-1.0,False,-1.0,9.0,True,1.5277777777777777,True,0.5,False,-1.0,False,-1.0,<25%
2026-02-09,up,10,105,4,0.02386117136659436,461.0,25410.25,6.25,4.75,True,0.0,False,-1.0,False,-1.0,False,-1.0,4.75,True,0.0,False,-1.0,False,-1.0,False,-1.0,<25%
2026-02-09,up,10,190,5,0.22668112798264642,461.0,25381.5,35.0,69.5,False,0.6798561151079137,True,0.5035971223021583,False,-0.6294964028776978,False,-0.6294964028776978,15.75,True,0.4603174603174603,False,-1.0,False,-1.0,False,-1.0,<25%
2026-02-12,down,5,140,1,0.23008095440988496,586.75,24849.5,43.75,91.25,True,0.5397260273972603,True,0.4794520547945205,False,-1.0,False,-1.0,62.75,True,0.7848605577689243,True,0.6972111553784861,False,-1.0,False,-1.0,<25%
2026-02-12,down,5,165,2,0.13761080624736174,592.25,24811.5,11.25,70.25,True,0.099644128113879,False,-1.0,False,-1.0,False,-1.0,45.25,True,0.0,False,-1.0,False,-1.0,False,-1.0,<25%
2026-02-12,down,5,220,3,0.21865766146053187,592.25,24868.5,68.25,61.25,True,0.036734693877551024,False,-1.0,False,-1.0,False,-1.0,25.5,True,0.0,False,-1.0,False,-1.0,False,-1.0,<25%
2026-02-12,down,5,260,4,0.24229632756437317,592.25,24912.75,112.5,31.0,False,6.169354838709677,True,3.629032258064516,False,4.814516129032258,False,4.814516129032258,31.0,False,6.169354838709677,True,3.629032258064516,False,4.814516129032258,False,4.814516129032258,<25%
2026-02-12,down,5,310,5,0.0844954881050041,609.5,24804.0,21.0,30.5,False,2.7049180327868854,True,0.6885245901639344,False,1.3278688524590163,False,1.3278688524590163,30.5,False,2.7049180327868854,True,0.6885245901639344,False,1.3278688524590163,False,1.3278688524590163,<25%
2026-02-12,down,5,325,6,0.09687034277198212,671.0,24763.5,42.0,23.0,False,0.0,False,-0.0,False,-0.0,False,-0.0,23.0,False,0.0,False,-0.0,False,-0.0,False,-0.0,<25%
2026-02-13,up,0,90,1,0.1433591004919185,355.75,24913.25,21.25,29.75,True,2.764705882352941,True,0.7142857142857143,False,-1.0,False,-1.0,29.75,True,2.764705882352941,True,0.7142857142857143,False,-1.0,False,-1.0,<25%
2026-02-13,up,0,125,2,0.06756756756756757,407.0,24979.5,6.25,21.25,True,0.6588235294117647,True,0.29411764705882354,False,-1.0,False,-1.0,21.25,True,0.6588235294117647,True,0.29411764705882354,False,-1.0,False,-1.0,<25%
2026-02-13,up,0,135,3,0.1024713682941531,414.75,24980.0,13.5,29.0,True,0.0,False,-1.0,False,-1.0,False,-1.0,29.0,True,0.0,False,-1.0,False,-1.0,False,-1.0,<25%
2026-02-13,up,0,180,4,0.22362869198312235,414.75,24979.5,14.0,78.75,True,0.20317460317460317,True,0.17777777777777778,False,-1.0,False,-1.0,36.5,True,0.4383561643835616,True,0.3835616438356164,False,-1.0,False,-1.0,<25%
2026-02-13,up,0,230,5,0.17876424715056988,416.75,24963.0,32.5,42.0,True,0.0,False,-1.0,False,-1.0,False,-1.0,20.75,True,0.0,False,-1.0,False,-1.0,False,-1.0,<25%
2026-02-17,up,185,195,1,0.10357583230579531,405.5,24830.25,24.5,17.5,True,3.4,True,1.4,False,-1.0,False,-1.0,17.5,True,3.4,True,1.4,False,-1.0,False,-1.0,<25%
2026-02-17,up,185,230,2,0.11339600470035252,425.5,24862.0,12.75,35.5,True,0.7816901408450704,True,0.3591549295774648,False,-1.0,False,-1.0,25.5,True,0.0,False,-1.0,False,-1.0,False,-1.0,<25%
2026-02-18,up,20,65,1,0.05201916495550993,365.25,25109.75,7.5,11.5,True,0.34782608695652173,False,-1.0,False,-1.0,False,-1.0,11.5,True,0.34782608695652173,False,-1.0,False,-1.0,False,-1.0,<25%
2026-02-18,up,20,105,2,0.1461794019933555,376.25,25109.5,18.75,36.25,True,0.1310344827586207,False,-1.0,False,-1.0,False,-1.0,29.75,True,0.15966386554621848,False,-1.0,False,-1.0,False,-1.0,<25%
2026-02-18,up,20,135,3,0.15548172757475084,376.25,25087.5,40.75,17.75,True,2.23943661971831,False,-1.0,False,-1.0,False,-1.0,12.0,True,3.3125,False,-1.0,False,-1.0,False,-1.0,<25%
2026-02-18,up,20,210,4,0.3893687707641196,376.25,25030.25,98.0,48.5,True,0.07731958762886598,False,-1.0,False,-1.0,False,-1.0,24.5,True,0.15306122448979592,False,-1.0,False,-1.0,False,-1.0,25-50%
2026-02-18,up,20,300,5,0.7235880398671096,376.25,24912.25,216.0,56.25,False,1.5244444444444445,False,0.8044444444444444,False,0.8044444444444444,False,0.8044444444444444,41.5,False,2.066265060240964,False,1.0903614457831325,False,1.0903614457831325,False,1.0903614457831325,50-75%
2026-02-20,up,20,75,1,0.37364425162689807,461.0,25124.5,15.0,157.25,True,0.03815580286168521,False,-1.0,False,-1.0,False,-1.0,35.5,True,0.16901408450704225,False,-1.0,False,-1.0,False,-1.0,25-50%
2026-02-23,down,10,125,1,0.32594086021505375,372.0,24681.5,13.5,107.75,True,0.037122969837587005,False,-1.0,False,-1.0,False,-1.0,41.75,True,0.0,False,-1.0,False,-1.0,False,-1.0,25-50%
2026-02-23,down,10,250,2,0.4092741935483871,372.0,24698.25,30.25,122.0,False,0.1598360655737705,False,-0.5717213114754098,False,-0.5717213114754098,False,-0.5717213114754098,12.25,True,0.0,False,-1.0,False,-1.0,False,-1.0,25-50%
2026-02-24,up,10,30,1,0.1887072808320951,336.5,25019.75,11.25,52.25,False,1.1291866028708133,True,0.215311004784689,False,0.19617224880382775,False,0.19617224880382775,45.5,True,0.6043956043956044,True,0.24725274725274726,False,-1.0,False,-1.0,<25%
2026-02-24,up,10,80,2,0.221119773210489,352.75,25028.5,18.75,59.25,False,0.8481012658227848,True,0.31645569620253167,False,0.02531645569620253,False,0.02531645569620253,29.25,True,1.7179487179487178,True,0.6410256410256411,False,-1.0,False,-1.0,<25%
2026-02-24,up,10,110,3,0.08644400785854617,381.75,25062.5,13.75,19.25,True,0.6103896103896104,False,-1.0,False,-1.0,False,-1.0,15.5,True,0.7580645161290323,False,-1.0,False,-1.0,False,-1.0,<25%
2026-02-24,up,10,315,4,0.23487312947299935,384.25,25036.25,42.5,47.75,False,0.7486910994764397,False,-0.13089005235602094,False,-0.13089005235602094,False,-0.13089005235602094,8.5,True,4.205882352941177,False,-1.0,False,-1.0,False,-1.0,<25%
2026-02-25,up,210,275,1,0.06426155580608793,221.75,25374.75,3.75,10.5,True,0.023809523809523808,False,-1.0,False,-1.0,False,-1.0,9.25,True,0.02702702702702703,False,-1.0,False,-1.0,False,-1.0,<25%
2026-02-25,up,210,305,2,0.11950394588500564,221.75,25373.75,4.75,21.75,False,1.0459770114942528,True,0.21839080459770116,False,0.4942528735632184,False,0.4942528735632184,19.5,False,1.1666666666666667,True,0.24358974358974358,False,0.5512820512820513,False,0.5512820512820513,<25%
2026-02-26,down,0,65,1,0.4659031754294638,480.25,25017.75,156.0,67.75,True,1.9040590405904059,False,-1.0,False,-1.0,False,-1.0,50.5,True,2.5544554455445545,False,-1.0,False,-1.0,False,-1.0,25-50%
2026-02-26,down,0,265,2,0.4940135346173868,480.25,25063.0,201.25,36.0,False,1.0833333333333333,False,-0.5625,False,-0.5625,False,-0.5625,36.0,False,1.0833333333333333,False,-0.5625,False,-0.5625,False,-0.5625,25-50%
2026-02-27,up,10,60,1,0.3267223382045929,239.5,25005.5,16.0,62.25,True,0.060240963855421686,False,-1.0,False,-1.0,False,-1.0,39.25,True,0.09554140127388536,False,-1.0,False,-1.0,False,-1.0,25-50%
2026-02-27,up,10,275,2,0.6427870461236507,254.75,24915.0,121.75,42.0,False,2.5654761904761907,False,1.9821428571428572,False,1.9821428571428572,False,1.9821428571428572,17.0,False,6.338235294117647,False,4.897058823529412,False,4.897058823529412,False,4.897058823529412,50-75%
2026-03-02,up,35,215,1,0.23382820784729585,471.5,25028.25,48.25,62.0,True,1.1733870967741935,True,0.7782258064516129,False,-1.0,False,-1.0,40.0,True,1.81875,True,1.20625,False,-1.0,False,-1.0,<25%
2026-03-02,up,35,235,2,0.0640495867768595,484.0,25079.25,9.75,21.25,True,1.0235294117647058,True,0.4588235294117647,False,-1.0,False,-1.0,21.25,True,1.0235294117647058,True,0.4588235294117647,False,-1.0,False,-1.0,<25%
2026-03-03,up,75,80,1,0.158953722334004,372.75,24694.5,30.25,29.0,True,0.0,False,-1.0,False,-1.0,False,-1.0,29.0,True,0.0,False,-1.0,False,-1.0,False,-1.0,<25%
2026-03-03,up,75,110,2,0.2796780684104628,372.75,24697.0,27.75,76.5,True,0.19934640522875818,False,-1.0,False,-1.0,False,-1.0,57.0,True,0.2675438596491228,False,-1.0,False,-1.0,False,-1.0,25-50%
2026-03-03,up,75,195,3,0.1279916753381894,480.5,24807.75,24.75,36.75,True,0.4557823129251701,False,-1.0,False,-1.0,False,-1.0,36.75,True,0.4557823129251701,False,-1.0,False,-1.0,False,-1.0,<25%
2026-03-03,up,75,245,4,0.2559833506763788,480.5,24785.5,47.0,76.0,False,0.8486842105263158,True,0.618421052631579,False,-0.3717105263157895,False,-0.3717105263157895,76.0,False,0.8486842105263158,True,0.618421052631579,False,-0.3717105263157895,False,-0.3717105263157895,25-50%
2026-03-04,up,70,90,1,0.11103047895500726,344.5,25167.25,3.25,35.0,True,0.2,True,0.09285714285714286,False,-1.0,False,-1.0,35.0,True,0.2,True,0.09285714285714286,False,-1.0,False,-1.0,<25%
2026-03-04,up,70,185,2,0.054268696227663796,377.75,25193.75,10.0,10.5,True,1.9047619047619047,True,0.9523809523809523,False,-1.0,False,-1.0,10.5,True,1.9047619047619047,True,0.9523809523809523,False,-1.0,False,-1.0,<25%
2026-03-04,up,70,195,3,0.08188265635074146,387.75,25205.25,8.5,23.25,True,0.3870967741935484,True,0.3655913978494624,False,-1.0,False,-1.0,23.25,True,0.3870967741935484,True,0.3655913978494624,False,-1.0,False,-1.0,<25%
2026-03-04,up,70,210,4,0.09143593045717965,388.25,25208.75,5.5,30.0,True,0.3,True,0.18333333333333332,False,-1.0,False,-1.0,22.5,True,0.4,True,0.24444444444444444,False,-1.0,False,-1.0,<25%
2026-03-05,down,0,30,1,0.5998209489704566,279.25,25029.5,99.0,68.5,True,1.2773722627737227,False,-1.0,False,-1.0,False,-1.0,63.75,True,1.3725490196078431,False,-1.0,False,-1.0,False,-1.0,50-75%
2026-03-05,down,0,105,2,0.6893464637421666,279.25,24962.75,32.25,160.25,False,1.187207488299532,True,0.20124804992199688,True,0.6368954758190327,True,1.0725429017160686,71.0,True,2.6795774647887325,True,0.45422535211267606,True,1.4375,True,2.420774647887324,50-75%
2026-03-05,down,0,165,3,0.23707664884135474,420.75,24805.5,16.5,83.25,True,0.3963963963963964,True,0.1981981981981982,False,-1.0,False,-1.0,83.25,True,0.3963963963963964,True,0.1981981981981982,False,-1.0,False,-1.0,<25%
2026-03-05,down,0,200,4,0.2224128073184677,437.25,24782.25,9.75,87.5,True,0.002857142857142857,False,-1.0,False,-1.0,False,-1.0,44.75,True,0.0,False,-1.0,False,-1.0,False,-1.0,<25%
2026-03-06,up,0,65,1,0.3766122098022356,290.75,24858.0,41.5,68.0,True,1.0036764705882353,True,0.6102941176470589,False,-1.0,False,-1.0,59.75,True,1.1422594142259415,True,0.694560669456067,False,-1.0,False,-1.0,25-50%
2026-03-06,up,0,160,2,0.573228346456693,317.5,24888.75,37.5,144.5,True,0.06747404844290658,False,-1.0,False,-1.0,False,-1.0,82.75,True,0.11782477341389729,False,-1.0,False,-1.0,False,-1.0,50-75%
2026-03-09,up,10,95,1,0.08719346049046321,367.0,24662.0,18.0,14.0,True,0.0,False,-1.0,False,-1.0,False,-1.0,14.0,True,0.0,False,-1.0,False,-1.0,False,-1.0,<25%
2026-03-09,up,10,100,2,0.09809264305177112,367.0,24663.25,16.75,19.25,True,0.4935064935064935,False,-1.0,False,-1.0,False,-1.0,19.25,True,0.4935064935064935,False,-1.0,False,-1.0,False,-1.0,<25%
2026-03-09,up,10,120,3,0.1784207353827607,414.75,24694.0,33.75,40.25,True,1.3726708074534162,True,0.8385093167701864,False,-1.0,False,-1.0,40.25,True,1.3726708074534162,True,0.8385093167701864,False,-1.0,False,-1.0,<25%
2026-03-10,up,5,45,1,0.22174288179465057,289.75,25170.0,12.0,52.25,True,0.14354066985645933,False,-1.0,False,-1.0,False,-1.0,46.75,True,0.16042780748663102,False,-1.0,False,-1.0,False,-1.0,<25%
2026-03-10,up,5,120,2,0.3511647972389991,289.75,25154.0,28.0,73.75,True,0.8610169491525423,True,0.37966101694915255,False,-1.0,False,-1.0,22.25,True,0.449438202247191,False,-1.0,False,-1.0,False,-1.0,25-50%
2026-03-11,down,0,35,1,0.5941375422773394,221.75,25042.0,83.75,48.0,False,3.5104166666666665,True,1.7447916666666667,True,2.8997395833333335,False,1.2083333333333333,34.25,False,4.91970802919708,True,2.4452554744525545,True,4.063868613138686,False,1.6934306569343065,50-75%
2026-03-11,down,0,70,2,0.19273743016759776,268.5,24919.25,7.75,44.0,True,0.7102272727272727,True,0.17613636363636365,False,-1.0,False,-1.0,41.25,True,0.7575757575757576,True,0.18787878787878787,False,-1.0,False,-1.0,<25%
2026-03-11,down,0,90,3,0.2465753424657534,292.0,24905.0,17.0,55.0,True,0.1318181818181818,False,-1.0,False,-1.0,False,-1.0,36.0,True,0.2013888888888889,False,-1.0,False,-1.0,False,-1.0,<25%
2026-03-11,down,0,215,4,0.3629690048939641,306.5,24920.0,46.5,64.75,True,0.4826254826254826,False,-1.0,False,-1.0,False,-1.0,31.25,True,1.0,False,-1.0,False,-1.0,False,-1.0,25-50%
2026-03-12,down,0,35,1,0.5629770992366412,262.0,24601.75,29.25,118.25,True,0.34460887949260044,True,0.24735729386892177,False,-1.0,False,-1.0,16.5,True,2.4696969696969697,True,1.7727272727272727,False,-1.0,False,-1.0,50-75%
2026-03-12,down,0,45,2,0.1416819012797075,273.5,24583.75,22.75,16.0,True,0.0,False,-1.0,False,-1.0,False,-1.0,16.0,True,0.0,False,-1.0,False,-1.0,False,-1.0,<25%
2026-03-12,down,0,95,3,0.5438756855575868,273.5,24597.5,36.5,112.25,True,0.035634743875278395,False,-1.0,False,-1.0,False,-1.0,108.75,True,0.0367816091954023,False,-1.0,False,-1.0,False,-1.0,50-75%
2026-03-12,down,0,270,4,0.6371115173674589,273.5,24594.5,33.5,140.75,False,0.36767317939609234,True,0.23801065719360567,False,0.27886323268206037,False,0.27886323268206037,35.25,True,0.6950354609929078,False,-1.0,False,-1.0,False,-1.0,50-75%
2026-03-13,down,10,50,1,0.3129548762736536,343.5,24479.5,17.75,89.75,False,1.4373259052924792,True,0.1977715877437326,True,1.1545961002785516,False,0.9080779944289693,64.5,False,2.0,True,0.2751937984496124,True,1.6065891472868217,False,1.2635658914728682,25-50%
2026-03-13,down,10,130,2,0.23397823458282951,413.5,24427.75,36.0,60.75,False,1.271604938271605,True,0.5925925925925926,False,0.4897119341563786,False,0.4897119341563786,42.75,True,0.6432748538011696,False,-1.0,False,-1.0,False,-1.0,<25%
2026-03-13,down,10,225,3,0.13875069098949697,452.25,24385.75,32.75,30.0,True,0.6166666666666667,False,-1.0,False,-1.0,False,-1.0,30.0,True,0.6166666666666667,False,-1.0,False,-1.0,False,-1.0,<25%
2026-03-13,down,10,295,4,0.26423438363736873,452.25,24376.75,23.75,95.75,False,0.2741514360313316,True,0.24804177545691905,False,-0.22193211488250653,False,-0.22193211488250653,12.0,True,0.0,False,-1.0,False,-1.0,False,-1.0,25-50%
2026-03-18,down,160,225,1,0.5967940813810111,202.75,24841.0,45.5,75.5,False,2.6390728476821192,True,0.6026490066225165,True,1.2740066225165563,True,1.945364238410596,33.25,False,5.992481203007519,True,1.368421052631579,True,2.892857142857143,True,4.417293233082707,50-75%
2026-03-18,down,160,285,2,0.2526115859449193,263.25,24738.25,3.25,63.25,False,1.5256916996047432,True,0.05138339920948617,True,1.091897233201581,False,1.3715415019762847,28.75,False,3.356521739130435,True,0.11304347826086956,True,2.402173913043478,False,3.017391304347826,25-50%
2026-03-18,down,160,315,3,0.052711993888464474,327.25,24676.0,5.0,12.25,True,0.0,False,-1.0,False,-1.0,False,-1.0,12.25,True,0.0,False,-1.0,False,-1.0,False,-1.0,<25%
2026-03-19,up,40,75,1,0.7038988408851422,237.25,24430.75,133.25,33.75,True,2.725925925925926,False,-1.0,False,-1.0,False,-1.0,33.75,True,2.725925925925926,False,-1.0,False,-1.0,False,-1.0,50-75%
2026-03-19,up,40,200,2,0.7850368809272918,237.25,24475.25,88.75,97.5,False,2.217948717948718,True,0.9102564102564102,True,1.5185897435897435,True,2.126923076923077,47.0,True,0.015957446808510637,False,-1.0,False,-1.0,False,-1.0,75-100%
2026-03-19,up,40,285,3,0.16792323509252913,364.75,24662.5,29.0,32.25,True,0.0,False,-1.0,False,-1.0,False,-1.0,32.25,True,0.0,False,-1.0,False,-1.0,False,-1.0,<25%
2026-03-20,down,20,115,1,0.4826923076923077,260.0,24305.5,74.25,51.25,False,6.521951219512195,True,1.448780487804878,True,2.7170731707317075,True,3.9853658536585366,28.75,False,11.626086956521739,True,2.582608695652174,True,4.843478260869565,True,7.104347826086957,25-50%
2026-03-20,down,20,160,2,0.21092278719397364,265.5,24253.5,27.75,28.25,False,9.991150442477876,True,0.9823008849557522,True,3.331858407079646,True,5.68141592920354,28.25,False,9.991150442477876,True,0.9823008849557522,True,3.331858407079646,True,5.68141592920354,<25%
2026-03-20,down,20,190,3,0.13302397525135345,323.25,24186.0,18.0,25.0,True,0.88,True,0.72,False,-1.0,False,-1.0,25.0,True,0.88,True,0.72,False,-1.0,False,-1.0,<25%
2026-03-20,down,20,275,4,0.11289364230540701,420.75,24086.0,15.5,32.0,False,3.5859375,True,0.484375,False,-0.859375,False,-0.859375,14.0,True,8.196428571428571,True,1.1071428571428572,False,-1.0,False,-1.0,<25%
2026-03-23,down,85,145,1,0.30799475753604194,381.5,24368.75,60.25,57.25,True,1.0043668122270741,False,-1.0,False,-1.0,False,-1.0,25.25,True,2.277227722772277,False,-1.0,False,-1.0,False,-1.0,25-50%
2026-03-23,down,85,325,2,0.5982961992136304,381.5,24398.75,90.25,138.0,False,0.0,False,-0.0,False,-0.0,False,-0.0,55.75,False,0.0,False,-0.0,False,-0.0,False,-0.0,50-75%
2026-03-24,up,45,200,1,0.8955223880597015,251.25,24199.75,185.5,39.5,False,3.7531645569620253,False,0.4936708860759494,False,0.4936708860759494,False,0.4936708860759494,26.5,False,5.59433962264151,False,0.7358490566037735,False,0.7358490566037735,False,0.7358490566037735,75-100%
2026-03-25,down,45,150,1,0.6837160751565762,239.5,24406.5,120.0,43.75,True,0.6685714285714286,False,-1.0,False,-1.0,False,-1.0,36.0,True,0.8125,False,-1.0,False,-1.0,False,-1.0,50-75%
2026-03-25,down,45,250,2,0.8653444676409185,239.5,24397.25,110.75,96.5,False,0.8860103626943006,False,0.26424870466321243,False,0.26424870466321243,False,0.26424870466321243,14.75,False,5.796610169491525,False,1.728813559322034,False,1.728813559322034,False,1.728813559322034,75-100%
2026-03-26,down,60,90,1,0.39738562091503266,191.25,24081.0,29.75,46.25,False,6.616216216216216,True,0.6432432432432432,True,1.677027027027027,True,2.710810810810811,20.75,False,14.74698795180723,True,1.4337349397590362,True,3.7379518072289155,True,6.042168674698795,25-50%
2026-03-26,down,60,110,2,0.22210065645514224,228.5,24045.5,31.5,19.25,False,14.051948051948052,True,1.6363636363636365,True,4.603896103896104,True,7.571428571428571,19.25,False,14.051948051948052,True,1.6363636363636365,True,4.603896103896104,True,7.571428571428571,<25%
2026-03-26,down,60,125,3,0.13142857142857142,262.5,23988.75,8.75,25.75,True,0.7281553398058253,True,0.33980582524271846,False,-1.0,False,-1.0,25.75,True,0.7281553398058253,True,0.33980582524271846,False,-1.0,False,-1.0,<25%
2026-03-26,down,60,310,4,0.0711825487944891,435.5,23813.0,6.0,25.0,False,1.52,True,0.24,False,1.05,False,1.05,21.0,False,1.8095238095238095,True,0.2857142857142857,False,1.25,False,1.25,<25%
2026-03-27,down,165,195,1,0.06699751861042183,302.25,23364.0,2.25,18.0,True,2.0,True,0.125,False,-1.0,False,-1.0,18.0,True,2.0,True,0.125,False,-1.0,False,-1.0,<25%
2026-03-27,down,165,210,2,0.06796875,320.0,23354.75,10.75,11.0,True,2.4318181818181817,True,0.9772727272727273,False,-1.0,False,-1.0,11.0,True,2.4318181818181817,True,0.9772727272727273,False,-1.0,False,-1.0,<25%
2026-03-27,down,165,255,3,0.203125,336.0,23349.0,21.0,47.25,False,1.693121693121693,True,0.4444444444444444,False,0.8518518518518519,False,0.8518518518518519,20.0,False,4.0,True,1.05,False,2.0125,False,2.0125,<25%
2026-03-30,down,10,290,1,0.0525,500.0,23045.25,7.0,19.25,True,1.077922077922078,True,0.36363636363636365,False,-1.0,False,-1.0,15.75,True,1.3174603174603174,True,0.4444444444444444,False,-1.0,False,-1.0,<25%
2026-03-30,down,10,300,2,0.06569343065693431,513.75,23029.5,5.0,28.75,True,0.0,False,-1.0,False,-1.0,False,-1.0,28.75,True,0.0,False,-1.0,False,-1.0,False,-1.0,<25%
2026-03-31,up,125,215,1,0.25725725725725723,499.5,23820.25,55.75,72.75,False,2.1305841924398625,True,0.7663230240549829,False,1.2302405498281788,False,1.2302405498281788,31.0,False,5.0,True,1.7983870967741935,False,2.8870967741935485,False,2.8870967741935485,25-50%
2026-04-01,up,5,15,1,0.37888198757763975,201.25,24233.75,10.75,65.5,True,1.748091603053435,True,0.16412213740458015,True,0.9322519083969466,True,1.700381679389313,57.75,True,1.9826839826839826,True,0.18614718614718614,True,1.0573593073593073,True,1.9285714285714286,25-50%
2026-04-01,up,5,90,2,0.08105726872246696,283.75,24314.25,12.75,10.25,True,1.146341463414634,False,-1.0,False,-1.0,False,-1.0,10.25,True,1.146341463414634,False,-1.0,False,-1.0,False,-1.0,<25%
2026-04-01,up,5,130,3,0.14485165794066318,286.5,24325.5,4.25,37.25,True,0.610738255033557,True,0.11409395973154363,False,-1.0,False,-1.0,15.5,True,1.467741935483871,True,0.27419354838709675,False,-1.0,False,-1.0,<25%
2026-04-01,up,5,160,4,0.04344262295081967,305.0,24342.0,6.25,7.0,True,0.6785714285714286,False,-1.0,False,-1.0,False,-1.0,7.0,True,0.6785714285714286,False,-1.0,False,-1.0,False,-1.0,<25%
2026-04-01,up,5,245,5,0.7336065573770492,305.0,24162.0,186.25,37.5,False,2.5,False,1.0333333333333334,False,1.0333333333333334,False,1.0333333333333334,37.5,False,2.5,False,1.0333333333333334,False,1.0333333333333334,False,1.0333333333333334,50-75%
2026-04-02,up,0,140,1,0.3554140127388535,588.75,24150.25,116.5,92.75,False,0.8140161725067385,False,0.7601078167115903,False,0.7601078167115903,False,0.7601078167115903,22.5,True,0.0,False,-1.0,False,-1.0,False,-1.0,25-50%
2026-04-07,down,30,170,1,0.8192360163710778,366.5,24186.75,245.25,55.0,True,0.2909090909090909,False,-1.0,False,-1.0,False,-1.0,9.25,True,0.0,False,-1.0,False,-1.0,False,-1.0,75-100%
2026-04-07,down,30,245,2,0.9774897680763983,366.5,24186.5,245.0,113.25,True,0.9690949227373068,False,-1.0,False,-1.0,False,-1.0,13.75,True,7.9818181818181815,False,-1.0,False,-1.0,False,-1.0,75-100%
2026-04-08,down,10,35,1,0.36349574632637277,323.25,24990.25,63.75,53.75,True,0.21395348837209302,False,-1.0,False,-1.0,False,-1.0,46.0,True,0.25,False,-1.0,False,-1.0,False,-1.0,25-50%
2026-04-08,down,10,105,2,0.5862335653518949,323.25,25077.0,150.5,39.0,True,0.24358974358974358,False,-1.0,False,-1.0,False,-1.0,10.75,True,0.0,False,-1.0,False,-1.0,False,-1.0,50-75%
2026-04-08,down,10,225,3,0.7146171693735499,323.25,25054.0,127.5,103.5,False,1.070048309178744,False,-0.25120772946859904,False,-0.25120772946859904,False,-0.25120772946859904,77.75,False,1.4244372990353698,False,-0.33440514469453375,False,-0.33440514469453375,False,-0.33440514469453375,50-75%
2026-04-09,up,60,70,1,0.3401273885350318,196.25,25125.75,31.0,35.75,False,4.027972027972028,True,0.8671328671328671,True,2.2395104895104896,True,3.611888111888112,16.75,True,0.0,False,-1.0,False,-1.0,False,-1.0,25-50%
2026-04-09,up,60,80,2,0.14925373134328357,217.75,25177.25,1.0,31.5,True,2.8095238095238093,True,0.031746031746031744,True,1.7599206349206349,False,-1.0,31.5,True,2.8095238095238093,True,0.031746031746031744,True,1.7599206349206349,False,-1.0,<25%
2026-04-09,up,60,105,3,0.2031122031122031,305.25,25238.5,27.25,34.75,True,0.1223021582733813,False,-1.0,False,-1.0,False,-1.0,34.75,True,0.1223021582733813,False,-1.0,False,-1.0,False,-1.0,<25%
2026-04-09,up,60,155,4,0.3407043407043407,305.25,25225.5,40.25,63.75,True,0.49411764705882355,False,-1.0,False,-1.0,False,-1.0,24.5,True,1.1224489795918366,False,-1.0,False,-1.0,False,-1.0,25-50%
2026-04-09,up,60,245,5,0.3955773955773956,305.25,25187.0,78.75,42.0,False,1.9702380952380953,True,1.875,False,1.4761904761904763,False,1.4761904761904763,35.75,False,2.3146853146853146,True,2.202797202797203,False,1.7342657342657342,False,1.7342657342657342,25-50%
2026-04-10,down,85,90,1,0.1703204047217538,148.25,25256.75,12.0,13.25,True,0.3584905660377358,False,-1.0,False,-1.0,False,-1.0,13.25,True,0.3584905660377358,False,-1.0,False,-1.0,False,-1.0,<25%
2026-04-10,down,85,125,2,0.3827993254637437,148.25,25250.5,5.75,51.0,True,0.553921568627451,True,0.11274509803921569,False,-1.0,False,-1.0,16.75,True,1.6865671641791045,True,0.34328358208955223,False,-1.0,False,-1.0,25-50%
2026-04-10,down,85,255,3,0.34553440702781846,170.75,25246.5,24.25,34.75,True,0.07194244604316546,False,-1.0,False,-1.0,False,-1.0,4.0,True,0.0,False,-1.0,False,-1.0,False,-1.0,25-50%
2026-04-13,up,25,65,1,0.32004981320049813,200.75,25340.5,20.25,44.0,True,0.08522727272727272,False,-1.0,False,-1.0,False,-1.0,34.5,True,0.10869565217391304,False,-1.0,False,-1.0,False,-1.0,25-50%
2026-04-13,up,25,95,2,0.38978829389788294,200.75,25314.5,46.25,32.0,False,7.3671875,True,1.4453125,True,3.013671875,True,4.58203125,32.0,False,7.3671875,True,1.4453125,True,3.013671875,True,4.58203125,25-50%
2026-04-13,up,25,135,3,0.2969639468690702,263.5,25401.75,21.75,56.5,False,2.6283185840707963,True,0.38495575221238937,True,1.5508849557522124,False,2.415929203539823,28.5,False,5.2105263157894735,True,0.7631578947368421,True,3.074561403508772,False,4.7894736842105265,25-50%
2026-04-13,up,25,145,4,0.17454545454545456,275.0,25410.75,24.25,23.75,False,5.873684210526315,True,1.0210526315789474,True,3.9157894736842107,False,5.368421052631579,23.75,False,5.873684210526315,True,1.0210526315789474,True,3.9157894736842107,False,5.368421052631579,<25%
2026-04-13,up,25,250,5,0.1556350626118068,279.5,25423.5,16.0,27.5,False,4.609090909090909,True,0.5818181818181818,True,3.1227272727272726,False,4.172727272727273,9.75,False,13.0,True,1.641025641025641,True,8.807692307692308,False,11.76923076923077,<25%
2026-04-13,up,25,285,6,0.07979626485568761,294.5,25451.25,3.25,20.25,False,4.888888888888889,True,0.16049382716049382,True,3.7962962962962963,False,4.296296296296297,16.25,False,6.092307692307692,True,0.2,True,4.730769230769231,False,5.3538461538461535,<25%
2026-04-15,up,0,10,1,0.27126099706744866,170.5,26145.0,7.75,38.5,True,2.7662337662337664,True,0.2012987012987013,True,1.3084415584415585,True,2.4155844155844157,33.5,True,3.1791044776119404,True,0.23134328358208955,True,1.5037313432835822,True,2.7761194029850746,25-50%
2026-04-15,up,0,150,2,0.5543175487465181,269.25,26162.0,89.5,59.75,False,3.6066945606694563,True,1.497907949790795,True,2.6244769874476988,False,3.3849372384937237,25.25,False,8.534653465346535,True,3.5445544554455446,True,6.21039603960396,False,8.009900990099009,50-75%
2026-04-15,up,0,235,3,0.10063463281958296,275.75,26247.75,10.25,17.5,False,7.414285714285715,True,0.5857142857142857,True,4.525,False,6.6571428571428575,14.0,False,9.267857142857142,True,0.7321428571428571,True,5.65625,False,8.321428571428571,<25%
2026-04-15,up,0,255,4,0.07937806873977087,305.5,26285.75,2.0,22.25,False,4.123595505617978,True,0.0898876404494382,True,3.5224719101123596,False,3.5280898876404496,15.75,False,5.825396825396825,True,0.12698412698412698,True,4.976190476190476,False,4.984126984126984,<25%
2026-04-15,up,0,270,5,0.06906906906906907,333.0,26308.25,7.0,16.0,False,4.328125,True,0.4375,False,3.5,False,3.5,16.0,False,4.328125,True,0.4375,False,3.5,False,3.5,<25%
2026-04-16,up,35,85,1,0.2644859813084112,267.5,26533.25,9.75,61.0,True,0.5040983606557377,True,0.1598360655737705,False,-1.0,False,-1.0,32.5,True,0.9461538461538461,True,0.3,False,-1.0,False,-1.0,25-50%
2026-04-16,up,35,245,2,0.7244367417677643,288.5,26428.25,135.75,73.25,False,0.9590443686006825,False,0.7713310580204779,False,0.7713310580204779,False,0.7713310580204779,17.75,False,3.9577464788732395,False,3.183098591549296,False,3.183098591549296,False,3.183098591549296,50-75%
2026-04-17,up,0,95,1,0.34545454545454546,247.5,26840.0,37.0,48.5,True,0.9226804123711341,True,0.7628865979381443,False,-1.0,False,-1.0,12.5,True,1.48,False,-1.0,False,-1.0,False,-1.0,25-50%
2026-04-20,down,10,25,1,0.279445727482679,216.5,26637.75,26.5,34.0,True,2.0294117647058822,True,0.7794117647058824,False,-1.0,False,-1.0,34.0,True,2.0294117647058822,True,0.7794117647058824,False,-1.0,False,-1.0,25-50%
2026-04-20,down,10,245,2,0.6727799227799228,259.0,26712.75,144.0,30.25,True,0.09090909090909091,False,-1.0,False,-1.0,False,-1.0,21.75,True,0.12643678160919541,False,-1.0,False,-1.0,False,-1.0,50-75%
2026-04-21,down,30,130,1,0.5555555555555556,222.75,26681.5,19.0,104.75,True,0.7780429594272077,True,0.18138424821002386,True,0.7130071599045346,False,-1.0,37.0,True,2.2027027027027026,True,0.5135135135135135,True,2.018581081081081,False,-1.0,50-75%
2026-04-21,down,30,305,2,0.6538124452234881,285.25,26722.0,122.0,64.5,False,2.63953488372093,True,1.8914728682170543,False,1.2364341085271318,False,1.2364341085271318,46.75,False,3.641711229946524,True,2.609625668449198,False,1.7058823529411764,False,1.7058823529411764,50-75%
2026-04-22,up,5,40,1,0.33889602053915274,194.75,26975.25,31.0,35.0,False,3.3642857142857143,True,0.8857142857142857,True,2.2767857142857144,False,2.992857142857143,13.0,True,2.576923076923077,True,2.3846153846153846,False,-1.0,False,-1.0,25-50%
2026-04-22,up,5,65,2,0.1596958174904943,197.25,26995.75,13.0,18.5,True,0.0,False,-1.0,False,-1.0,False,-1.0,16.75,True,0.0,False,-1.0,False,-1.0,False,-1.0,<25%
2026-04-22,up,5,75,3,0.23193916349809887,197.25,26996.25,12.5,33.25,True,0.2631578947368421,False,-1.0,False,-1.0,False,-1.0,33.25,True,0.2631578947368421,False,-1.0,False,-1.0,False,-1.0,<25%
2026-04-22,up,5,150,4,0.26108998732572875,197.25,26998.5,10.25,41.25,False,2.290909090909091,True,0.24848484848484848,True,1.4439393939393939,False,1.9757575757575758,32.75,False,2.885496183206107,True,0.31297709923664124,True,1.8187022900763359,False,2.4885496183206106,25-50%
2026-04-22,up,5,190,5,0.10482180293501048,238.5,27040.75,9.25,15.75,True,0.0,False,-1.0,False,-1.0,False,-1.0,11.0,True,0.0,False,-1.0,False,-1.0,False,-1.0,<25%
2026-04-22,up,5,255,6,0.24109014675052412,238.5,27031.0,19.0,38.5,True,0.24025974025974026,False,-1.0,False,-1.0,False,-1.0,12.0,True,0.7708333333333334,False,-1.0,False,-1.0,False,-1.0,<25%
2026-04-22,up,5,280,7,0.3018867924528302,238.5,27031.5,18.5,53.5,False,1.1495327102803738,True,0.34579439252336447,False,0.9065420560747663,False,0.9065420560747663,11.75,False,5.23404255319149,True,1.574468085106383,False,4.127659574468085,False,4.127659574468085,25-50%
2026-04-22,up,5,310,8,0.08341810783316378,245.75,27054.5,2.75,17.75,False,2.1690140845070425,True,0.15492957746478872,False,1.4366197183098592,False,1.4366197183098592,7.25,False,5.310344827586207,True,0.3793103448275862,False,3.5172413793103448,False,3.5172413793103448,<25%
2026-04-23,up,30,120,1,0.6133682830930537,190.75,27107.5,48.25,68.75,True,0.16727272727272727,False,-1.0,False,-1.0,False,-1.0,24.0,True,0.4791666666666667,False,-1.0,False,-1.0,False,-1.0,50-75%
2026-04-23,down,155,175,1,0.2510566356720203,295.75,26870.75,10.75,63.5,True,0.0,False,-1.0,False,-1.0,False,-1.0,63.5,True,0.0,False,-1.0,False,-1.0,False,-1.0,25-50%
2026-04-24,up,25,80,1,0.15839860748476936,287.25,27394.25,23.25,22.25,True,0.3146067415730337,False,-1.0,False,-1.0,False,-1.0,22.25,True,0.3146067415730337,False,-1.0,False,-1.0,False,-1.0,<25%
2026-04-24,up,25,110,2,0.20017406440382943,287.25,27399.5,18.0,39.5,False,1.5949367088607596,True,0.45569620253164556,False,0.8734177215189873,False,0.8734177215189873,16.75,True,1.8507462686567164,True,1.0746268656716418,False,-1.0,False,-1.0,<25%
2026-04-24,up,25,190,3,0.21149042464612822,300.25,27415.0,15.5,48.0,False,0.9895833333333334,True,0.3229166666666667,False,0.3958333333333333,False,0.3958333333333333,19.5,True,2.4358974358974357,True,0.7948717948717948,False,-1.0,False,-1.0,<25%
2026-04-24,up,25,280,4,0.23702031602708803,332.25,27441.5,21.0,57.75,False,0.22510822510822512,False,-0.12987012987012986,False,-0.12987012987012986,False,-0.12987012987012986,10.75,True,1.2093023255813953,False,-1.0,False,-1.0,False,-1.0,<25%
2026-04-27,up,180,215,1,0.1592920353982301,141.25,27433.0,6.75,15.75,True,0.2698412698412698,False,-1.0,False,-1.0,False,-1.0,14.25,True,0.2982456140350877,False,-1.0,False,-1.0,False,-1.0,<25%
2026-04-27,up,180,280,2,0.3486725663716814,141.25,27413.75,26.0,23.25,False,1.7634408602150538,True,1.118279569892473,False,1.3440860215053763,False,1.3440860215053763,21.25,False,1.9294117647058824,True,1.223529411764706,False,1.4705882352941178,False,1.4705882352941178,25-50%
2026-04-27,up,180,325,3,0.1472,156.25,27445.0,9.75,13.25,False,0.0,False,0.0,False,0.0,False,0.0,13.25,False,0.0,False,0.0,False,0.0,False,0.0,<25%
