date,range_name,model,side,range_width,entry_minute,entry,stop,target,stop_pts,late_fill,outcome,r,r_be25,minutes_to_exit
2021-04-01,6am,retest,short,18.0,456,13217.0,13223.923076923076,13208.0,6.9230769230769225,False,loss,-1.0,0.0,11
2021-04-01,7am,failure,short,28.5,484,13230.5,13241.461538461539,13216.25,10.961538461538462,False,loss,-1.0,-1.0,8
2021-04-02,6am,retest,short,19.5,489,13364.5,13372.0,13354.75,7.5,False,win,1.3,1.3,12
2021-04-02,6am,failure,short,19.5,487,13364.5,13372.0,13354.75,7.5,False,win,1.3,1.3,14
2021-04-02,7am,failure,short,11.5,482,13361.5,13365.923076923076,13355.75,4.423076923076923,False,loss,-1.0,0.0,5
2021-04-05,6am,retest,short,26.25,483,13385.25,13395.346153846154,13372.125,10.096153846153845,False,win,1.3,1.3,11
2021-04-05,6am,failure,short,26.25,481,13385.25,13395.346153846154,13372.125,10.096153846153845,False,win,1.3,1.3,13
2021-04-05,7am,retest,short,23.25,483,13384.75,13393.692307692309,13373.125,8.942307692307692,False,win,1.3,1.3,11
2021-04-06,7am,retest,short,36.75,535,13577.0,13591.134615384615,13558.625,14.134615384615383,False,loss,-1.0,-1.0,5
2021-04-07,6am,retest,short,24.75,608,13595.75,13605.26923076923,13583.375,9.519230769230768,True,loss,-1.0,0.0,3
2021-04-07,6am,retest,long,24.75,430,13571.0,13561.48076923077,13583.375,9.519230769230768,False,loss,-1.0,0.0,19
2021-04-07,7am,retest,long,21.0,510,13560.0,13551.923076923076,13570.5,8.076923076923077,False,loss,-1.0,-1.0,7
2021-04-08,6am,retest,short,30.0,604,13743.75,13755.288461538461,13728.75,11.538461538461538,True,win,1.3,1.3,1
2021-04-08,6am,retest,long,30.0,490,13713.75,13702.211538461539,13728.75,11.538461538461538,False,win,1.3,1.3,21
2021-04-08,6am,failure,short,30.0,578,13743.75,13755.288461538461,13728.75,11.538461538461538,True,win,1.3,1.3,1
2021-04-08,6am,failure,long,30.0,468,13713.75,13702.211538461539,13728.75,11.538461538461538,False,win,1.3,0.0,43
2021-04-08,7am,retest,short,20.75,580,13731.5,13739.48076923077,13721.125,7.980769230769231,True,win,1.3,0.0,3
2021-04-08,7am,retest,long,20.75,498,13710.75,13702.76923076923,13721.125,7.980769230769231,False,win,1.3,1.3,12
2021-04-09,6am,retest,short,31.0,425,13739.5,13751.423076923076,13724.0,11.923076923076923,False,loss,-1.0,-1.0,18
2021-04-09,6am,retest,long,31.0,512,13708.5,13696.576923076924,13724.0,11.923076923076923,False,loss,-1.0,0.0,8
2021-04-09,6am,failure,long,31.0,503,13708.5,13696.576923076924,13724.0,11.923076923076923,False,loss,-1.0,0.0,17
2021-04-09,7am,retest,short,32.0,737,13754.75,13767.057692307691,13738.75,12.307692307692307,True,loss,-1.0,-1.0,5
2021-04-09,7am,retest,long,32.0,598,13722.75,13710.442307692309,13738.75,12.307692307692307,True,win,1.3,1.3,6
2021-04-09,7am,failure,short,32.0,713,13754.75,13767.057692307691,13738.75,12.307692307692307,True,loss,-1.0,-1.0,2
2021-04-09,7am,failure,long,32.0,482,13722.75,13710.442307692309,13738.75,12.307692307692307,False,loss,-1.0,-1.0,8
2021-04-12,6am,retest,short,39.0,798,13815.25,13830.25,13795.75,15.0,True,win,1.3,1.3,22
2021-04-12,6am,failure,short,39.0,775,13815.25,13830.25,13795.75,15.0,True,win,1.3,1.3,45
2021-04-12,7am,retest,short,26.0,546,13804.0,13814.0,13791.0,10.0,False,win,1.3,0.0,22
2021-04-12,7am,failure,short,26.0,543,13804.0,13814.0,13791.0,10.0,False,win,1.3,0.0,25
2021-04-13,6am,retest,short,37.75,501,13821.25,13835.76923076923,13802.375,14.519230769230768,False,win,1.3,1.3,9
2021-04-13,6am,retest,long,37.75,424,13783.5,13768.98076923077,13802.375,14.519230769230768,False,win,1.3,1.3,17
2021-04-14,6am,retest,long,11.5,561,13991.75,13987.326923076924,13997.5,4.423076923076923,False,loss,-1.0,0.0,7
2021-04-14,6am,failure,long,11.5,557,13991.75,13987.326923076924,13997.5,4.423076923076923,False,loss,-1.0,-1.0,0
2021-04-14,7am,retest,long,30.5,543,13998.5,13986.76923076923,14013.75,11.73076923076923,False,loss,-1.0,-1.0,14
2021-04-15,7am,failure,short,36.25,491,13914.75,13928.692307692309,13896.625,13.942307692307692,False,loss,-1.0,-1.0,6
2021-04-16,6am,retest,long,19.5,576,13987.0,13979.5,13996.75,7.5,True,loss,-1.0,0.0,4
2021-04-16,6am,failure,short,19.5,428,14006.5,14014.0,13996.75,7.5,False,loss,-1.0,-1.0,4
2021-04-16,7am,retest,short,32.75,547,14031.25,14043.846153846154,14014.875,12.596153846153845,False,loss,-1.0,0.0,21
2021-04-19,6am,retest,long,48.0,485,13975.0,13956.538461538461,13999.0,18.46153846153846,False,loss,-1.0,-1.0,11
2021-04-20,6am,retest,short,44.5,460,13858.5,13875.615384615385,13836.25,17.115384615384613,False,loss,-1.0,0.0,100
2021-04-20,6am,retest,long,44.5,667,13814.0,13796.884615384615,13836.25,17.115384615384613,True,loss,-1.0,-1.0,8
2021-04-20,6am,failure,long,44.5,646,13814.0,13796.884615384615,13836.25,17.115384615384613,True,loss,-1.0,0.0,7
2021-04-20,7am,retest,short,33.0,486,13868.5,13881.192307692309,13852.0,12.692307692307692,False,win,1.3,1.3,21
2021-04-20,7am,failure,short,33.0,483,13868.5,13881.192307692309,13852.0,12.692307692307692,False,win,1.3,1.3,24
2021-04-20,7am,failure,long,33.0,642,13835.5,13822.807692307691,13852.0,12.692307692307692,True,loss,-1.0,-1.0,1
2021-04-21,6am,retest,long,33.25,489,13755.0,13742.211538461539,13771.625,12.788461538461538,False,loss,-1.0,-1.0,17
2021-04-21,7am,retest,long,30.5,495,13758.0,13746.26923076923,13773.25,11.73076923076923,False,loss,-1.0,-1.0,6
2021-04-21,7am,failure,long,30.5,486,13758.0,13746.26923076923,13773.25,11.73076923076923,False,loss,-1.0,-1.0,15
2021-04-22,6am,retest,short,33.0,666,13916.0,13928.692307692309,13899.5,12.692307692307692,True,win,1.3,0.0,24
2021-04-22,6am,failure,short,33.0,629,13916.0,13928.692307692309,13899.5,12.692307692307692,True,loss,-1.0,-1.0,3
2021-04-22,6am,failure,long,33.0,487,13883.0,13870.307692307691,13899.5,12.692307692307692,False,win,1.3,1.3,5
2021-04-22,7am,retest,short,24.25,530,13907.75,13917.076923076924,13895.625,9.326923076923077,False,win,1.3,1.3,13
2021-04-22,7am,failure,long,24.25,487,13883.5,13874.173076923076,13895.625,9.326923076923077,False,win,1.3,1.3,2
2021-04-23,7am,failure,short,19.75,482,13782.0,13789.596153846154,13772.125,7.596153846153846,False,win,1.3,1.3,2
2021-04-26,6am,retest,short,18.0,485,13894.0,13900.923076923076,13885.0,6.9230769230769225,False,loss,-1.0,0.0,23
2021-04-26,6am,retest,long,18.0,433,13876.0,13869.076923076924,13885.0,6.9230769230769225,False,win,1.3,0.0,32
2021-04-26,7am,retest,short,32.25,506,13897.75,13910.153846153846,13881.625,12.403846153846153,False,loss,-1.0,-1.0,20
2021-04-26,7am,failure,short,32.25,490,13897.75,13910.153846153846,13881.625,12.403846153846153,False,loss,-1.0,0.0,36
2021-04-27,6am,retest,short,21.25,438,14033.5,14041.673076923076,14022.875,8.173076923076923,False,win,1.3,1.3,23
2021-04-27,6am,failure,short,21.25,426,14033.5,14041.673076923076,14022.875,8.173076923076923,False,win,1.3,1.3,35
2021-04-27,6am,failure,long,21.25,572,14012.25,14004.076923076924,14022.875,8.173076923076923,True,win,1.3,0.0,2
2021-04-27,7am,retest,short,13.75,494,14036.0,14041.288461538461,14029.125,5.288461538461538,False,win,1.3,0.0,30
2021-04-28,6am,retest,short,15.75,427,13942.5,13948.557692307691,13934.625,6.0576923076923075,False,loss,-1.0,-1.0,1
2021-04-28,6am,retest,long,15.75,472,13926.75,13920.692307692309,13934.625,6.0576923076923075,False,loss,-1.0,-1.0,3
2021-04-28,6am,failure,long,15.75,463,13926.75,13920.692307692309,13934.625,6.0576923076923075,False,loss,-1.0,-1.0,2
2021-04-28,7am,failure,long,32.75,573,13917.75,13905.153846153846,13934.125,12.596153846153845,True,loss,-1.0,-1.0,1
2021-04-29,6am,retest,short,19.5,448,14035.0,14042.5,14025.25,7.5,False,loss,-1.0,-1.0,2
2021-04-29,6am,retest,long,19.5,589,14015.5,14008.0,14025.25,7.5,True,loss,-1.0,0.0,1
2021-04-29,7am,retest,short,26.75,518,14047.5,14057.788461538461,14034.125,10.288461538461538,False,loss,-1.0,-1.0,15
2021-04-29,7am,failure,short,26.75,515,14047.5,14057.788461538461,14034.125,10.288461538461538,False,loss,-1.0,-1.0,18
2021-04-30,6am,retest,short,59.0,607,13892.25,13914.942307692309,13862.75,22.69230769230769,True,loss,-1.0,-1.0,16
2021-04-30,6am,retest,long,59.0,519,13833.25,13810.557692307691,13862.75,22.69230769230769,False,win,1.3,1.3,47
2021-04-30,6am,failure,short,59.0,588,13892.25,13914.942307692309,13862.75,22.69230769230769,True,loss,-1.0,0.0,35
2021-04-30,7am,retest,short,28.5,577,13870.25,13881.211538461539,13856.0,10.961538461538462,True,loss,-1.0,0.0,2
2021-04-30,7am,retest,long,28.5,525,13841.75,13830.788461538461,13856.0,10.961538461538462,False,win,1.3,1.3,7
2021-04-30,7am,failure,long,28.5,512,13841.75,13830.788461538461,13856.0,10.961538461538462,False,loss,-1.0,-1.0,5
2021-05-03,6am,retest,short,34.25,443,13893.0,13906.173076923076,13875.875,13.173076923076923,False,loss,-1.0,0.0,70
2021-05-03,6am,failure,long,34.25,579,13858.75,13845.576923076924,13875.875,13.173076923076923,True,win,1.3,1.3,2
2021-05-03,7am,retest,short,23.5,517,13900.0,13909.038461538461,13888.25,9.038461538461538,False,loss,-1.0,-1.0,10
2021-05-03,7am,retest,long,23.5,591,13876.5,13867.461538461539,13888.25,9.038461538461538,True,loss,-1.0,-1.0,1
2021-05-03,7am,failure,long,23.5,577,13876.5,13867.461538461539,13888.25,9.038461538461538,True,loss,-1.0,-1.0,0
2021-05-04,6am,failure,long,30.75,456,13732.25,13720.423076923076,13747.625,11.826923076923077,False,loss,-1.0,-1.0,3
2021-05-05,7am,retest,long,33.0,636,13597.75,13585.057692307691,13614.25,12.692307692307692,True,loss,-1.0,-1.0,3
2021-05-05,7am,failure,long,33.0,515,13597.75,13585.057692307691,13614.25,12.692307692307692,False,win,1.3,1.3,7
2021-05-06,6am,retest,short,37.25,721,13546.0,13560.326923076924,13527.375,14.326923076923077,True,loss,-1.0,0.0,24
2021-05-06,6am,retest,long,37.25,427,13508.75,13494.423076923076,13527.375,14.326923076923077,False,loss,-1.0,0.0,60
2021-05-06,6am,failure,short,37.25,703,13546.0,13560.326923076924,13527.375,14.326923076923077,True,loss,-1.0,-1.0,7
2021-05-06,7am,retest,short,32.0,801,13529.5,13541.807692307691,13513.5,12.307692307692307,True,loss,-1.0,0.0,13
2021-05-06,7am,retest,long,32.0,491,13497.5,13485.192307692309,13513.5,12.307692307692307,False,loss,-1.0,-1.0,8
2021-05-06,7am,failure,short,32.0,697,13529.5,13541.807692307691,13513.5,12.307692307692307,True,loss,-1.0,0.0,5
2021-05-07,7am,retest,long,17.0,490,13625.5,13618.961538461539,13634.0,6.538461538461538,False,win,1.3,0.0,14
2021-05-07,7am,failure,short,17.0,508,13642.5,13649.038461538461,13634.0,6.538461538461538,False,loss,-1.0,-1.0,2
2021-05-10,6am,retest,short,26.5,520,13676.75,13686.942307692309,13663.5,10.192307692307692,False,win,1.3,1.3,14
2021-05-10,6am,retest,long,26.5,465,13650.25,13640.057692307691,13663.5,10.192307692307692,False,win,1.3,0.0,21
2021-05-10,6am,failure,short,26.5,431,13676.75,13686.942307692309,13663.5,10.192307692307692,False,win,1.3,1.3,14
2021-05-11,6am,retest,short,40.0,588,13194.75,13210.134615384615,13174.75,15.384615384615383,True,loss,-1.0,-1.0,1
2021-05-11,6am,retest,long,40.0,467,13154.75,13139.365384615385,13174.75,15.384615384615383,False,loss,-1.0,-1.0,10
2021-05-11,6am,failure,long,40.0,454,13154.75,13139.365384615385,13174.75,15.384615384615383,False,loss,-1.0,-1.0,23
2021-05-11,7am,retest,short,71.75,590,13189.25,13216.846153846154,13153.375,27.596153846153847,True,loss,-1.0,-1.0,1
2021-05-11,7am,retest,long,71.75,496,13117.5,13089.903846153846,13153.375,27.596153846153847,False,loss,-1.0,-1.0,13
2021-05-11,7am,failure,long,71.75,490,13117.5,13089.903846153846,13153.375,27.596153846153847,False,loss,-1.0,-1.0,19
2021-05-12,6am,failure,short,52.75,498,13302.75,13323.038461538461,13276.375,20.288461538461537,False,win,1.3,1.3,11
2021-05-12,7am,failure,short,32.0,491,13283.25,13295.557692307691,13267.25,12.307692307692307,False,loss,-1.0,-1.0,5
2021-05-13,6am,failure,short,42.75,437,12978.75,12995.192307692309,12957.375,16.442307692307693,False,loss,-1.0,-1.0,1
2021-05-13,7am,retest,short,130.5,496,13083.75,13133.942307692309,13018.5,50.19230769230769,False,loss,-1.0,0.0,66
2021-05-14,6am,failure,short,23.25,429,13246.5,13255.442307692309,13234.875,8.942307692307692,False,win,1.3,1.3,6
2021-05-14,7am,retest,long,32.25,526,13218.25,13205.846153846154,13234.375,12.403846153846153,False,win,1.3,1.3,10
2021-05-14,7am,failure,long,32.25,516,13218.25,13205.846153846154,13234.375,12.403846153846153,False,loss,-1.0,-1.0,0
2021-05-17,6am,retest,long,21.5,447,13325.5,13317.23076923077,13336.25,8.269230769230768,False,win,1.3,0.0,10
2021-05-17,7am,retest,long,39.75,506,13307.0,13291.711538461539,13326.875,15.288461538461538,False,win,1.3,1.3,9
2021-05-17,7am,failure,long,39.75,481,13307.0,13291.711538461539,13326.875,15.288461538461538,False,win,1.3,0.0,34
2021-05-18,6am,retest,long,26.75,491,13387.75,13377.461538461539,13401.125,10.288461538461538,False,loss,-1.0,-1.0,12
2021-05-18,7am,retest,long,31.5,527,13366.0,13353.884615384615,13381.75,12.115384615384615,False,loss,-1.0,-1.0,3
2021-05-18,7am,failure,long,31.5,522,13366.0,13353.884615384615,13381.75,12.115384615384615,False,loss,-1.0,-1.0,8
2021-05-19,6am,retest,short,39.75,592,13067.0,13082.288461538461,13047.125,15.288461538461538,True,win,1.3,1.3,1
2021-05-19,6am,retest,long,39.75,442,13027.25,13011.961538461539,13047.125,15.288461538461538,False,loss,-1.0,-1.0,9
2021-05-19,7am,retest,short,69.0,592,13063.5,13090.038461538461,13029.0,26.538461538461537,True,win,1.3,0.0,4
2021-05-19,7am,retest,long,69.0,571,12994.5,12967.961538461539,13029.0,26.538461538461537,True,win,1.3,1.3,1
2021-05-19,7am,failure,short,69.0,585,13063.5,13090.038461538461,13029.0,26.538461538461537,True,win,1.3,1.3,2
2021-05-20,7am,failure,short,47.25,509,13240.0,13258.173076923076,13216.375,18.173076923076923,False,loss,-1.0,-1.0,17
2021-05-21,6am,retest,short,18.5,438,13526.75,13533.865384615385,13517.5,7.115384615384615,False,loss,-1.0,-1.0,10
2021-05-21,6am,failure,short,18.5,430,13526.75,13533.865384615385,13517.5,7.115384615384615,False,loss,-1.0,0.0,18
2021-05-21,7am,retest,short,37.0,575,13548.75,13562.98076923077,13530.25,14.23076923076923,True,win,1.3,1.3,2
2021-05-21,7am,retest,long,37.0,583,13511.75,13497.51923076923,13530.25,14.23076923076923,True,loss,-1.0,-1.0,2
2021-05-21,7am,failure,short,37.0,566,13548.75,13562.98076923077,13530.25,14.23076923076923,False,loss,-1.0,-1.0,2
2021-05-24,6am,failure,long,15.0,435,13483.75,13477.98076923077,13491.25,5.769230769230769,False,loss,-1.0,-1.0,5
2021-05-25,6am,retest,long,41.5,426,13684.5,13668.538461538461,13705.25,15.961538461538462,False,win,1.3,1.3,13
2021-05-25,7am,retest,long,43.75,626,13675.75,13658.923076923076,13697.625,16.826923076923077,True,loss,-1.0,-1.0,6
2021-05-26,6am,retest,short,17.75,429,13703.5,13710.326923076924,13694.625,6.826923076923077,False,loss,-1.0,-1.0,1
2021-05-26,6am,failure,short,17.75,422,13703.5,13710.326923076924,13694.625,6.826923076923077,False,loss,-1.0,-1.0,8
2021-05-26,6am,failure,long,17.75,557,13685.75,13678.923076923076,13694.625,6.826923076923077,False,win,1.3,1.3,7
2021-05-26,7am,retest,long,31.25,571,13697.25,13685.23076923077,13712.875,12.019230769230768,True,loss,-1.0,0.0,3
2021-05-26,7am,failure,long,31.25,538,13697.25,13685.23076923077,13712.875,12.019230769230768,False,loss,-1.0,-1.0,18
2021-05-27,6am,retest,short,29.5,432,13653.75,13665.096153846154,13639.0,11.346153846153845,False,win,1.3,1.3,28
2021-05-27,7am,retest,long,35.0,505,13634.25,13620.788461538461,13651.75,13.461538461538462,False,win,1.3,1.3,5
2021-05-28,6am,retest,short,20.75,586,13726.0,13733.98076923077,13715.625,7.980769230769231,True,win,1.3,1.3,2
2021-05-28,6am,retest,long,20.75,572,13705.25,13697.26923076923,13715.625,7.980769230769231,True,win,1.3,0.0,1
2021-05-28,7am,retest,short,16.5,586,13725.5,13731.846153846154,13717.25,6.346153846153846,True,loss,-1.0,-1.0,1
2021-05-28,7am,retest,long,16.5,573,13709.0,13702.653846153846,13717.25,6.346153846153846,True,loss,-1.0,-1.0,0
2021-05-31,6am,retest,short,21.75,527,13678.75,13687.115384615385,13667.875,8.365384615384615,False,win,1.3,0.0,60
2021-05-31,6am,retest,long,21.75,754,13657.0,13648.634615384615,13667.875,8.365384615384615,True,eod,-0.2689655172413748,-0.2689655172413748,25
2021-05-31,6am,failure,short,21.75,421,13678.75,13687.115384615385,13667.875,8.365384615384615,False,win,1.3,1.3,61
2021-05-31,6am,failure,long,21.75,750,13657.0,13648.634615384615,13667.875,8.365384615384615,True,eod,-0.2689655172413748,-0.2689655172413748,29
2021-05-31,7am,retest,short,12.0,536,13680.0,13684.615384615385,13674.0,4.615384615384615,False,win,1.3,1.3,9
2021-05-31,7am,retest,long,12.0,486,13668.0,13663.384615384615,13674.0,4.615384615384615,False,win,1.3,1.3,11
2021-06-01,6am,retest,short,11.75,451,13746.25,13750.76923076923,13740.375,4.519230769230769,False,win,1.3,1.3,4
2021-06-01,6am,retest,long,11.75,422,13734.5,13729.98076923077,13740.375,4.519230769230769,False,win,1.3,1.3,7
2021-06-01,6am,failure,short,11.75,442,13746.25,13750.76923076923,13740.375,4.519230769230769,False,loss,-1.0,-1.0,1
2021-06-01,7am,retest,short,27.25,585,13756.75,13767.23076923077,13743.125,10.48076923076923,True,win,1.3,1.3,3
2021-06-01,7am,retest,long,27.25,601,13729.5,13719.01923076923,13743.125,10.48076923076923,True,loss,-1.0,-1.0,0
2021-06-02,6am,retest,short,17.25,444,13646.75,13653.384615384615,13638.125,6.634615384615384,False,loss,-1.0,-1.0,17
2021-06-02,6am,retest,long,17.25,807,13629.5,13622.865384615385,13638.125,6.634615384615384,True,win,1.3,1.3,4
2021-06-02,6am,failure,short,17.25,421,13646.75,13653.384615384615,13638.125,6.634615384615384,False,loss,-1.0,-1.0,10
2021-06-02,7am,retest,short,18.75,572,13658.0,13665.211538461539,13648.625,7.211538461538462,True,loss,-1.0,-1.0,0
2021-06-02,7am,retest,long,18.75,813,13639.25,13632.038461538461,13648.625,7.211538461538462,True,loss,-1.0,0.0,10
2021-06-02,7am,failure,short,18.75,502,13658.0,13665.211538461539,13648.625,7.211538461538462,False,loss,-1.0,-1.0,5
2021-06-03,6am,failure,long,76.5,422,13568.25,13538.826923076924,13606.5,29.423076923076923,False,loss,-1.0,-1.0,21
2021-06-03,7am,failure,short,63.0,661,13581.25,13605.48076923077,13549.75,24.23076923076923,True,loss,-1.0,-1.0,4
2021-06-03,7am,failure,long,63.0,495,13518.25,13494.01923076923,13549.75,24.23076923076923,False,win,1.3,1.3,29
2021-06-04,6am,retest,short,41.0,465,13541.0,13556.76923076923,13520.5,15.769230769230768,False,loss,-1.0,-1.0,14
2021-06-04,6am,failure,short,41.0,421,13541.0,13556.76923076923,13520.5,15.769230769230768,False,loss,-1.0,-1.0,58
2021-06-04,7am,retest,short,22.25,490,13557.25,13565.807692307691,13546.125,8.557692307692307,False,win,1.3,1.3,10
2021-06-04,7am,failure,short,22.25,481,13557.25,13565.807692307691,13546.125,8.557692307692307,False,loss,-1.0,-1.0,4
2021-06-07,6am,retest,short,21.75,619,13723.0,13731.365384615385,13712.125,8.365384615384615,True,loss,-1.0,0.0,2
2021-06-07,6am,failure,short,21.75,421,13723.0,13731.365384615385,13712.125,8.365384615384615,False,loss,-1.0,-1.0,1
2021-06-07,7am,failure,short,48.75,516,13759.75,13778.5,13735.375,18.75,False,win,1.3,1.3,42
2021-06-08,6am,retest,short,62.25,594,13847.75,13871.692307692309,13816.625,23.94230769230769,True,win,1.3,0.0,37
2021-06-08,6am,retest,long,62.25,705,13785.5,13761.557692307691,13816.625,23.94230769230769,True,win,1.3,0.0,66
2021-06-08,6am,failure,long,62.25,678,13785.5,13761.557692307691,13816.625,23.94230769230769,True,loss,-1.0,-1.0,2
2021-06-08,7am,retest,short,41.75,488,13878.0,13894.057692307691,13857.125,16.057692307692307,False,loss,-1.0,-1.0,13
2021-06-08,7am,retest,long,41.75,604,13836.25,13820.192307692309,13857.125,16.057692307692307,True,loss,-1.0,0.0,27
2021-06-08,7am,failure,long,41.75,600,13836.25,13820.192307692309,13857.125,16.057692307692307,True,loss,-1.0,0.0,31
2021-06-09,6am,retest,short,27.25,431,13854.0,13864.48076923077,13840.375,10.48076923076923,False,win,1.3,1.3,22
2021-06-09,6am,retest,long,27.25,720,13826.75,13816.26923076923,13840.375,10.48076923076923,True,win,1.3,1.3,9
2021-06-09,6am,failure,short,27.25,426,13854.0,13864.48076923077,13840.375,10.48076923076923,False,win,1.3,1.3,27
2021-06-09,7am,retest,short,34.75,528,13864.0,13877.365384615385,13846.625,13.365384615384615,False,loss,-1.0,-1.0,40
2021-06-09,7am,retest,long,34.75,720,13829.25,13815.884615384615,13846.625,13.365384615384615,True,win,1.3,1.3,13
2021-06-09,7am,failure,long,34.75,616,13829.25,13815.884615384615,13846.625,13.365384615384615,True,win,1.3,1.3,6
2021-06-10,6am,retest,short,23.0,437,13788.5,13797.346153846154,13777.0,8.846153846153847,False,win,1.3,1.3,10
2021-06-10,7am,retest,short,51.0,505,13797.0,13816.615384615385,13771.5,19.615384615384613,False,win,1.3,1.3,5
2021-06-11,6am,retest,long,46.75,573,13950.0,13932.01923076923,13973.375,17.98076923076923,True,win,1.3,0.0,15
2021-06-11,6am,failure,short,46.75,429,13996.75,14014.73076923077,13973.375,17.98076923076923,False,win,1.3,1.3,52
2021-06-11,7am,retest,long,22.25,491,13975.5,13966.942307692309,13986.625,8.557692307692307,False,loss,-1.0,0.0,30
2021-06-14,6am,retest,short,20.5,434,14037.0,14044.884615384615,14026.75,7.884615384615384,False,win,1.3,1.3,15
2021-06-14,6am,failure,short,20.5,426,14037.0,14044.884615384615,14026.75,7.884615384615384,False,win,1.3,1.3,23
2021-06-14,6am,failure,long,20.5,517,14016.5,14008.615384615385,14026.75,7.884615384615384,False,loss,-1.0,-1.0,10
2021-06-14,7am,retest,short,20.75,744,14043.25,14051.23076923077,14032.875,7.980769230769231,True,loss,-1.0,0.0,74
2021-06-14,7am,failure,long,20.75,506,14022.5,14014.51923076923,14032.875,7.980769230769231,False,loss,-1.0,-1.0,12
2021-06-15,6am,retest,short,20.0,478,14140.75,14148.442307692309,14130.75,7.692307692307692,False,win,1.3,0.0,32
2021-06-15,6am,retest,long,20.0,517,14120.75,14113.057692307691,14130.75,7.692307692307692,False,loss,-1.0,0.0,1
2021-06-15,6am,failure,short,20.0,464,14140.75,14148.442307692309,14130.75,7.692307692307692,False,win,1.3,0.0,46
2021-06-15,7am,failure,long,13.25,511,14132.25,14127.153846153846,14138.875,5.096153846153846,False,loss,-1.0,-1.0,0
2021-06-16,6am,retest,short,16.5,556,14046.75,14053.096153846154,14038.5,6.346153846153846,False,loss,-1.0,0.0,10
2021-06-16,7am,retest,short,15.0,552,14044.0,14049.76923076923,14036.5,5.769230769230769,False,loss,-1.0,-1.0,14
2021-06-16,7am,retest,long,15.0,484,14029.0,14023.23076923077,14036.5,5.769230769230769,False,win,1.3,1.3,6
2021-06-16,7am,failure,short,15.0,539,14044.0,14049.76923076923,14036.5,5.769230769230769,False,loss,-1.0,-1.0,2
2021-06-17,6am,retest,short,34.75,472,13917.0,13930.365384615385,13899.625,13.365384615384615,False,win,1.3,0.0,28
2021-06-17,6am,failure,short,34.75,426,13917.0,13930.365384615385,13899.625,13.365384615384615,False,loss,-1.0,-1.0,1
2021-06-17,7am,retest,short,32.25,559,13933.25,13945.653846153846,13917.125,12.403846153846153,False,loss,-1.0,-1.0,11
2021-06-17,7am,retest,long,32.25,511,13901.0,13888.596153846154,13917.125,12.403846153846153,False,win,1.3,1.3,3
2021-06-17,7am,failure,short,32.25,553,13933.25,13945.653846153846,13917.125,12.403846153846153,False,loss,-1.0,-1.0,17
2021-06-18,6am,failure,long,20.0,430,14166.75,14159.057692307691,14176.75,7.692307692307692,False,loss,-1.0,-1.0,1
2021-06-21,6am,retest,long,21.5,646,14093.75,14085.48076923077,14104.5,8.269230769230768,True,loss,-1.0,-1.0,2
2021-06-21,7am,retest,short,45.25,655,14107.25,14124.653846153846,14084.625,17.403846153846153,True,loss,-1.0,0.0,11
2021-06-21,7am,retest,long,45.25,492,14062.0,14044.596153846154,14084.625,17.403846153846153,False,loss,-1.0,0.0,78
2021-06-22,6am,retest,short,38.75,524,14143.75,14158.653846153846,14124.375,14.903846153846153,False,win,1.3,1.3,6
2021-06-22,7am,retest,long,42.0,527,14137.0,14120.846153846154,14158.0,16.153846153846153,False,loss,-1.0,-1.0,6
2021-06-23,6am,retest,long,22.0,457,14258.5,14250.038461538461,14269.5,8.461538461538462,False,win,1.3,0.0,34
2021-06-23,6am,failure,long,22.0,437,14258.5,14250.038461538461,14269.5,8.461538461538462,False,loss,-1.0,0.0,4
2021-06-23,7am,retest,short,31.5,505,14270.5,14282.615384615385,14254.75,12.115384615384615,False,win,1.3,0.0,60
2021-06-24,6am,retest,short,15.25,487,14353.0,14358.865384615385,14345.375,5.865384615384615,False,win,1.3,0.0,41
2021-06-24,7am,retest,short,12.75,513,14349.25,14354.153846153846,14342.875,4.903846153846153,False,loss,-1.0,-1.0,5
2021-06-24,7am,failure,short,12.75,481,14349.25,14354.153846153846,14342.875,4.903846153846153,False,loss,-1.0,-1.0,4
2021-06-25,6am,retest,short,12.75,514,14384.5,14389.403846153846,14378.125,4.903846153846153,False,loss,-1.0,-1.0,1
2021-06-25,6am,retest,long,12.75,438,14371.75,14366.846153846154,14378.125,4.903846153846153,False,loss,-1.0,0.0,13
2021-06-25,7am,retest,short,26.5,514,14383.5,14393.692307692309,14370.25,10.192307692307692,False,loss,-1.0,-1.0,2
2021-06-28,6am,retest,short,17.5,438,14374.75,14381.48076923077,14366.0,6.730769230769231,False,loss,-1.0,-1.0,3
2021-06-28,6am,failure,short,17.5,435,14374.75,14381.48076923077,14366.0,6.730769230769231,False,loss,-1.0,-1.0,6
2021-06-28,7am,retest,short,22.5,538,14389.0,14397.653846153846,14377.75,8.653846153846153,False,loss,-1.0,-1.0,32
2021-06-28,7am,failure,short,22.5,536,14389.0,14397.653846153846,14377.75,8.653846153846153,False,loss,-1.0,-1.0,34
2021-06-29,6am,retest,short,22.0,601,14513.5,14521.961538461539,14502.5,8.461538461538462,True,win,1.3,0.0,4
2021-06-29,6am,retest,long,22.0,503,14491.5,14483.038461538461,14502.5,8.461538461538462,False,loss,-1.0,-1.0,14
2021-06-29,7am,retest,short,31.0,601,14513.0,14524.923076923076,14497.5,11.923076923076923,True,win,1.3,1.3,11
2021-06-29,7am,retest,long,31.0,487,14482.0,14470.076923076924,14497.5,11.923076923076923,False,win,1.3,1.3,14
2021-06-29,7am,failure,long,31.0,484,14482.0,14470.076923076924,14497.5,11.923076923076923,False,win,1.3,1.3,17
2021-06-30,6am,retest,short,14.75,426,14554.0,14559.673076923076,14546.625,5.6730769230769225,False,loss,-1.0,-1.0,5
2021-06-30,6am,failure,short,14.75,423,14554.0,14559.673076923076,14546.625,5.6730769230769225,False,loss,-1.0,-1.0,8
2021-06-30,7am,retest,long,33.0,576,14542.5,14529.807692307691,14559.0,12.692307692307692,True,win,1.3,1.3,2
2021-06-30,7am,failure,long,33.0,573,14542.5,14529.807692307691,14559.0,12.692307692307692,True,loss,-1.0,0.0,2
2021-07-01,6am,retest,short,46.25,470,14544.5,14562.288461538461,14521.375,17.788461538461537,False,win,1.3,0.0,100
2021-07-01,6am,retest,long,46.25,677,14498.25,14480.461538461539,14521.375,17.788461538461537,True,loss,-1.0,-1.0,5
2021-07-01,7am,retest,short,42.0,489,14548.75,14564.903846153846,14527.75,16.153846153846153,False,win,1.3,1.3,79
2021-07-01,7am,retest,long,42.0,670,14506.75,14490.596153846154,14527.75,16.153846153846153,True,loss,-1.0,-1.0,1
2021-07-01,7am,failure,long,42.0,668,14506.75,14490.596153846154,14527.75,16.153846153846153,True,loss,-1.0,-1.0,3
2021-07-02,6am,retest,short,15.5,449,14581.75,14587.711538461539,14574.0,5.961538461538462,False,loss,-1.0,-1.0,2
2021-07-02,6am,failure,short,15.5,428,14581.75,14587.711538461539,14574.0,5.961538461538462,False,loss,-1.0,0.0,23
2021-07-02,7am,retest,short,27.5,487,14601.75,14612.326923076924,14588.0,10.576923076923077,False,win,1.3,1.3,23
2021-07-05,6am,retest,short,10.5,431,14704.75,14708.788461538461,14699.5,4.038461538461538,False,loss,-1.0,-1.0,2
2021-07-05,6am,failure,long,10.5,589,14694.25,14690.211538461539,14699.5,4.038461538461538,True,win,1.3,0.0,14
2021-07-05,7am,retest,long,14.25,593,14696.25,14690.76923076923,14703.375,5.480769230769231,True,loss,-1.0,0.0,178
2021-07-05,7am,failure,short,14.25,546,14710.5,14715.98076923077,14703.375,5.480769230769231,False,win,1.3,1.3,8
2021-07-05,7am,failure,long,14.25,584,14696.25,14690.76923076923,14703.375,5.480769230769231,True,loss,-1.0,0.0,187
2021-07-06,6am,retest,short,28.5,469,14733.25,14744.211538461539,14719.0,10.961538461538462,False,loss,-1.0,-1.0,51
2021-07-06,6am,retest,long,28.5,785,14704.75,14693.788461538461,14719.0,10.961538461538462,True,win,1.3,1.3,23
2021-07-06,6am,failure,short,28.5,444,14733.25,14744.211538461539,14719.0,10.961538461538462,False,loss,-1.0,-1.0,76
2021-07-06,6am,failure,long,28.5,708,14704.75,14693.788461538461,14719.0,10.961538461538462,True,win,1.3,1.3,2
2021-07-06,7am,retest,short,27.25,568,14743.75,14754.23076923077,14730.125,10.48076923076923,False,loss,-1.0,-1.0,2
2021-07-06,7am,retest,long,27.25,709,14716.5,14706.01923076923,14730.125,10.48076923076923,True,loss,-1.0,0.0,11
2021-07-06,7am,failure,short,27.25,521,14743.75,14754.23076923077,14730.125,10.48076923076923,False,loss,-1.0,0.0,49
2021-07-07,6am,retest,short,27.5,465,14856.25,14866.826923076924,14842.5,10.576923076923077,False,loss,-1.0,-1.0,25
2021-07-07,6am,retest,long,27.5,576,14828.75,14818.173076923076,14842.5,10.576923076923077,True,win,1.3,0.0,5
2021-07-07,6am,failure,short,27.5,429,14856.25,14866.826923076924,14842.5,10.576923076923077,False,loss,-1.0,-1.0,0
2021-07-07,7am,retest,long,23.5,585,14843.75,14834.711538461539,14855.5,9.038461538461538,True,loss,-1.0,-1.0,0
2021-07-07,7am,failure,short,23.5,491,14867.25,14876.288461538461,14855.5,9.038461538461538,False,win,1.3,1.3,22
2021-07-07,7am,failure,long,23.5,573,14843.75,14834.711538461539,14855.5,9.038461538461538,True,loss,-1.0,0.0,1
2021-07-08,6am,retest,long,65.75,502,14569.5,14544.211538461539,14602.375,25.288461538461537,False,win,1.3,1.3,26
2021-07-08,7am,retest,long,58.25,510,14582.0,14559.596153846154,14611.125,22.403846153846153,False,win,1.3,1.3,18
2021-07-09,6am,retest,short,32.5,443,14700.25,14712.75,14684.0,12.5,False,loss,-1.0,-1.0,3
2021-07-09,6am,failure,short,32.5,421,14700.25,14712.75,14684.0,12.5,False,loss,-1.0,-1.0,3
2021-07-09,7am,retest,long,36.75,568,14691.5,14677.365384615385,14709.875,14.134615384615383,False,win,1.3,1.3,4
2021-07-09,7am,failure,long,36.75,555,14691.5,14677.365384615385,14709.875,14.134615384615383,False,win,1.3,0.0,17
2021-07-12,6am,retest,short,33.75,447,14846.5,14859.48076923077,14829.625,12.98076923076923,False,loss,-1.0,-1.0,44
2021-07-12,6am,retest,long,33.75,604,14812.75,14799.76923076923,14829.625,12.98076923076923,True,win,1.3,0.0,9
2021-07-12,7am,failure,short,17.5,490,14852.0,14858.73076923077,14843.25,6.730769230769231,False,loss,-1.0,-1.0,1
2021-07-13,6am,retest,short,12.0,605,14927.5,14932.115384615385,14921.5,4.615384615384615,True,loss,-1.0,-1.0,1
2021-07-13,6am,retest,long,12.0,487,14915.5,14910.884615384615,14921.5,4.615384615384615,False,loss,-1.0,-1.0,23
2021-07-13,6am,failure,long,12.0,477,14915.5,14910.884615384615,14921.5,4.615384615384615,False,loss,-1.0,0.0,2
2021-07-13,7am,failure,long,15.0,510,14910.75,14904.98076923077,14918.25,5.769230769230769,False,loss,-1.0,-1.0,0
2021-07-14,6am,retest,short,14.0,427,14921.25,14926.634615384615,14914.25,5.384615384615384,False,win,1.3,0.0,37
2021-07-14,6am,failure,long,14.0,421,14907.25,14901.865384615385,14914.25,5.384615384615384,False,win,1.3,1.3,2
2021-07-14,7am,retest,long,36.5,706,14903.0,14888.961538461539,14921.25,14.038461538461538,True,loss,-1.0,-1.0,1
2021-07-15,6am,retest,long,50.75,434,14898.5,14878.98076923077,14923.875,19.51923076923077,False,loss,-1.0,-1.0,5
2021-07-15,7am,retest,long,52.0,573,14864.0,14844.0,14890.0,20.0,True,loss,-1.0,-1.0,1
2021-07-16,6am,retest,short,27.0,431,14819.25,14829.634615384615,14805.75,10.384615384615385,False,loss,-1.0,0.0,70
2021-07-16,6am,retest,long,27.0,619,14792.25,14781.865384615385,14805.75,10.384615384615385,True,loss,-1.0,-1.0,1
2021-07-16,6am,failure,long,27.0,609,14792.25,14781.865384615385,14805.75,10.384615384615385,True,loss,-1.0,-1.0,2
2021-07-16,7am,retest,short,19.0,499,14826.0,14833.307692307691,14816.5,7.3076923076923075,False,win,1.3,1.3,11
2021-07-16,7am,failure,short,19.0,496,14826.0,14833.307692307691,14816.5,7.3076923076923075,False,win,1.3,1.3,14
2021-07-16,7am,failure,long,19.0,597,14807.0,14799.692307692309,14816.5,7.3076923076923075,True,win,1.3,0.0,2
2021-07-19,7am,retest,long,98.5,505,14523.5,14485.615384615385,14572.75,37.88461538461539,False,win,1.3,0.0,81
2021-07-20,6am,retest,short,36.0,426,14621.5,14635.346153846154,14603.5,13.846153846153845,False,win,1.3,1.3,8
2021-07-20,6am,retest,long,36.0,558,14585.5,14571.653846153846,14603.5,13.846153846153845,False,loss,-1.0,-1.0,2
2021-07-20,6am,failure,long,36.0,553,14585.5,14571.653846153846,14603.5,13.846153846153845,False,loss,-1.0,-1.0,7
2021-07-20,7am,retest,short,36.75,643,14627.0,14641.134615384615,14608.625,14.134615384615383,True,loss,-1.0,-1.0,3
2021-07-20,7am,retest,long,36.75,569,14590.25,14576.115384615385,14608.625,14.134615384615383,False,loss,-1.0,0.0,2
2021-07-21,6am,retest,short,21.5,595,14739.75,14748.01923076923,14729.0,8.269230769230768,True,loss,-1.0,-1.0,2
2021-07-21,6am,retest,long,21.5,574,14718.25,14709.98076923077,14729.0,8.269230769230768,True,win,1.3,0.0,1
2021-07-21,6am,failure,short,21.5,576,14739.75,14748.01923076923,14729.0,8.269230769230768,True,win,1.3,0.0,3
2021-07-21,7am,retest,short,60.0,583,14728.25,14751.326923076924,14698.25,23.076923076923077,True,loss,-1.0,-1.0,14
2021-07-22,6am,retest,long,19.75,526,14837.75,14830.153846153846,14847.625,7.596153846153846,False,loss,-1.0,0.0,27
2021-07-22,6am,failure,long,19.75,522,14837.75,14830.153846153846,14847.625,7.596153846153846,False,loss,-1.0,0.0,31
2021-07-22,7am,retest,short,24.25,592,14862.5,14871.826923076924,14850.375,9.326923076923077,True,loss,-1.0,-1.0,2
2021-07-22,7am,retest,long,24.25,525,14838.25,14828.923076923076,14850.375,9.326923076923077,False,win,1.3,0.0,45
2021-07-22,7am,failure,long,24.25,522,14838.25,14828.923076923076,14850.375,9.326923076923077,False,win,1.3,0.0,48
2021-07-23,6am,retest,short,10.0,642,15007.5,15011.346153846154,15002.5,3.846153846153846,True,win,1.3,1.3,1
2021-07-23,6am,failure,long,10.0,425,14997.5,14993.653846153846,15002.5,3.846153846153846,False,loss,-1.0,-1.0,2
2021-07-23,7am,retest,short,28.25,632,15002.5,15013.365384615385,14988.375,10.865384615384615,True,loss,-1.0,0.0,6
2021-07-23,7am,retest,long,28.25,537,14974.25,14963.384615384615,14988.375,10.865384615384615,False,loss,-1.0,0.0,33
2021-07-23,7am,failure,short,28.25,620,15002.5,15013.365384615385,14988.375,10.865384615384615,True,win,1.3,1.3,1
2021-07-23,7am,failure,long,28.25,530,14974.25,14963.384615384615,14988.375,10.865384615384615,False,loss,-1.0,0.0,40
2021-07-26,6am,retest,short,28.5,459,15090.5,15101.461538461539,15076.25,10.961538461538462,False,win,1.3,1.3,21
2021-07-26,6am,retest,long,28.5,520,15062.0,15051.038461538461,15076.25,10.961538461538462,False,win,1.3,1.3,41
2021-07-26,7am,retest,short,34.25,612,15096.5,15109.673076923076,15079.375,13.173076923076923,True,loss,-1.0,0.0,21
2021-07-26,7am,retest,long,34.25,520,15062.25,15049.076923076924,15079.375,13.173076923076923,False,win,1.3,1.3,46
2021-07-27,6am,retest,short,15.5,499,15110.5,15116.461538461539,15102.75,5.961538461538462,False,loss,-1.0,-1.0,6
2021-07-27,6am,failure,short,15.5,421,15110.5,15116.461538461539,15102.75,5.961538461538462,False,loss,-1.0,-1.0,0
2021-07-27,7am,retest,long,22.5,558,15109.0,15100.346153846154,15120.25,8.653846153846153,False,loss,-1.0,-1.0,7
2021-07-27,7am,failure,long,22.5,499,15109.0,15100.346153846154,15120.25,8.653846153846153,False,win,1.3,1.3,16
2021-07-28,6am,retest,short,35.25,443,14989.0,15002.557692307691,14971.375,13.557692307692307,False,loss,-1.0,0.0,60
2021-07-28,6am,retest,long,35.25,593,14953.75,14940.192307692309,14971.375,13.557692307692307,True,win,1.3,0.0,3
2021-07-28,6am,failure,short,35.25,436,14989.0,15002.557692307691,14971.375,13.557692307692307,False,loss,-1.0,0.0,67
2021-07-28,7am,retest,short,35.0,569,14999.25,15012.711538461539,14981.75,13.461538461538462,False,loss,-1.0,-1.0,1
2021-07-28,7am,failure,short,35.0,500,14999.25,15012.711538461539,14981.75,13.461538461538462,False,loss,-1.0,-1.0,10
2021-07-29,6am,retest,short,45.0,490,15005.25,15022.557692307691,14982.75,17.307692307692307,False,win,1.3,1.3,79
2021-07-29,6am,failure,short,45.0,488,15005.25,15022.557692307691,14982.75,17.307692307692307,False,win,1.3,1.3,81
2021-07-29,7am,retest,short,23.75,519,14998.25,15007.384615384615,14986.375,9.134615384615385,False,win,1.3,1.3,10
2021-07-29,7am,failure,short,23.75,481,14998.25,15007.384615384615,14986.375,9.134615384615385,False,loss,-1.0,-1.0,6
2021-07-30,6am,retest,long,45.25,486,14856.75,14839.346153846154,14879.375,17.403846153846153,False,win,1.3,1.3,30
2021-07-30,6am,failure,long,45.25,482,14856.75,14839.346153846154,14879.375,17.403846153846153,False,win,1.3,1.3,34
2021-07-30,7am,retest,long,40.5,486,14862.75,14847.173076923076,14883.0,15.576923076923077,False,win,1.3,1.3,30
2021-07-30,7am,failure,short,40.5,571,14903.25,14918.826923076924,14883.0,15.576923076923077,True,win,1.3,0.0,1
2021-07-30,7am,failure,long,40.5,481,14862.75,14847.173076923076,14883.0,15.576923076923077,False,loss,-1.0,-1.0,1
2021-08-02,6am,retest,short,42.25,684,15042.25,15058.5,15021.125,16.25,True,win,1.3,0.0,29
2021-08-02,7am,retest,long,34.5,615,14997.25,14983.98076923077,15014.5,13.269230769230768,True,win,1.3,1.3,4
2021-08-03,6am,retest,short,15.5,550,14981.5,14987.461538461539,14973.75,5.961538461538462,False,loss,-1.0,-1.0,5
2021-08-03,6am,retest,long,15.5,445,14966.0,14960.038461538461,14973.75,5.961538461538462,False,win,1.3,1.3,17
2021-08-03,6am,failure,long,15.5,436,14966.0,14960.038461538461,14973.75,5.961538461538462,False,win,1.3,1.3,26
2021-08-03,7am,retest,long,20.0,575,14960.5,14952.807692307691,14970.5,7.692307692307692,True,loss,-1.0,-1.0,0
2021-08-04,6am,retest,long,12.25,441,15050.75,15046.038461538461,15056.875,4.711538461538462,False,loss,-1.0,-1.0,5
2021-08-04,6am,failure,long,12.25,423,15050.75,15046.038461538461,15056.875,4.711538461538462,False,win,1.3,1.3,2
2021-08-04,7am,failure,long,24.75,481,15033.25,15023.73076923077,15045.625,9.519230769230768,False,win,1.3,1.3,14
2021-08-05,6am,retest,long,15.0,427,15102.25,15096.48076923077,15109.75,5.769230769230769,False,win,1.3,0.0,26
2021-08-05,6am,failure,long,15.0,424,15102.25,15096.48076923077,15109.75,5.769230769230769,False,win,1.3,0.0,29
2021-08-05,7am,retest,short,19.75,598,15116.75,15124.346153846154,15106.875,7.596153846153846,True,loss,-1.0,0.0,1
2021-08-05,7am,retest,long,19.75,552,15097.0,15089.403846153846,15106.875,7.596153846153846,False,loss,-1.0,0.0,18
2021-08-05,7am,failure,long,19.75,531,15097.0,15089.403846153846,15106.875,7.596153846153846,False,loss,-1.0,0.0,39
2021-08-06,7am,retest,long,8.0,488,15147.5,15144.423076923076,15151.5,3.0769230769230766,False,win,1.3,0.0,13
2021-08-06,7am,failure,long,8.0,483,15147.5,15144.423076923076,15151.5,3.0769230769230766,False,loss,-1.0,0.0,1
2021-08-09,6am,retest,short,17.25,432,15117.0,15123.634615384615,15108.375,6.634615384615384,False,loss,-1.0,-1.0,14
2021-08-09,6am,retest,long,17.25,547,15099.75,15093.115384615385,15108.375,6.634615384615384,False,win,1.3,1.3,14
2021-08-09,7am,retest,long,24.0,556,15102.75,15093.51923076923,15114.75,9.23076923076923,False,win,1.3,1.3,13
2021-08-09,7am,failure,long,24.0,544,15102.75,15093.51923076923,15114.75,9.23076923076923,False,win,1.3,1.3,25
2021-08-10,6am,retest,short,11.0,427,15146.25,15150.48076923077,15140.75,4.230769230769231,False,win,1.3,1.3,21
2021-08-10,7am,retest,short,13.5,600,15150.5,15155.692307692309,15143.75,5.1923076923076925,True,loss,-1.0,-1.0,0
2021-08-10,7am,failure,long,13.5,541,15137.0,15131.807692307691,15143.75,5.1923076923076925,False,win,1.3,1.3,12
2021-08-11,6am,retest,short,36.75,510,15023.75,15037.884615384615,15005.375,14.134615384615383,False,loss,-1.0,-1.0,0
2021-08-11,6am,retest,long,36.75,665,14987.0,14972.865384615385,15005.375,14.134615384615383,True,loss,-1.0,0.0,11
2021-08-11,6am,failure,short,36.75,422,15023.75,15037.884615384615,15005.375,14.134615384615383,False,loss,-1.0,0.0,88
2021-08-11,7am,retest,short,18.25,637,15026.25,15033.26923076923,15017.125,7.019230769230769,True,loss,-1.0,-1.0,0
2021-08-11,7am,retest,long,18.25,726,15008.0,15000.98076923077,15017.125,7.019230769230769,True,loss,-1.0,-1.0,2
2021-08-11,7am,failure,long,18.25,661,15008.0,15000.98076923077,15017.125,7.019230769230769,True,loss,-1.0,0.0,1
2021-08-12,6am,retest,short,29.25,675,15035.0,15046.25,15020.375,11.25,True,loss,-1.0,-1.0,4
2021-08-12,6am,retest,long,29.25,623,15005.75,14994.5,15020.375,11.25,True,win,1.3,1.3,6
2021-08-12,6am,failure,short,29.25,636,15035.0,15046.25,15020.375,11.25,True,loss,-1.0,0.0,14
2021-08-12,6am,failure,long,29.25,519,15005.75,14994.5,15020.375,11.25,False,loss,-1.0,0.0,8
2021-08-12,7am,retest,long,15.5,517,15015.75,15009.788461538461,15023.5,5.961538461538462,False,loss,-1.0,-1.0,2
2021-08-12,7am,failure,short,15.5,634,15031.25,15037.211538461539,15023.5,5.961538461538462,True,loss,-1.0,0.0,1
2021-08-12,7am,failure,long,15.5,507,15015.75,15009.788461538461,15023.5,5.961538461538462,False,loss,-1.0,0.0,3
2021-08-13,6am,retest,short,9.0,563,15087.5,15090.961538461539,15083.0,3.4615384615384612,False,loss,-1.0,-1.0,2
2021-08-13,6am,retest,long,9.0,539,15078.5,15075.038461538461,15083.0,3.4615384615384612,False,win,1.3,0.0,8
2021-08-13,6am,failure,short,9.0,557,15087.5,15090.961538461539,15083.0,3.4615384615384612,False,loss,-1.0,-1.0,3
2021-08-13,6am,failure,long,9.0,428,15078.5,15075.038461538461,15083.0,3.4615384615384612,False,loss,-1.0,-1.0,2
2021-08-13,7am,retest,short,25.25,573,15083.0,15092.711538461539,15070.375,9.711538461538462,True,win,1.3,0.0,5
2021-08-13,7am,failure,short,25.25,551,15083.0,15092.711538461539,15070.375,9.711538461538462,False,loss,-1.0,-1.0,14
2021-08-16,6am,retest,short,42.5,581,15103.5,15119.846153846154,15082.25,16.346153846153847,True,win,1.3,1.3,6
2021-08-16,6am,retest,long,42.5,821,15061.0,15044.653846153846,15082.25,16.346153846153847,True,win,1.3,1.3,27
2021-08-16,6am,failure,short,42.5,578,15103.5,15119.846153846154,15082.25,16.346153846153847,True,win,1.3,0.0,9
2021-08-16,7am,retest,short,29.25,574,15097.25,15108.5,15082.625,11.25,True,loss,-1.0,0.0,6
2021-08-16,7am,retest,long,29.25,486,15068.0,15056.75,15082.625,11.25,False,win,1.3,0.0,63
2021-08-16,7am,failure,long,29.25,482,15068.0,15056.75,15082.625,11.25,False,win,1.3,0.0,67
2021-08-17,6am,retest,long,16.75,442,15071.0,15064.557692307691,15079.375,6.4423076923076925,False,win,1.3,1.3,13
2021-08-18,6am,failure,long,43.0,526,14985.25,14968.711538461539,15006.75,16.538461538461537,False,loss,-1.0,-1.0,30
2021-08-18,7am,retest,long,25.75,505,15002.5,14992.596153846154,15015.375,9.903846153846153,False,loss,-1.0,-1.0,3
2021-08-19,6am,retest,short,44.25,578,14799.5,14816.51923076923,14777.375,17.01923076923077,True,win,1.3,0.0,2
2021-08-19,6am,retest,long,44.25,435,14755.25,14738.23076923077,14777.375,17.01923076923077,False,loss,-1.0,0.0,45
2021-08-19,7am,retest,long,29.25,485,14741.0,14729.75,14755.625,11.25,False,win,1.3,1.3,5
2021-08-20,6am,retest,short,21.0,452,14902.5,14910.576923076924,14892.0,8.076923076923077,False,loss,-1.0,-1.0,8
2021-08-20,6am,retest,long,21.0,432,14881.5,14873.423076923076,14892.0,8.076923076923077,False,win,1.3,1.3,13
2021-08-20,6am,failure,short,21.0,450,14902.5,14910.576923076924,14892.0,8.076923076923077,False,loss,-1.0,-1.0,10
2021-08-20,6am,failure,long,21.0,429,14881.5,14873.423076923076,14892.0,8.076923076923077,False,win,1.3,0.0,16
2021-08-20,7am,retest,short,37.25,494,14914.25,14928.576923076924,14895.625,14.326923076923077,False,loss,-1.0,-1.0,9
2021-08-23,6am,retest,short,10.5,427,15132.5,15136.538461538461,15127.25,4.038461538461538,False,win,1.3,0.0,14
2021-08-23,6am,retest,long,10.5,529,15122.0,15117.961538461539,15127.25,4.038461538461538,False,win,1.3,1.3,12
2021-08-23,6am,failure,short,10.5,421,15132.5,15136.538461538461,15127.25,4.038461538461538,False,win,1.3,0.0,20
2021-08-23,7am,retest,long,15.5,532,15125.0,15119.038461538461,15132.75,5.961538461538462,False,win,1.3,1.3,25
2021-08-23,7am,failure,long,15.5,520,15125.0,15119.038461538461,15132.75,5.961538461538462,False,loss,-1.0,-1.0,5
2021-08-24,6am,retest,short,11.75,611,15357.0,15361.51923076923,15351.125,4.519230769230769,True,loss,-1.0,-1.0,0
2021-08-24,6am,retest,long,11.75,452,15345.25,15340.73076923077,15351.125,4.519230769230769,False,loss,-1.0,-1.0,2
2021-08-24,6am,failure,short,11.75,609,15357.0,15361.51923076923,15351.125,4.519230769230769,True,loss,-1.0,-1.0,0
2021-08-24,7am,retest,short,26.25,615,15355.5,15365.596153846154,15342.375,10.096153846153845,True,loss,-1.0,-1.0,7
2021-08-24,7am,retest,long,26.25,499,15329.25,15319.153846153846,15342.375,10.096153846153845,False,loss,-1.0,-1.0,3
2021-08-24,7am,failure,short,26.25,609,15355.5,15365.596153846154,15342.375,10.096153846153845,True,loss,-1.0,-1.0,0
2021-08-25,6am,retest,short,18.5,573,15375.0,15382.115384615385,15365.75,7.115384615384615,True,loss,-1.0,-1.0,0
2021-08-25,6am,retest,long,18.5,425,15356.5,15349.384615384615,15365.75,7.115384615384615,False,loss,-1.0,-1.0,14
2021-08-25,6am,failure,long,18.5,421,15356.5,15349.384615384615,15365.75,7.115384615384615,False,loss,-1.0,-1.0,18
2021-08-25,7am,retest,short,25.75,523,15359.25,15369.153846153846,15346.375,9.903846153846153,False,loss,-1.0,-1.0,20
2021-08-25,7am,failure,short,25.75,520,15359.25,15369.153846153846,15346.375,9.903846153846153,False,loss,-1.0,-1.0,23
2021-08-26,6am,retest,short,16.75,474,15342.75,15349.192307692309,15334.375,6.4423076923076925,False,win,1.3,0.0,41
2021-08-26,6am,retest,long,16.75,526,15326.0,15319.557692307691,15334.375,6.4423076923076925,False,loss,-1.0,0.0,8
2021-08-26,6am,failure,short,16.75,440,15342.75,15349.192307692309,15334.375,6.4423076923076925,False,loss,-1.0,-1.0,1
2021-08-26,7am,retest,short,20.75,592,15355.0,15362.98076923077,15344.625,7.980769230769231,True,win,1.3,0.0,5
2021-08-26,7am,retest,long,20.75,566,15334.25,15326.26923076923,15344.625,7.980769230769231,False,win,1.3,1.3,4
2021-08-26,7am,failure,short,20.75,571,15355.0,15362.98076923077,15344.625,7.980769230769231,True,win,1.3,0.0,4
2021-08-27,6am,retest,long,9.75,448,15322.0,15318.25,15326.875,3.75,False,loss,-1.0,0.0,12
2021-08-27,7am,retest,short,20.75,540,15329.25,15337.23076923077,15318.875,7.980769230769231,False,win,1.3,1.3,11
2021-08-27,7am,retest,long,20.75,561,15308.5,15300.51923076923,15318.875,7.980769230769231,False,loss,-1.0,0.0,8
2021-08-27,7am,failure,short,20.75,534,15329.25,15337.23076923077,15318.875,7.980769230769231,False,win,1.3,1.3,17
2021-08-30,6am,retest,short,9.75,568,15455.0,15458.75,15450.125,3.75,False,loss,-1.0,0.0,2
2021-08-30,6am,retest,long,9.75,425,15445.25,15441.5,15450.125,3.75,False,loss,-1.0,-1.0,31
2021-08-30,7am,retest,short,8.25,485,15447.75,15450.923076923076,15443.625,3.173076923076923,False,win,1.3,0.0,7
2021-08-30,7am,retest,long,8.25,520,15439.5,15436.326923076924,15443.625,3.173076923076923,False,win,1.3,1.3,5
2021-08-30,7am,failure,short,8.25,482,15447.75,15450.923076923076,15443.625,3.173076923076923,False,win,1.3,0.0,10
2021-08-30,7am,failure,long,8.25,501,15439.5,15436.326923076924,15443.625,3.173076923076923,False,win,1.3,0.0,24
2021-08-31,6am,retest,long,65.0,509,15571.5,15546.5,15604.0,25.0,False,win,1.3,1.3,56
2021-08-31,7am,retest,long,38.75,523,15576.5,15561.596153846154,15595.875,14.903846153846153,False,win,1.3,1.3,34
2021-08-31,7am,failure,long,38.75,505,15576.5,15561.596153846154,15595.875,14.903846153846153,False,win,1.3,1.3,52
2021-09-01,6am,retest,short,15.0,459,15621.75,15627.51923076923,15614.25,5.769230769230769,False,loss,-1.0,-1.0,19
2021-09-01,7am,retest,short,20.0,491,15628.5,15636.192307692309,15618.5,7.692307692307692,False,loss,-1.0,-1.0,4
2021-09-01,7am,failure,short,20.0,488,15628.5,15636.192307692309,15618.5,7.692307692307692,False,loss,-1.0,-1.0,7
2021-09-01,7am,failure,long,20.0,956,15608.5,15600.807692307691,15618.5,7.692307692307692,True,eod,0.38999999999995744,0.38999999999995744,3
2021-09-02,6am,retest,short,8.75,440,15645.75,15649.115384615385,15641.375,3.3653846153846154,False,loss,-1.0,0.0,3
2021-09-02,6am,failure,long,8.75,604,15637.0,15633.634615384615,15641.375,3.3653846153846154,True,loss,-1.0,-1.0,0
2021-09-02,7am,retest,short,18.25,531,15657.75,15664.76923076923,15648.625,7.019230769230769,False,loss,-1.0,0.0,38
2021-09-02,7am,retest,long,18.25,607,15639.5,15632.48076923077,15648.625,7.019230769230769,True,loss,-1.0,-1.0,3
2021-09-02,7am,failure,short,18.25,514,15657.75,15664.76923076923,15648.625,7.019230769230769,False,loss,-1.0,0.0,55
2021-09-02,7am,failure,long,18.25,604,15639.5,15632.48076923077,15648.625,7.019230769230769,True,loss,-1.0,-1.0,0
2021-09-03,6am,retest,short,10.0,434,15623.0,15626.846153846154,15618.0,3.846153846153846,False,loss,-1.0,-1.0,8
2021-09-03,7am,retest,long,14.25,536,15616.0,15610.51923076923,15623.125,5.480769230769231,False,loss,-1.0,0.0,1
2021-09-06,6am,retest,short,12.5,632,15698.75,15703.557692307691,15692.5,4.8076923076923075,True,loss,-1.0,-1.0,22
2021-09-06,6am,failure,short,12.5,595,15698.75,15703.557692307691,15692.5,4.8076923076923075,True,loss,-1.0,-1.0,5
2021-09-06,7am,retest,short,9.25,711,15697.0,15700.557692307691,15692.375,3.5576923076923075,True,loss,-1.0,-1.0,30
2021-09-06,7am,retest,long,9.25,576,15687.75,15684.192307692309,15692.375,3.5576923076923075,True,win,1.3,1.3,9
2021-09-06,7am,failure,long,9.25,571,15687.75,15684.192307692309,15692.375,3.5576923076923075,True,win,1.3,1.3,14
2021-09-07,6am,retest,short,19.75,531,15645.5,15653.096153846154,15635.625,7.596153846153846,False,loss,-1.0,-1.0,17
2021-09-07,6am,failure,short,19.75,447,15645.5,15653.096153846154,15635.625,7.596153846153846,False,loss,-1.0,-1.0,8
2021-09-08,6am,retest,short,12.0,442,15670.5,15675.115384615385,15664.5,4.615384615384615,False,loss,-1.0,0.0,40
2021-09-08,6am,retest,long,12.0,497,15658.5,15653.884615384615,15664.5,4.615384615384615,False,win,1.3,0.0,21
2021-09-08,7am,retest,long,19.25,497,15659.75,15652.346153846154,15669.375,7.403846153846153,False,win,1.3,1.3,30
2021-09-09,6am,retest,long,12.75,802,15583.0,15578.096153846154,15589.375,4.903846153846153,True,loss,-1.0,-1.0,0
2021-09-09,7am,retest,short,54.25,532,15627.75,15648.615384615385,15600.625,20.865384615384613,False,loss,-1.0,-1.0,42
2021-09-09,7am,retest,long,54.25,810,15573.5,15552.634615384615,15600.625,20.865384615384613,True,win,1.3,0.0,89
2021-09-09,7am,failure,long,54.25,804,15573.5,15552.634615384615,15600.625,20.865384615384613,True,win,1.3,0.0,95
2021-09-10,6am,retest,short,15.75,442,15624.75,15630.807692307691,15616.875,6.0576923076923075,False,loss,-1.0,-1.0,26
2021-09-10,7am,retest,short,12.75,499,15633.25,15638.153846153846,15626.875,4.903846153846153,False,win,1.3,1.3,28
2021-09-10,7am,retest,long,12.75,615,15620.5,15615.596153846154,15626.875,4.903846153846153,True,loss,-1.0,-1.0,1
2021-09-10,7am,failure,short,12.75,487,15633.25,15638.153846153846,15626.875,4.903846153846153,False,loss,-1.0,-1.0,6
2021-09-13,7am,retest,short,16.25,505,15519.25,15525.5,15511.125,6.25,False,loss,-1.0,-1.0,5
2021-09-13,7am,failure,short,16.25,487,15519.25,15525.5,15511.125,6.25,False,loss,-1.0,-1.0,7
2021-09-14,6am,retest,short,24.0,595,15440.25,15449.48076923077,15428.25,9.23076923076923,True,win,1.3,0.0,3
2021-09-14,6am,retest,long,24.0,468,15416.25,15407.01923076923,15428.25,9.23076923076923,False,loss,-1.0,-1.0,2
2021-09-14,7am,retest,short,38.75,597,15434.0,15448.903846153846,15414.625,14.903846153846153,True,win,1.3,1.3,3
2021-09-15,6am,retest,long,20.25,424,15408.75,15400.961538461539,15418.875,7.788461538461538,False,loss,-1.0,0.0,25
2021-09-15,7am,retest,long,24.5,751,15392.5,15383.076923076924,15404.75,9.423076923076923,True,win,1.3,1.3,3
2021-09-15,7am,failure,long,24.5,506,15392.5,15383.076923076924,15404.75,9.423076923076923,False,win,1.3,1.3,4
2021-09-16,6am,retest,short,14.25,429,15469.0,15474.48076923077,15461.875,5.480769230769231,False,win,1.3,1.3,17
2021-09-16,6am,retest,long,14.25,458,15454.75,15449.26923076923,15461.875,5.480769230769231,False,loss,-1.0,0.0,11
2021-09-16,6am,failure,short,14.25,422,15469.0,15474.48076923077,15461.875,5.480769230769231,False,loss,-1.0,-1.0,1
2021-09-16,7am,retest,short,28.0,861,15474.75,15485.51923076923,15460.75,10.769230769230768,True,loss,-1.0,0.0,16
2021-09-16,7am,retest,long,28.0,484,15446.75,15435.98076923077,15460.75,10.769230769230768,False,loss,-1.0,0.0,22
2021-09-17,6am,retest,long,26.75,573,15460.0,15449.711538461539,15473.375,10.288461538461538,True,loss,-1.0,-1.0,0
2021-09-17,6am,failure,short,26.75,484,15486.75,15497.038461538461,15473.375,10.288461538461538,False,loss,-1.0,-1.0,12
2021-09-20,6am,retest,long,33.75,444,15144.0,15131.01923076923,15160.875,12.98076923076923,False,loss,-1.0,-1.0,2
2021-09-20,7am,retest,long,77.0,555,15087.0,15057.384615384615,15125.5,29.615384615384613,False,loss,-1.0,-1.0,15
2021-09-20,7am,failure,long,77.0,492,15087.0,15057.384615384615,15125.5,29.615384615384613,False,loss,-1.0,-1.0,18
2021-09-21,6am,retest,short,18.5,490,15130.5,15137.615384615385,15121.25,7.115384615384615,False,win,1.3,1.3,4
2021-09-21,6am,retest,long,18.5,464,15112.0,15104.884615384615,15121.25,7.115384615384615,False,win,1.3,0.0,15
2021-09-21,6am,failure,short,18.5,487,15130.5,15137.615384615385,15121.25,7.115384615384615,False,win,1.3,1.3,7
2021-09-21,7am,retest,long,25.75,496,15102.5,15092.596153846154,15115.375,9.903846153846153,False,win,1.3,1.3,1
2021-09-22,6am,retest,short,16.0,514,15084.75,15090.903846153846,15076.75,6.153846153846153,False,loss,-1.0,0.0,8
2021-09-22,6am,retest,long,16.0,426,15068.75,15062.596153846154,15076.75,6.153846153846153,False,loss,-1.0,-1.0,10
2021-09-22,6am,failure,long,16.0,423,15068.75,15062.596153846154,15076.75,6.153846153846153,False,loss,-1.0,-1.0,13
2021-09-22,7am,retest,short,17.5,494,15072.0,15078.73076923077,15063.25,6.730769230769231,False,loss,-1.0,0.0,8
2021-09-22,7am,failure,short,17.5,484,15072.0,15078.73076923077,15063.25,6.730769230769231,False,loss,-1.0,0.0,18
2021-09-23,6am,retest,short,55.75,598,15287.0,15308.442307692309,15259.125,21.44230769230769,True,loss,-1.0,0.0,5
2021-09-23,6am,retest,long,55.75,492,15231.25,15209.807692307691,15259.125,21.44230769230769,False,loss,-1.0,0.0,46
2021-09-23,6am,failure,short,55.75,595,15287.0,15308.442307692309,15259.125,21.44230769230769,True,loss,-1.0,0.0,8
2021-09-23,6am,failure,long,55.75,484,15231.25,15209.807692307691,15259.125,21.44230769230769,False,loss,-1.0,0.0,54
2021-09-23,7am,retest,long,33.25,494,15230.0,15217.211538461539,15246.625,12.788461538461538,False,win,1.3,1.3,2
2021-09-23,7am,failure,short,33.25,585,15263.25,15276.038461538461,15246.625,12.788461538461538,True,loss,-1.0,0.0,4
2021-09-23,7am,failure,long,33.25,485,15230.0,15217.211538461539,15246.625,12.788461538461538,False,win,1.3,1.3,11
2021-09-24,6am,retest,short,33.25,606,15246.75,15259.538461538461,15230.125,12.788461538461538,True,win,1.3,0.0,4
2021-09-24,6am,retest,long,33.25,445,15213.5,15200.711538461539,15230.125,12.788461538461538,False,loss,-1.0,0.0,33
2021-09-24,7am,retest,short,37.0,581,15233.75,15247.98076923077,15215.25,14.23076923076923,True,win,1.3,1.3,4
2021-09-24,7am,retest,long,37.0,483,15196.75,15182.51923076923,15215.25,14.23076923076923,False,loss,-1.0,0.0,44
2021-09-27,6am,retest,long,65.25,432,15223.0,15197.903846153846,15255.625,25.096153846153847,False,loss,-1.0,0.0,64
2021-09-27,7am,retest,long,34.5,487,15216.0,15202.73076923077,15233.25,13.269230769230768,False,loss,-1.0,-1.0,4
2021-09-27,7am,failure,long,34.5,482,15216.0,15202.73076923077,15233.25,13.269230769230768,False,loss,-1.0,-1.0,9
2021-09-28,6am,retest,short,49.5,426,14974.0,14993.038461538461,14949.25,19.038461538461537,False,win,1.3,1.3,5
2021-09-28,6am,retest,long,49.5,589,14924.5,14905.461538461539,14949.25,19.038461538461537,True,win,1.3,0.0,7
2021-09-28,6am,failure,short,49.5,423,14974.0,14993.038461538461,14949.25,19.038461538461537,False,win,1.3,1.3,8
2021-09-28,6am,failure,long,49.5,586,14924.5,14905.461538461539,14949.25,19.038461538461537,True,win,1.3,0.0,10
2021-09-28,7am,retest,short,68.75,566,14994.25,15020.692307692309,14959.875,26.44230769230769,False,loss,-1.0,-1.0,4
2021-09-28,7am,retest,long,68.75,588,14925.5,14899.057692307691,14959.875,26.44230769230769,True,win,1.3,1.3,10
2021-09-28,7am,failure,short,68.75,552,14994.25,15020.692307692309,14959.875,26.44230769230769,False,loss,-1.0,-1.0,8
2021-09-28,7am,failure,long,68.75,586,14925.5,14899.057692307691,14959.875,26.44230769230769,True,win,1.3,1.3,12
2021-09-29,6am,retest,long,32.0,482,14887.75,14875.442307692309,14903.75,12.307692307692307,False,loss,-1.0,-1.0,7
2021-09-29,7am,retest,long,58.0,533,14842.25,14819.942307692309,14871.25,22.307692307692307,False,loss,-1.0,-1.0,23
2021-09-29,7am,failure,short,58.0,596,14900.25,14922.557692307691,14871.25,22.307692307692307,True,win,1.3,0.0,5
2021-09-30,6am,retest,short,42.0,586,14826.25,14842.403846153846,14805.25,16.153846153846153,True,loss,-1.0,-1.0,1
2021-09-30,6am,retest,long,42.0,552,14784.25,14768.096153846154,14805.25,16.153846153846153,False,win,1.3,0.0,14
2021-09-30,7am,retest,short,35.75,586,14824.0,14837.75,14806.125,13.75,True,loss,-1.0,-1.0,1
2021-09-30,7am,retest,long,35.75,557,14788.25,14774.5,14806.125,13.75,False,win,1.3,1.3,9
2021-10-01,6am,retest,long,31.75,607,14612.5,14600.288461538461,14628.375,12.211538461538462,True,win,1.3,1.3,1
2021-10-01,6am,failure,long,31.75,596,14612.5,14600.288461538461,14628.375,12.211538461538462,True,win,1.3,0.0,3
2021-10-01,7am,retest,short,95.5,501,14736.0,14772.73076923077,14688.25,36.730769230769226,False,win,1.3,1.3,23
2021-10-01,7am,retest,long,95.5,590,14640.5,14603.76923076923,14688.25,36.730769230769226,True,loss,-1.0,-1.0,15
2021-10-01,7am,failure,short,95.5,499,14736.0,14772.73076923077,14688.25,36.730769230769226,False,win,1.3,1.3,25
2021-10-04,6am,retest,short,41.75,547,14719.0,14735.057692307691,14698.125,16.057692307692307,False,win,1.3,1.3,19
2021-10-04,6am,retest,long,41.75,436,14677.25,14661.192307692309,14698.125,16.057692307692307,False,win,1.3,0.0,51
2021-10-04,6am,failure,short,41.75,525,14719.0,14735.057692307691,14698.125,16.057692307692307,False,loss,-1.0,-1.0,3
2021-10-04,7am,retest,short,44.25,552,14708.25,14725.26923076923,14686.125,17.01923076923077,False,win,1.3,0.0,20
2021-10-04,7am,failure,short,44.25,519,14708.25,14725.26923076923,14686.125,17.01923076923077,False,loss,-1.0,-1.0,7
2021-10-06,6am,retest,short,38.25,449,14467.25,14481.961538461539,14448.125,14.711538461538462,False,loss,-1.0,0.0,27
2021-10-06,6am,failure,short,38.25,433,14467.25,14481.961538461539,14448.125,14.711538461538462,False,loss,-1.0,0.0,43
2021-10-06,7am,retest,short,49.25,505,14494.5,14513.442307692309,14469.875,18.942307692307693,False,loss,-1.0,-1.0,10
2021-10-06,7am,failure,short,49.25,489,14494.5,14513.442307692309,14469.875,18.942307692307693,False,loss,-1.0,0.0,26
2021-10-07,6am,retest,short,31.0,538,14914.5,14926.423076923076,14899.0,11.923076923076923,False,win,1.3,1.3,7
2021-10-07,7am,retest,short,42.25,846,14951.0,14967.25,14929.875,16.25,True,win,1.3,0.0,35
2021-10-07,7am,retest,long,42.25,573,14908.75,14892.5,14929.875,16.25,True,win,1.3,1.3,1
2021-10-08,7am,failure,short,29.0,484,14905.5,14916.653846153846,14891.0,11.153846153846153,False,loss,-1.0,0.0,20
2021-10-11,6am,retest,short,67.0,558,14754.0,14779.76923076923,14720.5,25.76923076923077,False,loss,-1.0,0.0,15
2021-10-11,6am,retest,long,67.0,488,14687.0,14661.23076923077,14720.5,25.76923076923077,False,win,1.3,1.3,25
2021-10-11,6am,failure,long,67.0,477,14687.0,14661.23076923077,14720.5,25.76923076923077,False,win,1.3,1.3,36
2021-10-11,7am,retest,short,42.25,534,14728.0,14744.25,14706.875,16.25,False,loss,-1.0,-1.0,6
2021-10-11,7am,retest,long,42.25,488,14685.75,14669.5,14706.875,16.25,False,win,1.3,1.3,16
2021-10-12,6am,retest,long,38.5,593,14710.5,14695.692307692309,14729.75,14.807692307692307,True,loss,-1.0,0.0,3
2021-10-12,6am,failure,short,38.5,442,14749.0,14763.807692307691,14729.75,14.807692307692307,False,win,1.3,1.3,41
2021-10-12,7am,retest,long,28.25,485,14730.5,14719.634615384615,14744.625,10.865384615384615,False,win,1.3,1.3,2
2021-10-13,6am,retest,short,37.75,569,14745.0,14759.51923076923,14726.125,14.519230769230768,False,loss,-1.0,0.0,2
2021-10-13,6am,retest,long,37.75,424,14707.25,14692.73076923077,14726.125,14.519230769230768,False,loss,-1.0,-1.0,6
2021-10-13,7am,retest,short,34.5,484,14724.0,14737.26923076923,14706.75,13.269230769230768,False,win,1.3,1.3,25
2021-10-13,7am,retest,long,34.5,517,14689.5,14676.23076923077,14706.75,13.269230769230768,False,loss,-1.0,-1.0,2
2021-10-14,6am,retest,short,16.75,433,14885.75,14892.192307692309,14877.375,6.4423076923076925,False,loss,-1.0,-1.0,2
2021-10-14,7am,retest,short,45.75,560,14915.75,14933.346153846154,14892.875,17.596153846153847,False,win,1.3,1.3,17
2021-10-14,7am,failure,short,45.75,482,14915.75,14933.346153846154,14892.875,17.596153846153847,False,loss,-1.0,-1.0,9
2021-10-15,6am,retest,short,20.0,461,15091.75,15099.442307692309,15081.75,7.692307692307692,False,win,1.3,0.0,46
2021-10-15,6am,retest,long,20.0,558,15071.75,15064.057692307691,15081.75,7.692307692307692,False,win,1.3,1.3,7
2021-10-15,6am,failure,short,20.0,450,15091.75,15099.442307692309,15081.75,7.692307692307692,False,win,1.3,0.0,57
2021-10-15,6am,failure,long,20.0,555,15071.75,15064.057692307691,15081.75,7.692307692307692,False,win,1.3,1.3,10
2021-10-15,7am,retest,short,24.25,527,15097.25,15106.576923076924,15085.125,9.326923076923077,False,win,1.3,1.3,5
2021-10-15,7am,retest,long,24.25,564,15073.0,15063.673076923076,15085.125,9.326923076923077,False,win,1.3,1.3,1
2021-10-18,7am,retest,long,53.0,529,15069.0,15048.615384615385,15095.5,20.384615384615383,False,win,1.3,0.0,52
2021-10-19,6am,retest,short,27.75,470,15354.0,15364.673076923076,15340.125,10.673076923076923,False,win,1.3,1.3,39
2021-10-19,6am,retest,long,27.75,550,15326.25,15315.576923076924,15340.125,10.673076923076923,False,loss,-1.0,0.0,21
2021-10-19,6am,failure,short,27.75,435,15354.0,15364.673076923076,15340.125,10.673076923076923,False,loss,-1.0,-1.0,14
2021-10-19,6am,failure,long,27.75,541,15326.25,15315.576923076924,15340.125,10.673076923076923,False,loss,-1.0,0.0,30
2021-10-19,7am,retest,short,24.75,680,15367.75,15377.26923076923,15355.375,9.519230769230768,True,loss,-1.0,-1.0,10
2021-10-19,7am,retest,long,24.75,506,15343.0,15333.48076923077,15355.375,9.519230769230768,False,loss,-1.0,-1.0,24
2021-10-20,6am,retest,short,17.5,507,15413.25,15419.98076923077,15404.5,6.730769230769231,False,loss,-1.0,-1.0,3
2021-10-20,6am,retest,long,17.5,484,15395.75,15389.01923076923,15404.5,6.730769230769231,False,win,1.3,1.3,3
2021-10-20,7am,retest,short,26.25,507,15412.75,15422.846153846154,15399.625,10.096153846153845,False,loss,-1.0,-1.0,63
2021-10-20,7am,retest,long,26.25,605,15386.5,15376.403846153846,15399.625,10.096153846153845,True,win,1.3,1.3,4
2021-10-21,6am,retest,short,21.75,579,15361.75,15370.115384615385,15350.875,8.365384615384615,True,loss,-1.0,-1.0,1
2021-10-21,6am,retest,long,21.75,515,15340.0,15331.634615384615,15350.875,8.365384615384615,False,win,1.3,0.0,8
2021-10-21,7am,retest,short,38.25,532,15352.75,15367.461538461539,15333.625,14.711538461538462,False,loss,-1.0,0.0,44
2021-10-21,7am,failure,long,38.25,482,15314.5,15299.788461538461,15333.625,14.711538461538462,False,win,1.3,0.0,28
2021-10-22,6am,retest,short,28.75,435,15453.5,15464.557692307691,15439.125,11.057692307692307,False,win,1.3,1.3,90
2021-10-22,6am,retest,long,28.75,555,15424.75,15413.692307692309,15439.125,11.057692307692307,False,loss,-1.0,-1.0,15
2021-10-22,6am,failure,short,28.75,431,15453.5,15464.557692307691,15439.125,11.057692307692307,False,win,1.3,1.3,94
2021-10-22,7am,retest,long,18.25,487,15441.0,15433.98076923077,15450.125,7.019230769230769,False,win,1.3,0.0,23
2021-10-25,6am,retest,short,12.0,482,15384.25,15388.865384615385,15378.25,4.615384615384615,False,loss,-1.0,0.0,15
2021-10-25,6am,retest,long,12.0,435,15372.25,15367.634615384615,15378.25,4.615384615384615,False,win,1.3,1.3,3
2021-10-25,7am,retest,short,38.5,556,15393.0,15407.807692307691,15373.75,14.807692307692307,False,loss,-1.0,-1.0,14
2021-10-25,7am,retest,long,38.5,585,15354.5,15339.692307692309,15373.75,14.807692307692307,True,win,1.3,0.0,4
2021-10-25,7am,failure,short,38.5,499,15393.0,15407.807692307691,15373.75,14.807692307692307,False,loss,-1.0,0.0,71
2021-10-26,6am,retest,long,26.5,732,15575.25,15565.057692307691,15588.5,10.192307692307692,True,win,1.3,1.3,1
2021-10-26,7am,retest,long,14.5,507,15581.0,15575.423076923076,15588.25,5.576923076923077,False,win,1.3,1.3,4
2021-10-26,7am,failure,short,14.5,498,15595.5,15601.076923076924,15588.25,5.576923076923077,False,win,1.3,1.3,3
2021-10-26,7am,failure,long,14.5,489,15581.0,15575.423076923076,15588.25,5.576923076923077,False,win,1.3,1.3,2
2021-10-27,6am,retest,short,31.0,507,15538.25,15550.173076923076,15522.75,11.923076923076923,False,loss,-1.0,-1.0,2
2021-10-27,6am,failure,short,31.0,496,15538.25,15550.173076923076,15522.75,11.923076923076923,False,loss,-1.0,0.0,13
2021-10-27,7am,retest,short,26.75,507,15538.25,15548.538461538461,15524.875,10.288461538461538,False,loss,-1.0,-1.0,2
2021-10-27,7am,failure,short,26.75,496,15538.25,15548.538461538461,15524.875,10.288461538461538,False,loss,-1.0,0.0,13
2021-10-28,6am,retest,short,30.5,451,15674.0,15685.73076923077,15658.75,11.73076923076923,False,loss,-1.0,-1.0,15
2021-10-28,6am,failure,short,30.5,422,15674.0,15685.73076923077,15658.75,11.73076923076923,False,loss,-1.0,-1.0,8
2021-10-28,7am,retest,long,24.0,521,15665.0,15655.76923076923,15677.0,9.23076923076923,False,loss,-1.0,0.0,6
2021-10-29,6am,retest,short,41.5,464,15637.0,15652.961538461539,15616.25,15.961538461538462,False,loss,-1.0,-1.0,48
2021-10-29,7am,retest,short,29.75,494,15646.0,15657.442307692309,15631.125,11.442307692307692,False,win,1.3,0.0,32
2021-10-29,7am,retest,long,29.75,532,15616.25,15604.807692307691,15631.125,11.442307692307692,False,win,1.3,1.3,8
2021-10-29,7am,failure,short,29.75,492,15646.0,15657.442307692309,15631.125,11.442307692307692,False,win,1.3,0.0,34
2021-11-01,6am,retest,short,16.5,432,15908.0,15914.346153846154,15899.75,6.346153846153846,False,loss,-1.0,0.0,7
2021-11-01,6am,retest,long,16.5,498,15891.5,15885.153846153846,15899.75,6.346153846153846,False,loss,-1.0,-1.0,12
2021-11-01,6am,failure,short,16.5,422,15908.0,15914.346153846154,15899.75,6.346153846153846,False,loss,-1.0,0.0,17
2021-11-01,6am,failure,long,16.5,491,15891.5,15885.153846153846,15899.75,6.346153846153846,False,loss,-1.0,-1.0,19
2021-11-01,7am,retest,long,18.75,487,15896.0,15888.788461538461,15905.375,7.211538461538462,False,loss,-1.0,-1.0,6
2021-11-02,6am,retest,short,13.75,468,15871.25,15876.538461538461,15864.375,5.288461538461538,False,win,1.3,1.3,5
2021-11-03,6am,retest,short,22.0,472,15984.25,15992.711538461539,15973.25,8.461538461538462,False,win,1.3,1.3,41
2021-11-03,6am,retest,long,22.0,575,15962.25,15953.788461538461,15973.25,8.461538461538462,True,loss,-1.0,-1.0,0
2021-11-03,6am,failure,short,22.0,469,15984.25,15992.711538461539,15973.25,8.461538461538462,False,win,1.3,1.3,44
2021-11-03,7am,retest,long,21.25,575,15965.75,15957.576923076924,15976.375,8.173076923076923,True,loss,-1.0,-1.0,0
2021-11-03,7am,failure,short,21.25,483,15987.0,15995.173076923076,15976.375,8.173076923076923,False,win,1.3,1.3,19
2021-11-04,6am,retest,long,17.5,445,16188.25,16181.51923076923,16197.0,6.730769230769231,False,win,1.3,0.0,35
2021-11-04,6am,failure,long,17.5,441,16188.25,16181.51923076923,16197.0,6.730769230769231,False,win,1.3,0.0,39
2021-11-04,7am,retest,long,20.0,531,16183.25,16175.557692307691,16193.25,7.692307692307692,False,loss,-1.0,0.0,33
2021-11-04,7am,failure,long,20.0,513,16183.25,16175.557692307691,16193.25,7.692307692307692,False,loss,-1.0,-1.0,7
2021-11-05,6am,retest,long,26.25,551,16397.5,16387.403846153848,16410.625,10.096153846153845,False,win,1.3,1.3,10
2021-11-05,6am,failure,short,26.25,573,16423.75,16433.846153846152,16410.625,10.096153846153845,True,loss,-1.0,0.0,2
2021-11-05,7am,retest,short,59.5,560,16404.25,16427.134615384617,16374.5,22.884615384615383,False,loss,-1.0,-1.0,13
2021-11-08,6am,retest,short,18.5,556,16362.5,16369.615384615385,16353.25,7.115384615384615,False,loss,-1.0,0.0,6
2021-11-08,6am,failure,long,18.5,429,16344.0,16336.884615384615,16353.25,7.115384615384615,False,win,1.3,1.3,12
2021-11-08,7am,retest,short,24.25,558,16360.25,16369.576923076924,16348.125,9.326923076923077,False,loss,-1.0,-1.0,4
2021-11-08,7am,retest,long,24.25,599,16336.0,16326.673076923076,16348.125,9.326923076923077,True,loss,-1.0,0.0,1
2021-11-09,6am,retest,short,18.5,539,16373.0,16380.115384615385,16363.75,7.115384615384615,False,loss,-1.0,-1.0,1
2021-11-09,6am,retest,long,18.5,425,16354.5,16347.384615384615,16363.75,7.115384615384615,False,win,1.3,1.3,6
2021-11-09,6am,failure,long,18.5,421,16354.5,16347.384615384615,16363.75,7.115384615384615,False,win,1.3,1.3,10
2021-11-09,7am,retest,short,32.75,576,16367.0,16379.596153846154,16350.625,12.596153846153845,True,loss,-1.0,0.0,4
2021-11-09,7am,failure,short,32.75,513,16367.0,16379.596153846154,16350.625,12.596153846153845,False,loss,-1.0,-1.0,10
2021-11-10,6am,retest,short,47.5,491,16159.75,16178.01923076923,16136.0,18.26923076923077,False,win,1.3,0.0,19
2021-11-10,6am,retest,long,47.5,514,16112.25,16093.98076923077,16136.0,18.26923076923077,False,loss,-1.0,-1.0,1
2021-11-10,7am,retest,short,28.25,493,16149.75,16160.615384615385,16135.625,10.865384615384615,False,loss,-1.0,-1.0,3
2021-11-11,6am,retest,long,19.0,581,16070.5,16063.192307692309,16080.0,7.3076923076923075,True,loss,-1.0,0.0,2
2021-11-11,6am,failure,long,19.0,578,16070.5,16063.192307692309,16080.0,7.3076923076923075,True,loss,-1.0,0.0,1
2021-11-11,7am,retest,short,20.75,506,16092.5,16100.48076923077,16082.125,7.980769230769231,False,loss,-1.0,-1.0,6
2021-11-11,7am,retest,long,20.75,581,16071.75,16063.76923076923,16082.125,7.980769230769231,True,loss,-1.0,0.0,2
2021-11-11,7am,failure,long,20.75,578,16071.75,16063.76923076923,16082.125,7.980769230769231,True,loss,-1.0,-1.0,0
2021-11-12,6am,retest,short,22.25,569,16072.0,16080.557692307691,16060.875,8.557692307692307,False,win,1.3,0.0,2
2021-11-12,6am,retest,long,22.25,610,16049.75,16041.192307692309,16060.875,8.557692307692307,True,loss,-1.0,0.0,4
2021-11-12,6am,failure,long,22.25,575,16049.75,16041.192307692309,16060.875,8.557692307692307,True,loss,-1.0,0.0,1
2021-11-12,7am,retest,long,16.25,483,16052.75,16046.5,16060.875,6.25,False,win,1.3,1.3,12
2021-11-12,7am,failure,short,16.25,532,16069.0,16075.25,16060.875,6.25,False,loss,-1.0,0.0,12
2021-11-12,7am,failure,long,16.25,481,16052.75,16046.5,16060.875,6.25,False,win,1.3,1.3,14
2021-11-15,6am,retest,short,16.5,484,16236.75,16243.096153846154,16228.5,6.346153846153846,False,loss,-1.0,-1.0,7
2021-11-15,7am,retest,short,14.75,484,16236.5,16242.173076923076,16229.125,5.6730769230769225,False,loss,-1.0,-1.0,7
2021-11-16,6am,retest,long,46.0,561,16157.75,16140.057692307691,16180.75,17.692307692307693,False,win,1.3,0.0,10
2021-11-16,6am,failure,long,46.0,554,16157.75,16140.057692307691,16180.75,17.692307692307693,False,win,1.3,0.0,17
2021-11-16,7am,retest,long,28.0,530,16176.25,16165.48076923077,16190.25,10.769230769230768,False,loss,-1.0,0.0,10
2021-11-16,7am,failure,long,28.0,513,16176.25,16165.48076923077,16190.25,10.769230769230768,False,win,1.3,1.3,2
2021-11-17,6am,retest,short,16.25,432,16323.25,16329.5,16315.125,6.25,False,win,1.3,0.0,45
2021-11-17,6am,retest,long,16.25,488,16307.0,16300.75,16315.125,6.25,False,loss,-1.0,-1.0,4
2021-11-17,7am,retest,short,16.5,657,16330.0,16336.346153846154,16321.75,6.346153846153846,True,loss,-1.0,0.0,3
2021-11-17,7am,retest,long,16.5,565,16313.5,16307.153846153846,16321.75,6.346153846153846,False,win,1.3,1.3,5
2021-11-18,6am,retest,long,19.25,490,16389.5,16382.096153846154,16399.125,7.403846153846153,False,win,1.3,0.0,27
2021-11-18,7am,retest,short,12.5,527,16402.25,16407.05769230769,16396.0,4.8076923076923075,False,win,1.3,0.0,11
2021-11-18,7am,retest,long,12.5,490,16389.75,16384.94230769231,16396.0,4.8076923076923075,False,win,1.3,0.0,20
2021-11-18,7am,failure,short,12.5,522,16402.25,16407.05769230769,16396.0,4.8076923076923075,False,win,1.3,0.0,16
2021-11-19,7am,retest,short,28.75,486,16558.5,16569.55769230769,16544.125,11.057692307692307,False,win,1.3,1.3,10
2021-11-19,7am,retest,long,28.75,573,16529.75,16518.69230769231,16544.125,11.057692307692307,True,win,1.3,1.3,3
2021-11-22,6am,retest,short,16.5,425,16646.0,16652.346153846152,16637.75,6.346153846153846,False,win,1.3,1.3,8
2021-11-22,6am,retest,long,16.5,443,16629.5,16623.153846153848,16637.75,6.346153846153846,False,win,1.3,1.3,9
2021-11-22,7am,retest,short,19.75,542,16647.25,16654.846153846152,16637.375,7.596153846153846,False,loss,-1.0,0.0,2
2021-11-22,7am,retest,long,19.75,693,16627.5,16619.903846153848,16637.375,7.596153846153846,True,loss,-1.0,0.0,4
2021-11-22,7am,failure,short,19.75,535,16647.25,16654.846153846152,16637.375,7.596153846153846,False,loss,-1.0,-1.0,5
2021-11-23,6am,retest,short,52.25,437,16352.25,16372.346153846154,16326.125,20.096153846153847,False,win,1.3,1.3,14
2021-11-23,7am,retest,short,53.0,601,16375.0,16395.384615384617,16348.5,20.384615384615383,True,win,1.3,1.3,5
2021-11-24,6am,retest,short,67.5,755,16294.25,16320.211538461539,16260.5,25.96153846153846,True,loss,-1.0,-1.0,15
2021-11-24,6am,retest,long,67.5,603,16226.75,16200.788461538461,16260.5,25.96153846153846,True,loss,-1.0,-1.0,5
2021-11-24,7am,retest,short,44.0,746,16274.75,16291.673076923076,16252.75,16.923076923076923,True,loss,-1.0,-1.0,4
2021-11-24,7am,retest,long,44.0,603,16230.75,16213.826923076924,16252.75,16.923076923076923,True,loss,-1.0,-1.0,4
2021-11-25,6am,retest,short,37.75,601,16413.5,16428.01923076923,16394.625,14.519230769230768,True,win,1.3,1.3,78
2021-11-25,6am,retest,long,37.75,555,16375.75,16361.23076923077,16394.625,14.519230769230768,False,win,1.3,1.3,27
2021-11-25,6am,failure,short,37.75,591,16413.5,16428.01923076923,16394.625,14.519230769230768,True,win,1.3,1.3,88
2021-11-25,7am,retest,short,23.0,591,16411.25,16420.096153846152,16399.75,8.846153846153847,True,win,1.3,1.3,58
2021-11-25,7am,retest,long,23.0,534,16388.25,16379.403846153846,16399.75,8.846153846153847,False,loss,-1.0,-1.0,19
2021-11-26,6am,retest,short,51.75,448,16224.25,16244.153846153846,16198.375,19.903846153846153,False,win,1.3,1.3,26
2021-11-26,7am,retest,short,68.0,578,16256.75,16282.903846153846,16222.75,26.153846153846153,True,win,1.3,1.3,3
2021-11-26,7am,retest,long,68.0,498,16188.75,16162.596153846154,16222.75,26.153846153846153,False,win,1.3,1.3,6
2021-11-26,7am,failure,long,68.0,482,16188.75,16162.596153846154,16222.75,26.153846153846153,False,win,1.3,0.0,22
2021-11-29,6am,retest,short,31.25,573,16228.0,16240.01923076923,16212.375,12.019230769230768,True,loss,-1.0,0.0,1
2021-11-29,6am,retest,long,31.25,443,16196.75,16184.73076923077,16212.375,12.019230769230768,False,loss,-1.0,-1.0,2
2021-11-30,6am,retest,short,42.5,453,16322.75,16339.096153846154,16301.5,16.346153846153847,False,win,1.3,1.3,14
2021-11-30,7am,retest,short,47.0,572,16335.25,16353.326923076924,16311.75,18.076923076923077,True,loss,-1.0,-1.0,0
2021-12-01,6am,retest,short,37.75,439,16389.5,16404.01923076923,16370.625,14.519230769230768,False,win,1.3,0.0,41
2021-12-01,6am,retest,long,37.75,555,16351.75,16337.23076923077,16370.625,14.519230769230768,False,loss,-1.0,0.0,15
2021-12-01,6am,failure,long,37.75,533,16351.75,16337.23076923077,16370.625,14.519230769230768,False,loss,-1.0,0.0,37
2021-12-02,7am,retest,short,122.75,582,15924.0,15971.211538461539,15862.625,47.21153846153846,True,loss,-1.0,-1.0,1
2021-12-02,7am,retest,long,122.75,526,15801.25,15754.038461538461,15862.625,47.21153846153846,False,win,1.3,1.3,15
2021-12-02,7am,failure,short,122.75,577,15924.0,15971.211538461539,15862.625,47.21153846153846,True,loss,-1.0,-1.0,6
2021-12-03,6am,retest,short,55.25,426,15986.0,16007.25,15958.375,21.25,False,loss,-1.0,-1.0,28
2021-12-03,6am,failure,short,55.25,422,15986.0,16007.25,15958.375,21.25,False,loss,-1.0,-1.0,32
2021-12-03,7am,retest,short,52.0,486,16025.0,16045.0,15999.0,20.0,False,loss,-1.0,-1.0,2
2021-12-03,7am,failure,long,52.0,580,15973.0,15953.0,15999.0,20.0,True,win,1.3,1.3,1
2021-12-06,6am,retest,short,92.0,529,15689.75,15725.134615384615,15643.75,35.38461538461539,False,loss,-1.0,-1.0,21
2021-12-06,6am,retest,long,92.0,582,15597.75,15562.365384615385,15643.75,35.38461538461539,True,win,1.3,1.3,1
2021-12-06,6am,failure,long,92.0,576,15597.75,15562.365384615385,15643.75,35.38461538461539,True,loss,-1.0,-1.0,2
2021-12-06,7am,retest,short,59.75,531,15693.75,15716.73076923077,15663.875,22.98076923076923,False,loss,-1.0,-1.0,18
2021-12-07,6am,retest,short,34.75,527,16150.75,16164.115384615385,16133.375,13.365384615384615,False,win,1.3,1.3,7
2021-12-07,6am,failure,short,34.75,517,16150.75,16164.115384615385,16133.375,13.365384615384615,False,win,1.3,1.3,17
2021-12-07,7am,retest,long,29.75,566,16112.75,16101.307692307691,16127.625,11.442307692307692,False,win,1.3,1.3,4
2021-12-07,7am,failure,short,29.75,513,16142.5,16153.942307692309,16127.625,11.442307692307692,False,loss,-1.0,-1.0,5
2021-12-08,6am,retest,long,91.25,508,16345.5,16310.403846153846,16391.125,35.09615384615385,False,loss,-1.0,-1.0,62
2021-12-08,6am,failure,long,91.25,432,16345.5,16310.403846153846,16391.125,35.09615384615385,False,loss,-1.0,0.0,138
2021-12-08,7am,retest,short,56.5,959,16394.75,16416.48076923077,16366.5,21.73076923076923,True,eod,0.26460176991150103,0.26460176991150103,0
2021-12-08,7am,retest,long,56.5,513,16338.25,16316.51923076923,16366.5,21.73076923076923,False,loss,-1.0,-1.0,33
2021-12-08,7am,failure,short,56.5,956,16394.75,16416.48076923077,16366.5,21.73076923076923,True,eod,0.26460176991150103,0.26460176991150103,3
2021-12-08,7am,failure,long,56.5,510,16338.25,16316.51923076923,16366.5,21.73076923076923,False,loss,-1.0,-1.0,36
2021-12-09,6am,retest,short,34.0,447,16336.25,16349.326923076924,16319.25,13.076923076923077,False,win,1.3,0.0,47
2021-12-09,6am,retest,long,34.0,657,16302.25,16289.173076923076,16319.25,13.076923076923077,True,loss,-1.0,-1.0,3
2021-12-09,6am,failure,long,34.0,626,16302.25,16289.173076923076,16319.25,13.076923076923077,True,loss,-1.0,0.0,2
2021-12-09,7am,retest,long,26.75,517,16316.25,16305.961538461539,16329.625,10.288461538461538,False,win,1.3,1.3,7
2021-12-09,7am,failure,short,26.75,570,16343.0,16353.288461538461,16329.625,10.288461538461538,True,loss,-1.0,-1.0,0
2021-12-10,6am,retest,long,30.0,447,16199.5,16187.961538461539,16214.5,11.538461538461538,False,loss,-1.0,-1.0,16
2021-12-10,6am,failure,long,30.0,436,16199.5,16187.961538461539,16214.5,11.538461538461538,False,loss,-1.0,-1.0,27
2021-12-10,7am,retest,short,44.75,588,16220.5,16237.711538461539,16198.125,17.21153846153846,True,loss,-1.0,0.0,3
2021-12-13,6am,retest,long,35.75,552,16377.25,16363.5,16395.125,13.75,False,loss,-1.0,-1.0,11
2021-12-13,7am,retest,long,20.25,546,16382.0,16374.211538461539,16392.125,7.788461538461538,False,loss,-1.0,-1.0,7
2021-12-13,7am,failure,long,20.25,541,16382.0,16374.211538461539,16392.125,7.788461538461538,False,loss,-1.0,-1.0,4
2021-12-14,6am,retest,short,33.25,462,16002.25,16015.038461538461,15985.625,12.788461538461538,False,loss,-1.0,0.0,26
2021-12-14,6am,retest,long,33.25,512,15969.0,15956.211538461539,15985.625,12.788461538461538,False,loss,-1.0,-1.0,0
2021-12-14,6am,failure,short,33.25,430,16002.25,16015.038461538461,15985.625,12.788461538461538,False,loss,-1.0,-1.0,13
2021-12-14,7am,retest,long,46.25,585,15977.5,15959.711538461539,16000.625,17.788461538461537,True,loss,-1.0,0.0,2
2021-12-15,6am,retest,short,47.0,443,15902.75,15920.826923076924,15879.25,18.076923076923077,False,loss,-1.0,-1.0,25
2021-12-15,6am,retest,long,47.0,604,15855.75,15837.673076923076,15879.25,18.076923076923077,True,loss,-1.0,-1.0,7
2021-12-15,6am,failure,long,47.0,588,15855.75,15837.673076923076,15879.25,18.076923076923077,True,loss,-1.0,-1.0,1
2021-12-15,7am,retest,short,39.0,509,15921.5,15936.5,15902.0,15.0,False,loss,-1.0,-1.0,1
2021-12-15,7am,retest,long,39.0,574,15882.5,15867.5,15902.0,15.0,True,loss,-1.0,-1.0,0
2021-12-16,6am,retest,long,51.25,430,16405.75,16386.03846153846,16431.375,19.71153846153846,False,loss,-1.0,-1.0,36
2021-12-16,6am,failure,long,51.25,428,16405.75,16386.03846153846,16431.375,19.71153846153846,False,loss,-1.0,-1.0,38
2021-12-16,7am,failure,long,51.25,481,16383.5,16363.788461538461,16409.125,19.71153846153846,False,loss,-1.0,-1.0,8
2021-12-17,6am,retest,long,50.75,451,15717.0,15697.48076923077,15742.375,19.51923076923077,False,loss,-1.0,-1.0,18
2021-12-17,6am,failure,long,50.75,448,15717.0,15697.48076923077,15742.375,19.51923076923077,False,loss,-1.0,-1.0,21
2021-12-17,7am,retest,short,108.0,575,15769.5,15811.038461538461,15715.5,41.53846153846154,True,win,1.3,1.3,1
2021-12-17,7am,failure,long,108.0,585,15661.5,15619.961538461539,15715.5,41.53846153846154,True,win,1.3,1.3,1
2021-12-20,6am,retest,short,47.25,423,15594.75,15612.923076923076,15571.125,18.173076923076923,False,loss,-1.0,-1.0,6
2021-12-20,6am,retest,long,47.25,496,15547.5,15529.326923076924,15571.125,18.173076923076923,False,win,1.3,0.0,39
2021-12-20,6am,failure,short,47.25,421,15594.75,15612.923076923076,15571.125,18.173076923076923,False,loss,-1.0,-1.0,8
2021-12-20,7am,retest,long,54.75,485,15563.0,15541.942307692309,15590.375,21.057692307692307,False,loss,-1.0,0.0,27
2021-12-20,7am,failure,long,54.75,482,15563.0,15541.942307692309,15590.375,21.057692307692307,False,loss,-1.0,0.0,30
2021-12-21,6am,retest,short,56.0,466,15808.5,15830.038461538461,15780.5,21.538461538461537,False,win,1.3,1.3,26
2021-12-21,6am,retest,long,56.0,577,15752.5,15730.961538461539,15780.5,21.538461538461537,True,loss,-1.0,0.0,3
2021-12-21,6am,failure,long,56.0,575,15752.5,15730.961538461539,15780.5,21.538461538461537,True,loss,-1.0,-1.0,0
2021-12-21,7am,retest,long,33.75,492,15786.5,15773.51923076923,15803.375,12.98076923076923,False,win,1.3,0.0,44
2021-12-22,6am,retest,long,38.5,500,15946.5,15931.692307692309,15965.75,14.807692307692307,False,loss,-1.0,-1.0,3
2021-12-22,7am,retest,long,28.5,491,15955.5,15944.538461538461,15969.75,10.961538461538462,False,loss,-1.0,-1.0,6
2021-12-22,7am,failure,long,28.5,482,15955.5,15944.538461538461,15969.75,10.961538461538462,False,loss,-1.0,-1.0,15
2021-12-23,6am,retest,short,17.25,443,16207.0,16213.634615384615,16198.375,6.634615384615384,False,win,1.3,1.3,5
2021-12-23,6am,retest,long,17.25,529,16189.75,16183.115384615385,16198.375,6.634615384615384,False,win,1.3,1.3,11
2021-12-23,6am,failure,short,17.25,422,16207.0,16213.634615384615,16198.375,6.634615384615384,False,loss,-1.0,-1.0,13
2021-12-23,7am,retest,long,18.75,510,16195.5,16188.288461538461,16204.875,7.211538461538462,False,loss,-1.0,0.0,2
2021-12-27,7am,retest,short,43.25,531,16379.0,16395.634615384617,16357.375,16.634615384615383,False,win,1.3,1.3,34
2021-12-28,6am,retest,short,20.0,454,16649.0,16656.69230769231,16639.0,7.692307692307692,False,loss,-1.0,-1.0,9
2021-12-28,6am,retest,long,20.0,425,16629.0,16621.30769230769,16639.0,7.692307692307692,False,win,1.3,1.3,9
2021-12-28,6am,failure,short,20.0,451,16649.0,16656.69230769231,16639.0,7.692307692307692,False,loss,-1.0,-1.0,12
2021-12-29,6am,retest,long,27.75,450,16515.75,16505.076923076922,16529.625,10.673076923076923,False,loss,-1.0,-1.0,27
2021-12-29,7am,retest,short,28.25,573,16527.25,16538.115384615383,16513.125,10.865384615384615,True,win,1.3,0.0,2
2021-12-29,7am,retest,long,28.25,486,16499.0,16488.134615384617,16513.125,10.865384615384615,False,loss,-1.0,0.0,19
2021-12-29,7am,failure,short,28.25,571,16527.25,16538.115384615383,16513.125,10.865384615384615,True,loss,-1.0,-1.0,0
2021-12-29,7am,failure,long,28.25,483,16499.0,16488.134615384617,16513.125,10.865384615384615,False,loss,-1.0,0.0,22
2021-12-30,6am,retest,short,26.75,466,16537.5,16547.78846153846,16524.125,10.288461538461538,False,win,1.3,1.3,11
2021-12-30,6am,retest,long,26.75,511,16510.75,16500.46153846154,16524.125,10.288461538461538,False,loss,-1.0,0.0,29
2021-12-30,6am,failure,short,26.75,462,16537.5,16547.78846153846,16524.125,10.288461538461538,False,win,1.3,1.3,15
2021-12-30,7am,retest,long,20.75,491,16521.75,16513.76923076923,16532.125,7.980769230769231,False,loss,-1.0,-1.0,6
2021-12-30,7am,failure,short,20.75,614,16542.5,16550.48076923077,16532.125,7.980769230769231,True,loss,-1.0,-1.0,0
2021-12-31,6am,failure,short,29.5,454,16405.0,16416.346153846152,16390.25,11.346153846153845,False,loss,-1.0,-1.0,10
2021-12-31,6am,failure,long,29.5,426,16375.5,16364.153846153846,16390.25,11.346153846153845,False,win,1.3,1.3,9
2021-12-31,7am,retest,short,49.5,560,16419.75,16438.78846153846,16395.0,19.038461538461537,False,loss,-1.0,0.0,11
2022-01-03,6am,retest,long,26.25,532,16426.25,16416.153846153848,16439.375,10.096153846153845,False,loss,-1.0,-1.0,2
2022-01-03,6am,failure,short,26.25,577,16452.5,16462.596153846152,16439.375,10.096153846153845,True,loss,-1.0,-1.0,0
2022-01-03,7am,retest,long,20.5,532,16427.75,16419.865384615383,16438.0,7.884615384615384,False,loss,-1.0,-1.0,2
2022-01-04,6am,retest,long,27.25,427,16536.75,16526.26923076923,16550.375,10.48076923076923,False,loss,-1.0,-1.0,16
2022-01-04,6am,failure,long,27.25,424,16536.75,16526.26923076923,16550.375,10.48076923076923,False,loss,-1.0,-1.0,19
2022-01-04,7am,retest,long,50.25,582,16491.25,16471.923076923078,16516.375,19.326923076923077,True,loss,-1.0,-1.0,0
2022-01-04,7am,failure,long,50.25,571,16491.25,16471.923076923078,16516.375,19.326923076923077,True,loss,-1.0,-1.0,2
2022-01-05,6am,retest,long,33.0,471,16198.75,16186.057692307691,16215.25,12.692307692307692,False,win,1.3,1.3,9
2022-01-05,6am,failure,short,33.0,601,16231.75,16244.442307692309,16215.25,12.692307692307692,True,loss,-1.0,-1.0,0
2022-01-06,6am,retest,short,67.0,595,15746.75,15772.51923076923,15713.25,25.76923076923077,True,win,1.3,1.3,3
2022-01-06,6am,retest,long,67.0,449,15679.75,15653.98076923077,15713.25,25.76923076923077,False,win,1.3,1.3,49
2022-01-06,7am,failure,long,61.0,604,15660.75,15637.288461538461,15691.25,23.46153846153846,True,loss,-1.0,-1.0,0
2022-01-07,6am,retest,short,41.0,597,15821.75,15837.51923076923,15801.25,15.769230769230768,True,win,1.3,0.0,2
2022-01-07,6am,retest,long,41.0,460,15780.75,15764.98076923077,15801.25,15.769230769230768,False,loss,-1.0,0.0,34
2022-01-07,7am,retest,short,60.0,597,15825.25,15848.326923076924,15795.25,23.076923076923077,True,win,1.3,0.0,2
2022-01-07,7am,retest,long,60.0,499,15765.25,15742.173076923076,15795.25,23.076923076923077,False,win,1.3,1.3,11
2022-01-07,7am,failure,long,60.0,496,15765.25,15742.173076923076,15795.25,23.076923076923077,False,win,1.3,1.3,14
2022-01-10,6am,retest,short,54.0,952,15554.0,15574.76923076923,15527.0,20.76923076923077,True,loss,-1.0,-1.0,3
2022-01-10,6am,retest,long,54.0,877,15500.0,15479.23076923077,15527.0,20.76923076923077,True,loss,-1.0,-1.0,6
2022-01-10,7am,retest,short,177.0,949,15545.25,15613.326923076924,15456.75,68.07692307692308,True,loss,-1.0,-1.0,10
2022-01-10,7am,retest,long,177.0,557,15368.25,15300.173076923076,15456.75,68.07692307692308,False,loss,-1.0,0.0,19
2022-01-10,7am,failure,short,177.0,947,15545.25,15613.326923076924,15456.75,68.07692307692308,True,loss,-1.0,-1.0,12
2022-01-11,6am,retest,short,44.75,681,15714.5,15731.711538461539,15692.125,17.21153846153846,True,loss,-1.0,-1.0,0
2022-01-11,6am,retest,long,44.75,473,15669.75,15652.538461538461,15692.125,17.21153846153846,False,loss,-1.0,-1.0,4
2022-01-11,7am,retest,long,54.25,613,15642.5,15621.634615384615,15669.625,20.865384615384613,True,loss,-1.0,-1.0,1
2022-01-12,6am,retest,short,34.25,508,15886.0,15899.173076923076,15868.875,13.173076923076923,False,loss,-1.0,-1.0,2
2022-01-12,6am,retest,long,34.25,427,15851.75,15838.576923076924,15868.875,13.173076923076923,False,loss,-1.0,-1.0,2
2022-01-12,7am,retest,short,43.25,502,15877.5,15894.134615384615,15855.875,16.634615384615383,False,loss,-1.0,-1.0,8
2022-01-12,7am,retest,long,43.25,672,15834.25,15817.615384615385,15855.875,16.634615384615383,True,loss,-1.0,-1.0,3
2022-01-12,7am,failure,short,43.25,486,15877.5,15894.134615384615,15855.875,16.634615384615383,False,win,1.3,1.3,3
2022-01-12,7am,failure,long,43.25,666,15834.25,15817.615384615385,15855.875,16.634615384615383,True,loss,-1.0,-1.0,0
2022-01-13,6am,retest,short,41.0,521,15916.0,15931.76923076923,15895.5,15.769230769230768,False,loss,-1.0,-1.0,6
2022-01-13,6am,retest,long,41.0,614,15875.0,15859.23076923077,15895.5,15.769230769230768,True,loss,-1.0,-1.0,2
2022-01-13,6am,failure,long,41.0,612,15875.0,15859.23076923077,15895.5,15.769230769230768,True,loss,-1.0,-1.0,4
2022-01-13,7am,retest,short,37.0,604,15914.0,15928.23076923077,15895.5,14.23076923076923,True,win,1.3,0.0,5
2022-01-13,7am,failure,long,37.0,612,15877.0,15862.76923076923,15895.5,14.23076923076923,True,loss,-1.0,-1.0,0
2022-01-14,6am,retest,short,52.5,580,15507.75,15527.942307692309,15481.5,20.19230769230769,True,loss,-1.0,-1.0,0
2022-01-14,6am,retest,long,52.5,436,15455.25,15435.057692307691,15481.5,20.19230769230769,False,loss,-1.0,0.0,12
2022-01-14,7am,retest,short,157.0,638,15478.25,15538.634615384615,15399.75,60.38461538461538,True,loss,-1.0,-1.0,23
2022-01-17,6am,retest,short,23.5,426,15624.5,15633.538461538461,15612.75,9.038461538461538,False,win,1.3,1.3,16
2022-01-17,6am,retest,long,23.5,571,15601.0,15591.961538461539,15612.75,9.038461538461538,True,loss,-1.0,0.0,2
2022-01-17,6am,failure,long,23.5,558,15601.0,15591.961538461539,15612.75,9.038461538461538,False,loss,-1.0,0.0,15
2022-01-17,7am,retest,long,17.75,488,15612.0,15605.173076923076,15620.875,6.826923076923077,False,win,1.3,1.3,6
2022-01-17,7am,failure,long,17.75,486,15612.0,15605.173076923076,15620.875,6.826923076923077,False,win,1.3,1.3,8
2022-01-18,6am,retest,short,42.0,499,15333.5,15349.653846153846,15312.5,16.153846153846153,False,loss,-1.0,0.0,10
2022-01-18,6am,failure,long,42.0,575,15291.5,15275.346153846154,15312.5,16.153846153846153,True,loss,-1.0,0.0,1
2022-01-18,7am,retest,long,57.25,574,15321.0,15298.98076923077,15349.625,22.01923076923077,True,loss,-1.0,-1.0,0
2022-01-18,7am,failure,short,57.25,513,15378.25,15400.26923076923,15349.625,22.01923076923077,False,win,1.3,0.0,8
2022-01-19,7am,retest,short,45.75,570,15277.5,15295.096153846154,15254.625,17.596153846153847,True,loss,-1.0,-1.0,0
2022-01-19,7am,failure,short,45.75,482,15277.5,15295.096153846154,15254.625,17.596153846153847,False,loss,-1.0,-1.0,4
2022-01-20,6am,retest,short,42.25,522,15181.25,15197.5,15160.125,16.25,False,loss,-1.0,-1.0,10
2022-01-20,6am,retest,long,42.25,480,15139.0,15122.75,15160.125,16.25,False,win,1.3,0.0,15
2022-01-20,6am,failure,long,42.25,454,15139.0,15122.75,15160.125,16.25,False,loss,-1.0,-1.0,6
2022-01-20,7am,retest,short,58.25,519,15174.75,15197.153846153846,15145.625,22.403846153846153,False,loss,-1.0,-1.0,13
2022-01-20,7am,retest,long,58.25,875,15116.5,15094.096153846154,15145.625,22.403846153846153,True,loss,-1.0,-1.0,12
2022-01-21,6am,retest,short,100.0,576,14797.75,14836.211538461539,14747.75,38.46153846153846,True,win,1.3,1.3,3
2022-01-21,6am,retest,long,100.0,474,14697.75,14659.288461538461,14747.75,38.46153846153846,False,win,1.3,0.0,96
2022-01-21,6am,failure,long,100.0,428,14697.75,14659.288461538461,14747.75,38.46153846153846,False,win,1.3,0.0,142
2022-01-21,7am,retest,short,70.0,580,14750.0,14776.923076923076,14715.0,26.923076923076923,True,win,1.3,1.3,1
2022-01-21,7am,retest,long,70.0,551,14680.0,14653.076923076924,14715.0,26.923076923076923,False,win,1.3,1.3,14
2022-01-21,7am,failure,long,70.0,548,14680.0,14653.076923076924,14715.0,26.923076923076923,False,win,1.3,1.3,17
2022-01-24,6am,retest,short,77.75,949,14413.0,14442.903846153846,14374.125,29.903846153846153,True,loss,-1.0,0.0,1
2022-01-24,6am,retest,long,77.75,452,14335.25,14305.346153846154,14374.125,29.903846153846153,False,loss,-1.0,-1.0,10
2022-01-24,7am,retest,short,124.5,949,14406.5,14454.384615384615,14344.25,47.88461538461538,True,loss,-1.0,-1.0,1
2022-01-24,7am,retest,long,124.5,917,14282.0,14234.115384615385,14344.25,47.88461538461538,True,loss,-1.0,-1.0,1
2022-01-25,6am,retest,short,110.5,867,14319.25,14361.75,14264.0,42.5,True,win,1.3,1.3,7
2022-01-25,6am,retest,long,110.5,428,14208.75,14166.25,14264.0,42.5,False,loss,-1.0,0.0,59
2022-01-25,7am,retest,long,67.5,498,14182.25,14156.288461538461,14216.0,25.96153846153846,False,loss,-1.0,-1.0,10
2022-01-25,7am,failure,short,67.5,571,14249.75,14275.711538461539,14216.0,25.96153846153846,True,win,1.3,0.0,1
2022-01-26,6am,retest,short,57.5,500,14466.5,14488.615384615385,14437.75,22.115384615384613,False,loss,-1.0,-1.0,4
2022-01-26,6am,retest,long,57.5,452,14409.0,14386.884615384615,14437.75,22.115384615384613,False,loss,-1.0,-1.0,17
2022-01-26,6am,failure,long,57.5,434,14409.0,14386.884615384615,14437.75,22.115384615384613,False,loss,-1.0,-1.0,9
2022-01-26,7am,retest,short,92.5,500,14462.75,14498.326923076924,14416.5,35.57692307692307,False,loss,-1.0,-1.0,5
2022-01-26,7am,failure,short,92.5,496,14462.75,14498.326923076924,14416.5,35.57692307692307,False,loss,-1.0,-1.0,9
2022-01-27,6am,failure,short,129.0,430,14222.0,14271.615384615385,14157.5,49.61538461538461,False,win,1.3,1.3,24
2022-01-27,7am,retest,short,110.0,489,14265.0,14307.307692307691,14210.0,42.30769230769231,False,win,1.3,1.3,28
2022-01-27,7am,retest,long,110.0,744,14155.0,14112.692307692309,14210.0,42.30769230769231,True,loss,-1.0,0.0,11
2022-01-27,7am,failure,long,110.0,739,14155.0,14112.692307692309,14210.0,42.30769230769231,True,loss,-1.0,0.0,16
2022-01-28,6am,retest,short,95.25,568,14043.0,14079.634615384615,13995.375,36.63461538461539,False,loss,-1.0,-1.0,2
2022-01-28,6am,retest,long,95.25,449,13947.75,13911.115384615385,13995.375,36.63461538461539,False,loss,-1.0,-1.0,8
2022-01-28,7am,retest,short,187.5,525,14018.5,14090.615384615385,13924.75,72.11538461538461,False,loss,-1.0,0.0,45
2022-01-31,6am,retest,long,45.25,426,14466.75,14449.346153846154,14489.375,17.403846153846153,False,loss,-1.0,-1.0,1
2022-02-01,6am,retest,short,49.0,446,14909.0,14927.846153846154,14884.5,18.846153846153847,False,loss,-1.0,-1.0,5
2022-02-01,6am,failure,short,49.0,443,14909.0,14927.846153846154,14884.5,18.846153846153847,False,loss,-1.0,-1.0,8
2022-02-01,7am,retest,short,70.75,487,14939.0,14966.211538461539,14903.625,27.21153846153846,False,win,1.3,0.0,83
2022-02-01,7am,retest,long,70.75,579,14868.25,14841.038461538461,14903.625,27.21153846153846,True,loss,-1.0,0.0,3
2022-02-02,6am,retest,short,45.75,496,15229.25,15246.846153846154,15206.375,17.596153846153847,False,win,1.3,1.3,7
2022-02-02,6am,failure,short,45.75,431,15229.25,15246.846153846154,15206.375,17.596153846153847,False,loss,-1.0,-1.0,2
2022-02-02,7am,retest,long,53.25,506,15206.75,15186.26923076923,15233.375,20.48076923076923,False,loss,-1.0,-1.0,26
2022-02-02,7am,failure,long,53.25,504,15206.75,15186.26923076923,15233.375,20.48076923076923,False,loss,-1.0,-1.0,28
2022-02-03,6am,retest,short,61.5,467,14807.5,14831.153846153846,14776.75,23.653846153846153,False,win,1.3,0.0,25
2022-02-03,6am,failure,short,61.5,458,14807.5,14831.153846153846,14776.75,23.653846153846153,False,win,1.3,0.0,34
2022-02-03,6am,failure,long,61.5,527,14746.0,14722.346153846154,14776.75,23.653846153846153,False,loss,-1.0,-1.0,2
2022-02-03,7am,retest,long,72.0,576,14756.25,14728.557692307691,14792.25,27.69230769230769,True,win,1.3,0.0,3
2022-02-03,7am,failure,short,72.0,621,14828.25,14855.942307692309,14792.25,27.69230769230769,True,win,1.3,1.3,3
2022-02-03,7am,failure,long,72.0,525,14756.25,14728.557692307691,14792.25,27.69230769230769,False,loss,-1.0,-1.0,3
2022-02-04,6am,retest,short,107.75,478,14625.75,14667.192307692309,14571.875,41.44230769230769,False,win,1.3,0.0,32
2022-02-04,6am,retest,long,107.75,512,14518.0,14476.557692307691,14571.875,41.44230769230769,False,loss,-1.0,-1.0,2
2022-02-04,6am,failure,short,107.75,475,14625.75,14667.192307692309,14571.875,41.44230769230769,False,win,1.3,0.0,35
2022-02-04,7am,retest,short,117.0,626,14637.25,14682.25,14578.75,45.0,True,win,1.3,1.3,3
2022-02-04,7am,retest,long,117.0,513,14520.25,14475.25,14578.75,45.0,False,loss,-1.0,-1.0,1
2022-02-07,6am,retest,short,51.0,424,14694.25,14713.865384615385,14668.75,19.615384615384613,False,loss,-1.0,-1.0,8
2022-02-07,6am,retest,long,51.0,695,14643.25,14623.634615384615,14668.75,19.615384615384613,True,loss,-1.0,-1.0,3
2022-02-07,7am,retest,short,58.75,486,14736.25,14758.846153846154,14706.875,22.596153846153847,False,loss,-1.0,-1.0,7
2022-02-07,7am,retest,long,58.75,671,14677.5,14654.903846153846,14706.875,22.596153846153847,True,loss,-1.0,0.0,6
2022-02-07,7am,failure,long,58.75,574,14677.5,14654.903846153846,14706.875,22.596153846153847,True,win,1.3,0.0,1
2022-02-08,6am,retest,long,70.5,460,14510.0,14482.884615384615,14545.25,27.115384615384613,False,win,1.3,1.3,40
2022-02-08,6am,failure,short,70.5,581,14580.5,14607.615384615385,14545.25,27.115384615384613,True,win,1.3,1.3,1
2022-02-08,6am,failure,long,70.5,435,14510.0,14482.884615384615,14545.25,27.115384615384613,False,win,1.3,1.3,65
2022-02-08,7am,retest,short,49.0,504,14533.0,14551.846153846154,14508.5,18.846153846153847,False,win,1.3,1.3,21
2022-02-09,6am,retest,short,54.5,460,14909.5,14930.461538461539,14882.25,20.96153846153846,False,loss,-1.0,-1.0,17
2022-02-09,6am,failure,long,54.5,620,14855.0,14834.038461538461,14882.25,20.96153846153846,True,win,1.3,1.3,3
2022-02-09,7am,retest,short,38.25,505,14933.75,14948.461538461539,14914.625,14.711538461538462,False,win,1.3,1.3,38
2022-02-10,6am,retest,long,22.5,610,14985.0,14976.346153846154,14996.25,8.653846153846153,True,loss,-1.0,-1.0,0
2022-02-10,7am,retest,short,33.75,503,15027.25,15040.23076923077,15010.375,12.98076923076923,False,win,1.3,0.0,7
2022-02-11,6am,retest,short,39.75,616,14612.5,14627.788461538461,14592.625,15.288461538461538,True,loss,-1.0,-1.0,0
2022-02-11,6am,failure,short,39.75,427,14612.5,14627.788461538461,14592.625,15.288461538461538,False,loss,-1.0,-1.0,2
2022-02-11,6am,failure,long,39.75,677,14572.75,14557.461538461539,14592.625,15.288461538461538,True,win,1.3,0.0,3
2022-02-11,7am,retest,short,102.25,502,14700.0,14739.326923076924,14648.875,39.32692307692307,False,loss,-1.0,-1.0,69
2022-02-11,7am,failure,short,102.25,500,14700.0,14739.326923076924,14648.875,39.32692307692307,False,loss,-1.0,-1.0,71
2022-02-14,6am,retest,short,63.0,849,14127.25,14151.48076923077,14095.75,24.23076923076923,True,loss,-1.0,0.0,3
2022-02-14,7am,retest,short,200.75,580,14263.25,14340.461538461539,14162.875,77.21153846153845,True,loss,-1.0,0.0,99
2022-02-14,7am,failure,short,200.75,483,14263.25,14340.461538461539,14162.875,77.21153846153845,False,loss,-1.0,0.0,196
2022-02-15,6am,retest,long,59.0,578,14515.25,14492.557692307691,14544.75,22.69230769230769,True,loss,-1.0,-1.0,1
2022-02-15,6am,failure,short,59.0,902,14574.25,14596.942307692309,14544.75,22.69230769230769,True,win,1.3,1.3,31
2022-02-15,6am,failure,long,59.0,507,14515.25,14492.557692307691,14544.75,22.69230769230769,False,loss,-1.0,-1.0,3
2022-02-15,7am,retest,long,46.0,505,14527.5,14509.807692307691,14550.5,17.692307692307693,False,loss,-1.0,-1.0,5
2022-02-15,7am,failure,short,46.0,902,14573.5,14591.192307692309,14550.5,17.692307692307693,True,loss,-1.0,-1.0,3
2022-02-15,7am,failure,long,46.0,499,14527.5,14509.807692307691,14550.5,17.692307692307693,False,loss,-1.0,-1.0,11
2022-02-16,6am,retest,short,33.25,433,14615.25,14628.038461538461,14598.625,12.788461538461538,False,win,1.3,0.0,18
2022-02-16,6am,retest,long,33.25,458,14582.0,14569.211538461539,14598.625,12.788461538461538,False,loss,-1.0,-1.0,17
2022-02-16,6am,failure,long,33.25,456,14582.0,14569.211538461539,14598.625,12.788461538461538,False,loss,-1.0,-1.0,19
2022-02-16,7am,retest,short,65.5,907,14623.0,14648.192307692309,14590.25,25.19230769230769,True,win,1.3,0.0,52
2022-02-16,7am,retest,long,65.5,868,14557.5,14532.307692307691,14590.25,25.19230769230769,True,win,1.3,1.3,3
2022-02-17,6am,failure,long,31.5,522,14485.0,14472.884615384615,14500.75,12.115384615384615,False,loss,-1.0,0.0,2
2022-02-17,7am,retest,long,49.25,495,14506.75,14487.807692307691,14531.375,18.942307692307693,False,loss,-1.0,0.0,26
2022-02-17,7am,failure,long,49.25,493,14506.75,14487.807692307691,14531.375,18.942307692307693,False,loss,-1.0,0.0,28
2022-02-18,7am,retest,short,30.5,487,14268.0,14279.73076923077,14252.75,11.73076923076923,False,win,1.3,1.3,2
2022-02-18,7am,failure,short,30.5,485,14268.0,14279.73076923077,14252.75,11.73076923076923,False,win,1.3,1.3,4
2022-02-21,6am,retest,long,108.25,445,13882.5,13840.865384615385,13936.625,41.63461538461538,False,loss,-1.0,-1.0,19
2022-02-21,7am,retest,long,103.75,524,13823.25,13783.346153846154,13875.125,39.90384615384615,False,win,1.3,0.0,36
2022-02-22,6am,retest,short,68.25,451,13932.75,13959.0,13898.625,26.25,False,win,1.3,1.3,6
2022-02-22,7am,retest,short,84.5,657,13957.25,13989.75,13915.0,32.5,True,win,1.3,0.0,16
2022-02-22,7am,retest,long,84.5,722,13872.75,13840.25,13915.0,32.5,True,loss,-1.0,0.0,31
2022-02-23,6am,retest,short,58.25,451,14009.75,14032.153846153846,13980.625,22.403846153846153,False,loss,-1.0,-1.0,22
2022-02-23,6am,failure,short,58.25,447,14009.75,14032.153846153846,13980.625,22.403846153846153,False,loss,-1.0,-1.0,26
2022-02-23,6am,failure,long,58.25,584,13951.5,13929.096153846154,13980.625,22.403846153846153,True,win,1.3,1.3,2
2022-02-23,7am,failure,long,80.5,582,13953.0,13922.038461538461,13993.25,30.96153846153846,True,loss,-1.0,0.0,8
2022-02-24,6am,retest,long,92.0,460,13070.5,13035.115384615385,13116.5,35.38461538461539,False,loss,-1.0,0.0,42
2022-02-24,6am,failure,short,92.0,572,13162.5,13197.884615384615,13116.5,35.38461538461539,True,loss,-1.0,-1.0,0
2022-02-24,6am,failure,long,92.0,454,13070.5,13035.115384615385,13116.5,35.38461538461539,False,loss,-1.0,0.0,48
2022-02-24,7am,retest,long,107.75,499,13053.75,13012.307692307691,13107.625,41.44230769230769,False,win,1.3,1.3,25
2022-02-24,7am,failure,short,107.75,572,13161.5,13202.942307692309,13107.625,41.44230769230769,True,loss,-1.0,-1.0,0
2022-02-24,7am,failure,long,107.75,489,13053.75,13012.307692307691,13107.625,41.44230769230769,False,win,1.3,1.3,35
2022-02-25,6am,retest,short,112.75,447,13944.25,13987.615384615385,13887.875,43.36538461538461,False,loss,-1.0,0.0,26
2022-02-25,7am,retest,short,141.75,542,14025.0,14079.51923076923,13954.125,54.51923076923077,False,win,1.3,1.3,28
2022-02-25,7am,failure,long,141.75,584,13883.25,13828.73076923077,13954.125,54.51923076923077,True,win,1.3,1.3,5
2022-02-28,6am,failure,short,70.5,440,14033.5,14060.615384615385,13998.25,27.115384615384613,False,loss,-1.0,-1.0,4
2022-02-28,7am,retest,short,80.0,580,14068.25,14099.01923076923,14028.25,30.769230769230766,True,win,1.3,0.0,4
2022-02-28,7am,retest,long,80.0,521,13988.25,13957.48076923077,14028.25,30.769230769230766,False,win,1.3,0.0,29
2022-03-01,6am,retest,short,94.75,559,14165.0,14201.442307692309,14117.625,36.44230769230769,False,loss,-1.0,-1.0,12
2022-03-01,6am,retest,long,94.75,700,14070.25,14033.807692307691,14117.625,36.44230769230769,True,loss,-1.0,-1.0,15
2022-03-01,6am,failure,long,94.75,697,14070.25,14033.807692307691,14117.625,36.44230769230769,True,loss,-1.0,-1.0,18
2022-03-01,7am,retest,short,61.75,658,14154.0,14177.75,14123.125,23.75,True,loss,-1.0,0.0,5
2022-03-01,7am,retest,long,61.75,769,14092.25,14068.5,14123.125,23.75,True,loss,-1.0,-1.0,7
2022-03-02,6am,retest,long,56.25,477,14085.75,14064.115384615385,14113.875,21.634615384615383,False,loss,-1.0,-1.0,11
2022-03-02,6am,failure,short,56.25,666,14142.0,14163.634615384615,14113.875,21.634615384615383,True,loss,-1.0,0.0,2
2022-03-02,7am,retest,long,63.75,569,14066.0,14041.48076923077,14097.875,24.51923076923077,False,loss,-1.0,0.0,4
2022-03-02,7am,failure,short,63.75,665,14129.75,14154.26923076923,14097.875,24.51923076923077,True,loss,-1.0,0.0,2
2022-03-03,6am,retest,short,53.75,607,14224.5,14245.173076923076,14197.625,20.673076923076923,True,win,1.3,0.0,8
2022-03-03,6am,retest,long,53.75,620,14170.75,14150.076923076924,14197.625,20.673076923076923,True,loss,-1.0,0.0,1
2022-03-03,7am,retest,short,43.5,607,14226.0,14242.73076923077,14204.25,16.73076923076923,True,win,1.3,0.0,6
2022-03-03,7am,failure,long,43.5,616,14182.5,14165.76923076923,14204.25,16.73076923076923,True,loss,-1.0,-1.0,5
2022-03-04,6am,retest,short,47.25,513,13946.5,13964.673076923076,13922.875,18.173076923076923,False,loss,-1.0,-1.0,0
2022-03-04,6am,retest,long,47.25,436,13899.25,13881.076923076924,13922.875,18.173076923076923,False,loss,-1.0,0.0,12
2022-03-04,7am,retest,short,69.0,510,13941.0,13967.538461538461,13906.5,26.538461538461537,False,loss,-1.0,-1.0,0
2022-03-07,6am,retest,long,89.0,646,13567.5,13533.26923076923,13612.0,34.230769230769226,True,win,1.3,0.0,19
2022-03-07,7am,retest,short,123.75,519,13775.5,13823.096153846154,13713.625,47.59615384615385,False,loss,-1.0,-1.0,28
2022-03-07,7am,failure,long,123.75,611,13651.75,13604.153846153846,13713.625,47.59615384615385,True,loss,-1.0,-1.0,13
2022-03-08,6am,retest,short,57.25,453,13358.75,13380.76923076923,13330.125,22.01923076923077,False,win,1.3,1.3,8
2022-03-08,6am,retest,long,57.25,472,13301.5,13279.48076923077,13330.125,22.01923076923077,False,loss,-1.0,0.0,19
2022-03-08,6am,failure,short,57.25,423,13358.75,13380.76923076923,13330.125,22.01923076923077,False,loss,-1.0,-1.0,2
2022-03-08,7am,retest,short,132.0,831,13425.0,13475.76923076923,13359.0,50.76923076923077,True,win,1.3,1.3,7
2022-03-08,7am,retest,long,132.0,490,13293.0,13242.23076923077,13359.0,50.76923076923077,False,loss,-1.0,-1.0,3
2022-03-09,6am,retest,short,78.25,488,13575.0,13605.096153846154,13535.875,30.096153846153847,False,loss,-1.0,0.0,25
2022-03-09,6am,failure,long,78.25,421,13496.75,13466.653846153846,13535.875,30.096153846153847,False,win,1.3,1.3,16
2022-03-09,7am,retest,short,82.5,485,13571.25,13602.98076923077,13530.0,31.73076923076923,False,loss,-1.0,-1.0,27
2022-03-10,6am,retest,long,77.0,427,13529.0,13499.384615384615,13567.5,29.615384615384613,False,win,1.3,1.3,12
2022-03-10,7am,retest,short,67.5,512,13579.75,13605.711538461539,13546.0,25.96153846153846,False,loss,-1.0,-1.0,1
2022-03-10,7am,failure,long,67.5,489,13512.25,13486.288461538461,13546.0,25.96153846153846,False,win,1.3,1.3,21
2022-03-11,6am,failure,long,243.25,581,13617.5,13523.942307692309,13739.125,93.5576923076923,True,loss,-1.0,-1.0,28
2022-03-11,7am,retest,long,66.75,507,13760.0,13734.326923076924,13793.375,25.673076923076923,False,loss,-1.0,-1.0,21
2022-03-14,6am,retest,long,54.5,426,13355.5,13334.538461538461,13382.75,20.96153846153846,False,loss,-1.0,-1.0,19
2022-03-14,7am,retest,long,161.0,578,13222.0,13160.076923076924,13302.5,61.92307692307692,True,win,1.3,0.0,5
2022-03-14,7am,failure,long,161.0,574,13222.0,13160.076923076924,13302.5,61.92307692307692,True,win,1.3,0.0,9
2022-03-15,6am,retest,short,99.0,428,13098.25,13136.326923076924,13048.75,38.07692307692307,False,loss,-1.0,0.0,82
2022-03-15,6am,failure,short,99.0,426,13098.25,13136.326923076924,13048.75,38.07692307692307,False,loss,-1.0,0.0,84
2022-03-15,7am,retest,short,66.25,585,13122.5,13147.98076923077,13089.375,25.48076923076923,True,win,1.3,1.3,1
2022-03-15,7am,failure,short,66.25,503,13122.5,13147.98076923077,13089.375,25.48076923076923,False,loss,-1.0,0.0,7
2022-03-16,6am,retest,short,51.25,599,13720.25,13739.961538461539,13694.625,19.71153846153846,True,loss,-1.0,-1.0,2
2022-03-16,6am,failure,short,51.25,586,13720.25,13739.961538461539,13694.625,19.71153846153846,True,loss,-1.0,-1.0,1
2022-03-16,6am,failure,long,51.25,436,13669.0,13649.288461538461,13694.625,19.71153846153846,False,win,1.3,1.3,15
2022-03-16,7am,retest,short,41.5,487,13707.0,13722.961538461539,13686.25,15.961538461538462,False,win,1.3,1.3,14
2022-03-17,6am,retest,short,91.0,631,13928.25,13963.25,13882.75,35.0,True,win,1.3,0.0,16
2022-03-17,6am,failure,long,91.0,572,13837.25,13802.25,13882.75,35.0,True,win,1.3,1.3,2
2022-03-17,7am,retest,short,62.75,620,13932.0,13956.134615384615,13900.625,24.134615384615383,True,loss,-1.0,-1.0,1
2022-03-17,7am,retest,long,62.75,529,13869.25,13845.115384615385,13900.625,24.134615384615383,False,loss,-1.0,-1.0,6
2022-03-17,7am,failure,long,62.75,522,13869.25,13845.115384615385,13900.625,24.134615384615383,False,loss,-1.0,-1.0,13
2022-03-18,6am,retest,long,45.5,445,13995.25,13977.75,14018.0,17.5,False,loss,-1.0,-1.0,3
2022-03-18,6am,failure,short,45.5,569,14040.75,14058.25,14018.0,17.5,False,win,1.3,1.3,2
2022-03-18,7am,failure,short,38.75,508,14015.75,14030.653846153846,13996.375,14.903846153846153,False,win,1.3,1.3,22
2022-03-21,6am,retest,short,30.0,507,14377.75,14389.288461538461,14362.75,11.538461538461538,False,win,1.3,0.0,20
2022-03-21,6am,retest,long,30.0,659,14347.75,14336.211538461539,14362.75,11.538461538461538,True,win,1.3,1.3,2
2022-03-21,7am,retest,long,64.75,544,14363.75,14338.846153846154,14396.125,24.903846153846153,False,win,1.3,0.0,29
2022-03-21,7am,failure,long,64.75,538,14363.75,14338.846153846154,14396.125,24.903846153846153,False,win,1.3,0.0,35
2022-03-22,6am,retest,short,39.5,588,14433.75,14448.942307692309,14414.0,15.192307692307692,True,win,1.3,0.0,3
2022-03-22,6am,retest,long,39.5,455,14394.25,14379.057692307691,14414.0,15.192307692307692,False,loss,-1.0,-1.0,27
2022-03-22,6am,failure,long,39.5,433,14394.25,14379.057692307691,14414.0,15.192307692307692,False,loss,-1.0,0.0,49
2022-03-22,7am,retest,short,43.25,587,14423.75,14440.384615384615,14402.125,16.634615384615383,True,loss,-1.0,-1.0,1
2022-03-22,7am,retest,long,43.25,490,14380.5,14363.865384615385,14402.125,16.634615384615383,False,loss,-1.0,-1.0,16
2022-03-22,7am,failure,short,43.25,572,14423.75,14440.384615384615,14402.125,16.634615384615383,True,loss,-1.0,0.0,3
2022-03-22,7am,failure,long,43.25,488,14380.5,14363.865384615385,14402.125,16.634615384615383,False,loss,-1.0,-1.0,18
2022-03-23,6am,retest,long,42.75,455,14558.75,14542.307692307691,14580.125,16.442307692307693,False,loss,-1.0,-1.0,5
2022-03-23,7am,retest,short,52.5,617,14581.75,14601.942307692309,14555.5,20.19230769230769,True,win,1.3,1.3,5
2022-03-23,7am,retest,long,52.5,545,14529.25,14509.057692307691,14555.5,20.19230769230769,False,win,1.3,1.3,18
2022-03-25,6am,retest,short,41.5,546,14798.25,14814.211538461539,14777.5,15.961538461538462,False,win,1.3,1.3,14
2022-03-25,6am,failure,short,41.5,442,14798.25,14814.211538461539,14777.5,15.961538461538462,False,loss,-1.0,-1.0,4
2022-03-25,7am,retest,long,62.75,562,14777.75,14753.615384615385,14809.125,24.134615384615383,False,loss,-1.0,-1.0,8
2022-03-28,6am,retest,short,46.25,532,14749.0,14766.788461538461,14725.875,17.788461538461537,False,loss,-1.0,-1.0,16
2022-03-28,6am,failure,short,46.25,421,14749.0,14766.788461538461,14725.875,17.788461538461537,False,loss,-1.0,-1.0,7
2022-03-28,7am,retest,short,70.0,625,14808.0,14834.923076923076,14773.0,26.923076923076923,True,loss,-1.0,0.0,5
2022-03-28,7am,retest,long,70.0,711,14738.0,14711.076923076924,14773.0,26.923076923076923,True,loss,-1.0,0.0,26
2022-03-29,6am,retest,short,38.25,465,15057.25,15071.961538461539,15038.125,14.711538461538462,False,win,1.3,0.0,1
2022-03-29,6am,failure,long,38.25,453,15019.0,15004.288461538461,15038.125,14.711538461538462,False,win,1.3,1.3,8
2022-03-29,7am,retest,short,87.25,487,15100.25,15133.807692307691,15056.625,33.55769230769231,False,loss,-1.0,-1.0,17
2022-03-30,6am,retest,short,40.75,440,15182.5,15198.173076923076,15162.125,15.673076923076923,False,win,1.3,1.3,52
2022-03-30,6am,failure,short,40.75,423,15182.5,15198.173076923076,15162.125,15.673076923076923,False,win,1.3,0.0,69
2022-03-30,6am,failure,long,40.75,501,15141.75,15126.076923076924,15162.125,15.673076923076923,False,win,1.3,1.3,15
2022-03-30,7am,retest,short,27.75,591,15195.0,15205.673076923076,15181.125,10.673076923076923,True,win,1.3,1.3,1
2022-03-31,6am,retest,long,30.75,430,15111.5,15099.673076923076,15126.875,11.826923076923077,False,loss,-1.0,-1.0,9
2022-03-31,6am,failure,long,30.75,427,15111.5,15099.673076923076,15126.875,11.826923076923077,False,loss,-1.0,-1.0,12
2022-03-31,7am,retest,short,44.25,492,15121.5,15138.51923076923,15099.375,17.01923076923077,False,win,1.3,0.0,24
2022-03-31,7am,retest,long,44.25,572,15077.25,15060.23076923077,15099.375,17.01923076923077,True,loss,-1.0,-1.0,0
2022-03-31,7am,failure,long,44.25,570,15077.25,15060.23076923077,15099.375,17.01923076923077,True,loss,-1.0,0.0,2
2022-04-01,6am,retest,long,23.0,436,14937.0,14928.153846153846,14948.5,8.846153846153847,False,win,1.3,1.3,34
2022-04-01,7am,retest,short,19.5,504,14951.0,14958.5,14941.25,7.5,False,win,1.3,1.3,4
2022-04-04,6am,retest,long,27.75,424,14911.25,14900.576923076924,14925.125,10.673076923076923,False,win,1.3,1.3,13
2022-04-04,7am,retest,long,26.25,518,14905.25,14895.153846153846,14918.375,10.096153846153845,False,loss,-1.0,-1.0,7
2022-04-04,7am,failure,long,26.25,510,14905.25,14895.153846153846,14918.375,10.096153846153845,False,loss,-1.0,0.0,15
2022-04-05,6am,retest,long,35.25,507,15110.5,15096.942307692309,15128.125,13.557692307692307,False,loss,-1.0,0.0,63
2022-04-05,6am,failure,short,35.25,484,15145.75,15159.307692307691,15128.125,13.557692307692307,False,win,1.3,1.3,11
2022-04-05,7am,retest,long,29.5,507,15115.5,15104.153846153846,15130.25,11.346153846153845,False,loss,-1.0,0.0,29
2022-04-05,7am,failure,short,29.5,483,15145.0,15156.346153846154,15130.25,11.346153846153845,False,win,1.3,1.3,12
2022-04-06,7am,failure,long,86.5,577,14581.25,14547.98076923077,14624.5,33.26923076923077,True,loss,-1.0,-1.0,6
2022-04-07,7am,retest,short,69.75,933,14604.0,14630.826923076924,14569.125,26.826923076923077,True,win,1.3,1.3,17
2022-04-07,7am,retest,long,69.75,575,14534.25,14507.423076923076,14569.125,26.826923076923077,True,win,1.3,0.0,3
2022-04-08,6am,retest,short,48.5,437,14588.5,14607.153846153846,14564.25,18.653846153846153,False,win,1.3,0.0,54
2022-04-11,6am,retest,long,63.0,471,14181.25,14157.01923076923,14212.75,24.23076923076923,False,loss,-1.0,-1.0,18
2022-04-11,7am,retest,long,68.25,532,14170.75,14144.5,14204.875,26.25,False,loss,-1.0,-1.0,40
2022-04-12,6am,retest,short,37.75,510,14044.0,14058.51923076923,14025.125,14.519230769230768,False,loss,-1.0,-1.0,0
2022-04-12,6am,retest,long,37.75,427,14006.25,13991.73076923077,14025.125,14.519230769230768,False,loss,-1.0,-1.0,9
2022-04-12,7am,retest,short,48.25,828,14035.0,14053.557692307691,14010.875,18.557692307692307,True,win,1.3,1.3,4
2022-04-12,7am,failure,short,48.25,484,14035.0,14053.557692307691,14010.875,18.557692307692307,False,loss,-1.0,-1.0,3
2022-04-13,6am,retest,short,56.0,448,14049.0,14070.538461538461,14021.0,21.538461538461537,False,win,1.3,1.3,13
2022-04-13,6am,retest,long,56.0,477,13993.0,13971.461538461539,14021.0,21.538461538461537,False,loss,-1.0,-1.0,8
2022-04-13,7am,retest,long,91.75,486,13973.75,13938.461538461539,14019.625,35.28846153846154,False,loss,-1.0,-1.0,24
2022-04-13,7am,failure,long,91.75,484,13973.75,13938.461538461539,14019.625,35.28846153846154,False,loss,-1.0,-1.0,26
2022-04-14,6am,retest,long,47.75,476,14201.5,14183.134615384615,14225.375,18.365384615384613,False,win,1.3,1.3,23
2022-04-14,7am,retest,long,53.5,529,14191.0,14170.423076923076,14217.75,20.576923076923077,False,win,1.3,1.3,35
2022-04-18,6am,retest,short,31.0,489,13825.75,13837.673076923076,13810.25,11.923076923076923,False,win,1.3,1.3,3
2022-04-18,6am,retest,long,31.0,748,13794.75,13782.826923076924,13810.25,11.923076923076923,True,win,1.3,1.3,7
2022-04-18,7am,retest,short,54.25,587,13869.5,13890.365384615385,13842.375,20.865384615384613,True,win,1.3,0.0,6
2022-04-18,7am,retest,long,54.25,501,13815.25,13794.384615384615,13842.375,20.865384615384613,False,win,1.3,1.3,14
2022-04-18,7am,failure,long,54.25,493,13815.25,13794.384615384615,13842.375,20.865384615384613,False,win,1.3,1.3,22
2022-04-19,6am,retest,short,54.5,429,13896.75,13917.711538461539,13869.5,20.96153846153846,False,loss,-1.0,0.0,41
2022-04-19,7am,retest,short,49.0,499,13930.0,13948.846153846154,13905.5,18.846153846153847,False,win,1.3,0.0,21
2022-04-19,7am,retest,long,49.0,565,13881.0,13862.153846153846,13905.5,18.846153846153847,False,loss,-1.0,0.0,6
2022-04-21,6am,retest,short,45.75,472,14172.75,14190.346153846154,14149.875,17.596153846153847,False,loss,-1.0,-1.0,9
2022-04-21,6am,failure,short,45.75,442,14172.75,14190.346153846154,14149.875,17.596153846153847,False,loss,-1.0,-1.0,39
2022-04-21,7am,retest,short,47.5,486,14189.0,14207.26923076923,14165.25,18.26923076923077,False,win,1.3,1.3,20
2022-04-21,7am,retest,long,47.5,615,14141.5,14123.23076923077,14165.25,18.26923076923077,True,win,1.3,1.3,1
2022-04-22,6am,retest,short,45.5,554,13697.5,13715.0,13674.75,17.5,False,loss,-1.0,0.0,10
2022-04-22,6am,retest,long,45.5,582,13652.0,13634.5,13674.75,17.5,True,loss,-1.0,0.0,1
2022-04-22,7am,retest,short,73.25,515,13754.25,13782.423076923076,13717.625,28.173076923076923,False,win,1.3,1.3,13
2022-04-22,7am,retest,long,73.25,587,13681.0,13652.826923076924,13717.625,28.173076923076923,True,loss,-1.0,-1.0,1
2022-04-22,7am,failure,short,73.25,481,13754.25,13782.423076923076,13717.625,28.173076923076923,False,win,1.3,0.0,47
2022-04-25,6am,retest,short,44.5,520,13272.0,13289.115384615385,13249.75,17.115384615384613,False,loss,-1.0,-1.0,2
2022-04-25,6am,retest,long,44.5,432,13227.5,13210.384615384615,13249.75,17.115384615384613,False,loss,-1.0,-1.0,3
2022-04-25,6am,failure,short,44.5,506,13272.0,13289.115384615385,13249.75,17.115384615384613,False,win,1.3,1.3,2
2022-04-25,7am,retest,short,81.5,509,13265.5,13296.846153846154,13224.75,31.346153846153847,False,loss,-1.0,-1.0,16
2022-04-26,6am,retest,long,40.25,452,13476.0,13460.51923076923,13496.125,15.48076923076923,False,loss,-1.0,-1.0,6
2022-04-26,7am,retest,long,34.5,520,13458.25,13444.98076923077,13475.5,13.269230769230768,False,win,1.3,1.3,17
2022-04-26,7am,failure,short,34.5,483,13492.75,13506.01923076923,13475.5,13.269230769230768,False,win,1.3,1.3,4
2022-04-27,7am,retest,long,131.5,559,13014.75,12964.173076923076,13080.5,50.57692307692307,False,win,1.3,1.3,13
2022-04-27,7am,failure,short,131.5,581,13146.25,13196.826923076924,13080.5,50.57692307692307,True,loss,-1.0,-1.0,2
2022-04-28,6am,retest,short,44.0,427,13293.25,13310.173076923076,13271.25,16.923076923076923,False,loss,-1.0,-1.0,1
2022-04-28,6am,retest,long,44.0,523,13249.25,13232.326923076924,13271.25,16.923076923076923,False,loss,-1.0,-1.0,3
2022-04-28,6am,failure,long,44.0,485,13249.25,13232.326923076924,13271.25,16.923076923076923,False,loss,-1.0,-1.0,9
2022-04-28,7am,retest,long,60.25,484,13255.5,13232.326923076924,13285.625,23.173076923076923,False,loss,-1.0,-1.0,10
2022-04-29,6am,retest,long,57.75,437,13282.25,13260.038461538461,13311.125,22.21153846153846,False,loss,-1.0,0.0,25
2022-04-29,6am,failure,short,57.75,575,13340.0,13362.211538461539,13311.125,22.21153846153846,True,loss,-1.0,-1.0,0
2022-04-29,6am,failure,long,57.75,432,13282.25,13260.038461538461,13311.125,22.21153846153846,False,loss,-1.0,0.0,30
2022-04-29,7am,retest,long,59.75,556,13249.0,13226.01923076923,13278.875,22.98076923076923,False,win,1.3,1.3,4
2022-05-02,6am,failure,long,41.75,430,12896.75,12880.692307692309,12917.625,16.057692307692307,False,loss,-1.0,-1.0,5
2022-05-02,7am,retest,short,153.75,588,12919.75,12978.884615384615,12842.875,59.13461538461538,True,win,1.3,0.0,21
2022-05-02,7am,retest,long,153.75,836,12766.0,12706.865384615385,12842.875,59.13461538461538,True,win,1.3,0.0,73
2022-05-02,7am,failure,long,153.75,578,12766.0,12706.865384615385,12842.875,59.13461538461538,True,win,1.3,0.0,4
2022-05-03,6am,retest,short,86.0,497,13089.5,13122.576923076924,13046.5,33.07692307692307,False,win,1.3,0.0,73
2022-05-04,6am,retest,short,24.75,464,13141.0,13150.51923076923,13128.625,9.519230769230768,False,win,1.3,1.3,14
2022-05-04,6am,retest,long,24.75,504,13116.25,13106.73076923077,13128.625,9.519230769230768,False,loss,-1.0,0.0,19
2022-05-04,7am,retest,long,35.5,504,13120.0,13106.346153846154,13137.75,13.653846153846153,False,loss,-1.0,-1.0,25
2022-05-04,7am,failure,long,35.5,501,13120.0,13106.346153846154,13137.75,13.653846153846153,False,loss,-1.0,-1.0,28
2022-05-05,6am,retest,long,38.5,455,13411.0,13396.192307692309,13430.25,14.807692307692307,False,win,1.3,1.3,16
2022-05-05,6am,failure,short,38.5,435,13449.5,13464.307692307691,13430.25,14.807692307692307,False,win,1.3,1.3,5
2022-05-05,7am,failure,long,47.0,531,13405.5,13387.423076923076,13429.0,18.076923076923077,False,loss,-1.0,-1.0,12
2022-05-06,6am,retest,short,51.25,512,12826.75,12846.461538461539,12801.125,19.71153846153846,False,loss,-1.0,0.0,2
2022-05-06,6am,retest,long,51.25,424,12775.5,12755.788461538461,12801.125,19.71153846153846,False,loss,-1.0,-1.0,8
2022-05-06,7am,retest,short,67.5,495,12794.5,12820.461538461539,12760.75,25.96153846153846,False,loss,-1.0,0.0,15
2022-05-06,7am,retest,long,67.5,544,12727.0,12701.038461538461,12760.75,25.96153846153846,False,win,1.3,1.3,15
2022-05-09,6am,retest,short,98.25,531,12466.25,12504.038461538461,12417.125,37.78846153846154,False,loss,-1.0,0.0,44
2022-05-09,6am,retest,long,98.25,454,12368.0,12330.211538461539,12417.125,37.78846153846154,False,win,1.3,0.0,25
2022-05-09,7am,retest,short,81.25,491,12425.0,12456.25,12384.375,31.25,False,loss,-1.0,0.0,29
2022-05-09,7am,retest,long,81.25,645,12343.75,12312.5,12384.375,31.25,True,loss,-1.0,0.0,9
2022-05-09,7am,failure,long,81.25,631,12343.75,12312.5,12384.375,31.25,True,loss,-1.0,-1.0,2
2022-05-10,6am,retest,short,44.5,490,12381.5,12398.615384615385,12359.25,17.115384615384613,False,loss,-1.0,-1.0,21
2022-05-10,6am,retest,long,44.5,470,12337.0,12319.884615384615,12359.25,17.115384615384613,False,loss,-1.0,-1.0,4
2022-05-10,6am,failure,long,44.5,422,12337.0,12319.884615384615,12359.25,17.115384615384613,False,loss,-1.0,-1.0,3
2022-05-10,7am,retest,long,51.5,655,12293.75,12273.942307692309,12319.5,19.807692307692307,True,loss,-1.0,0.0,4
2022-05-11,6am,retest,short,64.5,444,12540.5,12565.307692307691,12508.25,24.807692307692307,False,win,1.3,0.0,51
2022-05-12,6am,retest,long,58.25,522,11820.0,11797.596153846154,11849.125,22.403846153846153,False,loss,-1.0,-1.0,0
2022-05-12,7am,retest,short,163.0,618,11918.5,11981.192307692309,11837.0,62.69230769230769,True,loss,-1.0,-1.0,3
2022-05-12,7am,retest,long,163.0,576,11755.5,11692.807692307691,11837.0,62.69230769230769,True,win,1.3,1.3,10
2022-05-12,7am,failure,short,163.0,610,11918.5,11981.192307692309,11837.0,62.69230769230769,True,loss,-1.0,-1.0,2
2022-05-12,7am,failure,long,163.0,574,11755.5,11692.807692307691,11837.0,62.69230769230769,True,win,1.3,1.3,12
2022-05-13,6am,retest,short,49.0,472,12162.5,12181.346153846154,12138.0,18.846153846153847,False,loss,-1.0,-1.0,3
2022-05-13,6am,failure,short,49.0,461,12162.5,12181.346153846154,12138.0,18.846153846153847,False,loss,-1.0,-1.0,8
2022-05-13,6am,failure,long,49.0,574,12113.5,12094.653846153846,12138.0,18.846153846153847,True,loss,-1.0,-1.0,0
2022-05-13,7am,retest,short,71.5,590,12207.5,12235.0,12171.75,27.5,True,loss,-1.0,0.0,1
2022-05-13,7am,retest,long,71.5,564,12136.0,12108.5,12171.75,27.5,False,loss,-1.0,0.0,10
2022-05-16,6am,retest,short,36.0,427,12329.5,12343.346153846154,12311.5,13.846153846153845,False,loss,-1.0,-1.0,1
2022-05-16,7am,failure,long,32.25,561,12312.0,12299.596153846154,12328.125,12.403846153846153,False,win,1.3,1.3,5
2022-05-17,6am,retest,short,59.5,911,12544.0,12566.884615384615,12514.25,22.884615384615383,True,loss,-1.0,-1.0,7
2022-05-17,6am,retest,long,59.5,434,12484.5,12461.615384615385,12514.25,22.884615384615383,False,loss,-1.0,0.0,74
2022-05-17,7am,retest,long,41.5,492,12468.0,12452.038461538461,12488.75,15.961538461538462,False,loss,-1.0,0.0,18
2022-05-18,6am,failure,long,59.5,425,12464.5,12441.615384615385,12494.25,22.884615384615383,False,loss,-1.0,-1.0,6
2022-05-18,7am,retest,long,80.75,527,12408.5,12377.442307692309,12448.875,31.057692307692307,False,loss,-1.0,-1.0,6
2022-05-19,6am,retest,short,92.0,498,11813.0,11848.384615384615,11767.0,35.38461538461539,False,loss,-1.0,0.0,48
2022-05-19,6am,failure,short,92.0,441,11813.0,11848.384615384615,11767.0,35.38461538461539,False,loss,-1.0,-1.0,7
2022-05-19,7am,retest,short,87.5,556,11859.5,11893.153846153846,11815.75,33.65384615384615,False,loss,-1.0,-1.0,14
2022-05-20,6am,retest,short,34.75,477,12073.0,12086.365384615385,12055.625,13.365384615384615,False,win,1.3,1.3,3
2022-05-20,6am,retest,long,34.75,422,12038.25,12024.884615384615,12055.625,13.365384615384615,False,loss,-1.0,-1.0,9
2022-05-20,7am,retest,long,61.25,533,12024.0,12000.442307692309,12054.625,23.557692307692307,False,loss,-1.0,0.0,39
2022-05-23,6am,retest,short,87.75,709,11973.5,12007.25,11929.625,33.75,True,loss,-1.0,-1.0,13
2022-05-23,6am,retest,long,87.75,542,11885.75,11852.0,11929.625,33.75,False,loss,-1.0,0.0,30
2022-05-23,6am,failure,short,87.75,592,11973.5,12007.25,11929.625,33.75,True,win,1.3,1.3,1
2022-05-23,7am,retest,short,70.75,709,11972.25,11999.461538461539,11936.875,27.21153846153846,True,loss,-1.0,-1.0,8
2022-05-23,7am,retest,long,70.75,524,11901.5,11874.288461538461,11936.875,27.21153846153846,False,loss,-1.0,0.0,46
2022-05-23,7am,failure,short,70.75,592,11972.25,11999.461538461539,11936.875,27.21153846153846,True,win,1.3,1.3,1
2022-05-24,6am,retest,short,35.5,459,11847.5,11861.153846153846,11829.75,13.653846153846153,False,win,1.3,0.0,16
2022-05-24,6am,retest,long,35.5,510,11812.0,11798.346153846154,11829.75,13.653846153846153,False,win,1.3,1.3,2
2022-05-24,6am,failure,long,35.5,489,11812.0,11798.346153846154,11829.75,13.653846153846153,False,win,1.3,0.0,23
2022-05-24,7am,retest,long,54.0,493,11823.0,11802.23076923077,11850.0,20.76923076923077,False,win,1.3,1.3,29
2022-05-24,7am,failure,long,54.0,487,11823.0,11802.23076923077,11850.0,20.76923076923077,False,win,1.3,1.3,35
2022-05-25,6am,retest,short,56.5,583,11806.75,11828.48076923077,11778.5,21.73076923076923,True,loss,-1.0,0.0,2
2022-05-25,6am,retest,long,56.5,572,11750.25,11728.51923076923,11778.5,21.73076923076923,True,win,1.3,1.3,1
2022-05-25,7am,retest,short,94.25,589,11769.75,11806.0,11722.625,36.25,True,loss,-1.0,-1.0,6
2022-05-26,6am,retest,short,48.25,427,11964.75,11983.307692307691,11940.625,18.557692307692307,False,loss,-1.0,-1.0,7
2022-05-26,6am,failure,short,48.25,423,11964.75,11983.307692307691,11940.625,18.557692307692307,False,loss,-1.0,-1.0,11
2022-05-26,6am,failure,long,48.25,567,11916.5,11897.942307692309,11940.625,18.557692307692307,False,win,1.3,1.3,5
2022-05-26,7am,failure,long,76.5,511,11944.0,11914.576923076924,11982.25,29.423076923076923,False,win,1.3,1.3,1
2022-05-27,6am,retest,long,42.25,447,12321.0,12304.75,12342.125,16.25,False,loss,-1.0,0.0,23
2022-05-27,6am,failure,long,42.25,441,12321.0,12304.75,12342.125,16.25,False,loss,-1.0,0.0,29
2022-05-30,6am,retest,long,60.75,508,12811.0,12787.634615384615,12841.375,23.365384615384613,False,loss,-1.0,-1.0,12
2022-05-30,6am,failure,long,60.75,503,12811.0,12787.634615384615,12841.375,23.365384615384613,False,loss,-1.0,-1.0,17
2022-05-30,7am,retest,long,21.0,753,12827.0,12818.923076923076,12837.5,8.076923076923077,True,loss,-1.0,0.0,1
2022-05-30,7am,failure,long,21.0,488,12827.0,12818.923076923076,12837.5,8.076923076923077,False,loss,-1.0,-1.0,10
2022-05-31,6am,retest,short,70.5,456,12686.0,12713.115384615385,12650.75,27.115384615384613,False,win,1.3,1.3,28
2022-05-31,6am,retest,long,70.5,517,12615.5,12588.384615384615,12650.75,27.115384615384613,False,win,1.3,1.3,34
2022-05-31,6am,failure,short,70.5,426,12686.0,12713.115384615385,12650.75,27.115384615384613,False,win,1.3,0.0,58
2022-05-31,6am,failure,long,70.5,511,12615.5,12588.384615384615,12650.75,27.115384615384613,False,win,1.3,1.3,40
2022-05-31,7am,retest,short,48.0,735,12706.5,12724.961538461539,12682.5,18.46153846153846,True,win,1.3,1.3,3
2022-05-31,7am,retest,long,48.0,555,12658.5,12640.038461538461,12682.5,18.46153846153846,False,win,1.3,0.0,12
2022-06-01,6am,retest,short,33.25,620,12638.75,12651.538461538461,12622.125,12.788461538461538,True,loss,-1.0,-1.0,0
2022-06-01,6am,retest,long,33.25,634,12605.5,12592.711538461539,12622.125,12.788461538461538,True,loss,-1.0,-1.0,0
2022-06-01,7am,retest,short,67.0,499,12685.0,12710.76923076923,12651.5,25.76923076923077,False,loss,-1.0,-1.0,7
2022-06-01,7am,retest,long,67.0,628,12618.0,12592.23076923077,12651.5,25.76923076923077,True,loss,-1.0,0.0,6
2022-06-01,7am,failure,short,67.0,482,12685.0,12710.76923076923,12651.5,25.76923076923077,False,loss,-1.0,-1.0,24
2022-06-02,6am,retest,short,53.5,696,12655.5,12676.076923076924,12628.75,20.576923076923077,True,loss,-1.0,-1.0,5
2022-06-02,6am,retest,long,53.5,513,12602.0,12581.423076923076,12628.75,20.576923076923077,False,loss,-1.0,0.0,29
2022-06-02,7am,retest,long,29.25,496,12619.5,12608.25,12634.125,11.25,False,loss,-1.0,-1.0,0
2022-06-02,7am,failure,short,29.25,670,12648.75,12660.0,12634.125,11.25,True,loss,-1.0,-1.0,0
2022-06-02,7am,failure,long,29.25,487,12619.5,12608.25,12634.125,11.25,False,loss,-1.0,-1.0,2
2022-06-03,6am,retest,long,65.75,450,12764.25,12738.961538461539,12797.125,25.288461538461537,False,loss,-1.0,-1.0,27
2022-06-03,6am,failure,long,65.75,427,12764.25,12738.961538461539,12797.125,25.288461538461537,False,loss,-1.0,-1.0,50
2022-06-03,7am,retest,short,56.5,512,12783.75,12805.48076923077,12755.5,21.73076923076923,False,loss,-1.0,0.0,2
2022-06-03,7am,retest,long,56.5,527,12727.25,12705.51923076923,12755.5,21.73076923076923,False,loss,-1.0,-1.0,2
2022-06-06,6am,retest,long,36.0,580,12709.25,12695.403846153846,12727.25,13.846153846153845,True,win,1.3,0.0,1
2022-06-06,6am,failure,long,36.0,471,12709.25,12695.403846153846,12727.25,13.846153846153845,False,win,1.3,1.3,3
2022-06-06,7am,retest,long,36.25,578,12707.0,12693.057692307691,12725.125,13.942307692307692,True,loss,-1.0,-1.0,1
2022-06-06,7am,failure,short,36.25,488,12743.25,12757.192307692309,12725.125,13.942307692307692,False,loss,-1.0,-1.0,1
2022-06-07,6am,retest,short,57.75,595,12537.75,12559.961538461539,12508.875,22.21153846153846,True,loss,-1.0,0.0,10
2022-06-07,6am,retest,long,57.75,455,12480.0,12457.788461538461,12508.875,22.21153846153846,False,loss,-1.0,-1.0,19
2022-06-07,7am,retest,short,71.75,584,12511.25,12538.846153846154,12475.375,27.596153846153847,True,loss,-1.0,-1.0,6
2022-06-07,7am,retest,long,71.75,516,12439.5,12411.903846153846,12475.375,27.596153846153847,False,win,1.3,0.0,57
2022-06-08,6am,retest,short,47.5,437,12698.5,12716.76923076923,12674.75,18.26923076923077,False,loss,-1.0,-1.0,15
2022-06-08,6am,retest,long,47.5,521,12651.0,12632.73076923077,12674.75,18.26923076923077,False,win,1.3,0.0,47
2022-06-08,6am,failure,short,47.5,434,12698.5,12716.76923076923,12674.75,18.26923076923077,False,loss,-1.0,-1.0,18
2022-06-08,7am,retest,long,43.5,483,12678.75,12662.01923076923,12700.5,16.73076923076923,False,loss,-1.0,0.0,22
2022-06-09,6am,retest,long,75.5,632,12650.5,12621.461538461539,12688.25,29.038461538461537,True,loss,-1.0,0.0,10
2022-06-09,7am,retest,long,83.75,486,12634.5,12602.288461538461,12676.375,32.21153846153846,False,loss,-1.0,-1.0,16
2022-06-10,6am,failure,short,44.25,465,12315.25,12332.26923076923,12293.125,17.01923076923077,False,win,1.3,1.3,14
2022-06-10,7am,retest,short,46.0,507,12322.25,12339.942307692309,12299.25,17.692307692307693,False,win,1.3,1.3,3
2022-06-13,6am,retest,short,48.75,426,11555.0,11573.75,11530.625,18.75,False,win,1.3,1.3,3
2022-06-13,6am,retest,long,48.75,447,11506.25,11487.5,11530.625,18.75,False,win,1.3,1.3,2
2022-06-13,7am,retest,short,72.75,575,11559.75,11587.73076923077,11523.375,27.98076923076923,True,loss,-1.0,0.0,2
2022-06-14,6am,retest,short,67.0,520,11436.75,11462.51923076923,11403.25,25.76923076923077,False,loss,-1.0,-1.0,1
2022-06-14,6am,retest,long,67.0,467,11369.75,11343.98076923077,11403.25,25.76923076923077,False,win,1.3,1.3,14
2022-06-14,7am,retest,short,64.25,530,11420.0,11444.711538461539,11387.875,24.71153846153846,False,loss,-1.0,0.0,32
2022-06-14,7am,retest,long,64.25,597,11355.75,11331.038461538461,11387.875,24.71153846153846,True,win,1.3,1.3,1
2022-06-14,7am,failure,short,64.25,511,11420.0,11444.711538461539,11387.875,24.71153846153846,False,loss,-1.0,0.0,9
2022-06-15,6am,failure,short,32.5,436,11433.0,11445.5,11416.75,12.5,False,loss,-1.0,-1.0,6
2022-06-15,7am,retest,short,85.25,542,11486.5,11519.288461538461,11443.875,32.78846153846154,False,loss,-1.0,0.0,28
2022-06-16,6am,retest,short,63.0,485,11354.0,11378.23076923077,11322.5,24.23076923076923,False,loss,-1.0,-1.0,6
2022-06-16,6am,retest,long,63.0,468,11291.0,11266.76923076923,11322.5,24.23076923076923,False,win,1.3,1.3,8
2022-06-16,6am,failure,long,63.0,466,11291.0,11266.76923076923,11322.5,24.23076923076923,False,win,1.3,1.3,10
2022-06-16,7am,retest,short,59.5,548,11343.5,11366.384615384615,11313.75,22.884615384615383,False,win,1.3,1.3,22
2022-06-16,7am,retest,long,59.5,580,11284.0,11261.115384615385,11313.75,22.884615384615383,True,win,1.3,1.3,2
2022-06-16,7am,failure,long,59.5,575,11284.0,11261.115384615385,11313.75,22.884615384615383,True,win,1.3,1.3,1
2022-06-17,6am,retest,short,42.0,456,11308.75,11324.903846153846,11287.75,16.153846153846153,False,win,1.3,1.3,10
2022-06-17,6am,retest,long,42.0,574,11266.75,11250.596153846154,11287.75,16.153846153846153,True,win,1.3,0.0,1
2022-06-17,6am,failure,long,42.0,525,11266.75,11250.596153846154,11287.75,16.153846153846153,False,loss,-1.0,-1.0,3
2022-06-17,7am,retest,long,47.5,523,11274.25,11255.98076923077,11298.0,18.26923076923077,False,loss,-1.0,-1.0,3
2022-06-20,6am,retest,long,28.25,535,11373.5,11362.634615384615,11387.625,10.865384615384615,False,loss,-1.0,-1.0,15
2022-06-20,6am,failure,short,28.25,710,11401.75,11412.615384615385,11387.625,10.865384615384615,True,loss,-1.0,-1.0,6
2022-06-20,7am,retest,long,25.75,544,11371.25,11361.346153846154,11384.125,9.903846153846153,False,loss,-1.0,-1.0,6
2022-06-20,7am,failure,long,25.75,534,11371.25,11361.346153846154,11384.125,9.903846153846153,False,loss,-1.0,-1.0,16
2022-06-21,6am,retest,long,24.5,449,11491.0,11481.576923076924,11503.25,9.423076923076923,False,loss,-1.0,-1.0,13
2022-06-21,7am,failure,short,56.75,573,11507.75,11529.576923076924,11479.375,21.826923076923077,True,loss,-1.0,0.0,2
2022-06-21,7am,failure,long,56.75,487,11451.0,11429.173076923076,11479.375,21.826923076923077,False,win,1.3,1.3,25
2022-06-22,6am,retest,short,25.0,425,11399.0,11408.615384615385,11386.5,9.615384615384615,False,loss,-1.0,-1.0,11
2022-06-22,6am,retest,long,25.0,523,11374.0,11364.384615384615,11386.5,9.615384615384615,False,win,1.3,0.0,9
2022-06-22,6am,failure,long,25.0,516,11374.0,11364.384615384615,11386.5,9.615384615384615,False,win,1.3,0.0,16
2022-06-22,7am,retest,long,44.25,505,11384.25,11367.23076923077,11406.375,17.01923076923077,False,loss,-1.0,-1.0,13
2022-06-22,7am,failure,short,44.25,555,11428.5,11445.51923076923,11406.375,17.01923076923077,False,loss,-1.0,-1.0,5
2022-06-23,6am,retest,long,70.75,533,11631.75,11604.538461538461,11667.125,27.21153846153846,False,win,1.3,1.3,18
2022-06-23,6am,failure,long,70.75,511,11631.75,11604.538461538461,11667.125,27.21153846153846,False,win,1.3,1.3,40
2022-06-23,7am,retest,short,35.75,645,11705.0,11718.75,11687.125,13.75,True,loss,-1.0,-1.0,2
2022-06-23,7am,retest,long,35.75,484,11669.25,11655.5,11687.125,13.75,False,loss,-1.0,-1.0,4
2022-06-24,6am,retest,long,24.0,422,11841.0,11831.76923076923,11853.0,9.23076923076923,False,win,1.3,1.3,29
2022-06-24,7am,failure,short,43.25,571,11857.75,11874.384615384615,11836.125,16.634615384615383,True,loss,-1.0,0.0,1
2022-06-24,7am,failure,long,43.25,481,11814.5,11797.865384615385,11836.125,16.634615384615383,False,win,1.3,1.3,6
2022-06-27,6am,retest,long,45.75,555,12178.0,12160.403846153846,12200.875,17.596153846153847,False,win,1.3,0.0,15
2022-06-27,7am,failure,long,28.5,493,12192.5,12181.538461538461,12206.75,10.961538461538462,False,win,1.3,1.3,2
2022-06-28,6am,retest,short,32.75,431,12108.75,12121.346153846154,12092.375,12.596153846153845,False,loss,-1.0,-1.0,18
2022-06-28,6am,retest,long,32.75,541,12076.0,12063.403846153846,12092.375,12.596153846153845,False,loss,-1.0,-1.0,27
2022-06-28,7am,retest,short,32.75,587,12121.75,12134.346153846154,12105.375,12.596153846153845,True,loss,-1.0,0.0,1
2022-06-29,6am,retest,short,33.5,514,11654.25,11667.134615384615,11637.5,12.884615384615385,False,win,1.3,1.3,2
2022-06-29,6am,failure,long,33.5,573,11620.75,11607.865384615385,11637.5,12.884615384615385,True,loss,-1.0,-1.0,0
2022-06-29,7am,retest,short,73.5,503,11694.5,11722.76923076923,11657.75,28.269230769230766,False,win,1.3,1.3,9
2022-06-29,7am,retest,long,73.5,577,11621.0,11592.73076923077,11657.75,28.269230769230766,True,loss,-1.0,-1.0,3
2022-06-29,7am,failure,long,73.5,573,11621.0,11592.73076923077,11657.75,28.269230769230766,True,loss,-1.0,-1.0,0
2022-06-30,6am,retest,short,34.75,437,11509.0,11522.365384615385,11491.625,13.365384615384615,False,win,1.3,1.3,19
2022-06-30,6am,failure,long,34.75,579,11474.25,11460.884615384615,11491.625,13.365384615384615,True,loss,-1.0,-1.0,0
2022-06-30,7am,retest,short,42.5,510,11518.5,11534.846153846154,11497.25,16.346153846153847,False,loss,-1.0,-1.0,0
2022-06-30,7am,retest,long,42.5,661,11476.0,11459.653846153846,11497.25,16.346153846153847,True,loss,-1.0,-1.0,2
2022-06-30,7am,failure,short,42.5,505,11518.5,11534.846153846154,11497.25,16.346153846153847,False,loss,-1.0,0.0,5
2022-06-30,7am,failure,long,42.5,579,11476.0,11459.653846153846,11497.25,16.346153846153847,True,loss,-1.0,-1.0,0
2022-07-01,6am,retest,long,69.25,486,11458.75,11432.115384615385,11493.375,26.634615384615383,False,win,1.3,0.0,27
2022-07-01,6am,failure,long,69.25,467,11458.75,11432.115384615385,11493.375,26.634615384615383,False,loss,-1.0,-1.0,10
2022-07-01,7am,retest,short,72.25,526,11501.75,11529.538461538461,11465.625,27.788461538461537,False,loss,-1.0,0.0,45
2022-07-01,7am,retest,long,72.25,635,11429.5,11401.711538461539,11465.625,27.788461538461537,True,loss,-1.0,-1.0,5
2022-07-01,7am,failure,long,72.25,578,11429.5,11401.711538461539,11465.625,27.788461538461537,True,win,1.3,0.0,2
2022-07-04,6am,retest,long,28.75,587,11551.25,11540.192307692309,11565.625,11.057692307692307,True,loss,-1.0,-1.0,13
2022-07-04,6am,failure,long,28.75,582,11551.25,11540.192307692309,11565.625,11.057692307692307,True,loss,-1.0,-1.0,18
2022-07-04,7am,retest,long,26.25,587,11551.25,11541.153846153846,11564.375,10.096153846153845,True,loss,-1.0,-1.0,13
2022-07-04,7am,failure,short,26.25,555,11577.5,11587.596153846154,11564.375,10.096153846153845,False,win,1.3,1.3,16
2022-07-04,7am,failure,long,26.25,582,11551.25,11541.153846153846,11564.375,10.096153846153845,True,loss,-1.0,-1.0,18
2022-07-05,6am,failure,long,29.25,437,11531.75,11520.5,11546.375,11.25,False,loss,-1.0,-1.0,1
2022-07-05,7am,retest,long,68.25,613,11481.75,11455.5,11515.875,26.25,True,win,1.3,0.0,14
2022-07-05,7am,failure,short,68.25,637,11550.0,11576.25,11515.875,26.25,True,loss,-1.0,-1.0,1
2022-07-06,6am,retest,short,42.75,530,11820.75,11837.192307692309,11799.375,16.442307692307693,False,loss,-1.0,0.0,33
2022-07-06,6am,retest,long,42.75,440,11778.0,11761.557692307691,11799.375,16.442307692307693,False,loss,-1.0,-1.0,22
2022-07-06,6am,failure,short,42.75,528,11820.75,11837.192307692309,11799.375,16.442307692307693,False,loss,-1.0,0.0,35
2022-07-06,7am,retest,short,47.75,521,11789.0,11807.365384615385,11765.125,18.365384615384613,False,loss,-1.0,-1.0,2
2022-07-06,7am,retest,long,47.75,488,11741.25,11722.884615384615,11765.125,18.365384615384613,False,win,1.3,1.3,12
2022-07-06,7am,failure,short,47.75,519,11789.0,11807.365384615385,11765.125,18.365384615384613,False,loss,-1.0,-1.0,4
2022-07-07,6am,retest,short,42.5,465,11932.5,11948.846153846154,11911.25,16.346153846153847,False,loss,-1.0,-1.0,15
2022-07-07,6am,failure,short,42.5,463,11932.5,11948.846153846154,11911.25,16.346153846153847,False,loss,-1.0,-1.0,17
2022-07-07,7am,failure,short,39.75,481,11948.0,11963.288461538461,11928.125,15.288461538461538,False,win,1.3,1.3,17
2022-07-08,6am,retest,short,61.75,633,12124.75,12148.5,12093.875,23.75,True,loss,-1.0,-1.0,4
2022-07-08,6am,retest,long,61.75,580,12063.0,12039.25,12093.875,23.75,True,loss,-1.0,0.0,8
2022-07-08,7am,retest,short,33.0,497,12099.75,12112.442307692309,12083.25,12.692307692307692,False,win,1.3,0.0,13
2022-07-08,7am,retest,long,33.0,580,12066.75,12054.057692307691,12083.25,12.692307692307692,True,win,1.3,0.0,1
2022-07-11,6am,retest,long,40.75,482,12045.0,12029.326923076924,12065.375,15.673076923076923,False,win,1.3,1.3,20
2022-07-11,6am,failure,long,40.75,472,12045.0,12029.326923076924,12065.375,15.673076923076923,False,win,1.3,1.3,30
2022-07-11,7am,retest,long,42.75,572,12037.25,12020.807692307691,12058.625,16.442307692307693,True,loss,-1.0,0.0,2
2022-07-12,6am,failure,short,45.75,439,11852.25,11869.846153846154,11829.375,17.596153846153847,False,loss,-1.0,-1.0,3
2022-07-12,7am,retest,short,90.5,529,11906.25,11941.057692307691,11861.0,34.80769230769231,False,loss,-1.0,-1.0,38
2022-07-12,7am,retest,long,90.5,608,11815.75,11780.942307692309,11861.0,34.80769230769231,True,win,1.3,1.3,12
2022-07-13,6am,failure,short,24.0,429,11817.5,11826.73076923077,11805.5,9.23076923076923,False,loss,-1.0,-1.0,3
2022-07-13,7am,retest,short,33.0,491,11834.75,11847.442307692309,11818.25,12.692307692307692,False,loss,-1.0,0.0,9
2022-07-13,7am,retest,long,33.0,645,11801.75,11789.057692307691,11818.25,12.692307692307692,True,win,1.3,0.0,3
2022-07-14,6am,failure,long,45.75,456,11632.0,11614.403846153846,11654.875,17.596153846153847,False,win,1.3,1.3,7
2022-07-14,7am,retest,short,41.75,513,11671.75,11687.807692307691,11650.875,16.057692307692307,False,win,1.3,0.0,2
2022-07-14,7am,retest,long,41.75,485,11630.0,11613.942307692309,11650.875,16.057692307692307,False,win,1.3,1.3,15
2022-07-14,7am,failure,long,41.75,483,11630.0,11613.942307692309,11650.875,16.057692307692307,False,win,1.3,1.3,17
2022-07-15,6am,retest,short,23.0,430,11828.5,11837.346153846154,11817.0,8.846153846153847,False,loss,-1.0,-1.0,12
2022-07-15,6am,retest,long,23.0,517,11805.5,11796.653846153846,11817.0,8.846153846153847,False,win,1.3,1.3,1
2022-07-15,6am,failure,long,23.0,480,11805.5,11796.653846153846,11817.0,8.846153846153847,False,loss,-1.0,0.0,7
2022-07-15,7am,failure,long,38.25,486,11803.5,11788.788461538461,11822.625,14.711538461538462,False,loss,-1.0,-1.0,11
2022-07-18,6am,retest,short,17.75,449,12159.0,12165.826923076924,12150.125,6.826923076923077,False,win,1.3,1.3,13
2022-07-18,6am,retest,long,17.75,424,12141.25,12134.423076923076,12150.125,6.826923076923077,False,win,1.3,1.3,4
2022-07-18,6am,failure,short,17.75,443,12159.0,12165.826923076924,12150.125,6.826923076923077,False,win,1.3,0.0,19
2022-07-18,7am,retest,short,31.75,598,12164.75,12176.961538461539,12148.875,12.211538461538462,True,win,1.3,1.3,2
2022-07-18,7am,failure,long,31.75,497,12133.0,12120.788461538461,12148.875,12.211538461538462,False,loss,-1.0,-1.0,5
2022-07-19,6am,retest,short,50.75,550,12028.0,12047.51923076923,12002.625,19.51923076923077,False,loss,-1.0,-1.0,11
2022-07-19,7am,retest,short,28.25,533,12019.0,12029.865384615385,12004.875,10.865384615384615,False,loss,-1.0,-1.0,1
2022-07-19,7am,retest,long,28.25,503,11990.75,11979.884615384615,12004.875,10.865384615384615,False,win,1.3,1.3,14
2022-07-19,7am,failure,short,28.25,531,12019.0,12029.865384615385,12004.875,10.865384615384615,False,loss,-1.0,-1.0,3
2022-07-20,6am,retest,short,81.0,580,12319.5,12350.653846153846,12279.0,31.153846153846153,True,loss,-1.0,-1.0,11
2022-07-20,6am,failure,long,81.0,505,12238.5,12207.346153846154,12279.0,31.153846153846153,False,win,1.3,1.3,39
2022-07-20,7am,retest,short,24.5,489,12274.5,12283.923076923076,12262.25,9.423076923076923,False,win,1.3,1.3,12
2022-07-20,7am,retest,long,24.5,509,12250.0,12240.576923076924,12262.25,9.423076923076923,False,win,1.3,1.3,2
2022-07-21,6am,retest,short,37.5,505,12499.0,12513.423076923076,12480.25,14.423076923076923,False,win,1.3,1.3,1
2022-07-21,6am,retest,long,37.5,444,12461.5,12447.076923076924,12480.25,14.423076923076923,False,win,1.3,0.0,37
2022-07-21,6am,failure,long,37.5,442,12461.5,12447.076923076924,12480.25,14.423076923076923,False,win,1.3,0.0,39
2022-07-21,7am,retest,short,24.75,484,12478.0,12487.51923076923,12465.625,9.519230769230768,False,loss,-1.0,-1.0,3
2022-07-21,7am,failure,short,24.75,482,12478.0,12487.51923076923,12465.625,9.519230769230768,False,loss,-1.0,-1.0,5
2022-07-22,6am,retest,short,39.5,473,12602.0,12617.192307692309,12582.25,15.192307692307692,False,loss,-1.0,0.0,91
2022-07-22,6am,retest,long,39.5,605,12562.5,12547.307692307691,12582.25,15.192307692307692,True,loss,-1.0,-1.0,2
2022-07-22,7am,retest,short,51.25,586,12616.75,12636.461538461539,12591.125,19.71153846153846,True,loss,-1.0,0.0,3
2022-07-22,7am,retest,long,51.25,603,12565.5,12545.788461538461,12591.125,19.71153846153846,True,loss,-1.0,0.0,4
2022-07-22,7am,failure,short,51.25,504,12616.75,12636.461538461539,12591.125,19.71153846153846,False,win,1.3,1.3,17
2022-07-25,6am,retest,long,23.5,424,12474.0,12464.961538461539,12485.75,9.038461538461538,False,win,1.3,1.3,16
2022-07-25,6am,failure,long,23.5,422,12474.0,12464.961538461539,12485.75,9.038461538461538,False,win,1.3,1.3,18
2022-07-26,6am,retest,long,57.0,532,12275.5,12253.576923076924,12304.0,21.923076923076923,False,loss,-1.0,-1.0,8
2022-07-26,7am,retest,long,32.75,541,12281.25,12268.653846153846,12297.625,12.596153846153845,False,loss,-1.0,0.0,11
2022-07-27,6am,retest,short,26.25,542,12298.75,12308.846153846154,12285.625,10.096153846153845,False,loss,-1.0,-1.0,11
2022-07-27,6am,retest,long,26.25,435,12272.5,12262.403846153846,12285.625,10.096153846153845,False,win,1.3,0.0,65
2022-07-27,7am,retest,short,29.25,573,12293.25,12304.5,12278.625,11.25,True,win,1.3,0.0,1
2022-07-27,7am,failure,short,29.25,528,12293.25,12304.5,12278.625,11.25,False,loss,-1.0,-1.0,8
2022-07-28,6am,retest,short,24.25,424,12544.25,12553.576923076924,12532.125,9.326923076923077,False,loss,-1.0,-1.0,12
2022-07-28,7am,retest,long,22.5,502,12532.25,12523.596153846154,12543.5,8.653846153846153,False,loss,-1.0,-1.0,8
2022-07-28,7am,failure,long,22.5,482,12532.25,12523.596153846154,12543.5,8.653846153846153,False,loss,-1.0,-1.0,3
2022-07-29,6am,retest,long,24.0,428,12874.0,12864.76923076923,12886.0,9.23076923076923,False,loss,-1.0,-1.0,9
2022-07-29,6am,failure,long,24.0,425,12874.0,12864.76923076923,12886.0,9.23076923076923,False,loss,-1.0,-1.0,12
2022-07-29,7am,retest,short,39.5,616,12884.0,12899.192307692309,12864.25,15.192307692307692,True,loss,-1.0,-1.0,7
2022-07-29,7am,retest,long,39.5,509,12844.5,12829.307692307691,12864.25,15.192307692307692,False,loss,-1.0,-1.0,1
2022-08-01,6am,retest,short,18.75,436,12953.5,12960.711538461539,12944.125,7.211538461538462,False,loss,-1.0,-1.0,4
2022-08-01,6am,retest,long,18.75,515,12934.75,12927.538461538461,12944.125,7.211538461538462,False,loss,-1.0,-1.0,5
2022-08-01,7am,retest,short,44.25,626,12988.0,13005.01923076923,12965.875,17.01923076923077,True,win,1.3,1.3,2
2022-08-01,7am,retest,long,44.25,503,12943.75,12926.73076923077,12965.875,17.01923076923077,False,loss,-1.0,-1.0,17
2022-08-01,7am,failure,short,44.25,593,12988.0,13005.01923076923,12965.875,17.01923076923077,True,loss,-1.0,-1.0,0
2022-08-01,7am,failure,long,44.25,500,12943.75,12926.73076923077,12965.875,17.01923076923077,False,loss,-1.0,-1.0,20
2022-08-02,6am,retest,short,31.75,518,12846.5,12858.711538461539,12830.625,12.211538461538462,False,win,1.3,1.3,11
2022-08-02,7am,retest,short,39.75,596,12881.5,12896.788461538461,12861.625,15.288461538461538,True,loss,-1.0,-1.0,1
2022-08-02,7am,retest,long,39.75,536,12841.75,12826.461538461539,12861.625,15.288461538461538,False,win,1.3,1.3,13
2022-08-02,7am,failure,long,39.75,521,12841.75,12826.461538461539,12861.625,15.288461538461538,False,win,1.3,1.3,28
2022-08-03,6am,retest,short,24.0,444,12978.5,12987.73076923077,12966.5,9.23076923076923,False,loss,-1.0,-1.0,3
2022-08-03,7am,retest,short,36.0,507,12997.5,13011.346153846154,12979.5,13.846153846153845,False,loss,-1.0,-1.0,5
2022-08-04,6am,retest,long,63.5,501,13292.5,13268.076923076924,13324.25,24.423076923076923,False,loss,-1.0,0.0,66
2022-08-04,6am,failure,long,63.5,474,13292.5,13268.076923076924,13324.25,24.423076923076923,False,loss,-1.0,-1.0,6
2022-08-04,7am,retest,short,66.75,918,13338.5,13364.173076923076,13305.125,25.673076923076923,True,win,1.3,1.3,24
2022-08-04,7am,retest,long,66.75,570,13271.75,13246.076923076924,13305.125,25.673076923076923,True,loss,-1.0,-1.0,1
2022-08-05,6am,retest,short,27.5,467,13322.5,13333.076923076924,13308.75,10.576923076923077,False,loss,-1.0,-1.0,5
2022-08-05,6am,failure,short,27.5,460,13322.5,13333.076923076924,13308.75,10.576923076923077,False,loss,-1.0,-1.0,12
2022-08-05,6am,failure,long,27.5,427,13295.0,13284.423076923076,13308.75,10.576923076923077,False,win,1.3,0.0,12
2022-08-05,7am,retest,long,48.25,617,13290.25,13271.692307692309,13314.375,18.557692307692307,True,loss,-1.0,0.0,11
2022-08-05,7am,failure,short,48.25,503,13338.5,13357.057692307691,13314.375,18.557692307692307,False,win,1.3,1.3,7
2022-08-08,6am,retest,short,51.0,480,13323.25,13342.865384615385,13297.75,19.615384615384613,False,loss,-1.0,-1.0,56
2022-08-08,6am,retest,long,51.0,557,13272.25,13252.634615384615,13297.75,19.615384615384613,False,loss,-1.0,-1.0,13
2022-08-08,7am,retest,short,36.5,515,13329.75,13343.788461538461,13311.5,14.038461538461538,False,loss,-1.0,0.0,21
2022-08-08,7am,failure,short,36.5,487,13329.75,13343.788461538461,13311.5,14.038461538461538,False,loss,-1.0,0.0,49
2022-08-09,6am,retest,long,70.0,485,13100.75,13073.826923076924,13135.75,26.923076923076923,False,loss,-1.0,-1.0,86
2022-08-09,7am,retest,long,51.25,588,13081.75,13062.038461538461,13107.375,19.71153846153846,True,loss,-1.0,-1.0,0
2022-08-09,7am,failure,long,51.25,492,13081.75,13062.038461538461,13107.375,19.71153846153846,False,win,1.3,1.3,12
2022-08-10,6am,retest,short,26.75,442,13074.0,13084.288461538461,13060.625,10.288461538461538,False,loss,-1.0,-1.0,21
2022-08-10,7am,retest,short,36.0,503,13087.75,13101.596153846154,13069.75,13.846153846153845,False,loss,-1.0,-1.0,4
2022-08-10,7am,failure,short,36.0,481,13087.75,13101.596153846154,13069.75,13.846153846153845,False,loss,-1.0,-1.0,13
2022-08-11,6am,failure,short,24.5,453,13428.75,13438.173076923076,13416.5,9.423076923076923,False,loss,-1.0,-1.0,5
2022-08-11,7am,failure,long,45.5,671,13408.75,13391.25,13431.5,17.5,True,win,1.3,1.3,5
2022-08-12,6am,retest,short,32.5,551,13395.0,13407.5,13378.75,12.5,False,loss,-1.0,-1.0,2
2022-08-12,6am,retest,long,32.5,460,13362.5,13350.0,13378.75,12.5,False,win,1.3,0.0,38
2022-08-12,6am,failure,short,32.5,541,13395.0,13407.5,13378.75,12.5,False,loss,-1.0,0.0,12
2022-08-12,7am,retest,short,29.75,576,13371.75,13383.192307692309,13356.875,11.442307692307692,True,loss,-1.0,-1.0,0
2022-08-12,7am,failure,short,29.75,494,13371.75,13383.192307692309,13356.875,11.442307692307692,False,loss,-1.0,-1.0,5
2022-08-15,6am,retest,short,32.0,424,13548.75,13561.057692307691,13532.75,12.307692307692307,False,win,1.3,1.3,37
2022-08-15,6am,retest,long,32.0,484,13516.75,13504.442307692309,13532.75,12.307692307692307,False,win,1.3,1.3,13
2022-08-15,6am,failure,long,32.0,474,13516.75,13504.442307692309,13532.75,12.307692307692307,False,win,1.3,0.0,23
2022-08-15,7am,retest,short,37.25,582,13551.5,13565.826923076924,13532.875,14.326923076923077,True,loss,-1.0,-1.0,1
2022-08-15,7am,failure,long,37.25,492,13514.25,13499.923076923076,13532.875,14.326923076923077,False,win,1.3,1.3,5
2022-08-16,6am,retest,short,19.5,512,13659.5,13667.0,13649.75,7.5,False,win,1.3,0.0,8
2022-08-16,6am,failure,short,19.5,427,13659.5,13667.0,13649.75,7.5,False,loss,-1.0,-1.0,7
2022-08-16,7am,retest,short,32.25,495,13678.0,13690.403846153846,13661.875,12.403846153846153,False,win,1.3,1.3,16
2022-08-16,7am,retest,long,32.25,530,13645.75,13633.346153846154,13661.875,12.403846153846153,False,loss,-1.0,-1.0,2
2022-08-17,6am,retest,short,33.5,857,13569.25,13582.134615384615,13552.5,12.884615384615385,True,win,1.3,0.0,4
2022-08-17,6am,retest,long,33.5,443,13535.75,13522.865384615385,13552.5,12.884615384615385,False,loss,-1.0,-1.0,6
2022-08-17,7am,retest,long,47.75,514,13512.5,13494.134615384615,13536.375,18.365384615384613,False,win,1.3,1.3,3
2022-08-17,7am,failure,long,47.75,512,13512.5,13494.134615384615,13536.375,18.365384615384613,False,win,1.3,1.3,5
2022-08-18,6am,retest,short,37.25,504,13532.0,13546.326923076924,13513.375,14.326923076923077,False,win,1.3,1.3,6
2022-08-18,6am,retest,long,37.25,424,13494.75,13480.423076923076,13513.375,14.326923076923077,False,win,1.3,1.3,11
2022-08-18,6am,failure,short,37.25,481,13532.0,13546.326923076924,13513.375,14.326923076923077,False,loss,-1.0,-1.0,3
2022-08-18,6am,failure,long,37.25,422,13494.75,13480.423076923076,13513.375,14.326923076923077,False,win,1.3,1.3,13
2022-08-18,7am,retest,short,39.75,499,13531.25,13546.538461538461,13511.375,15.288461538461538,False,win,1.3,1.3,11
2022-08-18,7am,retest,long,39.75,571,13491.5,13476.211538461539,13511.375,15.288461538461538,True,loss,-1.0,-1.0,0
2022-08-18,7am,failure,long,39.75,566,13491.5,13476.211538461539,13511.375,15.288461538461538,False,loss,-1.0,-1.0,5
2022-08-19,6am,retest,short,50.75,574,13409.0,13428.51923076923,13383.625,19.51923076923077,True,win,1.3,0.0,3
2022-08-19,6am,failure,short,50.75,567,13409.0,13428.51923076923,13383.625,19.51923076923077,False,win,1.3,0.0,10
2022-08-19,7am,retest,short,30.25,486,13393.0,13404.634615384615,13377.875,11.634615384615385,False,win,1.3,1.3,6
2022-08-22,6am,retest,long,29.25,465,13064.25,13053.0,13078.875,11.25,False,loss,-1.0,0.0,25
2022-08-22,6am,failure,long,29.25,450,13064.25,13053.0,13078.875,11.25,False,loss,-1.0,0.0,40
2022-08-22,7am,retest,long,32.75,493,13055.0,13042.403846153846,13071.375,12.596153846153845,False,win,1.3,1.3,18
2022-08-23,6am,retest,short,43.5,599,12951.5,12968.23076923077,12929.75,16.73076923076923,True,win,1.3,1.3,1
2022-08-23,6am,retest,long,43.5,523,12908.0,12891.26923076923,12929.75,16.73076923076923,False,loss,-1.0,-1.0,18
2022-08-23,7am,retest,short,39.75,599,12950.0,12965.288461538461,12930.125,15.288461538461538,True,win,1.3,1.3,1
2022-08-23,7am,retest,long,39.75,523,12910.25,12894.961538461539,12930.125,15.288461538461538,False,loss,-1.0,-1.0,17
2022-08-24,6am,retest,short,26.25,523,12898.0,12908.096153846154,12884.875,10.096153846153845,False,loss,-1.0,0.0,14
2022-08-24,6am,failure,short,26.25,435,12898.0,12908.096153846154,12884.875,10.096153846153845,False,loss,-1.0,0.0,16
2022-08-24,7am,retest,short,57.5,488,12931.5,12953.615384615385,12902.75,22.115384615384613,False,win,1.3,1.3,33
2022-08-24,7am,retest,long,57.5,576,12874.0,12851.884615384615,12902.75,22.115384615384613,True,win,1.3,1.3,3
2022-08-24,7am,failure,long,57.5,569,12874.0,12851.884615384615,12902.75,22.115384615384613,False,win,1.3,1.3,2
2022-08-25,6am,retest,short,35.0,452,13031.75,13045.211538461539,13014.25,13.461538461538462,False,win,1.3,0.0,48
2022-08-25,6am,retest,long,35.0,526,12996.75,12983.288461538461,13014.25,13.461538461538462,False,win,1.3,0.0,28
2022-08-25,6am,failure,long,35.0,511,12996.75,12983.288461538461,13014.25,13.461538461538462,False,win,1.3,1.3,3
2022-08-25,7am,retest,short,32.25,609,13046.25,13058.653846153846,13030.125,12.403846153846153,True,loss,-1.0,-1.0,1
2022-08-25,7am,retest,long,32.25,504,13014.0,13001.596153846154,13030.125,12.403846153846153,False,loss,-1.0,0.0,6
2022-08-25,7am,failure,short,32.25,600,13046.25,13058.653846153846,13030.125,12.403846153846153,True,loss,-1.0,-1.0,0
2022-08-26,6am,failure,short,18.75,452,13096.75,13103.961538461539,13087.375,7.211538461538462,False,loss,-1.0,-1.0,15
2022-08-26,6am,failure,long,18.75,426,13078.0,13070.788461538461,13087.375,7.211538461538462,False,loss,-1.0,-1.0,2
2022-08-26,7am,retest,short,48.75,525,13117.25,13136.0,13092.875,18.75,False,loss,-1.0,-1.0,4
2022-08-26,7am,failure,long,48.75,602,13068.5,13049.75,13092.875,18.75,True,loss,-1.0,-1.0,0
2022-08-29,6am,retest,short,31.5,524,12497.25,12509.365384615385,12481.5,12.115384615384615,False,loss,-1.0,0.0,26
2022-08-29,6am,retest,long,31.5,445,12465.75,12453.634615384615,12481.5,12.115384615384615,False,loss,-1.0,-1.0,5
2022-08-29,7am,retest,short,28.75,488,12481.75,12492.807692307691,12467.375,11.057692307692307,False,win,1.3,1.3,2
2022-08-29,7am,failure,short,28.75,486,12481.75,12492.807692307691,12467.375,11.057692307692307,False,win,1.3,1.3,4
2022-08-29,7am,failure,long,28.75,672,12453.0,12441.942307692309,12467.375,11.057692307692307,True,win,1.3,0.0,1
2022-08-30,6am,retest,long,25.25,422,12626.75,12617.038461538461,12639.375,9.711538461538462,False,loss,-1.0,0.0,25
2022-08-31,6am,retest,short,97.25,555,12471.0,12508.403846153846,12422.375,37.40384615384615,False,win,1.3,1.3,18
2022-08-31,6am,retest,long,97.25,638,12373.75,12336.346153846154,12422.375,37.40384615384615,True,loss,-1.0,0.0,23
2022-08-31,6am,failure,short,97.25,550,12471.0,12508.403846153846,12422.375,37.40384615384615,False,win,1.3,1.3,23
2022-08-31,7am,retest,short,45.0,497,12456.5,12473.807692307691,12434.0,17.307692307692307,False,win,1.3,0.0,16
2022-08-31,7am,retest,long,45.0,577,12411.5,12394.192307692309,12434.0,17.307692307692307,True,win,1.3,0.0,2
2022-09-01,6am,retest,short,28.0,427,12173.75,12184.51923076923,12159.75,10.769230769230768,False,loss,-1.0,-1.0,1
2022-09-01,6am,failure,short,28.0,422,12173.75,12184.51923076923,12159.75,10.769230769230768,False,loss,-1.0,-1.0,6
2022-09-01,7am,retest,long,70.25,567,12167.25,12140.23076923077,12202.375,27.01923076923077,False,win,1.3,0.0,13
2022-09-01,7am,failure,long,70.25,516,12167.25,12140.23076923077,12202.375,27.01923076923077,False,win,1.3,0.0,64
2022-09-02,6am,retest,short,53.0,506,12293.5,12313.884615384615,12267.0,20.384615384615383,False,loss,-1.0,0.0,4
2022-09-02,6am,retest,long,53.0,767,12240.5,12220.115384615385,12267.0,20.384615384615383,True,loss,-1.0,-1.0,4
2022-09-02,7am,retest,short,45.5,508,12286.5,12304.0,12263.75,17.5,False,loss,-1.0,-1.0,2
2022-09-02,7am,retest,long,45.5,767,12241.0,12223.5,12263.75,17.5,True,loss,-1.0,-1.0,4
2022-09-05,6am,retest,short,32.5,562,12120.75,12133.25,12104.5,12.5,False,win,1.3,0.0,10
2022-09-05,6am,retest,long,32.5,466,12088.25,12075.75,12104.5,12.5,False,loss,-1.0,-1.0,7
2022-09-05,7am,retest,short,41.0,544,12104.25,12120.01923076923,12083.75,15.769230769230768,False,loss,-1.0,-1.0,15
2022-09-05,7am,retest,long,41.0,491,12063.25,12047.48076923077,12083.75,15.769230769230768,False,win,1.3,1.3,34
2022-09-06,6am,retest,long,51.0,482,12185.0,12165.384615384615,12210.5,19.615384615384613,False,loss,-1.0,0.0,26
2022-09-06,6am,failure,long,51.0,438,12185.0,12165.384615384615,12210.5,19.615384615384613,False,loss,-1.0,-1.0,12
2022-09-06,7am,retest,short,55.25,491,12198.75,12220.0,12171.125,21.25,False,win,1.3,1.3,10
2022-09-06,7am,retest,long,55.25,571,12143.5,12122.25,12171.125,21.25,True,loss,-1.0,0.0,1
2022-09-07,6am,retest,short,27.25,613,12061.0,12071.48076923077,12047.375,10.48076923076923,True,win,1.3,1.3,1
2022-09-07,6am,retest,long,27.25,428,12033.75,12023.26923076923,12047.375,10.48076923076923,False,loss,-1.0,0.0,29
2022-09-07,6am,failure,long,27.25,424,12033.75,12023.26923076923,12047.375,10.48076923076923,False,loss,-1.0,0.0,33
2022-09-07,7am,retest,short,67.5,616,12047.0,12072.961538461539,12013.25,25.96153846153846,True,loss,-1.0,-1.0,5
2022-09-07,7am,failure,short,67.5,571,12047.0,12072.961538461539,12013.25,25.96153846153846,True,loss,-1.0,-1.0,0
2022-09-08,6am,retest,short,33.5,429,12284.5,12297.384615384615,12267.75,12.884615384615385,False,win,1.3,1.3,12
2022-09-08,6am,retest,long,33.5,459,12251.0,12238.115384615385,12267.75,12.884615384615385,False,loss,-1.0,0.0,36
2022-09-08,6am,failure,long,33.5,454,12251.0,12238.115384615385,12267.75,12.884615384615385,False,loss,-1.0,0.0,41
2022-09-08,7am,retest,short,51.25,642,12293.5,12313.211538461539,12267.875,19.71153846153846,True,loss,-1.0,-1.0,1
2022-09-09,6am,retest,short,46.5,590,12481.75,12499.634615384615,12458.5,17.884615384615383,True,win,1.3,0.0,5
2022-09-09,6am,retest,long,46.5,495,12435.25,12417.365384615385,12458.5,17.884615384615383,False,win,1.3,1.3,19
2022-09-09,7am,retest,long,29.5,495,12435.25,12423.903846153846,12450.0,11.346153846153845,False,win,1.3,1.3,13
2022-09-12,6am,retest,long,22.5,537,12721.25,12712.596153846154,12732.5,8.653846153846153,False,loss,-1.0,-1.0,4
2022-09-12,6am,failure,long,22.5,422,12721.25,12712.596153846154,12732.5,8.653846153846153,False,win,1.3,1.3,5
2022-09-12,7am,retest,short,40.75,664,12761.0,12776.673076923076,12740.625,15.673076923076923,True,loss,-1.0,-1.0,10
2022-09-12,7am,retest,long,40.75,536,12720.25,12704.576923076924,12740.625,15.673076923076923,False,win,1.3,0.0,34
2022-09-12,7am,failure,short,40.75,574,12761.0,12776.673076923076,12740.625,15.673076923076923,True,win,1.3,1.3,1
2022-09-13,6am,retest,short,42.25,433,12907.25,12923.5,12886.125,16.25,False,loss,-1.0,-1.0,23
2022-09-14,6am,retest,long,37.25,431,12159.25,12144.923076923076,12177.875,14.326923076923077,False,loss,-1.0,-1.0,7
2022-09-14,6am,failure,long,37.25,425,12159.25,12144.923076923076,12177.875,14.326923076923077,False,loss,-1.0,-1.0,13
2022-09-14,7am,retest,short,94.0,538,12174.25,12210.403846153846,12127.25,36.15384615384615,False,win,1.3,0.0,35
2022-09-15,6am,retest,long,81.5,501,12156.5,12125.153846153846,12197.25,31.346153846153847,False,win,1.3,0.0,26
2022-09-15,7am,retest,short,47.5,602,12216.25,12234.51923076923,12192.5,18.26923076923077,True,win,1.3,1.3,1
2022-09-15,7am,retest,long,47.5,492,12168.75,12150.48076923077,12192.5,18.26923076923077,False,loss,-1.0,-1.0,11
2022-09-16,6am,retest,short,62.5,920,11918.25,11942.288461538461,11887.0,24.038461538461537,True,win,1.3,0.0,8
2022-09-16,6am,retest,long,62.5,534,11855.75,11831.711538461539,11887.0,24.038461538461537,False,loss,-1.0,-1.0,12
2022-09-16,6am,failure,long,62.5,513,11855.75,11831.711538461539,11887.0,24.038461538461537,False,loss,-1.0,0.0,33
2022-09-16,7am,retest,short,37.25,911,11913.75,11928.076923076924,11895.125,14.326923076923077,True,win,1.3,0.0,4
2022-09-16,7am,retest,long,37.25,491,11876.5,11862.173076923076,11895.125,14.326923076923077,False,loss,-1.0,-1.0,17
2022-09-16,7am,failure,short,37.25,636,11913.75,11928.076923076924,11895.125,14.326923076923077,True,win,1.3,0.0,1
2022-09-19,6am,retest,short,37.75,429,11830.0,11844.51923076923,11811.125,14.519230769230768,False,win,1.3,1.3,20
2022-09-19,7am,retest,short,35.25,561,11840.25,11853.807692307691,11822.625,13.557692307692307,False,win,1.3,1.3,8
2022-09-20,6am,retest,short,28.5,436,11972.25,11983.211538461539,11958.0,10.961538461538462,False,loss,-1.0,-1.0,2
2022-09-20,6am,retest,long,28.5,493,11943.75,11932.788461538461,11958.0,10.961538461538462,False,loss,-1.0,-1.0,9
2022-09-20,7am,retest,short,36.5,739,11987.0,12001.038461538461,11968.75,14.038461538461538,True,win,1.3,1.3,8
2022-09-20,7am,retest,long,36.5,654,11950.5,11936.461538461539,11968.75,14.038461538461538,True,win,1.3,0.0,13
2022-09-20,7am,failure,long,36.5,482,11950.5,11936.461538461539,11968.75,14.038461538461538,False,loss,-1.0,-1.0,4
2022-09-21,6am,retest,short,34.5,478,11941.0,11954.26923076923,11923.75,13.269230769230768,False,loss,-1.0,-1.0,31
2022-09-21,6am,failure,short,34.5,470,11941.0,11954.26923076923,11923.75,13.269230769230768,False,loss,-1.0,-1.0,39
2022-09-21,7am,retest,short,35.75,574,11949.75,11963.5,11931.875,13.75,True,loss,-1.0,0.0,7
2022-09-22,6am,retest,short,54.0,536,11734.5,11755.26923076923,11707.5,20.76923076923077,False,win,1.3,1.3,5
2022-09-22,6am,retest,long,54.0,437,11680.5,11659.73076923077,11707.5,20.76923076923077,False,loss,-1.0,-1.0,5
2022-09-22,7am,retest,short,96.75,536,11736.75,11773.961538461539,11688.375,37.21153846153846,False,win,1.3,1.3,17
2022-09-22,7am,retest,long,96.75,570,11640.0,11602.788461538461,11688.375,37.21153846153846,True,loss,-1.0,0.0,13
2022-09-23,6am,retest,short,72.25,547,11455.75,11483.538461538461,11419.625,27.788461538461537,False,win,1.3,0.0,30
2022-09-23,6am,retest,long,72.25,431,11383.5,11355.711538461539,11419.625,27.788461538461537,False,win,1.3,0.0,53
2022-09-23,6am,failure,long,72.25,428,11383.5,11355.711538461539,11419.625,27.788461538461537,False,win,1.3,0.0,56
2022-09-23,7am,retest,short,38.25,486,11417.75,11432.461538461539,11398.625,14.711538461538462,False,win,1.3,1.3,44
2022-09-23,7am,retest,long,38.25,594,11379.5,11364.788461538461,11398.625,14.711538461538462,True,loss,-1.0,0.0,4
2022-09-26,6am,retest,long,50.0,433,11290.0,11270.76923076923,11315.0,19.23076923076923,False,win,1.3,1.3,16
2022-09-26,6am,failure,short,50.0,507,11340.0,11359.23076923077,11315.0,19.23076923076923,False,win,1.3,1.3,6
2022-09-26,6am,failure,long,50.0,430,11290.0,11270.76923076923,11315.0,19.23076923076923,False,win,1.3,1.3,19
2022-09-26,7am,retest,short,41.75,512,11327.5,11343.557692307691,11306.625,16.057692307692307,False,loss,-1.0,0.0,13
2022-09-27,6am,retest,short,67.0,549,11485.5,11511.26923076923,11452.0,25.76923076923077,False,loss,-1.0,0.0,24
2022-09-27,6am,failure,short,67.0,451,11485.5,11511.26923076923,11452.0,25.76923076923077,False,loss,-1.0,-1.0,15
2022-09-27,6am,failure,long,67.0,608,11418.5,11392.73076923077,11452.0,25.76923076923077,True,win,1.3,1.3,7
2022-09-27,7am,retest,short,57.5,529,11515.0,11537.115384615385,11486.25,22.115384615384613,False,win,1.3,1.3,6
2022-09-27,7am,retest,long,57.5,619,11457.5,11435.384615384615,11486.25,22.115384615384613,True,loss,-1.0,-1.0,2
2022-09-28,6am,retest,short,170.25,521,11311.75,11377.23076923077,11226.625,65.48076923076923,False,loss,-1.0,0.0,104
2022-09-29,6am,retest,short,56.5,443,11444.75,11466.48076923077,11416.5,21.73076923076923,False,win,1.3,0.0,36
2022-09-29,6am,retest,long,56.5,550,11388.25,11366.51923076923,11416.5,21.73076923076923,False,loss,-1.0,0.0,22
2022-09-29,6am,failure,short,56.5,436,11444.75,11466.48076923077,11416.5,21.73076923076923,False,win,1.3,0.0,43
2022-09-29,7am,retest,long,53.25,489,11406.0,11385.51923076923,11432.625,20.48076923076923,False,win,1.3,1.3,19
2022-09-29,7am,failure,long,53.25,482,11406.0,11385.51923076923,11432.625,20.48076923076923,False,win,1.3,1.3,26
2022-09-30,6am,retest,short,66.25,683,11330.25,11355.73076923077,11297.125,25.48076923076923,True,win,1.3,1.3,15
2022-09-30,6am,retest,long,66.25,448,11264.0,11238.51923076923,11297.125,25.48076923076923,False,loss,-1.0,-1.0,18
2022-09-30,6am,failure,short,66.25,668,11330.25,11355.73076923077,11297.125,25.48076923076923,True,loss,-1.0,-1.0,4
2022-09-30,7am,failure,short,57.5,506,11281.25,11303.365384615385,11252.5,22.115384615384613,False,win,1.3,0.0,4
2022-10-03,6am,retest,short,43.0,441,11041.0,11057.538461538461,11019.5,16.538461538461537,False,loss,-1.0,-1.0,17
2022-10-03,6am,failure,short,43.0,421,11041.0,11057.538461538461,11019.5,16.538461538461537,False,loss,-1.0,0.0,37
2022-10-03,7am,retest,short,48.0,485,11075.75,11094.211538461539,11051.75,18.46153846153846,False,loss,-1.0,0.0,28
2022-10-03,7am,failure,short,48.0,481,11075.75,11094.211538461539,11051.75,18.46153846153846,False,loss,-1.0,0.0,32
2022-10-04,6am,retest,short,50.75,576,11553.75,11573.26923076923,11528.375,19.51923076923077,True,loss,-1.0,0.0,3
2022-10-04,6am,retest,long,50.75,508,11503.0,11483.48076923077,11528.375,19.51923076923077,False,loss,-1.0,-1.0,11
2022-10-04,6am,failure,short,50.75,574,11553.75,11573.26923076923,11528.375,19.51923076923077,True,loss,-1.0,0.0,5
2022-10-04,7am,retest,long,21.5,535,11506.0,11497.73076923077,11516.75,8.269230769230768,False,loss,-1.0,-1.0,1
2022-10-04,7am,failure,short,21.5,571,11527.5,11535.76923076923,11516.75,8.269230769230768,True,loss,-1.0,0.0,1
2022-10-05,6am,retest,short,39.75,790,11566.5,11581.788461538461,11546.625,15.288461538461538,True,loss,-1.0,-1.0,4
2022-10-05,6am,failure,short,39.75,422,11566.5,11581.788461538461,11546.625,15.288461538461538,False,win,1.3,1.3,9
2022-10-05,6am,failure,long,39.75,490,11526.75,11511.461538461539,11546.625,15.288461538461538,False,win,1.3,0.0,8
2022-10-05,7am,retest,short,39.0,790,11568.0,11583.0,11548.5,15.0,True,loss,-1.0,-1.0,5
2022-10-05,7am,retest,long,39.0,490,11529.0,11514.0,11548.5,15.0,False,loss,-1.0,0.0,17
2022-10-06,6am,retest,short,28.25,613,11552.0,11562.865384615385,11537.875,10.865384615384615,True,loss,-1.0,0.0,2
2022-10-06,6am,failure,short,28.25,421,11552.0,11562.865384615385,11537.875,10.865384615384615,False,loss,-1.0,-1.0,0
2022-10-06,7am,retest,short,44.75,508,11589.0,11606.211538461539,11566.625,17.21153846153846,False,loss,-1.0,-1.0,2
2022-10-06,7am,retest,long,44.75,631,11544.25,11527.038461538461,11566.625,17.21153846153846,True,win,1.3,0.0,7
2022-10-06,7am,failure,long,44.75,612,11544.25,11527.038461538461,11566.625,17.21153846153846,True,win,1.3,0.0,3
2022-10-07,6am,failure,short,36.25,498,11518.25,11532.192307692309,11500.125,13.942307692307692,False,loss,-1.0,-1.0,3
2022-10-07,7am,retest,short,22.75,498,11516.5,11525.25,11505.125,8.75,False,loss,-1.0,-1.0,1
2022-10-10,6am,retest,short,49.5,521,11084.25,11103.288461538461,11059.5,19.038461538461537,False,loss,-1.0,-1.0,6
2022-10-10,6am,retest,long,49.5,579,11034.75,11015.711538461539,11059.5,19.038461538461537,True,win,1.3,0.0,7
2022-10-10,6am,failure,short,49.5,454,11084.25,11103.288461538461,11059.5,19.038461538461537,False,win,1.3,1.3,31
2022-10-10,7am,retest,short,43.25,521,11085.25,11101.884615384615,11063.625,16.634615384615383,False,loss,-1.0,-1.0,6
2022-10-10,7am,retest,long,43.25,582,11042.0,11025.365384615385,11063.625,16.634615384615383,True,loss,-1.0,-1.0,1
2022-10-11,6am,retest,short,55.75,434,10914.25,10935.692307692309,10886.375,21.44230769230769,False,loss,-1.0,-1.0,10
2022-10-11,6am,retest,long,55.75,591,10858.5,10837.057692307691,10886.375,21.44230769230769,True,loss,-1.0,0.0,5
2022-10-11,6am,failure,long,55.75,588,10858.5,10837.057692307691,10886.375,21.44230769230769,True,loss,-1.0,0.0,8
2022-10-11,7am,retest,short,31.5,484,10939.25,10951.365384615385,10923.5,12.115384615384615,False,loss,-1.0,-1.0,3
2022-10-11,7am,retest,long,31.5,666,10907.75,10895.634615384615,10923.5,12.115384615384615,True,loss,-1.0,-1.0,0
2022-10-12,7am,retest,short,36.25,508,10959.75,10973.692307692309,10941.625,13.942307692307692,False,win,1.3,1.3,2
2022-10-12,7am,failure,short,36.25,505,10959.75,10973.692307692309,10941.625,13.942307692307692,False,win,1.3,1.3,5
2022-10-13,6am,retest,short,27.75,441,10882.25,10892.923076923076,10868.375,10.673076923076923,False,loss,-1.0,0.0,11
2022-10-13,6am,failure,short,27.75,436,10882.25,10892.923076923076,10868.375,10.673076923076923,False,loss,-1.0,0.0,16
2022-10-13,7am,retest,long,79.5,678,10864.5,10833.923076923076,10904.25,30.576923076923077,True,win,1.3,0.0,2
2022-10-14,6am,retest,short,90.0,575,11127.75,11162.365384615385,11082.75,34.61538461538461,True,loss,-1.0,-1.0,3
2022-10-14,6am,retest,long,90.0,478,11037.75,11003.134615384615,11082.75,34.61538461538461,False,win,1.3,1.3,24
2022-10-14,7am,retest,short,97.75,576,11125.0,11162.596153846154,11076.125,37.59615384615385,True,loss,-1.0,-1.0,2
2022-10-17,6am,failure,short,43.75,513,10916.75,10933.576923076924,10894.875,16.826923076923077,False,loss,-1.0,-1.0,8
2022-10-18,6am,retest,short,50.5,458,11330.25,11349.673076923076,11305.0,19.423076923076923,False,loss,-1.0,-1.0,4
2022-10-18,7am,retest,short,72.25,505,11356.25,11384.038461538461,11320.125,27.788461538461537,False,loss,-1.0,-1.0,13
2022-10-18,7am,failure,short,72.25,491,11356.25,11384.038461538461,11320.125,27.788461538461537,False,loss,-1.0,-1.0,27
2022-10-18,7am,failure,long,72.25,626,11284.0,11256.211538461539,11320.125,27.788461538461537,True,loss,-1.0,-1.0,4
2022-10-19,6am,retest,long,99.5,576,11192.75,11154.48076923077,11242.5,38.26923076923077,True,loss,-1.0,-1.0,4
2022-10-19,6am,failure,long,99.5,433,11192.75,11154.48076923077,11242.5,38.26923076923077,False,loss,-1.0,-1.0,4
2022-10-19,7am,retest,short,109.5,646,11237.0,11279.115384615385,11182.25,42.11538461538461,True,win,1.3,1.3,10
2022-10-19,7am,retest,long,109.5,508,11127.5,11085.384615384615,11182.25,42.11538461538461,False,win,1.3,1.3,66
2022-10-19,7am,failure,short,109.5,620,11237.0,11279.115384615385,11182.25,42.11538461538461,True,loss,-1.0,-1.0,8
2022-10-20,6am,retest,short,107.25,440,11178.75,11220.0,11125.125,41.25,False,win,1.3,1.3,24
2022-10-20,6am,retest,long,107.25,850,11071.5,11030.25,11125.125,41.25,True,eod,0.3939393939393939,0.0,109
2022-10-20,6am,failure,short,107.25,433,11178.75,11220.0,11125.125,41.25,False,win,1.3,1.3,31
2022-10-20,7am,retest,short,64.25,511,11188.25,11212.961538461539,11156.125,24.71153846153846,False,loss,-1.0,-1.0,0
2022-10-20,7am,retest,long,64.25,523,11124.0,11099.288461538461,11156.125,24.71153846153846,False,loss,-1.0,-1.0,4
2022-10-20,7am,failure,long,64.25,520,11124.0,11099.288461538461,11156.125,24.71153846153846,False,loss,-1.0,0.0,7
2022-10-21,6am,retest,short,31.0,465,11008.75,11020.673076923076,10993.25,11.923076923076923,False,win,1.3,1.3,8
2022-10-21,6am,retest,long,31.0,483,10977.75,10965.826923076924,10993.25,11.923076923076923,False,loss,-1.0,-1.0,8
2022-10-21,6am,failure,short,31.0,428,11008.75,11020.673076923076,10993.25,11.923076923076923,False,win,1.3,1.3,2
2022-10-21,7am,retest,short,46.75,554,11028.0,11045.98076923077,11004.625,17.98076923076923,False,loss,-1.0,0.0,4
2022-10-21,7am,retest,long,46.75,539,10981.25,10963.26923076923,11004.625,17.98076923076923,False,win,1.3,1.3,1
2022-10-24,6am,failure,short,65.25,424,11389.75,11414.846153846154,11357.125,25.096153846153847,False,loss,-1.0,0.0,27
2022-10-24,6am,failure,long,65.25,572,11324.5,11299.403846153846,11357.125,25.096153846153847,True,win,1.3,1.3,3
2022-10-25,6am,retest,short,42.0,468,11482.0,11498.153846153846,11461.0,16.153846153846153,False,win,1.3,1.3,12
2022-10-25,7am,retest,long,31.25,482,11462.5,11450.48076923077,11478.125,12.019230769230768,False,loss,-1.0,-1.0,3
2022-10-26,6am,retest,long,35.75,539,11504.75,11491.0,11522.625,13.75,False,loss,-1.0,0.0,22
2022-10-26,6am,failure,long,35.75,473,11504.75,11491.0,11522.625,13.75,False,win,1.3,0.0,18
2022-10-26,7am,retest,short,53.5,621,11555.75,11576.326923076924,11529.0,20.576923076923077,True,win,1.3,0.0,3
2022-10-26,7am,retest,long,53.5,504,11502.25,11481.673076923076,11529.0,20.576923076923077,False,loss,-1.0,-1.0,15
2022-10-28,6am,retest,short,27.5,444,11129.5,11140.076923076924,11115.75,10.576923076923077,False,loss,-1.0,-1.0,0
2022-10-28,7am,retest,short,53.0,513,11153.75,11174.134615384615,11127.25,20.384615384615383,False,loss,-1.0,-1.0,0
2022-10-31,6am,retest,short,23.25,474,11517.5,11526.442307692309,11505.875,8.942307692307692,False,loss,-1.0,-1.0,4
2022-10-31,6am,retest,long,23.25,520,11494.25,11485.307692307691,11505.875,8.942307692307692,False,win,1.3,0.0,11
2022-10-31,7am,retest,long,31.5,485,11514.0,11501.884615384615,11529.75,12.115384615384615,False,loss,-1.0,0.0,26
2022-11-01,6am,retest,short,34.75,493,11593.25,11606.615384615385,11575.875,13.365384615384615,False,loss,-1.0,-1.0,14
2022-11-02,6am,retest,short,31.0,852,11361.25,11373.173076923076,11345.75,11.923076923076923,True,loss,-1.0,-1.0,0
2022-11-02,6am,retest,long,31.0,504,11330.25,11318.326923076924,11345.75,11.923076923076923,False,win,1.3,0.0,11
2022-11-02,7am,retest,short,24.0,852,11359.5,11368.73076923077,11347.5,9.23076923076923,True,loss,-1.0,-1.0,0
2022-11-02,7am,retest,long,24.0,513,11335.5,11326.26923076923,11347.5,9.23076923076923,False,win,1.3,1.3,3
2022-11-03,6am,retest,long,69.25,433,10852.75,10826.115384615385,10887.375,26.634615384615383,False,loss,-1.0,-1.0,29
2022-11-03,6am,failure,long,69.25,429,10852.75,10826.115384615385,10887.375,26.634615384615383,False,loss,-1.0,-1.0,33
2022-11-03,7am,retest,short,54.5,656,10870.5,10891.461538461539,10843.25,20.96153846153846,True,win,1.3,0.0,10
2022-11-03,7am,retest,long,54.5,525,10816.0,10795.038461538461,10843.25,20.96153846153846,False,loss,-1.0,0.0,45
2022-11-04,6am,retest,short,35.75,518,10828.5,10842.25,10810.625,13.75,False,loss,-1.0,-1.0,0
2022-11-04,6am,retest,long,35.75,497,10792.75,10779.0,10810.625,13.75,False,loss,-1.0,-1.0,13
2022-11-04,6am,failure,short,35.75,430,10828.5,10842.25,10810.625,13.75,False,win,1.3,0.0,14
2022-11-04,7am,retest,short,46.25,577,10844.25,10862.038461538461,10821.125,17.788461538461537,True,win,1.3,1.3,1
2022-11-04,7am,retest,long,46.25,489,10798.0,10780.211538461539,10821.125,17.788461538461537,False,loss,-1.0,0.0,21
2022-11-04,7am,failure,long,46.25,485,10798.0,10780.211538461539,10821.125,17.788461538461537,False,loss,-1.0,0.0,25
2022-11-07,6am,failure,long,29.0,421,10943.0,10931.846153846154,10957.5,11.153846153846153,False,loss,-1.0,-1.0,2
2022-11-07,7am,failure,long,43.25,482,10919.25,10902.615384615385,10940.875,16.634615384615383,False,win,1.3,1.3,1
2022-11-08,6am,retest,long,59.0,584,11035.0,11012.307692307691,11064.5,22.69230769230769,True,loss,-1.0,-1.0,1
2022-11-08,6am,failure,long,59.0,574,11035.0,11012.307692307691,11064.5,22.69230769230769,True,loss,-1.0,0.0,11
2022-11-08,7am,retest,short,34.75,541,11087.5,11100.865384615385,11070.125,13.365384615384615,False,loss,-1.0,-1.0,1
2022-11-08,7am,retest,long,34.75,500,11052.75,11039.384615384615,11070.125,13.365384615384615,False,win,1.3,1.3,15
2022-11-08,7am,failure,short,34.75,530,11087.5,11100.865384615385,11070.125,13.365384615384615,False,loss,-1.0,-1.0,12
2022-11-09,6am,retest,long,43.25,452,11065.0,11048.365384615385,11086.625,16.634615384615383,False,win,1.3,1.3,14
2022-11-09,7am,retest,long,52.75,526,11045.5,11025.211538461539,11071.875,20.288461538461537,False,loss,-1.0,-1.0,6
2022-11-09,7am,failure,long,52.75,502,11045.5,11025.211538461539,11071.875,20.288461538461537,False,loss,-1.0,-1.0,3
2022-11-10,7am,retest,short,27.25,496,10890.75,10901.23076923077,10877.125,10.48076923076923,False,win,1.3,1.3,10
2022-11-10,7am,failure,short,27.25,493,10890.75,10901.23076923077,10877.125,10.48076923076923,False,win,1.3,1.3,13
2022-11-11,6am,retest,short,34.0,637,11719.25,11732.326923076924,11702.25,13.076923076923077,True,loss,-1.0,-1.0,1
2022-11-11,6am,retest,long,34.0,434,11685.25,11672.173076923076,11702.25,13.076923076923077,False,loss,-1.0,-1.0,3
2022-11-11,6am,failure,short,34.0,501,11719.25,11732.326923076924,11702.25,13.076923076923077,False,win,1.3,1.3,5
2022-11-11,7am,retest,short,35.25,484,11706.75,11720.307692307691,11689.125,13.557692307692307,False,loss,-1.0,-1.0,16
2022-11-11,7am,retest,long,35.25,590,11671.5,11657.942307692309,11689.125,13.557692307692307,True,win,1.3,0.0,2
2022-11-14,6am,retest,short,24.75,434,11781.0,11790.51923076923,11768.625,9.519230769230768,False,loss,-1.0,-1.0,10
2022-11-14,6am,retest,long,24.75,574,11756.25,11746.73076923077,11768.625,9.519230769230768,True,loss,-1.0,-1.0,0
2022-11-14,7am,retest,short,37.75,619,11802.75,11817.26923076923,11783.875,14.519230769230768,True,win,1.3,0.0,5
2022-11-14,7am,retest,long,37.75,562,11765.0,11750.48076923077,11783.875,14.519230769230768,False,win,1.3,1.3,9
2022-11-14,7am,failure,short,37.75,500,11802.75,11817.26923076923,11783.875,14.519230769230768,False,win,1.3,1.3,7
2022-11-15,7am,retest,short,62.5,485,11920.5,11944.538461538461,11889.25,24.038461538461537,False,loss,-1.0,-1.0,11
2022-11-15,7am,retest,long,62.5,811,11858.0,11833.961538461539,11889.25,24.038461538461537,True,loss,-1.0,-1.0,1
2022-11-15,7am,failure,short,62.5,481,11920.5,11944.538461538461,11889.25,24.038461538461537,False,loss,-1.0,-1.0,15
2022-11-16,6am,retest,long,39.0,433,11877.5,11862.5,11897.0,15.0,False,win,1.3,1.3,9
2022-11-17,6am,retest,short,47.0,753,11689.25,11707.326923076924,11665.75,18.076923076923077,True,loss,-1.0,-1.0,7
2022-11-17,6am,failure,short,47.0,716,11689.25,11707.326923076924,11665.75,18.076923076923077,True,loss,-1.0,0.0,2
2022-11-17,7am,retest,short,66.25,753,11688.75,11714.23076923077,11655.625,25.48076923076923,True,loss,-1.0,-1.0,16
2022-11-17,7am,retest,long,66.25,586,11622.5,11597.01923076923,11655.625,25.48076923076923,True,loss,-1.0,-1.0,9
2022-11-17,7am,failure,short,66.25,716,11688.75,11714.23076923077,11655.625,25.48076923076923,True,loss,-1.0,-1.0,4
2022-11-18,6am,retest,short,29.75,428,11820.0,11831.442307692309,11805.125,11.442307692307692,False,loss,-1.0,-1.0,8
2022-11-18,7am,retest,short,39.5,501,11836.0,11851.192307692309,11816.25,15.192307692307692,False,win,1.3,1.3,26
2022-11-18,7am,failure,short,39.5,486,11836.0,11851.192307692309,11816.25,15.192307692307692,False,win,1.3,1.3,6
2022-11-21,7am,retest,short,29.25,608,11624.5,11635.75,11609.875,11.25,True,loss,-1.0,-1.0,4
2022-11-22,6am,retest,short,48.5,506,11614.0,11632.653846153846,11589.75,18.653846153846153,False,loss,-1.0,-1.0,21
2022-11-22,6am,retest,long,48.5,603,11565.5,11546.846153846154,11589.75,18.653846153846153,True,win,1.3,1.3,2
2022-11-22,7am,retest,short,35.0,506,11614.0,11627.461538461539,11596.5,13.461538461538462,False,loss,-1.0,-1.0,21
2022-11-22,7am,retest,long,35.0,607,11579.0,11565.538461538461,11596.5,13.461538461538462,True,win,1.3,1.3,5
2022-11-22,7am,failure,long,35.0,578,11579.0,11565.538461538461,11596.5,13.461538461538462,True,loss,-1.0,-1.0,1
2022-11-23,6am,retest,short,31.75,444,11777.5,11789.711538461539,11761.625,12.211538461538462,False,loss,-1.0,-1.0,16
2022-11-23,6am,retest,long,31.75,525,11745.75,11733.538461538461,11761.625,12.211538461538462,False,win,1.3,1.3,15
2022-11-23,6am,failure,short,31.75,438,11777.5,11789.711538461539,11761.625,12.211538461538462,False,loss,-1.0,-1.0,22
2022-11-23,7am,retest,short,32.75,581,11793.5,11806.096153846154,11777.125,12.596153846153845,True,loss,-1.0,0.0,4
2022-11-23,7am,retest,long,32.75,512,11760.75,11748.153846153846,11777.125,12.596153846153845,False,win,1.3,1.3,3
2022-11-23,7am,failure,short,32.75,579,11793.5,11806.096153846154,11777.125,12.596153846153845,True,loss,-1.0,0.0,6
2022-11-24,6am,retest,short,12.25,425,11929.5,11934.211538461539,11923.375,4.711538461538462,False,win,1.3,1.3,3
2022-11-24,6am,retest,long,12.25,435,11917.25,11912.538461538461,11923.375,4.711538461538462,False,loss,-1.0,-1.0,9
2022-11-24,6am,failure,short,12.25,422,11929.5,11934.211538461539,11923.375,4.711538461538462,False,win,1.3,1.3,6
2022-11-24,7am,retest,long,27.0,514,11906.0,11895.615384615385,11919.5,10.384615384615385,False,win,1.3,1.3,20
2022-11-24,7am,failure,long,27.0,490,11906.0,11895.615384615385,11919.5,10.384615384615385,False,win,1.3,0.0,44
2022-11-25,6am,retest,long,27.5,461,11840.75,11830.173076923076,11854.5,10.576923076923077,False,loss,-1.0,0.0,50
2022-11-25,7am,retest,long,23.0,513,11832.25,11823.403846153846,11843.75,8.846153846153847,False,loss,-1.0,-1.0,2
2022-11-25,7am,failure,long,23.0,511,11832.25,11823.403846153846,11843.75,8.846153846153847,False,loss,-1.0,-1.0,4
2022-11-28,6am,retest,short,31.0,425,11696.5,11708.423076923076,11681.0,11.923076923076923,False,loss,-1.0,-1.0,6
2022-11-28,7am,retest,short,19.0,535,11710.0,11717.307692307691,11700.5,7.3076923076923075,False,win,1.3,1.3,9
2022-11-29,7am,failure,long,26.5,491,11651.5,11641.307692307691,11664.75,10.192307692307692,False,loss,-1.0,-1.0,0
2022-11-30,6am,retest,short,26.0,498,11577.25,11587.25,11564.25,10.0,False,loss,-1.0,-1.0,1
2022-11-30,7am,retest,short,18.5,499,11575.75,11582.865384615385,11566.5,7.115384615384615,False,loss,-1.0,-1.0,0
2022-11-30,7am,retest,long,18.5,485,11557.25,11550.134615384615,11566.5,7.115384615384615,False,win,1.3,1.3,3
2022-11-30,7am,failure,long,18.5,482,11557.25,11550.134615384615,11566.5,7.115384615384615,False,win,1.3,1.3,6
2022-12-01,6am,retest,short,31.75,431,12031.25,12043.461538461539,12015.375,12.211538461538462,False,loss,-1.0,0.0,33
2022-12-01,6am,retest,long,31.75,646,11999.5,11987.288461538461,12015.375,12.211538461538462,True,win,1.3,1.3,3
2022-12-01,6am,failure,long,31.75,614,11999.5,11987.288461538461,12015.375,12.211538461538462,True,loss,-1.0,0.0,2
2022-12-01,7am,retest,long,31.75,650,12020.75,12008.538461538461,12036.625,12.211538461538462,True,win,1.3,1.3,1
2022-12-01,7am,failure,short,31.75,482,12052.5,12064.711538461539,12036.625,12.211538461538462,False,loss,-1.0,-1.0,6
2022-12-02,6am,retest,short,21.25,485,12055.0,12063.173076923076,12044.375,8.173076923076923,False,loss,-1.0,-1.0,3
2022-12-02,6am,retest,long,21.25,433,12033.75,12025.576923076924,12044.375,8.173076923076923,False,win,1.3,1.3,4
2022-12-02,6am,failure,short,21.25,454,12055.0,12063.173076923076,12044.375,8.173076923076923,False,loss,-1.0,0.0,34
2022-12-02,7am,retest,long,33.25,910,12023.25,12010.461538461539,12039.875,12.788461538461538,True,win,1.3,1.3,6
2022-12-02,7am,failure,short,33.25,487,12056.5,12069.288461538461,12039.875,12.788461538461538,False,win,1.3,1.3,8
2022-12-05,6am,retest,long,26.75,440,11969.0,11958.711538461539,11982.375,10.288461538461538,False,loss,-1.0,-1.0,9
2022-12-05,7am,retest,long,47.25,492,11951.25,11933.076923076924,11974.875,18.173076923076923,False,loss,-1.0,0.0,37
2022-12-06,6am,failure,short,28.0,423,11832.5,11843.26923076923,11818.5,10.769230769230768,False,loss,-1.0,-1.0,11
2022-12-06,7am,retest,long,26.5,482,11819.75,11809.557692307691,11833.0,10.192307692307692,False,loss,-1.0,-1.0,5
2022-12-07,6am,retest,short,60.25,584,11541.5,11564.673076923076,11511.375,23.173076923076923,True,win,1.3,1.3,2
2022-12-07,6am,failure,long,60.25,438,11481.25,11458.076923076924,11511.375,23.173076923076923,False,loss,-1.0,-1.0,2
2022-12-07,7am,retest,short,83.25,540,11505.75,11537.76923076923,11464.125,32.01923076923077,False,loss,-1.0,-1.0,33
2022-12-08,6am,retest,short,31.75,462,11549.75,11561.961538461539,11533.875,12.211538461538462,False,loss,-1.0,0.0,39
2022-12-08,6am,retest,long,31.75,581,11518.0,11505.788461538461,11533.875,12.211538461538462,True,loss,-1.0,0.0,3
2022-12-08,6am,failure,short,31.75,460,11549.75,11561.961538461539,11533.875,12.211538461538462,False,loss,-1.0,0.0,41
2022-12-08,7am,retest,short,33.5,556,11560.5,11573.384615384615,11543.75,12.884615384615385,False,win,1.3,0.0,15
2022-12-08,7am,failure,short,33.5,487,11560.5,11573.384615384615,11543.75,12.884615384615385,False,loss,-1.0,0.0,23
2022-12-12,6am,failure,long,16.75,424,11713.5,11707.057692307691,11721.875,6.4423076923076925,False,win,1.3,0.0,8
2022-12-12,7am,retest,short,15.0,503,11722.75,11728.51923076923,11715.25,5.769230769230769,False,win,1.3,1.3,6
2022-12-12,7am,retest,long,15.0,513,11707.75,11701.98076923077,11715.25,5.769230769230769,False,win,1.3,1.3,3
2022-12-12,7am,failure,short,15.0,488,11722.75,11728.51923076923,11715.25,5.769230769230769,False,win,1.3,0.0,21
2022-12-13,6am,retest,short,18.75,488,11898.75,11905.961538461539,11889.375,7.211538461538462,False,loss,-1.0,-1.0,10
2022-12-13,6am,retest,long,18.75,430,11880.0,11872.788461538461,11889.375,7.211538461538462,False,win,1.3,1.3,11
2022-12-13,6am,failure,long,18.75,423,11880.0,11872.788461538461,11889.375,7.211538461538462,False,win,1.3,1.3,18
2022-12-13,7am,retest,short,48.75,736,11923.5,11942.25,11899.125,18.75,True,win,1.3,1.3,2
2022-12-14,6am,retest,short,36.75,462,11956.25,11970.384615384615,11937.875,14.134615384615383,False,win,1.3,1.3,9
2022-12-14,6am,failure,short,36.75,426,11956.25,11970.384615384615,11937.875,14.134615384615383,False,loss,-1.0,-1.0,6
2022-12-14,7am,retest,short,42.75,589,11977.0,11993.442307692309,11955.625,16.442307692307693,True,loss,-1.0,0.0,1
2022-12-14,7am,retest,long,42.75,497,11934.25,11917.807692307691,11955.625,16.442307692307693,False,win,1.3,0.0,73
2022-12-14,7am,failure,short,42.75,574,11977.0,11993.442307692309,11955.625,16.442307692307693,True,loss,-1.0,-1.0,2
2022-12-14,7am,failure,long,42.75,493,11934.25,11917.807692307691,11955.625,16.442307692307693,False,win,1.3,0.0,77
2022-12-15,6am,retest,short,36.25,443,11728.5,11742.442307692309,11710.375,13.942307692307692,False,win,1.3,0.0,52
2022-12-15,6am,retest,long,36.25,511,11692.25,11678.307692307691,11710.375,13.942307692307692,False,loss,-1.0,0.0,6
2022-12-15,6am,failure,long,36.25,500,11692.25,11678.307692307691,11710.375,13.942307692307692,False,loss,-1.0,-1.0,3
2022-12-16,6am,retest,short,49.5,435,11384.25,11403.288461538461,11359.5,19.038461538461537,False,loss,-1.0,0.0,42
2022-12-16,6am,retest,long,49.5,640,11334.75,11315.711538461539,11359.5,19.038461538461537,True,win,1.3,1.3,2
2022-12-16,6am,failure,short,49.5,421,11384.25,11403.288461538461,11359.5,19.038461538461537,False,loss,-1.0,0.0,56
2022-12-16,7am,retest,short,56.5,571,11421.5,11443.23076923077,11393.25,21.73076923076923,True,loss,-1.0,-1.0,1
2022-12-16,7am,retest,long,56.5,623,11365.0,11343.26923076923,11393.25,21.73076923076923,True,loss,-1.0,-1.0,2
2022-12-19,6am,retest,long,27.5,498,11375.0,11364.423076923076,11388.75,10.576923076923077,False,loss,-1.0,-1.0,6
2022-12-20,6am,retest,short,30.5,605,11187.75,11199.48076923077,11172.5,11.73076923076923,True,loss,-1.0,-1.0,0
2022-12-20,6am,retest,long,30.5,462,11157.25,11145.51923076923,11172.5,11.73076923076923,False,loss,-1.0,-1.0,6
2022-12-20,7am,retest,short,57.75,604,11179.25,11201.461538461539,11150.375,22.21153846153846,True,loss,-1.0,-1.0,2
2022-12-20,7am,retest,long,57.75,562,11121.5,11099.288461538461,11150.375,22.21153846153846,False,win,1.3,0.0,11
2022-12-20,7am,failure,short,57.75,601,11179.25,11201.461538461539,11150.375,22.21153846153846,True,loss,-1.0,-1.0,5
2022-12-21,6am,retest,short,24.25,481,11227.25,11236.576923076924,11215.125,9.326923076923077,False,loss,-1.0,-1.0,9
2022-12-21,7am,retest,short,44.5,483,11231.5,11248.615384615385,11209.25,17.115384615384613,False,win,1.3,1.3,87
2022-12-21,7am,failure,long,44.5,575,11187.0,11169.884615384615,11209.25,17.115384615384613,True,win,1.3,1.3,3
2022-12-22,6am,retest,long,27.5,439,11302.0,11291.423076923076,11315.75,10.576923076923077,False,loss,-1.0,-1.0,2
2022-12-22,7am,failure,long,47.5,510,11278.5,11260.23076923077,11302.25,18.26923076923077,False,loss,-1.0,-1.0,0
2022-12-23,6am,retest,long,50.5,511,11060.5,11041.076923076924,11085.75,19.423076923076923,False,loss,-1.0,0.0,1
2022-12-23,7am,retest,short,36.5,483,11097.5,11111.538461538461,11079.25,14.038461538461538,False,win,1.3,0.0,26
2022-12-27,7am,failure,long,56.0,516,11078.0,11056.461538461539,11106.0,21.538461538461537,False,loss,-1.0,-1.0,7
2022-12-28,6am,retest,short,26.0,473,10946.5,10956.5,10933.5,10.0,False,win,1.3,0.0,32
2022-12-28,6am,retest,long,26.0,542,10920.5,10910.5,10933.5,10.0,False,loss,-1.0,-1.0,23
2022-12-28,6am,failure,short,26.0,451,10946.5,10956.5,10933.5,10.0,False,win,1.3,0.0,54
2022-12-28,6am,failure,long,26.0,522,10920.5,10910.5,10933.5,10.0,False,loss,-1.0,-1.0,8
2022-12-28,7am,retest,long,24.25,513,10928.0,10918.673076923076,10940.125,9.326923076923077,False,loss,-1.0,-1.0,9
2022-12-29,6am,retest,short,27.75,515,10863.5,10874.173076923076,10849.625,10.673076923076923,False,loss,-1.0,-1.0,0
2022-12-29,6am,retest,long,27.75,450,10835.75,10825.076923076924,10849.625,10.673076923076923,False,win,1.3,1.3,37
2022-12-29,7am,retest,short,22.0,499,10852.75,10861.211538461539,10841.75,8.461538461538462,False,loss,-1.0,0.0,13
2022-12-29,7am,failure,short,22.0,489,10852.75,10861.211538461539,10841.75,8.461538461538462,False,loss,-1.0,0.0,23
2022-12-30,6am,retest,long,26.0,948,10982.25,10972.25,10995.25,10.0,True,win,1.3,1.3,2
2022-12-30,6am,failure,short,26.0,956,11008.25,11018.25,10995.25,10.0,True,loss,-1.0,-1.0,2
2022-12-30,7am,retest,long,63.25,482,10926.0,10901.673076923076,10957.625,24.326923076923077,False,loss,-1.0,-1.0,88
2022-12-30,7am,failure,short,63.25,950,10989.25,11013.576923076924,10957.625,24.326923076923077,True,loss,-1.0,-1.0,6
2023-01-03,6am,failure,long,94.0,422,11055.0,11018.846153846154,11102.0,36.15384615384615,False,win,1.3,1.3,38
2023-01-04,6am,retest,short,35.25,517,11028.5,11042.057692307691,11010.875,13.557692307692307,False,win,1.3,1.3,24
2023-01-04,6am,retest,long,35.25,442,10993.25,10979.692307692309,11010.875,13.557692307692307,False,loss,-1.0,0.0,24
2023-01-04,7am,retest,short,39.5,492,11012.25,11027.442307692309,10992.5,15.192307692307692,False,loss,-1.0,-1.0,8
2023-01-04,7am,failure,short,39.5,490,11012.25,11027.442307692309,10992.5,15.192307692307692,False,loss,-1.0,-1.0,10
2023-01-05,6am,retest,short,36.5,458,11040.25,11054.288461538461,11022.0,14.038461538461538,False,win,1.3,1.3,7
2023-01-05,6am,retest,long,36.5,490,11003.75,10989.711538461539,11022.0,14.038461538461538,False,loss,-1.0,0.0,5
2023-01-05,6am,failure,long,36.5,483,11003.75,10989.711538461539,11022.0,14.038461538461538,False,loss,-1.0,0.0,12
2023-01-05,7am,retest,long,43.5,490,11003.25,10986.51923076923,11025.0,16.73076923076923,False,loss,-1.0,0.0,5
2023-01-06,6am,retest,long,30.25,437,10782.75,10771.115384615385,10797.875,11.634615384615385,False,win,1.3,1.3,9
2023-01-06,7am,retest,long,28.75,507,10778.5,10767.442307692309,10792.875,11.057692307692307,False,loss,-1.0,-1.0,0
2023-01-06,7am,failure,long,28.75,497,10778.5,10767.442307692309,10792.875,11.057692307692307,False,loss,-1.0,-1.0,1
2023-01-09,6am,retest,short,28.75,471,11169.75,11180.807692307691,11155.375,11.057692307692307,False,win,1.3,1.3,14
2023-01-09,7am,retest,short,37.75,520,11185.75,11200.26923076923,11166.875,14.519230769230768,False,loss,-1.0,0.0,43
2023-01-09,7am,failure,long,37.75,488,11148.0,11133.48076923077,11166.875,14.519230769230768,False,win,1.3,1.3,12
2023-01-10,6am,retest,short,63.25,582,11200.0,11224.326923076924,11168.375,24.326923076923077,True,win,1.3,0.0,4
2023-01-10,6am,retest,long,63.25,436,11136.75,11112.423076923076,11168.375,24.326923076923077,False,loss,-1.0,-1.0,1
2023-01-10,7am,retest,short,55.5,553,11149.5,11170.846153846154,11121.75,21.346153846153847,False,loss,-1.0,-1.0,1
2023-01-11,6am,retest,short,34.25,509,11318.75,11331.923076923076,11301.625,13.173076923076923,False,win,1.3,1.3,6
2023-01-11,6am,retest,long,34.25,444,11284.5,11271.326923076924,11301.625,13.173076923076923,False,win,1.3,1.3,24
2023-01-11,6am,failure,short,34.25,504,11318.75,11331.923076923076,11301.625,13.173076923076923,False,win,1.3,1.3,11
2023-01-11,6am,failure,long,34.25,439,11284.5,11271.326923076924,11301.625,13.173076923076923,False,win,1.3,1.3,29
2023-01-11,7am,retest,short,31.25,488,11306.75,11318.76923076923,11291.125,12.019230769230768,False,loss,-1.0,-1.0,11
2023-01-11,7am,failure,short,31.25,482,11306.75,11318.76923076923,11291.125,12.019230769230768,False,loss,-1.0,-1.0,17
2023-01-12,6am,retest,short,14.0,437,11473.0,11478.384615384615,11466.0,5.384615384615384,False,loss,-1.0,-1.0,1
2023-01-13,6am,retest,short,54.5,627,11514.0,11534.961538461539,11486.75,20.96153846153846,True,loss,-1.0,0.0,19
2023-01-13,6am,retest,long,54.5,592,11459.5,11438.538461538461,11486.75,20.96153846153846,True,win,1.3,0.0,8
2023-01-13,6am,failure,short,54.5,615,11514.0,11534.961538461539,11486.75,20.96153846153846,True,win,1.3,1.3,3
2023-01-13,7am,retest,short,78.0,609,11483.0,11513.0,11444.0,30.0,True,loss,-1.0,-1.0,4
2023-01-13,7am,retest,long,78.0,509,11405.0,11375.0,11444.0,30.0,False,win,1.3,1.3,62
2023-01-13,7am,failure,short,78.0,601,11483.0,11513.0,11444.0,30.0,True,loss,-1.0,0.0,12
2023-01-13,7am,failure,long,78.0,485,11405.0,11375.0,11444.0,30.0,False,win,1.3,1.3,86
2023-01-16,6am,retest,short,31.0,691,11582.0,11593.923076923076,11566.5,11.923076923076923,True,win,1.3,1.3,19
2023-01-16,7am,retest,short,17.0,707,11572.5,11579.038461538461,11564.0,6.538461538461538,True,loss,-1.0,0.0,48
2023-01-17,6am,retest,short,16.0,431,11572.5,11578.653846153846,11564.5,6.153846153846153,False,loss,-1.0,-1.0,8
2023-01-17,6am,retest,long,16.0,471,11556.5,11550.346153846154,11564.5,6.153846153846153,False,loss,-1.0,0.0,11
2023-01-17,6am,failure,short,16.0,421,11572.5,11578.653846153846,11564.5,6.153846153846153,False,win,1.3,1.3,2
2023-01-17,7am,retest,long,37.5,488,11551.5,11537.076923076924,11570.25,14.423076923076923,False,win,1.3,1.3,22
2023-01-18,6am,retest,short,17.0,430,11650.0,11656.538461538461,11641.5,6.538461538461538,False,loss,-1.0,-1.0,26
2023-01-18,6am,retest,long,17.0,646,11633.0,11626.461538461539,11641.5,6.538461538461538,True,loss,-1.0,-1.0,0
2023-01-18,6am,failure,short,17.0,425,11650.0,11656.538461538461,11641.5,6.538461538461538,False,loss,-1.0,0.0,31
2023-01-19,6am,retest,short,41.25,572,11414.75,11430.615384615385,11394.125,15.865384615384615,True,loss,-1.0,-1.0,0
2023-01-19,6am,retest,long,41.25,426,11373.5,11357.634615384615,11394.125,15.865384615384615,False,loss,-1.0,0.0,49
2023-01-19,6am,failure,long,41.25,423,11373.5,11357.634615384615,11394.125,15.865384615384615,False,loss,-1.0,0.0,52
2023-01-19,7am,retest,short,32.25,537,11388.5,11400.903846153846,11372.375,12.403846153846153,False,loss,-1.0,0.0,32
2023-01-19,7am,retest,long,32.25,513,11356.25,11343.846153846154,11372.375,12.403846153846153,False,win,1.3,1.3,1
2023-01-20,6am,retest,short,27.0,437,11414.5,11424.884615384615,11401.0,10.384615384615385,False,loss,-1.0,-1.0,16
2023-01-20,7am,retest,long,42.75,577,11402.25,11385.807692307691,11423.625,16.442307692307693,True,win,1.3,1.3,3
2023-01-20,7am,failure,short,42.75,487,11445.0,11461.442307692309,11423.625,16.442307692307693,False,win,1.3,1.3,25
2023-01-20,7am,failure,long,42.75,572,11402.25,11385.807692307691,11423.625,16.442307692307693,True,loss,-1.0,0.0,3
2023-01-23,6am,failure,short,21.5,443,11673.5,11681.76923076923,11662.75,8.269230769230768,False,loss,-1.0,-1.0,12
2023-01-23,7am,retest,short,43.25,490,11703.0,11719.634615384615,11681.375,16.634615384615383,False,loss,-1.0,-1.0,10
2023-01-23,7am,failure,short,43.25,486,11703.0,11719.634615384615,11681.375,16.634615384615383,False,loss,-1.0,-1.0,14
2023-01-24,7am,failure,long,18.75,500,11873.25,11866.038461538461,11882.625,7.211538461538462,False,win,1.3,1.3,10
2023-01-25,6am,retest,long,46.0,682,11732.75,11715.057692307691,11755.75,17.692307692307693,True,loss,-1.0,-1.0,3
2023-01-25,6am,failure,short,46.0,715,11778.75,11796.442307692309,11755.75,17.692307692307693,True,win,1.3,1.3,9
2023-01-25,7am,retest,short,27.25,720,11768.75,11779.23076923077,11755.125,10.48076923076923,True,win,1.3,1.3,5
2023-01-25,7am,retest,long,27.25,699,11741.5,11731.01923076923,11755.125,10.48076923076923,True,loss,-1.0,0.0,3
2023-01-26,6am,retest,short,20.75,435,11956.0,11963.98076923077,11945.625,7.980769230769231,False,loss,-1.0,0.0,19
2023-01-26,6am,retest,long,20.75,662,11935.25,11927.26923076923,11945.625,7.980769230769231,True,win,1.3,0.0,1
2023-01-26,7am,retest,short,58.25,520,12002.5,12024.903846153846,11973.375,22.403846153846153,False,loss,-1.0,0.0,42
2023-01-26,7am,retest,long,58.25,664,11944.25,11921.846153846154,11973.375,22.403846153846153,True,loss,-1.0,-1.0,4
2023-01-26,7am,failure,long,58.25,513,11944.25,11921.846153846154,11973.375,22.403846153846153,False,win,1.3,1.3,3
2023-01-27,6am,retest,long,22.25,464,12036.75,12028.192307692309,12047.875,8.557692307692307,False,win,1.3,0.0,30
2023-01-27,6am,failure,long,22.25,459,12036.75,12028.192307692309,12047.875,8.557692307692307,False,win,1.3,0.0,35
2023-01-27,7am,failure,long,41.25,482,12030.75,12014.884615384615,12051.375,15.865384615384615,False,win,1.3,1.3,27
2023-01-30,6am,retest,short,41.75,473,12080.75,12096.807692307691,12059.875,16.057692307692307,False,loss,-1.0,-1.0,35
2023-01-30,6am,retest,long,41.75,631,12039.0,12022.942307692309,12059.875,16.057692307692307,True,loss,-1.0,-1.0,5
2023-01-30,6am,failure,short,41.75,467,12080.75,12096.807692307691,12059.875,16.057692307692307,False,loss,-1.0,-1.0,41
2023-01-30,7am,retest,short,30.0,492,12090.5,12102.038461538461,12075.5,11.538461538461538,False,win,1.3,1.3,25
2023-01-30,7am,retest,long,30.0,677,12060.5,12048.961538461539,12075.5,11.538461538461538,True,loss,-1.0,-1.0,0
2023-01-31,6am,retest,short,43.0,432,11914.0,11930.538461538461,11892.5,16.538461538461537,False,loss,-1.0,-1.0,35
2023-01-31,7am,retest,short,33.75,483,11939.0,11951.98076923077,11922.125,12.98076923076923,False,win,1.3,1.3,15
2023-02-01,6am,retest,short,25.25,539,12132.5,12142.211538461539,12119.875,9.711538461538462,False,loss,-1.0,-1.0,3
2023-02-01,6am,failure,long,25.25,575,12107.25,12097.538461538461,12119.875,9.711538461538462,True,win,1.3,0.0,2
2023-02-01,7am,retest,long,42.75,579,12126.0,12109.557692307691,12147.375,16.442307692307693,True,loss,-1.0,-1.0,5
2023-02-02,6am,retest,short,33.0,464,12589.0,12601.692307692309,12572.5,12.692307692307692,False,loss,-1.0,0.0,8
2023-02-02,7am,retest,short,61.0,507,12613.75,12637.211538461539,12583.25,23.46153846153846,False,loss,-1.0,-1.0,3
2023-02-02,7am,failure,short,61.0,500,12613.75,12637.211538461539,12583.25,23.46153846153846,False,loss,-1.0,-1.0,10
2023-02-03,6am,retest,short,48.5,447,12684.25,12702.903846153846,12660.0,18.653846153846153,False,loss,-1.0,-1.0,15
2023-02-03,6am,failure,long,48.5,511,12635.75,12617.096153846154,12660.0,18.653846153846153,False,win,1.3,0.0,1
2023-02-03,7am,retest,long,63.5,581,12674.5,12650.076923076924,12706.25,24.423076923076923,True,win,1.3,0.0,5
2023-02-03,7am,failure,short,63.5,486,12738.0,12762.423076923076,12706.25,24.423076923076923,False,win,1.3,1.3,24
2023-02-06,6am,retest,short,39.25,516,12496.5,12511.596153846154,12476.875,15.096153846153845,False,loss,-1.0,0.0,45
2023-02-06,7am,retest,short,46.0,579,12538.0,12555.692307692309,12515.0,17.692307692307693,True,loss,-1.0,0.0,3
2023-02-06,7am,retest,long,46.0,519,12492.0,12474.307692307691,12515.0,17.692307692307693,False,win,1.3,0.0,51
2023-02-06,7am,failure,long,46.0,517,12492.0,12474.307692307691,12515.0,17.692307692307693,False,win,1.3,0.0,53
2023-02-07,6am,retest,short,22.0,473,12545.75,12554.211538461539,12534.75,8.461538461538462,False,loss,-1.0,-1.0,3
2023-02-07,6am,retest,long,22.0,581,12523.75,12515.288461538461,12534.75,8.461538461538462,True,loss,-1.0,-1.0,0
2023-02-07,6am,failure,short,22.0,421,12545.75,12554.211538461539,12534.75,8.461538461538462,False,loss,-1.0,-1.0,1
2023-02-07,6am,failure,long,22.0,507,12523.75,12515.288461538461,12534.75,8.461538461538462,False,win,1.3,1.3,3
2023-02-07,7am,failure,short,23.5,690,12566.0,12575.038461538461,12554.25,9.038461538461538,True,loss,-1.0,0.0,2
2023-02-08,6am,retest,short,24.75,434,12763.5,12773.01923076923,12751.125,9.519230769230768,False,win,1.3,1.3,1
2023-02-08,6am,retest,long,24.75,476,12738.75,12729.23076923077,12751.125,9.519230769230768,False,loss,-1.0,-1.0,6
2023-02-08,7am,retest,long,57.25,494,12725.5,12703.48076923077,12754.125,22.01923076923077,False,loss,-1.0,-1.0,64
2023-02-09,6am,retest,long,49.5,476,12671.75,12652.711538461539,12696.5,19.038461538461537,False,win,1.3,1.3,34
2023-02-09,6am,failure,short,49.5,567,12721.25,12740.288461538461,12696.5,19.038461538461537,False,win,1.3,1.3,4
2023-02-09,6am,failure,long,49.5,458,12671.75,12652.711538461539,12696.5,19.038461538461537,False,win,1.3,0.0,52
2023-02-09,7am,retest,short,30.5,520,12691.0,12702.73076923077,12675.75,11.73076923076923,False,loss,-1.0,0.0,5
2023-02-10,6am,retest,short,51.0,495,12323.5,12343.115384615385,12298.0,19.615384615384613,False,loss,-1.0,-1.0,29
2023-02-10,6am,failure,short,51.0,493,12323.5,12343.115384615385,12298.0,19.615384615384613,False,loss,-1.0,-1.0,31
2023-02-10,7am,retest,long,37.0,745,12270.5,12256.26923076923,12289.0,14.23076923076923,True,loss,-1.0,-1.0,3
2023-02-13,6am,retest,short,21.0,499,12407.0,12415.076923076924,12396.5,8.076923076923077,False,win,1.3,0.0,24
2023-02-13,6am,retest,long,21.0,536,12386.0,12377.923076923076,12396.5,8.076923076923077,False,win,1.3,0.0,12
2023-02-13,6am,failure,long,21.0,532,12386.0,12377.923076923076,12396.5,8.076923076923077,False,win,1.3,0.0,16
2023-02-13,7am,retest,long,43.0,531,12390.5,12373.961538461539,12412.0,16.538461538461537,False,loss,-1.0,0.0,42
2023-02-14,6am,retest,short,26.5,475,12598.75,12608.942307692309,12585.5,10.192307692307692,False,win,1.3,1.3,7
2023-02-14,6am,failure,long,26.5,490,12572.25,12562.057692307691,12585.5,10.192307692307692,False,win,1.3,1.3,5
2023-02-14,7am,retest,long,26.0,489,12574.75,12564.75,12587.75,10.0,False,win,1.3,1.3,6
2023-02-15,6am,retest,short,22.0,426,12583.5,12591.961538461539,12572.5,8.461538461538462,False,loss,-1.0,-1.0,4
2023-02-15,6am,failure,short,22.0,424,12583.5,12591.961538461539,12572.5,8.461538461538462,False,loss,-1.0,-1.0,6
2023-02-15,7am,retest,long,46.5,490,12573.75,12555.865384615385,12597.0,17.884615384615383,False,loss,-1.0,-1.0,20
2023-02-16,7am,retest,long,50.25,490,12679.0,12659.673076923076,12704.125,19.326923076923077,False,loss,-1.0,-1.0,10
2023-02-17,6am,retest,short,30.0,423,12373.5,12385.038461538461,12358.5,11.538461538461538,False,loss,-1.0,-1.0,11
2023-02-17,7am,retest,long,30.75,583,12363.25,12351.423076923076,12378.625,11.826923076923077,True,loss,-1.0,0.0,1
2023-02-17,7am,failure,long,30.75,502,12363.25,12351.423076923076,12378.625,11.826923076923077,False,win,1.3,1.3,9
2023-02-20,6am,retest,short,32.75,431,12407.5,12420.096153846154,12391.125,12.596153846153845,False,win,1.3,1.3,13
2023-02-20,6am,retest,long,32.75,616,12374.75,12362.153846153846,12391.125,12.596153846153845,True,eod,-0.6351145038167727,0.0,163
2023-02-20,6am,failure,long,32.75,612,12374.75,12362.153846153846,12391.125,12.596153846153845,True,eod,-0.6351145038167727,0.0,167
2023-02-20,7am,retest,long,28.0,582,12389.75,12378.98076923077,12403.75,10.769230769230768,True,loss,-1.0,-1.0,27
2023-02-20,7am,failure,long,28.0,572,12389.75,12378.98076923077,12403.75,10.769230769230768,True,loss,-1.0,-1.0,37
2023-02-21,6am,retest,long,33.25,431,12258.75,12245.961538461539,12275.375,12.788461538461538,False,win,1.3,1.3,39
2023-02-21,7am,retest,long,36.75,523,12249.0,12234.865384615385,12267.375,14.134615384615383,False,loss,-1.0,-1.0,42
2023-02-21,7am,failure,long,36.75,502,12249.0,12234.865384615385,12267.375,14.134615384615383,False,loss,-1.0,0.0,63
2023-02-22,6am,retest,short,42.75,603,12106.0,12122.442307692309,12084.625,16.442307692307693,True,win,1.3,0.0,6
2023-02-22,6am,retest,long,42.75,614,12063.25,12046.807692307691,12084.625,16.442307692307693,True,loss,-1.0,-1.0,2
2023-02-22,7am,retest,short,72.75,592,12163.25,12191.23076923077,12126.875,27.98076923076923,True,win,1.3,1.3,5
2023-02-22,7am,retest,long,72.75,672,12090.5,12062.51923076923,12126.875,27.98076923076923,True,win,1.3,0.0,73
2023-02-23,6am,retest,short,30.75,430,12208.75,12220.576923076924,12193.375,11.826923076923077,False,loss,-1.0,0.0,51
2023-02-23,6am,retest,long,30.75,610,12178.0,12166.173076923076,12193.375,11.826923076923077,True,loss,-1.0,0.0,1
2023-02-23,7am,retest,short,23.25,497,12219.75,12228.692307692309,12208.125,8.942307692307692,False,loss,-1.0,-1.0,3
2023-02-23,7am,retest,long,23.25,514,12196.5,12187.557692307691,12208.125,8.942307692307692,False,loss,-1.0,-1.0,0
2023-02-24,7am,failure,long,20.75,495,12088.25,12080.26923076923,12098.625,7.980769230769231,False,win,1.3,1.3,11
2023-02-27,6am,retest,short,21.75,451,12070.75,12079.115384615385,12059.875,8.365384615384615,False,win,1.3,1.3,23
2023-02-27,6am,failure,short,21.75,428,12070.75,12079.115384615385,12059.875,8.365384615384615,False,win,1.3,0.0,46
2023-02-27,7am,retest,short,23.25,510,12076.75,12085.692307692309,12065.125,8.942307692307692,False,loss,-1.0,0.0,2
2023-02-27,7am,failure,short,23.25,501,12076.75,12085.692307692309,12065.125,8.942307692307692,False,loss,-1.0,-1.0,3
2023-02-28,6am,retest,short,34.75,460,12126.0,12139.365384615385,12108.625,13.365384615384615,False,win,1.3,0.0,41
2023-02-28,6am,retest,long,34.75,542,12091.25,12077.884615384615,12108.625,13.365384615384615,False,loss,-1.0,-1.0,10
2023-02-28,6am,failure,short,34.75,431,12126.0,12139.365384615385,12108.625,13.365384615384615,False,loss,-1.0,-1.0,8
2023-02-28,7am,retest,short,34.75,779,12146.25,12159.615384615385,12128.875,13.365384615384615,True,loss,-1.0,-1.0,7
2023-02-28,7am,retest,long,34.75,605,12111.5,12098.134615384615,12128.875,13.365384615384615,True,loss,-1.0,0.0,5
2023-02-28,7am,failure,short,34.75,774,12146.25,12159.615384615385,12128.875,13.365384615384615,True,loss,-1.0,-1.0,12
2023-02-28,7am,failure,long,34.75,501,12111.5,12098.134615384615,12128.875,13.365384615384615,False,loss,-1.0,-1.0,9
2023-03-01,6am,retest,long,18.75,429,12123.0,12115.788461538461,12132.375,7.211538461538462,False,loss,-1.0,-1.0,1
2023-03-01,7am,failure,long,22.0,481,12106.5,12098.038461538461,12117.5,8.461538461538462,False,loss,-1.0,-1.0,6
2023-03-02,6am,retest,short,30.75,434,11908.5,11920.326923076924,11893.125,11.826923076923077,False,win,1.3,1.3,12
2023-03-02,6am,retest,long,30.75,475,11877.75,11865.923076923076,11893.125,11.826923076923077,False,win,1.3,0.0,8
2023-03-02,7am,retest,long,45.75,490,11872.75,11855.153846153846,11895.625,17.596153846153847,False,loss,-1.0,-1.0,20
2023-03-03,6am,retest,short,25.0,424,12117.0,12126.615384615385,12104.5,9.615384615384615,False,win,1.3,1.3,13
2023-03-03,6am,retest,long,25.0,487,12092.0,12082.384615384615,12104.5,9.615384615384615,False,loss,-1.0,-1.0,9
2023-03-03,7am,retest,short,45.25,534,12124.0,12141.403846153846,12101.375,17.403846153846153,False,loss,-1.0,-1.0,3
2023-03-06,6am,retest,short,44.5,904,12340.0,12357.115384615385,12317.75,17.115384615384613,True,loss,-1.0,-1.0,7
2023-03-06,6am,failure,short,44.5,491,12340.0,12357.115384615385,12317.75,17.115384615384613,False,loss,-1.0,-1.0,12
2023-03-06,7am,retest,short,28.5,484,12329.5,12340.461538461539,12315.25,10.961538461538462,False,loss,-1.0,-1.0,6
2023-03-07,6am,retest,long,24.5,460,12346.75,12337.326923076924,12359.0,9.423076923076923,False,win,1.3,0.0,26
2023-03-07,7am,retest,short,16.75,489,12357.75,12364.192307692309,12349.375,6.4423076923076925,False,win,1.3,0.0,20
2023-03-08,6am,retest,short,27.75,635,12217.25,12227.923076923076,12203.375,10.673076923076923,True,win,1.3,0.0,5
2023-03-08,6am,retest,long,27.75,434,12189.5,12178.826923076924,12203.375,10.673076923076923,False,loss,-1.0,-1.0,10
2023-03-08,7am,retest,long,45.25,500,12151.75,12134.346153846154,12174.375,17.403846153846153,False,win,1.3,1.3,1
2023-03-08,7am,failure,long,45.25,497,12151.75,12134.346153846154,12174.375,17.403846153846153,False,win,1.3,1.3,4
2023-03-09,6am,retest,long,22.25,493,12154.75,12146.192307692309,12165.875,8.557692307692307,False,win,1.3,0.0,13
2023-03-09,6am,failure,long,22.25,489,12154.75,12146.192307692309,12165.875,8.557692307692307,False,win,1.3,0.0,17
2023-03-09,7am,retest,long,23.75,493,12154.75,12145.615384615385,12166.625,9.134615384615385,False,win,1.3,1.3,13
2023-03-09,7am,failure,long,23.75,489,12154.75,12145.615384615385,12166.625,9.134615384615385,False,win,1.3,1.3,17
2023-03-10,6am,retest,long,74.25,613,11980.25,11951.692307692309,12017.375,28.557692307692307,True,loss,-1.0,-1.0,2
2023-03-10,7am,retest,short,41.0,555,12031.25,12047.01923076923,12010.75,15.769230769230768,False,win,1.3,0.0,7
2023-03-10,7am,retest,long,41.0,658,11990.25,11974.48076923077,12010.75,15.769230769230768,True,win,1.3,1.3,1
2023-03-10,7am,failure,long,41.0,508,11990.25,11974.48076923077,12010.75,15.769230769230768,False,win,1.3,1.3,1
2023-03-13,6am,retest,short,116.75,427,12106.75,12151.653846153846,12048.375,44.90384615384615,False,win,1.3,1.3,20
2023-03-13,6am,retest,long,116.75,592,11990.0,11945.096153846154,12048.375,44.90384615384615,True,win,1.3,0.0,16
2023-03-13,6am,failure,short,116.75,424,12106.75,12151.653846153846,12048.375,44.90384615384615,False,win,1.3,1.3,23
2023-03-13,6am,failure,long,116.75,512,11990.0,11945.096153846154,12048.375,44.90384615384615,False,loss,-1.0,-1.0,5
2023-03-13,7am,retest,short,87.75,675,12123.0,12156.75,12079.125,33.75,True,loss,-1.0,-1.0,3
2023-03-13,7am,retest,long,87.75,609,12035.25,12001.5,12079.125,33.75,True,loss,-1.0,-1.0,3
2023-03-13,7am,failure,long,87.75,485,12035.25,12001.5,12079.125,33.75,False,loss,-1.0,-1.0,5
2023-03-14,6am,retest,short,38.5,428,12110.5,12125.307692307691,12091.25,14.807692307692307,False,loss,-1.0,-1.0,9
2023-03-14,6am,failure,short,38.5,425,12110.5,12125.307692307691,12091.25,14.807692307692307,False,loss,-1.0,-1.0,12
2023-03-14,7am,retest,short,54.0,509,12153.25,12174.01923076923,12126.25,20.76923076923077,False,loss,-1.0,-1.0,1
2023-03-14,7am,failure,short,54.0,494,12153.25,12174.01923076923,12126.25,20.76923076923077,False,loss,-1.0,0.0,16
2023-03-15,6am,retest,short,167.0,607,12263.75,12327.98076923077,12180.25,64.23076923076923,True,win,1.3,1.3,27
2023-03-15,6am,failure,short,167.0,575,12263.75,12327.98076923077,12180.25,64.23076923076923,True,win,1.3,0.0,59
2023-03-15,7am,retest,short,51.25,515,12184.5,12204.211538461539,12158.875,19.71153846153846,False,win,1.3,1.3,1
2023-03-15,7am,retest,long,51.25,529,12133.25,12113.538461538461,12158.875,19.71153846153846,False,win,1.3,1.3,2
2023-03-16,6am,retest,short,33.5,473,12419.75,12432.634615384615,12403.0,12.884615384615385,False,win,1.3,1.3,13
2023-03-16,6am,retest,long,33.5,431,12386.25,12373.365384615385,12403.0,12.884615384615385,False,win,1.3,1.3,20
2023-03-16,7am,retest,long,49.75,524,12379.75,12360.615384615385,12404.625,19.134615384615383,False,loss,-1.0,-1.0,6
2023-03-17,6am,retest,short,26.25,476,12735.25,12745.346153846154,12722.125,10.096153846153845,False,win,1.3,0.0,23
2023-03-17,6am,failure,long,26.25,454,12709.0,12698.903846153846,12722.125,10.096153846153845,False,loss,-1.0,-1.0,4
2023-03-17,7am,retest,long,40.25,546,12698.75,12683.26923076923,12718.875,15.48076923076923,False,win,1.3,1.3,19
2023-03-17,7am,failure,short,40.25,481,12739.0,12754.48076923077,12718.875,15.48076923076923,False,win,1.3,0.0,18
2023-03-20,6am,retest,long,45.5,432,12637.5,12620.0,12660.25,17.5,False,win,1.3,1.3,19
2023-03-20,7am,retest,short,51.25,522,12664.75,12684.461538461539,12639.125,19.71153846153846,False,loss,-1.0,-1.0,12
2023-03-20,7am,retest,long,51.25,574,12613.5,12593.788461538461,12639.125,19.71153846153846,True,loss,-1.0,-1.0,0
2023-03-20,7am,failure,short,51.25,518,12664.75,12684.461538461539,12639.125,19.71153846153846,False,loss,-1.0,-1.0,16
2023-03-21,6am,retest,short,38.0,626,12748.5,12763.115384615385,12729.5,14.615384615384615,True,loss,-1.0,0.0,14
2023-03-21,7am,retest,short,68.5,579,12792.0,12818.346153846154,12757.75,26.346153846153847,True,loss,-1.0,0.0,21
2023-03-21,7am,retest,long,68.5,658,12723.5,12697.153846153846,12757.75,26.346153846153847,True,win,1.3,1.3,14
2023-03-21,7am,failure,short,68.5,571,12792.0,12818.346153846154,12757.75,26.346153846153847,True,loss,-1.0,0.0,29
2023-03-21,7am,failure,long,68.5,654,12723.5,12697.153846153846,12757.75,26.346153846153847,True,win,1.3,1.3,18
2023-03-22,6am,retest,short,26.5,427,12858.75,12868.942307692309,12845.5,10.192307692307692,False,win,1.3,1.3,43
2023-03-22,6am,retest,long,26.5,947,12832.25,12822.057692307691,12845.5,10.192307692307692,True,loss,-1.0,0.0,1
2023-03-22,7am,retest,short,24.25,572,12867.25,12876.576923076924,12855.125,9.326923076923077,True,win,1.3,0.0,2
2023-03-22,7am,retest,long,24.25,493,12843.0,12833.673076923076,12855.125,9.326923076923077,False,win,1.3,1.3,41
2023-03-22,7am,failure,short,24.25,556,12867.25,12876.576923076924,12855.125,9.326923076923077,False,loss,-1.0,-1.0,14
2023-03-23,6am,failure,short,48.5,527,12840.0,12858.653846153846,12815.75,18.653846153846153,False,win,1.3,1.3,15
2023-03-23,7am,retest,long,24.75,487,12812.0,12802.48076923077,12824.375,9.519230769230768,False,win,1.3,1.3,13
2023-03-24,6am,retest,long,45.0,480,12775.0,12757.692307692309,12797.5,17.307692307692307,False,loss,-1.0,-1.0,6
2023-03-24,7am,retest,long,48.5,491,12769.0,12750.346153846154,12793.25,18.653846153846153,False,win,1.3,0.0,25
2023-03-27,6am,retest,short,25.0,458,12942.25,12951.865384615385,12929.75,9.615384615384615,False,win,1.3,0.0,40
2023-03-27,6am,retest,long,25.0,538,12917.25,12907.634615384615,12929.75,9.615384615384615,False,win,1.3,1.3,5
2023-03-27,6am,failure,long,25.0,535,12917.25,12907.634615384615,12929.75,9.615384615384615,False,win,1.3,1.3,8
2023-03-27,7am,retest,long,30.5,517,12927.0,12915.26923076923,12942.25,11.73076923076923,False,loss,-1.0,0.0,17
2023-03-27,7am,failure,short,30.5,591,12957.5,12969.23076923077,12942.25,11.73076923076923,True,win,1.3,1.3,3
2023-03-27,7am,failure,long,30.5,514,12927.0,12915.26923076923,12942.25,11.73076923076923,False,loss,-1.0,0.0,20
2023-03-28,6am,retest,short,20.75,513,12773.25,12781.23076923077,12762.875,7.980769230769231,False,win,1.3,1.3,7
2023-03-28,7am,failure,long,37.25,525,12759.25,12744.923076923076,12777.875,14.326923076923077,False,win,1.3,1.3,17
2023-03-29,6am,retest,short,20.5,540,12853.5,12861.384615384615,12843.25,7.884615384615384,False,loss,-1.0,-1.0,2
2023-03-29,6am,failure,long,20.5,432,12833.0,12825.115384615385,12843.25,7.884615384615384,False,win,1.3,1.3,30
2023-03-30,6am,retest,short,30.25,425,13035.75,13047.384615384615,13020.625,11.634615384615385,False,loss,-1.0,0.0,66
2023-03-30,7am,retest,short,16.25,503,13040.5,13046.75,13032.375,6.25,False,win,1.3,1.3,5
2023-03-30,7am,retest,long,16.25,825,13024.25,13018.0,13032.375,6.25,True,loss,-1.0,-1.0,0
2023-03-31,7am,retest,short,16.75,530,13090.25,13096.692307692309,13081.875,6.4423076923076925,False,loss,-1.0,0.0,2
2023-03-31,7am,retest,long,16.75,482,13073.5,13067.057692307691,13081.875,6.4423076923076925,False,loss,-1.0,0.0,16
2023-04-03,6am,retest,short,14.0,583,13232.0,13237.384615384615,13225.0,5.384615384615384,True,loss,-1.0,-1.0,1
2023-04-03,6am,failure,long,14.0,423,13218.0,13212.615384615385,13225.0,5.384615384615384,False,loss,-1.0,-1.0,5
2023-04-03,7am,retest,short,26.0,585,13228.0,13238.0,13215.0,10.0,True,loss,-1.0,-1.0,1
2023-04-03,7am,retest,long,26.0,487,13202.0,13192.0,13215.0,10.0,False,loss,-1.0,-1.0,5
2023-04-03,7am,failure,long,26.0,485,13202.0,13192.0,13215.0,10.0,False,loss,-1.0,-1.0,7
2023-04-04,6am,retest,long,21.75,422,13325.75,13317.384615384615,13336.625,8.365384615384615,False,loss,-1.0,0.0,15
2023-04-04,7am,retest,long,21.25,512,13312.75,13304.576923076924,13323.375,8.173076923076923,False,loss,-1.0,-1.0,7
2023-04-05,6am,retest,short,19.75,492,13206.5,13214.096153846154,13196.625,7.596153846153846,False,loss,-1.0,-1.0,3
2023-04-05,6am,failure,short,19.75,421,13206.5,13214.096153846154,13196.625,7.596153846153846,False,loss,-1.0,0.0,32
2023-04-05,6am,failure,long,19.75,562,13186.75,13179.153846153846,13196.625,7.596153846153846,False,loss,-1.0,-1.0,3
2023-04-05,7am,retest,long,22.25,532,13199.25,13190.692307692309,13210.375,8.557692307692307,False,loss,-1.0,0.0,27
2023-04-06,6am,retest,short,61.75,426,13047.0,13070.75,13016.125,23.75,False,loss,-1.0,-1.0,55
2023-04-06,6am,retest,long,61.75,600,12985.25,12961.5,13016.125,23.75,True,win,1.3,1.3,2
2023-04-06,7am,retest,short,26.75,688,13068.75,13079.038461538461,13055.375,10.288461538461538,True,loss,-1.0,-1.0,1
2023-04-06,7am,retest,long,26.75,516,13042.0,13031.711538461539,13055.375,10.288461538461538,False,loss,-1.0,-1.0,1
2023-04-07,6am,retest,short,12.5,426,13170.5,13175.307692307691,13164.25,4.8076923076923075,False,win,1.3,1.3,8
2023-04-07,6am,failure,short,12.5,422,13170.5,13175.307692307691,13164.25,4.8076923076923075,False,win,1.3,1.3,12
2023-04-07,6am,failure,long,12.5,469,13158.0,13153.192307692309,13164.25,4.8076923076923075,False,loss,-1.0,-1.0,0
2023-04-07,7am,retest,short,30.5,513,13172.25,13183.98076923077,13157.0,11.73076923076923,False,loss,-1.0,0.0,1
2023-04-07,7am,failure,short,30.5,511,13172.25,13183.98076923077,13157.0,11.73076923076923,False,loss,-1.0,-1.0,0
2023-04-07,7am,failure,long,30.5,483,13141.75,13130.01923076923,13157.0,11.73076923076923,False,win,1.3,1.3,26
2023-04-10,6am,retest,long,16.75,859,13149.0,13142.557692307691,13157.375,6.4423076923076925,True,loss,-1.0,-1.0,6
2023-04-10,6am,failure,long,16.75,422,13149.0,13142.557692307691,13157.375,6.4423076923076925,False,loss,-1.0,-1.0,4
2023-04-10,7am,retest,short,62.25,959,13154.5,13178.442307692309,13123.375,23.94230769230769,True,eod,-0.41767068273090907,-0.41767068273090907,0
2023-04-11,7am,retest,long,58.0,874,13125.5,13103.192307692309,13154.5,22.307692307692307,True,loss,-1.0,-1.0,64
2023-04-11,7am,failure,long,58.0,572,13125.5,13103.192307692309,13154.5,22.307692307692307,True,win,1.3,1.3,3
2023-04-12,6am,retest,short,32.5,582,13100.75,13113.25,13084.5,12.5,True,win,1.3,1.3,2
2023-04-12,6am,retest,long,32.5,439,13068.25,13055.75,13084.5,12.5,False,win,1.3,1.3,26
2023-04-13,6am,retest,short,25.5,520,12998.0,13007.807692307691,12985.25,9.807692307692307,False,loss,-1.0,-1.0,4
2023-04-13,7am,retest,short,36.25,515,12998.75,13012.692307692309,12980.625,13.942307692307692,False,loss,-1.0,-1.0,10
2023-04-13,7am,retest,long,36.25,483,12962.5,12948.557692307691,12980.625,13.942307692307692,False,win,1.3,1.3,23
2023-04-14,6am,retest,long,53.5,531,13121.0,13100.423076923076,13147.75,20.576923076923077,False,win,1.3,1.3,39
2023-04-14,6am,failure,short,53.5,577,13174.5,13195.076923076924,13147.75,20.576923076923077,True,loss,-1.0,-1.0,1
2023-04-14,7am,retest,long,25.0,542,13127.0,13117.384615384615,13139.5,9.615384615384615,False,loss,-1.0,-1.0,5
2023-04-14,7am,failure,long,25.0,515,13127.0,13117.384615384615,13139.5,9.615384615384615,False,win,1.3,0.0,3
2023-04-17,6am,failure,short,33.5,423,13192.5,13205.384615384615,13175.75,12.884615384615385,False,win,1.3,1.3,27
2023-04-17,7am,retest,long,34.5,515,13167.5,13154.23076923077,13184.75,13.269230769230768,False,win,1.3,1.3,3
2023-04-18,6am,retest,short,15.5,473,13276.75,13282.711538461539,13269.0,5.961538461538462,False,loss,-1.0,0.0,32
2023-04-18,6am,retest,long,15.5,425,13261.25,13255.288461538461,13269.0,5.961538461538462,False,win,1.3,1.3,2
2023-04-18,6am,failure,short,15.5,446,13276.75,13282.711538461539,13269.0,5.961538461538462,False,loss,-1.0,0.0,5
2023-04-18,6am,failure,long,15.5,421,13261.25,13255.288461538461,13269.0,5.961538461538462,False,win,1.3,1.3,6
2023-04-18,7am,retest,short,37.25,522,13293.75,13308.076923076924,13275.125,14.326923076923077,False,win,1.3,1.3,29
2023-04-19,6am,retest,long,25.0,527,13073.0,13063.384615384615,13085.5,9.615384615384615,False,win,1.3,1.3,17
2023-04-19,6am,failure,long,25.0,524,13073.0,13063.384615384615,13085.5,9.615384615384615,False,win,1.3,1.3,20
2023-04-19,7am,retest,short,23.5,584,13105.25,13114.288461538461,13093.5,9.038461538461538,True,loss,-1.0,-1.0,1
2023-04-19,7am,retest,long,23.5,501,13081.75,13072.711538461539,13093.5,9.038461538461538,False,win,1.3,1.3,3
2023-04-19,7am,failure,long,23.5,493,13081.75,13072.711538461539,13093.5,9.038461538461538,False,win,1.3,1.3,11
2023-04-20,6am,retest,short,25.0,433,13067.75,13077.365384615385,13055.25,9.615384615384615,False,win,1.3,0.0,22
2023-04-20,6am,retest,long,25.0,500,13042.75,13033.134615384615,13055.25,9.615384615384615,False,win,1.3,1.3,4
2023-04-20,6am,failure,short,25.0,431,13067.75,13077.365384615385,13055.25,9.615384615384615,False,win,1.3,0.0,24
2023-04-20,6am,failure,long,25.0,483,13042.75,13033.134615384615,13055.25,9.615384615384615,False,loss,-1.0,0.0,10
2023-04-20,7am,retest,short,24.25,540,13071.5,13080.826923076924,13059.375,9.326923076923077,False,win,1.3,1.3,3
2023-04-20,7am,retest,long,24.25,486,13047.25,13037.923076923076,13059.375,9.326923076923077,False,loss,-1.0,-1.0,4
2023-04-21,6am,retest,short,59.75,572,13069.75,13092.73076923077,13039.875,22.98076923076923,True,win,1.3,1.3,5
2023-04-21,6am,retest,long,59.75,424,13010.0,12987.01923076923,13039.875,22.98076923076923,False,win,1.3,1.3,69
2023-04-21,6am,failure,short,59.75,565,13069.75,13092.73076923077,13039.875,22.98076923076923,False,win,1.3,0.0,12
2023-04-21,6am,failure,long,59.75,422,13010.0,12987.01923076923,13039.875,22.98076923076923,False,win,1.3,1.3,71
2023-04-21,7am,failure,short,27.75,490,13032.75,13043.423076923076,13018.875,10.673076923076923,False,loss,-1.0,-1.0,3
2023-04-24,6am,retest,short,21.75,423,13079.5,13087.865384615385,13068.625,8.365384615384615,False,loss,-1.0,-1.0,11
2023-04-24,6am,retest,long,21.75,858,13057.75,13049.384615384615,13068.625,8.365384615384615,True,loss,-1.0,0.0,6
2023-04-24,7am,retest,short,22.0,536,13096.75,13105.211538461539,13085.75,8.461538461538462,False,win,1.3,0.0,18
2023-04-24,7am,failure,short,22.0,532,13096.75,13105.211538461539,13085.75,8.461538461538462,False,win,1.3,0.0,22
2023-04-25,6am,retest,short,22.25,446,13013.0,13021.557692307691,13001.875,8.557692307692307,False,win,1.3,1.3,14
2023-04-25,7am,retest,long,22.75,535,12995.5,12986.75,13006.875,8.75,False,win,1.3,1.3,14
2023-04-25,7am,failure,long,22.75,532,12995.5,12986.75,13006.875,8.75,False,win,1.3,1.3,17
2023-04-26,6am,retest,short,52.75,692,12976.0,12996.288461538461,12949.625,20.288461538461537,True,loss,-1.0,-1.0,29
2023-04-26,6am,retest,long,52.75,465,12923.25,12902.961538461539,12949.625,20.288461538461537,False,loss,-1.0,-1.0,5
2023-04-26,6am,failure,short,52.75,674,12976.0,12996.288461538461,12949.625,20.288461538461537,True,loss,-1.0,-1.0,7
2023-04-26,6am,failure,long,52.75,424,12923.25,12902.961538461539,12949.625,20.288461538461537,False,loss,-1.0,-1.0,9
2023-04-26,7am,retest,short,52.25,552,12937.5,12957.596153846154,12911.375,20.096153846153847,False,win,1.3,0.0,28
2023-04-26,7am,retest,long,52.25,898,12885.25,12865.153846153846,12911.375,20.096153846153847,True,loss,-1.0,-1.0,52
2023-04-26,7am,failure,short,52.25,514,12937.5,12957.596153846154,12911.375,20.096153846153847,False,loss,-1.0,-1.0,26
2023-04-26,7am,failure,long,52.25,885,12885.25,12865.153846153846,12911.375,20.096153846153847,True,loss,-1.0,0.0,65
2023-04-27,7am,failure,short,21.75,481,13013.5,13021.865384615385,13002.625,8.365384615384615,False,loss,-1.0,-1.0,0
2023-04-28,6am,retest,short,18.0,431,13198.25,13205.173076923076,13189.25,6.9230769230769225,False,win,1.3,1.3,6
2023-04-28,6am,retest,long,18.0,483,13180.25,13173.326923076924,13189.25,6.9230769230769225,False,win,1.3,0.0,11
2023-04-28,7am,retest,short,22.0,530,13208.0,13216.461538461539,13197.0,8.461538461538462,False,loss,-1.0,0.0,1
2023-04-28,7am,retest,long,22.0,496,13186.0,13177.538461538461,13197.0,8.461538461538462,False,win,1.3,1.3,5
2023-04-28,7am,failure,short,22.0,513,13208.0,13216.461538461539,13197.0,8.461538461538462,False,win,1.3,1.3,1
2023-05-01,6am,retest,long,26.25,480,13302.75,13292.653846153846,13315.875,10.096153846153845,False,loss,-1.0,-1.0,15
2023-05-01,6am,failure,short,26.25,661,13329.0,13339.096153846154,13315.875,10.096153846153845,True,win,1.3,1.3,3
2023-05-01,6am,failure,long,26.25,468,13302.75,13292.653846153846,13315.875,10.096153846153845,False,loss,-1.0,-1.0,27
2023-05-01,7am,retest,short,18.25,592,13318.0,13325.01923076923,13308.875,7.019230769230769,True,loss,-1.0,-1.0,0
2023-05-01,7am,retest,long,18.25,484,13299.75,13292.73076923077,13308.875,7.019230769230769,False,loss,-1.0,0.0,11
2023-05-02,6am,retest,long,19.75,516,13293.75,13286.153846153846,13303.625,7.596153846153846,False,win,1.3,0.0,16
2023-05-02,6am,failure,long,19.75,497,13293.75,13286.153846153846,13303.625,7.596153846153846,False,loss,-1.0,-1.0,13
2023-05-02,7am,retest,long,20.25,484,13296.0,13288.211538461539,13306.125,7.788461538461538,False,loss,-1.0,0.0,20
2023-05-03,6am,retest,short,20.5,457,13219.5,13227.384615384615,13209.25,7.884615384615384,False,win,1.3,1.3,13
2023-05-03,6am,retest,long,20.5,542,13199.0,13191.115384615385,13209.25,7.884615384615384,False,win,1.3,1.3,9
2023-05-03,6am,failure,short,20.5,446,13219.5,13227.384615384615,13209.25,7.884615384615384,False,win,1.3,1.3,24
2023-05-03,7am,retest,long,27.25,573,13197.0,13186.51923076923,13210.625,10.48076923076923,True,win,1.3,1.3,2
2023-05-03,7am,failure,long,27.25,541,13197.0,13186.51923076923,13210.625,10.48076923076923,False,win,1.3,1.3,10
2023-05-04,6am,retest,long,29.25,452,13100.5,13089.25,13115.125,11.25,False,loss,-1.0,-1.0,29
2023-05-04,6am,failure,short,29.25,815,13129.75,13141.0,13115.125,11.25,True,win,1.3,1.3,2
2023-05-04,6am,failure,long,29.25,428,13100.5,13089.25,13115.125,11.25,False,loss,-1.0,-1.0,11
2023-05-04,7am,retest,long,22.75,513,13089.0,13080.25,13100.375,8.75,False,loss,-1.0,-1.0,1
2023-05-04,7am,failure,short,22.75,798,13111.75,13120.5,13100.375,8.75,True,win,1.3,1.3,2
2023-05-05,6am,retest,short,17.5,453,13135.75,13142.48076923077,13127.0,6.730769230769231,False,win,1.3,1.3,9
2023-05-05,7am,retest,long,20.5,522,13120.25,13112.365384615385,13130.5,7.884615384615384,False,win,1.3,1.3,2
2023-05-08,6am,retest,short,16.0,441,13321.0,13327.153846153846,13313.0,6.153846153846153,False,win,1.3,0.0,29
2023-05-08,6am,retest,long,16.0,673,13305.0,13298.846153846154,13313.0,6.153846153846153,True,loss,-1.0,-1.0,2
2023-05-08,6am,failure,short,16.0,428,13321.0,13327.153846153846,13313.0,6.153846153846153,False,win,1.3,0.0,42
2023-05-08,7am,retest,short,15.25,776,13324.75,13330.615384615385,13317.125,5.865384615384615,True,win,1.3,0.0,10
2023-05-08,7am,retest,long,15.25,708,13309.5,13303.634615384615,13317.125,5.865384615384615,True,win,1.3,1.3,5
2023-05-09,6am,retest,long,14.0,500,13290.0,13284.615384615385,13297.0,5.384615384615384,False,loss,-1.0,-1.0,4
2023-05-09,7am,retest,long,28.75,543,13275.0,13263.942307692309,13289.375,11.057692307692307,False,win,1.3,1.3,27
2023-05-09,7am,failure,long,28.75,529,13275.0,13263.942307692309,13289.375,11.057692307692307,False,win,1.3,1.3,41
2023-05-10,7am,retest,short,27.0,820,13267.0,13277.384615384615,13253.5,10.384615384615385,True,loss,-1.0,-1.0,5
2023-05-11,6am,retest,short,26.5,888,13460.75,13470.942307692309,13447.5,10.192307692307692,True,win,1.3,0.0,29
2023-05-11,6am,retest,long,26.5,491,13434.25,13424.057692307691,13447.5,10.192307692307692,False,win,1.3,1.3,5
2023-05-11,6am,failure,long,26.5,421,13434.25,13424.057692307691,13447.5,10.192307692307692,False,loss,-1.0,-1.0,11
2023-05-11,7am,retest,short,32.5,503,13436.75,13449.25,13420.5,12.5,False,loss,-1.0,-1.0,7
2023-05-11,7am,retest,long,32.5,583,13404.25,13391.75,13420.5,12.5,True,loss,-1.0,-1.0,5
2023-05-11,7am,failure,short,32.5,492,13436.75,13449.25,13420.5,12.5,False,loss,-1.0,-1.0,4
2023-05-11,7am,failure,long,32.5,572,13404.25,13391.75,13420.5,12.5,True,loss,-1.0,-1.0,0
2023-05-12,6am,retest,long,13.25,457,13469.25,13464.153846153846,13475.875,5.096153846153846,False,loss,-1.0,0.0,19
2023-05-12,6am,failure,short,13.25,573,13482.5,13487.596153846154,13475.875,5.096153846153846,True,win,1.3,0.0,2
2023-05-12,7am,retest,short,19.5,575,13481.0,13488.5,13471.25,7.5,True,win,1.3,1.3,3
2023-05-12,7am,retest,long,19.5,506,13461.5,13454.0,13471.25,7.5,False,loss,-1.0,-1.0,4
2023-05-12,7am,failure,long,19.5,499,13461.5,13454.0,13471.25,7.5,False,loss,-1.0,-1.0,11
2023-05-15,6am,retest,short,19.0,716,13438.0,13445.307692307691,13428.5,7.3076923076923075,True,loss,-1.0,-1.0,2
2023-05-15,7am,retest,short,20.25,732,13443.0,13450.788461538461,13432.875,7.788461538461538,True,win,1.3,0.0,12
2023-05-15,7am,retest,long,20.25,515,13422.75,13414.961538461539,13432.875,7.788461538461538,False,loss,-1.0,-1.0,2
2023-05-15,7am,failure,short,20.25,712,13443.0,13450.788461538461,13432.875,7.788461538461538,True,win,1.3,1.3,2
2023-05-16,6am,retest,short,22.5,577,13475.0,13483.653846153846,13463.75,8.653846153846153,True,win,1.3,0.0,2
2023-05-16,6am,retest,long,22.5,514,13452.5,13443.846153846154,13463.75,8.653846153846153,False,loss,-1.0,-1.0,1
2023-05-16,6am,failure,short,22.5,423,13475.0,13483.653846153846,13463.75,8.653846153846153,False,win,1.3,1.3,13
2023-05-16,6am,failure,long,22.5,511,13452.5,13443.846153846154,13463.75,8.653846153846153,False,loss,-1.0,0.0,4
2023-05-16,7am,retest,short,20.75,596,13476.25,13484.23076923077,13465.875,7.980769230769231,True,loss,-1.0,-1.0,1
2023-05-16,7am,retest,long,20.75,513,13455.5,13447.51923076923,13465.875,7.980769230769231,False,loss,-1.0,0.0,2
2023-05-17,6am,retest,short,22.0,430,13512.5,13520.961538461539,13501.5,8.461538461538462,False,loss,-1.0,-1.0,2
2023-05-17,6am,failure,long,22.0,593,13490.5,13482.038461538461,13501.5,8.461538461538462,True,loss,-1.0,0.0,5
2023-05-17,7am,retest,short,17.25,575,13522.5,13529.134615384615,13513.875,6.634615384615384,True,loss,-1.0,-1.0,1
2023-05-17,7am,retest,long,17.25,495,13505.25,13498.615384615385,13513.875,6.634615384615384,False,loss,-1.0,-1.0,3
2023-05-18,6am,retest,short,16.75,476,13681.0,13687.442307692309,13672.625,6.4423076923076925,False,win,1.3,1.3,20
2023-05-18,6am,retest,long,16.75,510,13664.25,13657.807692307691,13672.625,6.4423076923076925,False,loss,-1.0,0.0,3
2023-05-18,6am,failure,short,16.75,440,13681.0,13687.442307692309,13672.625,6.4423076923076925,False,win,1.3,0.0,56
2023-05-18,6am,failure,long,16.75,504,13664.25,13657.807692307691,13672.625,6.4423076923076925,False,loss,-1.0,0.0,9
2023-05-18,7am,retest,long,13.75,510,13669.5,13664.211538461539,13676.375,5.288461538461538,False,loss,-1.0,-1.0,0
2023-05-18,7am,failure,long,13.75,498,13669.5,13664.211538461539,13676.375,5.288461538461538,False,loss,-1.0,-1.0,5
2023-05-19,6am,failure,long,36.5,495,13886.25,13872.211538461539,13904.5,14.038461538461538,False,win,1.3,1.3,18
2023-05-19,7am,retest,long,30.75,494,13888.25,13876.423076923076,13903.625,11.826923076923077,False,win,1.3,1.3,19
2023-05-19,7am,failure,short,30.75,548,13919.0,13930.826923076924,13903.625,11.826923076923077,False,win,1.3,1.3,18
2023-05-19,7am,failure,long,30.75,492,13888.25,13876.423076923076,13903.625,11.826923076923077,False,win,1.3,1.3,21
2023-05-22,6am,retest,short,17.75,469,13849.25,13856.076923076924,13840.375,6.826923076923077,False,loss,-1.0,-1.0,10
2023-05-22,6am,retest,long,17.75,433,13831.5,13824.673076923076,13840.375,6.826923076923077,False,win,1.3,1.3,19
2023-05-22,6am,failure,short,17.75,467,13849.25,13856.076923076924,13840.375,6.826923076923077,False,loss,-1.0,-1.0,12
2023-05-22,7am,retest,short,33.5,487,13858.0,13870.884615384615,13841.25,12.884615384615385,False,loss,-1.0,0.0,86
2023-05-22,7am,failure,short,33.5,481,13858.0,13870.884615384615,13841.25,12.884615384615385,False,loss,-1.0,0.0,92
2023-05-23,7am,retest,long,53.0,533,13849.0,13828.615384615385,13875.5,20.384615384615383,False,loss,-1.0,-1.0,32
2023-05-24,6am,retest,long,42.25,489,13678.25,13662.0,13699.375,16.25,False,loss,-1.0,-1.0,22
2023-05-24,7am,retest,short,33.5,934,13695.5,13708.384615384615,13678.75,12.884615384615385,True,win,1.3,1.3,2
2023-05-24,7am,retest,long,33.5,576,13662.0,13649.115384615385,13678.75,12.884615384615385,True,loss,-1.0,0.0,9
2023-05-24,7am,failure,short,33.5,932,13695.5,13708.384615384615,13678.75,12.884615384615385,True,win,1.3,0.0,4
2023-05-25,6am,failure,short,31.5,471,13922.5,13934.615384615385,13906.75,12.115384615384615,False,loss,-1.0,0.0,11
2023-05-25,7am,retest,short,42.5,514,13931.75,13948.096153846154,13910.5,16.346153846153847,False,loss,-1.0,-1.0,4
2023-05-25,7am,retest,long,42.5,582,13889.25,13872.903846153846,13910.5,16.346153846153847,True,loss,-1.0,0.0,6
2023-05-25,7am,failure,short,42.5,481,13931.75,13948.096153846154,13910.5,16.346153846153847,False,loss,-1.0,-1.0,12
2023-05-25,7am,failure,long,42.5,576,13889.25,13872.903846153846,13910.5,16.346153846153847,True,loss,-1.0,-1.0,2
2023-05-26,6am,retest,short,58.25,444,14024.25,14046.653846153846,13995.125,22.403846153846153,False,win,1.3,1.3,74
2023-05-26,6am,failure,short,58.25,423,14024.25,14046.653846153846,13995.125,22.403846153846153,False,win,1.3,1.3,95
2023-05-26,7am,retest,long,29.5,529,14015.25,14003.903846153846,14030.0,11.346153846153845,False,loss,-1.0,-1.0,4
2023-05-29,6am,retest,long,29.0,427,14390.5,14379.346153846154,14405.0,11.153846153846153,False,loss,-1.0,-1.0,34
2023-05-29,7am,retest,long,18.5,484,14377.75,14370.634615384615,14387.0,7.115384615384615,False,win,1.3,1.3,17
2023-05-30,7am,retest,short,57.25,518,14539.75,14561.76923076923,14511.125,22.01923076923077,False,win,1.3,1.3,49
2023-05-31,6am,retest,long,26.5,572,14351.25,14341.057692307691,14364.5,10.192307692307692,True,loss,-1.0,-1.0,0
2023-05-31,6am,failure,short,26.5,421,14377.75,14387.942307692309,14364.5,10.192307692307692,False,win,1.3,1.3,8
2023-05-31,7am,retest,short,51.25,582,14381.5,14401.211538461539,14355.875,19.71153846153846,True,loss,-1.0,-1.0,3
2023-05-31,7am,retest,long,51.25,493,14330.25,14310.538461538461,14355.875,19.71153846153846,False,win,1.3,1.3,79
2023-06-01,7am,failure,short,32.5,607,14336.5,14349.0,14320.25,12.5,True,win,1.3,1.3,2
2023-06-02,6am,retest,short,28.5,460,14554.5,14565.461538461539,14540.25,10.961538461538462,False,win,1.3,0.0,32
2023-06-02,6am,failure,short,28.5,444,14554.5,14565.461538461539,14540.25,10.961538461538462,False,win,1.3,0.0,48
2023-06-02,7am,failure,long,35.5,511,14529.5,14515.846153846154,14547.25,13.653846153846153,False,loss,-1.0,-1.0,0
2023-06-05,6am,retest,short,25.25,425,14553.25,14562.961538461539,14540.625,9.711538461538462,False,loss,-1.0,-1.0,9
2023-06-05,7am,retest,short,19.0,540,14563.25,14570.557692307691,14553.75,7.3076923076923075,False,loss,-1.0,-1.0,2
2023-06-05,7am,failure,short,19.0,523,14563.25,14570.557692307691,14553.75,7.3076923076923075,False,loss,-1.0,0.0,19
2023-06-06,6am,retest,short,18.25,455,14582.25,14589.26923076923,14573.125,7.019230769230769,False,loss,-1.0,-1.0,4
2023-06-06,6am,failure,short,18.25,447,14582.25,14589.26923076923,14573.125,7.019230769230769,False,loss,-1.0,0.0,12
2023-06-06,6am,failure,long,18.25,569,14564.0,14556.98076923077,14573.125,7.019230769230769,False,loss,-1.0,-1.0,1
2023-06-06,7am,retest,long,20.75,496,14573.5,14565.51923076923,14583.875,7.980769230769231,False,loss,-1.0,0.0,10
2023-06-06,7am,failure,short,20.75,646,14594.25,14602.23076923077,14583.875,7.980769230769231,True,loss,-1.0,-1.0,3
2023-06-06,7am,failure,long,20.75,493,14573.5,14565.51923076923,14583.875,7.980769230769231,False,loss,-1.0,0.0,13
2023-06-07,6am,retest,short,26.25,425,14587.25,14597.346153846154,14574.125,10.096153846153845,False,loss,-1.0,-1.0,33
2023-06-07,7am,retest,long,31.25,618,14583.0,14570.98076923077,14598.625,12.019230769230768,True,loss,-1.0,0.0,4
2023-06-08,6am,retest,long,28.5,433,14324.75,14313.788461538461,14339.0,10.961538461538462,False,loss,-1.0,0.0,21
2023-06-08,6am,failure,long,28.5,429,14324.75,14313.788461538461,14339.0,10.961538461538462,False,loss,-1.0,0.0,25
2023-06-08,7am,retest,short,27.25,575,14336.25,14346.73076923077,14322.625,10.48076923076923,True,loss,-1.0,-1.0,0
2023-06-09,6am,retest,short,31.75,437,14515.75,14527.961538461539,14499.875,12.211538461538462,False,loss,-1.0,-1.0,30
2023-06-09,7am,retest,short,33.75,510,14530.0,14542.98076923077,14513.125,12.98076923076923,False,loss,-1.0,-1.0,1
2023-06-09,7am,failure,short,33.75,488,14530.0,14542.98076923077,14513.125,12.98076923076923,False,loss,-1.0,-1.0,1
2023-06-12,6am,retest,short,25.25,433,14805.75,14815.461538461539,14793.125,9.711538461538462,False,win,1.3,0.0,67
2023-06-12,6am,retest,long,25.25,610,14780.5,14770.788461538461,14793.125,9.711538461538462,True,loss,-1.0,-1.0,2
2023-06-12,6am,failure,short,25.25,427,14805.75,14815.461538461539,14793.125,9.711538461538462,False,win,1.3,0.0,73
2023-06-12,7am,retest,short,25.0,539,14814.25,14823.865384615385,14801.75,9.615384615384615,False,win,1.3,0.0,22
2023-06-12,7am,retest,long,25.0,504,14789.25,14779.634615384615,14801.75,9.615384615384615,False,win,1.3,1.3,10
2023-06-13,6am,retest,short,34.5,515,15054.0,15067.26923076923,15036.75,13.269230769230768,False,loss,-1.0,-1.0,1
2023-06-13,6am,retest,long,34.5,484,15019.5,15006.23076923077,15036.75,13.269230769230768,False,win,1.3,1.3,25
2023-06-13,6am,failure,long,34.5,459,15019.5,15006.23076923077,15036.75,13.269230769230768,False,loss,-1.0,-1.0,17
2023-06-13,7am,retest,long,40.5,623,15004.5,14988.923076923076,15024.75,15.576923076923077,True,loss,-1.0,0.0,4
2023-06-14,6am,retest,short,27.25,609,15137.5,15147.98076923077,15123.875,10.48076923076923,True,loss,-1.0,0.0,6
2023-06-14,6am,retest,long,27.25,525,15110.25,15099.76923076923,15123.875,10.48076923076923,False,loss,-1.0,-1.0,18
2023-06-14,7am,retest,long,17.25,525,15112.75,15106.115384615385,15121.375,6.634615384615384,False,loss,-1.0,-1.0,1
2023-06-14,7am,failure,long,17.25,519,15112.75,15106.115384615385,15121.375,6.634615384615384,False,loss,-1.0,0.0,1
2023-06-15,6am,failure,long,30.25,438,15082.5,15070.865384615385,15097.625,11.634615384615385,False,win,1.3,1.3,6
2023-06-16,6am,retest,short,29.0,428,15397.25,15408.403846153846,15382.75,11.153846153846153,False,loss,-1.0,-1.0,9
2023-06-16,6am,retest,long,29.0,592,15368.25,15357.096153846154,15382.75,11.153846153846153,True,loss,-1.0,0.0,1
2023-06-16,7am,retest,short,35.75,498,15424.0,15437.75,15406.125,13.75,False,loss,-1.0,-1.0,14
2023-06-16,7am,retest,long,35.75,579,15388.25,15374.5,15406.125,13.75,True,loss,-1.0,-1.0,1
2023-06-19,6am,retest,long,27.0,442,15251.25,15240.865384615385,15264.75,10.384615384615385,False,loss,-1.0,0.0,23
2023-06-19,7am,retest,long,22.5,488,15238.25,15229.596153846154,15249.5,8.653846153846153,False,win,1.3,1.3,4
2023-06-20,6am,retest,short,25.75,436,15213.5,15223.403846153846,15200.625,9.903846153846153,False,loss,-1.0,-1.0,25
2023-06-20,6am,retest,long,25.75,619,15187.75,15177.846153846154,15200.625,9.903846153846153,True,loss,-1.0,0.0,1
2023-06-20,7am,retest,short,26.5,500,15234.5,15244.692307692309,15221.25,10.192307692307692,False,loss,-1.0,-1.0,2
2023-06-20,7am,retest,long,26.5,742,15208.0,15197.807692307691,15221.25,10.192307692307692,True,win,1.3,1.3,2
2023-06-21,6am,failure,long,22.5,427,15237.25,15228.596153846154,15248.5,8.653846153846153,False,loss,-1.0,0.0,15
2023-06-21,7am,retest,long,26.5,485,15220.25,15210.057692307691,15233.5,10.192307692307692,False,loss,-1.0,-1.0,7
2023-06-22,6am,retest,short,46.25,579,15022.25,15040.038461538461,14999.125,17.788461538461537,True,loss,-1.0,0.0,3
2023-06-22,6am,retest,long,46.25,426,14976.0,14958.211538461539,14999.125,17.788461538461537,False,win,1.3,0.0,46
2023-06-22,6am,failure,long,46.25,421,14976.0,14958.211538461539,14999.125,17.788461538461537,False,win,1.3,0.0,51
2023-06-22,7am,retest,short,29.75,489,14999.75,15011.192307692309,14984.875,11.442307692307692,False,loss,-1.0,0.0,22
2023-06-23,6am,retest,short,25.5,431,15121.5,15131.307692307691,15108.75,9.807692307692307,False,loss,-1.0,-1.0,1
2023-06-23,6am,retest,long,25.5,737,15096.0,15086.192307692309,15108.75,9.807692307692307,True,win,1.3,0.0,9
2023-06-23,7am,retest,short,36.25,800,15145.75,15159.692307692309,15127.625,13.942307692307692,True,win,1.3,0.0,23
2023-06-23,7am,retest,long,36.25,503,15109.5,15095.557692307691,15127.625,13.942307692307692,False,loss,-1.0,-1.0,8
2023-06-23,7am,failure,long,36.25,496,15109.5,15095.557692307691,15127.625,13.942307692307692,False,loss,-1.0,-1.0,15
2023-06-26,6am,retest,short,19.75,487,15036.5,15044.096153846154,15026.625,7.596153846153846,False,loss,-1.0,0.0,4
2023-06-26,6am,failure,long,19.75,424,15016.75,15009.153846153846,15026.625,7.596153846153846,False,win,1.3,1.3,8
2023-06-26,7am,retest,short,37.75,503,15053.25,15067.76923076923,15034.375,14.519230769230768,False,loss,-1.0,-1.0,12
2023-06-26,7am,retest,long,37.75,697,15015.5,15000.98076923077,15034.375,14.519230769230768,True,loss,-1.0,0.0,4
2023-06-26,7am,failure,long,37.75,673,15015.5,15000.98076923077,15034.375,14.519230769230768,True,loss,-1.0,0.0,5
2023-06-27,6am,retest,long,23.0,445,14912.75,14903.903846153846,14924.25,8.846153846153847,False,loss,-1.0,-1.0,24
2023-06-27,6am,failure,short,23.0,520,14935.75,14944.596153846154,14924.25,8.846153846153847,False,win,1.3,1.3,3
2023-06-27,6am,failure,long,23.0,440,14912.75,14903.903846153846,14924.25,8.846153846153847,False,loss,-1.0,-1.0,29
2023-06-27,7am,retest,short,32.25,522,14930.5,14942.903846153846,14914.375,12.403846153846153,False,win,1.3,1.3,9
2023-06-27,7am,retest,long,32.25,614,14898.25,14885.846153846154,14914.375,12.403846153846153,True,win,1.3,1.3,1
2023-06-27,7am,failure,long,32.25,481,14898.25,14885.846153846154,14914.375,12.403846153846153,False,win,1.3,0.0,29
2023-06-28,6am,retest,long,25.25,524,15040.0,15030.288461538461,15052.625,9.711538461538462,False,loss,-1.0,0.0,43
2023-06-28,7am,retest,long,42.5,520,15046.25,15029.903846153846,15067.5,16.346153846153847,False,loss,-1.0,-1.0,47
2023-06-28,7am,failure,long,42.5,482,15046.25,15029.903846153846,15067.5,16.346153846153847,False,loss,-1.0,0.0,85
2023-06-29,6am,retest,long,29.5,520,15167.5,15156.153846153846,15182.25,11.346153846153845,False,loss,-1.0,-1.0,5
2023-06-29,7am,retest,long,22.75,522,15170.75,15162.0,15182.125,8.75,False,loss,-1.0,-1.0,1
2023-06-29,7am,failure,short,22.75,483,15193.5,15202.25,15182.125,8.75,False,win,1.3,1.3,3
2023-06-29,7am,failure,long,22.75,516,15170.75,15162.0,15182.125,8.75,False,loss,-1.0,-1.0,0
2023-06-30,6am,retest,short,21.75,498,15185.0,15193.365384615385,15174.125,8.365384615384615,False,loss,-1.0,-1.0,12
2023-06-30,6am,failure,short,21.75,495,15185.0,15193.365384615385,15174.125,8.365384615384615,False,loss,-1.0,-1.0,15
2023-06-30,7am,retest,short,19.25,499,15184.5,15191.903846153846,15174.875,7.403846153846153,False,loss,-1.0,-1.0,7
2023-06-30,7am,failure,short,19.25,495,15184.5,15191.903846153846,15174.875,7.403846153846153,False,loss,-1.0,-1.0,11
2023-07-03,6am,retest,long,30.75,468,15345.25,15333.423076923076,15360.625,11.826923076923077,False,loss,-1.0,-1.0,26
2023-07-03,6am,failure,short,30.75,588,15376.0,15387.826923076924,15360.625,11.826923076923077,True,loss,-1.0,-1.0,4
2023-07-03,6am,failure,long,30.75,461,15345.25,15333.423076923076,15360.625,11.826923076923077,False,loss,-1.0,-1.0,33
2023-07-03,7am,retest,short,31.75,587,15368.0,15380.211538461539,15352.125,12.211538461538462,True,loss,-1.0,0.0,1
2023-07-03,7am,retest,long,31.75,483,15336.25,15324.038461538461,15352.125,12.211538461538462,False,win,1.3,0.0,51
2023-07-03,7am,failure,short,31.75,573,15368.0,15380.211538461539,15352.125,12.211538461538462,True,win,1.3,1.3,3
2023-07-04,6am,retest,short,11.75,454,15352.5,15357.01923076923,15346.625,4.519230769230769,False,loss,-1.0,0.0,52
2023-07-04,6am,failure,short,11.75,452,15352.5,15357.01923076923,15346.625,4.519230769230769,False,loss,-1.0,0.0,54
2023-07-04,7am,retest,short,13.5,508,15356.25,15361.442307692309,15349.5,5.1923076923076925,False,loss,-1.0,0.0,54
2023-07-04,7am,failure,long,13.5,779,15342.75,15337.557692307691,15349.5,5.1923076923076925,True,eod,0.33703703703698257,0.33703703703698257,0
2023-07-05,6am,retest,short,32.25,556,15294.5,15306.903846153846,15278.375,12.403846153846153,False,loss,-1.0,0.0,14
2023-07-05,6am,failure,long,32.25,491,15262.25,15249.846153846154,15278.375,12.403846153846153,False,win,1.3,1.3,33
2023-07-05,7am,retest,short,22.75,557,15293.25,15302.0,15281.875,8.75,False,loss,-1.0,0.0,13
2023-07-05,7am,retest,long,22.75,495,15270.5,15261.75,15281.875,8.75,False,win,1.3,1.3,34
2023-07-05,7am,failure,short,22.75,554,15293.25,15302.0,15281.875,8.75,False,loss,-1.0,0.0,16
2023-07-06,6am,failure,short,25.75,450,15304.5,15314.403846153846,15291.625,9.903846153846153,False,win,1.3,1.3,11
2023-07-06,6am,failure,long,25.75,487,15278.75,15268.846153846154,15291.625,9.903846153846153,False,loss,-1.0,-1.0,4
2023-07-06,7am,failure,long,22.5,485,15282.5,15273.846153846154,15293.75,8.653846153846153,False,loss,-1.0,-1.0,3
2023-07-07,6am,retest,short,17.75,423,15215.5,15222.326923076924,15206.625,6.826923076923077,False,win,1.3,0.0,55
2023-07-07,7am,retest,short,15.5,524,15219.0,15224.961538461539,15211.25,5.961538461538462,False,loss,-1.0,-1.0,0
2023-07-07,7am,retest,long,15.5,545,15203.5,15197.538461538461,15211.25,5.961538461538462,False,loss,-1.0,0.0,1
2023-07-07,7am,failure,long,15.5,481,15203.5,15197.538461538461,15211.25,5.961538461538462,False,win,1.3,1.3,5
2023-07-10,6am,retest,short,25.75,425,15141.75,15151.653846153846,15128.875,9.903846153846153,False,loss,-1.0,-1.0,5
2023-07-10,6am,retest,long,25.75,594,15116.0,15106.096153846154,15128.875,9.903846153846153,True,loss,-1.0,-1.0,1
2023-07-10,7am,retest,short,41.5,505,15179.75,15195.711538461539,15159.0,15.961538461538462,False,win,1.3,1.3,22
2023-07-10,7am,retest,long,41.5,604,15138.25,15122.288461538461,15159.0,15.961538461538462,True,win,1.3,1.3,4
2023-07-10,7am,failure,long,41.5,590,15138.25,15122.288461538461,15159.0,15.961538461538462,True,loss,-1.0,0.0,1
2023-07-11,6am,retest,short,18.75,459,15221.5,15228.711538461539,15212.125,7.211538461538462,False,loss,-1.0,0.0,15
2023-07-11,6am,failure,short,18.75,446,15221.5,15228.711538461539,15212.125,7.211538461538462,False,loss,-1.0,-1.0,9
2023-07-11,6am,failure,long,18.75,421,15202.75,15195.538461538461,15212.125,7.211538461538462,False,win,1.3,1.3,2
2023-07-11,7am,retest,short,29.75,489,15231.0,15242.442307692309,15216.125,11.442307692307692,False,win,1.3,1.3,8
2023-07-11,7am,failure,long,29.75,567,15201.25,15189.807692307691,15216.125,11.442307692307692,False,loss,-1.0,0.0,4
2023-07-12,7am,failure,short,31.5,491,15316.5,15328.615384615385,15300.75,12.115384615384615,False,win,1.3,1.3,17
2023-07-13,6am,retest,short,22.0,489,15558.25,15566.711538461539,15547.25,8.461538461538462,False,loss,-1.0,0.0,21
2023-07-13,6am,failure,short,22.0,484,15558.25,15566.711538461539,15547.25,8.461538461538462,False,loss,-1.0,0.0,26
2023-07-13,7am,retest,short,18.5,504,15554.5,15561.615384615385,15545.25,7.115384615384615,False,loss,-1.0,-1.0,6
2023-07-13,7am,failure,long,18.5,516,15536.0,15528.884615384615,15545.25,7.115384615384615,False,loss,-1.0,0.0,1
2023-07-14,6am,retest,short,17.25,462,15703.0,15709.634615384615,15694.375,6.634615384615384,False,loss,-1.0,-1.0,3
2023-07-14,6am,retest,long,17.25,910,15685.75,15679.115384615385,15694.375,6.634615384615384,True,loss,-1.0,-1.0,0
2023-07-14,7am,retest,short,26.5,499,15717.25,15727.442307692309,15704.0,10.192307692307692,False,win,1.3,0.0,41
2023-07-14,7am,retest,long,26.5,918,15690.75,15680.557692307691,15704.0,10.192307692307692,True,loss,-1.0,-1.0,4
2023-07-14,7am,failure,short,26.5,486,15717.25,15727.442307692309,15704.0,10.192307692307692,False,win,1.3,0.0,54
2023-07-17,6am,retest,short,20.0,437,15698.75,15706.442307692309,15688.75,7.692307692307692,False,win,1.3,0.0,35
2023-07-17,6am,failure,short,20.0,428,15698.75,15706.442307692309,15688.75,7.692307692307692,False,win,1.3,0.0,44
2023-07-17,7am,retest,long,18.5,494,15685.25,15678.134615384615,15694.5,7.115384615384615,False,win,1.3,1.3,9
2023-07-17,7am,failure,short,18.5,512,15703.75,15710.865384615385,15694.5,7.115384615384615,False,win,1.3,1.3,3
2023-07-18,6am,failure,long,21.25,456,15813.0,15804.826923076924,15823.625,8.173076923076923,False,win,1.3,1.3,22
2023-07-18,7am,failure,long,20.75,513,15811.25,15803.26923076923,15821.625,7.980769230769231,False,loss,-1.0,0.0,2
2023-07-19,6am,retest,short,19.5,425,16005.5,16013.0,15995.75,7.5,False,win,1.3,1.3,7
2023-07-19,6am,retest,long,19.5,468,15986.0,15978.5,15995.75,7.5,False,win,1.3,1.3,16
2023-07-19,6am,failure,short,19.5,421,16005.5,16013.0,15995.75,7.5,False,win,1.3,1.3,11
2023-07-19,6am,failure,long,19.5,446,15986.0,15978.5,15995.75,7.5,False,win,1.3,1.3,2
2023-07-19,7am,retest,short,27.0,531,16008.75,16019.134615384615,15995.25,10.384615384615385,False,loss,-1.0,-1.0,39
2023-07-20,6am,retest,short,33.25,489,15865.5,15878.288461538461,15848.875,12.788461538461538,False,win,1.3,1.3,21
2023-07-20,6am,retest,long,33.25,528,15832.25,15819.461538461539,15848.875,12.788461538461538,False,loss,-1.0,-1.0,19
2023-07-20,6am,failure,short,33.25,471,15865.5,15878.288461538461,15848.875,12.788461538461538,False,win,1.3,1.3,39
2023-07-20,7am,retest,short,32.25,484,15870.0,15882.403846153846,15853.875,12.403846153846153,False,win,1.3,1.3,18
2023-07-20,7am,retest,long,32.25,537,15837.75,15825.346153846154,15853.875,12.403846153846153,False,loss,-1.0,-1.0,4
2023-07-20,7am,failure,long,32.25,521,15837.75,15825.346153846154,15853.875,12.403846153846153,False,loss,-1.0,-1.0,3
2023-07-21,6am,retest,short,29.5,423,15673.25,15684.596153846154,15658.5,11.346153846153845,False,win,1.3,1.3,27
2023-07-21,6am,retest,long,29.5,592,15643.75,15632.403846153846,15658.5,11.346153846153845,True,loss,-1.0,-1.0,0
2023-07-21,6am,failure,long,29.5,589,15643.75,15632.403846153846,15658.5,11.346153846153845,True,loss,-1.0,0.0,3
2023-07-21,7am,retest,long,31.0,618,15645.75,15633.826923076924,15661.25,11.923076923076923,True,loss,-1.0,-1.0,1
2023-07-21,7am,failure,long,31.0,589,15645.75,15633.826923076924,15661.25,11.923076923076923,True,loss,-1.0,-1.0,3
2023-07-24,6am,failure,short,14.25,437,15587.5,15592.98076923077,15580.375,5.480769230769231,False,win,1.3,1.3,3
2023-07-24,7am,retest,long,26.0,620,15563.5,15553.5,15576.5,10.0,True,win,1.3,1.3,1
2023-07-25,6am,failure,short,31.25,488,15623.5,15635.51923076923,15607.875,12.019230769230768,False,win,1.3,1.3,12
2023-07-25,6am,failure,long,31.25,559,15592.25,15580.23076923077,15607.875,12.019230769230768,False,win,1.3,1.3,11
2023-07-25,7am,retest,short,15.0,486,15618.0,15623.76923076923,15610.5,5.769230769230769,False,win,1.3,1.3,13
2023-07-25,7am,failure,short,15.0,481,15618.0,15623.76923076923,15610.5,5.769230769230769,False,loss,-1.0,-1.0,1
2023-07-25,7am,failure,long,15.0,503,15603.0,15597.23076923077,15610.5,5.769230769230769,False,win,1.3,0.0,14
2023-07-26,6am,retest,short,29.75,887,15649.75,15661.192307692309,15634.875,11.442307692307692,True,win,1.3,1.3,1
2023-07-26,6am,retest,long,29.75,501,15620.0,15608.557692307691,15634.875,11.442307692307692,False,win,1.3,1.3,10
2023-07-26,7am,retest,short,26.5,887,15647.0,15657.192307692309,15633.75,10.192307692307692,True,loss,-1.0,-1.0,0
2023-07-26,7am,retest,long,26.5,498,15620.5,15610.307692307691,15633.75,10.192307692307692,False,win,1.3,1.3,13
2023-07-26,7am,failure,long,26.5,486,15620.5,15610.307692307691,15633.75,10.192307692307692,False,loss,-1.0,-1.0,2
2023-07-27,6am,retest,short,16.75,460,15807.25,15813.692307692309,15798.875,6.4423076923076925,False,loss,-1.0,-1.0,5
2023-07-27,6am,retest,long,16.75,635,15790.5,15784.057692307691,15798.875,6.4423076923076925,True,loss,-1.0,-1.0,0
2023-07-27,6am,failure,short,16.75,455,15807.25,15813.692307692309,15798.875,6.4423076923076925,False,loss,-1.0,-1.0,10
2023-07-27,7am,retest,short,27.5,486,15818.0,15828.576923076924,15804.25,10.576923076923077,False,loss,-1.0,-1.0,8
2023-07-27,7am,retest,long,27.5,635,15790.5,15779.923076923076,15804.25,10.576923076923077,True,win,1.3,0.0,4
2023-07-28,6am,retest,short,30.75,443,15708.5,15720.326923076924,15693.125,11.826923076923077,False,loss,-1.0,-1.0,38
2023-07-28,7am,retest,short,33.5,495,15718.5,15731.384615384615,15701.75,12.884615384615385,False,loss,-1.0,-1.0,8
2023-07-28,7am,failure,short,33.5,481,15718.5,15731.384615384615,15701.75,12.884615384615385,False,loss,-1.0,-1.0,22
2023-07-31,6am,retest,short,18.75,423,15852.0,15859.211538461539,15842.625,7.211538461538462,False,loss,-1.0,-1.0,3
2023-07-31,7am,retest,short,25.0,489,15873.75,15883.365384615385,15861.25,9.615384615384615,False,loss,-1.0,0.0,29
2023-07-31,7am,retest,long,25.0,609,15848.75,15839.134615384615,15861.25,9.615384615384615,True,win,1.3,1.3,5
2023-08-01,6am,retest,short,22.0,423,15826.5,15834.961538461539,15815.5,8.461538461538462,False,win,1.3,1.3,11
2023-08-01,6am,retest,long,22.0,606,15804.5,15796.038461538461,15815.5,8.461538461538462,True,loss,-1.0,-1.0,0
2023-08-01,7am,retest,short,62.25,653,15828.75,15852.692307692309,15797.625,23.94230769230769,True,win,1.3,1.3,25
2023-08-01,7am,retest,long,62.25,516,15766.5,15742.557692307691,15797.625,23.94230769230769,False,win,1.3,1.3,45
2023-08-02,6am,retest,short,54.0,496,15693.5,15714.26923076923,15666.5,20.76923076923077,False,win,1.3,0.0,23
2023-08-02,6am,retest,long,54.0,574,15639.5,15618.73076923077,15666.5,20.76923076923077,True,loss,-1.0,-1.0,1
2023-08-02,7am,retest,long,29.75,499,15690.0,15678.557692307691,15704.875,11.442307692307692,False,loss,-1.0,0.0,15
2023-08-02,7am,failure,long,29.75,497,15690.0,15678.557692307691,15704.875,11.442307692307692,False,loss,-1.0,0.0,17
2023-08-03,6am,retest,long,33.75,449,15404.5,15391.51923076923,15421.375,12.98076923076923,False,win,1.3,1.3,3
2023-08-03,7am,retest,short,50.75,599,15445.5,15465.01923076923,15420.125,19.51923076923077,True,loss,-1.0,-1.0,3
2023-08-03,7am,retest,long,50.75,491,15394.75,15375.23076923077,15420.125,19.51923076923077,False,loss,-1.0,-1.0,13
2023-08-03,7am,failure,short,50.75,592,15445.5,15465.01923076923,15420.125,19.51923076923077,True,loss,-1.0,0.0,10
2023-08-03,7am,failure,long,50.75,485,15394.75,15375.23076923077,15420.125,19.51923076923077,False,loss,-1.0,-1.0,19
2023-08-04,6am,retest,short,43.25,546,15524.5,15541.134615384615,15502.875,16.634615384615383,False,win,1.3,1.3,19
2023-08-04,6am,retest,long,43.25,426,15481.25,15464.615384615385,15502.875,16.634615384615383,False,loss,-1.0,-1.0,22
2023-08-04,6am,failure,short,43.25,533,15524.5,15541.134615384615,15502.875,16.634615384615383,False,win,1.3,1.3,4
2023-08-04,7am,retest,short,60.5,528,15492.5,15515.76923076923,15462.25,23.26923076923077,False,loss,-1.0,-1.0,2
2023-08-04,7am,retest,long,60.5,519,15432.0,15408.73076923077,15462.25,23.26923076923077,False,win,1.3,1.3,2
2023-08-07,6am,retest,short,42.5,545,15437.25,15453.596153846154,15416.0,16.346153846153847,False,loss,-1.0,-1.0,25
2023-08-07,6am,retest,long,42.5,586,15394.75,15378.403846153846,15416.0,16.346153846153847,True,loss,-1.0,0.0,3
2023-08-07,7am,retest,short,16.25,520,15423.25,15429.5,15415.125,6.25,False,loss,-1.0,-1.0,2
2023-08-07,7am,failure,short,16.25,517,15423.25,15429.5,15415.125,6.25,False,loss,-1.0,-1.0,5
2023-08-07,7am,failure,long,16.25,498,15407.0,15400.75,15415.125,6.25,False,loss,-1.0,-1.0,1
2023-08-08,6am,failure,long,32.0,422,15397.0,15384.692307692309,15413.0,12.307692307692307,False,loss,-1.0,-1.0,5
2023-08-09,6am,retest,long,25.5,454,15381.75,15371.942307692309,15394.5,9.807692307692307,False,win,1.3,0.0,11
2023-08-09,7am,retest,short,40.25,486,15403.5,15418.98076923077,15383.375,15.48076923076923,False,win,1.3,1.3,10
2023-08-09,7am,retest,long,40.25,569,15363.25,15347.76923076923,15383.375,15.48076923076923,False,loss,-1.0,-1.0,3
2023-08-09,7am,failure,long,40.25,567,15363.25,15347.76923076923,15383.375,15.48076923076923,False,loss,-1.0,-1.0,5
2023-08-10,6am,failure,long,27.0,466,15257.0,15246.615384615385,15270.5,10.384615384615385,False,win,1.3,1.3,15
2023-08-11,6am,retest,short,32.75,430,15186.75,15199.346153846154,15170.375,12.596153846153845,False,win,1.3,0.0,44
2023-08-11,6am,retest,long,32.75,621,15154.0,15141.403846153846,15170.375,12.596153846153845,True,win,1.3,0.0,3
2023-08-11,6am,failure,short,32.75,425,15186.75,15199.346153846154,15170.375,12.596153846153845,False,win,1.3,0.0,49
2023-08-14,6am,retest,long,31.75,459,15135.75,15123.538461538461,15151.625,12.211538461538462,False,loss,-1.0,-1.0,5
2023-08-14,7am,retest,short,37.0,618,15155.75,15169.98076923077,15137.25,14.23076923076923,True,loss,-1.0,0.0,7
2023-08-14,7am,retest,long,37.0,593,15118.75,15104.51923076923,15137.25,14.23076923076923,True,loss,-1.0,-1.0,2
2023-08-15,6am,retest,short,63.25,563,15222.5,15246.826923076924,15190.875,24.326923076923077,False,loss,-1.0,-1.0,15
2023-08-15,6am,retest,long,63.25,684,15159.25,15134.923076923076,15190.875,24.326923076923077,True,win,1.3,1.3,17
2023-08-15,6am,failure,short,63.25,557,15222.5,15246.826923076924,15190.875,24.326923076923077,False,loss,-1.0,-1.0,21
2023-08-15,6am,failure,long,63.25,512,15159.25,15134.923076923076,15190.875,24.326923076923077,False,win,1.3,1.3,3
2023-08-15,7am,failure,long,41.25,512,15160.5,15144.634615384615,15181.125,15.865384615384615,False,win,1.3,1.3,2
2023-08-16,6am,retest,long,22.75,455,15106.25,15097.5,15117.625,8.75,False,loss,-1.0,0.0,13
2023-08-16,7am,retest,short,38.0,485,15115.25,15129.865384615385,15096.25,14.615384615384615,False,win,1.3,1.3,17
2023-08-16,7am,retest,long,38.0,546,15077.25,15062.634615384615,15096.25,14.615384615384615,False,loss,-1.0,0.0,25
2023-08-17,6am,retest,short,27.75,490,14984.0,14994.673076923076,14970.125,10.673076923076923,False,loss,-1.0,-1.0,20
2023-08-17,6am,retest,long,27.75,422,14956.25,14945.576923076924,14970.125,10.673076923076923,False,win,1.3,1.3,4
2023-08-17,6am,failure,short,27.75,468,14984.0,14994.673076923076,14970.125,10.673076923076923,False,loss,-1.0,0.0,42
2023-08-17,7am,failure,short,33.5,491,14986.5,14999.384615384615,14969.75,12.884615384615385,False,loss,-1.0,-1.0,21
2023-08-17,7am,failure,long,33.5,580,14953.0,14940.115384615385,14969.75,12.884615384615385,True,win,1.3,1.3,2
2023-08-18,6am,retest,short,37.5,728,14743.0,14757.423076923076,14724.25,14.423076923076923,True,win,1.3,1.3,5
2023-08-18,6am,retest,long,37.5,665,14705.5,14691.076923076924,14724.25,14.423076923076923,True,loss,-1.0,-1.0,2
2023-08-18,6am,failure,short,37.5,724,14743.0,14757.423076923076,14724.25,14.423076923076923,True,win,1.3,1.3,9
2023-08-18,6am,failure,long,37.5,424,14705.5,14691.076923076924,14724.25,14.423076923076923,False,loss,-1.0,-1.0,2
2023-08-18,7am,retest,short,76.5,739,14717.5,14746.923076923076,14679.25,29.423076923076923,True,loss,-1.0,-1.0,33
2023-08-18,7am,retest,long,76.5,506,14641.0,14611.576923076924,14679.25,29.423076923076923,False,win,1.3,0.0,82
2023-08-18,7am,failure,short,76.5,713,14717.5,14746.923076923076,14679.25,29.423076923076923,True,loss,-1.0,-1.0,14
2023-08-18,7am,failure,long,76.5,498,14641.0,14611.576923076924,14679.25,29.423076923076923,False,win,1.3,0.0,90
2023-08-21,6am,retest,short,27.25,468,14847.75,14858.23076923077,14834.125,10.48076923076923,False,loss,-1.0,-1.0,14
2023-08-21,6am,retest,long,27.25,573,14820.5,14810.01923076923,14834.125,10.48076923076923,True,win,1.3,1.3,1
2023-08-21,7am,retest,short,31.0,484,14853.5,14865.423076923076,14838.0,11.923076923076923,False,win,1.3,1.3,29
2023-08-21,7am,failure,short,31.0,481,14853.5,14865.423076923076,14838.0,11.923076923076923,False,win,1.3,1.3,32
2023-08-21,7am,failure,long,31.0,535,14822.5,14810.576923076924,14838.0,11.923076923076923,False,loss,-1.0,-1.0,10
2023-08-22,6am,retest,long,19.5,428,15060.0,15052.5,15069.75,7.5,False,win,1.3,0.0,9
2023-08-22,6am,failure,short,19.5,440,15079.5,15087.0,15069.75,7.5,False,loss,-1.0,-1.0,4
2023-08-22,7am,retest,short,52.5,495,15107.0,15127.192307692309,15080.75,20.19230769230769,False,win,1.3,1.3,61
2023-08-22,7am,retest,long,52.5,616,15054.5,15034.307692307691,15080.75,20.19230769230769,True,loss,-1.0,-1.0,1
2023-08-23,6am,retest,short,50.5,589,15060.75,15080.173076923076,15035.5,19.423076923076923,True,loss,-1.0,-1.0,7
2023-08-23,6am,retest,long,50.5,552,15010.25,14990.826923076924,15035.5,19.423076923076923,False,win,1.3,1.3,19
2023-08-23,6am,failure,long,50.5,422,15010.25,14990.826923076924,15035.5,19.423076923076923,False,loss,-1.0,-1.0,3
2023-08-23,7am,retest,short,65.0,573,15022.25,15047.25,14989.75,25.0,True,loss,-1.0,0.0,12
2023-08-23,7am,failure,short,65.0,571,15022.25,15047.25,14989.75,25.0,True,loss,-1.0,0.0,14
2023-08-24,6am,retest,short,28.0,449,15383.25,15394.01923076923,15369.25,10.769230769230768,False,win,1.3,0.0,15
2023-08-24,6am,retest,long,28.0,489,15355.25,15344.48076923077,15369.25,10.769230769230768,False,loss,-1.0,-1.0,5
2023-08-25,6am,retest,short,36.75,546,14889.5,14903.634615384615,14871.125,14.134615384615383,False,loss,-1.0,0.0,24
2023-08-25,6am,retest,long,36.75,638,14852.75,14838.615384615385,14871.125,14.134615384615383,True,win,1.3,1.3,1
2023-08-25,7am,retest,short,29.5,551,14886.0,14897.346153846154,14871.25,11.346153846153845,False,loss,-1.0,-1.0,4
2023-08-25,7am,retest,long,29.5,638,14856.5,14845.153846153846,14871.25,11.346153846153845,True,win,1.3,1.3,1
2023-08-28,6am,retest,short,26.75,427,15020.75,15031.038461538461,15007.375,10.288461538461538,False,loss,-1.0,0.0,27
2023-08-28,6am,retest,long,26.75,708,14994.0,14983.711538461539,15007.375,10.288461538461538,True,loss,-1.0,0.0,4
2023-08-28,6am,failure,long,26.75,706,14994.0,14983.711538461539,15007.375,10.288461538461538,True,loss,-1.0,0.0,6
2023-08-29,6am,retest,long,31.0,446,15083.25,15071.326923076924,15098.75,11.923076923076923,False,loss,-1.0,-1.0,12
2023-08-29,6am,failure,long,31.0,422,15083.25,15071.326923076924,15098.75,11.923076923076923,False,loss,-1.0,0.0,36
2023-08-29,7am,retest,short,27.25,579,15095.0,15105.48076923077,15081.375,10.48076923076923,True,loss,-1.0,0.0,2
2023-08-29,7am,retest,long,27.25,525,15067.75,15057.26923076923,15081.375,10.48076923076923,False,win,1.3,0.0,24
2023-08-29,7am,failure,short,27.25,574,15095.0,15105.48076923077,15081.375,10.48076923076923,True,loss,-1.0,-1.0,0
2023-08-30,6am,retest,short,26.25,468,15398.5,15408.596153846154,15385.375,10.096153846153845,False,win,1.3,1.3,13
2023-08-30,7am,retest,short,25.5,495,15406.75,15416.557692307691,15394.0,9.807692307692307,False,loss,-1.0,-1.0,0
2023-08-30,7am,failure,short,25.5,491,15406.75,15416.557692307691,15394.0,9.807692307692307,False,loss,-1.0,0.0,4
2023-08-31,6am,retest,short,25.25,546,15491.5,15501.211538461539,15478.875,9.711538461538462,False,loss,-1.0,0.0,24
2023-08-31,6am,failure,short,25.25,436,15491.5,15501.211538461539,15478.875,9.711538461538462,False,loss,-1.0,-1.0,10
2023-08-31,7am,retest,short,57.5,504,15529.75,15551.865384615385,15501.0,22.115384615384613,False,win,1.3,1.3,6
2023-08-31,7am,failure,short,57.5,496,15529.75,15551.865384615385,15501.0,22.115384615384613,False,win,1.3,1.3,14
2023-09-01,6am,retest,short,20.75,434,15568.25,15576.23076923077,15557.875,7.980769230769231,False,loss,-1.0,-1.0,11
2023-09-01,6am,failure,short,20.75,425,15568.25,15576.23076923077,15557.875,7.980769230769231,False,loss,-1.0,0.0,20
2023-09-01,7am,retest,long,23.25,600,15558.25,15549.307692307691,15569.875,8.942307692307692,True,loss,-1.0,-1.0,0
2023-09-04,6am,retest,short,17.75,580,15570.5,15577.326923076924,15561.625,6.826923076923077,True,loss,-1.0,0.0,12
2023-09-04,6am,retest,long,17.75,451,15552.75,15545.923076923076,15561.625,6.826923076923077,False,win,1.3,0.0,38
2023-09-04,7am,retest,short,15.75,605,15566.25,15572.307692307691,15558.375,6.0576923076923075,True,win,1.3,1.3,2
2023-09-04,7am,retest,long,15.75,533,15550.5,15544.442307692309,15558.375,6.0576923076923075,False,win,1.3,1.3,37
2023-09-05,6am,retest,short,28.25,535,15489.25,15500.115384615385,15475.125,10.865384615384615,False,win,1.3,0.0,10
2023-09-05,6am,retest,long,28.25,426,15461.0,15450.134615384615,15475.125,10.865384615384615,False,loss,-1.0,-1.0,7
2023-09-05,6am,failure,short,28.25,530,15489.25,15500.115384615385,15475.125,10.865384615384615,False,win,1.3,0.0,15
2023-09-05,7am,retest,short,35.75,538,15480.0,15493.75,15462.125,13.75,False,loss,-1.0,-1.0,1
2023-09-06,6am,retest,short,14.75,463,15495.5,15501.173076923076,15488.125,5.6730769230769225,False,win,1.3,0.0,18
2023-09-06,6am,retest,long,14.75,520,15480.75,15475.076923076924,15488.125,5.6730769230769225,False,win,1.3,1.3,6
2023-09-06,6am,failure,long,14.75,516,15480.75,15475.076923076924,15488.125,5.6730769230769225,False,loss,-1.0,-1.0,0
2023-09-06,7am,failure,long,28.5,516,15482.0,15471.038461538461,15496.25,10.961538461538462,False,win,1.3,1.3,18
2023-09-07,6am,retest,long,30.5,461,15288.5,15276.76923076923,15303.75,11.73076923076923,False,loss,-1.0,-1.0,19
2023-09-07,7am,retest,long,37.75,484,15274.75,15260.23076923077,15293.625,14.519230769230768,False,loss,-1.0,0.0,15
2023-09-08,6am,retest,short,34.25,432,15264.0,15277.173076923076,15246.875,13.173076923076923,False,win,1.3,1.3,4
2023-09-08,6am,retest,long,34.25,467,15229.75,15216.576923076924,15246.875,13.173076923076923,False,win,1.3,1.3,13
2023-09-08,6am,failure,short,34.25,428,15264.0,15277.173076923076,15246.875,13.173076923076923,False,win,1.3,1.3,8
2023-09-08,6am,failure,long,34.25,460,15229.75,15216.576923076924,15246.875,13.173076923076923,False,win,1.3,0.0,20
2023-09-08,7am,retest,short,45.5,905,15268.5,15286.0,15245.75,17.5,True,loss,-1.0,0.0,50
2023-09-11,6am,retest,short,25.75,423,15590.25,15600.153846153846,15577.375,9.903846153846153,False,loss,-1.0,0.0,27
2023-09-11,6am,retest,long,25.75,591,15564.5,15554.596153846154,15577.375,9.903846153846153,True,win,1.3,0.0,1
2023-09-11,6am,failure,short,25.75,421,15590.25,15600.153846153846,15577.375,9.903846153846153,False,loss,-1.0,0.0,29
2023-09-11,7am,retest,short,34.25,502,15613.75,15626.923076923076,15596.625,13.173076923076923,False,loss,-1.0,0.0,39
2023-09-11,7am,retest,long,34.25,593,15579.5,15566.326923076924,15596.625,13.173076923076923,True,loss,-1.0,0.0,5
2023-09-11,7am,failure,short,34.25,491,15613.75,15626.923076923076,15596.625,13.173076923076923,False,loss,-1.0,0.0,50
2023-09-11,7am,failure,long,34.25,581,15579.5,15566.326923076924,15596.625,13.173076923076923,True,loss,-1.0,0.0,5
2023-09-12,6am,retest,long,22.5,518,15632.0,15623.346153846154,15643.25,8.653846153846153,False,win,1.3,1.3,2
2023-09-12,6am,failure,short,22.5,598,15654.5,15663.153846153846,15643.25,8.653846153846153,True,win,1.3,1.3,2
2023-09-12,7am,retest,short,33.0,600,15651.25,15663.942307692309,15634.75,12.692307692307692,True,win,1.3,1.3,1
2023-09-12,7am,retest,long,33.0,482,15618.25,15605.557692307691,15634.75,12.692307692307692,False,win,1.3,1.3,37
2023-09-12,7am,failure,short,33.0,597,15651.25,15663.942307692309,15634.75,12.692307692307692,True,win,1.3,1.3,4
2023-09-13,6am,retest,short,33.25,461,15490.0,15502.788461538461,15473.375,12.788461538461538,False,loss,-1.0,-1.0,13
2023-09-13,7am,retest,short,50.0,496,15510.75,15529.98076923077,15485.75,19.23076923076923,False,win,1.3,0.0,14
2023-09-13,7am,failure,short,50.0,493,15510.75,15529.98076923077,15485.75,19.23076923076923,False,win,1.3,0.0,17
2023-09-14,6am,retest,short,31.5,431,15626.0,15638.115384615385,15610.25,12.115384615384615,False,win,1.3,1.3,23
2023-09-14,6am,retest,long,31.5,514,15594.5,15582.384615384615,15610.25,12.115384615384615,False,loss,-1.0,-1.0,1
2023-09-14,7am,retest,short,32.25,500,15631.5,15643.903846153846,15615.375,12.403846153846153,False,win,1.3,1.3,3
2023-09-15,6am,failure,short,21.0,423,15671.0,15679.076923076924,15660.5,8.076923076923077,False,win,1.3,1.3,12
2023-09-15,6am,failure,long,21.0,482,15650.0,15641.923076923076,15660.5,8.076923076923077,False,win,1.3,1.3,4
2023-09-15,7am,failure,long,22.75,482,15650.0,15641.25,15661.375,8.75,False,win,1.3,1.3,6
2023-09-18,6am,failure,short,19.75,577,15421.5,15429.096153846154,15411.625,7.596153846153846,True,loss,-1.0,-1.0,0
2023-09-18,7am,retest,short,84.75,580,15415.25,15447.846153846154,15372.875,32.59615384615385,True,win,1.3,1.3,7
2023-09-18,7am,failure,short,84.75,576,15415.25,15447.846153846154,15372.875,32.59615384615385,True,win,1.3,1.3,11
2023-09-19,6am,retest,long,13.75,423,15427.5,15422.211538461539,15434.375,5.288461538461538,False,win,1.3,0.0,5
2023-09-19,6am,failure,long,13.75,421,15427.5,15422.211538461539,15434.375,5.288461538461538,False,win,1.3,0.0,7
2023-09-19,7am,retest,long,24.75,496,15417.5,15407.98076923077,15429.875,9.519230769230768,False,loss,-1.0,-1.0,2
2023-09-20,6am,retest,short,18.75,438,15406.75,15413.961538461539,15397.375,7.211538461538462,False,win,1.3,1.3,9
2023-09-20,6am,failure,short,18.75,433,15406.75,15413.961538461539,15397.375,7.211538461538462,False,win,1.3,1.3,14
2023-09-20,7am,retest,short,19.75,508,15412.25,15419.846153846154,15402.375,7.596153846153846,False,win,1.3,1.3,8
2023-09-21,6am,failure,long,27.0,424,15017.5,15007.115384615385,15031.0,10.384615384615385,False,loss,-1.0,-1.0,7
2023-09-21,7am,retest,long,55.75,495,14981.0,14959.557692307691,15008.875,21.44230769230769,False,loss,-1.0,-1.0,15
2023-09-22,6am,retest,short,21.75,482,14939.75,14948.115384615385,14928.875,8.365384615384615,False,loss,-1.0,0.0,11
2023-09-22,6am,retest,long,21.75,429,14918.0,14909.634615384615,14928.875,8.365384615384615,False,win,1.3,0.0,51
2023-09-25,6am,retest,short,38.0,599,14874.5,14889.115384615385,14855.5,14.615384615384615,True,win,1.3,1.3,3
2023-09-25,6am,retest,long,38.0,460,14836.5,14821.884615384615,14855.5,14.615384615384615,False,loss,-1.0,-1.0,8
2023-09-25,7am,retest,short,57.5,606,14870.75,14892.865384615385,14842.0,22.115384615384613,True,win,1.3,1.3,2
2023-09-25,7am,failure,short,57.5,587,14870.75,14892.865384615385,14842.0,22.115384615384613,True,loss,-1.0,0.0,9
2023-09-25,7am,failure,long,57.5,501,14813.25,14791.134615384615,14842.0,22.115384615384613,False,win,1.3,1.3,24
2023-09-26,6am,retest,short,33.25,468,14871.75,14884.538461538461,14855.125,12.788461538461538,False,loss,-1.0,-1.0,15
2023-09-26,6am,retest,long,33.25,559,14838.5,14825.711538461539,14855.125,12.788461538461538,False,loss,-1.0,-1.0,6
2023-09-26,6am,failure,long,33.25,545,14838.5,14825.711538461539,14855.125,12.788461538461538,False,loss,-1.0,-1.0,20
2023-09-26,7am,retest,short,47.5,490,14888.75,14907.01923076923,14865.0,18.26923076923077,False,win,1.3,1.3,18
2023-09-26,7am,retest,long,47.5,540,14841.25,14822.98076923077,14865.0,18.26923076923077,False,loss,-1.0,-1.0,28
2023-09-26,7am,failure,short,47.5,488,14888.75,14907.01923076923,14865.0,18.26923076923077,False,win,1.3,1.3,20
2023-09-27,6am,retest,short,24.25,435,14768.5,14777.826923076924,14756.375,9.326923076923077,False,loss,-1.0,-1.0,15
2023-09-27,6am,retest,long,24.25,506,14744.25,14734.923076923076,14756.375,9.326923076923077,False,loss,-1.0,0.0,4
2023-09-27,6am,failure,short,24.25,430,14768.5,14777.826923076924,14756.375,9.326923076923077,False,loss,-1.0,-1.0,20
2023-09-27,7am,retest,short,30.75,591,14778.25,14790.076923076924,14762.875,11.826923076923077,True,win,1.3,0.0,6
2023-09-27,7am,retest,long,30.75,509,14747.5,14735.673076923076,14762.875,11.826923076923077,False,loss,-1.0,-1.0,1
2023-09-27,7am,failure,short,30.75,550,14778.25,14790.076923076924,14762.875,11.826923076923077,False,win,1.3,1.3,15
2023-09-28,6am,retest,long,29.5,431,14715.5,14704.153846153846,14730.25,11.346153846153845,False,loss,-1.0,0.0,19
2023-09-28,7am,retest,short,49.75,490,14731.75,14750.884615384615,14706.875,19.134615384615383,False,loss,-1.0,-1.0,20
2023-09-28,7am,failure,short,49.75,488,14731.75,14750.884615384615,14706.875,19.134615384615383,False,loss,-1.0,-1.0,22
2023-09-29,6am,retest,short,28.75,626,14974.75,14985.807692307691,14960.375,11.057692307692307,True,loss,-1.0,-1.0,0
2023-09-29,6am,retest,long,28.75,448,14946.0,14934.942307692309,14960.375,11.057692307692307,False,loss,-1.0,-1.0,6
2023-09-29,6am,failure,long,28.75,437,14946.0,14934.942307692309,14960.375,11.057692307692307,False,loss,-1.0,0.0,17
2023-09-29,7am,retest,short,40.75,498,14961.0,14976.673076923076,14940.625,15.673076923076923,False,loss,-1.0,-1.0,12
2023-09-29,7am,failure,long,40.75,713,14920.25,14904.576923076924,14940.625,15.673076923076923,True,win,1.3,0.0,3
2023-10-02,6am,retest,short,28.5,728,14906.75,14917.711538461539,14892.5,10.961538461538462,True,win,1.3,1.3,1
2023-10-02,6am,retest,long,28.5,471,14878.25,14867.288461538461,14892.5,10.961538461538462,False,loss,-1.0,-1.0,10
2023-10-02,6am,failure,short,28.5,445,14906.75,14917.711538461539,14892.5,10.961538461538462,False,win,1.3,1.3,9
2023-10-02,7am,retest,short,41.5,728,14907.5,14923.461538461539,14886.75,15.961538461538462,True,win,1.3,1.3,1
2023-10-02,7am,retest,long,41.5,495,14866.0,14850.038461538461,14886.75,15.961538461538462,False,loss,-1.0,-1.0,6
2023-10-03,7am,retest,long,84.25,496,14884.75,14852.346153846154,14926.875,32.40384615384615,False,loss,-1.0,-1.0,26
2023-10-03,7am,failure,short,84.25,596,14969.0,15001.403846153846,14926.875,32.40384615384615,True,win,1.3,1.3,4
2023-10-04,7am,retest,short,60.75,568,14753.75,14777.115384615385,14723.375,23.365384615384613,False,loss,-1.0,-1.0,2
2023-10-05,6am,retest,short,56.0,448,14920.5,14942.038461538461,14892.5,21.538461538461537,False,loss,-1.0,-1.0,13
2023-10-05,6am,failure,long,56.0,518,14864.5,14842.961538461539,14892.5,21.538461538461537,False,win,1.3,0.0,18
2023-10-05,7am,retest,short,54.75,484,14947.75,14968.807692307691,14920.375,21.057692307692307,False,win,1.3,1.3,20
2023-10-05,7am,retest,long,54.75,543,14893.0,14871.942307692309,14920.375,21.057692307692307,False,win,1.3,0.0,32
2023-10-05,7am,failure,long,54.75,514,14893.0,14871.942307692309,14920.375,21.057692307692307,False,loss,-1.0,-1.0,3
2023-10-06,6am,retest,short,39.0,672,14922.0,14937.0,14902.5,15.0,True,loss,-1.0,-1.0,1
2023-10-06,6am,retest,long,39.0,475,14883.0,14868.0,14902.5,15.0,False,loss,-1.0,0.0,35
2023-10-06,6am,failure,short,39.0,668,14922.0,14937.0,14902.5,15.0,True,loss,-1.0,-1.0,2
2023-10-06,7am,retest,short,43.75,667,14916.0,14932.826923076924,14894.125,16.826923076923077,True,loss,-1.0,-1.0,2
2023-10-06,7am,retest,long,43.75,633,14872.25,14855.423076923076,14894.125,16.826923076923077,True,loss,-1.0,0.0,10
2023-10-09,6am,retest,long,26.5,431,14995.0,14984.807692307691,15008.25,10.192307692307692,False,loss,-1.0,-1.0,7
2023-10-09,6am,failure,long,26.5,426,14995.0,14984.807692307691,15008.25,10.192307692307692,False,loss,-1.0,-1.0,1
2023-10-09,7am,retest,short,27.25,502,15005.25,15015.73076923077,14991.625,10.48076923076923,False,loss,-1.0,-1.0,5
2023-10-09,7am,failure,long,27.25,521,14978.0,14967.51923076923,14991.625,10.48076923076923,False,win,1.3,1.3,5
2023-10-10,6am,retest,long,22.75,583,15215.0,15206.25,15226.375,8.75,True,loss,-1.0,0.0,1
2023-10-11,6am,retest,short,27.5,426,15328.0,15338.576923076924,15314.25,10.576923076923077,False,loss,-1.0,-1.0,3
2023-10-11,6am,failure,short,27.5,423,15328.0,15338.576923076924,15314.25,10.576923076923077,False,loss,-1.0,-1.0,6
2023-10-11,7am,retest,short,24.0,585,15345.75,15354.98076923077,15333.75,9.23076923076923,True,loss,-1.0,0.0,1
2023-10-11,7am,retest,long,24.0,516,15321.75,15312.51923076923,15333.75,9.23076923076923,False,loss,-1.0,0.0,1
2023-10-12,6am,retest,short,15.0,614,15447.5,15453.26923076923,15440.0,5.769230769230769,True,win,1.3,1.3,1
2023-10-12,6am,retest,long,15.0,443,15432.5,15426.73076923077,15440.0,5.769230769230769,False,loss,-1.0,0.0,21
2023-10-12,7am,retest,long,20.0,607,15422.25,15414.557692307691,15432.25,7.692307692307692,True,win,1.3,0.0,3
2023-10-13,6am,retest,short,36.5,426,15253.75,15267.788461538461,15235.5,14.038461538461538,False,loss,-1.0,-1.0,22
2023-10-13,6am,failure,long,36.5,652,15217.25,15203.211538461539,15235.5,14.038461538461538,True,loss,-1.0,-1.0,1
2023-10-13,7am,retest,short,32.0,509,15276.0,15288.307692307691,15260.0,12.307692307692307,False,loss,-1.0,-1.0,1
2023-10-16,6am,retest,short,39.5,448,15130.5,15145.692307692309,15110.75,15.192307692307692,False,loss,-1.0,-1.0,11
2023-10-16,6am,failure,short,39.5,421,15130.5,15145.692307692309,15110.75,15.192307692307692,False,loss,-1.0,0.0,38
2023-10-16,7am,retest,short,45.0,525,15156.75,15174.057692307691,15134.25,17.307692307692307,False,loss,-1.0,-1.0,6
2023-10-17,6am,retest,long,32.25,453,15241.0,15228.596153846154,15257.125,12.403846153846153,False,loss,-1.0,0.0,35
2023-10-17,6am,failure,long,32.25,425,15241.0,15228.596153846154,15257.125,12.403846153846153,False,loss,-1.0,-1.0,4
2023-10-17,7am,retest,long,28.5,510,15224.5,15213.538461538461,15238.75,10.961538461538462,False,loss,-1.0,-1.0,0
2023-10-17,7am,failure,long,28.5,489,15224.5,15213.538461538461,15238.75,10.961538461538462,False,loss,-1.0,0.0,21
2023-10-18,6am,retest,long,39.25,529,15137.75,15122.653846153846,15157.375,15.096153846153845,False,win,1.3,0.0,44
2023-10-18,7am,retest,short,26.0,505,15169.5,15179.5,15156.5,10.0,False,win,1.3,0.0,8
2023-10-18,7am,retest,long,26.0,544,15143.5,15133.5,15156.5,10.0,False,loss,-1.0,-1.0,21
2023-10-18,7am,failure,short,26.0,499,15169.5,15179.5,15156.5,10.0,False,win,1.3,0.0,14
2023-10-18,7am,failure,long,26.0,523,15143.5,15133.5,15156.5,10.0,False,loss,-1.0,-1.0,8
2023-10-19,6am,retest,long,35.5,449,15034.0,15020.346153846154,15051.75,13.653846153846153,False,win,1.3,0.0,54
2023-10-19,6am,failure,long,35.5,439,15034.0,15020.346153846154,15051.75,13.653846153846153,False,win,1.3,0.0,64
2023-10-19,7am,retest,short,43.25,513,15065.25,15081.884615384615,15043.625,16.634615384615383,False,loss,-1.0,0.0,4
2023-10-20,6am,retest,short,29.75,443,14853.75,14865.192307692309,14838.875,11.442307692307692,False,win,1.3,0.0,19
2023-10-20,6am,retest,long,29.75,513,14824.0,14812.557692307691,14838.875,11.442307692307692,False,win,1.3,0.0,43
2023-10-20,6am,failure,short,29.75,431,14853.75,14865.192307692309,14838.875,11.442307692307692,False,win,1.3,0.0,31
2023-10-20,6am,failure,long,29.75,501,14824.0,14812.557692307691,14838.875,11.442307692307692,False,loss,-1.0,-1.0,3
2023-10-20,7am,retest,short,46.25,583,14870.5,14888.288461538461,14847.375,17.788461538461537,True,win,1.3,1.3,2
2023-10-20,7am,retest,long,46.25,503,14824.25,14806.461538461539,14847.375,17.788461538461537,False,loss,-1.0,-1.0,2
2023-10-20,7am,failure,long,46.25,501,14824.25,14806.461538461539,14847.375,17.788461538461537,False,loss,-1.0,-1.0,4
2023-10-23,6am,retest,short,45.5,422,14577.5,14595.0,14554.75,17.5,False,loss,-1.0,0.0,36
2023-10-23,6am,retest,long,45.5,583,14532.0,14514.5,14554.75,17.5,True,loss,-1.0,-1.0,0
2023-10-23,7am,retest,short,52.75,516,14617.0,14637.288461538461,14590.625,20.288461538461537,False,win,1.3,0.0,57
2023-10-23,7am,failure,long,52.75,576,14564.25,14543.961538461539,14590.625,20.288461538461537,True,loss,-1.0,-1.0,0
2023-10-24,6am,retest,short,30.5,443,14811.5,14823.23076923077,14796.25,11.73076923076923,False,win,1.3,1.3,38
2023-10-24,6am,failure,long,30.5,546,14781.0,14769.26923076923,14796.25,11.73076923076923,False,loss,-1.0,0.0,14
2023-10-24,7am,retest,long,27.75,490,14790.5,14779.826923076924,14804.375,10.673076923076923,False,win,1.3,1.3,10
2023-10-25,6am,retest,short,40.5,423,14772.25,14787.826923076924,14752.0,15.576923076923077,False,loss,-1.0,-1.0,69
2023-10-25,7am,retest,short,21.5,498,14783.75,14792.01923076923,14773.0,8.269230769230768,False,win,1.3,0.0,17
2023-10-25,7am,retest,long,21.5,521,14762.25,14753.98076923077,14773.0,8.269230769230768,False,loss,-1.0,-1.0,2
2023-10-25,7am,failure,short,21.5,493,14783.75,14792.01923076923,14773.0,8.269230769230768,False,win,1.3,0.0,22
2023-10-26,6am,retest,short,41.25,589,14367.0,14382.865384615385,14346.375,15.865384615384615,True,win,1.3,0.0,1
2023-10-26,6am,retest,long,41.25,430,14325.75,14309.884615384615,14346.375,15.865384615384615,False,loss,-1.0,-1.0,22
2023-10-26,6am,failure,short,41.25,511,14367.0,14382.865384615385,14346.375,15.865384615384615,False,loss,-1.0,-1.0,2
2023-10-26,7am,retest,short,34.5,492,14337.0,14350.26923076923,14319.75,13.269230769230768,False,loss,-1.0,-1.0,5
2023-10-26,7am,retest,long,34.5,612,14302.5,14289.23076923077,14319.75,13.269230769230768,True,loss,-1.0,-1.0,0
2023-10-26,7am,failure,short,34.5,484,14337.0,14350.26923076923,14319.75,13.269230769230768,False,loss,-1.0,-1.0,13
2023-10-27,6am,retest,short,29.75,586,14340.0,14351.442307692309,14325.125,11.442307692307692,True,win,1.3,0.0,1
2023-10-27,6am,retest,long,29.75,429,14310.25,14298.807692307691,14325.125,11.442307692307692,False,loss,-1.0,-1.0,2
2023-10-27,6am,failure,long,29.75,425,14310.25,14298.807692307691,14325.125,11.442307692307692,False,loss,-1.0,0.0,6
2023-10-27,7am,retest,short,44.5,532,14321.0,14338.115384615385,14298.75,17.115384615384613,False,loss,-1.0,0.0,38
2023-10-27,7am,failure,short,44.5,515,14321.0,14338.115384615385,14298.75,17.115384615384613,False,win,1.3,1.3,5
2023-10-27,7am,failure,long,44.5,481,14276.5,14259.384615384615,14298.75,17.115384615384613,False,win,1.3,1.3,15
2023-10-30,6am,retest,short,19.5,475,14380.75,14388.25,14371.0,7.5,False,win,1.3,1.3,9
2023-10-30,6am,retest,long,19.5,526,14361.25,14353.75,14371.0,7.5,False,loss,-1.0,-1.0,1
2023-10-30,6am,failure,long,19.5,510,14361.25,14353.75,14371.0,7.5,False,loss,-1.0,0.0,17
2023-10-30,7am,retest,short,27.75,576,14391.5,14402.173076923076,14377.625,10.673076923076923,True,loss,-1.0,0.0,1
2023-10-30,7am,retest,long,27.75,509,14363.75,14353.076923076924,14377.625,10.673076923076923,False,loss,-1.0,-1.0,18
2023-10-31,6am,retest,short,28.0,437,14438.5,14449.26923076923,14424.5,10.769230769230768,False,win,1.3,1.3,27
2023-10-31,6am,retest,long,28.0,521,14410.5,14399.73076923077,14424.5,10.769230769230768,False,win,1.3,0.0,6
2023-10-31,7am,retest,short,28.5,503,14448.75,14459.711538461539,14434.5,10.961538461538462,False,win,1.3,1.3,7
2023-10-31,7am,retest,long,28.5,530,14420.25,14409.288461538461,14434.5,10.961538461538462,False,loss,-1.0,0.0,23
2023-11-01,6am,retest,short,26.0,508,14443.0,14453.0,14430.0,10.0,False,loss,-1.0,-1.0,2
2023-11-01,6am,retest,long,26.0,478,14417.0,14407.0,14430.0,10.0,False,win,1.3,1.3,8
2023-11-01,6am,failure,short,26.0,425,14443.0,14453.0,14430.0,10.0,False,win,1.3,1.3,15
2023-11-01,6am,failure,long,26.0,466,14417.0,14407.0,14430.0,10.0,False,win,1.3,1.3,20
2023-11-01,7am,retest,short,33.25,498,14444.0,14456.788461538461,14427.375,12.788461538461538,False,loss,-1.0,0.0,12
2023-11-01,7am,failure,short,33.25,496,14444.0,14456.788461538461,14427.375,12.788461538461538,False,loss,-1.0,0.0,14
2023-11-02,6am,retest,short,21.75,436,14867.25,14875.615384615385,14856.375,8.365384615384615,False,loss,-1.0,0.0,24
2023-11-02,6am,failure,short,21.75,434,14867.25,14875.615384615385,14856.375,8.365384615384615,False,loss,-1.0,0.0,26
2023-11-02,7am,retest,short,29.25,611,14885.5,14896.75,14870.875,11.25,True,win,1.3,0.0,2
2023-11-02,7am,failure,short,29.25,485,14885.5,14896.75,14870.875,11.25,False,loss,-1.0,-1.0,4
2023-11-03,6am,retest,short,18.0,501,14955.5,14962.423076923076,14946.5,6.9230769230769225,False,loss,-1.0,-1.0,3
2023-11-03,6am,retest,long,18.0,437,14937.5,14930.576923076924,14946.5,6.9230769230769225,False,win,1.3,1.3,9
2023-11-03,6am,failure,short,18.0,455,14955.5,14962.423076923076,14946.5,6.9230769230769225,False,loss,-1.0,-1.0,4
2023-11-03,6am,failure,long,18.0,429,14937.5,14930.576923076924,14946.5,6.9230769230769225,False,win,1.3,1.3,17
2023-11-06,6am,retest,long,14.5,449,15206.75,15201.173076923076,15214.0,5.576923076923077,False,loss,-1.0,-1.0,2
2023-11-06,6am,failure,long,14.5,447,15206.75,15201.173076923076,15214.0,5.576923076923077,False,loss,-1.0,0.0,4
2023-11-06,7am,retest,short,19.0,574,15217.0,15224.307692307691,15207.5,7.3076923076923075,True,win,1.3,0.0,1
2023-11-06,7am,retest,long,19.0,489,15198.0,15190.692307692309,15207.5,7.3076923076923075,False,loss,-1.0,-1.0,8
2023-11-07,7am,retest,short,32.5,506,15225.0,15237.5,15208.75,12.5,False,loss,-1.0,-1.0,10
2023-11-07,7am,failure,short,32.5,482,15225.0,15237.5,15208.75,12.5,False,loss,-1.0,-1.0,7
2023-11-08,6am,retest,short,18.75,482,15378.25,15385.461538461539,15368.875,7.211538461538462,False,loss,-1.0,-1.0,3
2023-11-08,6am,retest,long,18.75,433,15359.5,15352.288461538461,15368.875,7.211538461538462,False,win,1.3,1.3,10
2023-11-08,6am,failure,short,18.75,480,15378.25,15385.461538461539,15368.875,7.211538461538462,False,loss,-1.0,-1.0,5
2023-11-08,7am,retest,long,22.0,605,15356.75,15348.288461538461,15367.75,8.461538461538462,True,win,1.3,1.3,1
2023-11-08,7am,failure,short,22.0,482,15378.75,15387.211538461539,15367.75,8.461538461538462,False,loss,-1.0,-1.0,4
2023-11-09,6am,retest,short,34.0,532,15396.75,15409.826923076924,15379.75,13.076923076923077,False,loss,-1.0,-1.0,23
2023-11-09,6am,retest,long,34.0,612,15362.75,15349.673076923076,15379.75,13.076923076923077,True,win,1.3,1.3,2
2023-11-09,7am,retest,short,19.5,515,15384.5,15392.0,15374.75,7.5,False,loss,-1.0,0.0,2
2023-11-10,6am,failure,short,26.25,432,15233.5,15243.596153846154,15220.375,10.096153846153845,False,loss,-1.0,-1.0,3
2023-11-10,7am,retest,short,61.5,494,15283.0,15306.653846153846,15252.25,23.653846153846153,False,loss,-1.0,-1.0,35
2023-11-13,6am,retest,short,20.5,504,15568.0,15575.884615384615,15557.75,7.884615384615384,False,win,1.3,1.3,11
2023-11-13,7am,retest,short,15.75,504,15567.0,15573.057692307691,15559.125,6.0576923076923075,False,loss,-1.0,-1.0,6
2023-11-13,7am,retest,long,15.75,669,15551.25,15545.192307692309,15559.125,6.0576923076923075,True,win,1.3,0.0,4
2023-11-13,7am,failure,short,15.75,501,15567.0,15573.057692307691,15559.125,6.0576923076923075,False,loss,-1.0,-1.0,9
2023-11-14,6am,retest,short,19.25,497,15586.5,15593.903846153846,15576.875,7.403846153846153,False,loss,-1.0,-1.0,2
2023-11-14,6am,failure,short,19.25,427,15586.5,15593.903846153846,15576.875,7.403846153846153,False,win,1.3,1.3,18
2023-11-14,7am,failure,short,19.75,482,15587.0,15594.596153846154,15577.125,7.596153846153846,False,win,1.3,1.3,3
2023-11-15,6am,retest,short,22.75,446,15976.25,15985.0,15964.875,8.75,False,loss,-1.0,-1.0,30
2023-11-15,6am,failure,short,22.75,430,15976.25,15985.0,15964.875,8.75,False,loss,-1.0,-1.0,2
2023-11-15,7am,retest,short,24.0,488,15990.0,15999.23076923077,15978.0,9.23076923076923,False,loss,-1.0,0.0,16
2023-11-16,6am,retest,short,19.0,545,15869.75,15877.057692307691,15860.25,7.3076923076923075,False,win,1.3,1.3,3
2023-11-16,6am,retest,long,19.0,511,15850.75,15843.442307692309,15860.25,7.3076923076923075,False,loss,-1.0,0.0,2
2023-11-16,6am,failure,short,19.0,519,15869.75,15877.057692307691,15860.25,7.3076923076923075,False,win,1.3,0.0,2
2023-11-16,7am,retest,short,32.0,522,15860.5,15872.807692307691,15844.5,12.307692307692307,False,loss,-1.0,-1.0,3
2023-11-16,7am,retest,long,32.0,501,15828.5,15816.192307692309,15844.5,12.307692307692307,False,win,1.3,1.3,9
2023-11-16,7am,failure,short,32.0,517,15860.5,15872.807692307691,15844.5,12.307692307692307,False,loss,-1.0,-1.0,8
2023-11-16,7am,failure,long,32.0,492,15828.5,15816.192307692309,15844.5,12.307692307692307,False,win,1.3,1.3,18
2023-11-17,7am,retest,short,22.25,489,15915.25,15923.807692307691,15904.125,8.557692307692307,False,win,1.3,0.0,28
2023-11-17,7am,retest,long,22.25,528,15893.0,15884.442307692309,15904.125,8.557692307692307,False,loss,-1.0,-1.0,19
2023-11-17,7am,failure,short,22.25,486,15915.25,15923.807692307691,15904.125,8.557692307692307,False,win,1.3,0.0,31
2023-11-20,6am,retest,long,23.75,532,15905.25,15896.115384615385,15917.125,9.134615384615385,False,win,1.3,1.3,5
2023-11-20,7am,retest,long,33.25,510,15891.0,15878.211538461539,15907.625,12.788461538461538,False,win,1.3,1.3,13
2023-11-20,7am,failure,long,33.25,482,15891.0,15878.211538461539,15907.625,12.788461538461538,False,win,1.3,0.0,41
2023-11-21,6am,retest,long,27.0,463,16057.5,16047.115384615385,16071.0,10.384615384615385,False,loss,-1.0,-1.0,9
2023-11-21,6am,failure,long,27.0,459,16057.5,16047.115384615385,16071.0,10.384615384615385,False,loss,-1.0,-1.0,13
2023-11-21,7am,retest,long,36.5,501,16038.25,16024.211538461539,16056.5,14.038461538461538,False,loss,-1.0,-1.0,17
2023-11-21,7am,failure,long,36.5,488,16038.25,16024.211538461539,16056.5,14.038461538461538,False,loss,-1.0,-1.0,30
2023-11-22,6am,failure,short,22.5,433,16041.75,16050.403846153846,16030.5,8.653846153846153,False,loss,-1.0,-1.0,7
2023-11-22,7am,retest,short,35.0,506,16061.0,16074.461538461539,16043.5,13.461538461538462,False,win,1.3,1.3,4
2023-11-22,7am,retest,long,35.0,606,16026.0,16012.538461538461,16043.5,13.461538461538462,True,win,1.3,0.0,6
2023-11-22,7am,failure,long,35.0,602,16026.0,16012.538461538461,16043.5,13.461538461538462,True,win,1.3,0.0,10
2023-11-23,6am,retest,long,9.5,541,16068.0,16064.346153846154,16072.75,3.6538461538461537,False,loss,-1.0,0.0,8
2023-11-23,6am,failure,short,9.5,445,16077.5,16081.153846153846,16072.75,3.6538461538461537,False,win,1.3,1.3,3
2023-11-23,7am,failure,long,19.75,491,16058.0,16050.403846153846,16067.875,7.596153846153846,False,win,1.3,0.0,35
2023-11-24,7am,retest,short,16.5,534,16049.25,16055.596153846154,16041.0,6.346153846153846,False,win,1.3,1.3,11
2023-11-24,7am,retest,long,16.5,488,16032.75,16026.403846153846,16041.0,6.346153846153846,False,win,1.3,1.3,3
2023-11-24,7am,failure,short,16.5,526,16049.25,16055.596153846154,16041.0,6.346153846153846,False,win,1.3,0.0,19
2023-11-27,6am,retest,short,18.5,429,16013.0,16020.115384615385,16003.75,7.115384615384615,False,win,1.3,1.3,18
2023-11-27,6am,retest,long,18.5,567,15994.5,15987.384615384615,16003.75,7.115384615384615,False,win,1.3,1.3,3
2023-11-27,6am,failure,long,18.5,543,15994.5,15987.384615384615,16003.75,7.115384615384615,False,loss,-1.0,-1.0,0
2023-11-27,7am,retest,short,21.0,506,16018.5,16026.576923076924,16008.0,8.076923076923077,False,win,1.3,1.3,11
2023-11-27,7am,failure,short,21.0,492,16018.5,16026.576923076924,16008.0,8.076923076923077,False,win,1.3,0.0,25
2023-11-27,7am,failure,long,21.0,539,15997.5,15989.423076923076,16008.0,8.076923076923077,False,loss,-1.0,0.0,4
2023-11-28,6am,retest,long,21.0,443,15989.75,15981.673076923076,16000.25,8.076923076923077,False,loss,-1.0,-1.0,17
2023-11-28,6am,failure,short,21.0,640,16010.75,16018.826923076924,16000.25,8.076923076923077,True,loss,-1.0,-1.0,0
2023-11-28,6am,failure,long,21.0,438,15989.75,15981.673076923076,16000.25,8.076923076923077,False,loss,-1.0,-1.0,22
2023-11-28,7am,retest,short,31.0,575,15999.0,16010.923076923076,15983.5,11.923076923076923,True,win,1.3,0.0,2
2023-11-28,7am,retest,long,31.0,504,15968.0,15956.076923076924,15983.5,11.923076923076923,False,win,1.3,1.3,17
2023-11-28,7am,failure,short,31.0,573,15999.0,16010.923076923076,15983.5,11.923076923076923,True,win,1.3,0.0,4
2023-11-29,6am,retest,short,26.0,453,16138.25,16148.25,16125.25,10.0,False,loss,-1.0,0.0,33
2023-11-29,6am,retest,long,26.0,617,16112.25,16102.25,16125.25,10.0,True,loss,-1.0,-1.0,2
2023-11-29,7am,retest,short,21.5,483,16144.75,16153.01923076923,16134.0,8.269230769230768,False,loss,-1.0,-1.0,3
2023-11-29,7am,retest,long,21.5,656,16123.25,16114.98076923077,16134.0,8.269230769230768,True,loss,-1.0,0.0,4
2023-11-29,7am,failure,long,21.5,610,16123.25,16114.98076923077,16134.0,8.269230769230768,True,loss,-1.0,-1.0,0
2023-11-30,6am,retest,short,15.0,439,16065.0,16070.76923076923,16057.5,5.769230769230769,False,loss,-1.0,-1.0,4
2023-11-30,6am,retest,long,15.0,540,16050.0,16044.23076923077,16057.5,5.769230769230769,False,loss,-1.0,-1.0,0
2023-11-30,7am,retest,short,27.25,496,16078.75,16089.23076923077,16065.125,10.48076923076923,False,loss,-1.0,0.0,14
2023-11-30,7am,failure,long,27.25,537,16051.5,16041.01923076923,16065.125,10.48076923076923,False,loss,-1.0,-1.0,3
2023-12-01,6am,retest,long,19.0,426,15957.0,15949.692307692309,15966.5,7.3076923076923075,False,loss,-1.0,-1.0,2
2023-12-01,7am,retest,short,43.75,679,15963.0,15979.826923076924,15941.125,16.826923076923077,True,win,1.3,1.3,2
2023-12-01,7am,retest,long,43.75,581,15919.25,15902.423076923076,15941.125,16.826923076923077,True,win,1.3,0.0,4
2023-12-01,7am,failure,long,43.75,572,15919.25,15902.423076923076,15941.125,16.826923076923077,True,loss,-1.0,-1.0,0
2023-12-04,6am,retest,long,31.5,424,15941.0,15928.884615384615,15956.75,12.115384615384615,False,win,1.3,1.3,29
2023-12-05,6am,retest,short,33.75,501,15795.5,15808.48076923077,15778.625,12.98076923076923,False,loss,-1.0,-1.0,5
2023-12-05,6am,failure,short,33.75,484,15795.5,15808.48076923077,15778.625,12.98076923076923,False,loss,-1.0,0.0,22
2023-12-05,7am,retest,short,31.0,496,15795.0,15806.923076923076,15779.5,11.923076923076923,False,loss,-1.0,0.0,9
2023-12-05,7am,failure,short,31.0,484,15795.0,15806.923076923076,15779.5,11.923076923076923,False,loss,-1.0,-1.0,6
2023-12-06,6am,retest,long,39.5,432,15932.5,15917.307692307691,15952.25,15.192307692307692,False,win,1.3,0.0,63
2023-12-06,7am,retest,short,24.75,504,15946.5,15956.01923076923,15934.125,9.519230769230768,False,loss,-1.0,-1.0,5
2023-12-06,7am,retest,long,24.75,603,15921.75,15912.23076923077,15934.125,9.519230769230768,True,win,1.3,0.0,3
2023-12-07,6am,retest,short,21.75,482,15857.5,15865.865384615385,15846.625,8.365384615384615,False,loss,-1.0,-1.0,3
2023-12-07,7am,retest,short,22.5,495,15861.0,15869.653846153846,15849.75,8.653846153846153,False,loss,-1.0,-1.0,5
2023-12-08,6am,retest,short,43.0,638,16034.5,16051.038461538461,16013.0,16.538461538461537,True,loss,-1.0,0.0,8
2023-12-08,6am,retest,long,43.0,442,15991.5,15974.961538461539,16013.0,16.538461538461537,False,loss,-1.0,0.0,45
2023-12-08,6am,failure,short,43.0,601,16034.5,16051.038461538461,16013.0,16.538461538461537,True,win,1.3,1.3,1
2023-12-08,7am,retest,short,31.75,588,16002.5,16014.711538461539,15986.625,12.211538461538462,True,loss,-1.0,-1.0,1
2023-12-11,6am,retest,short,27.75,427,16284.0,16294.673076923076,16270.125,10.673076923076923,False,loss,-1.0,-1.0,12
2023-12-11,7am,retest,short,19.25,550,16296.5,16303.903846153846,16286.875,7.403846153846153,False,loss,-1.0,-1.0,2
2023-12-11,7am,retest,long,19.25,490,16277.25,16269.846153846154,16286.875,7.403846153846153,False,loss,-1.0,-1.0,4
2023-12-12,6am,retest,long,12.25,550,16463.25,16458.53846153846,16469.375,4.711538461538462,False,loss,-1.0,0.0,2
2023-12-12,6am,failure,short,12.25,443,16475.5,16480.21153846154,16469.375,4.711538461538462,False,loss,-1.0,-1.0,3
2023-12-12,7am,retest,short,31.75,485,16495.5,16507.71153846154,16479.625,12.211538461538462,False,loss,-1.0,0.0,24
2023-12-12,7am,retest,long,31.75,550,16463.75,16451.53846153846,16479.625,12.211538461538462,False,loss,-1.0,-1.0,7
2023-12-12,7am,failure,short,31.75,482,16495.5,16507.71153846154,16479.625,12.211538461538462,False,loss,-1.0,0.0,27
2023-12-13,6am,retest,short,17.75,437,16614.25,16621.076923076922,16605.375,6.826923076923077,False,win,1.3,1.3,8
2023-12-13,6am,retest,long,17.75,725,16596.5,16589.673076923078,16605.375,6.826923076923077,True,win,1.3,1.3,7
2023-12-13,6am,failure,short,17.75,423,16614.25,16621.076923076922,16605.375,6.826923076923077,False,win,1.3,0.0,22
2023-12-13,6am,failure,long,17.75,723,16596.5,16589.673076923078,16605.375,6.826923076923077,True,win,1.3,1.3,9
2023-12-14,6am,retest,short,27.0,447,16851.75,16862.134615384617,16838.25,10.384615384615385,False,win,1.3,1.3,14
2023-12-14,6am,retest,long,27.0,490,16824.75,16814.365384615383,16838.25,10.384615384615385,False,win,1.3,0.0,18
2023-12-14,6am,failure,short,27.0,442,16851.75,16862.134615384617,16838.25,10.384615384615385,False,win,1.3,1.3,19
2023-12-14,7am,retest,short,23.25,544,16853.75,16862.69230769231,16842.125,8.942307692307692,False,win,1.3,1.3,7
2023-12-14,7am,retest,long,23.25,496,16830.5,16821.55769230769,16842.125,8.942307692307692,False,loss,-1.0,-1.0,3
2023-12-14,7am,failure,short,23.25,541,16853.75,16862.69230769231,16842.125,8.942307692307692,False,win,1.3,1.3,10
2023-12-15,6am,retest,short,19.75,558,16813.5,16821.096153846152,16803.625,7.596153846153846,False,win,1.3,0.0,7
2023-12-15,6am,retest,long,19.75,488,16793.75,16786.153846153848,16803.625,7.596153846153846,False,win,1.3,0.0,21
2023-12-15,6am,failure,short,19.75,556,16813.5,16821.096153846152,16803.625,7.596153846153846,False,win,1.3,0.0,9
2023-12-15,6am,failure,long,19.75,473,16793.75,16786.153846153848,16803.625,7.596153846153846,False,win,1.3,0.0,36
2023-12-15,7am,retest,short,22.0,561,16812.75,16821.21153846154,16801.75,8.461538461538462,False,win,1.3,1.3,4
2023-12-15,7am,failure,short,22.0,556,16812.75,16821.21153846154,16801.75,8.461538461538462,False,win,1.3,1.3,9
2023-12-15,7am,failure,long,22.0,515,16790.75,16782.28846153846,16801.75,8.461538461538462,False,loss,-1.0,-1.0,4
2023-12-18,6am,retest,short,25.0,493,16842.0,16851.615384615383,16829.5,9.615384615384615,False,loss,-1.0,0.0,36
2023-12-19,6am,retest,short,24.75,442,16963.5,16973.01923076923,16951.125,9.519230769230768,False,loss,-1.0,0.0,36
2023-12-19,6am,failure,short,24.75,434,16963.5,16973.01923076923,16951.125,9.519230769230768,False,loss,-1.0,-1.0,2
2023-12-19,7am,retest,short,39.75,584,16989.25,17004.53846153846,16969.375,15.288461538461538,True,win,1.3,1.3,2
2023-12-20,6am,retest,short,16.75,456,16980.0,16986.44230769231,16971.625,6.4423076923076925,False,win,1.3,0.0,18
2023-12-20,6am,retest,long,16.75,884,16963.25,16956.80769230769,16971.625,6.4423076923076925,True,loss,-1.0,-1.0,0
2023-12-20,6am,failure,short,16.75,438,16980.0,16986.44230769231,16971.625,6.4423076923076925,False,loss,-1.0,-1.0,10
2023-12-20,7am,failure,short,19.5,529,16986.75,16994.25,16977.0,7.5,False,win,1.3,1.3,13
2023-12-21,6am,retest,short,19.25,489,16882.0,16889.403846153848,16872.375,7.403846153846153,False,win,1.3,1.3,17
2023-12-21,6am,retest,long,19.25,611,16862.75,16855.346153846152,16872.375,7.403846153846153,True,loss,-1.0,-1.0,0
2023-12-21,6am,failure,short,19.25,439,16882.0,16889.403846153848,16872.375,7.403846153846153,False,loss,-1.0,-1.0,11
2023-12-21,7am,retest,short,23.5,601,16890.5,16899.53846153846,16878.75,9.038461538461538,True,loss,-1.0,-1.0,0
2023-12-22,6am,retest,short,10.75,513,16937.5,16941.634615384617,16932.125,4.134615384615384,False,loss,-1.0,-1.0,0
2023-12-22,7am,retest,short,17.75,492,16952.25,16959.076923076922,16943.375,6.826923076923077,False,loss,-1.0,-1.0,5
2023-12-26,6am,retest,long,12.0,462,17004.0,16999.384615384617,17010.0,4.615384615384615,False,win,1.3,1.3,3
2023-12-26,6am,failure,short,12.0,479,17016.0,17020.615384615383,17010.0,4.615384615384615,False,win,1.3,1.3,4
2023-12-27,6am,retest,long,7.5,434,17080.0,17077.115384615383,17083.75,2.8846153846153846,False,win,1.3,0.0,15
2023-12-27,7am,retest,long,15.75,620,17074.75,17068.69230769231,17082.625,6.0576923076923075,True,loss,-1.0,0.0,1
2023-12-28,6am,retest,short,9.25,438,17153.5,17157.05769230769,17148.875,3.5576923076923075,False,loss,-1.0,-1.0,8
2023-12-28,6am,retest,long,9.25,541,17144.25,17140.69230769231,17148.875,3.5576923076923075,False,loss,-1.0,-1.0,0
2023-12-28,7am,retest,short,15.0,513,17162.0,17167.76923076923,17154.5,5.769230769230769,False,win,1.3,0.0,17
2023-12-28,7am,retest,long,15.0,565,17147.0,17141.23076923077,17154.5,5.769230769230769,False,win,1.3,1.3,5
2023-12-28,7am,failure,short,15.0,511,17162.0,17167.76923076923,17154.5,5.769230769230769,False,win,1.3,0.0,19
2023-12-28,7am,failure,long,15.0,539,17147.0,17141.23076923077,17154.5,5.769230769230769,False,loss,-1.0,-1.0,2
2023-12-29,6am,failure,long,14.5,426,17105.75,17100.173076923078,17113.0,5.576923076923077,False,loss,-1.0,-1.0,1
2024-01-02,6am,retest,long,131.25,515,16845.25,16794.76923076923,16910.875,50.480769230769226,False,loss,-1.0,-1.0,65
2024-01-03,6am,retest,long,29.75,430,16636.0,16624.55769230769,16650.875,11.442307692307692,False,loss,-1.0,-1.0,10
2024-01-03,7am,retest,long,46.5,486,16602.75,16584.865384615383,16626.0,17.884615384615383,False,win,1.3,1.3,11
2024-01-04,6am,retest,short,44.75,680,16573.0,16590.21153846154,16550.625,17.21153846153846,True,win,1.3,1.3,10
2024-01-04,6am,retest,long,44.75,435,16528.25,16511.03846153846,16550.625,17.21153846153846,False,loss,-1.0,-1.0,45
2024-01-04,6am,failure,short,44.75,675,16573.0,16590.21153846154,16550.625,17.21153846153846,True,win,1.3,1.3,15
2024-01-04,6am,failure,long,44.75,422,16528.25,16511.03846153846,16550.625,17.21153846153846,False,loss,-1.0,-1.0,3
2024-01-04,7am,retest,short,31.25,654,16535.75,16547.76923076923,16520.125,12.019230769230768,True,win,1.3,0.0,4
2024-01-04,7am,retest,long,31.25,499,16504.5,16492.48076923077,16520.125,12.019230769230768,False,loss,-1.0,-1.0,1
2024-01-04,7am,failure,short,31.25,650,16535.75,16547.76923076923,16520.125,12.019230769230768,True,win,1.3,0.0,8
2024-01-04,7am,failure,long,31.25,488,16504.5,16492.48076923077,16520.125,12.019230769230768,False,loss,-1.0,0.0,12
2024-01-05,6am,retest,short,27.5,446,16395.0,16405.576923076922,16381.25,10.576923076923077,False,win,1.3,1.3,38
2024-01-05,6am,failure,short,27.5,440,16395.0,16405.576923076922,16381.25,10.576923076923077,False,win,1.3,1.3,44
2024-01-05,7am,retest,long,22.25,523,16381.0,16372.442307692309,16392.125,8.557692307692307,False,loss,-1.0,-1.0,0
2024-01-08,6am,retest,short,57.25,443,16467.25,16489.26923076923,16438.625,22.01923076923077,False,loss,-1.0,0.0,60
2024-01-08,6am,failure,short,57.25,427,16467.25,16489.26923076923,16438.625,22.01923076923077,False,loss,-1.0,0.0,76
2024-01-08,7am,retest,short,34.0,502,16486.25,16499.326923076922,16469.25,13.076923076923077,False,loss,-1.0,0.0,53
2024-01-08,7am,failure,short,34.0,482,16486.25,16499.326923076922,16469.25,13.076923076923077,False,loss,-1.0,0.0,73
2024-01-09,6am,retest,short,52.75,636,16736.5,16756.78846153846,16710.125,20.288461538461537,True,loss,-1.0,-1.0,26
2024-01-09,6am,failure,long,52.75,517,16683.75,16663.46153846154,16710.125,20.288461538461537,False,loss,-1.0,-1.0,7
2024-01-09,7am,retest,short,37.0,629,16725.5,16739.73076923077,16707.0,14.23076923076923,True,loss,-1.0,0.0,8
2024-01-09,7am,retest,long,37.0,514,16688.5,16674.26923076923,16707.0,14.23076923076923,False,loss,-1.0,-1.0,7
2024-01-10,6am,retest,short,49.75,648,16884.25,16903.384615384617,16859.375,19.134615384615383,True,win,1.3,1.3,25
2024-01-10,6am,retest,long,49.75,484,16834.5,16815.365384615383,16859.375,19.134615384615383,False,loss,-1.0,0.0,47
2024-01-10,7am,retest,long,26.0,487,16840.0,16830.0,16853.0,10.0,False,loss,-1.0,0.0,24
2024-01-10,7am,failure,short,26.0,573,16866.0,16876.0,16853.0,10.0,True,win,1.3,1.3,1
2024-01-11,6am,retest,long,24.75,571,16997.75,16988.23076923077,17010.125,9.519230769230768,True,loss,-1.0,0.0,1
2024-01-11,7am,failure,short,17.5,508,17018.25,17024.98076923077,17009.5,6.730769230769231,False,loss,-1.0,-1.0,1
2024-01-12,6am,retest,short,68.25,650,16934.75,16961.0,16900.625,26.25,True,loss,-1.0,0.0,13
2024-01-15,6am,retest,short,25.5,459,16972.0,16981.80769230769,16959.25,9.807692307692307,False,win,1.3,0.0,21
2024-01-15,6am,retest,long,25.5,550,16946.5,16936.69230769231,16959.25,9.807692307692307,False,win,1.3,1.3,18
2024-01-15,6am,failure,short,25.5,427,16972.0,16981.80769230769,16959.25,9.807692307692307,False,win,1.3,0.0,53
2024-01-15,7am,retest,long,21.0,483,16959.75,16951.673076923078,16970.25,8.076923076923077,False,loss,-1.0,-1.0,11
2024-01-16,6am,retest,short,43.0,436,16888.25,16904.78846153846,16866.75,16.538461538461537,False,loss,-1.0,0.0,22
2024-01-16,7am,retest,short,44.25,517,16916.75,16933.76923076923,16894.625,17.01923076923077,False,win,1.3,1.3,16
2024-01-16,7am,retest,long,44.25,590,16872.5,16855.48076923077,16894.625,17.01923076923077,True,loss,-1.0,-1.0,1
2024-01-16,7am,failure,short,44.25,515,16916.75,16933.76923076923,16894.625,17.01923076923077,False,win,1.3,1.3,18
2024-01-17,6am,retest,short,45.0,455,16898.0,16915.30769230769,16875.5,17.307692307692307,False,win,1.3,0.0,35
2024-01-17,6am,retest,long,45.0,514,16853.0,16835.69230769231,16875.5,17.307692307692307,False,loss,-1.0,0.0,10
2024-01-17,6am,failure,short,45.0,441,16898.0,16915.30769230769,16875.5,17.307692307692307,False,win,1.3,0.0,49
2024-01-17,7am,retest,long,25.75,486,16882.25,16872.346153846152,16895.125,9.903846153846153,False,loss,-1.0,0.0,18
2024-01-17,7am,failure,long,25.75,482,16882.25,16872.346153846152,16895.125,9.903846153846153,False,loss,-1.0,0.0,22
2024-01-18,6am,retest,short,58.0,426,16998.5,17020.80769230769,16969.5,22.307692307692307,False,loss,-1.0,-1.0,40
2024-01-18,7am,retest,short,35.0,518,17025.25,17038.71153846154,17007.75,13.461538461538462,False,win,1.3,1.3,2
2024-01-18,7am,retest,long,35.0,531,16990.25,16976.78846153846,17007.75,13.461538461538462,False,win,1.3,0.0,19
2024-01-18,7am,failure,long,35.0,523,16990.25,16976.78846153846,17007.75,13.461538461538462,False,loss,-1.0,0.0,2
2024-01-19,6am,retest,short,25.25,675,17253.75,17263.46153846154,17241.125,9.711538461538462,True,loss,-1.0,-1.0,1
2024-01-19,7am,retest,short,39.25,491,17249.5,17264.596153846152,17229.875,15.096153846153845,False,win,1.3,1.3,19
2024-01-19,7am,retest,long,39.25,556,17210.25,17195.153846153848,17229.875,15.096153846153845,False,loss,-1.0,0.0,13
2024-01-19,7am,failure,long,39.25,543,17210.25,17195.153846153848,17229.875,15.096153846153845,False,loss,-1.0,0.0,26
2024-01-22,6am,retest,short,22.5,440,17556.0,17564.653846153848,17544.75,8.653846153846153,False,loss,-1.0,-1.0,5
2024-01-22,6am,retest,long,22.5,515,17533.5,17524.846153846152,17544.75,8.653846153846153,False,loss,-1.0,-1.0,8
2024-01-22,6am,failure,short,22.5,432,17556.0,17564.653846153848,17544.75,8.653846153846153,False,loss,-1.0,-1.0,13
2024-01-22,7am,retest,long,48.5,515,17534.0,17515.346153846152,17558.25,18.653846153846153,False,loss,-1.0,-1.0,30
2024-01-23,6am,retest,short,29.5,442,17478.0,17489.346153846152,17463.25,11.346153846153845,False,loss,-1.0,0.0,39
2024-01-23,6am,retest,long,29.5,577,17448.5,17437.153846153848,17463.25,11.346153846153845,True,win,1.3,0.0,1
2024-01-23,6am,failure,short,29.5,433,17478.0,17489.346153846152,17463.25,11.346153846153845,False,loss,-1.0,0.0,48
2024-01-23,7am,retest,short,21.5,488,17487.75,17496.01923076923,17477.0,8.269230769230768,False,loss,-1.0,0.0,12
2024-01-23,7am,retest,long,21.5,583,17466.25,17457.98076923077,17477.0,8.269230769230768,True,loss,-1.0,-1.0,1
2024-01-23,7am,failure,short,21.5,483,17487.75,17496.01923076923,17477.0,8.269230769230768,False,loss,-1.0,0.0,17
2024-01-24,6am,retest,short,19.5,466,17662.25,17669.75,17652.5,7.5,False,loss,-1.0,-1.0,17
2024-01-24,6am,failure,long,19.5,421,17642.75,17635.25,17652.5,7.5,False,win,1.3,0.0,11
2024-01-24,7am,retest,short,30.0,527,17671.25,17682.78846153846,17656.25,11.538461538461538,False,win,1.3,1.3,8
2024-01-25,6am,retest,short,38.5,437,17648.75,17663.55769230769,17629.5,14.807692307692307,False,loss,-1.0,0.0,28
2024-01-25,6am,retest,long,38.5,816,17610.25,17595.44230769231,17629.5,14.807692307692307,True,win,1.3,1.3,6
2024-01-25,7am,retest,short,29.25,604,17664.0,17675.25,17649.375,11.25,True,loss,-1.0,0.0,1
2024-01-25,7am,retest,long,29.25,823,17634.75,17623.5,17649.375,11.25,True,loss,-1.0,0.0,3
2024-01-26,6am,retest,short,35.75,512,17555.0,17568.75,17537.125,13.75,False,loss,-1.0,0.0,8
2024-01-26,6am,retest,long,35.75,609,17519.25,17505.5,17537.125,13.75,True,win,1.3,1.3,1
2024-01-26,6am,failure,long,35.75,594,17519.25,17505.5,17537.125,13.75,True,win,1.3,0.0,4
2024-01-26,7am,failure,long,42.5,512,17547.75,17531.403846153848,17569.0,16.346153846153847,False,win,1.3,0.0,8
2024-01-29,6am,retest,short,18.25,432,17574.5,17581.51923076923,17565.375,7.019230769230769,False,win,1.3,1.3,6
2024-01-29,6am,retest,long,18.25,467,17556.25,17549.23076923077,17565.375,7.019230769230769,False,loss,-1.0,0.0,3
2024-01-29,6am,failure,short,18.25,425,17574.5,17581.51923076923,17565.375,7.019230769230769,False,win,1.3,0.0,13
2024-01-29,6am,failure,long,18.25,458,17556.25,17549.23076923077,17565.375,7.019230769230769,False,loss,-1.0,0.0,12
2024-01-29,7am,retest,long,32.5,516,17546.25,17533.75,17562.5,12.5,False,loss,-1.0,-1.0,54
2024-01-29,7am,failure,short,32.5,582,17578.75,17591.25,17562.5,12.5,True,win,1.3,0.0,5
2024-01-29,7am,failure,long,32.5,503,17546.25,17533.75,17562.5,12.5,False,loss,-1.0,-1.0,67
2024-01-30,6am,retest,long,22.75,461,17683.25,17674.5,17694.625,8.75,False,loss,-1.0,-1.0,21
2024-01-30,7am,retest,long,25.25,574,17677.5,17667.78846153846,17690.125,9.711538461538462,True,loss,-1.0,-1.0,0
2024-01-31,6am,retest,short,63.0,431,17396.75,17420.98076923077,17365.25,24.23076923076923,False,loss,-1.0,-1.0,44
2024-01-31,6am,retest,long,63.0,675,17333.75,17309.51923076923,17365.25,24.23076923076923,True,win,1.3,0.0,53
2024-01-31,7am,retest,short,46.75,489,17431.0,17448.98076923077,17407.625,17.98076923076923,False,loss,-1.0,0.0,21
2024-01-31,7am,retest,long,46.75,570,17384.25,17366.26923076923,17407.625,17.98076923076923,True,win,1.3,0.0,3
2024-01-31,7am,failure,long,46.75,564,17384.25,17366.26923076923,17407.625,17.98076923076923,False,win,1.3,0.0,9
2024-02-01,6am,retest,short,32.5,474,17358.0,17370.5,17341.75,12.5,False,win,1.3,1.3,6
2024-02-01,6am,retest,long,32.5,507,17325.5,17313.0,17341.75,12.5,False,win,1.3,1.3,3
2024-02-01,7am,retest,short,34.5,634,17363.75,17377.01923076923,17346.5,13.269230769230768,True,win,1.3,0.0,7
2024-02-01,7am,retest,long,34.5,491,17329.25,17315.98076923077,17346.5,13.269230769230768,False,loss,-1.0,-1.0,3
2024-02-02,6am,retest,short,17.75,473,17619.5,17626.326923076922,17610.625,6.826923076923077,False,loss,-1.0,-1.0,1
2024-02-02,6am,failure,short,17.75,421,17619.5,17626.326923076922,17610.625,6.826923076923077,False,win,1.3,1.3,4
2024-02-02,7am,retest,short,39.5,654,17643.25,17658.44230769231,17623.5,15.192307692307692,True,loss,-1.0,-1.0,3
2024-02-05,6am,retest,short,21.0,448,17722.75,17730.826923076922,17712.25,8.076923076923077,False,loss,-1.0,0.0,9
2024-02-05,6am,retest,long,21.0,521,17701.75,17693.673076923078,17712.25,8.076923076923077,False,loss,-1.0,0.0,16
2024-02-05,7am,retest,short,35.0,884,17735.75,17749.21153846154,17718.25,13.461538461538462,True,win,1.3,1.3,19
2024-02-05,7am,retest,long,35.0,525,17700.75,17687.28846153846,17718.25,13.461538461538462,False,win,1.3,0.0,43
2024-02-05,7am,failure,long,35.0,519,17700.75,17687.28846153846,17718.25,13.461538461538462,False,win,1.3,0.0,49
2024-02-06,6am,retest,short,65.5,540,17740.75,17765.94230769231,17708.0,25.19230769230769,False,loss,-1.0,-1.0,31
2024-02-06,6am,retest,long,65.5,449,17675.25,17650.05769230769,17708.0,25.19230769230769,False,win,1.3,1.3,16
2024-02-06,6am,failure,short,65.5,533,17740.75,17765.94230769231,17708.0,25.19230769230769,False,loss,-1.0,-1.0,38
2024-02-06,6am,failure,long,65.5,444,17675.25,17650.05769230769,17708.0,25.19230769230769,False,win,1.3,1.3,21
2024-02-06,7am,retest,short,37.5,578,17708.0,17722.423076923078,17689.25,14.423076923076923,True,loss,-1.0,-1.0,1
2024-02-07,7am,failure,short,58.5,481,17711.25,17733.75,17682.0,22.5,False,loss,-1.0,-1.0,14
2024-02-08,6am,retest,long,38.5,510,17801.5,17786.69230769231,17820.75,14.807692307692307,False,win,1.3,0.0,8
2024-02-08,6am,failure,long,38.5,502,17801.5,17786.69230769231,17820.75,14.807692307692307,False,win,1.3,0.0,16
2024-02-08,7am,retest,short,19.0,522,17821.75,17829.05769230769,17812.25,7.3076923076923075,False,loss,-1.0,0.0,38
2024-02-08,7am,retest,long,19.0,505,17802.75,17795.44230769231,17812.25,7.3076923076923075,False,loss,-1.0,0.0,5
2024-02-09,6am,retest,short,25.0,429,17924.75,17934.365384615383,17912.25,9.615384615384615,False,loss,-1.0,-1.0,12
2024-02-09,6am,retest,long,25.0,574,17899.75,17890.134615384617,17912.25,9.615384615384615,True,loss,-1.0,0.0,1
2024-02-09,7am,retest,short,25.25,516,17939.5,17949.21153846154,17926.875,9.711538461538462,False,loss,-1.0,-1.0,0
2024-02-09,7am,retest,long,25.25,485,17914.25,17904.53846153846,17926.875,9.711538461538462,False,loss,-1.0,-1.0,25
2024-02-09,7am,failure,short,25.25,512,17939.5,17949.21153846154,17926.875,9.711538461538462,False,loss,-1.0,-1.0,0
2024-02-12,6am,retest,short,14.5,809,18056.5,18062.076923076922,18049.25,5.576923076923077,True,win,1.3,1.3,1
2024-02-12,6am,retest,long,14.5,426,18042.0,18036.423076923078,18049.25,5.576923076923077,False,loss,-1.0,0.0,23
2024-02-12,6am,failure,short,14.5,644,18056.5,18062.076923076922,18049.25,5.576923076923077,True,loss,-1.0,-1.0,1
2024-02-12,7am,retest,long,18.75,522,18031.75,18024.53846153846,18041.125,7.211538461538462,False,loss,-1.0,-1.0,32
2024-02-12,7am,failure,long,18.75,520,18031.75,18024.53846153846,18041.125,7.211538461538462,False,loss,-1.0,-1.0,34
2024-02-13,6am,retest,long,24.75,455,17835.25,17825.73076923077,17847.625,9.519230769230768,False,loss,-1.0,-1.0,3
2024-02-13,7am,retest,short,37.5,494,17844.5,17858.923076923078,17825.75,14.423076923076923,False,loss,-1.0,-1.0,16
2024-02-13,7am,failure,short,37.5,492,17844.5,17858.923076923078,17825.75,14.423076923076923,False,loss,-1.0,-1.0,18
2024-02-14,6am,retest,short,33.5,439,17791.5,17804.384615384617,17774.75,12.884615384615385,False,loss,-1.0,0.0,44
2024-02-14,6am,failure,short,33.5,421,17791.5,17804.384615384617,17774.75,12.884615384615385,False,loss,-1.0,-1.0,4
2024-02-14,7am,retest,short,29.0,639,17811.75,17822.903846153848,17797.25,11.153846153846153,True,win,1.3,1.3,1
2024-02-14,7am,retest,long,29.0,511,17782.75,17771.596153846152,17797.25,11.153846153846153,False,loss,-1.0,-1.0,4
2024-02-15,6am,retest,short,14.75,442,17908.25,17913.923076923078,17900.875,5.6730769230769225,False,loss,-1.0,0.0,7
2024-02-15,6am,retest,long,14.75,508,17893.5,17887.826923076922,17900.875,5.6730769230769225,False,loss,-1.0,-1.0,2
2024-02-15,6am,failure,short,14.75,425,17908.25,17913.923076923078,17900.875,5.6730769230769225,False,loss,-1.0,-1.0,3
2024-02-15,6am,failure,long,14.75,503,17893.5,17887.826923076922,17900.875,5.6730769230769225,False,loss,-1.0,-1.0,7
2024-02-15,7am,retest,short,19.75,515,17918.75,17926.346153846152,17908.875,7.596153846153846,False,loss,-1.0,0.0,5
2024-02-15,7am,retest,long,19.75,488,17899.0,17891.403846153848,17908.875,7.596153846153846,False,loss,-1.0,0.0,15
2024-02-15,7am,failure,long,19.75,485,17899.0,17891.403846153848,17908.875,7.596153846153846,False,loss,-1.0,0.0,18
2024-02-16,7am,retest,long,24.25,506,17993.75,17984.423076923078,18005.875,9.326923076923077,False,loss,-1.0,-1.0,4
2024-02-19,6am,retest,short,25.75,619,17782.25,17792.153846153848,17769.375,9.903846153846153,True,loss,-1.0,0.0,146
2024-02-19,6am,retest,long,25.75,485,17756.5,17746.596153846152,17769.375,9.903846153846153,False,win,1.3,1.3,9
2024-02-19,6am,failure,short,25.75,512,17782.25,17792.153846153848,17769.375,9.903846153846153,False,loss,-1.0,0.0,58
2024-02-19,7am,failure,long,13.0,486,17756.0,17751.0,17762.5,5.0,False,win,1.3,1.3,2
2024-02-20,6am,retest,short,42.0,422,17656.0,17672.153846153848,17635.0,16.153846153846153,False,loss,-1.0,-1.0,8
2024-02-21,7am,failure,long,54.5,514,17484.0,17463.03846153846,17511.25,20.96153846153846,False,win,1.3,1.3,31
2024-02-22,6am,retest,short,49.0,587,17925.75,17944.596153846152,17901.25,18.846153846153847,True,loss,-1.0,-1.0,1
2024-02-22,6am,retest,long,49.0,557,17876.75,17857.903846153848,17901.25,18.846153846153847,False,win,1.3,1.3,13
2024-02-22,7am,retest,long,29.25,556,17881.25,17870.0,17895.875,11.25,False,loss,-1.0,-1.0,8
2024-02-22,7am,failure,long,29.25,511,17881.25,17870.0,17895.875,11.25,False,win,1.3,1.3,1
2024-02-23,6am,retest,short,23.0,428,18037.5,18046.346153846152,18026.0,8.846153846153847,False,win,1.3,1.3,9
2024-02-23,6am,retest,long,23.0,696,18014.5,18005.653846153848,18026.0,8.846153846153847,True,loss,-1.0,-1.0,2
2024-02-23,6am,failure,short,23.0,421,18037.5,18046.346153846152,18026.0,8.846153846153847,False,win,1.3,1.3,16
2024-02-23,7am,retest,short,24.75,631,18046.25,18055.76923076923,18033.875,9.519230769230768,True,loss,-1.0,-1.0,0
2024-02-23,7am,failure,long,24.75,659,18021.5,18011.98076923077,18033.875,9.519230769230768,True,loss,-1.0,-1.0,1
2024-02-26,6am,retest,short,23.75,507,18005.25,18014.384615384617,17993.375,9.134615384615385,False,loss,-1.0,-1.0,4
2024-02-26,6am,retest,long,23.75,427,17981.5,17972.365384615383,17993.375,9.134615384615385,False,loss,-1.0,0.0,58
2024-02-26,7am,retest,short,18.0,496,17993.0,17999.923076923078,17984.0,6.9230769230769225,False,loss,-1.0,-1.0,2
2024-02-26,7am,failure,short,18.0,493,17993.0,17999.923076923078,17984.0,6.9230769230769225,False,loss,-1.0,-1.0,5
2024-02-27,6am,retest,short,18.25,430,18017.25,18024.26923076923,18008.125,7.019230769230769,False,loss,-1.0,-1.0,5
2024-02-27,6am,retest,long,18.25,511,17999.0,17991.98076923077,18008.125,7.019230769230769,False,loss,-1.0,-1.0,0
2024-02-27,6am,failure,short,18.25,428,18017.25,18024.26923076923,18008.125,7.019230769230769,False,loss,-1.0,-1.0,7
2024-02-27,7am,retest,long,37.25,513,18003.0,17988.673076923078,18021.625,14.326923076923077,False,win,1.3,1.3,17
2024-02-28,6am,retest,short,25.5,684,17958.0,17967.80769230769,17945.25,9.807692307692307,True,loss,-1.0,-1.0,13
2024-02-28,6am,retest,long,25.5,484,17932.5,17922.69230769231,17945.25,9.807692307692307,False,loss,-1.0,0.0,12
2024-02-28,7am,retest,short,35.0,686,17957.5,17970.96153846154,17940.0,13.461538461538462,True,loss,-1.0,-1.0,11
2024-02-28,7am,failure,short,35.0,515,17957.5,17970.96153846154,17940.0,13.461538461538462,False,win,1.3,1.3,4
2024-02-29,6am,retest,long,28.25,462,17864.75,17853.884615384617,17878.875,10.865384615384615,False,win,1.3,0.0,24
2024-03-01,6am,retest,short,35.5,481,18094.5,18108.153846153848,18076.75,13.653846153846153,False,loss,-1.0,-1.0,5
2024-03-01,7am,retest,short,29.25,497,18103.5,18114.75,18088.875,11.25,False,win,1.3,1.3,7
2024-03-01,7am,failure,long,29.25,522,18074.25,18063.0,18088.875,11.25,False,win,1.3,1.3,4
2024-03-04,6am,retest,short,26.0,430,18336.75,18346.75,18323.75,10.0,False,loss,-1.0,-1.0,6
2024-03-04,6am,retest,long,26.0,576,18310.75,18300.75,18323.75,10.0,True,win,1.3,0.0,3
2024-03-04,6am,failure,short,26.0,421,18336.75,18346.75,18323.75,10.0,False,loss,-1.0,0.0,15
2024-03-04,6am,failure,long,26.0,571,18310.75,18300.75,18323.75,10.0,True,loss,-1.0,0.0,1
2024-03-05,6am,retest,short,26.25,423,18160.25,18170.346153846152,18147.125,10.096153846153845,False,loss,-1.0,-1.0,4
2024-03-05,6am,retest,long,26.25,548,18134.0,18123.903846153848,18147.125,10.096153846153845,False,loss,-1.0,0.0,5
2024-03-05,7am,retest,long,42.25,525,18140.5,18124.25,18161.625,16.25,False,loss,-1.0,-1.0,15
2024-03-06,6am,retest,short,29.75,432,18065.0,18076.44230769231,18050.125,11.442307692307692,False,win,1.3,1.3,9
2024-03-06,6am,retest,long,29.75,603,18035.25,18023.80769230769,18050.125,11.442307692307692,True,loss,-1.0,-1.0,0
2024-03-06,7am,retest,short,41.25,489,18075.5,18091.365384615383,18054.875,15.865384615384615,False,loss,-1.0,-1.0,11
2024-03-06,7am,retest,long,41.25,603,18034.25,18018.384615384617,18054.875,15.865384615384615,True,loss,-1.0,-1.0,0
2024-03-06,7am,failure,long,41.25,601,18034.25,18018.384615384617,18054.875,15.865384615384615,True,loss,-1.0,0.0,2
2024-03-07,6am,retest,short,31.25,447,18125.5,18137.51923076923,18109.875,12.019230769230768,False,win,1.3,0.0,38
2024-03-07,7am,retest,short,33.0,502,18137.25,18149.94230769231,18120.75,12.692307692307692,False,loss,-1.0,-1.0,8
2024-03-08,6am,retest,short,59.75,515,18330.75,18353.73076923077,18300.875,22.98076923076923,False,loss,-1.0,0.0,8
2024-03-08,6am,retest,long,59.75,457,18271.0,18248.01923076923,18300.875,22.98076923076923,False,win,1.3,1.3,48
2024-03-08,6am,failure,long,59.75,441,18271.0,18248.01923076923,18300.875,22.98076923076923,False,win,1.3,1.3,64
2024-03-08,7am,retest,short,50.0,578,18301.5,18320.73076923077,18276.5,19.23076923076923,True,loss,-1.0,0.0,2
2024-03-08,7am,retest,long,50.0,680,18251.5,18232.26923076923,18276.5,19.23076923076923,True,win,1.3,0.0,1
2024-03-11,6am,retest,long,62.0,659,18242.0,18218.153846153848,18273.0,23.846153846153847,True,loss,-1.0,0.0,11
2024-03-11,7am,retest,long,68.5,554,18224.0,18197.653846153848,18258.25,26.346153846153847,False,loss,-1.0,-1.0,17
2024-03-11,7am,failure,long,68.5,481,18224.0,18197.653846153848,18258.25,26.346153846153847,False,loss,-1.0,-1.0,8
2024-03-12,6am,retest,short,32.75,536,18309.75,18322.346153846152,18293.375,12.596153846153845,False,loss,-1.0,-1.0,0
2024-03-12,7am,retest,short,28.0,546,18305.0,18315.76923076923,18291.0,10.769230769230768,False,win,1.3,0.0,5
2024-03-13,6am,retest,short,30.75,426,18476.5,18488.326923076922,18461.125,11.826923076923077,False,win,1.3,1.3,51
2024-03-13,6am,failure,short,30.75,421,18476.5,18488.326923076922,18461.125,11.826923076923077,False,win,1.3,1.3,56
2024-03-13,6am,failure,long,30.75,499,18445.75,18433.923076923078,18461.125,11.826923076923077,False,loss,-1.0,-1.0,6
2024-03-13,7am,failure,long,26.0,483,18460.5,18450.5,18473.5,10.0,False,loss,-1.0,-1.0,1
2024-03-14,6am,failure,long,20.5,423,18401.0,18393.115384615383,18411.25,7.884615384615384,False,win,1.3,1.3,9
2024-03-14,7am,retest,long,32.0,578,18388.5,18376.19230769231,18404.5,12.307692307692307,True,loss,-1.0,0.0,2
2024-03-15,7am,retest,long,35.75,485,18274.0,18260.25,18291.875,13.75,False,loss,-1.0,-1.0,7
2024-03-15,7am,failure,long,35.75,481,18274.0,18260.25,18291.875,13.75,False,loss,-1.0,-1.0,11
2024-03-18,7am,retest,short,77.0,534,18268.25,18297.865384615383,18229.75,29.615384615384613,False,loss,-1.0,-1.0,36
2024-03-18,7am,failure,short,77.0,482,18268.25,18297.865384615383,18229.75,29.615384615384613,False,loss,-1.0,-1.0,88
2024-03-19,6am,retest,long,33.75,728,18167.5,18154.51923076923,18184.375,12.98076923076923,True,loss,-1.0,-1.0,2
2024-03-19,6am,failure,short,33.75,745,18201.25,18214.23076923077,18184.375,12.98076923076923,True,loss,-1.0,0.0,5
2024-03-19,7am,retest,long,77.0,493,18104.0,18074.384615384617,18142.5,29.615384615384613,False,win,1.3,1.3,49
2024-03-20,6am,retest,short,38.25,523,18293.5,18308.21153846154,18274.375,14.711538461538462,False,loss,-1.0,-1.0,37
2024-03-20,6am,retest,long,38.25,590,18255.25,18240.53846153846,18274.375,14.711538461538462,True,win,1.3,0.0,33
2024-03-20,6am,failure,long,38.25,585,18255.25,18240.53846153846,18274.375,14.711538461538462,True,win,1.3,0.0,38
2024-03-20,7am,retest,long,47.0,625,18284.25,18266.173076923078,18307.75,18.076923076923077,True,loss,-1.0,0.0,11
2024-03-20,7am,failure,short,47.0,571,18331.25,18349.326923076922,18307.75,18.076923076923077,True,win,1.3,1.3,3
2024-03-21,6am,retest,short,16.75,423,18610.75,18617.19230769231,18602.375,6.4423076923076925,False,loss,-1.0,-1.0,6
2024-03-21,6am,failure,short,16.75,421,18610.75,18617.19230769231,18602.375,6.4423076923076925,False,loss,-1.0,-1.0,8
2024-03-21,7am,retest,short,42.25,519,18647.75,18664.0,18626.625,16.25,False,loss,-1.0,-1.0,46
2024-03-21,7am,retest,long,42.25,847,18605.5,18589.25,18626.625,16.25,True,loss,-1.0,-1.0,2
2024-03-21,7am,failure,short,42.25,483,18647.75,18664.0,18626.625,16.25,False,loss,-1.0,-1.0,23
2024-03-22,6am,retest,short,24.75,803,18593.75,18603.26923076923,18581.375,9.519230769230768,True,loss,-1.0,-1.0,7
2024-03-22,6am,retest,long,24.75,444,18569.0,18559.48076923077,18581.375,9.519230769230768,False,loss,-1.0,-1.0,1
2024-03-22,7am,retest,short,78.25,783,18583.25,18613.346153846152,18544.125,30.096153846153847,True,loss,-1.0,-1.0,46
2024-03-22,7am,retest,long,78.25,494,18505.0,18474.903846153848,18544.125,30.096153846153847,False,win,1.3,1.3,52
2024-03-22,7am,failure,short,78.25,781,18583.25,18613.346153846152,18544.125,30.096153846153847,True,loss,-1.0,-1.0,48
2024-03-22,7am,failure,long,78.25,482,18505.0,18474.903846153848,18544.125,30.096153846153847,False,win,1.3,1.3,64
2024-03-25,7am,retest,long,46.0,588,18456.5,18438.80769230769,18479.5,17.692307692307693,True,win,1.3,1.3,3
2024-03-25,7am,failure,long,46.0,571,18456.5,18438.80769230769,18479.5,17.692307692307693,True,win,1.3,1.3,2
2024-03-26,6am,retest,short,16.75,428,18613.5,18619.94230769231,18605.125,6.4423076923076925,False,win,1.3,1.3,6
2024-03-26,7am,retest,long,26.0,520,18593.0,18583.0,18606.0,10.0,False,loss,-1.0,-1.0,1
2024-03-26,7am,failure,long,26.0,511,18593.0,18583.0,18606.0,10.0,False,loss,-1.0,0.0,4
2024-03-27,6am,retest,short,31.25,532,18541.75,18553.76923076923,18526.125,12.019230769230768,False,loss,-1.0,-1.0,10
2024-03-27,6am,retest,long,31.25,590,18510.5,18498.48076923077,18526.125,12.019230769230768,True,loss,-1.0,-1.0,2
2024-03-27,7am,retest,short,17.25,524,18537.0,18543.634615384617,18528.375,6.634615384615384,False,loss,-1.0,-1.0,11
2024-03-27,7am,retest,long,17.25,486,18519.75,18513.115384615383,18528.375,6.634615384615384,False,win,1.3,1.3,7
2024-03-27,7am,failure,long,17.25,481,18519.75,18513.115384615383,18528.375,6.634615384615384,False,win,1.3,1.3,12
2024-03-28,6am,retest,short,28.25,513,18506.5,18517.365384615383,18492.375,10.865384615384615,False,win,1.3,1.3,1
2024-03-28,6am,retest,long,28.25,456,18478.25,18467.384615384617,18492.375,10.865384615384615,False,win,1.3,1.3,21
2024-03-28,7am,retest,short,28.25,487,18502.75,18513.615384615383,18488.625,10.865384615384615,False,loss,-1.0,0.0,23
2024-03-28,7am,retest,long,28.25,575,18474.5,18463.634615384617,18488.625,10.865384615384615,True,win,1.3,0.0,2
2024-03-28,7am,failure,short,28.25,484,18502.75,18513.615384615383,18488.625,10.865384615384615,False,loss,-1.0,0.0,26
2024-04-01,6am,failure,short,14.5,578,18583.0,18588.576923076922,18575.75,5.576923076923077,True,loss,-1.0,-1.0,0
2024-04-01,7am,failure,short,51.75,578,18579.75,18599.653846153848,18553.875,19.903846153846153,True,loss,-1.0,-1.0,2
2024-04-02,6am,retest,long,41.5,450,18420.75,18404.78846153846,18441.5,15.961538461538462,False,loss,-1.0,-1.0,24
2024-04-02,7am,retest,long,44.0,504,18399.25,18382.326923076922,18421.25,16.923076923076923,False,loss,-1.0,0.0,15
2024-04-02,7am,failure,long,44.0,492,18399.25,18382.326923076922,18421.25,16.923076923076923,False,loss,-1.0,0.0,27
2024-04-03,6am,retest,short,26.75,431,18280.0,18290.28846153846,18266.625,10.288461538461538,False,loss,-1.0,-1.0,4
2024-04-03,6am,retest,long,26.75,560,18253.25,18242.96153846154,18266.625,10.288461538461538,False,loss,-1.0,-1.0,4
2024-04-03,6am,failure,short,26.75,421,18280.0,18290.28846153846,18266.625,10.288461538461538,False,loss,-1.0,-1.0,4
2024-04-03,7am,retest,short,41.5,492,18311.0,18326.96153846154,18290.25,15.961538461538462,False,win,1.3,1.3,9
2024-04-03,7am,retest,long,41.5,517,18269.5,18253.53846153846,18290.25,15.961538461538462,False,loss,-1.0,0.0,14
2024-04-03,7am,failure,short,41.5,484,18311.0,18326.96153846154,18290.25,15.961538461538462,False,win,1.3,1.3,17
2024-04-03,7am,failure,long,41.5,507,18269.5,18253.53846153846,18290.25,15.961538461538462,False,loss,-1.0,0.0,24
2024-04-05,6am,retest,short,21.25,491,18143.0,18151.173076923078,18132.375,8.173076923076923,False,loss,-1.0,-1.0,9
2024-04-05,6am,failure,short,21.25,421,18143.0,18151.173076923078,18132.375,8.173076923076923,False,loss,-1.0,0.0,35
2024-04-08,6am,retest,short,36.0,431,18315.0,18328.846153846152,18297.0,13.846153846153845,False,win,1.3,0.0,19
2024-04-08,6am,retest,long,36.0,578,18279.0,18265.153846153848,18297.0,13.846153846153845,True,loss,-1.0,-1.0,0
2024-04-08,7am,retest,short,43.0,501,18325.0,18341.53846153846,18303.5,16.538461538461537,False,loss,-1.0,-1.0,25
2024-04-08,7am,retest,long,43.0,578,18282.0,18265.46153846154,18303.5,16.538461538461537,True,loss,-1.0,-1.0,0
2024-04-08,7am,failure,short,43.0,499,18325.0,18341.53846153846,18303.5,16.538461538461537,False,loss,-1.0,-1.0,27
2024-04-09,6am,retest,short,72.0,442,18325.5,18353.19230769231,18289.5,27.69230769230769,False,loss,-1.0,-1.0,49
2024-04-09,6am,retest,long,72.0,634,18253.5,18225.80769230769,18289.5,27.69230769230769,True,loss,-1.0,-1.0,2
2024-04-09,6am,failure,short,72.0,435,18325.5,18353.19230769231,18289.5,27.69230769230769,False,loss,-1.0,-1.0,56
2024-04-09,7am,retest,short,60.5,483,18344.5,18367.76923076923,18314.25,23.26923076923077,False,loss,-1.0,-1.0,12
2024-04-09,7am,retest,long,60.5,735,18284.0,18260.73076923077,18314.25,23.26923076923077,True,loss,-1.0,0.0,39
2024-04-09,7am,failure,short,60.5,481,18344.5,18367.76923076923,18314.25,23.26923076923077,False,loss,-1.0,-1.0,14
2024-04-10,6am,retest,short,35.5,439,18376.75,18390.403846153848,18359.0,13.653846153846153,False,loss,-1.0,0.0,44
2024-04-10,7am,retest,short,17.0,501,18383.75,18390.28846153846,18375.25,6.538461538461538,False,loss,-1.0,0.0,6
2024-04-10,7am,failure,short,17.0,481,18383.75,18390.28846153846,18375.25,6.538461538461538,False,loss,-1.0,-1.0,2
2024-04-11,6am,failure,short,29.0,421,18171.0,18182.153846153848,18156.5,11.153846153846153,False,win,1.3,1.3,2
2024-04-12,6am,failure,short,66.5,471,18426.5,18452.076923076922,18393.25,25.576923076923077,False,win,1.3,0.0,31
2024-04-12,6am,failure,long,66.5,522,18360.0,18334.423076923078,18393.25,25.576923076923077,False,loss,-1.0,-1.0,1
2024-04-12,7am,failure,long,53.5,518,18376.0,18355.423076923078,18402.75,20.576923076923077,False,loss,-1.0,-1.0,4
2024-04-15,6am,retest,short,22.25,451,18288.0,18296.55769230769,18276.875,8.557692307692307,False,loss,-1.0,0.0,12
2024-04-15,7am,retest,short,33.5,500,18297.75,18310.634615384617,18281.0,12.884615384615385,False,win,1.3,1.3,10
2024-04-16,6am,retest,short,68.5,572,17860.5,17886.846153846152,17826.25,26.346153846153847,True,loss,-1.0,-1.0,3
2024-04-16,6am,failure,short,68.5,422,17860.5,17886.846153846152,17826.25,26.346153846153847,False,loss,-1.0,-1.0,12
2024-04-16,7am,retest,short,66.75,620,17918.5,17944.173076923078,17885.125,25.673076923076923,True,win,1.3,1.3,2
2024-04-16,7am,retest,long,66.75,583,17851.75,17826.076923076922,17885.125,25.673076923076923,True,loss,-1.0,0.0,3
2024-04-17,6am,retest,long,27.5,445,17915.25,17904.673076923078,17929.0,10.576923076923077,False,win,1.3,1.3,8
2024-04-17,6am,failure,long,27.5,441,17915.25,17904.673076923078,17929.0,10.576923076923077,False,win,1.3,1.3,12
2024-04-17,7am,retest,short,33.5,571,17938.0,17950.884615384617,17921.25,12.884615384615385,True,loss,-1.0,-1.0,0
2024-04-17,7am,retest,long,33.5,489,17904.5,17891.615384615383,17921.25,12.884615384615385,False,win,1.3,1.3,7
2024-04-17,7am,failure,short,33.5,544,17938.0,17950.884615384617,17921.25,12.884615384615385,False,loss,-1.0,0.0,9
2024-04-17,7am,failure,long,33.5,481,17904.5,17891.615384615383,17921.25,12.884615384615385,False,win,1.3,0.0,15
2024-04-18,6am,retest,long,37.0,507,17684.5,17670.26923076923,17703.0,14.23076923076923,False,loss,-1.0,-1.0,3
2024-04-18,7am,retest,long,30.0,494,17694.5,17682.96153846154,17709.5,11.538461538461538,False,loss,-1.0,-1.0,10
2024-04-19,6am,retest,short,56.75,576,17465.25,17487.076923076922,17436.875,21.826923076923077,True,win,1.3,1.3,1
2024-04-19,6am,retest,long,56.75,617,17408.5,17386.673076923078,17436.875,21.826923076923077,True,loss,-1.0,0.0,3
2024-04-19,6am,failure,short,56.75,438,17465.25,17487.076923076922,17436.875,21.826923076923077,False,loss,-1.0,-1.0,10
2024-04-19,6am,failure,long,56.75,615,17408.5,17386.673076923078,17436.875,21.826923076923077,True,loss,-1.0,0.0,5
2024-04-19,7am,retest,long,77.0,613,17430.5,17400.884615384617,17469.0,29.615384615384613,True,loss,-1.0,-1.0,2
2024-04-22,6am,retest,short,42.0,592,17314.25,17330.403846153848,17293.25,16.153846153846153,True,win,1.3,1.3,6
2024-04-22,6am,retest,long,42.0,432,17272.25,17256.096153846152,17293.25,16.153846153846153,False,win,1.3,1.3,7
2024-04-22,6am,failure,long,42.0,421,17272.25,17256.096153846152,17293.25,16.153846153846153,False,win,1.3,1.3,18
2024-04-22,7am,retest,short,42.5,522,17299.5,17315.846153846152,17278.25,16.346153846153847,False,win,1.3,0.0,49
2024-04-22,7am,retest,long,42.5,493,17257.0,17240.653846153848,17278.25,16.346153846153847,False,win,1.3,1.3,24
2024-04-23,6am,retest,short,45.75,425,17416.75,17434.346153846152,17393.875,17.596153846153847,False,win,1.3,1.3,43
2024-04-23,6am,retest,long,45.75,495,17371.0,17353.403846153848,17393.875,17.596153846153847,False,win,1.3,1.3,16
2024-04-23,6am,failure,long,45.75,490,17371.0,17353.403846153848,17393.875,17.596153846153847,False,win,1.3,1.3,21
2024-04-23,7am,retest,short,44.75,553,17429.75,17446.96153846154,17407.375,17.21153846153846,False,loss,-1.0,0.0,18
2024-04-23,7am,retest,long,44.75,487,17385.0,17367.78846153846,17407.375,17.21153846153846,False,loss,-1.0,-1.0,6
2024-04-23,7am,failure,short,44.75,551,17429.75,17446.96153846154,17407.375,17.21153846153846,False,loss,-1.0,0.0,20
2024-04-24,6am,retest,short,36.5,446,17711.5,17725.53846153846,17693.25,14.038461538461538,False,loss,-1.0,-1.0,20
2024-04-24,6am,retest,long,36.5,699,17675.0,17660.96153846154,17693.25,14.038461538461538,True,loss,-1.0,-1.0,3
2024-04-24,6am,failure,short,36.5,444,17711.5,17725.53846153846,17693.25,14.038461538461538,False,loss,-1.0,-1.0,22
2024-04-24,7am,retest,short,38.5,517,17731.0,17745.80769230769,17711.75,14.807692307692307,False,win,1.3,1.3,10
2024-04-24,7am,retest,long,38.5,555,17692.5,17677.69230769231,17711.75,14.807692307692307,False,win,1.3,1.3,10
2024-04-24,7am,failure,short,38.5,501,17731.0,17745.80769230769,17711.75,14.807692307692307,False,loss,-1.0,-1.0,10
2024-04-25,6am,retest,short,47.25,870,17521.25,17539.423076923078,17497.625,18.173076923076923,True,loss,-1.0,0.0,1
2024-04-25,6am,retest,long,47.25,428,17474.0,17455.826923076922,17497.625,18.173076923076923,False,win,1.3,1.3,11
2024-04-25,6am,failure,long,47.25,422,17474.0,17455.826923076922,17497.625,18.173076923076923,False,win,1.3,0.0,17
2024-04-25,7am,retest,short,41.5,778,17503.0,17518.96153846154,17482.25,15.961538461538462,True,win,1.3,0.0,13
2024-04-26,6am,retest,short,31.75,452,17748.0,17760.21153846154,17732.125,12.211538461538462,False,win,1.3,1.3,10
2024-04-26,6am,failure,short,31.75,429,17748.0,17760.21153846154,17732.125,12.211538461538462,False,loss,-1.0,-1.0,4
2024-04-26,6am,failure,long,31.75,508,17716.25,17704.03846153846,17732.125,12.211538461538462,False,win,1.3,0.0,2
2024-04-29,6am,retest,short,43.0,452,17908.0,17924.53846153846,17886.5,16.538461538461537,False,loss,-1.0,-1.0,51
2024-04-29,6am,retest,long,43.0,590,17865.0,17848.46153846154,17886.5,16.538461538461537,True,loss,-1.0,-1.0,1
2024-04-29,7am,retest,short,37.5,505,17920.75,17935.173076923078,17902.0,14.423076923076923,False,loss,-1.0,0.0,66
2024-04-29,7am,failure,short,37.5,502,17920.75,17935.173076923078,17902.0,14.423076923076923,False,loss,-1.0,0.0,69
2024-04-30,7am,failure,long,24.25,491,17870.25,17860.923076923078,17882.375,9.326923076923077,False,win,1.3,1.3,8
2024-05-01,6am,retest,short,48.75,430,17460.75,17479.5,17436.375,18.75,False,loss,-1.0,0.0,72
2024-05-01,6am,failure,short,48.75,421,17460.75,17479.5,17436.375,18.75,False,loss,-1.0,0.0,81
2024-05-01,7am,retest,short,34.75,501,17472.75,17486.115384615383,17455.375,13.365384615384615,False,loss,-1.0,-1.0,9
2024-05-01,7am,failure,short,34.75,498,17472.75,17486.115384615383,17455.375,13.365384615384615,False,loss,-1.0,-1.0,12
2024-05-01,7am,failure,long,34.75,611,17438.0,17424.634615384617,17455.375,13.365384615384615,True,win,1.3,1.3,3
2024-05-02,6am,retest,short,28.5,436,17605.25,17616.21153846154,17591.0,10.961538461538462,False,win,1.3,1.3,15
2024-05-02,6am,retest,long,28.5,481,17576.75,17565.78846153846,17591.0,10.961538461538462,False,win,1.3,1.3,9
2024-05-02,6am,failure,short,28.5,428,17605.25,17616.21153846154,17591.0,10.961538461538462,False,win,1.3,1.3,23
2024-05-02,7am,retest,short,46.75,859,17613.75,17631.73076923077,17590.375,17.98076923076923,True,loss,-1.0,-1.0,11
2024-05-02,7am,retest,long,46.75,550,17567.0,17549.01923076923,17590.375,17.98076923076923,False,win,1.3,1.3,20
2024-05-02,7am,failure,short,46.75,523,17613.75,17631.73076923077,17590.375,17.98076923076923,False,win,1.3,1.3,11
2024-05-06,6am,retest,short,18.5,504,18059.75,18066.865384615383,18050.5,7.115384615384615,False,loss,-1.0,-1.0,4
2024-05-06,6am,retest,long,18.5,432,18041.25,18034.134615384617,18050.5,7.115384615384615,False,win,1.3,1.3,31
2024-05-06,6am,failure,short,18.5,502,18059.75,18066.865384615383,18050.5,7.115384615384615,False,loss,-1.0,-1.0,6
2024-05-06,6am,failure,long,18.5,426,18041.25,18034.134615384617,18050.5,7.115384615384615,False,win,1.3,0.0,37
2024-05-06,7am,retest,short,15.5,571,18052.25,18058.21153846154,18044.5,5.961538461538462,True,loss,-1.0,-1.0,0
2024-05-06,7am,failure,short,15.5,497,18052.25,18058.21153846154,18044.5,5.961538461538462,False,loss,-1.0,-1.0,3
2024-05-07,6am,retest,short,17.75,528,18183.0,18189.826923076922,18174.125,6.826923076923077,False,loss,-1.0,-1.0,5
2024-05-07,6am,retest,long,17.75,452,18165.25,18158.423076923078,18174.125,6.826923076923077,False,loss,-1.0,-1.0,6
2024-05-07,6am,failure,short,17.75,423,18183.0,18189.826923076922,18174.125,6.826923076923077,False,win,1.3,1.3,5
2024-05-07,7am,retest,short,34.0,860,18185.0,18198.076923076922,18168.0,13.076923076923077,True,win,1.3,0.0,16
2024-05-08,6am,retest,short,20.25,636,18200.0,18207.78846153846,18189.875,7.788461538461538,True,loss,-1.0,-1.0,5
2024-05-08,6am,failure,short,20.25,626,18200.0,18207.78846153846,18189.875,7.788461538461538,True,loss,-1.0,0.0,2
2024-05-08,7am,retest,short,38.0,677,18185.0,18199.615384615383,18166.0,14.615384615384615,True,win,1.3,0.0,30
2024-05-08,7am,retest,long,38.0,483,18147.0,18132.384615384617,18166.0,14.615384615384615,False,loss,-1.0,-1.0,8
2024-05-08,7am,failure,long,38.0,481,18147.0,18132.384615384617,18166.0,14.615384615384615,False,loss,-1.0,-1.0,10
2024-05-09,6am,retest,short,27.25,461,18155.25,18165.73076923077,18141.625,10.48076923076923,False,win,1.3,1.3,30
2024-05-09,6am,retest,long,27.25,585,18128.0,18117.51923076923,18141.625,10.48076923076923,True,loss,-1.0,-1.0,3
2024-05-09,7am,retest,long,38.75,587,18125.75,18110.846153846152,18145.125,14.903846153846153,True,loss,-1.0,-1.0,2
2024-05-09,7am,failure,long,38.75,583,18125.75,18110.846153846152,18145.125,14.903846153846153,True,loss,-1.0,0.0,6
2024-05-10,6am,retest,short,18.25,576,18303.75,18310.76923076923,18294.625,7.019230769230769,True,loss,-1.0,-1.0,0
2024-05-10,6am,retest,long,18.25,445,18285.5,18278.48076923077,18294.625,7.019230769230769,False,loss,-1.0,0.0,28
2024-05-10,6am,failure,long,18.25,433,18285.5,18278.48076923077,18294.625,7.019230769230769,False,loss,-1.0,0.0,40
2024-05-10,7am,retest,short,23.75,576,18301.5,18310.634615384617,18289.625,9.134615384615385,True,loss,-1.0,-1.0,0
2024-05-10,7am,retest,long,23.75,566,18277.75,18268.615384615383,18289.625,9.134615384615385,False,loss,-1.0,-1.0,4
2024-05-10,7am,failure,long,23.75,518,18277.75,18268.615384615383,18289.625,9.134615384615385,False,loss,-1.0,-1.0,4
2024-05-13,6am,retest,short,19.5,430,18304.75,18312.25,18295.0,7.5,False,loss,-1.0,-1.0,4
2024-05-13,6am,retest,long,19.5,600,18285.25,18277.75,18295.0,7.5,True,win,1.3,1.3,3
2024-05-13,6am,failure,long,19.5,580,18285.25,18277.75,18295.0,7.5,True,loss,-1.0,-1.0,0
2024-05-13,7am,failure,short,23.75,488,18321.0,18330.134615384617,18309.125,9.134615384615385,False,win,1.3,1.3,9
2024-05-14,6am,retest,short,14.25,597,18304.25,18309.73076923077,18297.125,5.480769230769231,True,win,1.3,1.3,2
2024-05-14,6am,retest,long,14.25,464,18290.0,18284.51923076923,18297.125,5.480769230769231,False,loss,-1.0,-1.0,16
2024-05-14,7am,retest,long,23.75,560,18280.0,18270.865384615383,18291.875,9.134615384615385,False,loss,-1.0,-1.0,9
2024-05-15,6am,retest,short,13.0,437,18415.5,18420.5,18409.0,5.0,False,win,1.3,0.0,13
2024-05-15,6am,failure,long,13.0,500,18402.5,18397.5,18409.0,5.0,False,loss,-1.0,-1.0,1
2024-05-15,7am,retest,long,14.25,499,18404.0,18398.51923076923,18411.125,5.480769230769231,False,loss,-1.0,-1.0,2
2024-05-15,7am,failure,long,14.25,496,18404.0,18398.51923076923,18411.125,5.480769230769231,False,loss,-1.0,-1.0,5
2024-05-16,6am,retest,short,11.0,722,18725.75,18729.98076923077,18720.25,4.230769230769231,True,win,1.3,0.0,2
2024-05-16,7am,retest,short,13.25,722,18725.5,18730.596153846152,18718.875,5.096153846153846,True,win,1.3,0.0,3
2024-05-16,7am,retest,long,13.25,482,18712.25,18707.153846153848,18718.875,5.096153846153846,False,win,1.3,1.3,19
2024-05-17,6am,failure,long,20.5,574,18646.5,18638.615384615383,18656.75,7.884615384615384,True,win,1.3,0.0,3
2024-05-17,7am,retest,short,22.25,511,18677.25,18685.80769230769,18666.125,8.557692307692307,False,loss,-1.0,-1.0,27
2024-05-17,7am,retest,long,22.25,571,18655.0,18646.44230769231,18666.125,8.557692307692307,True,loss,-1.0,0.0,2
2024-05-20,6am,retest,short,13.5,422,18678.5,18683.69230769231,18671.75,5.1923076923076925,False,win,1.3,1.3,7
2024-05-20,6am,retest,long,13.5,520,18665.0,18659.80769230769,18671.75,5.1923076923076925,False,loss,-1.0,-1.0,0
2024-05-20,6am,failure,long,13.5,516,18665.0,18659.80769230769,18671.75,5.1923076923076925,False,loss,-1.0,-1.0,4
2024-05-20,7am,retest,long,20.75,514,18668.75,18660.76923076923,18679.125,7.980769230769231,False,loss,-1.0,-1.0,6
2024-05-20,7am,failure,long,20.75,511,18668.75,18660.76923076923,18679.125,7.980769230769231,False,loss,-1.0,-1.0,9
2024-05-21,6am,retest,short,17.0,446,18753.75,18760.28846153846,18745.25,6.538461538461538,False,win,1.3,0.0,41
2024-05-21,6am,failure,short,17.0,421,18753.75,18760.28846153846,18745.25,6.538461538461538,False,win,1.3,0.0,66
2024-05-21,6am,failure,long,17.0,501,18736.75,18730.21153846154,18745.25,6.538461538461538,False,loss,-1.0,-1.0,9
2024-05-21,7am,retest,short,11.25,686,18760.0,18764.326923076922,18754.375,4.326923076923077,True,win,1.3,1.3,1
2024-05-21,7am,retest,long,11.25,484,18748.75,18744.423076923078,18754.375,4.326923076923077,False,win,1.3,0.0,7
2024-05-21,7am,failure,short,11.25,664,18760.0,18764.326923076922,18754.375,4.326923076923077,True,win,1.3,1.3,1
2024-05-22,6am,retest,short,27.5,818,18782.5,18793.076923076922,18768.75,10.576923076923077,True,win,1.3,0.0,2
2024-05-22,7am,retest,short,36.75,579,18811.5,18825.634615384617,18793.125,14.134615384615383,True,win,1.3,1.3,2
2024-05-22,7am,retest,long,36.75,822,18774.75,18760.615384615383,18793.125,14.134615384615383,True,loss,-1.0,0.0,2
2024-05-22,7am,failure,long,36.75,818,18774.75,18760.615384615383,18793.125,14.134615384615383,True,loss,-1.0,0.0,6
2024-05-23,6am,retest,long,28.5,576,18942.5,18931.53846153846,18956.75,10.961538461538462,True,loss,-1.0,0.0,4
2024-05-23,6am,failure,long,28.5,573,18942.5,18931.53846153846,18956.75,10.961538461538462,True,loss,-1.0,0.0,2
2024-05-24,6am,retest,short,23.5,428,18753.5,18762.53846153846,18741.75,9.038461538461538,False,win,1.3,1.3,18
2024-05-24,6am,retest,long,23.5,504,18730.0,18720.96153846154,18741.75,9.038461538461538,False,win,1.3,0.0,7
2024-05-24,6am,failure,long,23.5,501,18730.0,18720.96153846154,18741.75,9.038461538461538,False,win,1.3,0.0,10
2024-05-24,7am,retest,short,26.0,518,18762.0,18772.0,18749.0,10.0,False,loss,-1.0,-1.0,1
2024-05-24,7am,retest,long,26.0,503,18736.0,18726.0,18749.0,10.0,False,loss,-1.0,-1.0,5
2024-05-24,7am,failure,long,26.0,500,18736.0,18726.0,18749.0,10.0,False,loss,-1.0,-1.0,8
2024-05-27,6am,retest,short,15.25,514,18881.75,18887.615384615383,18874.125,5.865384615384615,False,win,1.3,1.3,3
2024-05-27,6am,failure,short,15.25,482,18881.75,18887.615384615383,18874.125,5.865384615384615,False,win,1.3,0.0,35
2024-05-27,7am,retest,short,10.5,514,18881.5,18885.53846153846,18876.25,4.038461538461538,False,win,1.3,1.3,1
2024-05-27,7am,retest,long,10.5,541,18871.0,18866.96153846154,18876.25,4.038461538461538,False,win,1.3,1.3,9
2024-05-27,7am,failure,short,10.5,481,18881.5,18885.53846153846,18876.25,4.038461538461538,False,win,1.3,0.0,4
2024-05-28,6am,retest,long,55.75,423,18915.25,18893.80769230769,18943.125,21.44230769230769,False,loss,-1.0,0.0,153
2024-05-28,7am,retest,long,24.5,531,18909.25,18899.826923076922,18921.5,9.423076923076923,False,win,1.3,1.3,2
2024-05-28,7am,failure,long,24.5,525,18909.25,18899.826923076922,18921.5,9.423076923076923,False,loss,-1.0,-1.0,2
2024-05-29,6am,retest,short,25.25,593,18832.5,18842.21153846154,18819.875,9.711538461538462,True,loss,-1.0,-1.0,0
2024-05-29,6am,retest,long,25.25,436,18807.25,18797.53846153846,18819.875,9.711538461538462,False,loss,-1.0,-1.0,11
2024-05-29,6am,failure,short,25.25,496,18832.5,18842.21153846154,18819.875,9.711538461538462,False,win,1.3,1.3,6
2024-05-29,7am,retest,long,32.0,571,18795.25,18782.94230769231,18811.25,12.307692307692307,True,loss,-1.0,0.0,3
2024-05-29,7am,failure,short,32.0,494,18827.25,18839.55769230769,18811.25,12.307692307692307,False,win,1.3,1.3,12
2024-05-30,6am,retest,short,43.5,498,18758.5,18775.23076923077,18736.75,16.73076923076923,False,loss,-1.0,0.0,12
2024-05-30,6am,failure,short,43.5,466,18758.5,18775.23076923077,18736.75,16.73076923076923,False,loss,-1.0,0.0,44
2024-05-30,7am,retest,short,20.75,537,18761.25,18769.23076923077,18750.875,7.980769230769231,False,win,1.3,0.0,12
2024-05-31,6am,retest,short,64.75,463,18549.75,18574.653846153848,18517.375,24.903846153846153,False,loss,-1.0,-1.0,42
2024-05-31,6am,retest,long,64.75,946,18485.0,18460.096153846152,18517.375,24.903846153846153,True,win,1.3,1.3,4
2024-05-31,6am,failure,long,64.75,615,18485.0,18460.096153846152,18517.375,24.903846153846153,True,loss,-1.0,-1.0,5
2024-05-31,7am,retest,short,51.75,493,18566.25,18586.153846153848,18540.375,19.903846153846153,False,loss,-1.0,-1.0,17
2024-05-31,7am,failure,short,51.75,482,18566.25,18586.153846153848,18540.375,19.903846153846153,False,loss,-1.0,-1.0,28
2024-05-31,7am,failure,long,51.75,601,18514.5,18494.596153846152,18540.375,19.903846153846153,True,win,1.3,1.3,6
2024-06-03,6am,retest,short,23.25,441,18681.0,18689.94230769231,18669.375,8.942307692307692,False,win,1.3,1.3,4
2024-06-03,6am,failure,short,23.25,434,18681.0,18689.94230769231,18669.375,8.942307692307692,False,win,1.3,1.3,11
2024-06-03,7am,retest,short,32.25,500,18691.5,18703.903846153848,18675.375,12.403846153846153,False,loss,-1.0,0.0,49
2024-06-03,7am,retest,long,32.25,611,18659.25,18646.846153846152,18675.375,12.403846153846153,True,win,1.3,0.0,2
2024-06-03,7am,failure,short,32.25,486,18691.5,18703.903846153848,18675.375,12.403846153846153,False,loss,-1.0,0.0,63
2024-06-04,6am,retest,short,38.75,488,18568.75,18583.653846153848,18549.375,14.903846153846153,False,loss,-1.0,-1.0,11
2024-06-04,7am,failure,short,42.75,481,18598.25,18614.69230769231,18576.875,16.442307692307693,False,win,1.3,1.3,3
2024-06-05,6am,retest,short,23.5,501,18798.0,18807.03846153846,18786.25,9.038461538461538,False,win,1.3,0.0,10
2024-06-05,6am,retest,long,23.5,432,18774.5,18765.46153846154,18786.25,9.038461538461538,False,win,1.3,0.0,15
2024-06-05,6am,failure,short,23.5,459,18798.0,18807.03846153846,18786.25,9.038461538461538,False,loss,-1.0,-1.0,1
2024-06-05,7am,retest,short,50.25,529,18815.0,18834.326923076922,18789.875,19.326923076923077,False,loss,-1.0,-1.0,17
2024-06-05,7am,failure,short,50.25,495,18815.0,18834.326923076922,18789.875,19.326923076923077,False,win,1.3,1.3,4
2024-06-06,6am,retest,short,17.25,441,19097.0,19103.634615384617,19088.375,6.634615384615384,False,win,1.3,1.3,25
2024-06-06,6am,retest,long,17.25,525,19079.75,19073.115384615383,19088.375,6.634615384615384,False,win,1.3,0.0,7
2024-06-06,6am,failure,short,17.25,426,19097.0,19103.634615384617,19088.375,6.634615384615384,False,win,1.3,0.0,40
2024-06-06,6am,failure,long,17.25,516,19079.75,19073.115384615383,19088.375,6.634615384615384,False,loss,-1.0,-1.0,0
2024-06-06,7am,retest,short,14.25,503,19101.25,19106.73076923077,19094.125,5.480769230769231,False,win,1.3,0.0,2
2024-06-06,7am,failure,long,14.25,514,19087.0,19081.51923076923,19094.125,5.480769230769231,False,loss,-1.0,-1.0,1
2024-06-07,6am,retest,long,17.5,437,19064.25,19057.51923076923,19073.0,6.730769230769231,False,loss,-1.0,-1.0,9
2024-06-07,6am,failure,long,17.5,423,19064.25,19057.51923076923,19073.0,6.730769230769231,False,loss,-1.0,-1.0,11
2024-06-07,7am,retest,short,45.75,652,19098.0,19115.596153846152,19075.125,17.596153846153847,True,win,1.3,1.3,4
2024-06-07,7am,retest,long,45.75,592,19052.25,19034.653846153848,19075.125,17.596153846153847,True,loss,-1.0,0.0,5
2024-06-07,7am,failure,short,45.75,484,19098.0,19115.596153846152,19075.125,17.596153846153847,False,loss,-1.0,0.0,26
2024-06-10,6am,retest,short,42.5,463,19038.0,19054.346153846152,19016.75,16.346153846153847,False,win,1.3,1.3,56
2024-06-10,6am,retest,long,42.5,541,18995.5,18979.153846153848,19016.75,16.346153846153847,False,loss,-1.0,-1.0,20
2024-06-10,7am,retest,short,25.0,633,19039.5,19049.115384615383,19027.0,9.615384615384615,True,win,1.3,1.3,1
2024-06-10,7am,retest,long,25.0,524,19014.5,19004.884615384617,19027.0,9.615384615384615,False,loss,-1.0,-1.0,10
2024-06-10,7am,failure,short,25.0,631,19039.5,19049.115384615383,19027.0,9.615384615384615,True,win,1.3,1.3,3
2024-06-10,7am,failure,long,25.0,521,19014.5,19004.884615384617,19027.0,9.615384615384615,False,loss,-1.0,-1.0,13
2024-06-11,6am,retest,short,28.5,494,19066.0,19076.96153846154,19051.75,10.961538461538462,False,win,1.3,1.3,22
2024-06-11,6am,retest,long,28.5,432,19037.5,19026.53846153846,19051.75,10.961538461538462,False,win,1.3,0.0,25
2024-06-11,6am,failure,short,28.5,487,19066.0,19076.96153846154,19051.75,10.961538461538462,False,win,1.3,0.0,29
2024-06-11,7am,retest,short,31.75,490,19061.25,19073.46153846154,19045.375,12.211538461538462,False,win,1.3,0.0,54
2024-06-11,7am,retest,long,31.75,592,19029.5,19017.28846153846,19045.375,12.211538461538462,True,loss,-1.0,-1.0,1
2024-06-12,6am,retest,short,14.0,433,19274.0,19279.384615384617,19267.0,5.384615384615384,False,win,1.3,0.0,27
2024-06-12,6am,failure,short,14.0,430,19274.0,19279.384615384617,19267.0,5.384615384615384,False,win,1.3,0.0,30
2024-06-13,6am,retest,short,35.75,424,19619.75,19633.5,19601.875,13.75,False,loss,-1.0,0.0,69
2024-06-13,6am,retest,long,35.75,633,19584.0,19570.25,19601.875,13.75,True,loss,-1.0,-1.0,0
2024-06-13,7am,retest,short,23.25,527,19629.0,19637.94230769231,19617.375,8.942307692307692,False,win,1.3,0.0,3
2024-06-13,7am,retest,long,23.25,705,19605.75,19596.80769230769,19617.375,8.942307692307692,True,loss,-1.0,-1.0,0
2024-06-13,7am,failure,long,23.25,612,19605.75,19596.80769230769,19617.375,8.942307692307692,True,loss,-1.0,-1.0,0
2024-06-14,6am,retest,long,42.5,437,19521.0,19504.653846153848,19542.25,16.346153846153847,False,win,1.3,0.0,9
2024-06-14,7am,retest,short,65.5,506,19567.0,19592.19230769231,19534.25,25.19230769230769,False,loss,-1.0,-1.0,72
2024-06-17,6am,retest,short,28.5,466,19984.5,19995.46153846154,19970.25,10.961538461538462,False,win,1.3,0.0,44
2024-06-17,6am,retest,long,28.5,529,19956.0,19945.03846153846,19970.25,10.961538461538462,False,loss,-1.0,-1.0,5
2024-06-17,6am,failure,short,28.5,445,19984.5,19995.46153846154,19970.25,10.961538461538462,False,win,1.3,0.0,65
2024-06-17,6am,failure,long,28.5,518,19956.0,19945.03846153846,19970.25,10.961538461538462,False,loss,-1.0,0.0,16
2024-06-17,7am,retest,short,20.25,662,19988.0,19995.78846153846,19977.875,7.788461538461538,True,loss,-1.0,-1.0,3
2024-06-18,6am,retest,long,29.25,435,20218.25,20207.0,20232.875,11.25,False,win,1.3,1.3,51
2024-06-18,7am,retest,short,22.0,510,20233.5,20241.96153846154,20222.5,8.461538461538462,False,loss,-1.0,-1.0,0
2024-06-18,7am,retest,long,22.0,516,20211.5,20203.03846153846,20222.5,8.461538461538462,False,loss,-1.0,0.0,4
2024-06-18,7am,failure,short,22.0,503,20233.5,20241.96153846154,20222.5,8.461538461538462,False,loss,-1.0,-1.0,7
2024-06-19,6am,retest,short,13.25,445,20244.25,20249.346153846152,20237.625,5.096153846153846,False,win,1.3,1.3,23
2024-06-19,6am,retest,long,13.25,639,20231.0,20225.903846153848,20237.625,5.096153846153846,True,win,1.3,1.3,5
2024-06-19,6am,failure,short,13.25,423,20244.25,20249.346153846152,20237.625,5.096153846153846,False,win,1.3,0.0,45
2024-06-19,7am,retest,short,11.5,544,20245.5,20249.923076923078,20239.75,4.423076923076923,False,loss,-1.0,-1.0,3
2024-06-19,7am,retest,long,11.5,499,20234.0,20229.576923076922,20239.75,4.423076923076923,False,win,1.3,1.3,23
2024-06-19,7am,failure,long,11.5,483,20234.0,20229.576923076922,20239.75,4.423076923076923,False,win,1.3,0.0,39
2024-06-20,7am,retest,long,39.0,493,20291.0,20276.0,20310.5,15.0,False,loss,-1.0,0.0,21
2024-06-21,6am,retest,short,46.25,432,20029.5,20047.28846153846,20006.375,17.788461538461537,False,win,1.3,0.0,36
2024-06-21,6am,retest,long,46.25,497,19983.25,19965.46153846154,20006.375,17.788461538461537,False,win,1.3,0.0,15
2024-06-21,6am,failure,long,46.25,481,19983.25,19965.46153846154,20006.375,17.788461538461537,False,win,1.3,0.0,31
2024-06-21,7am,retest,short,53.25,745,20043.25,20063.73076923077,20016.625,20.48076923076923,True,win,1.3,1.3,20
2024-06-21,7am,retest,long,53.25,487,19990.0,19969.51923076923,20016.625,20.48076923076923,False,win,1.3,1.3,30
2024-06-21,7am,failure,short,53.25,568,20043.25,20063.73076923077,20016.625,20.48076923076923,False,win,1.3,1.3,1
2024-06-24,6am,retest,short,27.75,430,19977.5,19988.173076923078,19963.625,10.673076923076923,False,win,1.3,1.3,15
2024-06-24,6am,retest,long,27.75,492,19949.75,19939.076923076922,19963.625,10.673076923076923,False,loss,-1.0,-1.0,4
2024-06-24,6am,failure,short,27.75,422,19977.5,19988.173076923078,19963.625,10.673076923076923,False,win,1.3,1.3,23
2024-06-24,6am,failure,long,27.75,481,19949.75,19939.076923076922,19963.625,10.673076923076923,False,loss,-1.0,-1.0,1
2024-06-24,7am,retest,long,33.25,492,19950.5,19937.71153846154,19967.125,12.788461538461538,False,win,1.3,1.3,12
2024-06-25,6am,retest,long,22.0,481,19822.5,19814.03846153846,19833.5,8.461538461538462,False,win,1.3,1.3,6
2024-06-25,6am,failure,long,22.0,460,19822.5,19814.03846153846,19833.5,8.461538461538462,False,loss,-1.0,-1.0,3
2024-06-25,7am,retest,short,46.0,786,19851.0,19868.69230769231,19828.0,17.692307692307693,True,loss,-1.0,0.0,4
2024-06-25,7am,retest,long,46.0,580,19805.0,19787.30769230769,19828.0,17.692307692307693,True,win,1.3,1.3,2
2024-06-26,6am,retest,long,34.25,450,19992.0,19978.826923076922,20009.125,13.173076923076923,False,loss,-1.0,-1.0,43
2024-06-26,7am,retest,long,28.75,503,19980.75,19969.69230769231,19995.125,11.057692307692307,False,loss,-1.0,-1.0,6
2024-06-27,6am,retest,short,19.75,518,19992.5,20000.096153846152,19982.625,7.596153846153846,False,loss,-1.0,-1.0,0
2024-06-27,6am,retest,long,19.75,428,19972.75,19965.153846153848,19982.625,7.596153846153846,False,loss,-1.0,-1.0,3
2024-06-27,7am,retest,short,24.5,689,19985.0,19994.423076923078,19972.75,9.423076923076923,True,loss,-1.0,-1.0,0
2024-06-27,7am,retest,long,24.5,697,19960.5,19951.076923076922,19972.75,9.423076923076923,True,win,1.3,1.3,1
2024-06-28,7am,retest,short,10.75,590,20129.5,20133.634615384617,20124.125,4.134615384615384,True,loss,-1.0,-1.0,0
2024-07-01,6am,retest,short,28.25,425,19958.25,19969.115384615383,19944.125,10.865384615384615,False,loss,-1.0,-1.0,8
2024-07-01,6am,retest,long,28.25,582,19930.0,19919.134615384617,19944.125,10.865384615384615,True,win,1.3,1.3,1
2024-07-01,7am,retest,short,32.25,500,19983.25,19995.653846153848,19967.125,12.403846153846153,False,win,1.3,0.0,21
2024-07-01,7am,retest,long,32.25,576,19951.0,19938.596153846152,19967.125,12.403846153846153,True,win,1.3,1.3,2
2024-07-02,6am,retest,short,21.75,547,19966.5,19974.865384615383,19955.625,8.365384615384615,False,loss,-1.0,-1.0,8
2024-07-02,6am,retest,long,21.75,432,19944.75,19936.384615384617,19955.625,8.365384615384615,False,loss,-1.0,-1.0,1
2024-07-02,6am,failure,long,21.75,430,19944.75,19936.384615384617,19955.625,8.365384615384615,False,loss,-1.0,-1.0,3
2024-07-02,7am,retest,short,54.5,547,19964.5,19985.46153846154,19937.25,20.96153846153846,False,loss,-1.0,-1.0,17
2024-07-02,7am,failure,short,54.5,545,19964.5,19985.46153846154,19937.25,20.96153846153846,False,loss,-1.0,-1.0,19
2024-07-03,6am,retest,long,14.75,429,20256.5,20250.826923076922,20263.875,5.6730769230769225,False,loss,-1.0,-1.0,3
2024-07-03,7am,retest,short,25.75,588,20263.75,20273.653846153848,20250.875,9.903846153846153,True,loss,-1.0,0.0,4
2024-07-03,7am,retest,long,25.75,496,20238.0,20228.096153846152,20250.875,9.903846153846153,False,loss,-1.0,-1.0,10
2024-07-03,7am,failure,long,25.75,493,20238.0,20228.096153846152,20250.875,9.903846153846153,False,loss,-1.0,0.0,13
2024-07-04,6am,retest,short,9.25,544,20407.25,20410.80769230769,20402.625,3.5576923076923075,False,win,1.3,1.3,26
2024-07-04,6am,failure,short,9.25,522,20407.25,20410.80769230769,20402.625,3.5576923076923075,False,win,1.3,1.3,48
2024-07-04,7am,retest,short,4.25,526,20406.5,20408.134615384617,20404.375,1.6346153846153846,False,loss,-1.0,0.0,20
2024-07-05,6am,retest,short,22.0,518,20449.5,20457.96153846154,20438.5,8.461538461538462,False,win,1.3,1.3,1
2024-07-05,6am,retest,long,22.0,495,20427.5,20419.03846153846,20438.5,8.461538461538462,False,win,1.3,1.3,7
2024-07-05,7am,retest,long,21.0,495,20427.0,20418.923076923078,20437.5,8.076923076923077,False,win,1.3,1.3,7
2024-07-08,6am,retest,short,10.25,433,20618.25,20622.19230769231,20613.125,3.942307692307692,False,loss,-1.0,-1.0,1
2024-07-08,6am,failure,short,10.25,428,20618.25,20622.19230769231,20613.125,3.942307692307692,False,loss,-1.0,-1.0,1
2024-07-08,6am,failure,long,10.25,421,20608.0,20604.05769230769,20613.125,3.942307692307692,False,win,1.3,1.3,4
2024-07-08,7am,retest,short,26.25,522,20631.25,20641.346153846152,20618.125,10.096153846153845,False,loss,-1.0,-1.0,36
2024-07-08,7am,retest,long,26.25,639,20605.0,20594.903846153848,20618.125,10.096153846153845,True,loss,-1.0,0.0,5
2024-07-08,7am,failure,short,26.25,487,20631.25,20641.346153846152,20618.125,10.096153846153845,False,loss,-1.0,-1.0,71
2024-07-08,7am,failure,long,26.25,576,20605.0,20594.903846153848,20618.125,10.096153846153845,True,win,1.3,1.3,2
2024-07-09,6am,retest,long,13.25,448,20731.0,20725.903846153848,20737.625,5.096153846153846,False,loss,-1.0,-1.0,13
2024-07-09,6am,failure,short,13.25,425,20744.25,20749.346153846152,20737.625,5.096153846153846,False,win,1.3,1.3,7
2024-07-09,6am,failure,long,13.25,441,20731.0,20725.903846153848,20737.625,5.096153846153846,False,loss,-1.0,-1.0,20
2024-07-09,7am,retest,short,26.75,574,20745.25,20755.53846153846,20731.875,10.288461538461538,True,loss,-1.0,-1.0,0
2024-07-09,7am,retest,long,26.75,531,20718.5,20708.21153846154,20731.875,10.288461538461538,False,win,1.3,0.0,39
2024-07-09,7am,failure,long,26.75,503,20718.5,20708.21153846154,20731.875,10.288461538461538,False,loss,-1.0,-1.0,15
2024-07-10,6am,failure,long,17.0,578,20725.0,20718.46153846154,20733.5,6.538461538461538,True,win,1.3,1.3,1
2024-07-10,7am,retest,short,29.75,489,20760.0,20771.44230769231,20745.125,11.442307692307692,False,win,1.3,0.0,83
2024-07-10,7am,failure,long,29.75,577,20730.25,20718.80769230769,20745.125,11.442307692307692,True,win,1.3,0.0,3
2024-07-11,7am,retest,long,7.75,487,20879.25,20876.26923076923,20883.125,2.980769230769231,False,win,1.3,1.3,3
2024-07-11,7am,failure,long,7.75,484,20879.25,20876.26923076923,20883.125,2.980769230769231,False,win,1.3,0.0,6
2024-07-12,6am,retest,short,34.0,538,20447.0,20460.076923076922,20430.0,13.076923076923077,False,win,1.3,0.0,5
2024-07-12,6am,retest,long,34.0,431,20413.0,20399.923076923078,20430.0,13.076923076923077,False,win,1.3,1.3,9
2024-07-12,6am,failure,long,34.0,427,20413.0,20399.923076923078,20430.0,13.076923076923077,False,win,1.3,1.3,13
2024-07-12,7am,retest,short,41.5,538,20445.5,20461.46153846154,20424.75,15.961538461538462,False,win,1.3,0.0,25
2024-07-12,7am,failure,long,41.5,511,20404.0,20388.03846153846,20424.75,15.961538461538462,False,win,1.3,1.3,1
2024-07-15,6am,retest,short,28.0,428,20635.75,20646.51923076923,20621.75,10.769230769230768,False,loss,-1.0,-1.0,23
2024-07-15,6am,failure,short,28.0,426,20635.75,20646.51923076923,20621.75,10.769230769230768,False,loss,-1.0,-1.0,25
2024-07-15,6am,failure,long,28.0,482,20607.75,20596.98076923077,20621.75,10.769230769230768,False,win,1.3,1.3,6
2024-07-15,7am,failure,short,36.25,581,20652.5,20666.44230769231,20634.375,13.942307692307692,True,win,1.3,1.3,2
2024-07-16,6am,retest,short,39.25,430,20635.5,20650.596153846152,20615.875,15.096153846153845,False,win,1.3,0.0,80
2024-07-16,6am,retest,long,39.25,669,20596.25,20581.153846153848,20615.875,15.096153846153845,True,loss,-1.0,0.0,4
2024-07-16,6am,failure,short,39.25,424,20635.5,20650.596153846152,20615.875,15.096153846153845,False,win,1.3,0.0,86
2024-07-16,7am,retest,short,20.5,520,20637.5,20645.384615384617,20627.25,7.884615384615384,False,loss,-1.0,0.0,3
2024-07-16,7am,failure,short,20.5,511,20637.5,20645.384615384617,20627.25,7.884615384615384,False,loss,-1.0,-1.0,3
2024-07-17,6am,failure,long,47.25,425,20320.5,20302.326923076922,20344.125,18.173076923076923,False,loss,-1.0,-1.0,2
2024-07-17,7am,retest,long,89.75,572,20259.75,20225.23076923077,20304.625,34.51923076923077,True,loss,-1.0,-1.0,9
2024-07-17,7am,failure,long,89.75,569,20259.75,20225.23076923077,20304.625,34.51923076923077,False,loss,-1.0,-1.0,12
2024-07-18,6am,retest,short,62.25,435,20080.75,20104.69230769231,20049.625,23.94230769230769,False,loss,-1.0,0.0,64
2024-07-18,6am,retest,long,62.25,656,20018.5,19994.55769230769,20049.625,23.94230769230769,True,loss,-1.0,-1.0,2
2024-07-18,7am,retest,short,33.0,577,20091.75,20104.44230769231,20075.25,12.692307692307692,True,loss,-1.0,-1.0,1
2024-07-18,7am,retest,long,33.0,587,20058.75,20046.05769230769,20075.25,12.692307692307692,True,loss,-1.0,-1.0,1
2024-07-19,6am,retest,short,60.0,435,19907.5,19930.576923076922,19877.5,23.076923076923077,False,loss,-1.0,-1.0,7
2024-07-19,7am,failure,short,75.75,485,19939.25,19968.384615384617,19901.375,29.134615384615383,False,win,1.3,1.3,24
2024-07-22,6am,retest,short,53.25,466,19891.0,19911.48076923077,19864.375,20.48076923076923,False,loss,-1.0,-1.0,20
2024-07-22,6am,retest,long,53.25,700,19837.75,19817.26923076923,19864.375,20.48076923076923,True,loss,-1.0,0.0,1
2024-07-22,6am,failure,short,53.25,421,19891.0,19911.48076923077,19864.375,20.48076923076923,False,loss,-1.0,0.0,65
2024-07-22,7am,retest,short,33.0,494,19899.25,19911.94230769231,19882.75,12.692307692307692,False,loss,-1.0,-1.0,8
2024-07-22,7am,retest,long,33.0,715,19866.25,19853.55769230769,19882.75,12.692307692307692,True,loss,-1.0,-1.0,0
2024-07-22,7am,failure,short,33.0,481,19899.25,19911.94230769231,19882.75,12.692307692307692,False,loss,-1.0,-1.0,5
2024-07-23,6am,retest,short,42.0,424,19994.0,20010.153846153848,19973.0,16.153846153846153,False,loss,-1.0,-1.0,26
2024-07-23,6am,retest,long,42.0,509,19952.0,19935.846153846152,19973.0,16.153846153846153,False,loss,-1.0,-1.0,3
2024-07-23,7am,retest,short,42.75,586,20015.5,20031.94230769231,19994.125,16.442307692307693,True,win,1.3,1.3,1
2024-07-23,7am,retest,long,42.75,543,19972.75,19956.30769230769,19994.125,16.442307692307693,False,loss,-1.0,0.0,9
2024-07-23,7am,failure,short,42.75,581,20015.5,20031.94230769231,19994.125,16.442307692307693,True,loss,-1.0,0.0,3
2024-07-23,7am,failure,long,42.75,501,19972.75,19956.30769230769,19994.125,16.442307692307693,False,loss,-1.0,-1.0,2
2024-07-24,6am,retest,long,44.25,424,19705.75,19688.73076923077,19727.875,17.01923076923077,False,win,1.3,1.3,23
2024-07-24,6am,failure,long,44.25,422,19705.75,19688.73076923077,19727.875,17.01923076923077,False,win,1.3,1.3,25
2024-07-25,6am,retest,short,72.5,423,19169.0,19196.884615384617,19132.75,27.884615384615383,False,loss,-1.0,-1.0,4
2024-07-25,6am,retest,long,72.5,637,19096.5,19068.615384615383,19132.75,27.884615384615383,True,win,1.3,0.0,6
2024-07-25,7am,retest,short,81.25,520,19208.0,19239.25,19167.375,31.25,False,loss,-1.0,0.0,39
2024-07-25,7am,retest,long,81.25,506,19126.75,19095.5,19167.375,31.25,False,loss,-1.0,-1.0,4
2024-07-26,6am,retest,short,37.75,464,19201.25,19215.76923076923,19182.375,14.519230769230768,False,loss,-1.0,-1.0,21
2024-07-26,6am,failure,short,37.75,461,19201.25,19215.76923076923,19182.375,14.519230769230768,False,loss,-1.0,-1.0,24
2024-07-26,7am,retest,short,60.25,505,19214.75,19237.923076923078,19184.625,23.173076923076923,False,win,1.3,0.0,7
2024-07-26,7am,retest,long,60.25,601,19154.5,19131.326923076922,19184.625,23.173076923076923,True,loss,-1.0,0.0,3
2024-07-26,7am,failure,short,60.25,485,19214.75,19237.923076923078,19184.625,23.173076923076923,False,win,1.3,0.0,27
2024-07-29,6am,retest,short,35.0,446,19295.25,19308.71153846154,19277.75,13.461538461538462,False,loss,-1.0,-1.0,5
2024-07-29,6am,failure,short,35.0,432,19295.25,19308.71153846154,19277.75,13.461538461538462,False,loss,-1.0,0.0,19
2024-07-29,7am,retest,short,41.5,532,19319.5,19335.46153846154,19298.75,15.961538461538462,False,win,1.3,1.3,11
2024-07-29,7am,failure,short,41.5,505,19319.5,19335.46153846154,19298.75,15.961538461538462,False,loss,-1.0,-1.0,5
2024-07-29,7am,failure,long,41.5,559,19278.0,19262.03846153846,19298.75,15.961538461538462,False,loss,-1.0,0.0,11
2024-07-30,6am,retest,short,37.0,425,19256.25,19270.48076923077,19237.75,14.23076923076923,False,loss,-1.0,0.0,30
2024-07-30,6am,retest,long,37.0,600,19219.25,19205.01923076923,19237.75,14.23076923076923,True,loss,-1.0,0.0,1
2024-07-30,6am,failure,short,37.0,422,19256.25,19270.48076923077,19237.75,14.23076923076923,False,loss,-1.0,0.0,33
2024-07-30,7am,retest,short,35.0,567,19280.0,19293.46153846154,19262.5,13.461538461538462,False,win,1.3,0.0,3
2024-07-30,7am,failure,short,35.0,558,19280.0,19293.46153846154,19262.5,13.461538461538462,False,win,1.3,0.0,12
2024-07-31,7am,failure,short,46.75,496,19260.75,19278.73076923077,19237.375,17.98076923076923,False,loss,-1.0,-1.0,2
2024-08-01,6am,retest,short,47.75,425,19606.0,19624.365384615383,19582.125,18.365384615384613,False,loss,-1.0,-1.0,13
2024-08-01,6am,retest,long,47.75,549,19558.25,19539.884615384617,19582.125,18.365384615384613,False,loss,-1.0,-1.0,7
2024-08-01,7am,failure,long,61.75,482,19570.25,19546.5,19601.125,23.75,False,win,1.3,1.3,9
2024-08-02,6am,retest,long,95.25,556,18645.25,18608.615384615383,18692.875,36.63461538461539,False,loss,-1.0,0.0,15
2024-08-05,6am,retest,long,179.75,475,17638.25,17569.115384615383,17728.125,69.13461538461539,False,loss,-1.0,0.0,20
2024-08-05,7am,retest,long,232.0,556,17588.75,17499.51923076923,17704.75,89.23076923076923,False,win,1.3,0.0,18
2024-08-06,6am,retest,short,134.5,425,18188.25,18239.98076923077,18121.0,51.730769230769226,False,loss,-1.0,-1.0,25
2024-08-06,6am,retest,long,134.5,580,18053.75,18002.01923076923,18121.0,51.730769230769226,True,loss,-1.0,0.0,2
2024-08-06,7am,retest,short,129.5,677,18253.75,18303.55769230769,18189.0,49.80769230769231,True,win,1.3,1.3,12
2024-08-06,7am,retest,long,129.5,567,18124.25,18074.44230769231,18189.0,49.80769230769231,False,loss,-1.0,-1.0,2
2024-08-06,7am,failure,short,129.5,644,18253.75,18303.55769230769,18189.0,49.80769230769231,True,loss,-1.0,-1.0,3
2024-08-07,6am,retest,short,53.0,428,18451.0,18471.384615384617,18424.5,20.384615384615383,False,win,1.3,0.0,24
2024-08-07,6am,failure,long,53.0,468,18398.0,18377.615384615383,18424.5,20.384615384615383,False,win,1.3,0.0,27
2024-08-07,7am,retest,short,83.75,620,18461.75,18493.96153846154,18419.875,32.21153846153846,True,win,1.3,0.0,8
2024-08-07,7am,retest,long,83.75,712,18378.0,18345.78846153846,18419.875,32.21153846153846,True,loss,-1.0,0.0,11
2024-08-08,6am,retest,short,81.0,491,18000.0,18031.153846153848,17959.5,31.153846153846153,False,win,1.3,1.3,15
2024-08-08,6am,failure,short,81.0,435,18000.0,18031.153846153848,17959.5,31.153846153846153,False,win,1.3,0.0,71
2024-08-09,6am,retest,short,67.25,797,18616.25,18642.115384615383,18582.625,25.865384615384613,True,loss,-1.0,-1.0,12
2024-08-09,6am,retest,long,67.25,614,18549.0,18523.134615384617,18582.625,25.865384615384613,True,loss,-1.0,0.0,2
2024-08-09,7am,retest,short,110.0,856,18598.25,18640.55769230769,18543.25,42.30769230769231,True,eod,-0.27181818181818723,0.0,103
2024-08-09,7am,retest,long,110.0,573,18488.25,18445.94230769231,18543.25,42.30769230769231,True,loss,-1.0,0.0,13
2024-08-12,6am,retest,long,38.75,610,18633.25,18618.346153846152,18652.625,14.903846153846153,True,win,1.3,0.0,3
2024-08-12,6am,failure,short,38.75,440,18672.0,18686.903846153848,18652.625,14.903846153846153,False,win,1.3,1.3,13
2024-08-12,6am,failure,long,38.75,579,18633.25,18618.346153846152,18652.625,14.903846153846153,True,loss,-1.0,-1.0,0
2024-08-12,7am,retest,short,43.0,509,18683.25,18699.78846153846,18661.75,16.538461538461537,False,win,1.3,1.3,13
2024-08-13,6am,retest,short,97.75,509,18745.25,18782.846153846152,18696.375,37.59615384615385,False,loss,-1.0,-1.0,1
2024-08-13,6am,failure,short,97.75,487,18745.25,18782.846153846152,18696.375,37.59615384615385,False,loss,-1.0,-1.0,23
2024-08-13,7am,failure,short,65.0,481,18713.5,18738.5,18681.0,25.0,False,loss,-1.0,-1.0,4
2024-08-14,6am,failure,long,29.0,439,19093.5,19082.346153846152,19108.0,11.153846153846153,False,win,1.3,1.3,9
2024-08-14,7am,failure,long,27.5,502,19091.25,19080.673076923078,19105.0,10.576923076923077,False,win,1.3,1.3,4
2024-08-15,6am,retest,short,62.5,452,19174.5,19198.53846153846,19143.25,24.038461538461537,False,win,1.3,0.0,57
2024-08-15,6am,failure,short,62.5,445,19174.5,19198.53846153846,19143.25,24.038461538461537,False,win,1.3,0.0,64
2024-08-16,6am,retest,short,47.25,766,19619.75,19637.923076923078,19596.125,18.173076923076923,True,loss,-1.0,-1.0,9
2024-08-16,6am,retest,long,47.25,438,19572.5,19554.326923076922,19596.125,18.173076923076923,False,loss,-1.0,0.0,41
2024-08-16,6am,failure,short,47.25,751,19619.75,19637.923076923078,19596.125,18.173076923076923,True,loss,-1.0,-1.0,24
2024-08-16,6am,failure,long,47.25,433,19572.5,19554.326923076922,19596.125,18.173076923076923,False,loss,-1.0,0.0,46
2024-08-16,7am,retest,short,51.25,849,19600.5,19620.21153846154,19574.875,19.71153846153846,True,loss,-1.0,-1.0,27
2024-08-16,7am,retest,long,51.25,486,19549.25,19529.53846153846,19574.875,19.71153846153846,False,loss,-1.0,0.0,9
2024-08-16,7am,failure,short,51.25,733,19600.5,19620.21153846154,19574.875,19.71153846153846,True,loss,-1.0,-1.0,12
2024-08-19,6am,retest,short,30.25,441,19606.0,19617.634615384617,19590.875,11.634615384615385,False,loss,-1.0,-1.0,42
2024-08-19,7am,retest,short,40.5,486,19618.5,19634.076923076922,19598.25,15.576923076923077,False,loss,-1.0,-1.0,19
2024-08-19,7am,failure,short,40.5,484,19618.5,19634.076923076922,19598.25,15.576923076923077,False,loss,-1.0,-1.0,21
2024-08-20,6am,retest,short,23.0,602,19892.0,19900.846153846152,19880.5,8.846153846153847,True,loss,-1.0,0.0,2
2024-08-20,7am,retest,short,28.75,592,19890.0,19901.05769230769,19875.625,11.057692307692307,True,loss,-1.0,0.0,1
2024-08-20,7am,retest,long,28.75,522,19861.25,19850.19230769231,19875.625,11.057692307692307,False,loss,-1.0,-1.0,10
2024-08-20,7am,failure,long,28.75,511,19861.25,19850.19230769231,19875.625,11.057692307692307,False,loss,-1.0,-1.0,21
2024-08-21,6am,retest,short,49.5,449,19844.5,19863.53846153846,19819.75,19.038461538461537,False,loss,-1.0,0.0,61
2024-08-21,6am,retest,long,49.5,727,19795.0,19775.96153846154,19819.75,19.038461538461537,True,win,1.3,1.3,5
2024-08-21,7am,retest,short,37.5,512,19861.75,19876.173076923078,19843.0,14.423076923076923,False,win,1.3,1.3,19
2024-08-21,7am,failure,long,37.5,488,19824.25,19809.826923076922,19843.0,14.423076923076923,False,win,1.3,1.3,12
2024-08-22,6am,retest,short,45.25,502,19958.0,19975.403846153848,19935.375,17.403846153846153,False,loss,-1.0,-1.0,8
2024-08-22,6am,retest,long,45.25,628,19912.75,19895.346153846152,19935.375,17.403846153846153,True,loss,-1.0,0.0,2
2024-08-22,6am,failure,long,45.25,609,19912.75,19895.346153846152,19935.375,17.403846153846153,True,loss,-1.0,-1.0,2
2024-08-22,7am,retest,long,35.75,519,19951.5,19937.75,19969.375,13.75,False,win,1.3,1.3,3
2024-08-23,6am,retest,short,39.5,532,19755.0,19770.19230769231,19735.25,15.192307692307692,False,loss,-1.0,-1.0,20
2024-08-23,6am,failure,short,39.5,530,19755.0,19770.19230769231,19735.25,15.192307692307692,False,loss,-1.0,-1.0,22
2024-08-23,6am,failure,long,39.5,572,19715.5,19700.30769230769,19735.25,15.192307692307692,True,win,1.3,0.0,3
2024-08-23,7am,retest,short,24.5,524,19746.25,19755.673076923078,19734.0,9.423076923076923,False,loss,-1.0,-1.0,5
2024-08-23,7am,failure,short,24.5,488,19746.25,19755.673076923078,19734.0,9.423076923076923,False,win,1.3,1.3,4
2024-08-23,7am,failure,long,24.5,509,19721.75,19712.326923076922,19734.0,9.423076923076923,False,win,1.3,1.3,1
2024-08-26,6am,retest,long,46.5,434,19798.0,19780.115384615383,19821.25,17.884615384615383,False,loss,-1.0,-1.0,26
2024-08-26,6am,failure,long,46.5,429,19798.0,19780.115384615383,19821.25,17.884615384615383,False,loss,-1.0,-1.0,31
2024-08-27,6am,retest,short,78.25,638,19636.25,19666.346153846152,19597.125,30.096153846153847,True,loss,-1.0,-1.0,21
2024-08-27,7am,retest,long,60.5,506,19554.0,19530.73076923077,19584.25,23.26923076923077,False,loss,-1.0,-1.0,19
2024-08-27,7am,failure,short,60.5,625,19614.5,19637.76923076923,19584.25,23.26923076923077,True,loss,-1.0,-1.0,5
2024-08-27,7am,failure,long,60.5,501,19554.0,19530.73076923077,19584.25,23.26923076923077,False,loss,-1.0,-1.0,24
2024-08-28,6am,retest,long,19.0,444,19657.0,19649.69230769231,19666.5,7.3076923076923075,False,loss,-1.0,-1.0,1
2024-08-28,7am,retest,long,58.0,559,19609.5,19587.19230769231,19638.5,22.307692307692307,False,win,1.3,1.3,11
2024-08-28,7am,failure,long,58.0,491,19609.5,19587.19230769231,19638.5,22.307692307692307,False,win,1.3,1.3,19
2024-08-29,6am,retest,long,80.75,429,19435.5,19404.44230769231,19475.875,31.057692307692307,False,win,1.3,0.0,29
2024-08-29,7am,retest,short,73.25,514,19491.75,19519.923076923078,19455.125,28.173076923076923,False,win,1.3,1.3,7
2024-08-29,7am,retest,long,73.25,934,19418.5,19390.326923076922,19455.125,28.173076923076923,True,win,1.3,1.3,3
2024-08-29,7am,failure,long,73.25,879,19418.5,19390.326923076922,19455.125,28.173076923076923,True,loss,-1.0,0.0,4
2024-08-30,6am,retest,long,48.25,665,19499.0,19480.44230769231,19523.125,18.557692307692307,True,loss,-1.0,-1.0,2
2024-08-30,6am,failure,short,48.25,486,19547.25,19565.80769230769,19523.125,18.557692307692307,False,loss,-1.0,-1.0,11
2024-08-30,7am,failure,short,33.0,485,19545.75,19558.44230769231,19529.25,12.692307692307692,False,loss,-1.0,-1.0,9
2024-09-02,7am,retest,short,23.5,523,19608.0,19617.03846153846,19596.25,9.038461538461538,False,loss,-1.0,0.0,19
2024-09-03,6am,retest,short,56.0,504,19509.75,19531.28846153846,19481.75,21.538461538461537,False,win,1.3,0.0,33
2024-09-03,6am,retest,long,56.0,572,19453.75,19432.21153846154,19481.75,21.538461538461537,True,loss,-1.0,-1.0,0
2024-09-03,7am,retest,short,53.75,502,19511.5,19532.173076923078,19484.625,20.673076923076923,False,win,1.3,0.0,35
2024-09-03,7am,retest,long,53.75,572,19457.75,19437.076923076922,19484.625,20.673076923076923,True,loss,-1.0,-1.0,0
2024-09-04,6am,retest,long,73.0,427,18858.0,18829.923076923078,18894.5,28.076923076923077,False,win,1.3,0.0,97
2024-09-04,7am,retest,short,43.25,487,18887.5,18904.134615384617,18865.875,16.634615384615383,False,win,1.3,1.3,16
2024-09-05,6am,retest,short,31.75,426,18955.25,18967.46153846154,18939.375,12.211538461538462,False,win,1.3,1.3,5
2024-09-05,6am,retest,long,31.75,475,18923.5,18911.28846153846,18939.375,12.211538461538462,False,loss,-1.0,-1.0,2
2024-09-05,6am,failure,short,31.75,423,18955.25,18967.46153846154,18939.375,12.211538461538462,False,win,1.3,1.3,8
2024-09-05,7am,retest,long,58.25,511,18908.75,18886.346153846152,18937.875,22.403846153846153,False,loss,-1.0,-1.0,3
2024-09-05,7am,failure,long,58.25,483,18908.75,18886.346153846152,18937.875,22.403846153846153,False,loss,-1.0,-1.0,12
2024-09-06,6am,retest,short,42.25,450,18764.5,18780.75,18743.375,16.25,False,loss,-1.0,-1.0,19
2024-09-06,6am,failure,short,42.25,435,18764.5,18780.75,18743.375,16.25,False,loss,-1.0,-1.0,34
2024-09-06,7am,retest,short,48.75,497,18787.5,18806.25,18763.125,18.75,False,loss,-1.0,-1.0,8
2024-09-09,6am,retest,short,49.0,577,18645.75,18664.596153846152,18621.25,18.846153846153847,True,loss,-1.0,-1.0,2
2024-09-09,6am,retest,long,49.0,470,18596.75,18577.903846153848,18621.25,18.846153846153847,False,loss,-1.0,-1.0,21
2024-09-09,7am,retest,short,52.0,589,18639.0,18659.0,18613.0,20.0,True,loss,-1.0,-1.0,1
2024-09-09,7am,retest,long,52.0,488,18587.0,18567.0,18613.0,20.0,False,loss,-1.0,-1.0,5
2024-09-09,7am,failure,short,52.0,572,18639.0,18659.0,18613.0,20.0,True,loss,-1.0,0.0,1
2024-09-10,6am,retest,short,64.5,465,18680.0,18704.80769230769,18647.75,24.807692307692307,False,loss,-1.0,-1.0,9
2024-09-10,6am,retest,long,64.5,726,18615.5,18590.69230769231,18647.75,24.807692307692307,True,win,1.3,0.0,18
2024-09-10,6am,failure,short,64.5,449,18680.0,18704.80769230769,18647.75,24.807692307692307,False,loss,-1.0,0.0,25
2024-09-10,6am,failure,long,64.5,721,18615.5,18590.69230769231,18647.75,24.807692307692307,True,loss,-1.0,0.0,2
2024-09-10,7am,retest,short,56.0,616,18706.0,18727.53846153846,18678.0,21.538461538461537,True,loss,-1.0,0.0,1
2024-09-10,7am,retest,long,56.0,752,18650.0,18628.46153846154,18678.0,21.538461538461537,True,win,1.3,1.3,8
2024-09-10,7am,failure,short,56.0,487,18706.0,18727.53846153846,18678.0,21.538461538461537,False,loss,-1.0,-1.0,5
2024-09-11,6am,failure,short,27.5,436,18815.75,18826.326923076922,18802.0,10.576923076923077,False,loss,-1.0,0.0,22
2024-09-11,7am,retest,short,47.75,497,18840.5,18858.865384615383,18816.625,18.365384615384613,False,loss,-1.0,-1.0,13
2024-09-12,6am,retest,short,28.25,504,19310.0,19320.865384615383,19295.875,10.865384615384615,False,loss,-1.0,-1.0,6
2024-09-12,6am,retest,long,28.25,433,19281.75,19270.884615384617,19295.875,10.865384615384615,False,win,1.3,0.0,36
2024-09-12,6am,failure,short,28.25,499,19310.0,19320.865384615383,19295.875,10.865384615384615,False,loss,-1.0,-1.0,11
2024-09-12,7am,retest,short,31.0,482,19303.75,19315.673076923078,19288.25,11.923076923076923,False,loss,-1.0,0.0,18
2024-09-12,7am,retest,long,31.0,517,19272.75,19260.826923076922,19288.25,11.923076923076923,False,loss,-1.0,-1.0,0
2024-09-13,6am,retest,short,19.5,579,19473.0,19480.5,19463.25,7.5,True,loss,-1.0,-1.0,0
2024-09-13,6am,retest,long,19.5,434,19453.5,19446.0,19463.25,7.5,False,win,1.3,1.3,17
2024-09-13,6am,failure,long,19.5,427,19453.5,19446.0,19463.25,7.5,False,win,1.3,0.0,24
2024-09-13,7am,retest,short,31.5,579,19470.75,19482.865384615383,19455.0,12.115384615384615,True,loss,-1.0,-1.0,1
2024-09-13,7am,retest,long,31.5,527,19439.25,19427.134615384617,19455.0,12.115384615384615,False,win,1.3,1.3,9
2024-09-16,6am,retest,long,50.25,468,19705.0,19685.673076923078,19730.125,19.326923076923077,False,loss,-1.0,-1.0,8
2024-09-16,7am,retest,long,53.25,498,19680.25,19659.76923076923,19706.875,20.48076923076923,False,loss,-1.0,-1.0,55
2024-09-16,7am,failure,long,53.25,486,19680.25,19659.76923076923,19706.875,20.48076923076923,False,loss,-1.0,0.0,67
2024-09-17,6am,retest,short,36.75,475,19786.5,19800.634615384617,19768.125,14.134615384615383,False,loss,-1.0,-1.0,3
2024-09-17,6am,retest,long,36.75,454,19749.75,19735.615384615383,19768.125,14.134615384615383,False,win,1.3,1.3,10
2024-09-17,6am,failure,long,36.75,436,19749.75,19735.615384615383,19768.125,14.134615384615383,False,win,1.3,1.3,28
2024-09-17,7am,retest,short,62.25,541,19802.25,19826.19230769231,19771.125,23.94230769230769,False,loss,-1.0,0.0,30
2024-09-17,7am,retest,long,62.25,596,19740.0,19716.05769230769,19771.125,23.94230769230769,True,win,1.3,0.0,6
2024-09-17,7am,failure,long,62.25,592,19740.0,19716.05769230769,19771.125,23.94230769230769,True,loss,-1.0,-1.0,2
2024-09-18,6am,retest,short,16.5,426,19714.75,19721.096153846152,19706.5,6.346153846153846,False,loss,-1.0,-1.0,4
2024-09-18,6am,retest,long,16.5,505,19698.25,19691.903846153848,19706.5,6.346153846153846,False,win,1.3,1.3,5
2024-09-18,6am,failure,long,16.5,481,19698.25,19691.903846153848,19706.5,6.346153846153846,False,loss,-1.0,-1.0,2
2024-09-18,7am,retest,short,28.5,542,19729.25,19740.21153846154,19715.0,10.961538461538462,False,win,1.3,0.0,28
2024-09-18,7am,retest,long,28.5,510,19700.75,19689.78846153846,19715.0,10.961538461538462,False,win,1.3,1.3,5
2024-09-18,7am,failure,short,28.5,521,19729.25,19740.21153846154,19715.0,10.961538461538462,False,win,1.3,0.0,8
2024-09-19,6am,retest,short,38.0,466,20003.5,20018.115384615383,19984.5,14.615384615384615,False,loss,-1.0,-1.0,47
2024-09-19,6am,failure,short,38.0,457,20003.5,20018.115384615383,19984.5,14.615384615384615,False,loss,-1.0,-1.0,6
2024-09-19,7am,retest,short,40.5,577,20018.5,20034.076923076922,19998.25,15.576923076923077,True,loss,-1.0,0.0,1
2024-09-19,7am,failure,long,40.5,591,19978.0,19962.423076923078,19998.25,15.576923076923077,True,win,1.3,0.0,3
2024-09-20,6am,retest,short,40.5,548,20021.5,20037.076923076922,20001.25,15.576923076923077,False,loss,-1.0,-1.0,17
2024-09-20,6am,retest,long,40.5,615,19981.0,19965.423076923078,20001.25,15.576923076923077,True,win,1.3,0.0,3
2024-09-20,6am,failure,long,40.5,613,19981.0,19965.423076923078,20001.25,15.576923076923077,True,win,1.3,0.0,5
2024-09-20,7am,retest,long,38.0,615,19982.25,19967.634615384617,20001.25,14.615384615384615,True,win,1.3,0.0,3
2024-09-20,7am,failure,short,38.0,481,20020.25,20034.865384615383,20001.25,14.615384615384615,False,loss,-1.0,-1.0,4
2024-09-20,7am,failure,long,38.0,613,19982.25,19967.634615384617,20001.25,14.615384615384615,True,win,1.3,0.0,5
2024-09-23,6am,retest,long,20.25,422,20070.25,20062.46153846154,20080.375,7.788461538461538,False,loss,-1.0,-1.0,2
2024-09-23,6am,failure,short,20.25,522,20090.5,20098.28846153846,20080.375,7.788461538461538,False,win,1.3,1.3,5
2024-09-23,7am,retest,short,39.5,490,20084.0,20099.19230769231,20064.25,15.192307692307692,False,win,1.3,1.3,9
2024-09-23,7am,failure,short,39.5,488,20084.0,20099.19230769231,20064.25,15.192307692307692,False,win,1.3,1.3,11
2024-09-24,6am,retest,short,42.25,709,20155.5,20171.75,20134.375,16.25,True,loss,-1.0,-1.0,2
2024-09-24,6am,retest,long,42.25,461,20113.25,20097.0,20134.375,16.25,False,loss,-1.0,0.0,51
2024-09-24,6am,failure,short,42.25,706,20155.5,20171.75,20134.375,16.25,True,loss,-1.0,0.0,5
2024-09-24,7am,retest,short,76.0,572,20126.75,20155.98076923077,20088.75,29.23076923076923,True,win,1.3,0.0,18
2024-09-24,7am,failure,short,76.0,548,20126.75,20155.98076923077,20088.75,29.23076923076923,False,win,1.3,0.0,42
2024-09-25,6am,failure,short,27.75,423,20136.25,20146.923076923078,20122.375,10.673076923076923,False,win,1.3,0.0,37
2024-09-25,7am,failure,short,20.5,481,20141.5,20149.384615384617,20131.25,7.884615384615384,False,win,1.3,1.3,5
2024-09-26,6am,retest,short,37.5,460,20498.25,20512.673076923078,20479.5,14.423076923076923,False,win,1.3,1.3,22
2024-09-26,6am,retest,long,37.5,574,20460.75,20446.326923076922,20479.5,14.423076923076923,True,loss,-1.0,-1.0,0
2024-09-26,7am,retest,long,28.0,495,20476.75,20465.98076923077,20490.75,10.769230769230768,False,win,1.3,1.3,8
2024-09-27,6am,retest,short,41.0,463,20322.5,20338.26923076923,20302.0,15.769230769230768,False,loss,-1.0,-1.0,11
2024-09-27,6am,failure,short,41.0,454,20322.5,20338.26923076923,20302.0,15.769230769230768,False,loss,-1.0,-1.0,20
2024-09-27,7am,failure,short,53.75,482,20346.25,20366.923076923078,20319.375,20.673076923076923,False,loss,-1.0,-1.0,28
2024-09-30,6am,retest,long,36.25,554,20182.75,20168.80769230769,20200.875,13.942307692307692,False,loss,-1.0,-1.0,11
2024-09-30,7am,retest,short,79.0,605,20198.5,20228.884615384617,20159.0,30.384615384615383,True,win,1.3,0.0,10
2024-10-01,6am,retest,long,48.0,456,20271.25,20252.78846153846,20295.25,18.46153846153846,False,loss,-1.0,0.0,103
2024-10-01,6am,failure,short,48.0,421,20319.25,20337.71153846154,20295.25,18.46153846153846,False,win,1.3,1.3,16
2024-10-01,7am,retest,long,68.0,556,20256.75,20230.596153846152,20290.75,26.153846153846153,False,loss,-1.0,-1.0,16
2024-10-02,6am,retest,short,93.25,465,19972.0,20007.865384615383,19925.375,35.86538461538461,False,win,1.3,1.3,21
2024-10-02,6am,failure,short,93.25,458,19972.0,20007.865384615383,19925.375,35.86538461538461,False,win,1.3,1.3,28
2024-10-02,6am,failure,long,93.25,581,19878.75,19842.884615384617,19925.375,35.86538461538461,True,loss,-1.0,-1.0,2
2024-10-02,7am,retest,short,51.5,541,19975.75,19995.55769230769,19950.0,19.807692307692307,False,win,1.3,1.3,2
2024-10-02,7am,failure,long,51.5,570,19924.25,19904.44230769231,19950.0,19.807692307692307,True,win,1.3,0.0,2
2024-10-03,6am,retest,short,43.5,429,19947.5,19964.23076923077,19925.75,16.73076923076923,False,loss,-1.0,0.0,36
2024-10-03,6am,failure,long,43.5,561,19904.0,19887.26923076923,19925.75,16.73076923076923,False,win,1.3,0.0,9
2024-10-03,7am,retest,short,48.0,510,19977.5,19995.96153846154,19953.5,18.46153846153846,False,win,1.3,0.0,5
2024-10-03,7am,retest,long,48.0,548,19929.5,19911.03846153846,19953.5,18.46153846153846,False,loss,-1.0,-1.0,7
2024-10-03,7am,failure,short,48.0,481,19977.5,19995.96153846154,19953.5,18.46153846153846,False,win,1.3,0.0,34
2024-10-04,6am,retest,long,40.75,612,20036.75,20021.076923076922,20057.125,15.673076923076923,True,win,1.3,1.3,1
2024-10-04,6am,failure,long,40.75,610,20036.75,20021.076923076922,20057.125,15.673076923076923,True,loss,-1.0,-1.0,0
2024-10-04,7am,retest,short,42.25,601,20085.5,20101.75,20064.375,16.25,True,loss,-1.0,0.0,1
2024-10-04,7am,retest,long,42.25,612,20043.25,20027.0,20064.375,16.25,True,win,1.3,1.3,1
2024-10-04,7am,failure,long,42.25,609,20043.25,20027.0,20064.375,16.25,True,loss,-1.0,-1.0,1
2024-10-07,6am,retest,short,29.75,472,20105.0,20116.44230769231,20090.125,11.442307692307692,False,loss,-1.0,-1.0,6
2024-10-07,6am,retest,long,29.75,881,20075.25,20063.80769230769,20090.125,11.442307692307692,True,loss,-1.0,0.0,1
2024-10-07,6am,failure,short,29.75,468,20105.0,20116.44230769231,20090.125,11.442307692307692,False,loss,-1.0,-1.0,10
2024-10-07,7am,retest,short,38.0,544,20118.0,20132.615384615383,20099.0,14.615384615384615,False,loss,-1.0,-1.0,3
2024-10-07,7am,failure,short,38.0,489,20118.0,20132.615384615383,20099.0,14.615384615384615,False,loss,-1.0,-1.0,19
2024-10-07,7am,failure,long,38.0,871,20080.0,20065.384615384617,20099.0,14.615384615384615,True,loss,-1.0,0.0,1
2024-10-08,6am,retest,short,40.5,458,20095.0,20110.576923076922,20074.75,15.576923076923077,False,win,1.3,0.0,33
2024-10-08,6am,failure,short,40.5,428,20095.0,20110.576923076922,20074.75,15.576923076923077,False,win,1.3,1.3,15
2024-10-08,7am,retest,long,31.5,503,20069.5,20057.384615384617,20085.25,12.115384615384615,False,loss,-1.0,-1.0,44
2024-10-08,7am,failure,short,31.5,482,20101.0,20113.115384615383,20085.25,12.115384615384615,False,win,1.3,1.3,4
2024-10-08,7am,failure,long,31.5,501,20069.5,20057.384615384617,20085.25,12.115384615384615,False,loss,-1.0,-1.0,46
2024-10-09,6am,retest,short,38.0,568,20293.0,20307.615384615383,20274.0,14.615384615384615,False,win,1.3,1.3,3
2024-10-09,6am,retest,long,38.0,482,20255.0,20240.384615384617,20274.0,14.615384615384615,False,win,1.3,1.3,5
2024-10-09,6am,failure,short,38.0,551,20293.0,20307.615384615383,20274.0,14.615384615384615,False,win,1.3,0.0,20
2024-10-09,7am,retest,short,37.5,551,20291.5,20305.923076923078,20272.75,14.423076923076923,False,win,1.3,0.0,20
2024-10-09,7am,failure,short,37.5,547,20291.5,20305.923076923078,20272.75,14.423076923076923,False,win,1.3,0.0,24
2024-10-10,6am,retest,short,26.25,477,20434.0,20444.096153846152,20420.875,10.096153846153845,False,loss,-1.0,-1.0,6
2024-10-10,6am,retest,long,26.25,423,20407.75,20397.653846153848,20420.875,10.096153846153845,False,win,1.3,1.3,18
2024-10-10,7am,retest,short,38.5,502,20439.75,20454.55769230769,20420.5,14.807692307692307,False,loss,-1.0,0.0,8
2024-10-10,7am,retest,long,38.5,512,20401.25,20386.44230769231,20420.5,14.807692307692307,False,loss,-1.0,0.0,3
2024-10-11,6am,retest,short,30.5,503,20389.75,20401.48076923077,20374.5,11.73076923076923,False,loss,-1.0,0.0,7
2024-10-15,6am,retest,short,43.25,490,20622.0,20638.634615384617,20600.375,16.634615384615383,False,loss,-1.0,0.0,56
2024-10-15,6am,failure,long,43.25,614,20578.75,20562.115384615383,20600.375,16.634615384615383,True,loss,-1.0,-1.0,6
2024-10-15,7am,retest,short,26.75,495,20620.75,20631.03846153846,20607.375,10.288461538461538,False,win,1.3,1.3,29
2024-10-15,7am,failure,long,26.75,613,20594.0,20583.71153846154,20607.375,10.288461538461538,True,loss,-1.0,-1.0,0
2024-10-16,6am,retest,short,19.75,485,20368.75,20376.346153846152,20358.875,7.596153846153846,False,win,1.3,0.0,12
2024-10-16,6am,retest,long,19.75,520,20349.0,20341.403846153848,20358.875,7.596153846153846,False,loss,-1.0,-1.0,6
2024-10-16,6am,failure,short,19.75,430,20368.75,20376.346153846152,20358.875,7.596153846153846,False,loss,-1.0,-1.0,5
2024-10-16,7am,retest,long,29.25,503,20356.75,20345.5,20371.375,11.25,False,loss,-1.0,0.0,20
2024-10-17,6am,retest,short,49.25,522,20536.25,20555.19230769231,20511.625,18.942307692307693,False,loss,-1.0,0.0,16
2024-10-17,6am,retest,long,49.25,593,20487.0,20468.05769230769,20511.625,18.942307692307693,True,loss,-1.0,0.0,3
2024-10-17,7am,retest,short,23.75,501,20528.75,20537.884615384617,20516.875,9.134615384615385,False,win,1.3,1.3,5
2024-10-17,7am,failure,short,23.75,494,20528.75,20537.884615384617,20516.875,9.134615384615385,False,win,1.3,1.3,12
2024-10-18,6am,retest,short,32.0,432,20450.5,20462.80769230769,20434.5,12.307692307692307,False,loss,-1.0,-1.0,5
2024-10-18,7am,retest,short,43.0,516,20479.75,20496.28846153846,20458.25,16.538461538461537,False,loss,-1.0,-1.0,38
2024-10-18,7am,failure,short,43.0,512,20479.75,20496.28846153846,20458.25,16.538461538461537,False,loss,-1.0,-1.0,42
2024-10-21,6am,retest,long,62.0,430,20369.5,20345.653846153848,20400.5,23.846153846153847,False,loss,-1.0,-1.0,20
2024-10-21,7am,retest,short,39.0,498,20382.75,20397.75,20363.25,15.0,False,loss,-1.0,-1.0,14
2024-10-22,6am,retest,short,35.5,473,20411.75,20425.403846153848,20394.0,13.653846153846153,False,loss,-1.0,-1.0,13
2024-10-22,6am,retest,long,35.5,525,20376.25,20362.596153846152,20394.0,13.653846153846153,False,loss,-1.0,-1.0,3
2024-10-22,6am,failure,short,35.5,433,20411.75,20425.403846153848,20394.0,13.653846153846153,False,loss,-1.0,-1.0,11
2024-10-22,7am,retest,short,36.75,493,20434.0,20448.134615384617,20415.625,14.134615384615383,False,win,1.3,1.3,19
2024-10-22,7am,retest,long,36.75,563,20397.25,20383.115384615383,20415.625,14.134615384615383,False,win,1.3,1.3,7
2024-10-22,7am,failure,long,36.75,516,20397.25,20383.115384615383,20415.625,14.134615384615383,False,loss,-1.0,-1.0,6
2024-10-23,6am,retest,short,37.25,505,20485.75,20500.076923076922,20467.125,14.326923076923077,False,win,1.3,1.3,9
2024-10-23,6am,retest,long,37.25,533,20448.5,20434.173076923078,20467.125,14.326923076923077,False,loss,-1.0,0.0,28
2024-10-23,7am,retest,short,31.0,501,20484.75,20496.673076923078,20469.25,11.923076923076923,False,win,1.3,1.3,12
2024-10-23,7am,retest,long,31.0,524,20453.75,20441.826923076922,20469.25,11.923076923076923,False,loss,-1.0,0.0,27
2024-10-23,7am,failure,long,31.0,519,20453.75,20441.826923076922,20469.25,11.923076923076923,False,loss,-1.0,0.0,32
2024-10-24,6am,retest,long,24.75,603,20369.75,20360.23076923077,20382.125,9.519230769230768,True,loss,-1.0,0.0,1
2024-10-24,6am,failure,long,24.75,568,20369.75,20360.23076923077,20382.125,9.519230769230768,False,loss,-1.0,-1.0,2
2024-10-24,7am,retest,long,49.5,603,20370.25,20351.21153846154,20395.0,19.038461538461537,True,loss,-1.0,-1.0,1
2024-10-24,7am,failure,short,49.5,515,20419.75,20438.78846153846,20395.0,19.038461538461537,False,win,1.3,1.3,15
2024-10-24,7am,failure,long,49.5,568,20370.25,20351.21153846154,20395.0,19.038461538461537,False,loss,-1.0,-1.0,2
2024-10-25,6am,retest,short,18.0,473,20444.0,20450.923076923078,20435.0,6.9230769230769225,False,loss,-1.0,-1.0,1
2024-10-25,6am,retest,long,18.0,452,20426.0,20419.076923076922,20435.0,6.9230769230769225,False,win,1.3,1.3,7
2024-10-25,6am,failure,long,18.0,421,20426.0,20419.076923076922,20435.0,6.9230769230769225,False,loss,-1.0,-1.0,0
2024-10-25,7am,retest,short,47.0,502,20457.0,20475.076923076922,20433.5,18.076923076923077,False,loss,-1.0,-1.0,21
2024-10-28,6am,retest,long,47.5,428,20629.0,20610.73076923077,20652.75,18.26923076923077,False,loss,-1.0,-1.0,27
2024-10-28,7am,retest,short,29.0,553,20639.25,20650.403846153848,20624.75,11.153846153846153,False,loss,-1.0,-1.0,3
2024-10-28,7am,retest,long,29.0,496,20610.25,20599.096153846152,20624.75,11.153846153846153,False,loss,-1.0,0.0,11
2024-10-28,7am,failure,short,29.0,519,20639.25,20650.403846153848,20624.75,11.153846153846153,False,loss,-1.0,-1.0,5
2024-10-29,6am,retest,short,30.0,610,20520.75,20532.28846153846,20505.75,11.538461538461538,True,loss,-1.0,0.0,1
2024-10-29,6am,retest,long,30.0,431,20490.75,20479.21153846154,20505.75,11.538461538461538,False,win,1.3,1.3,6
2024-10-29,7am,retest,short,35.0,599,20517.25,20530.71153846154,20499.75,13.461538461538462,True,loss,-1.0,-1.0,1
2024-10-29,7am,retest,long,35.0,501,20482.25,20468.78846153846,20499.75,13.461538461538462,False,win,1.3,1.3,16
2024-10-30,6am,retest,short,21.25,449,20739.5,20747.673076923078,20728.875,8.173076923076923,False,win,1.3,1.3,17
2024-10-30,6am,retest,long,21.25,475,20718.25,20710.076923076922,20728.875,8.173076923076923,False,loss,-1.0,-1.0,7
2024-10-31,6am,retest,short,51.0,457,20343.75,20363.365384615383,20318.25,19.615384615384613,False,loss,-1.0,-1.0,10
2024-10-31,6am,retest,long,51.0,578,20292.75,20273.134615384617,20318.25,19.615384615384613,True,loss,-1.0,-1.0,0
2024-10-31,7am,retest,short,52.75,493,20393.5,20413.78846153846,20367.125,20.288461538461537,False,loss,-1.0,-1.0,17
2024-10-31,7am,failure,short,52.75,485,20393.5,20413.78846153846,20367.125,20.288461538461537,False,loss,-1.0,0.0,25
2024-11-01,6am,retest,short,32.5,457,20120.75,20133.25,20104.5,12.5,False,win,1.3,1.3,11
2024-11-01,7am,retest,short,39.0,514,20131.75,20146.75,20112.25,15.0,False,win,1.3,0.0,5
2024-11-01,7am,retest,long,39.0,551,20092.75,20077.75,20112.25,15.0,False,loss,-1.0,0.0,11
2024-11-04,6am,retest,short,36.0,653,20203.25,20217.096153846152,20185.25,13.846153846153845,True,win,1.3,1.3,4
2024-11-04,6am,retest,long,36.0,437,20167.25,20153.403846153848,20185.25,13.846153846153845,False,loss,-1.0,-1.0,10
2024-11-04,6am,failure,short,36.0,625,20203.25,20217.096153846152,20185.25,13.846153846153845,True,win,1.3,1.3,1
2024-11-04,7am,retest,short,93.5,633,20194.25,20230.21153846154,20147.5,35.96153846153846,True,win,1.3,0.0,60
2024-11-04,7am,retest,long,93.5,567,20100.75,20064.78846153846,20147.5,35.96153846153846,False,loss,-1.0,0.0,7
2024-11-05,6am,retest,long,28.0,471,20143.25,20132.48076923077,20157.25,10.769230769230768,False,win,1.3,1.3,9
2024-11-06,6am,retest,short,111.75,470,20691.75,20734.73076923077,20635.875,42.980769230769226,False,loss,-1.0,0.0,103
2024-11-06,7am,retest,short,110.0,516,20709.25,20751.55769230769,20654.25,42.30769230769231,False,win,1.3,1.3,48
2024-11-06,7am,failure,short,110.0,512,20709.25,20751.55769230769,20654.25,42.30769230769231,False,win,1.3,1.3,52
2024-11-07,6am,failure,short,22.25,421,20946.25,20954.80769230769,20935.125,8.557692307692307,False,loss,-1.0,-1.0,4
2024-11-07,7am,retest,short,36.5,507,20977.5,20991.53846153846,20959.25,14.038461538461538,False,win,1.3,1.3,4
2024-11-08,6am,retest,short,45.25,426,21167.0,21184.403846153848,21144.375,17.403846153846153,False,loss,-1.0,-1.0,40
2024-11-08,7am,retest,short,31.0,488,21189.0,21200.923076923078,21173.5,11.923076923076923,False,win,1.3,1.3,4
2024-11-08,7am,failure,long,31.0,541,21158.0,21146.076923076922,21173.5,11.923076923076923,False,win,1.3,1.3,8
2024-11-11,6am,retest,short,23.0,532,21291.0,21299.846153846152,21279.5,8.846153846153847,False,loss,-1.0,-1.0,5
2024-11-11,6am,failure,short,23.0,422,21291.0,21299.846153846152,21279.5,8.846153846153847,False,loss,-1.0,-1.0,13
2024-11-11,7am,retest,short,50.25,485,21335.5,21354.826923076922,21310.375,19.326923076923077,False,win,1.3,1.3,14
2024-11-11,7am,retest,long,50.25,556,21285.25,21265.923076923078,21310.375,19.326923076923077,False,loss,-1.0,-1.0,16
2024-11-11,7am,failure,short,50.25,483,21335.5,21354.826923076922,21310.375,19.326923076923077,False,win,1.3,1.3,16
2024-11-12,6am,retest,short,26.5,440,21194.0,21204.19230769231,21180.75,10.192307692307692,False,win,1.3,1.3,12
2024-11-12,6am,retest,long,26.5,711,21167.5,21157.30769230769,21180.75,10.192307692307692,True,win,1.3,1.3,1
2024-11-12,6am,failure,short,26.5,421,21194.0,21204.19230769231,21180.75,10.192307692307692,False,loss,-1.0,0.0,6
2024-11-12,7am,retest,short,36.25,507,21212.5,21226.44230769231,21194.375,13.942307692307692,False,loss,-1.0,0.0,20
2024-11-12,7am,failure,long,36.25,673,21176.25,21162.30769230769,21194.375,13.942307692307692,True,win,1.3,1.3,6
2024-11-13,6am,retest,short,32.0,578,21157.0,21169.30769230769,21141.0,12.307692307692307,True,win,1.3,0.0,2
2024-11-13,7am,retest,short,41.5,578,21155.75,21171.71153846154,21135.0,15.961538461538462,True,loss,-1.0,0.0,4
2024-11-13,7am,retest,long,41.5,602,21114.25,21098.28846153846,21135.0,15.961538461538462,True,loss,-1.0,0.0,3
2024-11-14,6am,retest,long,21.0,485,21159.5,21151.423076923078,21170.0,8.076923076923077,False,win,1.3,0.0,9
2024-11-14,6am,failure,short,21.0,421,21180.5,21188.576923076922,21170.0,8.076923076923077,False,win,1.3,1.3,2
2024-11-14,6am,failure,long,21.0,475,21159.5,21151.423076923078,21170.0,8.076923076923077,False,win,1.3,0.0,19
2024-11-14,7am,retest,long,30.25,524,21152.75,21141.115384615383,21167.875,11.634615384615385,False,loss,-1.0,0.0,2
2024-11-15,6am,retest,short,31.75,433,20856.5,20868.71153846154,20840.625,12.211538461538462,False,win,1.3,1.3,11
2024-11-15,6am,retest,long,31.75,524,20824.75,20812.53846153846,20840.625,12.211538461538462,False,loss,-1.0,-1.0,3
2024-11-15,6am,failure,long,31.75,511,20824.75,20812.53846153846,20840.625,12.211538461538462,False,loss,-1.0,0.0,1
2024-11-15,7am,retest,long,31.25,502,20835.75,20823.73076923077,20851.375,12.019230769230768,False,loss,-1.0,-1.0,8
2024-11-18,6am,retest,short,37.25,614,20590.0,20604.326923076922,20571.375,14.326923076923077,True,loss,-1.0,-1.0,1
2024-11-18,6am,failure,short,37.25,611,20590.0,20604.326923076922,20571.375,14.326923076923077,True,loss,-1.0,0.0,4
2024-11-18,7am,retest,short,33.25,564,20583.5,20596.28846153846,20566.875,12.788461538461538,False,win,1.3,1.3,3
2024-11-18,7am,retest,long,33.25,523,20550.25,20537.46153846154,20566.875,12.788461538461538,False,win,1.3,0.0,23
2024-11-18,7am,failure,short,33.25,557,20583.5,20596.28846153846,20566.875,12.788461538461538,False,win,1.3,0.0,10
2024-11-18,7am,failure,long,33.25,483,20550.25,20537.46153846154,20566.875,12.788461538461538,False,loss,-1.0,-1.0,2
2024-11-19,6am,retest,short,50.75,498,20587.75,20607.26923076923,20562.375,19.51923076923077,False,win,1.3,1.3,12
2024-11-19,6am,retest,long,50.75,572,20537.0,20517.48076923077,20562.375,19.51923076923077,True,loss,-1.0,0.0,2
2024-11-19,6am,failure,short,50.75,423,20587.75,20607.26923076923,20562.375,19.51923076923077,False,loss,-1.0,-1.0,4
2024-11-19,7am,retest,short,46.5,643,20623.5,20641.384615384617,20600.25,17.884615384615383,True,loss,-1.0,-1.0,6
2024-11-19,7am,retest,long,46.5,585,20577.0,20559.115384615383,20600.25,17.884615384615383,True,loss,-1.0,-1.0,1
2024-11-19,7am,failure,short,46.5,637,20623.5,20641.384615384617,20600.25,17.884615384615383,True,loss,-1.0,0.0,12
2024-11-19,7am,failure,long,46.5,498,20577.0,20559.115384615383,20600.25,17.884615384615383,False,loss,-1.0,-1.0,12
2024-11-20,6am,retest,short,33.25,429,20804.25,20817.03846153846,20787.625,12.788461538461538,False,loss,-1.0,-1.0,6
2024-11-20,6am,retest,long,33.25,554,20771.0,20758.21153846154,20787.625,12.788461538461538,False,loss,-1.0,-1.0,6
2024-11-20,7am,retest,short,34.75,498,20823.25,20836.615384615383,20805.875,13.365384615384615,False,win,1.3,1.3,14
2024-11-20,7am,failure,short,34.75,481,20823.25,20836.615384615383,20805.875,13.365384615384615,False,win,1.3,0.0,31
2024-11-20,7am,failure,long,34.75,530,20788.5,20775.134615384617,20805.875,13.365384615384615,False,loss,-1.0,-1.0,13
2024-11-21,6am,retest,long,63.5,581,20678.25,20653.826923076922,20710.0,24.423076923076923,True,loss,-1.0,0.0,1
2024-11-21,7am,retest,long,85.5,588,20723.25,20690.365384615383,20766.0,32.88461538461539,True,win,1.3,1.3,1
2024-11-21,7am,failure,long,85.5,577,20723.25,20690.365384615383,20766.0,32.88461538461539,True,loss,-1.0,-1.0,0
2024-11-22,6am,retest,short,53.5,426,20774.5,20795.076923076922,20747.75,20.576923076923077,False,loss,-1.0,-1.0,29
2024-11-22,7am,failure,long,34.5,611,20768.0,20754.73076923077,20785.25,13.269230769230768,True,loss,-1.0,0.0,1
2024-11-25,6am,retest,long,17.5,424,20962.75,20956.01923076923,20971.5,6.730769230769231,False,loss,-1.0,0.0,5
2024-11-25,7am,retest,short,29.25,572,20973.0,20984.25,20958.375,11.25,True,loss,-1.0,-1.0,0
2024-11-25,7am,retest,long,29.25,597,20943.75,20932.5,20958.375,11.25,True,loss,-1.0,-1.0,0
2024-11-25,7am,failure,long,29.25,496,20943.75,20932.5,20958.375,11.25,False,win,1.3,1.3,10
2024-11-26,6am,retest,short,66.25,430,20946.5,20971.98076923077,20913.375,25.48076923076923,False,loss,-1.0,0.0,122
2024-11-26,6am,failure,short,66.25,427,20946.5,20971.98076923077,20913.375,25.48076923076923,False,loss,-1.0,0.0,125
2024-11-26,7am,retest,long,28.5,495,20926.5,20915.53846153846,20940.75,10.961538461538462,False,win,1.3,0.0,25
2024-11-27,6am,retest,short,33.5,454,20938.75,20951.634615384617,20922.0,12.884615384615385,False,loss,-1.0,-1.0,32
2024-11-27,7am,retest,short,34.5,516,20951.0,20964.26923076923,20933.75,13.269230769230768,False,win,1.3,1.3,29
2024-11-27,7am,failure,short,34.5,487,20951.0,20964.26923076923,20933.75,13.269230769230768,False,loss,-1.0,-1.0,13
2024-11-28,6am,retest,short,15.25,443,20863.75,20869.615384615383,20856.125,5.865384615384615,False,loss,-1.0,-1.0,33
2024-11-28,6am,failure,short,15.25,431,20863.75,20869.615384615383,20856.125,5.865384615384615,False,loss,-1.0,-1.0,45
2024-11-28,7am,retest,short,16.75,525,20875.5,20881.94230769231,20867.125,6.4423076923076925,False,win,1.3,1.3,18
2024-11-29,6am,retest,long,20.0,431,20875.0,20867.30769230769,20885.0,7.692307692307692,False,loss,-1.0,0.0,24
2024-11-29,7am,failure,long,44.5,508,20842.25,20825.134615384617,20864.5,17.115384615384613,False,loss,-1.0,-1.0,16
2024-12-02,7am,retest,short,46.5,488,21012.0,21029.884615384617,20988.75,17.884615384615383,False,loss,-1.0,-1.0,9
2024-12-03,7am,retest,long,34.25,580,21187.25,21174.076923076922,21204.375,13.173076923076923,True,win,1.3,0.0,5
2024-12-03,7am,failure,short,34.25,528,21221.5,21234.673076923078,21204.375,13.173076923076923,False,win,1.3,1.3,6
2024-12-04,6am,retest,short,28.25,507,21428.25,21439.115384615383,21414.125,10.865384615384615,False,loss,-1.0,0.0,13
2024-12-04,6am,retest,long,28.25,581,21400.0,21389.134615384617,21414.125,10.865384615384615,True,win,1.3,0.0,3
2024-12-04,7am,retest,short,19.0,506,21426.75,21434.05769230769,21417.25,7.3076923076923075,False,win,1.3,1.3,5
2024-12-04,7am,failure,short,19.0,499,21426.75,21434.05769230769,21417.25,7.3076923076923075,False,win,1.3,1.3,12
2024-12-05,6am,retest,short,20.75,430,21522.5,21530.48076923077,21512.125,7.980769230769231,False,loss,-1.0,-1.0,41
2024-12-05,6am,retest,long,20.75,598,21501.75,21493.76923076923,21512.125,7.980769230769231,True,win,1.3,1.3,1
2024-12-05,6am,failure,short,20.75,422,21522.5,21530.48076923077,21512.125,7.980769230769231,False,loss,-1.0,-1.0,49
2024-12-05,7am,retest,short,21.25,573,21537.75,21545.923076923078,21527.125,8.173076923076923,True,win,1.3,0.0,1
2024-12-05,7am,retest,long,21.25,528,21516.5,21508.326923076922,21527.125,8.173076923076923,False,loss,-1.0,-1.0,3
2024-12-05,7am,failure,long,21.25,526,21516.5,21508.326923076922,21527.125,8.173076923076923,False,loss,-1.0,-1.0,5
2024-12-06,7am,failure,short,28.5,486,21485.0,21495.96153846154,21470.75,10.961538461538462,False,win,1.3,1.3,15
2024-12-09,6am,retest,short,41.5,538,21627.5,21643.46153846154,21606.75,15.961538461538462,False,win,1.3,0.0,32
2024-12-09,6am,failure,short,41.5,455,21627.5,21643.46153846154,21606.75,15.961538461538462,False,win,1.3,0.0,115
2024-12-09,7am,retest,short,22.0,563,21630.0,21638.46153846154,21619.0,8.461538461538462,False,win,1.3,1.3,5
2024-12-09,7am,failure,short,22.0,528,21630.0,21638.46153846154,21619.0,8.461538461538462,False,win,1.3,1.3,2
2024-12-10,6am,retest,short,27.75,507,21517.5,21528.173076923078,21503.625,10.673076923076923,False,win,1.3,1.3,9
2024-12-10,6am,retest,long,27.75,677,21489.75,21479.076923076922,21503.625,10.673076923076923,True,win,1.3,1.3,2
2024-12-10,7am,retest,short,28.75,594,21535.25,21546.30769230769,21520.875,11.057692307692307,True,win,1.3,1.3,1
2024-12-10,7am,retest,long,28.75,518,21506.5,21495.44230769231,21520.875,11.057692307692307,False,loss,-1.0,-1.0,24
2024-12-10,7am,failure,short,28.75,493,21535.25,21546.30769230769,21520.875,11.057692307692307,False,win,1.3,1.3,11
2024-12-10,7am,failure,long,28.75,516,21506.5,21495.44230769231,21520.875,11.057692307692307,False,loss,-1.0,-1.0,26
2024-12-11,6am,retest,long,19.5,423,21440.0,21432.5,21449.75,7.5,False,loss,-1.0,0.0,32
2024-12-11,7am,failure,short,17.0,486,21448.5,21455.03846153846,21440.0,6.538461538461538,False,loss,-1.0,-1.0,7
2024-12-12,6am,retest,long,28.0,437,21721.0,21710.23076923077,21735.0,10.769230769230768,False,loss,-1.0,-1.0,17
2024-12-12,7am,retest,short,39.0,668,21732.0,21747.0,21712.5,15.0,True,win,1.3,0.0,13
2024-12-12,7am,failure,long,39.0,482,21693.0,21678.0,21712.5,15.0,False,win,1.3,1.3,11
2024-12-13,6am,retest,short,19.0,545,21804.5,21811.80769230769,21795.0,7.3076923076923075,False,loss,-1.0,-1.0,3
2024-12-13,6am,failure,short,19.0,429,21804.5,21811.80769230769,21795.0,7.3076923076923075,False,loss,-1.0,-1.0,6
2024-12-13,7am,retest,short,55.0,485,21836.25,21857.403846153848,21808.75,21.153846153846153,False,win,1.3,1.3,57
2024-12-13,7am,retest,long,55.0,850,21781.25,21760.096153846152,21808.75,21.153846153846153,True,win,1.3,1.3,20
2024-12-13,7am,failure,long,55.0,566,21781.25,21760.096153846152,21808.75,21.153846153846153,False,win,1.3,1.3,4
2024-12-16,6am,failure,short,26.75,423,21864.5,21874.78846153846,21851.125,10.288461538461538,False,loss,-1.0,0.0,11
2024-12-16,7am,retest,short,29.25,496,21883.5,21894.75,21868.875,11.25,False,loss,-1.0,-1.0,4
2024-12-17,6am,retest,long,50.75,700,22374.75,22355.23076923077,22400.125,19.51923076923077,True,loss,-1.0,-1.0,12
2024-12-17,7am,retest,long,50.0,505,22348.5,22329.26923076923,22373.5,19.23076923076923,False,loss,-1.0,0.0,17
2024-12-17,7am,failure,long,50.0,481,22348.5,22329.26923076923,22373.5,19.23076923076923,False,loss,-1.0,-1.0,8
2024-12-18,6am,retest,long,24.75,510,22359.5,22349.98076923077,22371.875,9.519230769230768,False,loss,-1.0,0.0,3
2024-12-18,6am,failure,short,24.75,438,22384.25,22393.76923076923,22371.875,9.519230769230768,False,win,1.3,1.3,11
2024-12-18,6am,failure,long,24.75,498,22359.5,22349.98076923077,22371.875,9.519230769230768,False,loss,-1.0,0.0,15
2024-12-18,7am,retest,long,25.75,510,22362.0,22352.096153846152,22374.875,9.903846153846153,False,loss,-1.0,-1.0,3
2024-12-18,7am,failure,long,25.75,496,22362.0,22352.096153846152,22374.875,9.903846153846153,False,loss,-1.0,0.0,17
2024-12-19,6am,retest,short,39.5,578,21583.75,21598.94230769231,21564.0,15.192307692307692,True,loss,-1.0,-1.0,0
2024-12-19,6am,failure,short,39.5,422,21583.75,21598.94230769231,21564.0,15.192307692307692,False,loss,-1.0,-1.0,5
2024-12-19,7am,retest,short,109.0,494,21676.0,21717.923076923078,21621.5,41.92307692307692,False,win,1.3,1.3,38
2024-12-19,7am,retest,long,109.0,599,21567.0,21525.076923076922,21621.5,41.92307692307692,True,loss,-1.0,0.0,7
2024-12-20,6am,retest,long,54.25,426,21071.25,21050.384615384617,21098.375,20.865384615384613,False,loss,-1.0,-1.0,3
2024-12-20,7am,retest,short,97.25,490,21103.75,21141.153846153848,21055.125,37.40384615384615,False,loss,-1.0,0.0,20
2024-12-20,7am,failure,short,97.25,481,21103.75,21141.153846153848,21055.125,37.40384615384615,False,loss,-1.0,0.0,29
2024-12-23,6am,retest,long,56.5,522,21573.0,21551.26923076923,21601.25,21.73076923076923,False,loss,-1.0,-1.0,1
2024-12-23,6am,failure,short,56.5,434,21629.5,21651.23076923077,21601.25,21.73076923076923,False,loss,-1.0,-1.0,8
2024-12-23,7am,retest,short,77.0,710,21671.25,21700.865384615383,21632.75,29.615384615384613,True,loss,-1.0,-1.0,10
2024-12-23,7am,retest,long,77.0,545,21594.25,21564.634615384617,21632.75,29.615384615384613,False,win,1.3,1.3,25
2024-12-23,7am,failure,long,77.0,518,21594.25,21564.634615384617,21632.75,29.615384615384613,False,loss,-1.0,-1.0,5
2024-12-24,6am,retest,short,39.75,513,21805.0,21820.28846153846,21785.125,15.288461538461538,False,loss,-1.0,0.0,16
2024-12-26,6am,retest,short,46.75,432,21964.0,21981.98076923077,21940.625,17.98076923076923,False,win,1.3,0.0,28
2024-12-26,7am,retest,short,46.75,572,21977.5,21995.48076923077,21954.125,17.98076923076923,True,loss,-1.0,0.0,5
2024-12-26,7am,retest,long,46.75,598,21930.75,21912.76923076923,21954.125,17.98076923076923,True,win,1.3,1.3,1
2024-12-27,6am,retest,long,23.5,511,21912.0,21902.96153846154,21923.75,9.038461538461538,False,loss,-1.0,0.0,4
2024-12-30,7am,retest,long,211.75,702,21441.75,21360.30769230769,21547.625,81.4423076923077,True,win,1.3,1.3,65
2024-12-31,6am,retest,long,42.25,496,21477.0,21460.75,21498.125,16.25,False,loss,-1.0,-1.0,4
2024-12-31,7am,retest,long,64.5,500,21460.25,21435.44230769231,21492.5,24.807692307692307,False,win,1.3,1.3,12
2024-12-31,7am,failure,long,64.5,481,21460.25,21435.44230769231,21492.5,24.807692307692307,False,win,1.3,0.0,31
2025-01-02,6am,retest,short,99.5,426,21470.0,21508.26923076923,21420.25,38.26923076923077,False,win,1.3,1.3,45
2025-01-02,6am,retest,long,99.5,547,21370.5,21332.23076923077,21420.25,38.26923076923077,False,loss,-1.0,-1.0,23
2025-01-02,6am,failure,long,99.5,542,21370.5,21332.23076923077,21420.25,38.26923076923077,False,loss,-1.0,-1.0,28
2025-01-02,7am,retest,long,76.75,510,21413.75,21384.23076923077,21452.125,29.519230769230766,False,win,1.3,1.3,8
2025-01-02,7am,failure,long,76.75,501,21413.75,21384.23076923077,21452.125,29.519230769230766,False,win,1.3,0.0,17
2025-01-03,6am,retest,short,33.25,503,21252.5,21265.28846153846,21235.875,12.788461538461538,False,loss,-1.0,-1.0,8
2025-01-03,7am,failure,short,38.0,482,21246.5,21261.115384615383,21227.5,14.615384615384615,False,loss,-1.0,-1.0,2
2025-01-06,6am,retest,short,103.0,510,21745.0,21784.615384615383,21693.5,39.61538461538461,False,win,1.3,0.0,45
2025-01-06,7am,retest,short,49.5,782,21760.5,21779.53846153846,21735.75,19.038461538461537,True,loss,-1.0,0.0,2
2025-01-06,7am,failure,long,49.5,523,21711.0,21691.96153846154,21735.75,19.038461538461537,False,win,1.3,1.3,5
2025-01-07,6am,retest,short,51.0,574,21771.5,21791.115384615383,21746.0,19.615384615384613,True,win,1.3,1.3,1
2025-01-07,6am,retest,long,51.0,582,21720.5,21700.884615384617,21746.0,19.615384615384613,True,win,1.3,1.3,1
2025-01-07,6am,failure,long,51.0,422,21720.5,21700.884615384617,21746.0,19.615384615384613,False,win,1.3,1.3,8
2025-01-07,7am,retest,short,45.0,535,21763.75,21781.05769230769,21741.25,17.307692307692307,False,loss,-1.0,-1.0,5
2025-01-07,7am,failure,short,45.0,530,21763.75,21781.05769230769,21741.25,17.307692307692307,False,loss,-1.0,-1.0,10
2025-01-08,6am,retest,long,163.5,459,21284.5,21221.615384615383,21366.25,62.88461538461538,False,win,1.3,1.3,45
2025-01-08,7am,retest,short,145.5,510,21367.0,21422.96153846154,21294.25,55.96153846153846,False,win,1.3,0.0,70
2025-01-08,7am,retest,long,145.5,761,21221.5,21165.53846153846,21294.25,55.96153846153846,True,win,1.3,1.3,19
2025-01-08,7am,failure,short,145.5,505,21367.0,21422.96153846154,21294.25,55.96153846153846,False,win,1.3,0.0,75
2025-01-08,7am,failure,long,145.5,748,21221.5,21165.53846153846,21294.25,55.96153846153846,True,win,1.3,1.3,32
2025-01-09,6am,retest,short,52.25,522,21328.75,21348.846153846152,21302.625,20.096153846153847,False,win,1.3,1.3,16
2025-01-09,6am,retest,long,52.25,550,21276.5,21256.403846153848,21302.625,20.096153846153847,False,win,1.3,1.3,15
2025-01-09,6am,failure,short,52.25,492,21328.75,21348.846153846152,21302.625,20.096153846153847,False,win,1.3,0.0,46
2025-01-09,7am,retest,short,32.0,499,21317.75,21330.05769230769,21301.75,12.307692307692307,False,loss,-1.0,0.0,17
2025-01-09,7am,retest,long,32.0,557,21285.75,21273.44230769231,21301.75,12.307692307692307,False,win,1.3,1.3,8
2025-01-09,7am,failure,long,32.0,544,21285.75,21273.44230769231,21301.75,12.307692307692307,False,loss,-1.0,-1.0,1
2025-01-10,6am,retest,long,60.0,461,21312.5,21289.423076923078,21342.5,23.076923076923077,False,loss,-1.0,-1.0,5
2025-01-10,6am,failure,long,60.0,423,21312.5,21289.423076923078,21342.5,23.076923076923077,False,loss,-1.0,-1.0,2
2025-01-13,7am,retest,long,120.5,580,20725.5,20679.153846153848,20785.75,46.34615384615385,True,win,1.3,1.3,13
2025-01-14,7am,retest,short,86.5,524,21058.5,21091.76923076923,21015.25,33.26923076923077,False,loss,-1.0,-1.0,2
2025-01-14,7am,failure,long,86.5,500,20972.0,20938.73076923077,21015.25,33.26923076923077,False,win,1.3,1.3,10
2025-01-15,6am,failure,short,51.0,430,21014.5,21034.115384615383,20989.0,19.615384615384613,False,win,1.3,1.3,14
2025-01-16,6am,retest,long,34.5,425,21483.75,21470.48076923077,21501.0,13.269230769230768,False,loss,-1.0,-1.0,6
2025-01-16,6am,failure,long,34.5,422,21483.75,21470.48076923077,21501.0,13.269230769230768,False,loss,-1.0,-1.0,9
2025-01-16,7am,retest,long,79.5,484,21430.5,21399.923076923078,21470.25,30.576923076923077,False,win,1.3,0.0,26
2025-01-20,7am,retest,short,56.0,517,21626.75,21648.28846153846,21598.75,21.538461538461537,False,loss,-1.0,0.0,9
2025-01-20,7am,retest,long,56.0,493,21570.75,21549.21153846154,21598.75,21.538461538461537,False,loss,-1.0,-1.0,17
2025-01-21,6am,retest,short,47.0,561,21710.5,21728.576923076922,21687.0,18.076923076923077,False,win,1.3,0.0,11
2025-01-21,6am,retest,long,47.0,427,21663.5,21645.423076923078,21687.0,18.076923076923077,False,win,1.3,0.0,16
2025-01-21,6am,failure,short,47.0,502,21710.5,21728.576923076922,21687.0,18.076923076923077,False,loss,-1.0,0.0,34
2025-01-21,7am,retest,short,63.5,502,21707.0,21731.423076923078,21675.25,24.423076923076923,False,loss,-1.0,0.0,38
2025-01-21,7am,failure,short,63.5,500,21707.0,21731.423076923078,21675.25,24.423076923076923,False,loss,-1.0,0.0,40
2025-01-21,7am,failure,long,63.5,578,21643.5,21619.076923076922,21675.25,24.423076923076923,True,loss,-1.0,-1.0,2
2025-01-22,6am,retest,short,21.25,436,21905.0,21913.173076923078,21894.375,8.173076923076923,False,loss,-1.0,0.0,28
2025-01-22,6am,failure,long,21.25,424,21883.75,21875.576923076922,21894.375,8.173076923076923,False,win,1.3,1.3,5
2025-01-22,7am,retest,short,40.0,501,21920.0,21935.384615384617,21900.0,15.384615384615383,False,win,1.3,1.3,62
2025-01-22,7am,failure,short,40.0,494,21920.0,21935.384615384617,21900.0,15.384615384615383,False,win,1.3,1.3,69
2025-01-23,6am,retest,short,30.25,487,21904.0,21915.634615384617,21888.875,11.634615384615385,False,win,1.3,1.3,2
2025-01-23,6am,retest,long,30.25,572,21873.75,21862.115384615383,21888.875,11.634615384615385,True,win,1.3,1.3,1
2025-01-23,7am,retest,short,32.5,486,21905.0,21917.5,21888.75,12.5,False,win,1.3,1.3,3
2025-01-23,7am,retest,long,32.5,572,21872.5,21860.0,21888.75,12.5,True,win,1.3,1.3,1
2025-01-23,7am,failure,short,32.5,484,21905.0,21917.5,21888.75,12.5,False,win,1.3,1.3,5
2025-01-24,6am,retest,short,22.0,422,22012.25,22020.71153846154,22001.25,8.461538461538462,False,loss,-1.0,-1.0,2
2025-01-24,7am,retest,short,35.0,568,22043.75,22057.21153846154,22026.25,13.461538461538462,False,win,1.3,0.0,3
2025-01-24,7am,retest,long,35.0,516,22008.75,21995.28846153846,22026.25,13.461538461538462,False,win,1.3,0.0,30
2025-01-24,7am,failure,short,35.0,556,22043.75,22057.21153846154,22026.25,13.461538461538462,False,win,1.3,0.0,15
2025-01-27,6am,retest,short,154.5,422,21032.5,21091.923076923078,20955.25,59.42307692307692,False,loss,-1.0,-1.0,43
2025-01-27,7am,retest,short,110.5,891,21106.5,21149.0,21051.25,42.5,True,loss,-1.0,-1.0,7
2025-01-27,7am,failure,short,110.5,488,21106.5,21149.0,21051.25,42.5,False,loss,-1.0,-1.0,6
2025-01-28,6am,retest,short,84.25,646,21410.25,21442.653846153848,21368.125,32.40384615384615,True,loss,-1.0,-1.0,12
2025-01-28,6am,retest,long,84.25,511,21326.0,21293.596153846152,21368.125,32.40384615384615,False,loss,-1.0,0.0,7
2025-01-28,7am,retest,short,90.25,511,21348.0,21382.71153846154,21302.875,34.71153846153846,False,win,1.3,1.3,4
2025-01-28,7am,retest,long,90.25,573,21257.75,21223.03846153846,21302.875,34.71153846153846,True,loss,-1.0,0.0,2
2025-01-29,6am,retest,long,41.75,473,21648.25,21632.19230769231,21669.125,16.057692307692307,False,loss,-1.0,-1.0,13
2025-01-30,6am,retest,long,51.0,460,21619.75,21600.134615384617,21645.25,19.615384615384613,False,win,1.3,0.0,31
2025-01-30,7am,retest,short,80.75,513,21655.0,21686.05769230769,21614.625,31.057692307692307,False,win,1.3,1.3,3
2025-01-30,7am,retest,long,80.75,621,21574.25,21543.19230769231,21614.625,31.057692307692307,True,loss,-1.0,0.0,8
2025-01-30,7am,failure,long,80.75,604,21574.25,21543.19230769231,21614.625,31.057692307692307,True,win,1.3,0.0,7
2025-01-31,6am,retest,long,30.0,494,21780.25,21768.71153846154,21795.25,11.538461538461538,False,win,1.3,1.3,12
2025-01-31,6am,failure,long,30.0,481,21780.25,21768.71153846154,21795.25,11.538461538461538,False,win,1.3,0.0,25
2025-01-31,7am,retest,short,32.0,573,21813.0,21825.30769230769,21797.0,12.307692307692307,True,win,1.3,0.0,2
2025-01-31,7am,retest,long,32.0,486,21781.0,21768.69230769231,21797.0,12.307692307692307,False,loss,-1.0,0.0,29
2025-01-31,7am,failure,long,32.0,481,21781.0,21768.69230769231,21797.0,12.307692307692307,False,loss,-1.0,0.0,34
2025-02-03,6am,retest,long,75.0,437,21197.0,21168.153846153848,21234.5,28.846153846153847,False,loss,-1.0,0.0,29
2025-02-03,7am,retest,short,75.25,494,21230.75,21259.69230769231,21193.125,28.94230769230769,False,win,1.3,0.0,21
2025-02-03,7am,failure,short,75.25,486,21230.75,21259.69230769231,21193.125,28.94230769230769,False,win,1.3,0.0,29
2025-02-03,7am,failure,long,75.25,603,21155.5,21126.55769230769,21193.125,28.94230769230769,True,win,1.3,1.3,2
2025-02-04,6am,retest,short,51.5,435,21426.5,21446.30769230769,21400.75,19.807692307692307,False,loss,-1.0,-1.0,14
2025-02-04,6am,failure,short,51.5,424,21426.5,21446.30769230769,21400.75,19.807692307692307,False,loss,-1.0,-1.0,25
2025-02-04,7am,retest,short,97.5,588,21498.5,21536.0,21449.75,37.5,True,loss,-1.0,-1.0,2
2025-02-05,6am,failure,long,23.0,432,21474.25,21465.403846153848,21485.75,8.846153846153847,False,win,1.3,1.3,4
2025-02-05,7am,failure,short,44.0,488,21515.0,21531.923076923078,21493.0,16.923076923076923,False,win,1.3,0.0,8
2025-02-06,6am,retest,short,62.0,568,21778.5,21802.346153846152,21747.5,23.846153846153847,False,win,1.3,1.3,3
2025-02-06,6am,retest,long,62.0,423,21716.5,21692.653846153848,21747.5,23.846153846153847,False,win,1.3,1.3,29
2025-02-06,6am,failure,short,62.0,565,21778.5,21802.346153846152,21747.5,23.846153846153847,False,win,1.3,1.3,6
2025-02-06,7am,retest,short,60.25,486,21766.0,21789.173076923078,21735.875,23.173076923076923,False,loss,-1.0,0.0,98
2025-02-07,6am,retest,short,35.0,441,21876.0,21889.46153846154,21858.5,13.461538461538462,False,win,1.3,1.3,10
2025-02-07,6am,failure,long,35.0,505,21841.0,21827.53846153846,21858.5,13.461538461538462,False,loss,-1.0,0.0,5
2025-02-07,7am,retest,long,20.75,495,21856.25,21848.26923076923,21866.625,7.980769230769231,False,win,1.3,1.3,2
2025-02-07,7am,failure,long,20.75,486,21856.25,21848.26923076923,21866.625,7.980769230769231,False,loss,-1.0,0.0,3
2025-02-10,6am,retest,short,57.25,498,21752.5,21774.51923076923,21723.875,22.01923076923077,False,loss,-1.0,-1.0,14
2025-02-10,7am,retest,short,24.75,503,21746.75,21756.26923076923,21734.375,9.519230769230768,False,loss,-1.0,-1.0,3
2025-02-11,7am,retest,long,41.0,521,21729.0,21713.23076923077,21749.5,15.769230769230768,False,loss,-1.0,-1.0,6
2025-02-12,6am,retest,short,31.0,440,21801.75,21813.673076923078,21786.25,11.923076923076923,False,loss,-1.0,-1.0,13
2025-02-12,6am,failure,short,31.0,435,21801.75,21813.673076923078,21786.25,11.923076923076923,False,loss,-1.0,-1.0,18
2025-02-12,7am,retest,short,51.75,486,21836.25,21856.153846153848,21810.375,19.903846153846153,False,win,1.3,0.0,24
2025-02-12,7am,retest,long,51.75,721,21784.5,21764.596153846152,21810.375,19.903846153846153,True,loss,-1.0,0.0,36
2025-02-12,7am,failure,short,51.75,481,21836.25,21856.153846153848,21810.375,19.903846153846153,False,win,1.3,0.0,29
2025-02-13,6am,retest,short,62.75,534,21859.0,21883.134615384617,21827.625,24.134615384615383,False,loss,-1.0,-1.0,37
2025-02-13,6am,retest,long,62.75,436,21796.25,21772.115384615383,21827.625,24.134615384615383,False,win,1.3,1.3,73
2025-02-13,6am,failure,long,62.75,433,21796.25,21772.115384615383,21827.625,24.134615384615383,False,win,1.3,1.3,76
2025-02-13,7am,failure,short,43.0,510,21831.0,21847.53846153846,21809.5,16.538461538461537,False,loss,-1.0,-1.0,0
2025-02-14,6am,retest,short,62.5,524,22105.0,22129.03846153846,22073.75,24.038461538461537,False,loss,-1.0,-1.0,47
2025-02-14,6am,failure,short,62.5,520,22105.0,22129.03846153846,22073.75,24.038461538461537,False,loss,-1.0,-1.0,51
2025-02-14,7am,retest,short,30.75,490,22087.0,22098.826923076922,22071.625,11.826923076923077,False,win,1.3,1.3,19
2025-02-14,7am,failure,short,30.75,485,22087.0,22098.826923076922,22071.625,11.826923076923077,False,win,1.3,1.3,24
2025-02-17,6am,retest,long,31.25,570,22238.25,22226.23076923077,22253.875,12.019230769230768,True,loss,-1.0,-1.0,1
2025-02-17,7am,retest,long,17.25,668,22241.5,22234.865384615383,22250.125,6.634615384615384,True,win,1.3,1.3,7
2025-02-17,7am,failure,short,17.25,544,22258.75,22265.384615384617,22250.125,6.634615384615384,False,win,1.3,1.3,9
2025-02-17,7am,failure,long,17.25,566,22241.5,22234.865384615383,22250.125,6.634615384615384,False,loss,-1.0,-1.0,4
2025-02-18,6am,retest,short,18.0,434,22287.5,22294.423076923078,22278.5,6.9230769230769225,False,win,1.3,1.3,2
2025-02-18,6am,failure,short,18.0,432,22287.5,22294.423076923078,22278.5,6.9230769230769225,False,win,1.3,1.3,4
2025-02-18,7am,retest,short,34.5,526,22301.75,22315.01923076923,22284.5,13.269230769230768,False,loss,-1.0,-1.0,14
2025-02-18,7am,failure,short,34.5,505,22301.75,22315.01923076923,22284.5,13.269230769230768,False,loss,-1.0,0.0,35
2025-02-19,6am,retest,short,30.0,481,22225.5,22237.03846153846,22210.5,11.538461538461538,False,loss,-1.0,-1.0,4
2025-02-19,6am,retest,long,30.0,510,22195.5,22183.96153846154,22210.5,11.538461538461538,False,loss,-1.0,-1.0,9
2025-02-19,7am,retest,short,47.25,815,22255.75,22273.923076923078,22232.125,18.173076923076923,True,win,1.3,1.3,24
2025-02-19,7am,retest,long,47.25,535,22208.5,22190.326923076922,22232.125,18.173076923076923,False,loss,-1.0,-1.0,30
2025-02-19,7am,failure,short,47.25,778,22255.75,22273.923076923078,22232.125,18.173076923076923,True,win,1.3,1.3,3
2025-02-19,7am,failure,long,47.25,503,22208.5,22190.326923076922,22232.125,18.173076923076923,False,loss,-1.0,-1.0,5
2025-02-20,6am,retest,short,35.0,566,22210.0,22223.46153846154,22192.5,13.461538461538462,False,loss,-1.0,0.0,5
2025-02-20,6am,failure,short,35.0,480,22210.0,22223.46153846154,22192.5,13.461538461538462,False,win,1.3,1.3,9
2025-02-20,7am,retest,short,36.75,566,22210.25,22224.384615384617,22191.875,14.134615384615383,False,loss,-1.0,0.0,5
2025-02-21,7am,retest,short,63.25,494,22220.0,22244.326923076922,22188.375,24.326923076923077,False,loss,-1.0,-1.0,31
2025-02-21,7am,retest,long,63.25,573,22156.75,22132.423076923078,22188.375,24.326923076923077,True,loss,-1.0,0.0,4
2025-02-24,6am,retest,short,40.75,534,21787.5,21803.173076923078,21767.125,15.673076923076923,False,loss,-1.0,-1.0,6
2025-02-24,6am,failure,long,40.75,432,21746.75,21731.076923076922,21767.125,15.673076923076923,False,win,1.3,1.3,7
2025-02-24,7am,retest,short,37.75,507,21777.25,21791.76923076923,21758.375,14.519230769230768,False,loss,-1.0,-1.0,28
2025-02-24,7am,failure,short,37.75,503,21777.25,21791.76923076923,21758.375,14.519230769230768,False,loss,-1.0,-1.0,32
2025-02-25,6am,retest,short,102.0,439,21388.0,21427.23076923077,21337.0,39.230769230769226,False,loss,-1.0,-1.0,40
2025-02-25,6am,failure,long,102.0,589,21286.0,21246.76923076923,21337.0,39.230769230769226,True,loss,-1.0,-1.0,3
2025-02-25,7am,retest,short,75.75,507,21438.5,21467.634615384617,21400.625,29.134615384615383,False,win,1.3,1.3,24
2025-02-25,7am,failure,short,75.75,502,21438.5,21467.634615384617,21400.625,29.134615384615383,False,win,1.3,0.0,29
2025-02-26,6am,retest,long,52.5,476,21276.75,21256.55769230769,21303.0,20.19230769230769,False,win,1.3,0.0,24
2025-02-26,6am,failure,short,52.5,512,21329.25,21349.44230769231,21303.0,20.19230769230769,False,win,1.3,1.3,14
2025-02-26,6am,failure,long,52.5,470,21276.75,21256.55769230769,21303.0,20.19230769230769,False,win,1.3,0.0,30
2025-02-26,7am,retest,short,48.0,523,21307.5,21325.96153846154,21283.5,18.46153846153846,False,win,1.3,1.3,6
2025-02-26,7am,retest,long,48.0,579,21259.5,21241.03846153846,21283.5,18.46153846153846,True,loss,-1.0,0.0,1
2025-02-26,7am,failure,short,48.0,502,21307.5,21325.96153846154,21283.5,18.46153846153846,False,loss,-1.0,-1.0,8
2025-02-27,6am,retest,short,33.5,424,21345.25,21358.134615384617,21328.5,12.884615384615385,False,loss,-1.0,-1.0,3
2025-02-27,6am,retest,long,33.5,529,21311.75,21298.865384615383,21328.5,12.884615384615385,False,loss,-1.0,-1.0,0
2025-02-27,6am,failure,short,33.5,422,21345.25,21358.134615384617,21328.5,12.884615384615385,False,loss,-1.0,0.0,5
2025-02-27,7am,retest,long,50.5,518,21336.0,21316.576923076922,21361.25,19.423076923076923,False,win,1.3,1.3,2
2025-02-27,7am,failure,long,50.5,514,21336.0,21316.576923076922,21361.25,19.423076923076923,False,loss,-1.0,-1.0,1
2025-02-28,6am,retest,long,27.5,512,20650.0,20639.423076923078,20663.75,10.576923076923077,False,loss,-1.0,-1.0,0
2025-02-28,6am,failure,long,27.5,421,20650.0,20639.423076923078,20663.75,10.576923076923077,False,loss,-1.0,-1.0,1
2025-02-28,7am,retest,short,83.5,617,20664.75,20696.865384615383,20623.0,32.11538461538461,True,win,1.3,0.0,3
2025-02-28,7am,failure,short,83.5,613,20664.75,20696.865384615383,20623.0,32.11538461538461,True,loss,-1.0,0.0,2
2025-03-03,6am,retest,short,50.5,523,21045.75,21065.173076923078,21020.5,19.423076923076923,False,loss,-1.0,-1.0,11
2025-03-03,6am,retest,long,50.5,588,20995.25,20975.826923076922,21020.5,19.423076923076923,True,loss,-1.0,-1.0,1
2025-03-03,6am,failure,long,50.5,579,20995.25,20975.826923076922,21020.5,19.423076923076923,True,loss,-1.0,-1.0,0
2025-03-03,7am,failure,short,69.75,574,21101.0,21127.826923076922,21066.125,26.826923076923077,True,win,1.3,0.0,1
2025-03-04,6am,retest,short,55.0,941,20493.25,20514.403846153848,20465.75,21.153846153846153,True,loss,-1.0,-1.0,0
2025-03-04,6am,retest,long,55.0,429,20438.25,20417.096153846152,20465.75,21.153846153846153,False,loss,-1.0,-1.0,5
2025-03-04,7am,retest,short,169.5,796,20474.75,20539.94230769231,20390.0,65.1923076923077,True,win,1.3,1.3,7
2025-03-04,7am,retest,long,169.5,488,20305.25,20240.05769230769,20390.0,65.1923076923077,False,win,1.3,1.3,61
2025-03-04,7am,failure,short,169.5,793,20474.75,20539.94230769231,20390.0,65.1923076923077,True,win,1.3,1.3,10
2025-03-04,7am,failure,long,169.5,484,20305.25,20240.05769230769,20390.0,65.1923076923077,False,win,1.3,1.3,65
2025-03-05,6am,retest,short,116.5,775,20557.5,20602.30769230769,20499.25,44.80769230769231,True,win,1.3,1.3,12
2025-03-05,6am,retest,long,116.5,516,20441.0,20396.19230769231,20499.25,44.80769230769231,False,loss,-1.0,-1.0,25
2025-03-05,6am,failure,long,116.5,499,20441.0,20396.19230769231,20499.25,44.80769230769231,False,loss,-1.0,0.0,42
2025-03-05,7am,retest,long,67.25,501,20460.25,20434.384615384617,20493.875,25.865384615384613,False,loss,-1.0,-1.0,7
2025-03-06,6am,retest,short,77.0,619,20429.75,20459.365384615383,20391.25,29.615384615384613,True,loss,-1.0,-1.0,1
2025-03-06,6am,retest,long,77.0,514,20352.75,20323.134615384617,20391.25,29.615384615384613,False,loss,-1.0,0.0,12
2025-03-06,6am,failure,short,77.0,617,20429.75,20459.365384615383,20391.25,29.615384615384613,True,loss,-1.0,0.0,1
2025-03-06,7am,retest,short,75.0,619,20429.75,20458.596153846152,20392.25,28.846153846153847,True,loss,-1.0,-1.0,1
2025-03-06,7am,retest,long,75.0,514,20354.75,20325.903846153848,20392.25,28.846153846153847,False,loss,-1.0,0.0,12
2025-03-06,7am,failure,short,75.0,617,20429.75,20458.596153846152,20392.25,28.846153846153847,True,loss,-1.0,0.0,1
2025-03-07,6am,failure,long,51.25,438,20150.75,20131.03846153846,20176.375,19.71153846153846,False,loss,-1.0,-1.0,10
2025-03-07,7am,retest,short,92.25,514,20184.25,20219.73076923077,20138.125,35.480769230769226,False,win,1.3,0.0,6
2025-03-07,7am,retest,long,92.25,498,20092.0,20056.51923076923,20138.125,35.480769230769226,False,win,1.3,0.0,12
2025-03-10,6am,retest,long,84.5,478,19940.0,19907.5,19982.25,32.5,False,loss,-1.0,-1.0,10
2025-03-10,7am,retest,long,100.0,502,19920.5,19882.03846153846,19970.5,38.46153846153846,False,loss,-1.0,-1.0,8
2025-03-10,7am,failure,long,100.0,486,19920.5,19882.03846153846,19970.5,38.46153846153846,False,loss,-1.0,-1.0,24
2025-03-11,6am,retest,short,54.5,459,19561.5,19582.46153846154,19534.25,20.96153846153846,False,loss,-1.0,-1.0,21
2025-03-11,6am,retest,long,54.5,423,19507.0,19486.03846153846,19534.25,20.96153846153846,False,loss,-1.0,-1.0,2
2025-03-11,7am,retest,short,107.5,592,19578.0,19619.346153846152,19524.25,41.34615384615385,True,win,1.3,1.3,2
2025-03-11,7am,retest,long,107.5,532,19470.5,19429.153846153848,19524.25,41.34615384615385,False,loss,-1.0,-1.0,33
2025-03-11,7am,failure,short,107.5,481,19578.0,19619.346153846152,19524.25,41.34615384615385,False,win,1.3,1.3,9
2025-03-12,6am,retest,short,43.0,485,19567.25,19583.78846153846,19545.75,16.538461538461537,False,loss,-1.0,-1.0,10
2025-03-12,6am,retest,long,43.0,646,19524.25,19507.71153846154,19545.75,16.538461538461537,True,loss,-1.0,0.0,3
2025-03-12,6am,failure,long,43.0,641,19524.25,19507.71153846154,19545.75,16.538461538461537,True,loss,-1.0,-1.0,0
2025-03-12,7am,retest,short,61.5,597,19608.25,19631.903846153848,19577.5,23.653846153846153,True,loss,-1.0,0.0,1
2025-03-12,7am,retest,long,61.5,655,19546.75,19523.096153846152,19577.5,23.653846153846153,True,loss,-1.0,0.0,1
2025-03-12,7am,failure,long,61.5,634,19546.75,19523.096153846152,19577.5,23.653846153846153,True,loss,-1.0,0.0,6
2025-03-13,6am,retest,long,70.75,431,19560.25,19533.03846153846,19595.625,27.21153846153846,False,loss,-1.0,0.0,15
2025-03-13,6am,failure,long,70.75,428,19560.25,19533.03846153846,19595.625,27.21153846153846,False,loss,-1.0,0.0,18
2025-03-13,7am,retest,long,100.25,491,19494.75,19456.19230769231,19544.875,38.55769230769231,False,win,1.3,1.3,19
2025-03-14,6am,retest,short,89.25,488,19487.75,19522.076923076922,19443.125,34.32692307692307,False,loss,-1.0,-1.0,21
2025-03-14,7am,retest,short,63.25,489,19487.25,19511.576923076922,19455.625,24.326923076923077,False,loss,-1.0,0.0,16
2025-03-17,6am,retest,short,71.75,453,19688.75,19716.346153846152,19652.875,27.596153846153847,False,loss,-1.0,0.0,60
2025-03-17,7am,retest,short,39.5,560,19717.0,19732.19230769231,19697.25,15.192307692307692,False,win,1.3,1.3,7
2025-03-17,7am,retest,long,39.5,491,19677.5,19662.30769230769,19697.25,15.192307692307692,False,loss,-1.0,0.0,19
2025-03-17,7am,failure,long,39.5,483,19677.5,19662.30769230769,19697.25,15.192307692307692,False,loss,-1.0,-1.0,4
2025-03-18,6am,retest,long,63.25,557,19922.5,19898.173076923078,19954.125,24.326923076923077,False,loss,-1.0,-1.0,5
2025-03-18,6am,failure,short,63.25,433,19985.75,20010.076923076922,19954.125,24.326923076923077,False,win,1.3,0.0,17
2025-03-19,6am,retest,short,36.5,467,19785.0,19799.03846153846,19766.75,14.038461538461538,False,win,1.3,0.0,9
2025-03-19,6am,retest,long,36.5,512,19748.5,19734.46153846154,19766.75,14.038461538461538,False,win,1.3,0.0,14
2025-03-19,7am,retest,short,41.75,572,19789.75,19805.80769230769,19768.875,16.057692307692307,True,loss,-1.0,-1.0,0
2025-03-19,7am,retest,long,41.75,519,19748.0,19731.94230769231,19768.875,16.057692307692307,False,win,1.3,1.3,7
2025-03-19,7am,failure,short,41.75,569,19789.75,19805.80769230769,19768.875,16.057692307692307,False,loss,-1.0,-1.0,1
2025-03-19,7am,failure,long,41.75,511,19748.0,19731.94230769231,19768.875,16.057692307692307,False,win,1.3,0.0,15
2025-03-20,6am,retest,short,220.75,731,19956.0,20040.903846153848,19845.625,84.90384615384615,True,win,1.3,1.3,76
2025-03-20,7am,retest,short,67.5,578,19862.0,19887.96153846154,19828.25,25.96153846153846,True,loss,-1.0,-1.0,0
2025-03-20,7am,failure,long,67.5,546,19794.5,19768.53846153846,19828.25,25.96153846153846,False,loss,-1.0,0.0,24
2025-03-21,6am,retest,short,75.25,742,19845.25,19874.19230769231,19807.625,28.94230769230769,True,loss,-1.0,0.0,35
2025-03-21,6am,retest,long,75.25,657,19770.0,19741.05769230769,19807.625,28.94230769230769,True,win,1.3,1.3,3
2025-03-21,6am,failure,short,75.25,740,19845.25,19874.19230769231,19807.625,28.94230769230769,True,loss,-1.0,0.0,37
2025-03-24,7am,retest,short,52.5,517,20262.75,20282.94230769231,20236.5,20.19230769230769,False,loss,-1.0,-1.0,26
2025-03-24,7am,failure,short,52.5,511,20262.75,20282.94230769231,20236.5,20.19230769230769,False,loss,-1.0,-1.0,32
2025-03-25,6am,retest,short,62.25,429,20383.0,20406.94230769231,20351.875,23.94230769230769,False,loss,-1.0,0.0,42
2025-03-25,7am,retest,short,52.5,532,20416.5,20436.69230769231,20390.25,20.19230769230769,False,win,1.3,0.0,38
2025-03-25,7am,failure,short,52.5,481,20416.5,20436.69230769231,20390.25,20.19230769230769,False,loss,-1.0,-1.0,30
2025-03-25,7am,failure,long,52.5,589,20364.0,20343.80769230769,20390.25,20.19230769230769,True,win,1.3,0.0,4
2025-03-26,6am,retest,short,44.25,443,20473.75,20490.76923076923,20451.625,17.01923076923077,False,loss,-1.0,-1.0,20
2025-03-26,7am,retest,long,34.5,516,20458.5,20445.23076923077,20475.75,13.269230769230768,False,win,1.3,1.3,12
2025-03-26,7am,failure,long,34.5,510,20458.5,20445.23076923077,20475.75,13.269230769230768,False,win,1.3,0.0,18
2025-03-27,6am,retest,short,65.5,651,20138.5,20163.69230769231,20105.75,25.19230769230769,True,loss,-1.0,-1.0,2
2025-03-27,6am,retest,long,65.5,422,20073.0,20047.80769230769,20105.75,25.19230769230769,False,loss,-1.0,0.0,20
2025-03-27,6am,failure,short,65.5,637,20138.5,20163.69230769231,20105.75,25.19230769230769,True,loss,-1.0,-1.0,1
2025-03-27,7am,failure,short,66.0,512,20097.0,20122.384615384617,20064.0,25.384615384615383,False,win,1.3,0.0,16
2025-03-28,6am,retest,long,63.0,513,19906.75,19882.51923076923,19938.25,24.23076923076923,False,loss,-1.0,-1.0,4
2025-03-28,7am,retest,long,49.5,513,19908.75,19889.71153846154,19933.5,19.038461538461537,False,loss,-1.0,-1.0,3
2025-03-31,6am,retest,short,48.5,706,19231.25,19249.903846153848,19207.0,18.653846153846153,True,loss,-1.0,-1.0,6
2025-03-31,6am,retest,long,48.5,436,19182.75,19164.096153846152,19207.0,18.653846153846153,False,loss,-1.0,-1.0,9
2025-03-31,7am,retest,long,110.25,603,19118.5,19076.096153846152,19173.625,42.40384615384615,True,loss,-1.0,0.0,20
2025-04-01,6am,retest,short,147.5,658,19491.25,19547.98076923077,19417.5,56.730769230769226,True,loss,-1.0,-1.0,10
2025-04-01,6am,retest,long,147.5,455,19343.75,19287.01923076923,19417.5,56.730769230769226,False,win,1.3,0.0,118
2025-04-01,6am,failure,short,147.5,654,19491.25,19547.98076923077,19417.5,56.730769230769226,True,loss,-1.0,-1.0,14
2025-04-01,7am,retest,short,96.5,553,19407.75,19444.865384615383,19359.5,37.11538461538461,False,win,1.3,1.3,17
2025-04-01,7am,retest,long,96.5,617,19311.25,19274.134615384617,19359.5,37.11538461538461,True,loss,-1.0,-1.0,3
2025-04-01,7am,failure,long,96.5,612,19311.25,19274.134615384617,19359.5,37.11538461538461,True,loss,-1.0,-1.0,8
2025-04-02,6am,retest,short,70.25,612,19523.75,19550.76923076923,19488.625,27.01923076923077,True,loss,-1.0,-1.0,4
2025-04-02,6am,retest,long,70.25,424,19453.5,19426.48076923077,19488.625,27.01923076923077,False,loss,-1.0,0.0,55
2025-04-02,7am,retest,short,59.0,583,19483.0,19505.69230769231,19453.5,22.69230769230769,True,loss,-1.0,-1.0,1
2025-04-03,6am,failure,long,100.0,517,18948.0,18909.53846153846,18998.0,38.46153846153846,False,loss,-1.0,-1.0,6
2025-04-03,7am,retest,long,78.25,516,18958.75,18928.653846153848,18997.875,30.096153846153847,False,loss,-1.0,-1.0,3
2025-04-04,6am,retest,long,570.0,459,18031.25,17812.01923076923,18316.25,219.23076923076923,False,loss,-1.0,0.0,187
2025-04-04,6am,failure,long,570.0,442,18031.25,17812.01923076923,18316.25,219.23076923076923,False,loss,-1.0,0.0,204
2025-04-04,7am,retest,short,339.25,522,18160.0,18290.48076923077,17990.375,130.48076923076923,False,win,1.3,0.0,90
2025-04-04,7am,retest,long,339.25,654,17820.75,17690.26923076923,17990.375,130.48076923076923,True,win,1.3,1.3,7
2025-04-04,7am,failure,short,339.25,496,18160.0,18290.48076923077,17990.375,130.48076923076923,False,win,1.3,0.0,116
2025-04-07,6am,retest,short,422.75,604,17278.0,17440.596153846152,17066.625,162.59615384615384,True,loss,-1.0,-1.0,6
2025-04-07,6am,retest,long,422.75,588,16855.25,16692.653846153848,17066.625,162.59615384615384,True,win,1.3,1.3,4
2025-04-07,6am,failure,short,422.75,600,17278.0,17440.596153846152,17066.625,162.59615384615384,True,loss,-1.0,0.0,10
2025-04-07,6am,failure,long,422.75,575,16855.25,16692.653846153848,17066.625,162.59615384615384,True,loss,-1.0,-1.0,8
2025-04-07,7am,retest,short,230.5,603,17232.25,17320.903846153848,17117.0,88.65384615384615,True,loss,-1.0,0.0,3
2025-04-07,7am,retest,long,230.5,490,17001.75,16913.096153846152,17117.0,88.65384615384615,False,win,1.3,1.3,18
2025-04-08,6am,retest,short,128.5,441,17821.75,17871.173076923078,17757.5,49.42307692307692,False,loss,-1.0,-1.0,14
2025-04-08,6am,retest,long,128.5,765,17693.25,17643.826923076922,17757.5,49.42307692307692,True,win,1.3,1.3,1
2025-04-08,6am,failure,short,128.5,437,17821.75,17871.173076923078,17757.5,49.42307692307692,False,loss,-1.0,-1.0,18
2025-04-08,6am,failure,long,128.5,762,17693.25,17643.826923076922,17757.5,49.42307692307692,True,win,1.3,0.0,4
2025-04-08,7am,retest,short,261.0,488,18021.0,18121.384615384617,17890.5,100.38461538461539,False,loss,-1.0,0.0,69
2025-04-08,7am,retest,long,261.0,769,17760.0,17659.615384615383,17890.5,100.38461538461539,True,loss,-1.0,-1.0,10
2025-04-09,6am,retest,short,243.75,585,17373.5,17467.25,17251.625,93.75,True,loss,-1.0,0.0,6
2025-04-09,6am,retest,long,243.75,537,17129.75,17036.0,17251.625,93.75,False,win,1.3,1.3,3
2025-04-09,6am,failure,short,243.75,579,17373.5,17467.25,17251.625,93.75,True,loss,-1.0,-1.0,1
2025-04-09,7am,retest,short,383.25,558,17250.75,17398.153846153848,17059.125,147.40384615384616,False,loss,-1.0,-1.0,21
2025-04-09,7am,failure,short,383.25,546,17250.75,17398.153846153848,17059.125,147.40384615384616,False,loss,-1.0,-1.0,33
2025-04-10,6am,retest,long,157.25,494,18847.0,18786.51923076923,18925.625,60.480769230769226,False,win,1.3,1.3,16
2025-04-10,6am,failure,long,157.25,487,18847.0,18786.51923076923,18925.625,60.480769230769226,False,win,1.3,1.3,23
2025-04-10,7am,retest,short,91.0,513,18958.25,18993.25,18912.75,35.0,False,win,1.3,0.0,1
2025-04-10,7am,retest,long,91.0,498,18867.25,18832.25,18912.75,35.0,False,loss,-1.0,-1.0,3
2025-04-11,6am,retest,short,125.75,794,18702.75,18751.115384615383,18639.875,48.36538461538461,True,win,1.3,1.3,5
2025-04-11,6am,retest,long,125.75,478,18577.0,18528.634615384617,18639.875,48.36538461538461,False,loss,-1.0,-1.0,24
2025-04-11,7am,retest,short,192.25,799,18654.75,18728.69230769231,18558.625,73.9423076923077,True,loss,-1.0,0.0,20
2025-04-11,7am,retest,long,192.25,580,18462.5,18388.55769230769,18558.625,73.9423076923077,True,win,1.3,0.0,3
2025-04-14,6am,failure,long,68.75,582,19043.75,19017.30769230769,19078.125,26.44230769230769,True,loss,-1.0,-1.0,1
2025-04-14,7am,retest,short,109.5,524,19175.5,19217.615384615383,19120.75,42.11538461538461,False,loss,-1.0,-1.0,33
2025-04-14,7am,retest,long,109.5,590,19066.0,19023.884615384617,19120.75,42.11538461538461,True,win,1.3,0.0,13
2025-04-15,6am,retest,short,59.5,574,19007.75,19030.634615384617,18978.0,22.884615384615383,True,win,1.3,0.0,1
2025-04-15,6am,retest,long,59.5,457,18948.25,18925.365384615383,18978.0,22.884615384615383,False,loss,-1.0,-1.0,7
2025-04-15,7am,retest,short,124.0,576,18994.25,19041.94230769231,18932.25,47.69230769230769,True,loss,-1.0,-1.0,3
2025-04-15,7am,retest,long,124.0,506,18870.25,18822.55769230769,18932.25,47.69230769230769,False,win,1.3,1.3,29
2025-04-15,7am,failure,short,124.0,572,18994.25,19041.94230769231,18932.25,47.69230769230769,True,loss,-1.0,-1.0,1
2025-04-16,6am,retest,long,58.75,433,18670.75,18648.153846153848,18700.125,22.596153846153847,False,win,1.3,0.0,16
2025-04-16,6am,failure,short,58.75,686,18729.5,18752.096153846152,18700.125,22.596153846153847,True,win,1.3,1.3,4
2025-04-16,6am,failure,long,58.75,424,18670.75,18648.153846153848,18700.125,22.596153846153847,False,win,1.3,0.0,25
2025-04-16,7am,retest,short,72.75,687,18724.0,18751.98076923077,18687.625,27.98076923076923,True,win,1.3,1.3,3
2025-04-16,7am,retest,long,72.75,528,18651.25,18623.26923076923,18687.625,27.98076923076923,False,loss,-1.0,-1.0,13
2025-04-16,7am,failure,long,72.75,522,18651.25,18623.26923076923,18687.625,27.98076923076923,False,loss,-1.0,-1.0,19
2025-04-17,6am,retest,long,87.0,457,18496.5,18463.03846153846,18540.0,33.46153846153846,False,win,1.3,1.3,23
2025-04-17,6am,failure,short,87.0,484,18583.5,18616.96153846154,18540.0,33.46153846153846,False,win,1.3,1.3,3
2025-04-17,7am,retest,short,75.5,492,18532.25,18561.28846153846,18494.5,29.038461538461537,False,loss,-1.0,-1.0,21
2025-04-17,7am,retest,long,75.5,591,18456.75,18427.71153846154,18494.5,29.038461538461537,True,win,1.3,0.0,2
2025-04-21,6am,retest,short,47.5,431,18192.0,18210.26923076923,18168.25,18.26923076923077,False,win,1.3,1.3,1
2025-04-21,6am,retest,long,47.5,571,18144.5,18126.23076923077,18168.25,18.26923076923077,True,loss,-1.0,0.0,4
2025-04-21,6am,failure,long,47.5,441,18144.5,18126.23076923077,18168.25,18.26923076923077,False,loss,-1.0,-1.0,0
2025-04-21,7am,retest,long,133.75,591,18080.0,18028.55769230769,18146.875,51.44230769230769,True,loss,-1.0,-1.0,6
2025-04-21,7am,failure,long,133.75,578,18080.0,18028.55769230769,18146.875,51.44230769230769,True,loss,-1.0,0.0,19
2025-04-22,6am,retest,long,32.75,441,18072.75,18060.153846153848,18089.125,12.596153846153845,False,win,1.3,1.3,10
2025-04-22,6am,failure,short,32.75,528,18105.5,18118.096153846152,18089.125,12.596153846153845,False,loss,-1.0,-1.0,2
2025-04-22,7am,failure,short,56.5,525,18100.25,18121.98076923077,18072.0,21.73076923076923,False,loss,-1.0,-1.0,7
2025-04-23,6am,retest,short,89.75,430,18928.75,18963.26923076923,18883.875,34.51923076923077,False,win,1.3,1.3,20
2025-04-23,7am,retest,short,85.25,524,18945.0,18977.78846153846,18902.375,32.78846153846154,False,win,1.3,1.3,24
2025-04-23,7am,retest,long,85.25,720,18859.75,18826.96153846154,18902.375,32.78846153846154,True,loss,-1.0,0.0,9
2025-04-23,7am,failure,short,85.25,519,18945.0,18977.78846153846,18902.375,32.78846153846154,False,win,1.3,1.3,29
2025-04-23,7am,failure,long,85.25,488,18859.75,18826.96153846154,18902.375,32.78846153846154,False,win,1.3,1.3,7
2025-04-24,6am,retest,short,146.0,528,18839.5,18895.653846153848,18766.5,56.15384615384615,False,loss,-1.0,-1.0,49
2025-04-24,7am,retest,short,93.5,511,18823.0,18858.96153846154,18776.25,35.96153846153846,False,loss,-1.0,0.0,8
2025-04-24,7am,failure,short,93.5,499,18823.0,18858.96153846154,18776.25,35.96153846153846,False,loss,-1.0,0.0,20
2025-04-25,6am,retest,short,198.0,751,19416.0,19492.153846153848,19317.0,76.15384615384615,True,loss,-1.0,-1.0,36
2025-04-25,6am,failure,short,198.0,744,19416.0,19492.153846153848,19317.0,76.15384615384615,True,loss,-1.0,-1.0,43
2025-04-25,6am,failure,long,198.0,541,19218.0,19141.846153846152,19317.0,76.15384615384615,False,win,1.3,1.3,29
2025-04-25,7am,retest,short,92.25,585,19322.0,19357.48076923077,19275.875,35.480769230769226,True,win,1.3,0.0,2
2025-04-25,7am,failure,short,92.25,571,19322.0,19357.48076923077,19275.875,35.480769230769226,True,win,1.3,1.3,1
2025-04-28,6am,retest,short,56.75,466,19523.0,19544.826923076922,19494.625,21.826923076923077,False,win,1.3,1.3,20
2025-04-28,6am,failure,long,56.75,599,19466.25,19444.423076923078,19494.625,21.826923076923077,True,loss,-1.0,-1.0,1
2025-04-28,7am,retest,short,67.5,536,19533.75,19559.71153846154,19500.0,25.96153846153846,False,loss,-1.0,-1.0,20
2025-04-28,7am,failure,long,67.5,599,19466.25,19440.28846153846,19500.0,25.96153846153846,True,loss,-1.0,-1.0,1
2025-04-29,6am,retest,long,133.5,572,19447.25,19395.903846153848,19514.0,51.34615384615385,True,win,1.3,1.3,15
2025-04-29,6am,failure,short,133.5,606,19580.75,19632.096153846152,19514.0,51.34615384615385,True,win,1.3,1.3,15
2025-04-29,6am,failure,long,133.5,539,19447.25,19395.903846153848,19514.0,51.34615384615385,False,loss,-1.0,-1.0,5
2025-04-29,7am,retest,short,43.25,525,19531.5,19548.134615384617,19509.875,16.634615384615383,False,win,1.3,1.3,2
2025-04-29,7am,retest,long,43.25,509,19488.25,19471.615384615383,19509.875,16.634615384615383,False,win,1.3,1.3,8
2025-04-29,7am,failure,short,43.25,523,19531.5,19548.134615384617,19509.875,16.634615384615383,False,win,1.3,1.3,4
2025-04-30,6am,retest,long,49.75,456,19543.5,19524.365384615383,19568.375,19.134615384615383,False,loss,-1.0,-1.0,11
2025-04-30,6am,failure,short,49.75,426,19593.25,19612.384615384617,19568.375,19.134615384615383,False,win,1.3,1.3,13
2025-04-30,7am,retest,long,89.75,848,19511.25,19476.73076923077,19556.125,34.51923076923077,True,win,1.3,0.0,3
2025-04-30,7am,failure,long,89.75,486,19511.25,19476.73076923077,19556.125,34.51923076923077,False,loss,-1.0,-1.0,10
2025-05-01,6am,retest,short,44.5,494,20027.5,20044.615384615383,20005.25,17.115384615384613,False,win,1.3,1.3,9
2025-05-01,6am,retest,long,44.5,513,19983.0,19965.884615384617,20005.25,17.115384615384613,False,loss,-1.0,0.0,5
2025-05-01,6am,failure,long,44.5,443,19983.0,19965.884615384617,20005.25,17.115384615384613,False,win,1.3,1.3,9
2025-05-01,7am,retest,short,46.5,494,20027.0,20044.884615384617,20003.75,17.884615384615383,False,win,1.3,1.3,9
2025-05-01,7am,retest,long,46.5,512,19980.5,19962.615384615383,20003.75,17.884615384615383,False,loss,-1.0,0.0,20
2025-05-02,6am,failure,short,46.75,440,19956.0,19973.98076923077,19932.625,17.98076923076923,False,win,1.3,1.3,3
2025-05-05,6am,retest,short,39.25,572,20020.75,20035.846153846152,20001.125,15.096153846153845,True,loss,-1.0,0.0,3
2025-05-05,6am,retest,long,39.25,469,19981.5,19966.403846153848,20001.125,15.096153846153845,False,loss,-1.0,-1.0,8
2025-05-05,6am,failure,short,39.25,543,20020.75,20035.846153846152,20001.125,15.096153846153845,False,win,1.3,1.3,4
2025-05-05,7am,retest,short,53.75,572,20019.75,20040.423076923078,19992.875,20.673076923076923,True,loss,-1.0,0.0,3
2025-05-05,7am,failure,short,53.75,543,20019.75,20040.423076923078,19992.875,20.673076923076923,False,win,1.3,1.3,5
2025-05-06,6am,retest,short,41.0,434,19893.25,19909.01923076923,19872.75,15.769230769230768,False,win,1.3,1.3,8
2025-05-06,6am,retest,long,41.0,446,19852.25,19836.48076923077,19872.75,15.769230769230768,False,loss,-1.0,-1.0,2
2025-05-06,7am,retest,short,102.25,638,19908.25,19947.576923076922,19857.125,39.32692307692307,True,loss,-1.0,-1.0,56
2025-05-06,7am,retest,long,102.25,559,19806.0,19766.673076923078,19857.125,39.32692307692307,False,win,1.3,1.3,20
2025-05-06,7am,failure,short,102.25,625,19908.25,19947.576923076922,19857.125,39.32692307692307,True,loss,-1.0,0.0,69
2025-05-06,7am,failure,long,102.25,524,19806.0,19766.673076923078,19857.125,39.32692307692307,False,win,1.3,0.0,55
2025-05-07,6am,retest,short,40.75,429,20007.5,20023.173076923078,19987.125,15.673076923076923,False,loss,-1.0,-1.0,15
2025-05-07,6am,retest,long,40.75,628,19966.75,19951.076923076922,19987.125,15.673076923076923,True,loss,-1.0,0.0,12
2025-05-08,6am,retest,short,30.75,839,20257.25,20269.076923076922,20241.875,11.826923076923077,True,win,1.3,0.0,1
2025-05-08,6am,retest,long,30.75,442,20226.5,20214.673076923078,20241.875,11.826923076923077,False,loss,-1.0,-1.0,10
2025-05-08,6am,failure,long,30.75,431,20226.5,20214.673076923078,20241.875,11.826923076923077,False,loss,-1.0,-1.0,21
2025-05-08,7am,retest,short,72.25,839,20257.25,20285.03846153846,20221.125,27.788461538461537,True,loss,-1.0,0.0,21
2025-05-08,7am,retest,long,72.25,532,20185.0,20157.21153846154,20221.125,27.788461538461537,False,loss,-1.0,-1.0,38
2025-05-09,6am,retest,long,42.0,450,20196.0,20179.846153846152,20217.0,16.153846153846153,False,loss,-1.0,-1.0,0
2025-05-09,7am,retest,long,148.75,631,20140.0,20082.78846153846,20214.375,57.21153846153846,True,loss,-1.0,-1.0,5
2025-05-12,6am,retest,short,100.5,430,20983.0,21021.653846153848,20932.75,38.65384615384615,False,win,1.3,1.3,10
2025-05-12,6am,retest,long,100.5,784,20882.5,20843.846153846152,20932.75,38.65384615384615,True,win,1.3,1.3,5
2025-05-12,7am,retest,long,108.5,784,20883.0,20841.26923076923,20937.25,41.730769230769226,True,win,1.3,1.3,93
2025-05-13,6am,retest,short,50.75,449,20911.0,20930.51923076923,20885.625,19.51923076923077,False,loss,-1.0,-1.0,12
2025-05-13,7am,failure,short,58.75,484,20945.25,20967.846153846152,20915.875,22.596153846153847,False,loss,-1.0,-1.0,14
2025-05-14,6am,failure,short,49.5,421,21303.5,21322.53846153846,21278.75,19.038461538461537,False,loss,-1.0,-1.0,0
2025-05-14,7am,retest,short,89.75,579,21382.5,21417.01923076923,21337.625,34.51923076923077,True,win,1.3,1.3,5
2025-05-14,7am,retest,long,89.75,593,21292.75,21258.23076923077,21337.625,34.51923076923077,True,win,1.3,0.0,7
2025-05-14,7am,failure,long,89.75,589,21292.75,21258.23076923077,21337.625,34.51923076923077,True,win,1.3,0.0,11
2025-05-15,6am,retest,short,33.5,498,21258.5,21271.384615384617,21241.75,12.884615384615385,False,loss,-1.0,0.0,12
2025-05-15,6am,failure,short,33.5,421,21258.5,21271.384615384617,21241.75,12.884615384615385,False,loss,-1.0,-1.0,1
2025-05-15,7am,retest,short,53.5,521,21301.25,21321.826923076922,21274.5,20.576923076923077,False,loss,-1.0,-1.0,2
2025-05-16,6am,retest,short,41.5,443,21472.0,21487.96153846154,21451.25,15.961538461538462,False,loss,-1.0,-1.0,3
2025-05-16,6am,retest,long,41.5,580,21430.5,21414.53846153846,21451.25,15.961538461538462,True,loss,-1.0,-1.0,1
2025-05-16,6am,failure,long,41.5,541,21430.5,21414.53846153846,21451.25,15.961538461538462,False,win,1.3,1.3,4
2025-05-16,7am,retest,short,41.0,493,21488.25,21504.01923076923,21467.75,15.769230769230768,False,win,1.3,1.3,21
2025-05-16,7am,failure,short,41.0,491,21488.25,21504.01923076923,21467.75,15.769230769230768,False,win,1.3,1.3,23
2025-05-16,7am,failure,long,41.0,532,21447.25,21431.48076923077,21467.75,15.769230769230768,False,loss,-1.0,-1.0,8
2025-05-19,7am,failure,short,52.25,482,21213.25,21233.346153846152,21187.125,20.096153846153847,False,win,1.3,1.3,9
2025-05-19,7am,failure,long,52.25,555,21161.0,21140.903846153848,21187.125,20.096153846153847,False,win,1.3,1.3,4
2025-05-20,6am,retest,short,45.0,480,21464.75,21482.05769230769,21442.25,17.307692307692307,False,win,1.3,1.3,33
2025-05-20,6am,retest,long,45.0,571,21419.75,21402.44230769231,21442.25,17.307692307692307,True,loss,-1.0,0.0,4
2025-05-20,6am,failure,short,45.0,422,21464.75,21482.05769230769,21442.25,17.307692307692307,False,loss,-1.0,-1.0,19
2025-05-20,7am,retest,long,27.25,759,21456.5,21446.01923076923,21470.125,10.48076923076923,True,win,1.3,0.0,6
2025-05-20,7am,failure,long,27.25,484,21456.5,21446.01923076923,21470.125,10.48076923076923,False,win,1.3,1.3,3
2025-05-21,6am,retest,short,72.75,487,21302.5,21330.48076923077,21266.125,27.98076923076923,False,loss,-1.0,-1.0,14
2025-05-21,6am,retest,long,72.75,812,21229.75,21201.76923076923,21266.125,27.98076923076923,True,win,1.3,1.3,1
2025-05-21,6am,failure,short,72.75,426,21302.5,21330.48076923077,21266.125,27.98076923076923,False,loss,-1.0,-1.0,13
2025-05-21,6am,failure,long,72.75,807,21229.75,21201.76923076923,21266.125,27.98076923076923,True,loss,-1.0,0.0,2
2025-05-21,7am,retest,long,59.75,527,21296.0,21273.01923076923,21325.875,22.98076923076923,False,loss,-1.0,0.0,34
2025-05-21,7am,failure,long,59.75,515,21296.0,21273.01923076923,21325.875,22.98076923076923,False,loss,-1.0,0.0,46
2025-05-22,6am,retest,long,40.0,461,21170.5,21155.115384615383,21190.5,15.384615384615383,False,loss,-1.0,-1.0,5
2025-05-22,7am,retest,short,168.25,595,21243.5,21308.21153846154,21159.375,64.71153846153845,True,loss,-1.0,-1.0,8
2025-05-22,7am,failure,long,168.25,493,21075.25,21010.53846153846,21159.375,64.71153846153845,False,win,1.3,1.3,36
2025-05-23,7am,retest,long,381.25,482,20802.0,20655.365384615383,20992.625,146.6346153846154,False,win,1.3,1.3,130
2025-05-26,6am,retest,long,31.5,689,21246.25,21234.134615384617,21262.0,12.115384615384615,True,win,1.3,1.3,3
2025-05-26,6am,failure,short,31.5,436,21277.75,21289.865384615383,21262.0,12.115384615384615,False,win,1.3,1.3,9
2025-05-26,6am,failure,long,31.5,631,21246.25,21234.134615384617,21262.0,12.115384615384615,True,loss,-1.0,0.0,4
2025-05-26,7am,retest,short,25.5,492,21280.5,21290.30769230769,21267.75,9.807692307692307,False,win,1.3,0.0,28
2025-05-26,7am,failure,short,25.5,490,21280.5,21290.30769230769,21267.75,9.807692307692307,False,win,1.3,0.0,30
2025-05-27,6am,retest,short,50.5,615,21351.25,21370.673076923078,21326.0,19.423076923076923,True,loss,-1.0,-1.0,2
2025-05-27,6am,retest,long,50.5,453,21300.75,21281.326923076922,21326.0,19.423076923076923,False,loss,-1.0,-1.0,43
2025-05-27,6am,failure,short,50.5,610,21351.25,21370.673076923078,21326.0,19.423076923076923,True,loss,-1.0,-1.0,7
2025-05-27,7am,retest,short,38.25,563,21310.5,21325.21153846154,21291.375,14.711538461538462,False,win,1.3,1.3,2
2025-05-27,7am,failure,short,38.25,560,21310.5,21325.21153846154,21291.375,14.711538461538462,False,win,1.3,1.3,5
2025-05-28,6am,retest,short,94.75,422,21518.75,21555.19230769231,21471.375,36.44230769230769,False,loss,-1.0,0.0,157
2025-05-28,6am,retest,long,94.75,943,21424.0,21387.55769230769,21471.375,36.44230769230769,True,loss,-1.0,-1.0,7
2025-05-28,6am,failure,long,94.75,894,21424.0,21387.55769230769,21471.375,36.44230769230769,True,win,1.3,1.3,5
2025-05-29,7am,retest,long,91.25,489,21648.25,21613.153846153848,21693.875,35.09615384615385,False,loss,-1.0,0.0,82
2025-05-29,7am,failure,long,91.25,485,21648.25,21613.153846153848,21693.875,35.09615384615385,False,loss,-1.0,0.0,86
2025-05-30,6am,retest,short,40.5,468,21390.0,21405.576923076922,21369.75,15.576923076923077,False,loss,-1.0,-1.0,15
2025-05-30,6am,retest,long,40.5,515,21349.5,21333.923076923078,21369.75,15.576923076923077,False,win,1.3,0.0,9
2025-05-30,6am,failure,short,40.5,422,21390.0,21405.576923076922,21369.75,15.576923076923077,False,loss,-1.0,-1.0,7
2025-05-30,7am,retest,long,44.5,560,21376.5,21359.384615384617,21398.75,17.115384615384613,False,loss,-1.0,-1.0,4
2025-05-30,7am,failure,short,44.5,956,21421.0,21438.115384615383,21398.75,17.115384615384613,True,win,1.3,1.3,3
2025-05-30,7am,failure,long,44.5,490,21376.5,21359.384615384617,21398.75,17.115384615384613,False,loss,-1.0,-1.0,0
2025-06-02,6am,retest,short,39.25,501,21253.5,21268.596153846152,21233.875,15.096153846153845,False,loss,-1.0,0.0,13
2025-06-02,6am,failure,short,39.25,424,21253.5,21268.596153846152,21233.875,15.096153846153845,False,loss,-1.0,-1.0,6
2025-06-02,7am,retest,short,52.75,527,21291.5,21311.78846153846,21265.125,20.288461538461537,False,win,1.3,1.3,5
2025-06-03,6am,retest,short,58.0,425,21494.25,21516.55769230769,21465.25,22.307692307692307,False,loss,-1.0,-1.0,32
2025-06-03,7am,retest,short,51.75,512,21535.75,21555.653846153848,21509.875,19.903846153846153,False,win,1.3,1.3,11
2025-06-03,7am,failure,short,51.75,506,21535.75,21555.653846153848,21509.875,19.903846153846153,False,win,1.3,1.3,17
2025-06-04,6am,retest,short,43.25,489,21763.0,21779.634615384617,21741.375,16.634615384615383,False,win,1.3,1.3,6
2025-06-04,6am,retest,long,43.25,565,21719.75,21703.115384615383,21741.375,16.634615384615383,False,win,1.3,0.0,5
2025-06-04,6am,failure,short,43.25,487,21763.0,21779.634615384617,21741.375,16.634615384615383,False,win,1.3,1.3,8
2025-06-04,6am,failure,long,43.25,496,21719.75,21703.115384615383,21741.375,16.634615384615383,False,loss,-1.0,-1.0,3
2025-06-04,7am,retest,short,28.75,486,21756.0,21767.05769230769,21741.625,11.057692307692307,False,win,1.3,1.3,9
2025-06-04,7am,retest,long,28.75,564,21727.25,21716.19230769231,21741.625,11.057692307692307,False,loss,-1.0,-1.0,1
2025-06-04,7am,failure,short,28.75,482,21756.0,21767.05769230769,21741.625,11.057692307692307,False,win,1.3,1.3,13
2025-06-05,6am,retest,short,51.0,540,21804.75,21824.365384615383,21779.25,19.615384615384613,False,loss,-1.0,0.0,30
2025-06-05,6am,retest,long,51.0,439,21753.75,21734.134615384617,21779.25,19.615384615384613,False,win,1.3,0.0,53
2025-06-05,6am,failure,long,51.0,433,21753.75,21734.134615384617,21779.25,19.615384615384613,False,win,1.3,0.0,59
2025-06-05,7am,retest,long,34.5,513,21745.75,21732.48076923077,21763.0,13.269230769230768,False,win,1.3,1.3,3
2025-06-05,7am,failure,short,34.5,494,21780.25,21793.51923076923,21763.0,13.269230769230768,False,win,1.3,1.3,15
2025-06-06,6am,retest,long,39.0,423,21655.5,21640.5,21675.0,15.0,False,win,1.3,1.3,17
2025-06-06,7am,failure,short,41.75,485,21684.5,21700.55769230769,21663.625,16.057692307692307,False,win,1.3,1.3,17
2025-06-09,6am,retest,short,27.75,430,21791.0,21801.673076923078,21777.125,10.673076923076923,False,win,1.3,1.3,3
2025-06-09,6am,failure,short,27.75,428,21791.0,21801.673076923078,21777.125,10.673076923076923,False,win,1.3,1.3,5
2025-06-09,7am,retest,short,50.25,684,21824.25,21843.576923076922,21799.125,19.326923076923077,True,loss,-1.0,-1.0,28
2025-06-09,7am,retest,long,50.25,577,21774.0,21754.673076923078,21799.125,19.326923076923077,True,loss,-1.0,-1.0,1
2025-06-09,7am,failure,short,50.25,610,21824.25,21843.576923076922,21799.125,19.326923076923077,True,loss,-1.0,-1.0,2
2025-06-10,6am,retest,short,29.0,482,21857.5,21868.653846153848,21843.0,11.153846153846153,False,win,1.3,0.0,83
2025-06-10,7am,retest,short,55.5,482,21858.5,21879.846153846152,21830.75,21.346153846153847,False,win,1.3,0.0,86
2025-06-10,7am,retest,long,55.5,698,21803.0,21781.653846153848,21830.75,21.346153846153847,True,win,1.3,1.3,5
2025-06-11,7am,retest,short,58.25,486,21940.25,21962.653846153848,21911.125,22.403846153846153,False,loss,-1.0,0.0,5
2025-06-11,7am,retest,long,58.25,847,21882.0,21859.596153846152,21911.125,22.403846153846153,True,loss,-1.0,0.0,5
2025-06-11,7am,failure,long,58.25,843,21882.0,21859.596153846152,21911.125,22.403846153846153,True,loss,-1.0,-1.0,0
2025-06-12,6am,retest,short,66.75,532,21826.0,21851.673076923078,21792.625,25.673076923076923,False,loss,-1.0,-1.0,10
2025-06-12,6am,retest,long,66.75,458,21759.25,21733.576923076922,21792.625,25.673076923076923,False,loss,-1.0,0.0,18
2025-06-12,6am,failure,short,66.75,517,21826.0,21851.673076923078,21792.625,25.673076923076923,False,loss,-1.0,-1.0,25
2025-06-13,6am,retest,short,63.25,438,21657.75,21682.076923076922,21626.125,24.326923076923077,False,loss,-1.0,-1.0,17
2025-06-13,6am,failure,short,63.25,421,21657.75,21682.076923076922,21626.125,24.326923076923077,False,loss,-1.0,-1.0,4
2025-06-13,7am,retest,short,60.25,614,21702.75,21725.923076923078,21672.625,23.173076923076923,True,win,1.3,1.3,6
2025-06-13,7am,retest,long,60.25,558,21642.5,21619.326923076922,21672.625,23.173076923076923,False,win,1.3,1.3,11
2025-06-13,7am,failure,long,60.25,551,21642.5,21619.326923076922,21672.625,23.173076923076923,False,win,1.3,1.3,18
2025-06-16,7am,retest,short,59.75,548,22033.75,22056.73076923077,22003.875,22.98076923076923,False,loss,-1.0,0.0,22
2025-06-16,7am,failure,short,59.75,481,22033.75,22056.73076923077,22003.875,22.98076923076923,False,loss,-1.0,-1.0,21
2025-06-17,6am,retest,short,59.0,462,22055.0,22077.69230769231,22025.5,22.69230769230769,False,loss,-1.0,-1.0,19
2025-06-17,6am,failure,short,59.0,436,22055.0,22077.69230769231,22025.5,22.69230769230769,False,loss,-1.0,-1.0,45
2025-06-17,7am,retest,short,45.25,490,22075.0,22092.403846153848,22052.375,17.403846153846153,False,loss,-1.0,-1.0,6
2025-06-17,7am,retest,long,45.25,783,22029.75,22012.346153846152,22052.375,17.403846153846153,True,win,1.3,0.0,7
2025-06-17,7am,failure,long,45.25,585,22029.75,22012.346153846152,22052.375,17.403846153846153,True,win,1.3,1.3,1
2025-06-18,6am,retest,short,83.25,612,22035.5,22067.51923076923,21993.875,32.01923076923077,True,loss,-1.0,-1.0,8
2025-06-18,6am,retest,long,83.25,578,21952.25,21920.23076923077,21993.875,32.01923076923077,True,win,1.3,1.3,9
2025-06-18,7am,retest,short,78.5,610,22030.5,22060.69230769231,21991.25,30.19230769230769,True,loss,-1.0,-1.0,8
2025-06-18,7am,retest,long,78.5,578,21952.0,21921.80769230769,21991.25,30.19230769230769,True,win,1.3,1.3,9
2025-06-18,7am,failure,short,78.5,608,22030.5,22060.69230769231,21991.25,30.19230769230769,True,loss,-1.0,-1.0,10
2025-06-19,6am,retest,long,44.25,451,21812.25,21795.23076923077,21834.375,17.01923076923077,False,loss,-1.0,0.0,34
2025-06-19,6am,failure,long,44.25,430,21812.25,21795.23076923077,21834.375,17.01923076923077,False,loss,-1.0,-1.0,4
2025-06-20,6am,retest,short,28.25,435,21911.25,21922.115384615383,21897.125,10.865384615384615,False,loss,-1.0,0.0,21
2025-06-20,6am,retest,long,28.25,644,21883.0,21872.134615384617,21897.125,10.865384615384615,True,loss,-1.0,-1.0,0
2025-06-20,6am,failure,short,28.25,426,21911.25,21922.115384615383,21897.125,10.865384615384615,False,loss,-1.0,0.0,30
2025-06-20,7am,retest,short,110.25,516,22006.0,22048.403846153848,21950.875,42.40384615384615,False,loss,-1.0,-1.0,43
2025-06-20,7am,retest,long,110.25,707,21895.75,21853.346153846152,21950.875,42.40384615384615,True,loss,-1.0,-1.0,8
2025-06-20,7am,failure,short,110.25,514,22006.0,22048.403846153848,21950.875,42.40384615384615,False,loss,-1.0,-1.0,45
2025-06-20,7am,failure,long,110.25,626,21895.75,21853.346153846152,21950.875,42.40384615384615,True,win,1.3,1.3,11
2025-06-23,6am,retest,short,78.5,702,21924.75,21954.94230769231,21885.5,30.19230769230769,True,loss,-1.0,-1.0,9
2025-06-23,6am,retest,long,78.5,496,21846.25,21816.05769230769,21885.5,30.19230769230769,False,win,1.3,1.3,43
2025-06-23,6am,failure,short,78.5,599,21924.75,21954.94230769231,21885.5,30.19230769230769,True,loss,-1.0,-1.0,1
2025-06-23,7am,retest,short,89.25,521,21864.25,21898.576923076922,21819.625,34.32692307692307,False,win,1.3,1.3,50
2025-06-23,7am,retest,long,89.25,758,21775.0,21740.673076923078,21819.625,34.32692307692307,True,win,1.3,1.3,2
2025-06-23,7am,failure,short,89.25,517,21864.25,21898.576923076922,21819.625,34.32692307692307,False,win,1.3,1.3,54
2025-06-23,7am,failure,long,89.25,574,21775.0,21740.673076923078,21819.625,34.32692307692307,True,win,1.3,1.3,2
2025-06-24,6am,retest,long,42.25,426,22280.0,22263.75,22301.125,16.25,False,loss,-1.0,-1.0,13
2025-06-24,6am,failure,short,42.25,583,22322.25,22338.5,22301.125,16.25,True,win,1.3,0.0,7
2025-06-24,7am,retest,short,59.25,486,22311.0,22333.78846153846,22281.375,22.788461538461537,False,win,1.3,1.3,10
2025-06-24,7am,failure,short,59.25,482,22311.0,22333.78846153846,22281.375,22.788461538461537,False,win,1.3,1.3,14
2025-06-25,6am,retest,short,44.5,666,22458.0,22475.115384615383,22435.75,17.115384615384613,True,win,1.3,0.0,26
2025-06-25,6am,retest,long,44.5,823,22413.5,22396.384615384617,22435.75,17.115384615384613,True,win,1.3,1.3,8
2025-06-25,6am,failure,short,44.5,443,22458.0,22475.115384615383,22435.75,17.115384615384613,False,loss,-1.0,-1.0,25
2025-06-25,7am,retest,short,48.75,506,22492.5,22511.25,22468.125,18.75,False,loss,-1.0,-1.0,38
2025-06-25,7am,retest,long,48.75,696,22443.75,22425.0,22468.125,18.75,True,loss,-1.0,0.0,44
2025-06-25,7am,failure,short,48.75,496,22492.5,22511.25,22468.125,18.75,False,loss,-1.0,-1.0,48
2025-06-26,6am,retest,long,39.75,517,22541.5,22526.21153846154,22561.375,15.288461538461538,False,win,1.3,1.3,8
2025-06-26,7am,retest,short,22.75,491,22577.25,22586.0,22565.875,8.75,False,win,1.3,0.0,19
2025-06-26,7am,retest,long,22.75,513,22554.5,22545.75,22565.875,8.75,False,loss,-1.0,-1.0,0
2025-06-26,7am,failure,short,22.75,481,22577.25,22586.0,22565.875,8.75,False,win,1.3,0.0,29
2025-06-27,6am,retest,short,23.5,512,22749.0,22758.03846153846,22737.25,9.038461538461538,False,win,1.3,0.0,10
2025-06-27,6am,failure,short,23.5,423,22749.0,22758.03846153846,22737.25,9.038461538461538,False,loss,-1.0,-1.0,9
2025-06-27,6am,failure,long,23.5,533,22725.5,22716.46153846154,22737.25,9.038461538461538,False,loss,-1.0,0.0,9
2025-06-27,7am,retest,short,47.25,483,22780.0,22798.173076923078,22756.375,18.173076923076923,False,win,1.3,1.3,12
2025-06-27,7am,retest,long,47.25,524,22732.75,22714.576923076922,22756.375,18.173076923076923,False,loss,-1.0,0.0,20
2025-06-30,6am,retest,short,29.5,957,22908.75,22920.096153846152,22894.0,11.346153846153845,True,loss,-1.0,-1.0,0
2025-06-30,6am,retest,long,29.5,552,22879.25,22867.903846153848,22894.0,11.346153846153845,False,loss,-1.0,0.0,18
2025-06-30,6am,failure,short,29.5,951,22908.75,22920.096153846152,22894.0,11.346153846153845,True,loss,-1.0,-1.0,2
2025-06-30,7am,retest,short,24.75,957,22905.75,22915.26923076923,22893.375,9.519230769230768,True,loss,-1.0,-1.0,0
2025-06-30,7am,retest,long,24.75,565,22881.0,22871.48076923077,22893.375,9.519230769230768,False,loss,-1.0,-1.0,4
2025-07-01,6am,retest,short,15.0,433,22840.0,22845.76923076923,22832.5,5.769230769230769,False,win,1.3,1.3,5
2025-07-01,6am,retest,long,15.0,474,22825.0,22819.23076923077,22832.5,5.769230769230769,False,loss,-1.0,-1.0,2
2025-07-01,6am,failure,long,15.0,472,22825.0,22819.23076923077,22832.5,5.769230769230769,False,loss,-1.0,-1.0,4
2025-07-01,7am,retest,long,39.75,551,22808.75,22793.46153846154,22828.625,15.288461538461538,False,loss,-1.0,-1.0,11
2025-07-02,6am,retest,short,45.75,590,22717.75,22735.346153846152,22694.875,17.596153846153847,True,loss,-1.0,0.0,13
2025-07-02,6am,retest,long,45.75,495,22672.0,22654.403846153848,22694.875,17.596153846153847,False,loss,-1.0,-1.0,0
2025-07-02,7am,retest,short,63.5,585,22701.75,22726.173076923078,22670.0,24.423076923076923,True,loss,-1.0,-1.0,1
2025-07-02,7am,retest,long,63.5,509,22638.25,22613.826923076922,22670.0,24.423076923076923,False,loss,-1.0,-1.0,4
2025-07-03,6am,retest,short,26.0,433,22856.0,22866.0,22843.0,10.0,False,loss,-1.0,-1.0,5
2025-07-03,7am,failure,short,19.0,483,22867.5,22874.80769230769,22858.0,7.3076923076923075,False,loss,-1.0,-1.0,3
2025-07-04,7am,retest,short,44.25,639,22942.75,22959.76923076923,22920.625,17.01923076923077,True,win,1.3,0.0,37
2025-07-04,7am,failure,short,44.25,631,22942.75,22959.76923076923,22920.625,17.01923076923077,True,win,1.3,0.0,45
2025-07-04,7am,failure,long,44.25,576,22898.5,22881.48076923077,22920.625,17.01923076923077,True,win,1.3,1.3,5
2025-07-07,6am,retest,short,30.5,490,22990.0,23001.73076923077,22974.75,11.73076923076923,False,loss,-1.0,0.0,9
2025-07-07,6am,retest,long,30.5,429,22959.5,22947.76923076923,22974.75,11.73076923076923,False,win,1.3,1.3,20
2025-07-07,6am,failure,long,30.5,427,22959.5,22947.76923076923,22974.75,11.73076923076923,False,win,1.3,1.3,22
2025-07-07,7am,retest,short,30.75,508,22985.0,22996.826923076922,22969.625,11.826923076923077,False,win,1.3,1.3,14
2025-07-07,7am,retest,long,30.75,538,22954.25,22942.423076923078,22969.625,11.826923076923077,False,loss,-1.0,-1.0,0
2025-07-08,6am,retest,short,47.5,467,22953.0,22971.26923076923,22929.25,18.26923076923077,False,win,1.3,1.3,14
2025-07-08,6am,retest,long,47.5,576,22905.5,22887.23076923077,22929.25,18.26923076923077,True,loss,-1.0,0.0,23
2025-07-08,7am,failure,long,26.5,482,22930.5,22920.30769230769,22943.75,10.192307692307692,False,win,1.3,1.3,11
2025-07-09,6am,retest,short,24.5,436,22934.5,22943.923076923078,22922.25,9.423076923076923,False,loss,-1.0,0.0,14
2025-07-09,7am,retest,short,32.75,531,22952.25,22964.846153846152,22935.875,12.596153846153845,False,win,1.3,1.3,6
2025-07-10,6am,retest,short,32.0,427,23053.5,23065.80769230769,23037.5,12.307692307692307,False,loss,-1.0,-1.0,33
2025-07-10,6am,retest,long,32.0,587,23021.5,23009.19230769231,23037.5,12.307692307692307,True,loss,-1.0,0.0,1
2025-07-10,7am,retest,long,38.75,576,23038.25,23023.346153846152,23057.625,14.903846153846153,True,loss,-1.0,-1.0,5
2025-07-10,7am,failure,short,38.75,570,23077.0,23091.903846153848,23057.625,14.903846153846153,True,win,1.3,0.0,2
2025-07-10,7am,failure,long,38.75,519,23038.25,23023.346153846152,23057.625,14.903846153846153,False,win,1.3,0.0,22
2025-07-11,6am,retest,short,40.25,438,22892.25,22907.73076923077,22872.125,15.48076923076923,False,loss,-1.0,-1.0,14
2025-07-11,6am,failure,short,40.25,434,22892.25,22907.73076923077,22872.125,15.48076923076923,False,loss,-1.0,-1.0,18
2025-07-11,7am,retest,short,55.75,576,22924.0,22945.44230769231,22896.125,21.44230769230769,True,win,1.3,1.3,1
2025-07-14,6am,retest,short,30.0,518,22900.25,22911.78846153846,22885.25,11.538461538461538,False,loss,-1.0,0.0,45
2025-07-14,6am,retest,long,30.0,446,22870.25,22858.71153846154,22885.25,11.538461538461538,False,win,1.3,1.3,15
2025-07-14,6am,failure,short,30.0,502,22900.25,22911.78846153846,22885.25,11.538461538461538,False,loss,-1.0,0.0,61
2025-07-14,7am,retest,short,35.0,518,22899.5,22912.96153846154,22882.0,13.461538461538462,False,loss,-1.0,0.0,45
2025-07-14,7am,retest,long,35.0,586,22864.5,22851.03846153846,22882.0,13.461538461538462,True,win,1.3,1.3,1
2025-07-14,7am,failure,long,35.0,584,22864.5,22851.03846153846,22882.0,13.461538461538462,True,loss,-1.0,0.0,1
2025-07-15,6am,retest,short,27.75,512,23190.0,23200.673076923078,23176.125,10.673076923076923,False,win,1.3,0.0,5
2025-07-15,6am,retest,long,27.75,482,23162.25,23151.576923076922,23176.125,10.673076923076923,False,loss,-1.0,-1.0,3
2025-07-15,7am,retest,short,38.0,512,23192.0,23206.615384615383,23173.0,14.615384615384615,False,win,1.3,0.0,6
2025-07-15,7am,retest,long,38.0,487,23154.0,23139.384615384617,23173.0,14.615384615384615,False,loss,-1.0,-1.0,13
2025-07-16,6am,retest,short,28.25,508,23021.0,23031.865384615383,23006.875,10.865384615384615,False,loss,-1.0,-1.0,1
2025-07-16,6am,retest,long,28.25,611,22992.75,22981.884615384617,23006.875,10.865384615384615,True,loss,-1.0,0.0,3
2025-07-16,6am,failure,short,28.25,425,23021.0,23031.865384615383,23006.875,10.865384615384615,False,win,1.3,1.3,22
2025-07-16,7am,retest,short,28.75,505,23024.0,23035.05769230769,23009.625,11.057692307692307,False,loss,-1.0,-1.0,5
2025-07-16,7am,retest,long,28.75,611,22995.25,22984.19230769231,23009.625,11.057692307692307,True,loss,-1.0,-1.0,0
2025-07-17,6am,retest,short,27.75,563,23115.25,23125.923076923078,23101.375,10.673076923076923,False,win,1.3,1.3,5
2025-07-17,6am,retest,long,27.75,427,23087.5,23076.826923076922,23101.375,10.673076923076923,False,loss,-1.0,0.0,25
2025-07-17,7am,retest,short,23.75,484,23095.75,23104.884615384617,23083.875,9.134615384615385,False,win,1.3,1.3,11
2025-07-17,7am,failure,short,23.75,482,23095.75,23104.884615384617,23083.875,9.134615384615385,False,win,1.3,1.3,13
2025-07-18,6am,failure,short,29.25,547,23281.5,23292.75,23266.875,11.25,False,win,1.3,1.3,10
2025-07-18,7am,retest,long,21.5,609,23251.25,23242.98076923077,23262.0,8.269230769230768,True,loss,-1.0,-1.0,1
2025-07-21,6am,retest,long,24.5,445,23281.0,23271.576923076922,23293.25,9.423076923076923,False,loss,-1.0,0.0,43
2025-07-21,7am,retest,long,17.5,493,23275.0,23268.26923076923,23283.75,6.730769230769231,False,loss,-1.0,0.0,28
2025-07-22,6am,retest,short,24.25,440,23301.75,23311.076923076922,23289.625,9.326923076923077,False,loss,-1.0,-1.0,14
2025-07-22,6am,retest,long,24.25,585,23277.5,23268.173076923078,23289.625,9.326923076923077,True,loss,-1.0,-1.0,0
2025-07-22,6am,failure,long,24.25,582,23277.5,23268.173076923078,23289.625,9.326923076923077,True,loss,-1.0,-1.0,1
2025-07-22,7am,retest,short,38.5,483,23332.25,23347.05769230769,23313.0,14.807692307692307,False,loss,-1.0,0.0,87
2025-07-22,7am,retest,long,38.5,576,23293.75,23278.94230769231,23313.0,14.807692307692307,True,win,1.3,1.3,3
2025-07-22,7am,failure,long,38.5,572,23293.75,23278.94230769231,23313.0,14.807692307692307,True,loss,-1.0,-1.0,0
2025-07-23,6am,retest,long,21.5,426,23260.0,23251.73076923077,23270.75,8.269230769230768,False,loss,-1.0,-1.0,2
2025-07-23,6am,failure,long,21.5,421,23260.0,23251.73076923077,23270.75,8.269230769230768,False,loss,-1.0,-1.0,7
2025-07-23,7am,failure,long,31.25,533,23232.75,23220.73076923077,23248.375,12.019230769230768,False,win,1.3,1.3,27
2025-07-24,6am,retest,short,31.25,464,23394.75,23406.76923076923,23379.125,12.019230769230768,False,win,1.3,1.3,36
2025-07-24,6am,retest,long,31.25,517,23363.5,23351.48076923077,23379.125,12.019230769230768,False,loss,-1.0,-1.0,6
2025-07-24,6am,failure,short,31.25,461,23394.75,23406.76923076923,23379.125,12.019230769230768,False,win,1.3,1.3,39
2025-07-24,6am,failure,long,31.25,515,23363.5,23351.48076923077,23379.125,12.019230769230768,False,loss,-1.0,-1.0,8
2025-07-24,7am,retest,short,36.25,807,23402.75,23416.69230769231,23384.625,13.942307692307692,True,win,1.3,1.3,15
2025-07-24,7am,retest,long,36.25,511,23366.5,23352.55769230769,23384.625,13.942307692307692,False,loss,-1.0,-1.0,12
2025-07-24,7am,failure,short,36.25,793,23402.75,23416.69230769231,23384.625,13.942307692307692,True,loss,-1.0,-1.0,2
2025-07-24,7am,failure,long,36.25,504,23366.5,23352.55769230769,23384.625,13.942307692307692,False,loss,-1.0,0.0,19
2025-07-25,6am,retest,short,20.75,598,23391.25,23399.23076923077,23380.875,7.980769230769231,True,loss,-1.0,0.0,2
2025-07-25,6am,retest,long,20.75,454,23370.5,23362.51923076923,23380.875,7.980769230769231,False,loss,-1.0,0.0,18
2025-07-25,6am,failure,short,20.75,592,23391.25,23399.23076923077,23380.875,7.980769230769231,True,loss,-1.0,0.0,2
2025-07-25,6am,failure,long,20.75,451,23370.5,23362.51923076923,23380.875,7.980769230769231,False,loss,-1.0,0.0,21
2025-07-25,7am,retest,short,28.25,598,23389.0,23399.865384615383,23374.875,10.865384615384615,True,loss,-1.0,-1.0,2
2025-07-25,7am,failure,short,28.25,592,23389.0,23399.865384615383,23374.875,10.865384615384615,True,loss,-1.0,-1.0,2
2025-07-25,7am,failure,long,28.25,487,23360.75,23349.884615384617,23374.875,10.865384615384615,False,win,1.3,1.3,15
2025-07-28,6am,retest,long,42.25,571,23484.75,23468.5,23505.875,16.25,True,loss,-1.0,0.0,1
2025-07-28,6am,failure,short,42.25,609,23527.0,23543.25,23505.875,16.25,True,win,1.3,1.3,2
2025-07-28,6am,failure,long,42.25,548,23484.75,23468.5,23505.875,16.25,False,loss,-1.0,-1.0,17
2025-07-28,7am,retest,short,17.5,511,23507.5,23514.23076923077,23498.75,6.730769230769231,False,win,1.3,1.3,1
2025-07-28,7am,retest,long,17.5,497,23490.0,23483.26923076923,23498.75,6.730769230769231,False,win,1.3,1.3,5
2025-07-28,7am,failure,short,17.5,507,23507.5,23514.23076923077,23498.75,6.730769230769231,False,win,1.3,0.0,5
2025-07-29,6am,retest,short,16.75,488,23609.0,23615.44230769231,23600.625,6.4423076923076925,False,win,1.3,1.3,6
2025-07-29,6am,retest,long,16.75,452,23592.25,23585.80769230769,23600.625,6.4423076923076925,False,loss,-1.0,-1.0,5
2025-07-29,6am,failure,long,16.75,440,23592.25,23585.80769230769,23600.625,6.4423076923076925,False,loss,-1.0,0.0,17
2025-07-29,7am,retest,short,28.25,489,23606.75,23617.615384615383,23592.625,10.865384615384615,False,win,1.3,1.3,18
2025-07-29,7am,retest,long,28.25,540,23578.5,23567.634615384617,23592.625,10.865384615384615,False,win,1.3,0.0,21
2025-07-29,7am,failure,short,28.25,486,23606.75,23617.615384615383,23592.625,10.865384615384615,False,win,1.3,1.3,21
2025-07-29,7am,failure,long,28.25,535,23578.5,23567.634615384617,23592.625,10.865384615384615,False,win,1.3,0.0,26
2025-07-30,6am,retest,long,19.75,494,23488.75,23481.153846153848,23498.625,7.596153846153846,False,loss,-1.0,0.0,4
2025-07-30,6am,failure,short,19.75,430,23508.5,23516.096153846152,23498.625,7.596153846153846,False,win,1.3,0.0,12
2025-07-30,7am,retest,long,24.25,520,23497.75,23488.423076923078,23509.875,9.326923076923077,False,loss,-1.0,0.0,20
2025-07-30,7am,failure,long,24.25,483,23497.75,23488.423076923078,23509.875,9.326923076923077,False,loss,-1.0,-1.0,6
2025-07-31,6am,retest,short,30.25,520,23803.25,23814.884615384617,23788.125,11.634615384615385,False,win,1.3,1.3,6
2025-07-31,6am,retest,long,30.25,446,23773.0,23761.365384615383,23788.125,11.634615384615385,False,loss,-1.0,-1.0,16
2025-08-01,6am,retest,short,96.0,489,23127.5,23164.423076923078,23079.5,36.92307692307692,False,win,1.3,1.3,21
2025-08-01,6am,retest,long,96.0,727,23031.5,22994.576923076922,23079.5,36.92307692307692,True,loss,-1.0,-1.0,25
2025-08-01,6am,failure,short,96.0,478,23127.5,23164.423076923078,23079.5,36.92307692307692,False,win,1.3,1.3,32
2025-08-01,6am,failure,long,96.0,573,23031.5,22994.576923076922,23079.5,36.92307692307692,True,loss,-1.0,-1.0,3
2025-08-01,7am,retest,short,78.0,485,23129.5,23159.5,23090.5,30.0,False,win,1.3,0.0,25
2025-08-01,7am,retest,long,78.0,572,23051.5,23021.5,23090.5,30.0,True,loss,-1.0,0.0,1
2025-08-01,7am,failure,long,78.0,566,23051.5,23021.5,23090.5,30.0,False,win,1.3,0.0,5
2025-08-04,6am,retest,short,25.75,516,23078.0,23087.903846153848,23065.125,9.903846153846153,False,win,1.3,0.0,7
2025-08-04,6am,retest,long,25.75,447,23052.25,23042.346153846152,23065.125,9.903846153846153,False,win,1.3,0.0,3
2025-08-04,6am,failure,short,25.75,511,23078.0,23087.903846153848,23065.125,9.903846153846153,False,win,1.3,0.0,12
2025-08-04,7am,retest,short,44.5,515,23076.0,23093.115384615383,23053.75,17.115384615384613,False,loss,-1.0,0.0,54
2025-08-05,6am,retest,short,48.0,432,23392.75,23411.21153846154,23368.75,18.46153846153846,False,win,1.3,1.3,18
2025-08-05,6am,retest,long,48.0,568,23344.75,23326.28846153846,23368.75,18.46153846153846,False,loss,-1.0,-1.0,2
2025-08-05,7am,retest,long,34.25,504,23362.0,23348.826923076922,23379.125,13.173076923076923,False,win,1.3,0.0,21
2025-08-06,6am,retest,short,49.5,427,23156.75,23175.78846153846,23132.0,19.038461538461537,False,loss,-1.0,-1.0,15
2025-08-07,6am,retest,long,29.75,463,23596.5,23585.05769230769,23611.375,11.442307692307692,False,loss,-1.0,-1.0,8
2025-08-07,6am,failure,long,29.75,455,23596.5,23585.05769230769,23611.375,11.442307692307692,False,loss,-1.0,-1.0,5
2025-08-07,7am,failure,short,59.0,581,23639.0,23661.69230769231,23609.5,22.69230769230769,True,win,1.3,1.3,1
2025-08-07,7am,failure,long,59.0,485,23580.0,23557.30769230769,23609.5,22.69230769230769,False,win,1.3,1.3,25
2025-08-08,6am,retest,short,15.25,438,23575.75,23581.615384615383,23568.125,5.865384615384615,False,win,1.3,1.3,12
2025-08-08,6am,failure,long,15.25,488,23560.5,23554.634615384617,23568.125,5.865384615384615,False,loss,-1.0,-1.0,1
2025-08-08,7am,failure,short,20.75,581,23582.0,23589.98076923077,23571.625,7.980769230769231,True,loss,-1.0,-1.0,0
2025-08-08,7am,failure,long,20.75,488,23561.25,23553.26923076923,23571.625,7.980769230769231,False,loss,-1.0,-1.0,2
2025-08-11,6am,retest,short,34.5,495,23744.25,23757.51923076923,23727.0,13.269230769230768,False,win,1.3,1.3,15
2025-08-11,6am,retest,long,34.5,568,23709.75,23696.48076923077,23727.0,13.269230769230768,False,win,1.3,1.3,2
2025-08-11,6am,failure,long,34.5,534,23709.75,23696.48076923077,23727.0,13.269230769230768,False,win,1.3,0.0,36
2025-08-11,7am,retest,short,21.5,504,23740.5,23748.76923076923,23729.75,8.269230769230768,False,win,1.3,0.0,3
2025-08-11,7am,retest,long,21.5,516,23719.0,23710.73076923077,23729.75,8.269230769230768,False,loss,-1.0,0.0,17
2025-08-12,6am,retest,short,19.25,486,23645.25,23652.653846153848,23635.625,7.403846153846153,False,loss,-1.0,-1.0,7
2025-08-12,6am,retest,long,19.25,439,23626.0,23618.596153846152,23635.625,7.403846153846153,False,loss,-1.0,0.0,8
2025-08-12,7am,retest,short,33.75,491,23642.25,23655.23076923077,23625.375,12.98076923076923,False,loss,-1.0,-1.0,2
2025-08-13,6am,retest,short,26.0,516,24013.25,24023.25,24000.25,10.0,False,loss,-1.0,-1.0,7
2025-08-13,6am,retest,long,26.0,465,23987.25,23977.25,24000.25,10.0,False,win,1.3,1.3,4
2025-08-13,7am,retest,short,19.5,601,24003.75,24011.25,23994.0,7.5,True,win,1.3,0.0,1
2025-08-13,7am,retest,long,19.5,613,23984.25,23976.75,23994.0,7.5,True,win,1.3,1.3,1
2025-08-14,6am,failure,short,17.75,437,23936.5,23943.326923076922,23927.625,6.826923076923077,False,loss,-1.0,-1.0,4
2025-08-14,7am,retest,short,30.25,484,23957.0,23968.634615384617,23941.875,11.634615384615385,False,win,1.3,0.0,26
2025-08-14,7am,retest,long,30.25,588,23926.75,23915.115384615383,23941.875,11.634615384615385,True,win,1.3,1.3,3
2025-08-15,6am,retest,short,47.25,447,23919.25,23937.423076923078,23895.625,18.173076923076923,False,win,1.3,1.3,56
2025-08-15,6am,retest,long,47.25,577,23872.0,23853.826923076922,23895.625,18.173076923076923,True,loss,-1.0,0.0,2
2025-08-15,7am,retest,long,22.25,511,23905.0,23896.44230769231,23916.125,8.557692307692307,False,loss,-1.0,0.0,7
2025-08-18,6am,retest,short,35.25,572,23792.0,23805.55769230769,23774.375,13.557692307692307,True,loss,-1.0,0.0,2
2025-08-18,6am,retest,long,35.25,454,23756.75,23743.19230769231,23774.375,13.557692307692307,False,win,1.3,0.0,82
2025-08-18,7am,retest,short,44.25,573,23791.0,23808.01923076923,23768.875,17.01923076923077,True,loss,-1.0,-1.0,1
2025-08-19,6am,retest,long,39.75,536,23751.0,23735.71153846154,23770.875,15.288461538461538,False,loss,-1.0,-1.0,18
2025-08-20,6am,retest,short,38.25,429,23442.0,23456.71153846154,23422.875,14.711538461538462,False,win,1.3,1.3,18
2025-08-20,6am,failure,long,38.25,457,23403.75,23389.03846153846,23422.875,14.711538461538462,False,loss,-1.0,-1.0,11
2025-08-20,7am,retest,long,66.25,574,23385.75,23360.26923076923,23418.875,25.48076923076923,True,loss,-1.0,0.0,3
2025-08-21,6am,retest,short,45.25,425,23318.25,23335.653846153848,23295.625,17.403846153846153,False,win,1.3,1.3,29
2025-08-21,6am,retest,long,45.25,480,23273.0,23255.596153846152,23295.625,17.403846153846153,False,loss,-1.0,-1.0,10
2025-08-21,7am,retest,long,69.75,515,23264.5,23237.673076923078,23299.375,26.826923076923077,False,loss,-1.0,-1.0,5
2025-08-21,7am,failure,long,69.75,484,23264.5,23237.673076923078,23299.375,26.826923076923077,False,loss,-1.0,-1.0,9
2025-08-22,6am,retest,short,23.75,430,23274.75,23283.884615384617,23262.875,9.134615384615385,False,win,1.3,1.3,2
2025-08-22,6am,retest,long,23.75,454,23251.0,23241.865384615383,23262.875,9.134615384615385,False,loss,-1.0,-1.0,7
2025-08-22,6am,failure,short,23.75,425,23274.75,23283.884615384617,23262.875,9.134615384615385,False,win,1.3,0.0,7
2025-08-22,6am,failure,long,23.75,451,23251.0,23241.865384615383,23262.875,9.134615384615385,False,loss,-1.0,0.0,10
2025-08-22,7am,retest,long,40.0,573,23240.75,23225.365384615383,23260.75,15.384615384615383,True,win,1.3,0.0,3
2025-08-22,7am,failure,long,40.0,540,23240.75,23225.365384615383,23260.75,15.384615384615383,False,win,1.3,1.3,6
2025-08-25,6am,failure,long,42.5,573,23462.0,23445.653846153848,23483.25,16.346153846153847,True,loss,-1.0,-1.0,1
2025-08-25,7am,retest,long,31.0,494,23470.0,23458.076923076922,23485.5,11.923076923076923,False,win,1.3,0.0,49
2025-08-26,6am,retest,long,34.75,448,23470.75,23457.384615384617,23488.125,13.365384615384615,False,loss,-1.0,-1.0,3
2025-08-26,6am,failure,short,34.75,573,23505.5,23518.865384615383,23488.125,13.365384615384615,True,win,1.3,0.0,3
2025-08-26,6am,failure,long,34.75,442,23470.75,23457.384615384617,23488.125,13.365384615384615,False,loss,-1.0,-1.0,9
2025-08-26,7am,retest,long,50.5,590,23444.25,23424.826923076922,23469.5,19.423076923076923,True,win,1.3,1.3,1
2025-08-27,6am,retest,short,15.5,445,23606.75,23612.71153846154,23599.0,5.961538461538462,False,loss,-1.0,-1.0,11
2025-08-27,6am,failure,long,15.5,511,23591.25,23585.28846153846,23599.0,5.961538461538462,False,loss,-1.0,-1.0,0
2025-08-27,7am,retest,short,18.0,502,23614.75,23621.673076923078,23605.75,6.9230769230769225,False,win,1.3,1.3,4
2025-08-27,7am,retest,long,18.0,620,23596.75,23589.826923076922,23605.75,6.9230769230769225,True,loss,-1.0,0.0,3
2025-08-27,7am,failure,short,18.0,491,23614.75,23621.673076923078,23605.75,6.9230769230769225,False,win,1.3,1.3,15
2025-08-27,7am,failure,long,18.0,509,23596.75,23589.826923076922,23605.75,6.9230769230769225,False,loss,-1.0,-1.0,2
2025-08-28,6am,retest,short,28.5,488,23626.25,23637.21153846154,23612.0,10.961538461538462,False,win,1.3,1.3,6
2025-08-28,6am,retest,long,28.5,429,23597.75,23586.78846153846,23612.0,10.961538461538462,False,loss,-1.0,-1.0,10
2025-08-28,6am,failure,short,28.5,485,23626.25,23637.21153846154,23612.0,10.961538461538462,False,win,1.3,1.3,9
2025-08-28,7am,retest,short,36.0,491,23618.75,23632.596153846152,23600.75,13.846153846153845,False,win,1.3,1.3,9
2025-08-28,7am,retest,long,36.0,598,23582.75,23568.903846153848,23600.75,13.846153846153845,True,win,1.3,0.0,1
2025-08-28,7am,failure,short,36.0,481,23618.75,23632.596153846152,23600.75,13.846153846153845,False,win,1.3,1.3,19
2025-08-29,6am,retest,short,39.25,512,23662.25,23677.346153846152,23642.625,15.096153846153845,False,win,1.3,0.0,58
2025-08-29,7am,retest,short,23.75,512,23654.5,23663.634615384617,23642.625,9.134615384615385,False,loss,-1.0,-1.0,0
2025-08-29,7am,retest,long,23.75,488,23630.75,23621.615384615383,23642.625,9.134615384615385,False,win,1.3,0.0,22
2025-09-01,6am,retest,short,21.0,707,23501.25,23509.326923076922,23490.75,8.076923076923077,True,win,1.3,1.3,16
2025-09-01,6am,retest,long,21.0,515,23480.25,23472.173076923078,23490.75,8.076923076923077,False,loss,-1.0,-1.0,9
2025-09-01,6am,failure,short,21.0,689,23501.25,23509.326923076922,23490.75,8.076923076923077,True,win,1.3,1.3,34
2025-09-01,6am,failure,long,21.0,441,23480.25,23472.173076923078,23490.75,8.076923076923077,False,loss,-1.0,-1.0,1
2025-09-01,7am,retest,short,48.0,725,23494.25,23512.71153846154,23470.25,18.46153846153846,True,eod,-0.4333333333333202,0.0,54
2025-09-01,7am,failure,short,48.0,665,23494.25,23512.71153846154,23470.25,18.46153846153846,True,eod,-0.4333333333333202,0.0,114
2025-09-02,6am,retest,long,79.25,440,23231.75,23201.26923076923,23271.375,30.48076923076923,False,loss,-1.0,-1.0,42
2025-09-02,6am,failure,long,79.25,430,23231.75,23201.26923076923,23271.375,30.48076923076923,False,loss,-1.0,0.0,52
2025-09-03,6am,retest,short,24.75,423,23448.0,23457.51923076923,23435.625,9.519230769230768,False,loss,-1.0,-1.0,8
2025-09-03,7am,retest,short,50.25,628,23458.5,23477.826923076922,23433.375,19.326923076923077,True,win,1.3,1.3,1
2025-09-03,7am,failure,long,50.25,514,23408.25,23388.923076923078,23433.375,19.326923076923077,False,win,1.3,1.3,7
2025-09-04,6am,retest,short,32.0,693,23535.0,23547.30769230769,23519.0,12.307692307692307,True,win,1.3,0.0,5
2025-09-04,6am,retest,long,32.0,446,23503.0,23490.69230769231,23519.0,12.307692307692307,False,loss,-1.0,-1.0,24
2025-09-04,6am,failure,short,32.0,575,23535.0,23547.30769230769,23519.0,12.307692307692307,True,loss,-1.0,-1.0,0
2025-09-04,7am,retest,long,40.75,517,23480.0,23464.326923076922,23500.375,15.673076923076923,False,loss,-1.0,-1.0,29
2025-09-04,7am,failure,long,40.75,514,23480.0,23464.326923076922,23500.375,15.673076923076923,False,loss,-1.0,-1.0,32
2025-09-05,6am,retest,short,15.5,433,23789.5,23795.46153846154,23781.75,5.961538461538462,False,loss,-1.0,-1.0,2
2025-09-05,6am,retest,long,15.5,481,23774.0,23768.03846153846,23781.75,5.961538461538462,False,win,1.3,0.0,2
2025-09-05,7am,retest,short,31.75,522,23800.0,23812.21153846154,23784.125,12.211538461538462,False,loss,-1.0,-1.0,1
2025-09-08,6am,retest,long,20.75,422,23769.25,23761.26923076923,23779.625,7.980769230769231,False,win,1.3,1.3,12
2025-09-08,7am,retest,short,21.75,557,23782.25,23790.615384615383,23771.375,8.365384615384615,False,loss,-1.0,-1.0,4
2025-09-08,7am,retest,long,21.75,511,23760.5,23752.134615384617,23771.375,8.365384615384615,False,win,1.3,0.0,19
2025-09-08,7am,failure,long,21.75,483,23760.5,23752.134615384617,23771.375,8.365384615384615,False,loss,-1.0,0.0,4
2025-09-09,6am,retest,long,22.5,430,23837.75,23829.096153846152,23849.0,8.653846153846153,False,loss,-1.0,-1.0,3
2025-09-09,6am,failure,short,22.5,929,23860.25,23868.903846153848,23849.0,8.653846153846153,True,win,1.3,0.0,8
2025-09-09,7am,retest,short,41.5,495,23853.25,23869.21153846154,23832.5,15.961538461538462,False,win,1.3,1.3,46
2025-09-09,7am,retest,long,41.5,546,23811.75,23795.78846153846,23832.5,15.961538461538462,False,win,1.3,0.0,21
2025-09-10,6am,retest,short,23.25,427,23926.75,23935.69230769231,23915.125,8.942307692307692,False,loss,-1.0,-1.0,27
2025-09-10,6am,retest,long,23.25,766,23903.5,23894.55769230769,23915.125,8.942307692307692,True,win,1.3,0.0,9
2025-09-10,6am,failure,short,23.25,424,23926.75,23935.69230769231,23915.125,8.942307692307692,False,loss,-1.0,-1.0,30
2025-09-10,7am,retest,short,35.0,487,23957.5,23970.96153846154,23940.0,13.461538461538462,False,win,1.3,1.3,17
2025-09-11,6am,retest,short,31.75,476,23950.0,23962.21153846154,23934.125,12.211538461538462,False,win,1.3,0.0,30
2025-09-11,6am,failure,short,31.75,464,23950.0,23962.21153846154,23934.125,12.211538461538462,False,win,1.3,0.0,42
2025-09-11,7am,retest,long,17.0,508,23939.0,23932.46153846154,23947.5,6.538461538461538,False,win,1.3,1.3,1
2025-09-12,6am,retest,short,18.25,453,24023.75,24030.76923076923,24014.625,7.019230769230769,False,loss,-1.0,-1.0,13
2025-09-12,7am,retest,short,39.25,552,24048.75,24063.846153846152,24029.125,15.096153846153845,False,loss,-1.0,0.0,18
2025-09-12,7am,retest,long,39.25,580,24009.5,23994.403846153848,24029.125,15.096153846153845,True,win,1.3,1.3,4
2025-09-12,7am,failure,short,39.25,545,24048.75,24063.846153846152,24029.125,15.096153846153845,False,loss,-1.0,0.0,25
2025-09-12,7am,failure,long,39.25,578,24009.5,23994.403846153848,24029.125,15.096153846153845,True,win,1.3,1.3,6
2025-09-15,6am,retest,short,40.5,424,24373.75,24389.326923076922,24353.5,15.576923076923077,False,loss,-1.0,-1.0,60
2025-09-15,7am,retest,short,21.5,488,24389.0,24397.26923076923,24378.25,8.269230769230768,False,loss,-1.0,-1.0,7
2025-09-16,7am,retest,long,30.25,495,24597.0,24585.365384615383,24612.125,11.634615384615385,False,loss,-1.0,-1.0,15
2025-09-17,6am,retest,short,30.5,514,24520.5,24532.23076923077,24505.25,11.73076923076923,False,loss,-1.0,0.0,56
2025-09-17,6am,retest,long,30.5,464,24490.0,24478.26923076923,24505.25,11.73076923076923,False,win,1.3,1.3,6
2025-09-17,7am,retest,short,29.75,522,24516.25,24527.69230769231,24501.375,11.442307692307692,False,loss,-1.0,0.0,22
2025-09-17,7am,retest,long,29.75,588,24486.5,24475.05769230769,24501.375,11.442307692307692,True,win,1.3,1.3,2
2025-09-17,7am,failure,short,29.75,506,24516.25,24527.69230769231,24501.375,11.442307692307692,False,loss,-1.0,0.0,38
2025-09-17,7am,failure,long,29.75,578,24486.5,24475.05769230769,24501.375,11.442307692307692,True,loss,-1.0,0.0,2
2025-09-18,6am,retest,short,36.5,422,24729.5,24743.53846153846,24711.25,14.038461538461538,False,loss,-1.0,0.0,9
2025-09-18,6am,retest,long,36.5,574,24693.0,24678.96153846154,24711.25,14.038461538461538,True,loss,-1.0,-1.0,0
2025-09-18,7am,retest,short,55.25,510,24755.75,24777.0,24728.125,21.25,False,win,1.3,1.3,4
2025-09-18,7am,retest,long,55.25,577,24700.5,24679.25,24728.125,21.25,True,loss,-1.0,-1.0,1
2025-09-18,7am,failure,long,55.25,539,24700.5,24679.25,24728.125,21.25,False,loss,-1.0,-1.0,3
2025-09-19,6am,failure,short,32.0,421,24732.25,24744.55769230769,24716.25,12.307692307692307,False,win,1.3,1.3,10
2025-09-19,7am,retest,short,23.25,535,24736.25,24745.19230769231,24724.625,8.942307692307692,False,loss,-1.0,-1.0,9
2025-09-19,7am,failure,short,23.25,482,24736.25,24745.19230769231,24724.625,8.942307692307692,False,loss,-1.0,-1.0,11
2025-09-19,7am,failure,long,23.25,691,24713.0,24704.05769230769,24724.625,8.942307692307692,True,win,1.3,1.3,2
2025-09-22,6am,retest,long,35.5,445,24772.25,24758.596153846152,24790.0,13.653846153846153,False,win,1.3,0.0,34
2025-09-22,6am,failure,short,35.5,557,24807.75,24821.403846153848,24790.0,13.653846153846153,False,loss,-1.0,-1.0,10
2025-09-22,7am,failure,long,22.0,495,24768.0,24759.53846153846,24779.0,8.461538461538462,False,win,1.3,1.3,7
2025-09-23,6am,retest,long,29.0,430,24987.75,24976.596153846152,25002.25,11.153846153846153,False,loss,-1.0,-1.0,4
2025-09-23,6am,failure,long,29.0,426,24987.75,24976.596153846152,25002.25,11.153846153846153,False,loss,-1.0,-1.0,8
2025-09-23,7am,retest,short,31.0,499,25004.0,25015.923076923078,24988.5,11.923076923076923,False,win,1.3,1.3,11
2025-09-23,7am,failure,long,31.0,577,24973.0,24961.076923076922,24988.5,11.923076923076923,True,win,1.3,0.0,1
2025-09-24,6am,retest,long,30.5,470,24883.0,24871.26923076923,24898.25,11.73076923076923,False,loss,-1.0,0.0,55
2025-09-24,7am,retest,long,36.75,523,24876.0,24861.865384615383,24894.375,14.134615384615383,False,win,1.3,0.0,47
2025-09-24,7am,failure,long,36.75,521,24876.0,24861.865384615383,24894.375,14.134615384615383,False,win,1.3,0.0,49
2025-09-25,6am,retest,long,45.25,700,24668.5,24651.096153846152,24691.125,17.403846153846153,True,win,1.3,1.3,3
2025-09-25,6am,failure,long,45.25,422,24668.5,24651.096153846152,24691.125,17.403846153846153,False,loss,-1.0,0.0,9
2025-09-25,7am,retest,short,104.5,705,24691.25,24731.44230769231,24639.0,40.19230769230769,True,win,1.3,1.3,37
2025-09-25,7am,retest,long,104.5,520,24586.75,24546.55769230769,24639.0,40.19230769230769,False,loss,-1.0,-1.0,14
2025-09-25,7am,failure,long,104.5,516,24586.75,24546.55769230769,24639.0,40.19230769230769,False,loss,-1.0,-1.0,18
2025-09-26,6am,retest,short,44.75,464,24628.0,24645.21153846154,24605.625,17.21153846153846,False,loss,-1.0,-1.0,7
2025-09-26,6am,retest,long,44.75,624,24583.25,24566.03846153846,24605.625,17.21153846153846,True,loss,-1.0,-1.0,0
2025-09-26,6am,failure,long,44.75,622,24583.25,24566.03846153846,24605.625,17.21153846153846,True,loss,-1.0,0.0,2
2025-09-26,7am,retest,long,64.25,618,24590.5,24565.78846153846,24622.625,24.71153846153846,True,loss,-1.0,0.0,6
2025-09-26,7am,failure,long,64.25,615,24590.5,24565.78846153846,24622.625,24.71153846153846,True,loss,-1.0,0.0,9
2025-09-29,6am,retest,short,37.0,529,24902.25,24916.48076923077,24883.75,14.23076923076923,False,win,1.3,1.3,19
2025-09-29,6am,retest,long,37.0,446,24865.25,24851.01923076923,24883.75,14.23076923076923,False,win,1.3,0.0,45
2025-09-29,6am,failure,long,37.0,433,24865.25,24851.01923076923,24883.75,14.23076923076923,False,win,1.3,0.0,58
2025-09-29,7am,failure,short,40.0,520,24893.75,24909.134615384617,24873.75,15.384615384615383,False,loss,-1.0,-1.0,16
2025-09-30,6am,retest,short,41.0,512,24815.0,24830.76923076923,24794.5,15.769230769230768,False,loss,-1.0,-1.0,7
2025-09-30,6am,failure,short,41.0,427,24815.0,24830.76923076923,24794.5,15.769230769230768,False,win,1.3,1.3,14
2025-09-30,7am,retest,short,27.25,566,24817.0,24827.48076923077,24803.375,10.48076923076923,False,loss,-1.0,-1.0,4
2025-09-30,7am,failure,short,27.25,510,24817.0,24827.48076923077,24803.375,10.48076923076923,False,loss,-1.0,-1.0,7
2025-09-30,7am,failure,long,27.25,489,24789.75,24779.26923076923,24803.375,10.48076923076923,False,win,1.3,1.3,11
2025-10-01,6am,retest,short,42.25,434,24764.0,24780.25,24742.875,16.25,False,loss,-1.0,-1.0,14
2025-10-01,6am,failure,short,42.25,428,24764.0,24780.25,24742.875,16.25,False,loss,-1.0,0.0,20
2025-10-02,6am,retest,short,31.25,575,25124.75,25136.76923076923,25109.125,12.019230769230768,True,win,1.3,0.0,1
2025-10-02,6am,retest,long,31.25,814,25093.5,25081.48076923077,25109.125,12.019230769230768,True,win,1.3,1.3,8
2025-10-02,6am,failure,short,31.25,430,25124.75,25136.76923076923,25109.125,12.019230769230768,False,loss,-1.0,-1.0,32
2025-10-02,6am,failure,long,31.25,578,25093.5,25081.48076923077,25109.125,12.019230769230768,True,loss,-1.0,-1.0,0
2025-10-02,7am,retest,short,43.5,525,25151.0,25167.73076923077,25129.25,16.73076923076923,False,loss,-1.0,-1.0,15
2025-10-02,7am,retest,long,43.5,864,25107.5,25090.76923076923,25129.25,16.73076923076923,True,eod,0.11954022988505547,0.0,95
2025-10-03,6am,retest,long,39.0,435,25157.5,25142.5,25177.0,15.0,False,loss,-1.0,-1.0,13
2025-10-03,7am,retest,long,42.75,520,25128.25,25111.80769230769,25149.625,16.442307692307693,False,loss,-1.0,-1.0,6
2025-10-03,7am,failure,long,42.75,516,25128.25,25111.80769230769,25149.625,16.442307692307693,False,loss,-1.0,-1.0,10
2025-10-06,6am,retest,short,60.75,545,25185.0,25208.365384615383,25154.625,23.365384615384613,False,loss,-1.0,-1.0,22
2025-10-06,6am,failure,short,60.75,480,25185.0,25208.365384615383,25154.625,23.365384615384613,False,loss,-1.0,-1.0,5
2025-10-06,6am,failure,long,60.75,584,25124.25,25100.884615384617,25154.625,23.365384615384613,True,win,1.3,1.3,1
2025-10-06,7am,retest,short,57.5,545,25186.0,25208.115384615383,25157.25,22.115384615384613,False,loss,-1.0,-1.0,22
2025-10-06,7am,failure,short,57.5,481,25186.0,25208.115384615383,25157.25,22.115384615384613,False,loss,-1.0,-1.0,4
2025-10-07,6am,retest,short,23.25,637,25195.75,25204.69230769231,25184.125,8.942307692307692,True,loss,-1.0,0.0,1
2025-10-07,6am,retest,long,23.25,429,25172.5,25163.55769230769,25184.125,8.942307692307692,False,win,1.3,1.3,21
2025-10-07,6am,failure,long,23.25,426,25172.5,25163.55769230769,25184.125,8.942307692307692,False,win,1.3,1.3,24
2025-10-07,7am,retest,short,41.75,483,25211.75,25227.80769230769,25190.875,16.057692307692307,False,loss,-1.0,0.0,38
2025-10-07,7am,failure,long,41.75,663,25170.0,25153.94230769231,25190.875,16.057692307692307,True,loss,-1.0,-1.0,1
2025-10-08,6am,retest,short,42.0,431,25100.5,25116.653846153848,25079.5,16.153846153846153,False,win,1.3,1.3,6
2025-10-08,6am,retest,long,42.0,500,25058.5,25042.346153846152,25079.5,16.153846153846153,False,win,1.3,0.0,56
2025-10-08,6am,failure,short,42.0,421,25100.5,25116.653846153848,25079.5,16.153846153846153,False,win,1.3,1.3,16
2025-10-08,6am,failure,long,42.0,450,25058.5,25042.346153846152,25079.5,16.153846153846153,False,win,1.3,1.3,5
2025-10-08,7am,retest,long,46.25,500,25058.25,25040.46153846154,25081.375,17.788461538461537,False,win,1.3,0.0,57
2025-10-09,6am,retest,short,29.25,458,25332.75,25344.0,25318.125,11.25,False,win,1.3,1.3,8
2025-10-09,6am,retest,long,29.25,591,25303.5,25292.25,25318.125,11.25,True,loss,-1.0,-1.0,0
2025-10-09,6am,failure,long,29.25,574,25303.5,25292.25,25318.125,11.25,True,loss,-1.0,0.0,4
2025-10-09,7am,retest,long,29.5,577,25311.75,25300.403846153848,25326.5,11.346153846153845,True,loss,-1.0,-1.0,0
2025-10-10,6am,retest,short,47.25,524,25301.5,25319.673076923078,25277.875,18.173076923076923,False,loss,-1.0,0.0,47
2025-10-10,7am,retest,short,25.0,507,25324.5,25334.115384615383,25312.0,9.615384615384615,False,win,1.3,0.0,13
2025-10-10,7am,retest,long,25.0,529,25299.5,25289.884615384617,25312.0,9.615384615384615,False,loss,-1.0,-1.0,8
2025-10-10,7am,failure,short,25.0,484,25324.5,25334.115384615383,25312.0,9.615384615384615,False,loss,-1.0,-1.0,10
2025-10-13,6am,failure,short,52.5,545,24877.75,24897.94230769231,24851.5,20.19230769230769,False,win,1.3,0.0,6
2025-10-13,7am,retest,short,133.25,547,24866.25,24917.5,24799.625,51.25,False,win,1.3,1.3,26
2025-10-13,7am,retest,long,133.25,581,24733.0,24681.75,24799.625,51.25,True,win,1.3,0.0,2
2025-10-13,7am,failure,short,133.25,543,24866.25,24917.5,24799.625,51.25,False,win,1.3,1.3,30
2025-10-14,6am,retest,short,140.75,464,24643.25,24697.384615384617,24572.875,54.13461538461538,False,win,1.3,0.0,59
2025-10-14,6am,retest,long,140.75,580,24502.5,24448.365384615383,24572.875,54.13461538461538,True,loss,-1.0,-1.0,3
2025-10-14,7am,retest,long,119.0,598,24546.0,24500.23076923077,24605.5,45.76923076923077,True,win,1.3,1.3,6
2025-10-14,7am,failure,short,119.0,622,24665.0,24710.76923076923,24605.5,45.76923076923077,True,loss,-1.0,-1.0,5
2025-10-15,6am,retest,long,30.75,442,24949.25,24937.423076923078,24964.625,11.826923076923077,False,win,1.3,0.0,20
2025-10-15,6am,failure,long,30.75,437,24949.25,24937.423076923078,24964.625,11.826923076923077,False,win,1.3,0.0,25
2025-10-15,7am,retest,short,34.25,485,24972.0,24985.173076923078,24954.875,13.173076923076923,False,loss,-1.0,-1.0,3
2025-10-15,7am,failure,short,34.25,483,24972.0,24985.173076923078,24954.875,13.173076923076923,False,loss,-1.0,-1.0,5
2025-10-15,7am,failure,long,34.25,579,24937.75,24924.576923076922,24954.875,13.173076923076923,True,win,1.3,0.0,2
2025-10-16,6am,retest,short,32.0,458,25071.5,25083.80769230769,25055.5,12.307692307692307,False,win,1.3,0.0,30
2025-10-16,6am,retest,long,32.0,496,25039.5,25027.19230769231,25055.5,12.307692307692307,False,loss,-1.0,0.0,14
2025-10-16,6am,failure,short,32.0,440,25071.5,25083.80769230769,25055.5,12.307692307692307,False,loss,-1.0,-1.0,7
2025-10-16,6am,failure,long,32.0,491,25039.5,25027.19230769231,25055.5,12.307692307692307,False,loss,-1.0,0.0,19
2025-10-16,7am,retest,short,39.5,528,25085.25,25100.44230769231,25065.5,15.192307692307692,False,win,1.3,0.0,15
2025-10-16,7am,failure,short,39.5,521,25085.25,25100.44230769231,25065.5,15.192307692307692,False,win,1.3,0.0,22
2025-10-17,6am,retest,short,92.5,426,24575.5,24611.076923076922,24529.25,35.57692307692307,False,loss,-1.0,-1.0,3
2025-10-17,7am,retest,short,165.0,485,24733.5,24796.96153846154,24651.0,63.46153846153846,False,loss,-1.0,-1.0,18
2025-10-20,6am,failure,short,62.75,521,25102.75,25126.884615384617,25071.375,24.134615384615383,False,loss,-1.0,-1.0,16
2025-10-20,7am,retest,short,52.0,494,25090.0,25110.0,25064.0,20.0,False,loss,-1.0,0.0,32
2025-10-21,6am,retest,short,29.5,552,25288.25,25299.596153846152,25273.5,11.346153846153845,False,win,1.3,1.3,1
2025-10-21,6am,failure,short,29.5,427,25288.25,25299.596153846152,25273.5,11.346153846153845,False,loss,-1.0,0.0,10
2025-10-21,7am,retest,short,34.5,490,25308.5,25321.76923076923,25291.25,13.269230769230768,False,win,1.3,1.3,24
2025-10-21,7am,retest,long,34.5,575,25274.0,25260.73076923077,25291.25,13.269230769230768,True,win,1.3,1.3,1
2025-10-22,6am,retest,long,42.0,533,25263.5,25247.346153846152,25284.5,16.153846153846153,False,loss,-1.0,0.0,37
2025-10-22,6am,failure,long,42.0,425,25263.5,25247.346153846152,25284.5,16.153846153846153,False,loss,-1.0,-1.0,3
2025-10-23,6am,retest,short,32.25,583,25067.5,25079.903846153848,25051.375,12.403846153846153,True,loss,-1.0,0.0,1
2025-10-23,6am,retest,long,32.25,574,25035.25,25022.846153846152,25051.375,12.403846153846153,True,loss,-1.0,-1.0,1
2025-10-23,6am,failure,short,32.25,578,25067.5,25079.903846153848,25051.375,12.403846153846153,True,loss,-1.0,0.0,2
2025-10-23,7am,retest,long,90.25,488,24962.75,24928.03846153846,25007.875,34.71153846153846,False,win,1.3,1.3,51
2025-10-23,7am,failure,long,90.25,481,24962.75,24928.03846153846,25007.875,34.71153846153846,False,win,1.3,1.3,58
2025-10-24,6am,failure,long,26.5,441,25364.5,25354.30769230769,25377.75,10.192307692307692,False,win,1.3,0.0,32
2025-10-27,6am,retest,short,23.25,611,25852.5,25861.44230769231,25840.875,8.942307692307692,True,loss,-1.0,-1.0,0
2025-10-27,6am,retest,long,23.25,485,25829.25,25820.30769230769,25840.875,8.942307692307692,False,win,1.3,1.3,6
2025-10-27,6am,failure,short,23.25,571,25852.5,25861.44230769231,25840.875,8.942307692307692,True,win,1.3,1.3,1
2025-10-27,6am,failure,long,23.25,436,25829.25,25820.30769230769,25840.875,8.942307692307692,False,loss,-1.0,0.0,25
2025-10-27,7am,retest,short,37.5,598,25848.5,25862.923076923078,25829.75,14.423076923076923,True,loss,-1.0,-1.0,3
2025-10-27,7am,failure,short,37.5,571,25848.5,25862.923076923078,25829.75,14.423076923076923,True,win,1.3,0.0,3
2025-10-28,6am,retest,short,21.75,431,25989.5,25997.865384615383,25978.625,8.365384615384615,False,win,1.3,1.3,4
2025-10-28,7am,retest,short,26.75,532,26004.0,26014.28846153846,25990.625,10.288461538461538,False,loss,-1.0,-1.0,9
2025-10-28,7am,failure,short,26.75,491,26004.0,26014.28846153846,25990.625,10.288461538461538,False,loss,-1.0,-1.0,7
2025-10-29,6am,retest,short,43.0,438,26273.25,26289.78846153846,26251.75,16.538461538461537,False,loss,-1.0,-1.0,10
2025-10-29,6am,retest,long,43.0,716,26230.25,26213.71153846154,26251.75,16.538461538461537,True,loss,-1.0,0.0,8
2025-10-29,6am,failure,long,43.0,698,26230.25,26213.71153846154,26251.75,16.538461538461537,True,loss,-1.0,0.0,26
2025-10-29,7am,retest,long,51.25,673,26245.5,26225.78846153846,26271.125,19.71153846153846,True,win,1.3,0.0,9
2025-10-29,7am,failure,short,51.25,593,26296.75,26316.46153846154,26271.125,19.71153846153846,True,loss,-1.0,-1.0,4
2025-10-30,6am,retest,short,47.5,433,26244.5,26262.76923076923,26220.75,18.26923076923077,False,loss,-1.0,-1.0,3
2025-10-30,6am,retest,long,47.5,497,26197.0,26178.73076923077,26220.75,18.26923076923077,False,win,1.3,1.3,3
2025-10-30,7am,failure,long,62.0,493,26225.0,26201.153846153848,26256.0,23.846153846153847,False,loss,-1.0,-1.0,2
2025-10-31,6am,retest,short,33.75,442,26195.5,26208.48076923077,26178.625,12.98076923076923,False,loss,-1.0,-1.0,24
2025-10-31,6am,retest,long,33.75,573,26161.75,26148.76923076923,26178.625,12.98076923076923,True,loss,-1.0,0.0,1
2025-10-31,7am,retest,short,65.5,485,26232.25,26257.44230769231,26199.5,25.19230769230769,False,loss,-1.0,-1.0,11
2025-10-31,7am,retest,long,65.5,573,26166.75,26141.55769230769,26199.5,25.19230769230769,True,loss,-1.0,-1.0,6
2025-11-03,6am,retest,short,39.25,433,26178.25,26193.346153846152,26158.625,15.096153846153845,False,win,1.3,1.3,13
2025-11-03,6am,retest,long,39.25,487,26139.0,26123.903846153848,26158.625,15.096153846153845,False,win,1.3,1.3,15
2025-11-03,7am,retest,short,38.0,580,26182.0,26196.615384615383,26163.0,14.615384615384615,True,win,1.3,0.0,2
2025-11-03,7am,retest,long,38.0,495,26144.0,26129.384615384617,26163.0,14.615384615384615,False,win,1.3,0.0,16
2025-11-04,6am,retest,long,45.25,437,25747.25,25729.846153846152,25769.875,17.403846153846153,False,win,1.3,1.3,3
2025-11-04,6am,failure,long,45.25,421,25747.25,25729.846153846152,25769.875,17.403846153846153,False,loss,-1.0,0.0,11
2025-11-04,7am,retest,short,65.75,658,25790.75,25816.03846153846,25757.875,25.288461538461537,True,loss,-1.0,0.0,2
2025-11-04,7am,retest,long,65.75,537,25725.0,25699.71153846154,25757.875,25.288461538461537,False,loss,-1.0,-1.0,4
2025-11-05,6am,retest,short,80.5,437,25484.5,25515.46153846154,25444.25,30.96153846153846,False,loss,-1.0,-1.0,8
2025-11-05,6am,failure,short,80.5,428,25484.5,25515.46153846154,25444.25,30.96153846153846,False,loss,-1.0,-1.0,17
2025-11-05,7am,retest,short,77.75,503,25536.0,25565.903846153848,25497.125,29.903846153846153,False,loss,-1.0,-1.0,7
2025-11-06,6am,retest,short,33.5,435,25776.0,25788.884615384617,25759.25,12.884615384615385,False,loss,-1.0,0.0,20
2025-11-06,7am,retest,short,44.75,499,25791.0,25808.21153846154,25768.625,17.21153846153846,False,loss,-1.0,-1.0,4
2025-11-06,7am,failure,short,44.75,493,25791.0,25808.21153846154,25768.625,17.21153846153846,False,loss,-1.0,-1.0,10
2025-11-07,6am,retest,long,136.0,480,25084.25,25031.94230769231,25152.25,52.30769230769231,False,loss,-1.0,0.0,95
2025-11-07,7am,retest,long,133.75,572,25061.75,25010.30769230769,25128.625,51.44230769230769,True,loss,-1.0,-1.0,4
2025-11-10,6am,retest,long,42.5,662,25504.0,25487.653846153848,25525.25,16.346153846153847,True,loss,-1.0,0.0,3
2025-11-10,6am,failure,short,42.5,421,25546.5,25562.846153846152,25525.25,16.346153846153847,False,win,1.3,1.3,6
2025-11-10,7am,retest,long,38.5,664,25513.0,25498.19230769231,25532.25,14.807692307692307,True,loss,-1.0,-1.0,1
2025-11-11,6am,retest,short,39.25,805,25647.75,25662.846153846152,25628.125,15.096153846153845,True,win,1.3,1.3,2
2025-11-11,6am,retest,long,39.25,488,25608.5,25593.403846153848,25628.125,15.096153846153845,False,loss,-1.0,0.0,15
2025-11-11,7am,retest,short,57.5,798,25639.75,25661.865384615383,25611.0,22.115384615384613,True,loss,-1.0,-1.0,2
2025-11-12,6am,retest,short,74.75,493,25804.25,25833.0,25766.875,28.75,False,win,1.3,1.3,77
2025-11-12,7am,retest,short,82.5,493,25803.5,25835.23076923077,25762.25,31.73076923076923,False,win,1.3,1.3,77
2025-11-13,6am,failure,long,79.0,513,25548.0,25517.615384615383,25587.5,30.384615384615383,False,loss,-1.0,-1.0,2
2025-11-13,7am,failure,long,65.25,512,25550.5,25525.403846153848,25583.125,25.096153846153847,False,loss,-1.0,-1.0,1
2025-11-14,6am,retest,short,167.75,603,24943.5,25008.01923076923,24859.625,64.51923076923077,True,loss,-1.0,0.0,24
2025-11-14,6am,retest,long,167.75,426,24775.75,24711.23076923077,24859.625,64.51923076923077,False,loss,-1.0,-1.0,33
2025-11-14,6am,failure,short,167.75,595,24943.5,25008.01923076923,24859.625,64.51923076923077,True,loss,-1.0,0.0,32
2025-11-14,6am,failure,long,167.75,424,24775.75,24711.23076923077,24859.625,64.51923076923077,False,loss,-1.0,-1.0,35
2025-11-14,7am,retest,short,162.5,583,24833.0,24895.5,24751.75,62.5,True,loss,-1.0,-1.0,5
2025-11-14,7am,retest,long,162.5,525,24670.5,24608.0,24751.75,62.5,False,win,1.3,1.3,20
2025-11-17,6am,retest,short,74.0,594,25244.5,25272.96153846154,25207.5,28.46153846153846,True,win,1.3,1.3,3
2025-11-17,6am,retest,long,74.0,446,25170.5,25142.03846153846,25207.5,28.46153846153846,False,loss,-1.0,-1.0,4
2025-11-17,7am,retest,short,91.5,598,25203.5,25238.69230769231,25157.75,35.19230769230769,True,win,1.3,1.3,5
2025-11-17,7am,retest,long,91.5,488,25112.0,25076.80769230769,25157.75,35.19230769230769,False,loss,-1.0,-1.0,3
2025-11-18,6am,retest,long,76.25,440,24760.5,24731.173076923078,24798.625,29.326923076923077,False,loss,-1.0,-1.0,5
2025-11-18,7am,failure,short,142.5,574,24802.0,24856.80769230769,24730.75,54.80769230769231,True,win,1.3,1.3,1
2025-11-18,7am,failure,long,142.5,584,24659.5,24604.69230769231,24730.75,54.80769230769231,True,win,1.3,1.3,1
2025-11-19,6am,retest,short,45.25,667,24733.25,24750.653846153848,24710.625,17.403846153846153,True,loss,-1.0,-1.0,0
2025-11-19,6am,retest,long,45.25,440,24688.0,24670.596153846152,24710.625,17.403846153846153,False,win,1.3,0.0,10
2025-11-19,6am,failure,short,45.25,584,24733.25,24750.653846153848,24710.625,17.403846153846153,True,loss,-1.0,-1.0,0
2025-11-19,6am,failure,long,45.25,423,24688.0,24670.596153846152,24710.625,17.403846153846153,False,win,1.3,0.0,27
2025-11-19,7am,retest,short,49.25,671,24722.25,24741.19230769231,24697.625,18.942307692307693,True,win,1.3,1.3,1
2025-11-19,7am,retest,long,49.25,498,24673.0,24654.05769230769,24697.625,18.942307692307693,False,loss,-1.0,-1.0,4
2025-11-19,7am,failure,long,49.25,485,24673.0,24654.05769230769,24697.625,18.942307692307693,False,loss,-1.0,-1.0,5
2025-11-20,6am,retest,short,84.75,504,25132.0,25164.596153846152,25089.625,32.59615384615385,False,loss,-1.0,-1.0,6
2025-11-20,6am,failure,short,84.75,468,25132.0,25164.596153846152,25089.625,32.59615384615385,False,loss,-1.0,-1.0,13
2025-11-20,6am,failure,long,84.75,672,25047.25,25014.653846153848,25089.625,32.59615384615385,True,loss,-1.0,-1.0,0
2025-11-20,7am,retest,short,97.5,510,25158.25,25195.75,25109.5,37.5,False,loss,-1.0,-1.0,0
2025-11-20,7am,retest,long,97.5,672,25060.75,25023.25,25109.5,37.5,True,loss,-1.0,-1.0,0
2025-11-21,6am,retest,short,143.0,462,24153.25,24208.25,24081.75,55.0,False,loss,-1.0,-1.0,4
2025-11-21,6am,retest,long,143.0,437,24010.25,23955.25,24081.75,55.0,False,loss,-1.0,-1.0,6
2025-11-21,6am,failure,long,143.0,431,24010.25,23955.25,24081.75,55.0,False,loss,-1.0,-1.0,12
2025-11-21,7am,retest,short,309.0,516,24261.5,24380.346153846152,24107.0,118.84615384615384,False,win,1.3,0.0,70
2025-11-21,7am,retest,long,309.0,638,23952.5,23833.653846153848,24107.0,118.84615384615384,True,win,1.3,0.0,44
2025-11-21,7am,failure,short,309.0,499,24261.5,24380.346153846152,24107.0,118.84615384615384,False,win,1.3,0.0,87
2025-11-24,7am,retest,short,93.25,537,24516.25,24552.115384615383,24469.625,35.86538461538461,False,loss,-1.0,0.0,13
2025-11-24,7am,failure,short,93.25,485,24516.25,24552.115384615383,24469.625,35.86538461538461,False,loss,-1.0,-1.0,21
2025-11-25,6am,retest,short,53.0,459,24897.75,24918.134615384617,24871.25,20.384615384615383,False,loss,-1.0,0.0,3
2025-11-25,6am,retest,long,53.0,575,24844.75,24824.365384615383,24871.25,20.384615384615383,True,win,1.3,1.3,1
2025-11-25,6am,failure,short,53.0,423,24897.75,24918.134615384617,24871.25,20.384615384615383,False,loss,-1.0,-1.0,6
2025-11-25,6am,failure,long,53.0,568,24844.75,24824.365384615383,24871.25,20.384615384615383,False,loss,-1.0,0.0,2
2025-11-25,7am,retest,short,109.0,859,24975.25,25017.173076923078,24920.75,41.92307692307692,True,loss,-1.0,0.0,38
2025-11-25,7am,retest,long,109.0,546,24866.25,24824.326923076922,24920.75,41.92307692307692,False,loss,-1.0,-1.0,24
2025-11-25,7am,failure,short,109.0,741,24975.25,25017.173076923078,24920.75,41.92307692307692,True,loss,-1.0,-1.0,11
2025-11-26,6am,retest,short,41.5,565,25215.25,25231.21153846154,25194.5,15.961538461538462,False,loss,-1.0,0.0,5
2025-11-26,6am,retest,long,41.5,468,25173.75,25157.78846153846,25194.5,15.961538461538462,False,win,1.3,0.0,30
2025-11-26,6am,failure,short,41.5,538,25215.25,25231.21153846154,25194.5,15.961538461538462,False,win,1.3,1.3,3
2025-11-26,6am,failure,long,41.5,422,25173.75,25157.78846153846,25194.5,15.961538461538462,False,loss,-1.0,-1.0,0
2025-11-26,7am,retest,short,66.5,503,25185.0,25210.576923076922,25151.75,25.576923076923077,False,loss,-1.0,-1.0,13
2025-11-26,7am,failure,short,66.5,487,25185.0,25210.576923076922,25151.75,25.576923076923077,False,loss,-1.0,-1.0,29
2025-11-27,6am,retest,long,20.0,423,25305.25,25297.55769230769,25315.25,7.692307692307692,False,win,1.3,1.3,5
2025-11-27,7am,retest,long,21.75,495,25293.75,25285.384615384617,25304.625,8.365384615384615,False,win,1.3,0.0,15
2025-11-27,7am,failure,short,21.75,573,25315.5,25323.865384615383,25304.625,8.365384615384615,True,win,1.3,1.3,3
2025-12-01,6am,retest,short,40.0,631,25319.75,25335.134615384617,25299.75,15.384615384615383,True,win,1.3,0.0,3
2025-12-01,6am,retest,long,40.0,426,25279.75,25264.365384615383,25299.75,15.384615384615383,False,loss,-1.0,-1.0,2
2025-12-01,7am,failure,long,96.75,584,25210.75,25173.53846153846,25259.125,37.21153846153846,True,win,1.3,1.3,1
2025-12-02,6am,retest,long,32.5,434,25476.25,25463.75,25492.5,12.5,False,loss,-1.0,0.0,20
2025-12-02,7am,retest,short,43.25,504,25501.25,25517.884615384617,25479.625,16.634615384615383,False,loss,-1.0,0.0,37
2025-12-02,7am,failure,long,43.25,686,25458.0,25441.365384615383,25479.625,16.634615384615383,True,win,1.3,0.0,4
2025-12-03,6am,retest,short,34.5,438,25644.75,25658.01923076923,25627.5,13.269230769230768,False,loss,-1.0,-1.0,17
2025-12-03,6am,retest,long,34.5,695,25610.25,25596.98076923077,25627.5,13.269230769230768,True,loss,-1.0,-1.0,1
2025-12-03,6am,failure,short,34.5,430,25644.75,25658.01923076923,25627.5,13.269230769230768,False,loss,-1.0,-1.0,25
2025-12-03,7am,retest,short,49.0,490,25663.75,25682.596153846152,25639.25,18.846153846153847,False,win,1.3,0.0,50
2025-12-03,7am,retest,long,49.0,699,25614.75,25595.903846153848,25639.25,18.846153846153847,True,loss,-1.0,-1.0,7
2025-12-04,6am,retest,short,31.25,461,25657.5,25669.51923076923,25641.875,12.019230769230768,False,loss,-1.0,-1.0,3
2025-12-04,6am,failure,long,31.25,532,25626.25,25614.23076923077,25641.875,12.019230769230768,False,win,1.3,1.3,8
2025-12-04,7am,retest,long,22.75,491,25651.75,25643.0,25663.125,8.75,False,loss,-1.0,0.0,2
2025-12-04,7am,failure,short,22.75,545,25674.5,25683.25,25663.125,8.75,False,loss,-1.0,0.0,2
2025-12-04,7am,failure,long,22.75,483,25651.75,25643.0,25663.125,8.75,False,loss,-1.0,0.0,10
2025-12-05,6am,retest,short,23.0,427,25727.25,25736.096153846152,25715.75,8.846153846153847,False,win,1.3,1.3,4
2025-12-05,6am,failure,short,23.0,424,25727.25,25736.096153846152,25715.75,8.846153846153847,False,win,1.3,1.3,7
2025-12-05,6am,failure,long,23.0,440,25704.25,25695.403846153848,25715.75,8.846153846153847,False,loss,-1.0,-1.0,2
2025-12-05,7am,failure,short,47.5,571,25736.0,25754.26923076923,25712.25,18.26923076923077,True,loss,-1.0,-1.0,0
2025-12-05,7am,failure,long,47.5,501,25688.5,25670.23076923077,25712.25,18.26923076923077,False,loss,-1.0,-1.0,11
2025-12-08,6am,retest,short,26.75,522,25797.75,25808.03846153846,25784.375,10.288461538461538,False,loss,-1.0,-1.0,3
2025-12-08,7am,retest,long,46.5,591,25764.75,25746.865384615383,25788.0,17.884615384615383,True,loss,-1.0,-1.0,1
2025-12-09,6am,retest,short,51.0,703,25681.75,25701.365384615383,25656.25,19.615384615384613,True,loss,-1.0,0.0,7
2025-12-09,6am,retest,long,51.0,580,25630.75,25611.134615384617,25656.25,19.615384615384613,True,loss,-1.0,-1.0,0
2025-12-09,7am,retest,long,30.75,510,25645.5,25633.673076923078,25660.875,11.826923076923077,False,loss,-1.0,-1.0,3
2025-12-09,7am,failure,long,30.75,503,25645.5,25633.673076923078,25660.875,11.826923076923077,False,loss,-1.0,0.0,10
2025-12-10,6am,retest,long,56.25,433,25638.5,25616.865384615383,25666.625,21.634615384615383,False,win,1.3,0.0,62
2025-12-10,7am,retest,long,41.5,579,25627.25,25611.28846153846,25648.0,15.961538461538462,True,loss,-1.0,-1.0,1
2025-12-10,7am,failure,short,41.5,498,25668.75,25684.71153846154,25648.0,15.961538461538462,False,loss,-1.0,-1.0,2
2025-12-10,7am,failure,long,41.5,572,25627.25,25611.28846153846,25648.0,15.961538461538462,True,loss,-1.0,-1.0,0
2025-12-11,6am,retest,short,38.75,429,25630.0,25644.903846153848,25610.625,14.903846153846153,False,loss,-1.0,-1.0,4
2025-12-11,6am,failure,long,38.75,571,25591.25,25576.346153846152,25610.625,14.903846153846153,True,loss,-1.0,-1.0,0
2025-12-11,7am,retest,short,84.0,896,25701.0,25733.30769230769,25659.0,32.30769230769231,True,eod,-0.42559523809524913,0.0,63
2025-12-11,7am,retest,long,84.0,624,25617.0,25584.69230769231,25659.0,32.30769230769231,True,loss,-1.0,-1.0,6
2025-12-11,7am,failure,short,84.0,870,25701.0,25733.30769230769,25659.0,32.30769230769231,True,eod,-0.42559523809524913,0.0,89
2025-12-12,6am,retest,short,56.0,476,25588.5,25610.03846153846,25560.5,21.538461538461537,False,win,1.3,1.3,4
2025-12-12,7am,retest,short,57.75,505,25596.0,25618.21153846154,25567.125,22.21153846153846,False,loss,-1.0,0.0,32
2025-12-15,6am,failure,long,29.75,433,25588.0,25576.55769230769,25602.875,11.442307692307692,False,win,1.3,1.3,9
2025-12-16,6am,retest,short,57.0,430,25294.0,25315.923076923078,25265.5,21.923076923076923,False,loss,-1.0,-1.0,6
2025-12-16,6am,failure,short,57.0,424,25294.0,25315.923076923078,25265.5,21.923076923076923,False,loss,-1.0,-1.0,12
2025-12-16,7am,retest,long,43.75,487,25280.5,25263.673076923078,25302.375,16.826923076923077,False,loss,-1.0,-1.0,11
2025-12-17,6am,retest,short,31.75,476,25499.0,25511.21153846154,25483.125,12.211538461538462,False,win,1.3,1.3,18
2025-12-17,6am,retest,long,31.75,539,25467.25,25455.03846153846,25483.125,12.211538461538462,False,loss,-1.0,0.0,13
2025-12-17,6am,failure,short,31.75,469,25499.0,25511.21153846154,25483.125,12.211538461538462,False,win,1.3,1.3,25
2025-12-17,7am,retest,long,34.5,539,25474.0,25460.73076923077,25491.25,13.269230769230768,False,loss,-1.0,-1.0,1
2025-12-18,6am,retest,short,29.5,432,25104.0,25115.346153846152,25089.25,11.346153846153845,False,win,1.3,0.0,40
2025-12-18,6am,failure,short,29.5,424,25104.0,25115.346153846152,25089.25,11.346153846153845,False,win,1.3,0.0,48
2025-12-18,7am,retest,short,29.5,510,25114.5,25125.846153846152,25099.75,11.346153846153845,False,loss,-1.0,-1.0,0
2025-12-19,6am,retest,long,49.5,460,25315.5,25296.46153846154,25340.25,19.038461538461537,False,loss,-1.0,-1.0,14
2025-12-19,6am,failure,long,49.5,430,25315.5,25296.46153846154,25340.25,19.038461538461537,False,win,1.3,1.3,5
2025-12-19,7am,retest,short,77.75,568,25356.75,25386.653846153848,25317.875,29.903846153846153,False,loss,-1.0,-1.0,2
2025-12-19,7am,failure,short,77.75,558,25356.75,25386.653846153848,25317.875,29.903846153846153,False,loss,-1.0,0.0,12
2025-12-19,7am,failure,long,77.75,482,25279.0,25249.096153846152,25317.875,29.903846153846153,False,win,1.3,1.3,21
2025-12-22,7am,retest,short,44.0,491,25740.25,25757.173076923078,25718.25,16.923076923076923,False,loss,-1.0,-1.0,53
2025-12-22,7am,retest,long,44.0,584,25696.25,25679.326923076922,25718.25,16.923076923076923,True,win,1.3,0.0,3
2025-12-23,6am,retest,long,22.5,426,25687.0,25678.346153846152,25698.25,8.653846153846153,False,loss,-1.0,-1.0,5
2025-12-23,6am,failure,long,22.5,423,25687.0,25678.346153846152,25698.25,8.653846153846153,False,loss,-1.0,-1.0,8
2025-12-23,7am,retest,short,41.0,573,25702.0,25717.76923076923,25681.5,15.769230769230768,True,loss,-1.0,0.0,2
2025-12-24,7am,retest,short,28.5,512,25817.5,25828.46153846154,25803.25,10.961538461538462,False,loss,-1.0,0.0,20
2025-12-26,6am,retest,long,22.25,608,25866.25,25857.69230769231,25877.375,8.557692307692307,True,loss,-1.0,0.0,2
2025-12-26,6am,failure,short,22.25,456,25888.5,25897.05769230769,25877.375,8.557692307692307,False,loss,-1.0,-1.0,34
2025-12-26,7am,retest,short,28.0,503,25897.0,25907.76923076923,25883.0,10.769230769230768,False,loss,-1.0,-1.0,14
2025-12-26,7am,retest,long,28.0,608,25869.0,25858.23076923077,25883.0,10.769230769230768,True,loss,-1.0,-1.0,2
2025-12-26,7am,failure,short,28.0,492,25897.0,25907.76923076923,25883.0,10.769230769230768,False,loss,-1.0,0.0,25
2025-12-29,6am,retest,long,39.5,525,25736.0,25720.80769230769,25755.75,15.192307692307692,False,loss,-1.0,-1.0,2
2025-12-29,6am,failure,short,39.5,445,25775.5,25790.69230769231,25755.75,15.192307692307692,False,win,1.3,1.3,17
2025-12-29,6am,failure,long,39.5,481,25736.0,25720.80769230769,25755.75,15.192307692307692,False,win,1.3,1.3,1
2025-12-30,6am,retest,short,33.5,426,25736.0,25748.884615384617,25719.25,12.884615384615385,False,win,1.3,1.3,28
2025-12-30,6am,retest,long,33.5,521,25702.5,25689.615384615383,25719.25,12.884615384615385,False,win,1.3,0.0,31
2025-12-30,6am,failure,short,33.5,422,25736.0,25748.884615384617,25719.25,12.884615384615385,False,win,1.3,1.3,32
2025-12-30,7am,retest,long,31.25,540,25712.25,25700.23076923077,25727.875,12.019230769230768,False,loss,-1.0,0.0,25
2025-12-30,7am,failure,short,31.25,503,25743.5,25755.51923076923,25727.875,12.019230769230768,False,win,1.3,1.3,8
2025-12-30,7am,failure,long,31.25,513,25712.25,25700.23076923077,25727.875,12.019230769230768,False,loss,-1.0,-1.0,5
2025-12-31,6am,retest,short,30.25,435,25611.75,25623.384615384617,25596.625,11.634615384615385,False,loss,-1.0,-1.0,5
2025-12-31,6am,retest,long,30.25,621,25581.5,25569.865384615383,25596.625,11.634615384615385,True,win,1.3,0.0,2
2025-12-31,7am,retest,long,33.75,589,25598.25,25585.26923076923,25615.125,12.98076923076923,True,win,1.3,1.3,1
2025-12-31,7am,failure,short,33.75,481,25632.0,25644.98076923077,25615.125,12.98076923076923,False,loss,-1.0,0.0,21
2026-01-02,6am,retest,short,28.75,596,25742.75,25753.80769230769,25728.375,11.057692307692307,True,loss,-1.0,-1.0,0
2026-01-02,7am,failure,short,47.25,571,25727.25,25745.423076923078,25703.625,18.173076923076923,True,win,1.3,1.3,1
2026-01-05,6am,retest,short,33.0,426,25577.0,25589.69230769231,25560.5,12.692307692307692,False,win,1.3,0.0,22
2026-01-05,6am,retest,long,33.0,511,25544.0,25531.30769230769,25560.5,12.692307692307692,False,win,1.3,1.3,4
2026-01-05,7am,retest,long,43.75,511,25544.5,25527.673076923078,25566.375,16.826923076923077,False,win,1.3,0.0,18
2026-01-05,7am,failure,short,43.75,538,25588.25,25605.076923076922,25566.375,16.826923076923077,False,loss,-1.0,0.0,5
2026-01-05,7am,failure,long,43.75,501,25544.5,25527.673076923078,25566.375,16.826923076923077,False,loss,-1.0,-1.0,1
2026-01-06,6am,retest,short,20.0,442,25610.25,25617.94230769231,25600.25,7.692307692307692,False,loss,-1.0,-1.0,8
2026-01-06,7am,retest,short,57.5,575,25649.0,25671.115384615383,25620.25,22.115384615384613,True,loss,-1.0,0.0,1
2026-01-06,7am,failure,short,57.5,484,25649.0,25671.115384615383,25620.25,22.115384615384613,False,win,1.3,1.3,23
2026-01-07,6am,retest,short,36.5,452,25768.5,25782.53846153846,25750.25,14.038461538461538,False,loss,-1.0,0.0,58
2026-01-07,6am,failure,short,36.5,422,25768.5,25782.53846153846,25750.25,14.038461538461538,False,loss,-1.0,0.0,88
2026-01-07,7am,retest,short,29.25,514,25782.25,25793.5,25767.625,11.25,False,win,1.3,1.3,2
2026-01-08,6am,retest,short,47.25,541,25786.0,25804.173076923078,25762.375,18.173076923076923,False,loss,-1.0,-1.0,3
2026-01-08,6am,failure,short,47.25,497,25786.0,25804.173076923078,25762.375,18.173076923076923,False,loss,-1.0,0.0,3
2026-01-08,7am,retest,short,31.5,497,25778.0,25790.115384615383,25762.25,12.115384615384615,False,loss,-1.0,-1.0,1
2026-01-08,7am,retest,long,31.5,573,25746.5,25734.384615384617,25762.25,12.115384615384615,True,loss,-1.0,-1.0,0
2026-01-08,7am,failure,long,31.5,571,25746.5,25734.384615384617,25762.25,12.115384615384615,True,loss,-1.0,-1.0,0
2026-01-09,6am,retest,short,46.0,553,25767.25,25784.94230769231,25744.25,17.692307692307693,False,win,1.3,1.3,5
2026-01-09,6am,retest,long,46.0,455,25721.25,25703.55769230769,25744.25,17.692307692307693,False,win,1.3,1.3,15
2026-01-09,6am,failure,long,46.0,449,25721.25,25703.55769230769,25744.25,17.692307692307693,False,win,1.3,1.3,21
2026-01-09,7am,retest,short,41.75,513,25753.75,25769.80769230769,25732.875,16.057692307692307,False,loss,-1.0,-1.0,1
2026-01-09,7am,retest,long,41.75,566,25712.0,25695.94230769231,25732.875,16.057692307692307,False,loss,-1.0,0.0,4
2026-01-12,6am,retest,short,27.75,429,25733.0,25743.673076923078,25719.125,10.673076923076923,False,loss,-1.0,0.0,25
2026-01-13,6am,retest,short,30.25,425,25900.75,25912.384615384617,25885.625,11.634615384615385,False,loss,-1.0,-1.0,11
2026-01-13,6am,retest,long,30.25,620,25870.5,25858.865384615383,25885.625,11.634615384615385,True,loss,-1.0,0.0,1
2026-01-13,6am,failure,short,30.25,421,25900.75,25912.384615384617,25885.625,11.634615384615385,False,loss,-1.0,0.0,15
2026-01-13,7am,retest,long,30.5,504,25888.25,25876.51923076923,25903.5,11.73076923076923,False,win,1.3,1.3,2
2026-01-13,7am,failure,long,30.5,501,25888.25,25876.51923076923,25903.5,11.73076923076923,False,win,1.3,0.0,5
2026-01-14,6am,retest,short,55.0,485,25769.25,25790.403846153848,25741.75,21.153846153846153,False,loss,-1.0,0.0,17
2026-01-14,6am,retest,long,55.0,424,25714.25,25693.096153846152,25741.75,21.153846153846153,False,win,1.3,1.3,3
2026-01-14,7am,retest,short,83.25,507,25784.5,25816.51923076923,25742.875,32.01923076923077,False,win,1.3,1.3,18
2026-01-14,7am,failure,short,83.25,498,25784.5,25816.51923076923,25742.875,32.01923076923077,False,win,1.3,0.0,27
2026-01-15,6am,retest,short,39.5,486,25855.75,25870.94230769231,25836.0,15.192307692307692,False,loss,-1.0,-1.0,21
2026-01-15,6am,failure,long,39.5,458,25816.25,25801.05769230769,25836.0,15.192307692307692,False,win,1.3,1.3,7
2026-01-15,7am,retest,short,43.0,486,25854.25,25870.78846153846,25832.75,16.538461538461537,False,loss,-1.0,-1.0,21
2026-01-15,7am,failure,short,43.0,484,25854.25,25870.78846153846,25832.75,16.538461538461537,False,loss,-1.0,0.0,23
2026-01-16,6am,retest,long,47.5,446,25825.75,25807.48076923077,25849.5,18.26923076923077,False,win,1.3,1.3,19
2026-01-16,6am,failure,long,47.5,443,25825.75,25807.48076923077,25849.5,18.26923076923077,False,win,1.3,1.3,22
2026-01-16,7am,retest,short,47.25,573,25853.0,25871.173076923078,25829.375,18.173076923076923,True,loss,-1.0,0.0,1
2026-01-16,7am,failure,short,47.25,560,25853.0,25871.173076923078,25829.375,18.173076923076923,False,win,1.3,1.3,5
2026-01-16,7am,failure,long,47.25,501,25805.75,25787.576923076922,25829.375,18.173076923076923,False,win,1.3,1.3,9
2026-01-19,6am,retest,long,53.25,575,25264.5,25244.01923076923,25291.125,20.48076923076923,True,loss,-1.0,-1.0,7
2026-01-19,7am,retest,short,77.5,694,25348.5,25378.30769230769,25309.75,29.807692307692307,True,loss,-1.0,-1.0,11
2026-01-19,7am,failure,long,77.5,573,25271.0,25241.19230769231,25309.75,29.807692307692307,True,loss,-1.0,-1.0,10
2026-01-20,6am,retest,short,55.25,441,25228.0,25249.25,25200.375,21.25,False,loss,-1.0,-1.0,18
2026-01-20,6am,retest,long,55.25,860,25172.75,25151.5,25200.375,21.25,True,loss,-1.0,-1.0,7
2026-01-20,7am,retest,short,92.0,573,25283.75,25319.134615384617,25237.75,35.38461538461539,True,loss,-1.0,0.0,1
2026-01-20,7am,retest,long,92.0,849,25191.75,25156.365384615383,25237.75,35.38461538461539,True,loss,-1.0,-1.0,16
2026-01-20,7am,failure,long,92.0,515,25191.75,25156.365384615383,25237.75,35.38461538461539,False,win,1.3,0.0,26
2026-01-21,6am,retest,short,118.75,573,25159.25,25204.923076923078,25099.875,45.67307692307692,True,loss,-1.0,-1.0,5
2026-01-21,6am,retest,long,118.75,466,25040.5,24994.826923076922,25099.875,45.67307692307692,False,win,1.3,1.3,23
2026-01-21,6am,failure,short,118.75,550,25159.25,25204.923076923078,25099.875,45.67307692307692,False,loss,-1.0,0.0,3
2026-01-21,7am,retest,short,64.75,497,25089.75,25114.653846153848,25057.375,24.903846153846153,False,win,1.3,1.3,16
2026-01-22,6am,retest,short,47.0,547,25714.0,25732.076923076922,25690.5,18.076923076923077,False,loss,-1.0,-1.0,13
2026-01-22,6am,retest,long,47.0,425,25667.0,25648.923076923078,25690.5,18.076923076923077,False,win,1.3,0.0,22
2026-01-22,7am,retest,short,37.25,489,25696.25,25710.576923076922,25677.625,14.326923076923077,False,loss,-1.0,0.0,21
2026-01-23,6am,retest,long,87.0,537,25571.0,25537.53846153846,25614.5,33.46153846153846,False,win,1.3,1.3,33
2026-01-23,6am,failure,short,87.0,599,25658.0,25691.46153846154,25614.5,33.46153846153846,True,loss,-1.0,-1.0,3
2026-01-23,7am,retest,short,48.75,485,25632.75,25651.5,25608.375,18.75,False,win,1.3,1.3,14
2026-01-23,7am,retest,long,48.75,513,25584.0,25565.25,25608.375,18.75,False,loss,-1.0,0.0,20
2026-01-26,6am,retest,short,31.25,517,25673.0,25685.01923076923,25657.375,12.019230769230768,False,loss,-1.0,0.0,9
2026-01-26,7am,retest,long,45.75,524,25668.75,25651.153846153848,25691.625,17.596153846153847,False,win,1.3,1.3,2
2026-01-26,7am,failure,long,45.75,520,25668.75,25651.153846153848,25691.625,17.596153846153847,False,win,1.3,1.3,6
2026-01-27,6am,retest,short,51.25,608,26043.0,26062.71153846154,26017.375,19.71153846153846,True,loss,-1.0,-1.0,1
2026-01-27,6am,failure,long,51.25,451,25991.75,25972.03846153846,26017.375,19.71153846153846,False,win,1.3,1.3,11
2026-01-27,7am,retest,short,42.5,606,26033.5,26049.846153846152,26012.25,16.346153846153847,True,loss,-1.0,0.0,2
2026-01-27,7am,retest,long,42.5,535,25991.0,25974.653846153848,26012.25,16.346153846153847,False,loss,-1.0,0.0,35
2026-01-28,6am,retest,long,39.25,442,26287.5,26272.403846153848,26307.125,15.096153846153845,False,loss,-1.0,-1.0,1
2026-01-28,6am,failure,long,39.25,433,26287.5,26272.403846153848,26307.125,15.096153846153845,False,loss,-1.0,0.0,6
2026-01-28,7am,retest,long,56.0,524,26264.75,26243.21153846154,26292.75,21.538461538461537,False,loss,-1.0,0.0,31
2026-01-29,6am,retest,short,33.5,422,26208.75,26221.634615384617,26192.0,12.884615384615385,False,loss,-1.0,0.0,11
2026-01-29,6am,retest,long,33.5,471,26175.25,26162.365384615383,26192.0,12.884615384615385,False,loss,-1.0,-1.0,3
2026-01-29,7am,retest,long,65.25,500,26156.5,26131.403846153848,26189.125,25.096153846153847,False,win,1.3,1.3,15
2026-01-30,6am,retest,short,120.25,441,25884.0,25930.25,25823.875,46.25,False,win,1.3,1.3,32
2026-01-30,6am,retest,long,120.25,683,25763.75,25717.5,25823.875,46.25,True,win,1.3,1.3,10
2026-01-30,7am,retest,long,83.5,529,25821.75,25789.634615384617,25863.5,32.11538461538461,False,win,1.3,0.0,41
2026-02-02,6am,retest,short,90.25,488,25491.25,25525.96153846154,25446.125,34.71153846153846,False,loss,-1.0,0.0,47
2026-02-02,7am,retest,short,77.25,549,25527.25,25556.96153846154,25488.625,29.71153846153846,False,loss,-1.0,-1.0,21
2026-02-03,6am,retest,short,30.25,437,25965.25,25976.884615384617,25950.125,11.634615384615385,False,loss,-1.0,-1.0,4
2026-02-03,6am,retest,long,30.25,424,25935.0,25923.365384615383,25950.125,11.634615384615385,False,win,1.3,1.3,2
2026-02-03,6am,failure,short,30.25,434,25965.25,25976.884615384617,25950.125,11.634615384615385,False,loss,-1.0,-1.0,7
2026-02-03,7am,retest,short,72.75,496,25996.25,26024.23076923077,25959.875,27.98076923076923,False,win,1.3,0.0,44
2026-02-03,7am,failure,short,72.75,489,25996.25,26024.23076923077,25959.875,27.98076923076923,False,win,1.3,0.0,51
2026-02-03,7am,failure,long,72.75,571,25923.5,25895.51923076923,25959.875,27.98076923076923,True,loss,-1.0,-1.0,0
2026-02-04,6am,retest,long,46.75,453,25436.75,25418.76923076923,25460.125,17.98076923076923,False,loss,-1.0,-1.0,4
2026-02-04,6am,failure,short,46.75,421,25483.5,25501.48076923077,25460.125,17.98076923076923,False,win,1.3,1.3,4
2026-02-04,7am,retest,long,93.75,498,25396.75,25360.69230769231,25443.625,36.05769230769231,False,loss,-1.0,-1.0,30
2026-02-04,7am,failure,long,93.75,481,25396.75,25360.69230769231,25443.625,36.05769230769231,False,loss,-1.0,-1.0,47
2026-02-05,7am,retest,long,349.0,573,24707.5,24573.26923076923,24882.0,134.23076923076923,True,win,1.3,1.3,5
2026-02-05,7am,failure,long,349.0,571,24707.5,24573.26923076923,24882.0,134.23076923076923,True,win,1.3,1.3,7
2026-02-06,6am,retest,short,84.25,582,24873.25,24905.653846153848,24831.125,32.40384615384615,True,loss,-1.0,0.0,2
2026-02-06,6am,retest,long,84.25,459,24789.0,24756.596153846152,24831.125,32.40384615384615,False,win,1.3,0.0,42
2026-02-06,6am,failure,long,84.25,454,24789.0,24756.596153846152,24831.125,32.40384615384615,False,win,1.3,0.0,47
2026-02-06,7am,retest,short,99.5,575,24860.5,24898.76923076923,24810.75,38.26923076923077,True,loss,-1.0,0.0,3
2026-02-06,7am,failure,long,99.5,490,24761.0,24722.73076923077,24810.75,38.26923076923077,False,win,1.3,1.3,9
2026-02-09,6am,retest,short,53.0,439,25071.75,25092.134615384617,25045.25,20.384615384615383,False,loss,-1.0,-1.0,2
2026-02-09,6am,failure,short,53.0,429,25071.75,25092.134615384617,25045.25,20.384615384615383,False,loss,-1.0,-1.0,1
2026-02-09,7am,retest,short,88.75,514,25104.0,25138.134615384617,25059.625,34.13461538461539,False,win,1.3,1.3,38
2026-02-09,7am,retest,long,88.75,573,25015.25,24981.115384615383,25059.625,34.13461538461539,True,win,1.3,1.3,1
2026-02-10,6am,retest,short,39.75,462,25373.75,25389.03846153846,25353.875,15.288461538461538,False,win,1.3,0.0,10
2026-02-10,6am,retest,long,39.75,482,25334.0,25318.71153846154,25353.875,15.288461538461538,False,loss,-1.0,-1.0,4
2026-02-10,7am,retest,long,84.5,484,25337.0,25304.5,25379.25,32.5,False,loss,-1.0,-1.0,5
2026-02-11,6am,retest,short,44.25,452,25250.0,25267.01923076923,25227.875,17.01923076923077,False,win,1.3,0.0,20
2026-02-11,6am,failure,short,44.25,427,25250.0,25267.01923076923,25227.875,17.01923076923077,False,loss,-1.0,0.0,4
2026-02-11,7am,retest,short,70.0,608,25276.0,25302.923076923078,25241.0,26.923076923076923,True,win,1.3,1.3,1
2026-02-12,6am,retest,short,32.25,453,25370.5,25382.903846153848,25354.375,12.403846153846153,False,loss,-1.0,-1.0,8
2026-02-12,6am,retest,long,32.25,509,25338.25,25325.846153846152,25354.375,12.403846153846153,False,win,1.3,1.3,3
2026-02-12,6am,failure,long,32.25,493,25338.25,25325.846153846152,25354.375,12.403846153846153,False,loss,-1.0,-1.0,2
2026-02-12,7am,retest,short,41.0,542,25384.0,25399.76923076923,25363.5,15.769230769230768,False,win,1.3,0.0,13
2026-02-12,7am,retest,long,41.0,492,25343.0,25327.23076923077,25363.5,15.769230769230768,False,loss,-1.0,-1.0,3
2026-02-12,7am,failure,short,41.0,518,25384.0,25399.76923076923,25363.5,15.769230769230768,False,loss,-1.0,-1.0,2
2026-02-12,7am,failure,long,41.0,485,25343.0,25327.23076923077,25363.5,15.769230769230768,False,loss,-1.0,-1.0,10
2026-02-13,6am,retest,short,114.5,513,24738.5,24782.53846153846,24681.25,44.03846153846154,False,loss,-1.0,-1.0,1
2026-02-13,7am,retest,short,78.5,513,24745.75,24775.94230769231,24706.5,30.19230769230769,False,loss,-1.0,-1.0,0
2026-02-13,7am,retest,long,78.5,503,24667.25,24637.05769230769,24706.5,30.19230769230769,False,win,1.3,1.3,3
2026-02-16,6am,failure,short,36.75,448,24879.25,24893.384615384617,24860.875,14.134615384615383,False,win,1.3,1.3,3
2026-02-16,7am,failure,long,32.75,531,24847.75,24835.153846153848,24864.125,12.596153846153845,False,loss,-1.0,-1.0,10
2026-02-17,6am,retest,short,65.75,441,24638.0,24663.28846153846,24605.125,25.288461538461537,False,win,1.3,0.0,10
2026-02-17,7am,retest,short,89.0,534,24666.75,24700.98076923077,24622.25,34.230769230769226,False,win,1.3,1.3,4
2026-02-17,7am,failure,long,89.0,483,24577.75,24543.51923076923,24622.25,34.230769230769226,False,loss,-1.0,-1.0,8
2026-02-18,6am,retest,long,38.25,479,24889.75,24875.03846153846,24908.875,14.711538461538462,False,loss,-1.0,0.0,5
2026-02-18,7am,retest,short,118.5,873,24962.5,25008.076923076922,24903.25,45.57692307692307,True,win,1.3,1.3,20
2026-02-18,7am,retest,long,118.5,525,24844.0,24798.423076923078,24903.25,45.57692307692307,False,loss,-1.0,-1.0,45
2026-02-19,6am,retest,short,49.5,448,24885.75,24904.78846153846,24861.0,19.038461538461537,False,win,1.3,0.0,33
2026-02-19,6am,retest,long,49.5,424,24836.25,24817.21153846154,24861.0,19.038461538461537,False,win,1.3,1.3,3
2026-02-19,7am,failure,long,82.0,507,24815.0,24783.46153846154,24856.0,31.538461538461537,False,win,1.3,0.0,9
2026-02-20,6am,retest,short,91.25,590,24902.5,24937.596153846152,24856.875,35.09615384615385,True,win,1.3,1.3,1
2026-02-20,6am,retest,long,91.25,449,24811.25,24776.153846153848,24856.875,35.09615384615385,False,win,1.3,1.3,60
2026-02-20,6am,failure,long,91.25,439,24811.25,24776.153846153848,24856.875,35.09615384615385,False,win,1.3,1.3,70
2026-02-20,7am,retest,short,58.5,508,24849.5,24872.0,24820.25,22.5,False,win,1.3,1.3,2
2026-02-23,6am,retest,short,80.0,572,24987.25,25018.01923076923,24947.25,30.769230769230766,True,loss,-1.0,-1.0,0
2026-02-23,6am,retest,long,80.0,448,24907.25,24876.48076923077,24947.25,30.769230769230766,False,win,1.3,1.3,76
2026-02-23,6am,failure,long,80.0,438,24907.25,24876.48076923077,24947.25,30.769230769230766,False,win,1.3,1.3,86
2026-02-23,7am,retest,short,59.75,529,24943.5,24966.48076923077,24913.625,22.98076923076923,False,loss,-1.0,0.0,37
2026-02-23,7am,failure,short,59.75,521,24943.5,24966.48076923077,24913.625,22.98076923076923,False,loss,-1.0,0.0,45
2026-02-24,6am,retest,short,44.5,440,24853.25,24870.365384615383,24831.0,17.115384615384613,False,win,1.3,0.0,14
2026-02-24,6am,retest,long,44.5,463,24808.75,24791.634615384617,24831.0,17.115384615384613,False,win,1.3,1.3,18
2026-02-24,6am,failure,short,44.5,421,24853.25,24870.365384615383,24831.0,17.115384615384613,False,loss,-1.0,0.0,1
2026-02-24,7am,retest,long,107.0,579,24795.25,24754.096153846152,24848.75,41.15384615384615,True,win,1.3,1.3,2
2026-02-24,7am,failure,long,107.0,571,24795.25,24754.096153846152,24848.75,41.15384615384615,True,loss,-1.0,-1.0,0
2026-02-25,6am,retest,short,60.0,439,25128.5,25151.576923076922,25098.5,23.076923076923077,False,loss,-1.0,-1.0,55
2026-02-25,7am,retest,short,45.0,544,25150.0,25167.30769230769,25127.5,17.307692307692307,False,loss,-1.0,-1.0,5
2026-02-26,6am,retest,short,24.75,435,25370.0,25379.51923076923,25357.625,9.519230769230768,False,loss,-1.0,0.0,3
2026-02-26,6am,failure,long,24.75,569,25345.25,25335.73076923077,25357.625,9.519230769230768,False,loss,-1.0,0.0,1
2026-02-26,7am,retest,short,30.5,522,25390.75,25402.48076923077,25375.5,11.73076923076923,False,loss,-1.0,-1.0,4
2026-02-26,7am,failure,short,30.5,501,25390.75,25402.48076923077,25375.5,11.73076923076923,False,loss,-1.0,-1.0,12
2026-02-26,7am,failure,long,30.5,567,25360.25,25348.51923076923,25375.5,11.73076923076923,False,loss,-1.0,-1.0,0
2026-02-27,6am,retest,long,84.0,425,24928.75,24896.44230769231,24970.75,32.30769230769231,False,win,1.3,1.3,7
2026-02-27,7am,retest,short,96.0,649,24994.0,25030.923076923078,24946.0,36.92307692307692,True,win,1.3,1.3,2
2026-02-27,7am,retest,long,96.0,503,24898.0,24861.076923076922,24946.0,36.92307692307692,False,loss,-1.0,-1.0,7
2026-03-02,6am,retest,long,94.0,441,24635.0,24598.846153846152,24682.0,36.15384615384615,False,win,1.3,0.0,60
2026-03-02,6am,failure,short,94.0,506,24729.0,24765.153846153848,24682.0,36.15384615384615,False,win,1.3,1.3,7
2026-03-02,7am,retest,short,95.75,504,24705.5,24742.326923076922,24657.625,36.82692307692307,False,win,1.3,1.3,20
2026-03-02,7am,retest,long,95.75,542,24609.75,24572.923076923078,24657.625,36.82692307692307,False,win,1.3,0.0,28
2026-03-03,6am,retest,short,144.25,521,24514.25,24569.73076923077,24442.125,55.480769230769226,False,loss,-1.0,0.0,49
2026-03-03,6am,retest,long,144.25,628,24370.0,24314.51923076923,24442.125,55.480769230769226,True,win,1.3,1.3,8
2026-03-03,6am,failure,short,144.25,424,24514.25,24569.73076923077,24442.125,55.480769230769226,False,loss,-1.0,-1.0,8
2026-03-03,6am,failure,long,144.25,626,24370.0,24314.51923076923,24442.125,55.480769230769226,True,win,1.3,1.3,10
2026-03-03,7am,retest,short,128.25,572,24606.75,24656.076923076922,24542.625,49.32692307692307,True,win,1.3,1.3,2
2026-03-03,7am,retest,long,128.25,529,24478.5,24429.173076923078,24542.625,49.32692307692307,False,win,1.3,1.3,35
2026-03-03,7am,failure,long,128.25,516,24478.5,24429.173076923078,24542.625,49.32692307692307,False,win,1.3,0.0,48
2026-03-04,6am,retest,short,93.75,498,24895.0,24931.05769230769,24848.125,36.05769230769231,False,win,1.3,0.0,71
2026-03-05,6am,retest,short,68.5,610,25153.75,25180.096153846152,25119.5,26.346153846153847,True,loss,-1.0,0.0,4
2026-03-05,6am,retest,long,68.5,433,25085.25,25058.903846153848,25119.5,26.346153846153847,False,win,1.3,1.3,7
2026-03-05,6am,failure,long,68.5,422,25085.25,25058.903846153848,25119.5,26.346153846153847,False,win,1.3,0.0,18
2026-03-05,7am,retest,short,121.0,607,25157.75,25204.28846153846,25097.25,46.53846153846154,True,win,1.3,0.0,13
2026-03-05,7am,retest,long,121.0,488,25036.75,24990.21153846154,25097.25,46.53846153846154,False,loss,-1.0,0.0,50
2026-03-06,6am,retest,long,127.75,453,24835.0,24785.865384615383,24898.875,49.13461538461538,False,loss,-1.0,0.0,57
2026-03-06,7am,retest,long,79.25,512,24805.5,24775.01923076923,24845.125,30.48076923076923,False,loss,-1.0,-1.0,0
2026-03-09,6am,retest,long,94.25,595,24340.0,24303.75,24387.125,36.25,True,win,1.3,1.3,1
2026-03-09,6am,failure,long,94.25,592,24340.0,24303.75,24387.125,36.25,True,win,1.3,0.0,4
2026-03-09,7am,retest,short,75.5,494,24423.5,24452.53846153846,24385.75,29.038461538461537,False,loss,-1.0,-1.0,6
2026-03-09,7am,retest,long,75.5,592,24348.0,24318.96153846154,24385.75,29.038461538461537,True,loss,-1.0,0.0,3
2026-03-09,7am,failure,short,75.5,485,24423.5,24452.53846153846,24385.75,29.038461538461537,False,loss,-1.0,0.0,15
2026-03-10,6am,retest,long,75.5,444,25020.25,24991.21153846154,25058.0,29.038461538461537,False,loss,-1.0,-1.0,17
2026-03-10,6am,failure,long,75.5,434,25020.25,24991.21153846154,25058.0,29.038461538461537,False,loss,-1.0,-1.0,27
2026-03-10,7am,retest,short,150.25,730,25109.0,25166.78846153846,25033.875,57.78846153846153,True,loss,-1.0,-1.0,42
2026-03-10,7am,retest,long,150.25,547,24958.75,24900.96153846154,25033.875,57.78846153846153,False,win,1.3,1.3,23
2026-03-10,7am,failure,short,150.25,645,25109.0,25166.78846153846,25033.875,57.78846153846153,True,loss,-1.0,-1.0,16
2026-03-11,6am,retest,short,129.25,428,25025.0,25074.71153846154,24960.375,49.71153846153846,False,win,1.3,1.3,35
2026-03-11,6am,failure,short,129.25,421,25025.0,25074.71153846154,24960.375,49.71153846153846,False,win,1.3,1.3,42
2026-03-11,7am,retest,short,115.25,592,25043.5,25087.826923076922,24985.875,44.32692307692307,True,loss,-1.0,-1.0,6
2026-03-11,7am,retest,long,115.25,525,24928.25,24883.923076923078,24985.875,44.32692307692307,False,win,1.3,1.3,17
2026-03-12,6am,retest,long,51.75,442,24875.25,24855.346153846152,24901.125,19.903846153846153,False,loss,-1.0,-1.0,5
2026-03-12,6am,failure,long,51.75,422,24875.25,24855.346153846152,24901.125,19.903846153846153,False,loss,-1.0,-1.0,25
2026-03-13,6am,retest,short,97.75,429,24623.0,24660.596153846152,24574.125,37.59615384615385,False,loss,-1.0,-1.0,44
2026-03-13,6am,retest,long,97.75,671,24525.25,24487.653846153848,24574.125,37.59615384615385,True,loss,-1.0,0.0,13
2026-03-13,7am,failure,short,63.25,481,24665.25,24689.576923076922,24633.625,24.326923076923077,False,win,1.3,1.3,19
2026-03-16,7am,retest,short,60.0,487,24849.5,24872.576923076922,24819.5,23.076923076923077,False,loss,-1.0,-1.0,5
2026-03-16,7am,failure,short,60.0,482,24849.5,24872.576923076922,24819.5,23.076923076923077,False,loss,-1.0,-1.0,10
2026-03-17,6am,retest,short,50.25,427,24843.75,24863.076923076922,24818.625,19.326923076923077,False,win,1.3,1.3,7
2026-03-17,6am,failure,short,50.25,423,24843.75,24863.076923076922,24818.625,19.326923076923077,False,win,1.3,1.3,11
2026-03-17,7am,failure,short,47.75,488,24860.25,24878.615384615383,24836.375,18.365384615384613,False,loss,-1.0,-1.0,1
2026-03-18,6am,retest,long,39.75,445,25158.5,25143.21153846154,25178.375,15.288461538461538,False,loss,-1.0,-1.0,1
2026-03-18,7am,failure,long,79.75,483,25097.5,25066.826923076922,25137.375,30.673076923076923,False,loss,-1.0,-1.0,3
2026-03-19,6am,retest,short,55.75,922,24627.75,24649.19230769231,24599.875,21.44230769230769,True,win,1.3,1.3,3
2026-03-19,6am,retest,long,55.75,428,24572.0,24550.55769230769,24599.875,21.44230769230769,False,win,1.3,1.3,5
2026-03-19,7am,retest,short,104.5,934,24613.5,24653.69230769231,24561.25,40.19230769230769,True,win,1.3,1.3,1
2026-03-19,7am,retest,long,104.5,487,24509.0,24468.80769230769,24561.25,40.19230769230769,False,loss,-1.0,0.0,19
2026-03-19,7am,failure,long,104.5,482,24509.0,24468.80769230769,24561.25,40.19230769230769,False,loss,-1.0,0.0,24
2026-03-20,6am,retest,short,121.25,460,24440.25,24486.884615384617,24379.625,46.63461538461538,False,loss,-1.0,-1.0,29
2026-03-20,6am,retest,long,121.25,684,24319.0,24272.365384615383,24379.625,46.63461538461538,True,loss,-1.0,-1.0,1
2026-03-20,7am,retest,short,71.0,500,24468.5,24495.80769230769,24433.0,27.307692307692307,False,loss,-1.0,-1.0,9
2026-03-20,7am,retest,long,71.0,575,24397.5,24370.19230769231,24433.0,27.307692307692307,True,win,1.3,0.0,6
2026-03-20,7am,failure,long,71.0,573,24397.5,24370.19230769231,24433.0,27.307692307692307,True,win,1.3,0.0,8
2026-03-24,6am,retest,long,64.5,463,24369.5,24344.69230769231,24401.75,24.807692307692307,False,win,1.3,1.3,4
2026-03-24,6am,failure,long,64.5,451,24369.5,24344.69230769231,24401.75,24.807692307692307,False,win,1.3,0.0,16
2026-03-24,7am,retest,long,126.75,515,24297.5,24248.75,24360.875,48.75,False,loss,-1.0,-1.0,32
2026-03-25,6am,retest,short,60.75,449,24487.5,24510.865384615383,24457.125,23.365384615384613,False,loss,-1.0,-1.0,8
2026-03-25,6am,retest,long,60.75,510,24426.75,24403.384615384617,24457.125,23.365384615384613,False,loss,-1.0,-1.0,0
2026-03-25,7am,retest,short,81.75,494,24522.0,24553.44230769231,24481.125,31.44230769230769,False,win,1.3,1.3,2
2026-03-25,7am,retest,long,81.75,500,24440.25,24408.80769230769,24481.125,31.44230769230769,False,loss,-1.0,0.0,3
2026-03-26,6am,retest,long,70.0,451,24132.25,24105.326923076922,24167.25,26.923076923076923,False,loss,-1.0,0.0,27
2026-03-26,6am,failure,short,70.0,592,24202.25,24229.173076923078,24167.25,26.923076923076923,True,loss,-1.0,0.0,2
2026-03-26,7am,retest,short,89.75,598,24188.5,24223.01923076923,24143.625,34.51923076923077,True,win,1.3,0.0,1
2026-03-27,6am,retest,long,136.25,423,23633.0,23580.596153846152,23701.125,52.40384615384615,False,loss,-1.0,0.0,127
2026-03-27,6am,failure,long,136.25,421,23633.0,23580.596153846152,23701.125,52.40384615384615,False,loss,-1.0,0.0,129
2026-03-27,7am,retest,long,81.75,536,23608.25,23576.80769230769,23649.125,31.44230769230769,False,loss,-1.0,-1.0,14
2026-03-30,6am,retest,short,43.75,579,23417.0,23433.826923076922,23395.125,16.826923076923077,True,win,1.3,1.3,1
2026-03-30,6am,retest,long,43.75,589,23373.25,23356.423076923078,23395.125,16.826923076923077,True,loss,-1.0,-1.0,0
2026-03-30,7am,retest,long,167.75,664,23406.25,23341.73076923077,23490.125,64.51923076923077,True,loss,-1.0,-1.0,4
2026-03-31,6am,retest,short,94.0,452,23332.5,23368.653846153848,23285.5,36.15384615384615,False,loss,-1.0,-1.0,11
2026-03-31,6am,failure,short,94.0,432,23332.5,23368.653846153848,23285.5,36.15384615384615,False,loss,-1.0,0.0,4
2026-04-01,6am,retest,short,89.25,508,24140.0,24174.326923076922,24095.375,34.32692307692307,False,loss,-1.0,0.0,16
2026-04-01,6am,retest,long,89.25,550,24050.75,24016.423076923078,24095.375,34.32692307692307,False,win,1.3,1.3,17
2026-04-01,6am,failure,short,89.25,423,24140.0,24174.326923076922,24095.375,34.32692307692307,False,loss,-1.0,-1.0,33
2026-04-01,6am,failure,long,89.25,540,24050.75,24016.423076923078,24095.375,34.32692307692307,False,win,1.3,1.3,27
2026-04-01,7am,retest,long,81.5,521,24123.5,24092.153846153848,24164.25,31.346153846153847,False,win,1.3,1.3,3
2026-04-02,6am,failure,short,65.75,594,23840.75,23866.03846153846,23807.875,25.288461538461537,True,loss,-1.0,-1.0,3
2026-04-02,6am,failure,long,65.75,428,23775.0,23749.71153846154,23807.875,25.288461538461537,False,loss,-1.0,-1.0,7
2026-04-02,7am,retest,long,140.0,489,23682.0,23628.153846153848,23752.0,53.84615384615385,False,win,1.3,1.3,37
2026-04-02,7am,failure,long,140.0,481,23682.0,23628.153846153848,23752.0,53.84615384615385,False,win,1.3,1.3,45
2026-04-03,6am,retest,short,19.0,443,24145.0,24152.30769230769,24135.5,7.3076923076923075,False,loss,-1.0,0.0,6
2026-04-03,6am,retest,long,19.0,435,24126.0,24118.69230769231,24135.5,7.3076923076923075,False,win,1.3,1.3,1
2026-04-03,6am,failure,long,19.0,427,24126.0,24118.69230769231,24135.5,7.3076923076923075,False,loss,-1.0,-1.0,0
2026-04-03,7am,retest,short,45.25,492,24159.5,24176.903846153848,24136.875,17.403846153846153,False,win,1.3,1.3,4
2026-04-03,7am,retest,long,45.25,540,24114.25,24096.846153846152,24136.875,17.403846153846153,False,win,1.3,0.0,6
2026-04-06,6am,retest,short,96.5,575,24359.0,24396.115384615383,24310.75,37.11538461538461,True,win,1.3,1.3,1
2026-04-06,6am,retest,long,96.5,578,24262.5,24225.384615384617,24310.75,37.11538461538461,True,win,1.3,1.3,3
2026-04-06,7am,retest,short,34.5,521,24316.5,24329.76923076923,24299.25,13.269230769230768,False,loss,-1.0,-1.0,4
2026-04-06,7am,failure,short,34.5,513,24316.5,24329.76923076923,24299.25,13.269230769230768,False,loss,-1.0,0.0,12
2026-04-07,6am,retest,long,215.0,528,24185.25,24102.55769230769,24292.75,82.6923076923077,False,win,1.3,1.3,42
2026-04-07,6am,failure,long,215.0,457,24185.25,24102.55769230769,24292.75,82.6923076923077,False,win,1.3,0.0,113
2026-04-07,7am,retest,long,79.75,490,24178.25,24147.576923076922,24218.125,30.673076923076923,False,loss,-1.0,-1.0,6
2026-04-08,6am,retest,short,46.25,491,25231.75,25249.53846153846,25208.625,17.788461538461537,False,win,1.3,1.3,8
2026-04-08,6am,retest,long,46.25,427,25185.5,25167.71153846154,25208.625,17.788461538461537,False,win,1.3,1.3,6
2026-04-08,6am,failure,short,46.25,449,25231.75,25249.53846153846,25208.625,17.788461538461537,False,win,1.3,0.0,8
2026-04-08,7am,retest,short,54.75,490,25235.0,25256.05769230769,25207.625,21.057692307692307,False,win,1.3,1.3,9
2026-04-08,7am,retest,long,54.75,507,25180.25,25159.19230769231,25207.625,21.057692307692307,False,win,1.3,0.0,20
2026-04-09,6am,retest,short,46.0,464,25027.0,25044.69230769231,25004.0,17.692307692307693,False,loss,-1.0,-1.0,24
2026-04-09,6am,retest,long,46.0,445,24981.0,24963.30769230769,25004.0,17.692307692307693,False,win,1.3,1.3,14
2026-04-09,6am,failure,long,46.0,423,24981.0,24963.30769230769,25004.0,17.692307692307693,False,win,1.3,0.0,36
2026-04-09,7am,retest,short,62.25,485,25039.0,25062.94230769231,25007.875,23.94230769230769,False,loss,-1.0,0.0,36
2026-04-09,7am,retest,long,62.25,630,24976.75,24952.80769230769,25007.875,23.94230769230769,True,win,1.3,1.3,15
2026-04-09,7am,failure,short,62.25,482,25039.0,25062.94230769231,25007.875,23.94230769230769,False,loss,-1.0,0.0,39
2026-04-10,6am,retest,short,43.25,427,25283.75,25300.384615384617,25262.125,16.634615384615383,False,loss,-1.0,0.0,24
2026-04-10,6am,retest,long,43.25,767,25240.5,25223.865384615383,25262.125,16.634615384615383,True,win,1.3,1.3,3
2026-04-10,7am,retest,short,40.5,514,25302.25,25317.826923076922,25282.0,15.576923076923077,False,loss,-1.0,0.0,11
2026-04-10,7am,retest,long,40.5,720,25261.75,25246.173076923078,25282.0,15.576923076923077,True,win,1.3,1.3,11
2026-04-13,6am,retest,short,54.75,430,25164.25,25185.30769230769,25136.875,21.057692307692307,False,win,1.3,1.3,14
2026-04-13,6am,retest,long,54.75,461,25109.5,25088.44230769231,25136.875,21.057692307692307,False,loss,-1.0,0.0,15
2026-04-13,7am,retest,short,110.25,577,25194.75,25237.153846153848,25139.625,42.40384615384615,True,loss,-1.0,0.0,12
2026-04-13,7am,retest,long,110.25,483,25084.5,25042.096153846152,25139.625,42.40384615384615,False,win,1.3,1.3,31
2026-04-14,6am,retest,short,32.75,453,25655.5,25668.096153846152,25639.125,12.596153846153845,False,loss,-1.0,-1.0,24
2026-04-14,7am,failure,short,78.0,510,25698.0,25728.0,25659.0,30.0,False,win,1.3,1.3,56
2026-04-15,6am,retest,short,64.75,471,25998.5,26023.403846153848,25966.125,24.903846153846153,False,win,1.3,0.0,21
2026-04-15,6am,failure,short,64.75,435,25998.5,26023.403846153848,25966.125,24.903846153846153,False,loss,-1.0,0.0,31
2026-04-15,7am,retest,short,75.5,582,26048.0,26077.03846153846,26010.25,29.038461538461537,True,win,1.3,1.3,2
2026-04-15,7am,retest,long,75.5,499,25972.5,25943.46153846154,26010.25,29.038461538461537,False,win,1.3,1.3,66
2026-04-15,7am,failure,short,75.5,579,26048.0,26077.03846153846,26010.25,29.038461538461537,True,win,1.3,1.3,5
2026-04-15,7am,failure,long,75.5,486,25972.5,25943.46153846154,26010.25,29.038461538461537,False,win,1.3,1.3,79
2026-04-16,6am,retest,short,101.25,674,26465.75,26504.69230769231,26415.125,38.94230769230769,True,loss,-1.0,-1.0,14
2026-04-16,6am,retest,long,101.25,579,26364.5,26325.55769230769,26415.125,38.94230769230769,True,loss,-1.0,0.0,13
2026-04-16,6am,failure,short,101.25,670,26465.75,26504.69230769231,26415.125,38.94230769230769,True,loss,-1.0,-1.0,18
2026-04-16,7am,retest,short,42.25,484,26425.25,26441.5,26404.125,16.25,False,win,1.3,1.3,3
2026-04-16,7am,retest,long,42.25,573,26383.0,26366.75,26404.125,16.25,True,loss,-1.0,0.0,3
2026-04-17,6am,retest,short,41.5,461,26547.0,26562.96153846154,26526.25,15.961538461538462,False,loss,-1.0,-1.0,9
2026-04-17,6am,failure,short,41.5,446,26547.0,26562.96153846154,26526.25,15.961538461538462,False,loss,-1.0,0.0,24
2026-04-17,7am,failure,short,46.5,481,26568.25,26586.134615384617,26545.0,17.884615384615383,False,loss,-1.0,-1.0,3
2026-04-20,6am,retest,short,41.0,589,26732.5,26748.26923076923,26712.0,15.769230769230768,True,loss,-1.0,0.0,2
2026-04-20,6am,retest,long,41.0,432,26691.5,26675.73076923077,26712.0,15.769230769230768,False,win,1.3,0.0,33
2026-04-20,7am,retest,short,42.75,512,26723.5,26739.94230769231,26702.125,16.442307692307693,False,loss,-1.0,0.0,11
2026-04-20,7am,retest,long,42.75,690,26680.75,26664.30769230769,26702.125,16.442307692307693,True,loss,-1.0,0.0,4
2026-04-21,7am,retest,long,61.75,498,26840.0,26816.25,26870.875,23.75,False,win,1.3,1.3,14
2026-04-22,6am,retest,short,43.75,516,26849.75,26866.576923076922,26827.875,16.826923076923077,False,win,1.3,0.0,12
2026-04-22,7am,retest,short,33.5,523,26839.5,26852.384615384617,26822.75,12.884615384615385,False,win,1.3,1.3,6
2026-04-23,6am,retest,short,68.75,423,26985.0,27011.44230769231,26950.625,26.44230769230769,False,win,1.3,1.3,30
2026-04-23,6am,retest,long,68.75,807,26916.25,26889.80769230769,26950.625,26.44230769230769,True,loss,-1.0,-1.0,1
2026-04-23,6am,failure,short,68.75,421,26985.0,27011.44230769231,26950.625,26.44230769230769,False,win,1.3,1.3,32
2026-04-23,7am,retest,short,106.75,497,27048.5,27089.55769230769,26995.125,41.05769230769231,False,win,1.3,0.0,28
2026-04-23,7am,retest,long,106.75,795,26941.75,26900.69230769231,26995.125,41.05769230769231,True,loss,-1.0,-1.0,1
2026-04-23,7am,failure,short,106.75,482,27048.5,27089.55769230769,26995.125,41.05769230769231,False,win,1.3,0.0,43
2026-04-23,7am,failure,long,106.75,791,26941.75,26900.69230769231,26995.125,41.05769230769231,True,loss,-1.0,-1.0,5
2026-04-24,6am,retest,short,84.75,571,27192.75,27225.346153846152,27150.375,32.59615384615385,True,loss,-1.0,-1.0,2
2026-04-24,7am,retest,short,193.25,706,27363.75,27438.076923076922,27267.125,74.32692307692308,True,loss,-1.0,-1.0,128
2026-04-24,7am,retest,long,193.25,598,27170.5,27096.173076923078,27267.125,74.32692307692308,True,win,1.3,0.0,15
2026-04-24,7am,failure,long,193.25,595,27170.5,27096.173076923078,27267.125,74.32692307692308,True,win,1.3,0.0,18
2026-04-27,6am,retest,short,43.25,437,27483.25,27499.884615384617,27461.625,16.634615384615383,False,loss,-1.0,-1.0,15
2026-04-27,6am,retest,long,43.25,949,27440.0,27423.365384615383,27461.625,16.634615384615383,True,eod,0.3005780346820506,0.0,10
2026-04-27,6am,failure,long,43.25,504,27440.0,27423.365384615383,27461.625,16.634615384615383,False,loss,-1.0,-1.0,1
