date,dow,ib_open,ib_high,ib_low,ib_range,gap_points,pattern,first_touch,eod_close_loc,day_max_ext_up,day_max_ext_down,ib_range_pctile,prev_close,gap_pct,gap_dir
2021-04-01,3,13253.0,13319.25,13241.75,77.5,,none,high,0.9354838709677419,0.02903225806451613,0.0,,,,flat
2021-04-05,0,13419.0,13517.5,13409.25,108.25,104.75,up_only,high,1.5935334872979214,0.9006928406466512,0.0,,13314.25,0.007867510374223107,gap_up
2021-04-06,1,13567.75,13612.75,13538.75,74.0,-14.0,up_only,high,0.44256756756756754,0.5709459459459459,0.0,,13581.75,-0.001030795000644247,gap_down
2021-04-07,2,13552.5,13617.0,13512.5,104.5,-19.0,up_only,high,0.8827751196172249,0.22966507177033493,0.0,,13571.5,-0.0013999926316177282,gap_down
2021-04-08,3,13726.5,13755.0,13691.5,63.5,121.75,none,none,0.9173228346456693,0.0,0.0,,13604.75,0.008949080284459471,gap_up
2021-04-09,4,13689.5,13747.0,13658.25,88.75,-60.25,up_only,high,1.9267605633802818,1.0450704225352112,0.0,,13749.75,-0.004381897852688231,gap_down
2021-04-12,0,13784.5,13809.5,13742.5,67.0,-44.75,both_down_first,low,1.037313432835821,0.2873134328358209,0.15671641791044777,,13829.25,-0.003235894932841622,gap_down
2021-04-13,1,13877.25,13948.75,13866.75,82.0,65.25,up_only,high,1.326219512195122,0.551829268292683,0.0,,13812.0,0.004724152910512598,gap_up
2021-04-14,2,13983.0,13988.5,13916.25,72.25,7.5,down_only,low,-1.491349480968858,0.0,1.986159169550173,,13975.5,0.0005366534292154127,flat
2021-04-15,3,13929.0,13989.25,13923.0,66.25,120.5,up_only,high,1.4037735849056603,0.6792452830188679,0.0,,13808.5,0.008726509034290474,gap_up
2021-04-16,4,14038.75,14038.75,13953.75,85.0,22.75,up_only,high,0.9117647058823529,0.026470588235294117,0.0,,14016.0,0.0016231449771689497,gap_up
2021-04-19,0,13964.75,14013.25,13890.5,122.75,-66.5,down_only,low,0.109979633401222,0.0,0.5661914460285132,,14031.25,-0.004739420935412027,gap_down
2021-04-20,1,13874.0,13929.75,13852.0,77.75,-30.0,down_only,low,-0.6752411575562701,0.0,1.707395498392283,,13904.0,-0.00215765247410817,gap_down
2021-04-21,2,13747.0,13821.5,13700.5,121.0,-52.5,up_only,high,1.8037190082644627,0.8677685950413223,0.0,,13799.5,-0.0038044856697706437,gap_down
2021-04-22,3,13901.0,13919.5,13855.5,64.0,-17.75,both_up_first,high,-1.640625,0.39453125,2.40234375,,13918.75,-0.001275258194881006,gap_down
2021-04-23,4,13776.5,13853.0,13776.0,77.0,26.0,up_only,high,1.9350649350649352,1.6623376623376624,0.0,,13750.5,0.0018908403330787972,gap_up
2021-04-26,0,13933.75,13966.75,13902.25,64.5,8.75,up_only,high,1.7325581395348837,0.9224806201550387,0.0,,13925.0,0.0006283662477558348,flat
2021-04-27,1,14025.0,14034.75,13918.0,116.75,11.0,none,low,0.28693790149892934,0.0,0.047109207708779445,,14014.0,0.0007849293563579278,flat
2021-04-28,2,13939.75,13981.0,13885.5,95.5,-11.75,down_only,low,0.10732984293193717,0.013089005235602094,0.07853403141361257,,13951.5,-0.0008422033473103251,flat
2021-04-29,3,14042.0,14060.75,13921.5,139.25,146.25,down_only,low,0.24057450628366248,0.0,0.7396768402154399,1.0,13895.75,0.010524800748430275,gap_up
2021-04-30,4,13853.0,13946.25,13840.5,105.75,-102.0,both_up_first,high,0.1938534278959811,0.09929078014184398,0.14657210401891252,0.7619047619047619,13955.0,-0.007309208169115012,gap_down
2021-05-03,0,13915.0,13947.5,13851.0,96.5,54.0,down_only,low,-0.6269430051813472,0.0,0.8186528497409327,0.6818181818181818,13861.0,0.0038958228122069113,gap_up
2021-05-04,1,13683.25,13696.5,13493.0,203.5,-107.25,down_only,low,0.24692874692874692,0.0,0.5515970515970516,1.0,13790.5,-0.007777092926289838,gap_down
2021-05-05,2,13629.25,13665.5,13529.25,136.25,86.0,down_only,low,-0.25871559633027524,0.0,0.48807339449541287,0.9166666666666666,13543.25,0.006350026766101195,gap_up
2021-05-06,3,13484.75,13509.0,13388.75,120.25,-9.25,up_only,high,1.7276507276507276,0.7879417879417879,0.0,0.8,13494.0,-0.0006854898473395583,flat
2021-05-07,4,13714.5,13810.5,13661.5,149.0,118.0,none,none,0.30201342281879195,0.0,0.0,0.9615384615384616,13596.5,0.008678704078255434,gap_up
2021-05-10,0,13649.75,13657.75,13502.25,155.5,-56.75,down_only,low,-0.9389067524115756,0.0,0.9630225080385852,0.9629629629629629,13706.5,-0.004140371356655601,gap_down
2021-05-11,1,13113.25,13279.0,13084.75,194.25,-243.0,up_only,high,1.3346203346203347,0.4980694980694981,0.0,0.9642857142857143,13356.25,-0.018193729527374823,gap_down
2021-05-12,2,13132.75,13231.5,13102.25,129.25,-211.25,down_only,low,-0.8027079303675049,0.0,1.1025145067698259,0.7931034482758621,13344.0,-0.015831085131894483,gap_down
2021-05-13,3,13121.0,13213.75,13086.75,127.0,122.5,both_up_first,high,0.08464566929133858,0.07874015748031496,0.7047244094488189,0.7666666666666667,12998.5,0.009424164326653075,gap_up
2021-05-14,4,13232.0,13309.0,13208.75,100.25,134.5,up_only,high,1.7531172069825436,1.1695760598503742,0.0,0.5161290322580645,13097.5,0.010269135331170071,gap_up
2021-05-17,0,13313.5,13343.0,13237.5,105.5,-71.0,down_only,low,0.6469194312796208,0.0,0.518957345971564,0.5625,13384.5,-0.005304643430834174,gap_down
2021-05-18,1,13345.0,13382.5,13300.0,82.5,39.25,both_up_first,high,-1.0515151515151515,0.1696969696969697,1.1666666666666667,0.36363636363636365,13305.75,0.0029498525073746312,gap_up
2021-05-19,2,12984.5,13098.75,12969.5,129.25,-228.75,up_only,high,2.019342359767892,1.11605415860735,0.0,0.8088235294117647,13213.25,-0.01731216771044217,gap_down
2021-05-20,3,13292.0,13422.0,13281.25,140.75,61.5,up_only,high,1.458259325044405,0.7158081705150977,0.0,0.8857142857142857,13230.5,0.00464835040247912,gap_up
2021-05-21,4,13551.75,13570.0,13476.0,94.0,65.25,down_only,low,-0.7127659574468085,0.0,0.8537234042553191,0.4166666666666667,13486.5,0.004838171504838172,gap_up
2021-05-24,0,13509.0,13638.25,13493.5,144.75,100.0,up_only,high,0.9948186528497409,0.3298791018998273,0.0,0.8918918918918919,13409.0,0.007457677679170706,gap_up
2021-05-25,1,13701.25,13732.5,13644.5,88.0,63.75,down_only,low,0.13352272727272727,0.0,0.4289772727272727,0.3684210526315789,13637.5,0.004674610449129239,gap_up
2021-05-26,2,13685.75,13708.75,13656.0,52.75,29.5,up_only,high,0.8672985781990521,0.3033175355450237,0.0,0.02564102564102564,13656.25,0.002160183066361556,gap_up
2021-05-27,3,13685.25,13702.25,13644.0,58.25,-16.5,up_only,high,0.14163090128755365,0.31759656652360513,0.0,0.05,13701.75,-0.0012042257375882643,gap_down
2021-05-28,4,13703.5,13739.75,13694.5,45.25,51.25,both_up_first,high,-0.08839779005524862,0.5248618784530387,0.27624309392265195,0.024390243902439025,13652.25,0.0037539599699683204,gap_up
2021-06-01,1,13752.25,13773.0,13628.75,144.25,61.75,down_only,low,0.15424610051993068,0.0,0.2530329289428076,0.8809523809523809,13690.5,0.004510426938387933,gap_up
2021-06-02,2,13667.0,13708.5,13651.75,56.75,16.0,down_only,high,0.3964757709251101,0.07488986784140969,0.8546255506607929,0.06976744186046512,13651.0,0.0011720753058384,gap_up
2021-06-03,3,13555.5,13569.75,13462.25,107.5,-118.75,up_only,high,0.6139534883720931,0.3697674418604651,0.0,0.6136363636363636,13674.25,-0.008684205715121487,gap_down
2021-06-04,4,13610.0,13750.75,13605.5,145.25,81.75,up_only,high,1.108433734939759,0.22719449225473323,0.0,0.9111111111111111,13528.25,0.006042910206419899,gap_up
2021-06-07,0,13738.25,13764.5,13712.5,52.0,-28.25,up_only,high,1.7307692307692308,0.8461538461538461,0.0,0.043478260869565216,13766.5,-0.002052082954999455,gap_down
2021-06-08,1,13878.75,13917.25,13822.75,94.5,76.25,down_only,low,-0.1455026455026455,0.0,0.8571428571428571,0.46808510638297873,13802.5,0.005524361528708568,gap_up
2021-06-09,2,13871.0,13904.25,13825.25,79.0,62.0,down_only,low,-0.12025316455696203,0.0,0.2120253164556962,0.3333333333333333,13809.0,0.00448982547613875,gap_up
2021-06-10,3,13831.0,13964.75,13811.25,153.5,15.25,none,none,0.9674267100977199,0.0,0.0,0.9387755102040817,13815.75,0.001103812677560031,gap_up
2021-06-11,4,13960.0,13985.5,13941.25,44.25,0.25,both_down_first,low,1.2033898305084745,0.2655367231638418,0.2033898305084746,0.02,13959.75,1.7908630168878382e-05,flat
2021-06-14,0,14007.5,14037.5,13957.0,80.5,13.0,up_only,high,2.0683229813664594,1.0683229813664596,0.0,0.35294117647058826,13994.5,0.0009289363678588017,flat
2021-06-15,1,14110.0,14122.5,14055.5,67.0,-13.5,down_only,low,-0.4216417910447761,0.0,0.8171641791044776,0.22115384615384615,14123.5,-0.0009558537189790066,flat
2021-06-16,2,14050.25,14095.75,14042.5,53.25,23.0,down_only,low,-1.2535211267605635,0.0,3.9859154929577465,0.09433962264150944,14027.25,0.0016396656507868613,gap_up
2021-06-17,3,13934.25,14096.5,13932.0,164.5,-41.5,up_only,high,1.3632218844984803,0.6231003039513677,0.0,0.9629629629629629,13975.75,-0.0029694291898466987,gap_down
2021-06-18,4,14080.5,14131.5,14044.5,87.0,-75.75,down_only,low,-0.031609195402298854,0.0,0.39655172413793105,0.43636363636363634,14156.25,-0.005350993377483444,gap_down
2021-06-21,0,14052.0,14079.25,13958.5,120.75,10.25,up_only,high,1.4057971014492754,0.5362318840579711,0.0,0.6964285714285714,14041.75,0.0007299659942670963,flat
2021-06-22,1,14120.0,14176.75,14107.5,69.25,-8.25,up_only,high,2.1696750902527078,1.48014440433213,0.0,0.24561403508771928,14128.25,-0.0005839364394033231,flat
2021-06-23,2,14258.0,14315.75,14254.0,61.75,0.25,down_only,low,0.145748987854251,0.0,0.3603238866396761,0.13793103448275862,14257.75,1.753432343813014e-05,flat
2021-06-24,3,14349.75,14403.5,14344.0,59.5,86.75,both_up_first,high,0.1722689075630252,0.31092436974789917,0.2815126050420168,0.13559322033898305,14263.0,0.006082170651335624,gap_up
2021-06-25,4,14379.5,14390.5,14313.25,77.25,25.25,none,none,0.3300970873786408,0.0,0.0,0.3333333333333333,14354.25,0.0017590609053067907,gap_up
2021-06-28,0,14394.0,14482.0,14390.75,91.25,55.25,up_only,high,1.3205479452054794,0.4136986301369863,0.0,0.5,14338.75,0.0038531950135123356,gap_up
2021-06-29,1,14505.75,14529.5,14470.5,59.0,-5.5,up_only,high,1.5847457627118644,0.6313559322033898,0.0,0.13333333333333333,14511.25,-0.00037901628047204753,flat
2021-06-30,2,14558.75,14572.5,14519.75,52.75,-5.25,up_only,high,0.45023696682464454,0.08056872037914692,0.02843601895734597,0.075,14564.0,-0.00036047789068937105,flat
2021-07-01,3,14527.75,14570.0,14508.0,62.0,-15.75,down_only,low,0.6411290322580645,0.0,0.5967741935483871,0.2,14543.5,-0.0010829580224842714,gap_down
2021-07-02,4,14629.0,14665.25,14619.25,46.0,81.25,up_only,high,2.0760869565217392,1.3858695652173914,0.0,0.05,14547.75,0.005585056108332904,gap_up
2021-07-06,1,14740.5,14790.0,14738.0,52.0,25.75,down_only,low,0.7403846153846154,0.0,2.168269230769231,0.075,14714.75,0.0017499447832956727,gap_up
2021-07-07,2,14871.25,14883.75,14784.5,99.25,94.75,down_only,low,0.17884130982367757,0.0,0.5869017632241813,0.6,14776.5,0.006412208574425609,gap_up
2021-07-08,3,14594.0,14651.5,14540.5,111.0,-208.25,up_only,high,1.6418918918918919,0.9324324324324325,0.0,0.6666666666666666,14802.25,-0.014068807107027648,gap_down
2021-07-09,4,14693.5,14734.75,14668.0,66.75,-29.25,up_only,high,2.1310861423220975,1.4569288389513109,0.0,0.3,14722.75,-0.001986721230748332,gap_down
2021-07-12,0,14870.75,14888.5,14802.25,86.25,60.5,none,none,0.7681159420289855,0.0,0.0,0.45,14810.25,0.004085008693303624,gap_up
2021-07-13,1,14853.0,14955.5,14842.25,113.25,-15.5,both_up_first,high,0.20309050772626933,0.3465783664459161,0.0772626931567329,0.6666666666666666,14868.5,-0.0010424723408548272,gap_down
2021-07-14,2,14969.0,14996.0,14935.0,61.0,103.75,down_only,low,-0.6639344262295082,0.0,1.1967213114754098,0.21666666666666667,14865.25,0.006979364625552883,gap_up
2021-07-15,3,14893.0,14902.25,14785.75,116.5,-1.5,down_only,low,0.0407725321888412,0.0,0.6652360515021459,0.6833333333333333,14894.5,-0.00010070831514988755,flat
2021-07-16,4,14829.75,14869.5,14739.5,130.0,39.25,down_only,low,-0.5096153846153846,0.0,0.6423076923076924,0.8,14790.5,0.0026537304350765694,gap_up
2021-07-19,0,14528.75,14573.5,14456.25,117.25,-144.5,down_only,low,0.8294243070362474,0.008528784648187633,0.09594882729211088,0.7,14673.25,-0.009847852384441075,gap_down
2021-07-20,1,14591.5,14615.5,14516.75,98.75,38.0,up_only,high,2.043037974683544,1.691139240506329,0.0,0.5333333333333333,14553.5,0.00261105575978287,gap_up
2021-07-21,2,14702.0,14767.75,14692.25,75.5,-16.5,up_only,high,1.7980132450331126,0.8576158940397351,0.0,0.31666666666666665,14718.5,-0.001121038149267928,gap_down
2021-07-22,3,14840.0,14908.5,14839.5,69.0,12.0,up_only,high,1.2971014492753623,0.322463768115942,0.0,0.3,14828.0,0.0008092797410304828,flat
2021-07-23,4,14985.75,15004.75,14934.25,70.5,56.75,up_only,high,2.3333333333333335,1.5957446808510638,0.0,0.3333333333333333,14929.0,0.0038013262777145153,gap_up
2021-07-26,0,15075.5,15117.25,15040.25,77.0,-23.25,up_only,high,0.9967532467532467,0.21753246753246752,0.0,0.36666666666666664,15098.75,-0.0015398625714049177,gap_down
2021-07-27,1,15105.25,15107.0,14951.25,155.75,-11.75,down_only,low,-0.006420545746388443,0.0,1.1364365971107544,0.95,15117.0,-0.0007772706224780048,flat
2021-07-28,2,14998.25,15064.5,14901.5,163.0,48.0,up_only,high,0.6411042944785276,0.06134969325153374,0.0,0.95,14950.25,0.003210648651360345,gap_up
2021-07-29,3,14983.25,15079.5,14982.25,97.25,-22.75,up_only,high,0.5449871465295629,0.04627249357326478,0.0,0.55,15006.0,-0.001516060242569639,gap_down
2021-07-30,4,14869.0,14980.0,14866.0,114.0,-166.25,none,none,0.7785087719298246,0.0,0.0,0.6833333333333333,15035.25,-0.011057348564207446,gap_down
2021-08-02,0,15027.75,15044.5,14935.75,108.75,73.0,up_only,high,0.17471264367816092,0.06436781609195402,0.03218390804597701,0.65,14954.75,0.004881392199802739,gap_up
2021-08-03,1,14986.0,15008.75,14862.5,146.25,31.25,both_down_first,low,1.241025641025641,0.28205128205128205,0.09230769230769231,0.9,14954.75,0.002089637071833364,gap_up
2021-08-04,2,15044.75,15069.5,15003.5,66.0,0.75,up_only,low,0.9924242424242424,0.5833333333333334,0.09848484848484848,0.26666666666666666,15044.0,4.9853762297261364e-05,flat
2021-08-05,3,15101.5,15133.0,15073.0,60.0,32.5,up_only,high,1.5541666666666667,0.6541666666666667,0.0,0.21666666666666667,15069.0,0.0021567456367376733,gap_up
2021-08-06,4,15109.25,15150.0,15095.5,54.5,-57.0,down_only,low,0.013761467889908258,0.0,0.8853211009174312,0.15,15166.25,-0.0037583450094782825,gap_down
2021-08-09,0,15115.5,15138.75,15069.0,69.75,19.25,up_only,high,0.7706093189964157,0.0967741935483871,0.0,0.38333333333333336,15096.25,0.001275151113687174,gap_up
2021-08-10,1,15144.5,15157.25,15095.25,62.0,21.75,down_only,low,-0.7903225806451613,0.0,1.625,0.2916666666666667,15122.75,0.0014382304805673572,gap_up
2021-08-11,2,15098.25,15119.0,15033.0,86.0,52.0,down_only,low,-0.1308139534883721,0.0,0.813953488372093,0.5333333333333333,15046.25,0.0034560106338788737,gap_up
2021-08-12,3,14999.5,15021.5,14941.25,80.25,-22.25,up_only,high,1.6822429906542056,0.8598130841121495,0.0,0.5,15021.75,-0.0014811856141927538,gap_down
2021-08-13,4,15089.0,15141.75,15068.25,73.5,12.75,none,none,0.7891156462585034,0.0,0.0,0.43333333333333335,15076.25,0.0008457010198159357,flat
2021-08-16,0,15079.75,15112.25,14942.0,170.25,-46.5,both_down_first,low,1.1277533039647578,0.14537444933920704,0.14537444933920704,1.0,15126.25,-0.0030741261052805555,gap_down
2021-08-17,1,15017.0,15042.25,14948.25,94.0,-117.0,both_up_first,high,0.5558510638297872,0.1675531914893617,0.5452127659574468,0.6333333333333333,15134.0,-0.007730936963129377,gap_down
2021-08-18,2,14978.75,15037.25,14965.0,72.25,-21.75,down_only,low,-1.505190311418685,0.0,1.698961937716263,0.43333333333333335,15000.5,-0.001449951668277724,gap_down
2021-08-19,3,14774.5,14886.0,14763.75,122.25,-81.75,up_only,high,1.3517382413087935,0.9243353783231084,0.0,0.85,14856.25,-0.0055027345393352965,gap_down
2021-08-20,4,14973.5,15091.5,14959.0,132.5,44.5,up_only,high,0.939622641509434,0.06415094339622641,0.0,0.8666666666666667,14929.0,0.0029807756715118225,gap_up
2021-08-23,0,15127.0,15254.0,15124.75,129.25,43.5,up_only,high,1.4042553191489362,0.6460348162475822,0.0,0.8333333333333334,15083.5,0.0028839460337454835,gap_up
2021-08-24,1,15333.25,15369.75,15313.0,56.75,27.0,up_only,high,0.7577092511013216,0.1894273127753304,0.0,0.14166666666666666,15306.25,0.001763985300122499,gap_up
2021-08-25,2,15365.25,15397.0,15354.0,43.0,9.25,down_only,low,0.19767441860465115,0.0,0.4883720930232558,0.016666666666666666,15356.0,0.0006023704089606668,flat
2021-08-26,3,15335.5,15365.0,15268.25,96.75,-27.0,down_only,low,0.056847545219638244,0.0,0.1343669250645995,0.6333333333333333,15362.5,-0.001757526444263629,gap_down
2021-08-27,4,15301.0,15428.75,15280.0,148.75,27.25,up_only,high,0.9714285714285714,0.10084033613445378,0.0,0.9166666666666666,15273.75,0.0017841067190441117,gap_up
2021-08-30,0,15455.5,15573.25,15455.25,118.0,31.0,up_only,high,1.2203389830508475,0.3771186440677966,0.0,0.8,15424.5,0.0020097896204090892,gap_up
2021-08-31,1,15607.5,15609.25,15517.75,91.5,8.25,none,none,0.7295081967213115,0.0,0.0,0.5833333333333334,15599.25,0.0005288715803644406,flat
2021-09-01,2,15630.0,15699.0,15622.0,77.0,45.5,down_only,low,-0.13636363636363635,0.0,0.24675324675324675,0.44166666666666665,15584.5,0.002919567519009272,gap_up
2021-09-02,3,15668.25,15682.0,15615.25,66.75,56.75,down_only,low,-0.15355805243445692,0.0,0.951310861423221,0.2916666666666667,15611.5,0.003635140761618038,gap_up
2021-09-03,4,15555.75,15668.0,15554.25,113.75,-49.25,none,high,0.8637362637362638,0.015384615384615385,0.0,0.75,15605.0,-0.003156039730855495,gap_down
2021-09-07,1,15655.0,15668.75,15606.75,62.0,2.5,up_only,high,1.0725806451612903,0.5282258064516129,0.0,0.23333333333333334,15652.5,0.00015971889474524837,flat
2021-09-08,2,15666.0,15667.25,15612.0,55.25,-7.25,down_only,low,0.19457013574660634,0.0,1.5972850678733033,0.11666666666666667,15673.25,-0.0004625715789641587,flat
2021-09-09,3,15630.5,15675.75,15622.0,53.75,7.75,down_only,low,-1.0790697674418606,0.0,1.241860465116279,0.1,15622.75,0.0004960714342865372,flat
2021-09-10,4,15637.5,15668.0,15600.25,67.75,73.5,down_only,low,-2.2878228782287824,0.0,2.4612546125461257,0.3333333333333333,15564.0,0.0047224363916730915,gap_up
2021-09-13,0,15539.25,15557.5,15357.5,200.0,94.0,down_only,low,0.3675,0.0,0.07375,1.0,15445.25,0.0060860134992959,gap_up
2021-09-14,1,15492.75,15524.25,15404.75,119.5,61.75,down_only,low,-0.18410041841004185,0.0,0.50418410041841,0.8166666666666667,15431.0,0.004001684919966301,gap_up
2021-09-15,2,15405.0,15433.5,15307.75,125.75,22.25,up_only,high,1.5069582504970178,0.6441351888667992,0.0,0.85,15382.75,0.001446425379077213,gap_up
2021-09-16,3,15441.75,15472.75,15363.25,109.5,-55.5,both_down_first,low,1.3424657534246576,0.545662100456621,0.0410958904109589,0.6833333333333333,15497.25,-0.00358128054977496,gap_down
2021-09-17,4,15483.75,15485.0,15363.0,122.0,-26.5,down_only,low,-0.3360655737704918,0.0,0.7110655737704918,0.8166666666666667,15510.25,-0.0017085475733788946,gap_down
2021-09-20,0,15076.0,15151.25,15013.25,138.0,-246.0,down_only,low,-0.06340579710144928,0.0,1.4909420289855073,0.9,15322.0,-0.01605534525518862,gap_down
2021-09-21,1,15082.25,15131.75,15003.25,128.5,77.75,down_only,low,0.11867704280155641,0.0,0.2237354085603113,0.8333333333333334,15004.5,0.005181778799693425,gap_up
2021-09-22,2,15062.0,15131.5,15014.75,116.75,43.5,up_only,high,1.259100642398287,0.8179871520342612,0.0,0.7166666666666667,15018.5,0.00289642773912175,gap_up
2021-09-23,3,15210.75,15338.5,15182.0,156.5,49.0,up_only,high,0.7507987220447284,0.054313099041533544,0.0,0.95,15161.75,0.003231816907678863,gap_up
2021-09-24,4,15206.5,15262.75,15189.75,73.0,-93.0,up_only,high,1.726027397260274,0.9794520547945206,0.0,0.35,15299.5,-0.006078630020588908,gap_down
2021-09-27,0,15185.25,15214.5,15084.0,130.5,-130.5,up_only,high,0.8448275862068966,0.12452107279693486,0.0,0.85,15315.75,-0.008520640517114734,gap_down
2021-09-28,1,15001.5,15029.0,14827.5,201.5,-192.75,down_only,low,-0.31389578163771714,0.0,0.4305210918114144,1.0,15194.25,-0.01268571992694605,gap_down
2021-09-29,2,14817.75,14906.25,14787.5,118.75,53.5,down_only,low,-0.38105263157894737,0.0,0.6442105263157895,0.7,14764.25,0.0036236178607108385,gap_up
2021-09-30,3,14809.75,14878.75,14804.5,74.25,67.5,down_only,low,-1.734006734006734,0.0,1.8080808080808082,0.3333333333333333,14742.25,0.004578676931947294,gap_up
2021-10-01,4,14710.0,14735.5,14542.25,193.25,34.25,both_down_first,low,1.1811125485122898,0.4269081500646831,0.027166882276843468,0.9666666666666667,14675.75,0.0023337819191523433,gap_up
2021-10-04,0,14704.25,14720.0,14510.25,209.75,-66.25,down_only,low,-0.20143027413587605,0.0,0.6793802145411204,1.0,14770.5,-0.004485291628584002,gap_down
2021-10-05,1,14507.0,14636.5,14497.5,139.0,39.0,up_only,high,1.158273381294964,0.8507194244604317,0.0,0.8333333333333334,14468.0,0.0026956040917887752,gap_up
2021-10-06,2,14522.0,14669.0,14483.75,185.25,-136.5,up_only,high,1.4588394062078271,0.5182186234817814,0.0,0.9333333333333333,14658.5,-0.009312003274550602,gap_down
2021-10-07,3,14882.25,14994.0,14859.25,134.75,128.25,up_only,high,0.20222634508348794,0.05380333951762523,0.0,0.7833333333333333,14754.0,0.008692557950386336,gap_up
2021-10-08,4,14933.25,14943.0,14845.75,97.25,46.75,down_only,low,-0.35732647814910024,0.0,0.5655526992287918,0.4583333333333333,14886.5,0.0031404292479763544,gap_up
2021-10-11,0,14748.25,14897.25,14722.0,175.25,-62.75,down_only,low,-0.12696148359486448,0.0,0.14693295292439373,0.9166666666666666,14811.0,-0.004236715954358247,gap_down
2021-10-12,1,14759.75,14779.0,14651.5,127.5,60.0,down_only,low,-0.011764705882352941,0.0,0.23529411764705882,0.6833333333333333,14699.75,0.0040817020697630916,gap_up
2021-10-13,2,14746.75,14778.75,14667.0,111.75,96.75,up_only,low,0.8881431767337807,0.15212527964205816,0.058165548098434,0.5166666666666667,14650.0,0.006604095563139931,gap_up
2021-10-14,3,14919.25,14994.0,14890.5,103.5,153.0,up_only,high,1.4154589371980677,0.5289855072463768,0.0,0.4666666666666667,14766.25,0.010361466181325657,gap_up
2021-10-15,4,15088.75,15099.25,15046.0,53.25,51.75,up_only,high,1.676056338028169,0.7230046948356808,0.0,0.03333333333333333,15037.0,0.0034415109396821173,gap_up
2021-10-18,0,15076.5,15160.75,15052.0,108.75,-58.75,up_only,high,2.154022988505747,1.2275862068965517,0.0,0.475,15135.25,-0.0038816669694917492,gap_down
2021-10-19,1,15330.5,15361.75,15302.0,59.75,44.25,up_only,high,1.6401673640167365,0.702928870292887,0.0,0.11666666666666667,15286.25,0.002894758361272385,gap_up
2021-10-20,2,15419.75,15439.0,15380.0,59.0,19.75,both_up_first,high,0.05084745762711865,0.1271186440677966,1.0338983050847457,0.11666666666666667,15400.0,0.0012824675324675325,gap_up
2021-10-21,3,15346.5,15428.0,15334.0,94.0,-36.5,up_only,high,1.502659574468085,0.5930851063829787,0.0,0.4083333333333333,15383.0,-0.002372749138659559,gap_down
2021-10-22,4,15422.5,15463.25,15385.5,77.75,-52.75,down_only,high,-0.5594855305466238,0.003215434083601286,1.437299035369775,0.35,15475.25,-0.003408668680635208,gap_down
2021-10-25,0,15405.25,15434.0,15322.25,111.75,63.25,up_only,high,1.6017897091722595,0.959731543624161,0.0,0.5583333333333333,15342.0,0.004122669795333073,gap_up
2021-10-26,1,15597.75,15698.25,15580.0,118.25,96.5,both_up_first,high,-0.2959830866807611,0.023255813953488372,0.6511627906976745,0.6166666666666667,15501.25,0.006225304410934602,gap_up
2021-10-27,2,15570.75,15648.0,15558.75,89.25,25.75,up_only,high,0.29411764705882354,0.7787114845938375,0.0,0.4,15545.0,0.0016564811836603409,gap_up
2021-10-28,3,15668.75,15710.0,15635.5,74.5,83.75,up_only,high,1.691275167785235,0.8322147651006712,0.0,0.31666666666666665,15585.0,0.005373756817452679,gap_up
2021-10-29,4,15631.0,15707.0,15615.75,91.25,-130.5,up_only,high,2.4602739726027396,1.5315068493150685,0.0,0.4,15761.5,-0.00827966881324747,gap_down
2021-11-01,0,15858.0,15868.5,15768.5,100.0,17.75,up_only,high,1.2525,0.305,0.0,0.48333333333333334,15840.25,0.0011205631224254667,gap_up
2021-11-02,1,15865.75,15968.25,15864.0,104.25,-28.0,up_only,high,0.9400479616306955,0.11510791366906475,0.0,0.5,15893.75,-0.0017616987809673614,gap_down
2021-11-03,2,15980.5,15997.25,15935.25,62.0,18.5,up_only,high,3.1370967741935485,2.3951612903225805,0.0,0.14166666666666666,15962.0,0.0011590026312492169,gap_up
2021-11-04,3,16180.25,16297.25,16157.0,140.25,50.5,up_only,high,1.2691622103386808,0.5614973262032086,0.0,0.85,16129.75,0.0031308606766998867,gap_up
2021-11-05,4,16410.0,16448.5,16374.75,73.75,75.0,down_only,low,-0.31864406779661014,0.0,1.1220338983050848,0.25,16335.0,0.004591368227731864,gap_up
2021-11-08,0,16349.75,16394.0,16317.25,76.75,-1.5,down_only,low,0.1563517915309446,0.0,0.19218241042345277,0.2833333333333333,16351.25,-9.173610580230869e-05,flat
2021-11-09,1,16376.0,16391.75,16189.5,202.25,46.75,down_only,low,0.138442521631644,0.0,0.14585908529048208,0.9833333333333333,16329.25,0.002862960638118713,gap_up
2021-11-10,2,16101.5,16221.0,16041.75,179.25,-116.0,down_only,low,-0.35564853556485354,0.0,0.810320781032078,0.9,16217.5,-0.007152767072606752,gap_down
2021-11-11,3,16102.75,16110.5,16041.25,69.25,124.75,down_only,low,-0.27075812274368233,0.0,0.5342960288808665,0.2,15978.0,0.007807610464388534,gap_up
2021-11-12,4,16070.0,16078.0,16001.75,76.25,47.5,up_only,high,2.4655737704918033,1.7737704918032786,0.0,0.2833333333333333,16022.5,0.002964581057887346,gap_up
2021-11-15,0,16241.0,16254.25,16158.25,96.0,51.25,down_only,low,0.3125,0.0,0.7916666666666666,0.4166666666666667,16189.75,0.003165583162185951,gap_up
2021-11-16,1,16157.25,16260.0,16149.25,110.75,-31.0,up_only,high,1.4063205417607223,0.5756207674943566,0.0,0.55,16188.25,-0.001914969190616651,gap_down
2021-11-17,2,16315.25,16327.0,16270.0,57.0,10.25,up_only,high,0.75,1.219298245614035,0.0,0.08333333333333333,16305.0,0.0006286415210058265,flat
2021-11-18,3,16398.0,16421.0,16303.5,117.5,85.25,up_only,high,1.5106382978723405,0.7,0.0,0.6166666666666667,16312.75,0.00522597354829811,gap_up
2021-11-19,4,16549.0,16617.0,16516.25,100.75,68.0,up_only,high,0.5607940446650124,0.1141439205955335,0.0,0.45,16481.0,0.004125963230386506,gap_up
2021-11-22,0,16638.5,16767.5,16638.25,129.25,65.75,down_only,low,-1.9729206963249517,0.0,2.021276595744681,0.7666666666666667,16572.75,0.003967356051349354,gap_up
2021-11-23,1,16331.0,16418.75,16236.75,182.0,-52.25,down_only,low,0.3791208791208791,0.0,0.6497252747252747,0.9,16383.25,-0.003189232905559031,gap_down
2021-11-24,2,16199.0,16257.5,16102.0,155.5,-106.75,up_only,high,1.6736334405144695,0.7138263665594855,0.0,0.8333333333333334,16305.75,-0.00654677031108658,gap_down
2021-11-29,0,16239.75,16314.25,16208.5,105.75,-122.5,up_only,high,1.7234042553191489,1.1678486997635933,0.0,0.4666666666666667,16362.25,-0.007486745404819019,gap_down
2021-11-30,1,16355.0,16456.25,16319.0,137.25,-35.75,down_only,low,-1.2404371584699454,0.0,1.8233151183970857,0.7666666666666667,16390.75,-0.0021811082470295745,gap_down
2021-12-01,2,16339.0,16377.5,16270.5,107.0,190.25,both_up_first,high,-3.6985981308411215,0.4672897196261682,3.850467289719626,0.4666666666666667,16148.75,0.011781097608174007,gap_up
2021-12-02,3,15823.0,16027.0,15788.5,238.5,-51.75,both_down_first,low,0.8469601677148847,0.16457023060796647,0.10796645702306079,1.0,15874.75,-0.003259893856596167,gap_down
2021-12-03,4,16047.25,16090.5,15733.0,357.5,56.75,down_only,low,-0.04755244755244755,0.0,0.5454545454545454,1.0,15990.5,0.0035489822081861107,gap_up
2021-12-06,0,15734.25,15788.0,15559.25,228.75,18.25,up_only,high,1.2393442622950819,0.47759562841530057,0.0,0.9666666666666667,15716.0,0.0011612369559684398,gap_up
2021-12-07,1,16119.75,16268.0,16119.0,149.0,277.0,up_only,high,1.3590604026845639,0.511744966442953,0.0,0.7666666666666667,15842.75,0.017484338261981033,gap_up
2021-12-08,2,16330.5,16356.75,16251.5,105.25,9.0,up_only,high,1.3064133016627077,0.38954869358669836,0.0,0.38333333333333336,16321.5,0.0005514199062586159,flat
2021-12-09,3,16336.75,16414.25,16269.5,144.75,-52.25,down_only,low,-0.8272884283246977,0.0,0.8998272884283247,0.7666666666666667,16389.0,-0.003188113978888279,gap_down
2021-12-10,4,16268.75,16328.25,16203.25,125.0,119.0,down_only,low,0.988,0.074,0.538,0.6,16149.75,0.007368535116642673,gap_up
2021-12-13,0,16326.5,16339.5,16194.75,144.75,-0.25,down_only,low,-0.7409326424870466,0.0,0.844559585492228,0.7583333333333333,16326.75,-1.5312294241046135e-05,flat
2021-12-14,1,15882.25,15998.75,15853.0,145.75,-205.25,down_only,low,0.5042881646655232,0.0,0.8164665523156089,0.7666666666666667,16087.5,-0.012758352758352758,gap_down
2021-12-15,2,15908.0,15927.75,15807.25,120.5,-18.5,both_down_first,low,3.9398340248962658,3.0684647302904566,0.5560165975103735,0.5666666666666667,15926.5,-0.001161586035852196,gap_down
2021-12-16,3,16322.25,16342.0,16090.75,251.25,40.25,down_only,low,-0.909452736318408,0.0,1.1850746268656716,0.9833333333333333,16282.0,0.002472055030094583,gap_up
2021-12-17,4,15713.25,15843.0,15651.75,191.25,-149.0,up_only,high,0.6679738562091503,0.5934640522875817,0.0,0.8666666666666667,15862.25,-0.00939337105391732,gap_down
2021-12-20,0,15578.0,15658.75,15543.0,115.75,-201.5,down_only,low,0.7062634989200864,0.0,0.4406047516198704,0.5,15779.5,-0.012769732881270002,gap_down
2021-12-21,1,15762.25,15798.25,15613.75,184.5,137.5,both_down_first,low,1.9471544715447155,1.024390243902439,0.04742547425474255,0.8333333333333334,15624.75,0.008800140802252837,gap_up
2021-12-22,2,15962.25,16044.75,15933.25,111.5,-10.75,up_only,high,2.109865470852018,1.1905829596412556,0.0,0.45,15973.0,-0.000673010705565642,flat
2021-12-23,3,16184.5,16272.75,16176.5,96.25,16.0,up_only,high,1.2181818181818183,0.8649350649350649,0.0,0.2833333333333333,16168.5,0.000989578501407057,flat
2021-12-27,0,16346.5,16506.75,16344.5,162.25,52.75,up_only,high,1.3312788906009245,0.349768875192604,0.0,0.7833333333333333,16293.75,0.0032374376678174148,gap_up
2021-12-28,1,16601.5,16608.5,16491.5,117.0,41.0,down_only,low,0.027777777777777776,0.0,0.33547008547008544,0.5166666666666667,16560.5,0.002475770659098457,gap_up
2021-12-29,2,16496.5,16549.5,16387.5,162.0,1.75,none,none,0.6234567901234568,0.0,0.0,0.7833333333333333,16494.75,0.00010609436335803816,flat
2021-12-30,3,16475.5,16567.5,16449.25,118.25,-13.0,down_only,low,-0.17547568710359407,0.0,0.321353065539112,0.5583333333333333,16488.5,-0.0007884282985110835,flat
2021-12-31,4,16408.0,16464.0,16354.0,110.0,-20.5,down_only,low,-0.2636363636363636,0.0,0.3659090909090909,0.43333333333333335,16428.5,-0.001247831512310923,gap_down
2022-01-03,0,16383.0,16484.75,16292.0,192.75,58.0,up_only,high,1.0220492866407263,0.06874189364461739,0.0,0.9166666666666666,16325.0,0.003552833078101072,gap_up
2022-01-04,1,16509.75,16512.0,16365.25,146.75,20.75,down_only,low,-0.6303236797274276,0.0,1.5383304940374787,0.75,16489.0,0.001258414700709564,gap_up
2022-01-05,2,16200.25,16247.25,16103.0,144.25,-72.5,down_only,low,-2.3518197573656847,0.0,2.38474870017331,0.6833333333333333,16272.75,-0.004455301040082346,gap_down
2022-01-06,3,15691.0,15850.5,15598.5,252.0,-72.75,up_only,high,0.6329365079365079,0.17956349206349206,0.0,0.9833333333333333,15763.75,-0.004615018634525414,gap_down
2022-01-07,4,15757.0,15827.75,15649.25,178.5,-1.0,down_only,low,-0.3599439775910364,0.0,0.7801120448179272,0.8166666666666667,15758.0,-6.345982992765579e-05,flat
2022-01-10,0,15377.0,15415.0,15195.0,220.0,-208.0,both_down_first,low,1.8590909090909091,0.9181818181818182,0.19318181818181818,0.9166666666666666,15585.0,-0.013346166185434712,gap_down
2022-01-11,1,15565.5,15652.75,15475.0,177.75,-38.5,up_only,high,2.009845288326301,1.0421940928270041,0.0,0.7833333333333333,15604.0,-0.0024673160728018455,gap_down
2022-01-12,2,15938.5,16009.25,15884.5,124.75,106.25,down_only,low,0.08617234468937876,0.0,0.6993987975951904,0.55,15832.25,0.006710985488480791,gap_up
2022-01-13,3,15950.5,15979.75,15831.25,148.5,55.25,down_only,low,-2.244107744107744,0.0,2.5117845117845117,0.7,15895.25,0.003475881159465878,gap_up
2022-01-14,4,15389.25,15600.5,15379.75,220.75,-108.75,up_only,high,0.9626274065685164,0.02944507361268403,0.0,0.9166666666666666,15498.0,-0.007017034456058846,gap_down
2022-01-18,1,15347.75,15434.75,15271.75,163.0,-244.5,down_only,low,-0.3512269938650307,0.0,0.6196319018404908,0.75,15592.25,-0.015680867097436227,gap_down
2022-01-19,2,15267.25,15372.0,15251.25,120.75,52.75,down_only,low,-1.774327122153209,0.0,1.8778467908902692,0.48333333333333334,15214.5,0.003467087318018995,gap_up
2022-01-20,3,15168.5,15293.5,15160.25,133.25,131.5,both_up_first,high,-2.4390243902439024,0.350844277673546,2.579737335834897,0.5333333333333333,15037.0,0.008745095431269535,gap_up
2022-01-21,4,14745.5,14818.5,14532.25,286.25,-89.75,both_up_first,high,-0.4069868995633188,0.13973799126637554,0.41135371179039304,0.9833333333333333,14835.25,-0.006049780084595811,gap_down
2022-01-24,0,14191.0,14263.5,13977.0,286.5,-224.75,both_down_first,low,1.8263525305410122,0.9022687609075044,0.9458987783595113,0.9833333333333333,14415.75,-0.015590586684702496,gap_down
2022-01-25,1,14219.5,14304.75,14036.5,268.25,-280.75,both_down_first,low,0.42684063373718545,0.3560111835973905,0.08387698042870456,0.95,14500.25,-0.019361735142497543,gap_down
2022-01-26,2,14475.75,14515.0,14350.25,164.75,324.75,both_down_first,low,-1.2261001517450683,0.7572078907435509,2.2701062215478,0.7,14151.0,0.022948908204367183,gap_up
2022-01-27,3,14333.0,14409.25,14232.0,177.25,184.75,down_only,low,-1.376586741889986,0.0,1.619181946403385,0.7,14148.25,0.013058152068276995,gap_up
2022-01-28,4,14068.5,14102.25,13860.25,242.0,80.5,up_only,high,2.368801652892562,1.3884297520661157,0.0,0.9,13988.0,0.005754932799542465,gap_up
2022-01-31,0,14488.25,14724.5,14416.25,308.25,54.75,up_only,high,1.5644768856447688,0.6171938361719383,0.0,0.9833333333333333,14433.5,0.003793258738351751,gap_up
2022-02-01,1,14944.0,14952.0,14729.25,222.75,45.5,up_only,high,1.1773288439955107,0.30303030303030304,0.0,0.8333333333333334,14898.5,0.003053998724703829,gap_up
2022-02-02,2,15167.75,15178.0,15026.75,151.25,176.25,down_only,low,0.5752066115702479,0.0,0.5636363636363636,0.55,14991.5,0.011756662108528167,gap_up
2022-02-03,3,14704.0,14832.25,14677.5,154.75,-409.75,both_up_first,high,-1.1292407108239095,0.06623586429725363,1.4297253634894993,0.55,15113.75,-0.027111074352824414,gap_down
2022-02-04,4,14519.25,14666.75,14432.75,234.0,16.5,up_only,high,1.0576923076923077,0.6527777777777778,0.0,0.85,14502.75,0.001137715260898795,gap_up
2022-02-07,0,14708.25,14806.25,14670.0,136.25,28.0,down_only,low,-0.7669724770642202,0.0,1.163302752293578,0.38333333333333336,14680.25,0.0019073244665451883,gap_up
2022-02-08,1,14516.25,14588.0,14467.5,120.5,-49.25,up_only,high,2.20746887966805,1.5601659751037344,0.0,0.2916666666666667,14565.5,-0.0033812776767017955,gap_down
2022-02-09,2,14919.0,14951.25,14853.25,98.0,185.5,up_only,high,1.9387755102040816,0.9489795918367347,0.0,0.08333333333333333,14733.5,0.012590355312722706,gap_up
2022-02-10,3,14742.25,14991.0,14735.0,256.0,-301.0,both_up_first,high,-0.125,0.1494140625,0.44140625,0.9166666666666666,15043.25,-0.020008974124607382,gap_down
2022-02-11,4,14700.75,14766.75,14590.0,176.75,-2.25,down_only,low,-1.992927864214993,0.0,2.314002828854314,0.6333333333333333,14703.0,-0.00015302999387880025,flat
2022-02-14,0,14209.25,14334.75,14182.0,152.75,-28.5,both_up_first,high,0.4828150572831424,0.3878887070376432,0.5237315875613748,0.5166666666666667,14237.75,-0.0020017207775104916,gap_down
2022-02-15,1,14472.25,14522.0,14445.0,77.0,216.5,both_up_first,high,2.1298701298701297,1.2045454545454546,0.22727272727272727,0.016666666666666666,14255.75,0.01518685442716097,gap_up
2022-02-16,2,14514.0,14517.0,14381.0,136.0,-95.0,up_only,high,1.6213235294117647,0.9411764705882353,0.0,0.3333333333333333,14609.0,-0.006502840714627969,gap_down
2022-02-17,3,14462.5,14495.0,14338.0,157.0,-139.0,down_only,low,-1.0939490445859872,0.0,1.2101910828025477,0.55,14601.5,-0.009519569907201314,gap_down
2022-02-18,4,14204.5,14220.75,14085.75,135.0,38.25,down_only,low,-0.5981481481481481,0.0,1.3296296296296297,0.3,14166.25,0.0027000794141004147,gap_up
2022-02-22,1,13880.75,14108.0,13862.0,246.0,-124.25,down_only,high,0.012195121951219513,0.0010162601626016261,0.6148373983739838,0.8666666666666667,14005.0,-0.008871831488754017,gap_down
2022-02-23,2,13995.5,14031.0,13794.75,236.25,130.5,down_only,low,-1.2190476190476192,0.0,1.270899470899471,0.8166666666666667,13865.0,0.009412188965019833,gap_up
2022-02-24,3,13073.75,13483.25,13058.0,425.25,-433.0,up_only,high,2.134626690182246,1.1757789535567313,0.0,1.0,13506.75,-0.0320580450515483,gap_down
2022-02-25,4,13994.5,14013.5,13831.75,181.75,28.75,up_only,high,1.9298486932599725,0.9546079779917469,0.0,0.65,13965.75,0.002058607665180889,gap_up
2022-02-28,0,14042.0,14157.25,14027.25,130.0,-140.5,both_up_first,high,1.5923076923076922,1.0384615384615385,0.2423076923076923,0.25,14182.5,-0.00990657500440684,gap_down
2022-03-01,1,14175.0,14273.0,14147.0,126.0,-59.25,down_only,low,-1.128968253968254,0.0,1.9603174603174602,0.25,14234.25,-0.004162495389641183,gap_down
2022-03-02,2,14067.5,14129.75,13951.0,178.75,62.75,up_only,high,1.6013986013986015,0.8965034965034965,0.0,0.6666666666666666,14004.75,0.004480622645888002,gap_up
2022-03-03,3,14350.5,14355.5,14127.0,228.5,113.25,down_only,low,-0.40043763676148797,0.0,0.7527352297592997,0.8,14237.25,0.007954485592372123,gap_up
2022-03-04,4,13935.0,13995.5,13799.5,196.0,-100.5,down_only,low,0.1747448979591837,0.0,0.3354591836734694,0.7333333333333333,14035.5,-0.00716041466281928,gap_down
2022-03-07,0,13831.0,13879.75,13571.25,308.5,-2.75,down_only,low,-0.813614262560778,0.0,0.8346839546191248,0.9833333333333333,13833.75,-0.00019878919309659348,flat
2022-03-08,1,13286.25,13374.0,13137.75,236.25,-34.0,both_down_first,low,0.49417989417989416,1.235978835978836,0.08253968253968254,0.8083333333333333,13320.25,-0.002552504645183086,gap_down
2022-03-09,2,13603.25,13648.0,13496.0,152.0,348.75,up_only,high,1.6167763157894737,0.9720394736842105,0.0,0.4166666666666667,13254.5,0.0263118186276359,gap_up
2022-03-10,3,13565.0,13611.75,13486.25,125.5,-176.75,both_down_first,low,0.8366533864541833,0.19322709163346613,0.7171314741035857,0.21666666666666667,13741.75,-0.012862262812232794,gap_down
2022-03-11,4,13711.0,13723.5,13508.5,215.0,119.75,down_only,low,-0.9686046511627907,0.0,1.0546511627906976,0.7,13591.25,0.00881081578221282,gap_up
2022-03-14,0,13246.5,13389.25,13200.0,189.25,-53.75,down_only,low,-0.8005284015852048,0.0,0.9749009247027741,0.6333333333333333,13300.25,-0.004041277419597376,gap_down
2022-03-15,1,13155.5,13261.5,13087.5,174.0,107.0,up_only,high,2.1091954022988504,1.293103448275862,0.0,0.5166666666666667,13048.5,0.008200176265471128,gap_up
2022-03-16,2,13618.75,13837.25,13612.25,225.0,164.25,both_up_first,high,1.5233333333333334,0.5344444444444445,0.6633333333333333,0.7666666666666667,13454.5,0.012207811512876733,gap_up
2022-03-17,3,13872.25,14012.75,13819.0,193.75,-82.75,up_only,high,1.550967741935484,0.5638709677419355,0.0,0.6666666666666666,13955.0,-0.005929774274453601,gap_down
2022-03-18,4,14046.5,14245.25,13995.0,250.25,-73.0,up_only,high,1.6593406593406594,0.7142857142857143,0.0,0.8666666666666667,14119.5,-0.005170154750522327,gap_down
2022-03-21,0,14371.5,14466.75,14228.0,238.75,-38.75,down_only,low,0.606282722513089,0.0,0.18534031413612564,0.8166666666666667,14410.25,-0.0026890581357020176,gap_down
2022-03-22,1,14390.5,14590.75,14374.0,216.75,17.75,up_only,high,1.2964244521337946,0.461361014994233,0.0,0.6666666666666666,14372.75,0.0012349759092727557,gap_up
2022-03-23,2,14531.75,14595.5,14460.75,134.75,-123.25,both_up_first,high,-0.12430426716141002,0.6437847866419295,0.14656771799628943,0.21666666666666667,14655.0,-0.008410098942340499,gap_down
2022-03-24,3,14523.75,14556.0,14445.0,111.0,79.75,both_down_first,low,2.8963963963963963,1.9166666666666667,0.1036036036036036,0.06666666666666667,14444.0,0.005521323733037939,gap_up
2022-03-25,4,14763.25,14788.5,14694.25,94.25,-3.25,both_up_first,high,0.6472148541114059,0.20689655172413793,1.2917771883289124,0.03333333333333333,14766.5,-0.00022009277757085294,flat
2022-03-28,0,14753.25,14912.25,14749.75,162.5,-2.0,both_down_first,low,1.4615384615384615,0.46615384615384614,0.3,0.4166666666666667,14755.25,-0.00013554497551718879,flat
2022-03-29,1,15147.75,15219.5,15032.5,187.0,160.5,up_only,high,1.1176470588235294,0.26336898395721925,0.0,0.5666666666666667,14987.25,0.010709102737326727,gap_up
2022-03-30,2,15166.0,15230.0,15141.25,88.75,-75.5,both_up_first,high,-0.6816901408450704,0.05352112676056338,1.4535211267605634,0.03333333333333333,15241.5,-0.004953580684315848,gap_down
2022-03-31,3,15080.25,15090.0,14966.0,124.0,-0.5,down_only,high,-0.7741935483870968,0.04233870967741935,0.8911290322580645,0.13333333333333333,15080.75,-3.3154849725643616e-05,flat
2022-04-01,4,14899.25,14932.0,14806.5,125.5,29.25,down_only,low,0.4243027888446215,0.0,0.649402390438247,0.175,14870.0,0.0019670477471418965,gap_up
2022-04-04,0,14895.25,15068.75,14883.5,185.25,35.5,up_only,high,1.5182186234817814,0.5303643724696356,0.0,0.5833333333333334,14859.75,0.0023890038526893117,gap_up
2022-04-05,1,15105.25,15136.25,14935.25,201.0,-59.5,down_only,low,-0.5161691542288557,0.0,0.7711442786069652,0.65,15164.75,-0.0039235727591948434,gap_down
2022-04-06,2,14602.75,14643.5,14456.25,187.25,-228.75,down_only,low,0.2630173564753004,0.049399198931909215,0.32843791722296395,0.6,14831.5,-0.015423254559552305,gap_down
2022-04-07,3,14467.25,14608.0,14459.25,148.75,-38.25,both_down_first,low,0.561344537815126,0.173109243697479,0.9563025210084034,0.3333333333333333,14505.5,-0.0026369308193443866,gap_down
2022-04-08,4,14468.0,14476.75,14312.5,164.25,-74.75,up_only,high,0.1445966514459665,0.1308980213089802,0.0121765601217656,0.45,14542.75,-0.005140018222138179,gap_down
2022-04-11,0,14158.25,14197.0,14062.25,134.75,-178.0,down_only,low,-0.4582560296846011,0.0,0.575139146567718,0.24166666666666667,14336.25,-0.012416078123637632,gap_down
2022-04-12,1,14199.75,14277.5,14113.0,164.5,199.25,down_only,low,-1.041033434650456,0.0,1.4088145896656534,0.4666666666666667,14000.5,0.014231634584479127,gap_up
2022-04-13,2,13952.75,14097.5,13921.0,176.5,11.0,up_only,high,1.7039660056657224,0.9575070821529745,0.0,0.5,13941.75,0.0007889970771244643,flat
2022-04-14,3,14224.0,14246.75,14033.25,213.5,2.25,down_only,low,-0.6545667447306791,0.0,0.6920374707259953,0.6833333333333333,14221.75,0.0001582083780125512,flat
2022-04-18,0,13850.25,14002.5,13827.0,175.5,-43.25,down_only,low,0.5128205128205128,0.0,0.2336182336182336,0.4666666666666667,13893.5,-0.0031129664951236188,gap_down
2022-04-19,1,13875.5,14097.5,13833.5,264.0,-41.5,up_only,high,1.4346590909090908,0.5473484848484849,0.0,0.9166666666666666,13917.0,-0.002981964503844219,gap_down
2022-04-20,2,14251.75,14270.0,14037.25,232.75,39.5,down_only,low,-0.14500537056928034,0.0,0.3469387755102041,0.7833333333333333,14212.25,0.0027792925117416313,gap_up
2022-04-21,3,14172.5,14283.0,14115.75,167.25,169.0,down_only,low,-2.3542600896860986,0.0,2.6053811659192827,0.45,14003.5,0.01206841146856143,gap_up
2022-04-22,4,13725.5,13777.75,13583.0,194.75,3.5,down_only,low,-1.1617458279845956,0.0,1.2477535301668805,0.65,13722.0,0.000255064859349949,flat
2022-04-25,0,13289.0,13407.0,13236.0,171.0,-67.75,up_only,high,1.7236842105263157,0.7967836257309941,0.0,0.45,13356.75,-0.005072341699889569,gap_down
2022-04-26,1,13443.25,13450.75,13167.75,283.0,-87.5,down_only,low,-0.5609540636042403,0.0,0.5706713780918727,0.95,13530.75,-0.00646675165825989,gap_down
2022-04-27,2,13021.75,13255.25,12945.5,309.75,12.75,down_only,low,0.18159806295399517,0.0,0.04923325262308313,0.9833333333333333,13009.0,0.0009800907064340073,flat
2022-04-28,3,13212.75,13280.75,13063.5,217.25,211.0,both_down_first,low,1.8388952819332567,1.2025316455696202,0.14039125431530494,0.75,13001.75,0.016228584613609705,gap_up
2022-04-29,4,13287.5,13433.0,13216.25,216.75,-175.5,down_only,low,-1.665513264129181,0.0,1.7739331026528258,0.725,13463.0,-0.013035727549580331,gap_down
2022-05-02,0,12840.75,12994.25,12742.75,251.5,-14.5,both_up_first,high,1.3021868787276343,0.3489065606361829,0.1312127236580517,0.9,12855.25,-0.0011279438361758815,gap_down
2022-05-03,1,13073.25,13152.25,12968.5,183.75,3.0,up_only,high,0.6598639455782312,0.17142857142857143,0.0,0.5333333333333333,13070.25,0.00022952889194927413,flat
2022-05-04,2,13106.75,13114.25,12931.0,183.25,17.0,both_down_first,low,3.2851296043656206,2.4065484311050476,0.26193724420190995,0.5166666666666667,13089.75,0.0012987261024847685,gap_up
2022-05-05,3,13342.5,13346.25,13004.5,341.75,-190.5,down_only,low,-0.4264813460131675,0.0,0.8756400877834675,0.9833333333333333,13533.0,-0.014076701396586122,gap_down
2022-05-06,4,12760.0,12840.5,12519.0,321.5,-98.75,up_only,high,0.5419906687402799,0.2744945567651633,0.0,0.9666666666666667,12858.75,-0.007679595606104792,gap_down
2022-05-09,0,12449.25,12555.75,12346.25,209.5,-244.0,down_only,low,-0.7136038186157518,0.0,1.0071599045346062,0.65,12693.25,-0.01922281527583558,gap_down
2022-05-10,1,12496.5,12547.0,12336.25,210.75,299.75,down_only,low,0.02965599051008304,0.0,0.7888493475682088,0.65,12196.75,0.02457621907475352,gap_up
2022-05-11,2,12245.5,12478.5,12146.0,332.5,-97.0,down_only,low,-0.5150375939849624,0.0,0.6240601503759399,0.9666666666666667,12342.5,-0.007859023698602391,gap_down
2022-05-12,3,11791.75,12046.0,11693.25,352.75,-183.0,both_up_first,high,0.7221828490432317,0.24592487597448617,0.012048192771084338,0.9833333333333333,11974.75,-0.015282156203678574,gap_down
2022-05-13,4,12132.0,12338.75,12064.75,274.0,184.0,up_only,high,1.1669708029197081,0.3403284671532847,0.0,0.8666666666666667,11948.0,0.015400066956812855,gap_up
2022-05-16,0,12311.5,12375.25,12203.5,171.75,-73.0,both_down_first,low,0.2561863173216885,0.1615720524017467,0.07714701601164484,0.31666666666666665,12384.5,-0.005894464855262627,gap_down
2022-05-17,1,12491.25,12535.75,12403.25,132.5,243.75,both_down_first,low,1.2075471698113207,0.31886792452830187,0.5641509433962264,0.15,12247.5,0.019902020820575628,gap_up
2022-05-18,2,12368.25,12399.75,12289.75,110.0,-195.0,down_only,low,-3.172727272727273,0.0,3.6568181818181817,0.05,12563.25,-0.015521461405289236,gap_down
2022-05-19,3,11864.25,12009.25,11795.25,214.0,-76.5,up_only,high,0.37850467289719625,0.31542056074766356,0.0,0.65,11940.75,-0.006406632749199171,gap_down
2022-05-20,4,12026.25,12053.0,11875.75,177.25,150.0,down_only,low,-0.22708039492242596,0.0,2.1692524682651624,0.4,11876.25,0.012630249447426587,gap_up
2022-05-23,0,11884.75,11977.5,11783.75,193.75,49.25,up_only,high,1.2954838709677419,0.39483870967741935,0.0,0.5416666666666666,11835.5,0.004161209919310549,gap_up
2022-05-24,1,11816.5,11847.5,11576.25,271.25,-218.25,none,none,0.7576036866359447,0.0,0.0,0.8666666666666667,12034.75,-0.01813498410851908,gap_down
2022-05-25,2,11717.25,11890.75,11708.0,182.75,-64.5,up_only,high,1.3214774281805746,0.7948016415868673,0.0,0.4,11781.75,-0.005474568718568973,gap_down
2022-05-26,3,11912.75,12195.75,11899.0,296.75,-36.75,up_only,high,1.2670598146588037,0.4962089300758214,0.0,0.9,11949.5,-0.003075442487133353,gap_down
2022-05-27,4,12407.5,12582.5,12402.0,180.5,132.5,up_only,high,1.5526315789473684,0.5581717451523546,0.0,0.38333333333333336,12275.0,0.010794297352342158,gap_up
2022-05-31,1,12676.75,12688.0,12480.0,208.0,-5.5,up_only,high,0.7944711538461539,0.3870192307692308,0.0,0.5833333333333334,12682.25,-0.0004336769894931893,flat
2022-06-01,2,12733.5,12823.5,12605.75,217.75,88.25,down_only,low,-0.25602755453501724,0.0,0.6934557979334098,0.7333333333333333,12645.25,0.006978905122476819,gap_up
2022-06-02,3,12502.5,12632.5,12442.5,190.0,-47.5,up_only,high,2.3776315789473683,1.4039473684210526,0.0,0.5166666666666667,12550.0,-0.0037848605577689245,gap_down
2022-06-03,4,12673.5,12731.25,12609.25,122.0,-220.75,down_only,low,-0.45286885245901637,0.0,0.8709016393442623,0.08333333333333333,12894.25,-0.017120034123737325,gap_down
2022-06-06,0,12741.5,12810.0,12673.5,136.5,187.5,down_only,low,-0.5366300366300366,0.0,1.031135531135531,0.18333333333333332,12554.0,0.014935478731878286,gap_up
2022-06-07,1,12457.0,12600.25,12412.5,187.75,-143.25,up_only,high,1.59254327563249,0.7456724367509987,0.0,0.5,12600.25,-0.011368822047181603,gap_down
2022-06-08,2,12673.75,12783.0,12627.5,155.5,-37.75,down_only,low,-0.05466237942122187,0.0,0.3102893890675241,0.21666666666666667,12711.5,-0.0029697517995515873,gap_down
2022-06-09,3,12542.75,12654.5,12506.0,148.5,-76.25,both_up_first,high,-1.5808080808080809,0.12626262626262627,1.5892255892255893,0.2,12619.0,-0.006042475631983517,gap_down
2022-06-10,4,12042.0,12090.0,11852.5,237.5,-229.25,down_only,low,-0.06526315789473684,0.0,0.12421052631578948,0.7833333333333333,12271.25,-0.018681878374248753,gap_down
2022-06-13,0,11494.75,11604.5,11412.5,192.0,-342.25,down_only,low,-0.44921875,0.0,0.6627604166666666,0.55,11837.0,-0.028913576075019008,gap_down
2022-06-14,1,11414.75,11442.0,11292.5,149.5,88.5,both_down_first,low,0.3879598662207358,0.08862876254180602,0.3779264214046823,0.23333333333333334,11326.25,0.007813707096346982,gap_up
2022-06-15,2,11487.25,11574.0,11459.75,114.25,136.75,both_up_first,high,1.5054704595185995,1.9277899343544858,0.774617067833698,0.08333333333333333,11350.5,0.012047927404079116,gap_up
2022-06-16,3,11329.0,11349.75,11203.0,146.75,-302.75,down_only,low,-0.252129471890971,0.0,0.9165247018739353,0.21666666666666667,11631.75,-0.02602789777978378,gap_down
2022-06-17,4,11190.5,11348.5,11182.5,166.0,24.5,both_down_first,low,0.661144578313253,0.286144578313253,0.3825301204819277,0.3333333333333333,11166.0,0.0021941608454236075,gap_up
2022-06-21,1,11481.0,11666.25,11475.75,190.5,188.75,up_only,high,0.541994750656168,0.06299212598425197,0.0,0.5833333333333334,11292.25,0.01671500365294782,gap_up
2022-06-22,2,11470.25,11716.0,11446.75,269.25,-108.75,up_only,high,0.4141132776230269,0.11049210770659239,0.0,0.85,11579.0,-0.009392002763623801,gap_down
2022-06-23,3,11660.75,11687.0,11543.0,144.0,102.5,up_only,high,1.3211805555555556,0.5538194444444444,0.0,0.16666666666666666,11558.25,0.008868124499816148,gap_up
2022-06-24,4,11849.5,12082.5,11838.75,243.75,116.25,up_only,high,1.2676923076923077,0.26974358974358975,0.0,0.8,11733.25,0.009907740822022884,gap_up
2022-06-27,0,12189.25,12212.0,12021.0,191.0,41.5,down_only,low,0.1243455497382199,0.0,0.1400523560209424,0.55,12147.75,0.0034162705027680025,gap_up
2022-06-28,1,12064.0,12174.25,12004.75,169.5,19.25,down_only,low,-1.9513274336283186,0.0,1.9896755162241888,0.3,12044.75,0.0015982066875609706,gap_up
2022-06-29,2,11669.25,11747.25,11564.5,182.75,-4.75,none,high,0.6785225718194254,0.009575923392612859,0.0,0.4083333333333333,11674.0,-0.0004068870995374336,flat
2022-06-30,3,11555.0,11588.0,11351.0,237.0,-133.5,up_only,high,0.7890295358649789,0.4092827004219409,0.0,0.7666666666666667,11688.5,-0.011421482653890576,gap_down
2022-07-01,4,11480.25,11617.25,11417.0,200.25,-57.75,both_down_first,low,0.9762796504369539,0.062421972534332085,0.07990012484394507,0.6,11538.0,-0.00500520020800832,gap_down
2022-07-05,1,11453.75,11519.0,11389.25,129.75,-158.75,up_only,high,3.2678227360308285,2.279383429672447,0.0,0.06666666666666667,11612.5,-0.013670613562970937,gap_down
2022-07-06,2,11825.75,11882.5,11754.0,128.5,12.5,up_only,low,1.0252918287937742,0.7140077821011673,0.005836575875486381,0.06666666666666667,11813.25,0.0010581338750978774,gap_up
2022-07-07,3,11919.0,12051.75,11918.25,133.5,33.25,up_only,high,1.6310861423220975,0.8745318352059925,0.0,0.11666666666666667,11885.75,0.0027974675556864314,gap_up
2022-07-08,4,12017.0,12124.5,11978.25,146.25,-119.0,up_only,high,1.2119658119658119,0.5914529914529915,0.0,0.16666666666666666,12136.0,-0.009805537244561634,gap_down
2022-07-11,0,12050.25,12061.75,11853.0,208.75,-105.25,none,none,0.18203592814371258,0.0,0.0,0.6166666666666667,12155.5,-0.008658631895026943,gap_down
2022-07-12,1,11943.5,12025.5,11805.0,220.5,52.5,down_only,low,-0.12131519274376418,0.0,0.4217687074829932,0.7333333333333333,11891.0,0.004415103860062232,gap_up
2022-07-13,2,11543.25,11700.0,11522.5,177.5,-235.0,up_only,high,1.3126760563380282,0.8704225352112676,0.0,0.36666666666666664,11778.25,-0.019952030225203234,gap_down
2022-07-14,3,11642.25,11684.5,11511.25,173.25,-113.25,up_only,high,1.6637806637806638,0.8686868686868687,0.0,0.3333333333333333,11755.5,-0.009633788439453873,gap_down
2022-07-15,4,11923.75,11990.0,11853.5,136.5,124.25,up_only,high,1.1391941391941391,0.17032967032967034,0.0,0.14166666666666666,11799.5,0.01053010720793254,gap_up
2022-07-18,0,12124.25,12186.5,12089.75,96.75,115.25,down_only,low,-1.8888888888888888,0.0,2.405684754521964,0.016666666666666666,12009.0,0.009596968939961696,gap_up
2022-07-19,1,12060.75,12095.5,11993.0,102.5,153.75,up_only,high,2.6926829268292685,1.8682926829268294,0.0,0.03333333333333333,11907.0,0.01291257243638196,gap_up
2022-07-20,2,12289.0,12393.75,12257.5,136.25,20.0,up_only,high,1.5302752293577981,0.908256880733945,0.0,0.16666666666666666,12269.0,0.0016301247045398973,gap_up
2022-07-21,3,12483.5,12541.25,12373.5,167.75,17.5,up_only,high,1.6184798807749627,0.624441132637854,0.0,0.3333333333333333,12466.0,0.0014038183860099471,gap_up
2022-07-22,4,12606.75,12698.5,12542.75,155.75,-38.25,down_only,low,-0.7608346709470305,0.0,1.2776886035313002,0.31666666666666665,12645.0,-0.0030249110320284696,gap_down
2022-07-25,0,12424.25,12444.0,12288.0,156.0,0.0,down_only,low,0.4326923076923077,0.0,0.13782051282051283,0.3333333333333333,12424.25,0.0,flat
2022-07-26,1,12278.5,12291.25,12179.25,112.0,-77.0,down_only,low,-0.6160714285714286,0.0,0.9330357142857143,0.06666666666666667,12355.5,-0.0062320424102626365,gap_down
2022-07-27,2,12302.5,12434.5,12276.5,158.0,192.25,up_only,high,2.1455696202531644,1.6170886075949367,0.0,0.36666666666666664,12110.25,0.015874981936789084,gap_up
2022-07-28,3,12606.5,12654.0,12452.0,202.0,-9.0,up_only,low,1.4195544554455446,0.5470297029702971,0.01485148514851485,0.7,12615.5,-0.0007134081090721731,flat
2022-07-29,4,12803.5,12930.75,12744.25,186.5,64.75,up_only,high,1.2211796246648794,0.435656836461126,0.0,0.5666666666666667,12738.75,0.005082916298694927,gap_up
2022-08-01,0,12897.0,13068.25,12851.75,216.5,-75.0,up_only,high,0.5138568129330254,0.18706697459584296,0.0,0.7833333333333333,12972.0,-0.00578168362627197,gap_down
2022-08-02,1,12864.75,12956.75,12820.0,136.75,-98.25,up_only,high,0.7495429616087751,1.0255941499085923,0.0,0.23333333333333334,12963.0,-0.007579264059245545,gap_down
2022-08-03,2,12993.25,13173.25,12989.5,183.75,70.75,up_only,high,1.5387755102040817,0.745578231292517,0.0,0.5666666666666667,12922.5,0.005474946798220159,gap_up
2022-08-04,3,13274.5,13339.0,13231.5,107.5,2.25,both_down_first,low,0.9232558139534883,0.07209302325581396,0.43488372093023253,0.05,13272.25,0.00016952664393753885,flat
2022-08-05,4,13118.25,13310.0,13114.5,195.5,-212.5,down_only,low,0.571611253196931,0.0,0.15089514066496162,0.7166666666666667,13330.75,-0.015940588489019747,gap_down
2022-08-08,0,13264.25,13419.25,13232.0,187.25,38.0,down_only,low,-0.2683578104138852,0.0,0.595460614152203,0.6166666666666667,13226.25,0.0028730743786031564,gap_up
2022-08-09,1,13101.0,13112.25,12973.25,139.0,-80.75,down_only,low,0.4226618705035971,0.0,0.07194244604316546,0.26666666666666666,13181.75,-0.006125893754622869,gap_down
2022-08-10,2,13340.25,13355.0,13237.75,117.25,308.25,up_only,high,1.328358208955224,0.4520255863539446,0.0,0.11666666666666667,13032.0,0.02365331491712707,gap_up
2022-08-11,3,13489.5,13575.0,13455.5,119.5,96.0,down_only,low,-1.1548117154811715,0.0,1.4267782426778242,0.13333333333333333,13393.5,0.0071676559525142795,gap_up
2022-08-12,4,13402.5,13462.5,13359.25,103.25,85.0,up_only,high,2.1331719128329296,1.1694915254237288,0.0,0.05,13317.5,0.006382579312934109,gap_up
2022-08-15,0,13534.75,13634.5,13534.25,100.25,-44.75,up_only,high,1.5062344139650872,0.713216957605985,0.0,0.03333333333333333,13579.5,-0.0032954085201958834,gap_down
2022-08-16,1,13641.75,13659.25,13558.5,100.75,-43.5,both_down_first,low,0.9454094292803971,0.8089330024813896,0.3548387096774194,0.05,13685.25,-0.003178604702142818,gap_down
2022-08-17,2,13517.25,13565.75,13465.5,100.25,-136.5,both_down_first,low,0.30673316708229426,0.5012468827930174,0.5910224438902744,0.041666666666666664,13653.75,-0.009997253501785224,gap_down
2022-08-18,3,13491.5,13502.25,13422.5,79.75,-4.75,up_only,high,1.3322884012539185,0.9184952978056427,0.0,0.016666666666666666,13496.25,-0.0003519496156339724,flat
2022-08-19,4,13399.0,13425.25,13281.0,144.25,-129.75,down_only,low,-0.12305025996533796,0.0,0.36221837088388215,0.38333333333333336,13528.75,-0.009590686500970155,gap_down
2022-08-22,0,13080.25,13092.25,12964.75,127.5,-183.0,down_only,low,-0.3803921568627451,0.0,0.707843137254902,0.23333333333333334,13263.25,-0.013797523231485496,gap_down
2022-08-23,1,12898.25,13018.5,12866.0,152.5,-18.0,none,none,0.21967213114754097,0.0,0.0,0.48333333333333334,12916.25,-0.0013935933417207006,gap_down
2022-08-24,2,12876.5,12949.25,12851.5,97.75,-23.0,up_only,high,0.8465473145780051,0.6342710997442456,0.0,0.05,12899.5,-0.0017830148455366488,gap_down
2022-08-25,3,13007.5,13101.5,12962.0,139.5,73.25,up_only,high,1.4121863799283154,0.43010752688172044,0.0,0.4,12934.25,0.005663258403077101,gap_up
2022-08-26,4,13146.0,13198.5,12960.5,238.0,-13.0,down_only,low,-1.434873949579832,0.0,1.4464285714285714,0.9666666666666667,13159.0,-0.0009879170149707424,flat
2022-08-29,0,12503.5,12610.25,12478.75,131.5,-115.5,down_only,low,0.12167300380228137,0.0,0.23193916349809887,0.3,12619.0,-0.009152864727791426,gap_down
2022-08-30,1,12563.5,12587.25,12383.5,203.75,68.75,down_only,low,-0.147239263803681,0.0,0.6674846625766871,0.8666666666666667,12494.75,0.005502310970607655,gap_up
2022-08-31,2,12477.25,12513.0,12375.0,138.0,123.75,down_only,low,-0.677536231884058,0.0,0.7155797101449275,0.36666666666666664,12353.5,0.010017403974582102,gap_up
2022-09-01,3,12172.25,12224.0,12095.75,128.25,-109.25,both_down_first,low,1.4775828460038987,0.5886939571150097,0.6081871345029239,0.25,12281.5,-0.00889549322151203,gap_down
2022-09-02,4,12404.75,12415.0,12272.5,142.5,119.5,both_up_first,high,-1.1385964912280702,0.3263157894736842,1.6298245614035087,0.43333333333333335,12285.25,0.00972711178038705,gap_up
2022-09-06,1,12128.25,12169.0,11930.0,239.0,18.0,none,none,0.38389121338912136,0.0,0.0,0.9666666666666667,12110.25,0.0014863442125472223,gap_up
2022-09-07,2,12039.75,12128.25,12029.5,98.75,18.0,up_only,high,2.3544303797468356,1.8025316455696203,0.0,0.06666666666666667,12021.75,0.0014972861688190156,gap_up
2022-09-08,3,12175.75,12286.75,12115.75,171.0,-86.25,up_only,high,1.2309941520467835,0.5423976608187134,0.0,0.6666666666666666,12262.0,-0.007033925950089708,gap_down
2022-09-09,4,12416.75,12545.25,12415.5,129.75,90.5,up_only,high,1.3429672447013488,0.5279383429672447,0.0,0.30833333333333335,12326.25,0.007342054558361221,gap_up
2022-09-12,0,12728.5,12838.25,12719.75,118.5,138.75,none,none,0.890295358649789,0.0,0.0,0.21666666666666667,12589.75,0.01102087015230644,gap_up
2022-09-13,1,12455.25,12508.5,12358.75,149.75,-370.0,down_only,low,-1.5959933222036728,0.0,1.8464106844741235,0.5333333333333333,12825.25,-0.028849340168807625,gap_down
2022-09-14,2,12170.25,12214.0,12098.75,115.25,50.5,both_up_first,low,1.0303687635574836,0.3383947939262473,0.052060737527114966,0.2,12119.75,0.004166752614534129,gap_up
2022-09-15,3,12131.25,12234.0,12106.75,127.25,-86.25,down_only,low,-0.8055009823182712,0.0,1.3300589390962672,0.26666666666666666,12217.5,-0.007059545733578883,gap_down
2022-09-16,4,11866.5,11886.0,11782.0,104.0,-137.75,both_up_first,high,1.3966346153846154,0.6009615384615384,0.03365384615384615,0.16666666666666666,12004.25,-0.011475102567840557,gap_down
2022-09-19,0,11819.75,11935.75,11815.75,120.0,-107.5,up_only,high,1.7604166666666667,0.7916666666666666,0.0,0.2833333333333333,11927.25,-0.009012974491186149,gap_down
2022-09-20,1,11916.5,11948.0,11887.0,61.0,-110.5,both_up_first,high,0.6311475409836066,1.2336065573770492,0.9631147540983607,0.016666666666666666,12027.0,-0.009187661095867631,gap_down
2022-09-21,2,11962.5,11999.0,11938.0,61.0,37.0,both_up_first,high,-3.8401639344262297,2.319672131147541,3.8524590163934427,0.025,11925.5,0.0031025952790239403,gap_up
2022-09-22,3,11642.0,11682.25,11566.25,116.0,-61.75,down_only,low,-0.028017241379310345,0.02586206896551724,0.4849137931034483,0.26666666666666666,11703.75,-0.005276086724340489,gap_down
2022-09-23,4,11461.0,11471.0,11338.25,132.75,-102.0,down_only,low,0.2674199623352166,0.0,0.8229755178907722,0.4666666666666667,11563.0,-0.008821240162587564,gap_down
2022-09-26,0,11352.0,11537.75,11342.5,195.25,-21.75,down_only,low,-0.12419974391805377,0.0,0.2535211267605634,0.85,11373.75,-0.0019122980547312892,gap_down
2022-09-27,1,11470.5,11568.25,11405.25,163.0,152.25,down_only,low,-0.4447852760736196,0.0,1.053680981595092,0.7333333333333333,11318.25,0.013451726194420515,gap_up
2022-09-28,2,11331.0,11409.25,11266.0,143.25,-1.75,up_only,high,2.0087260034904015,1.425828970331588,0.0,0.6,11332.75,-0.00015441971277933424,flat
2022-09-29,3,11387.0,11402.25,11159.0,243.25,-166.75,down_only,low,0.29907502569373073,0.0,0.2774922918807811,1.0,11553.75,-0.014432543546467598,gap_down
2022-09-30,4,11186.5,11275.25,11143.0,132.25,-45.25,both_up_first,high,-0.8525519848771267,0.6200378071833649,0.8979206049149339,0.43333333333333335,11231.75,-0.0040287577625926505,gap_down
2022-10-03,0,11105.0,11214.0,11039.75,174.25,74.75,up_only,high,1.4404591104734576,0.8278335724533716,0.0,0.7666666666666667,11030.25,0.006776818295142903,gap_up
2022-10-04,1,11516.0,11667.25,11514.25,153.0,225.25,up_only,high,0.8464052287581699,0.05065359477124183,0.0,0.65,11290.75,0.019949959037265017,gap_up
2022-10-05,2,11486.0,11539.0,11384.25,154.75,-157.75,both_down_first,low,1.630048465266559,1.111470113085622,0.1147011308562197,0.6666666666666666,11643.75,-0.013548040794417605,gap_down
2022-10-06,3,11590.5,11721.5,11526.75,194.75,-46.0,none,low,0.07958921694480103,0.0,0.0012836970474967907,0.8666666666666667,11636.5,-0.003953078674859279,gap_down
2022-10-07,4,11345.75,11350.0,11204.5,145.5,-196.5,down_only,low,-0.7216494845360825,0.0,1.1082474226804124,0.6166666666666667,11542.25,-0.017024410318612057,gap_down
2022-10-10,0,11108.75,11126.0,10983.0,143.0,9.25,down_only,low,-0.015734265734265736,0.0,0.743006993006993,0.5666666666666667,11099.5,0.0008333708725618271,flat
2022-10-11,1,10920.0,10944.75,10788.5,156.25,-60.75,both_up_first,high,0.3552,0.6064,0.136,0.7166666666666667,10980.75,-0.005532408988457072,gap_down
2022-10-12,2,10865.5,10945.75,10805.5,140.25,21.5,none,none,0.22638146167557932,0.0,0.0,0.5166666666666667,10844.0,0.001982663223902619,gap_up
2022-10-13,3,10523.0,10697.0,10484.75,212.25,-314.25,up_only,high,2.8103651354534747,2.100117785630153,0.0,0.9333333333333333,10837.25,-0.02899720870146947,gap_down
2022-10-14,4,11181.25,11207.5,10860.0,347.5,100.0,down_only,low,-0.32230215827338127,0.0,0.3834532374100719,1.0,11081.25,0.009024252679075015,gap_up
2022-10-17,0,11001.25,11133.25,10999.0,134.25,253.25,up_only,high,0.8361266294227188,0.09683426443202979,0.0,0.43333333333333335,10748.0,0.02356252326014142,gap_up
2022-10-18,1,11403.5,11431.75,11258.5,173.25,292.25,down_only,low,-0.3217893217893218,0.0,1.0216450216450217,0.75,11111.25,0.026302171222859716,gap_up
2022-10-19,2,11129.75,11283.0,11110.0,173.0,-73.0,down_only,high,0.25722543352601157,0.008670520231213872,0.35260115606936415,0.7333333333333333,11202.75,-0.006516257168998683,gap_down
2022-10-20,3,11111.0,11328.75,11091.0,237.75,-43.5,down_only,low,-0.013669821240799159,0.0,0.2092534174553102,0.9333333333333333,11154.5,-0.0038997713927114617,gap_down
2022-10-21,4,11043.75,11225.25,10995.25,230.0,-44.0,up_only,high,1.559782608695652,0.6478260869565218,0.0,0.9166666666666666,11087.75,-0.003968343442086988,gap_down
2022-10-24,0,11359.5,11426.0,11207.75,218.25,5.5,up_only,high,1.2451317296678122,0.41122565864833904,0.0,0.9,11354.0,0.00048441078034172977,flat
2022-10-25,1,11515.75,11664.75,11515.0,149.75,36.25,up_only,high,1.318864774624374,0.41903171953255425,0.0,0.6083333333333333,11479.5,0.0031578030402020993,gap_up
2022-10-26,2,11474.5,11588.5,11433.0,155.5,-238.0,up_only,high,0.12861736334405144,0.7395498392282959,0.0,0.6666666666666666,11712.5,-0.02032017075773746,gap_down
2022-10-27,3,11401.0,11464.0,11263.75,200.25,-52.0,down_only,low,-0.11860174781523096,0.0,0.21722846441947566,0.85,11453.0,-0.004540295119182747,gap_down
2022-10-28,4,11213.75,11399.5,11206.25,193.25,-26.25,up_only,high,1.9573091849935318,1.0659767141009056,0.0,0.7833333333333333,11240.0,-0.002335409252669039,gap_down
2022-10-31,0,11488.25,11522.5,11388.5,134.0,-96.25,down_only,low,0.4458955223880597,0.0,0.15858208955223882,0.4,11584.5,-0.008308515689067288,gap_down
2022-11-01,1,11595.25,11619.0,11375.25,243.75,147.0,down_only,low,-0.18564102564102564,0.0,0.2441025641025641,0.9833333333333333,11448.25,0.012840390452689275,gap_up
2022-11-02,2,11330.0,11341.0,11259.75,81.25,0.0,both_down_first,low,-3.953846153846154,1.4646153846153847,3.9753846153846153,0.06666666666666667,11330.0,0.0,flat
2022-11-03,3,10829.25,10848.5,10708.0,140.5,-109.25,up_only,high,0.11921708185053381,0.2846975088967972,0.0,0.48333333333333334,10938.5,-0.009987658271243772,gap_down
2022-11-04,4,10932.25,10963.75,10724.5,239.25,207.5,down_only,high,0.703239289446186,0.0438871473354232,0.258098223615465,0.95,10724.75,0.01934777034429707,gap_up
2022-11-07,0,10938.75,10968.75,10847.25,121.5,46.0,up_only,high,1.376543209876543,0.5740740740740741,0.0,0.25,10892.75,0.004222992357301875,gap_up
2022-11-08,1,11076.5,11111.5,11006.75,104.75,62.0,both_up_first,high,0.8353221957040573,1.1431980906921242,0.7446300715990454,0.16666666666666666,11014.5,0.0056289436651686415,gap_up
2022-11-09,2,11018.25,11049.0,10961.5,87.5,-76.0,down_only,low,-1.4914285714285713,0.0,1.5914285714285714,0.08333333333333333,11094.25,-0.0068503954751335154,gap_down
2022-11-10,3,11356.5,11469.0,11269.25,199.75,525.5,up_only,high,1.799749687108886,0.8798498122653317,0.0,0.8,10831.0,0.04851814236912566,gap_up
2022-11-11,4,11624.25,11761.25,11569.25,192.0,-4.5,up_only,high,1.4505208333333333,0.6015625,0.0,0.7333333333333333,11628.75,-0.00038697194453402126,flat
2022-11-14,0,11760.25,11816.0,11702.0,114.0,-87.5,up_only,high,0.3530701754385965,0.7236842105263158,0.0,0.15,11847.75,-0.0073853685298896415,gap_down
2022-11-15,1,12021.25,12063.5,11963.0,100.5,279.0,down_only,low,-0.572139303482587,0.0,1.9751243781094527,0.11666666666666667,11742.25,0.023760352572973664,gap_up
2022-11-16,2,11823.75,11836.25,11724.0,112.25,-81.75,down_only,low,0.14699331848552338,0.0,0.155902004454343,0.16666666666666666,11905.5,-0.006866574272395111,gap_down
2022-11-17,3,11551.0,11672.75,11543.75,129.0,-189.5,up_only,high,1.306201550387597,0.7926356589147286,0.0,0.3,11740.5,-0.016140709509816446,gap_down
2022-11-18,4,11837.75,11842.5,11675.75,166.75,125.5,down_only,low,0.1904047976011994,0.0,0.4122938530734633,0.65,11712.25,0.010715276740165211,gap_up
2022-11-21,0,11649.5,11699.75,11587.25,112.5,-58.0,down_only,low,0.0,0.0,0.30444444444444446,0.16666666666666666,11707.5,-0.004954089259021994,gap_down
2022-11-22,1,11617.25,11628.25,11527.25,101.0,30.0,up_only,high,2.222772277227723,1.297029702970297,0.0,0.11666666666666667,11587.25,0.002589052622494552,gap_up
2022-11-23,2,11749.5,11868.25,11745.25,123.0,-2.25,up_only,high,1.0040650406504066,0.1991869918699187,0.028455284552845527,0.3,11751.75,-0.00019146084625694046,flat
2022-11-28,0,11703.5,11788.5,11681.75,106.75,-165.25,down_only,low,-0.6604215456674473,0.0,0.9976580796252927,0.16666666666666666,11868.75,-0.013923117430226435,gap_down
2022-11-29,1,11622.0,11628.0,11561.25,66.75,10.75,both_up_first,high,-0.5655430711610487,0.15730337078651685,1.4419475655430711,0.05,11611.25,0.0009258262460975347,flat
2022-11-30,2,11534.0,11581.5,11518.75,62.75,10.5,both_down_first,low,8.49003984063745,7.52589641434263,0.33067729083665337,0.05,11523.5,0.0009111814986766173,flat
2022-12-01,3,12057.0,12145.0,11956.5,188.5,5.5,down_only,low,0.5490716180371353,0.0,0.07029177718832891,0.7666666666666667,12051.5,0.00045637472513794964,flat
2022-12-02,4,11845.5,11952.75,11837.25,115.5,-214.5,up_only,high,1.5281385281385282,0.8203463203463204,0.0,0.26666666666666666,12060.0,-0.017786069651741294,gap_down
2022-12-05,0,11920.0,11972.25,11864.25,108.0,-93.75,down_only,low,-0.5694444444444444,0.0,1.099537037037037,0.2,12013.75,-0.007803558422640724,gap_down
2022-12-06,1,11799.0,11805.75,11611.0,194.75,-3.75,down_only,low,-0.2490372272143774,0.0,0.5596919127086007,0.8083333333333333,11802.75,-0.0003177225646565419,flat
2022-12-07,2,11509.5,11596.25,11440.5,155.75,-53.0,none,none,0.4333868378812199,0.0,0.0,0.6333333333333333,11562.5,-0.004583783783783784,gap_down
2022-12-08,3,11565.5,11663.75,11477.25,186.5,57.5,up_only,high,0.900804289544236,0.11796246648793565,0.0,0.7333333333333333,11508.0,0.004996524157108099,gap_up
2022-12-09,4,11601.75,11660.75,11550.0,110.75,-43.5,up_only,high,0.18961625282167044,0.5191873589164786,0.0,0.21666666666666667,11645.25,-0.0037354286082308236,gap_down
2022-12-12,0,11693.25,11725.5,11658.75,66.75,122.25,both_down_first,low,2.6254681647940075,1.6329588014981273,0.16853932584269662,0.075,11571.0,0.01056520611874514,gap_up
2022-12-13,1,12288.75,12303.75,12100.0,203.75,454.75,down_only,low,-0.6920245398773006,0.0,1.2417177914110429,0.8666666666666667,11834.0,0.03842741254013858,gap_up
2022-12-14,2,11931.0,12044.0,11930.0,114.0,-28.0,both_up_first,high,-0.5899122807017544,0.2236842105263158,1.763157894736842,0.275,11959.0,-0.002341332887365164,gap_down
2022-12-15,3,11686.25,11715.5,11526.5,189.0,-176.5,down_only,low,-0.3492063492063492,0.0,0.6481481481481481,0.7333333333333333,11862.75,-0.014878506248551138,gap_down
2022-12-16,4,11429.0,11491.5,11337.75,153.75,-31.5,down_only,low,0.02926829268292683,0.0,0.40487804878048783,0.5333333333333333,11460.5,-0.0027485711792679204,gap_down
2022-12-19,0,11354.0,11359.0,11230.25,128.75,11.75,down_only,low,-0.32815533980582523,0.0,0.7650485436893204,0.31666666666666665,11342.25,0.0010359496572549538,gap_up
2022-12-20,1,11133.5,11219.5,11066.75,152.75,-54.5,up_only,high,0.7119476268412439,0.18003273322422259,0.0,0.5,11188.0,-0.004871290668573471,gap_down
2022-12-21,2,11217.5,11303.0,11181.0,122.0,42.0,up_only,high,1.2725409836065573,0.7110655737704918,0.0,0.3,11175.5,0.003758221108675227,gap_up
2022-12-22,3,11203.0,11208.25,11023.25,185.0,-133.25,down_only,low,0.17027027027027028,0.0,0.8256756756756757,0.7,11336.25,-0.011754327930312052,gap_down
2022-12-23,4,10997.0,11054.5,10916.25,138.25,-57.75,up_only,high,1.1844484629294756,0.352622061482821,0.0,0.4166666666666667,11054.75,-0.005223998733576065,gap_down
2022-12-27,1,11051.5,11056.0,10896.0,160.0,-28.5,none,none,0.1421875,0.0,0.0,0.6333333333333333,11080.0,-0.002572202166064982,gap_down
2022-12-28,2,10900.25,10996.5,10861.75,134.75,-18.5,down_only,low,-0.6790352504638218,0.0,0.764378478664193,0.4,10918.75,-0.0016943331425300515,gap_down
2022-12-29,3,10885.5,11016.75,10856.5,160.25,115.25,up_only,high,1.0951638065522622,0.3416536661466459,0.0,0.65,10770.25,0.010700772962558901,gap_up
2022-12-30,4,10911.5,10947.75,10855.5,92.25,-120.5,up_only,high,1.815718157181572,0.8482384823848238,0.0,0.1,11032.0,-0.010922770123277737,gap_down
2023-01-03,1,11119.0,11182.0,10925.25,256.75,96.0,down_only,low,0.06815968841285297,0.0,0.31353456669912366,0.9833333333333333,11023.0,0.008709062868547583,gap_up
2023-01-04,2,11033.5,11046.5,10863.5,183.0,90.75,up_only,high,0.7254098360655737,0.12021857923497267,0.0,0.7,10942.75,0.008293162139315986,gap_up
2023-01-05,3,10922.5,10927.25,10814.75,112.5,-73.75,down_only,low,0.04666666666666667,0.0,0.08666666666666667,0.24166666666666667,10996.25,-0.006706831874502672,gap_down
2023-01-06,4,10891.0,10945.0,10766.25,178.75,71.0,up_only,high,1.9482517482517483,1.234965034965035,0.0,0.6833333333333333,10820.0,0.00656192236598891,gap_up
2023-01-09,0,11199.75,11325.0,11194.75,130.25,85.25,both_up_first,high,-0.05182341650671785,0.46449136276391556,0.2687140115163148,0.4,11114.5,0.00767016060101669,gap_up
2023-01-10,1,11142.75,11283.25,11138.0,145.25,-45.25,both_down_first,low,1.0189328743545611,0.020654044750430294,0.11876075731497418,0.5,11188.0,-0.004044511977118341,gap_down
2023-01-11,2,11323.75,11388.0,11291.0,97.0,37.75,up_only,high,1.9123711340206186,0.9432989690721649,0.0,0.11666666666666667,11286.0,0.0033448520290625555,gap_up
2023-01-12,3,11490.0,11518.75,11311.25,207.5,13.5,up_only,high,1.0650602409638554,0.26987951807228916,0.0,0.9,11476.5,0.001176316821330545,gap_up
2023-01-13,4,11424.0,11522.0,11408.75,113.25,-108.25,up_only,high,1.7549668874172186,0.8609271523178808,0.0,0.2833333333333333,11532.25,-0.009386719850853043,gap_down
2023-01-17,1,11598.75,11685.0,11549.5,135.5,-8.75,none,none,0.5756457564575646,0.0,0.0,0.48333333333333334,11607.5,-0.0007538229592935602,flat
2023-01-18,2,11695.0,11759.5,11672.25,87.25,67.5,down_only,low,-2.2091690544412605,0.0,2.312320916905444,0.08333333333333333,11627.5,0.005805203182111374,gap_up
2023-01-19,3,11407.25,11446.5,11348.75,97.75,-72.25,both_down_first,low,0.12020460358056266,0.0792838874680307,0.4117647058823529,0.15,11479.5,-0.006293828128402805,gap_down
2023-01-20,4,11428.25,11491.75,11383.5,108.25,67.75,up_only,high,2.704387990762125,1.8013856812933025,0.0,0.25,11360.5,0.005963645966286695,gap_up
2023-01-23,0,11704.0,11859.5,11671.75,187.75,27.75,up_only,high,1.3834886817576564,0.6577896138482024,0.0,0.8,11676.25,0.0023766192056524998,gap_up
2023-01-24,1,11860.0,11951.5,11838.25,113.25,-71.5,none,none,0.5960264900662252,0.0,0.0,0.3416666666666667,11931.5,-0.005992540753467711,gap_down
2023-01-25,2,11712.5,11724.0,11614.75,109.25,-193.25,both_down_first,low,2.393592677345538,1.643020594965675,0.09382151029748284,0.26666666666666666,11905.75,-0.016231652772819856,gap_down
2023-01-26,3,12017.75,12075.0,11947.0,128.0,141.5,both_down_first,low,1.234375,0.283203125,0.333984375,0.48333333333333334,11876.25,0.011914535312072413,gap_up
2023-01-27,4,12047.25,12193.25,12041.75,151.5,-57.75,up_only,high,1.198019801980198,0.7607260726072608,0.0,0.65,12105.0,-0.004770755885997522,gap_down
2023-01-30,0,12082.25,12143.25,12027.5,115.75,-141.0,down_only,low,-0.48812095032397407,0.0,0.5831533477321814,0.43333333333333335,12223.25,-0.01153539361462786,gap_down
2023-01-31,1,11974.25,12061.5,11969.0,92.5,3.25,up_only,high,1.9945945945945946,1.0216216216216216,0.0,0.13333333333333333,11971.0,0.0002714894327959235,flat
2023-02-01,2,12143.75,12158.0,12101.25,56.75,-9.75,both_down_first,low,5.629955947136564,6.312775330396476,0.8105726872246696,0.016666666666666666,12153.5,-0.000802238038425145,flat
2023-02-02,3,12681.25,12748.25,12647.25,101.0,260.5,up_only,high,2.0594059405940595,1.8440594059405941,0.0,0.20833333333333334,12420.75,0.020972968621057506,gap_up
2023-02-03,4,12574.25,12834.0,12558.5,275.5,-281.0,up_only,high,0.2395644283121597,0.15970961887477314,0.0,1.0,12855.25,-0.021858773652787773,gap_down
2023-02-06,0,12509.0,12592.25,12473.5,118.75,-115.5,both_down_first,low,0.33473684210526317,0.1368421052631579,0.14947368421052631,0.48333333333333334,12624.5,-0.009148877183254783,gap_down
2023-02-07,1,12504.0,12554.25,12477.0,77.25,-9.25,both_up_first,high,3.822006472491909,3.4207119741100325,0.2297734627831715,0.08333333333333333,12513.25,-0.0007392164305835814,flat
2023-02-08,2,12713.75,12752.0,12655.25,96.75,-58.5,down_only,low,-1.1576227390180878,0.0,1.4728682170542635,0.15,12772.25,-0.004580242322222005,gap_down
2023-02-09,3,12722.5,12728.5,12618.0,110.5,179.25,down_only,low,-1.7262443438914028,0.0,2.276018099547511,0.31666666666666665,12543.25,0.014290554680804417,gap_up
2023-02-10,4,12335.25,12422.0,12284.5,137.5,-92.0,down_only,low,0.44727272727272727,0.0,0.3,0.65,12427.25,-0.007403085960288882,gap_down
2023-02-13,0,12402.25,12473.0,12352.0,121.0,56.25,up_only,high,1.5929752066115703,0.7768595041322314,0.0,0.5,12346.0,0.004556131540579945,gap_up
2023-02-14,1,12474.0,12673.5,12390.5,283.0,-70.75,none,none,0.848939929328622,0.0,0.0,1.0,12544.75,-0.0056398094820542454,gap_down
2023-02-15,2,12553.5,12631.5,12524.25,107.25,-77.25,up_only,high,1.9557109557109558,0.9603729603729604,0.0,0.25,12630.75,-0.006116026364230152,gap_down
2023-02-16,3,12524.0,12622.25,12496.5,125.75,-210.0,both_up_first,high,-0.11928429423459244,0.5725646123260437,0.16500994035785288,0.5333333333333333,12734.0,-0.016491283178891158,gap_down
2023-02-17,4,12390.0,12423.75,12296.25,127.5,-91.5,down_only,low,0.7509803921568627,0.0,0.23921568627450981,0.55,12481.5,-0.00733084965749309,gap_down
2023-02-21,1,12229.0,12290.0,12181.75,108.25,-163.0,down_only,low,-0.7736720554272517,0.0,0.8452655889145496,0.2916666666666667,12392.0,-0.0131536475145255,gap_down
2023-02-22,2,12120.75,12174.5,12040.0,134.5,22.75,both_down_first,low,0.4684014869888476,0.11895910780669144,0.04460966542750929,0.6,12098.0,0.0018804761117540089,gap_up
2023-02-23,3,12252.5,12259.75,12164.75,95.0,149.5,down_only,low,0.4368421052631579,0.0,1.4342105263157894,0.15,12103.0,0.012352309344790547,gap_up
2023-02-24,4,11993.75,12043.0,11934.0,109.0,-212.5,down_only,low,0.5871559633027523,0.0,0.10091743119266056,0.3,12206.25,-0.017409114183307733,gap_down
2023-02-27,0,12131.0,12189.5,12106.25,83.25,133.0,down_only,low,-0.2672672672672673,0.0,0.5735735735735735,0.08333333333333333,11998.0,0.011085180863477246,gap_up
2023-02-28,1,12055.75,12124.0,12041.5,82.5,-28.25,up_only,high,0.2787878787878788,0.5909090909090909,0.0,0.06666666666666667,12084.0,-0.0023378020523005627,gap_down
2023-03-01,2,12052.0,12079.5,11953.0,126.5,-12.5,down_only,low,0.09683794466403162,0.0,0.22332015810276679,0.5333333333333333,12064.5,-0.0010360976418417672,gap_down
2023-03-02,3,11857.5,11931.25,11846.25,85.0,-107.75,up_only,high,2.5823529411764707,1.9411764705882353,0.0,0.1,11965.25,-0.00900524435344017,gap_down
2023-03-03,4,12134.75,12225.5,12111.5,114.0,69.0,up_only,high,1.763157894736842,0.8399122807017544,0.0,0.425,12065.75,0.00571866647328181,gap_up
2023-03-06,0,12360.75,12442.25,12347.25,95.0,48.25,both_up_first,high,-0.24736842105263157,0.4631578947368421,0.3473684210526316,0.175,12312.5,0.003918781725888325,gap_up
2023-03-07,1,12324.25,12362.75,12180.25,182.5,0.5,down_only,low,-0.06164383561643835,0.0,0.20821917808219179,0.8333333333333334,12323.75,4.05720661324678e-05,flat
2023-03-08,2,12185.25,12216.0,12108.25,107.75,16.25,up_only,high,1.1415313225058004,0.35730858468677495,0.0,0.2833333333333333,12169.0,0.0013353603418522475,gap_up
2023-03-09,3,12246.25,12353.5,12230.0,123.5,15.0,down_only,low,-1.811740890688259,0.0,2.0445344129554655,0.5333333333333333,12231.25,0.0012263668880940215,gap_up
2023-03-10,4,12018.0,12027.5,11865.0,162.5,11.75,both_up_first,high,-0.14615384615384616,0.32,0.4307692307692308,0.8166666666666667,12006.25,0.0009786569495054658,flat
2023-03-13,0,11886.5,12067.75,11822.0,245.75,45.25,up_only,high,0.9450661241098678,0.5930824008138352,0.0,0.95,11841.25,0.0038213871001794575,gap_up
2023-03-14,1,12208.5,12309.5,12200.75,108.75,154.25,both_up_first,high,1.174712643678161,0.432183908045977,0.296551724137931,0.31666666666666665,12054.25,0.012796316651803306,gap_up
2023-03-15,2,12210.5,12276.25,12182.25,94.0,-118.0,both_down_first,low,2.231382978723404,1.3962765957446808,0.3191489361702128,0.15,12328.5,-0.009571318489678387,gap_down
2023-03-16,3,12345.25,12435.0,12314.0,121.0,-46.75,up_only,high,3.3264462809917354,2.4855371900826446,0.0,0.5083333333333333,12392.0,-0.0037725952227243382,gap_down
2023-03-17,4,12712.5,12811.25,12669.75,141.5,-4.0,down_only,low,-0.15724381625441697,0.0,0.7084805653710248,0.7333333333333333,12716.5,-0.0003145519600519011,flat
2023-03-20,0,12623.0,12633.0,12529.5,103.5,-24.5,up_only,high,1.5797101449275361,0.7246376811594203,0.0,0.26666666666666666,12647.5,-0.001937141727614153,gap_down
2023-03-21,1,12775.25,12837.25,12734.0,103.25,82.25,both_down_first,low,1.387409200968523,0.5907990314769975,0.20823244552058112,0.26666666666666666,12693.0,0.006479949578507839,gap_up
2023-03-22,2,12872.75,12939.0,12851.25,87.75,-4.5,both_up_first,high,-1.735042735042735,1.6296296296296295,1.7692307692307692,0.11666666666666667,12877.25,-0.0003494534935642315,flat
2023-03-23,3,12855.0,12958.5,12847.25,111.25,156.0,both_up_first,high,0.0,0.651685393258427,1.0224719101123596,0.45,12699.0,0.012284431845027168,gap_up
2023-03-24,4,12826.75,12844.75,12736.25,108.5,-20.5,both_down_first,low,1.4585253456221199,0.47235023041474655,0.07603686635944701,0.38333333333333336,12847.25,-0.0015956722255735664,gap_down
2023-03-27,0,12919.25,12965.25,12880.75,84.5,24.75,down_only,low,-0.9585798816568047,0.0,1.363905325443787,0.08333333333333333,12894.5,0.0019194230098103842,gap_up
2023-03-28,1,12776.25,12777.25,12673.0,104.25,-23.5,down_only,low,0.5707434052757794,0.0,0.37170263788968827,0.3333333333333333,12799.75,-0.001835973358854665,gap_down
2023-03-29,2,12887.25,12932.75,12881.0,51.75,154.75,both_down_first,low,1.7004830917874396,1.183574879227053,0.5120772946859904,0.016666666666666666,12732.5,0.012153936775967013,gap_up
2023-03-30,3,13064.75,13103.5,13028.25,75.25,95.75,both_up_first,high,0.7574750830564784,0.10963455149501661,0.22591362126245848,0.05,12969.0,0.007382990207417688,gap_up
2023-03-31,4,13092.0,13162.75,13080.25,82.5,6.75,up_only,high,2.6818181818181817,1.803030303030303,0.0,0.09166666666666666,13085.25,0.0005158479967902792,flat
2023-04-03,0,13210.0,13268.25,13198.25,70.0,-91.5,both_down_first,low,1.0035714285714286,0.15,0.6321428571428571,0.05,13301.5,-0.006878923429688381,gap_down
2023-04-04,1,13284.75,13326.75,13230.0,96.75,16.25,down_only,low,-0.06718346253229975,0.0,0.6382428940568475,0.2916666666666667,13268.5,0.0012247051286882467,gap_up
2023-04-05,2,13173.75,13182.0,13088.0,94.0,-49.75,down_only,low,-0.09042553191489362,0.0,0.8723404255319149,0.24166666666666667,13223.5,-0.003762241464060196,gap_down
2023-04-06,3,13012.5,13054.0,12953.25,100.75,-67.0,up_only,high,2.163771712158809,1.3598014888337469,0.0,0.36666666666666664,13079.5,-0.005122519974005123,gap_down
2023-04-10,0,13043.75,13050.25,12967.5,82.75,-127.5,up_only,high,2.380664652567976,1.3836858006042296,0.0,0.13333333333333333,13171.25,-0.0096801746227579,gap_down
2023-04-11,1,13159.25,13160.5,13068.5,92.0,-5.25,down_only,low,0.08695652173913043,0.0,0.16304347826086957,0.23333333333333334,13164.5,-0.00039879980249914545,flat
2023-04-12,2,13157.0,13180.5,13033.5,147.0,80.5,down_only,low,-0.5102040816326531,0.0,0.6513605442176871,0.8833333333333333,13076.5,0.0061560815202844794,gap_up
2023-04-13,3,13027.75,13138.25,13019.75,118.5,69.25,up_only,high,1.6033755274261603,0.7573839662447257,0.0,0.6833333333333333,12958.5,0.005343982714048694,gap_up
2023-04-14,4,13139.25,13255.0,13132.5,122.5,-70.5,down_only,low,0.39591836734693875,0.0,0.6081632653061224,0.7333333333333333,13209.75,-0.00533696701300176,gap_down
2023-04-17,0,13162.5,13206.0,13138.25,67.75,-18.5,down_only,low,0.7564575645756457,0.0,0.9077490774907749,0.05,13181.0,-0.0014035353918519082,gap_down
2023-04-18,1,13280.0,13297.75,13167.0,130.75,90.5,down_only,low,0.1701720841300191,0.0,0.22179732313575526,0.8166666666666667,13189.5,0.006861518632245347,gap_up
2023-04-19,2,13085.25,13132.75,13080.5,52.25,-104.0,up_only,high,1.9569377990430623,1.799043062200957,0.0,0.03333333333333333,13189.25,-0.00788520954565271,gap_down
2023-04-20,3,13051.5,13151.75,13046.25,105.5,-131.25,both_up_first,high,0.2914691943127962,0.45734597156398105,0.23222748815165878,0.4666666666666667,13182.75,-0.009956192751891677,gap_down
2023-04-21,4,13057.75,13081.75,12982.5,99.25,-19.25,up_only,high,1.0654911838790933,0.40554156171284633,0.0,0.38333333333333336,13077.0,-0.0014720501644107976,gap_down
2023-04-24,0,13077.5,13134.0,13054.0,80.0,-10.75,down_only,low,0.065625,0.0,1.084375,0.13333333333333333,13088.25,-0.0008213473917445036,flat
2023-04-25,1,12988.25,13015.5,12937.0,78.5,-71.0,down_only,low,-1.6369426751592357,0.0,1.6687898089171975,0.13333333333333333,13059.25,-0.0054367593851101705,gap_down
2023-04-26,2,12950.25,12967.5,12896.5,71.0,141.75,both_up_first,high,-0.19718309859154928,0.6302816901408451,0.4612676056338028,0.1,12808.5,0.011066869656868485,gap_up
2023-04-27,3,13040.75,13092.0,13013.5,78.5,158.25,up_only,high,2.7738853503184715,2.054140127388535,0.0,0.15833333333333333,12882.5,0.012284106345817971,gap_up
2023-04-28,4,13220.25,13292.25,13172.25,120.0,-11.0,up_only,high,1.2625,0.26666666666666666,0.0,0.7166666666666667,13231.25,-0.0008313651393481342,flat
2023-05-01,0,13300.75,13328.25,13279.5,48.75,-23.0,both_down_first,low,0.5025641025641026,0.7230769230769231,0.4256410256410256,0.016666666666666666,13323.75,-0.0017262407355286612,gap_down
2023-05-02,1,13301.0,13313.25,13197.75,115.5,-3.0,down_only,low,-0.11255411255411256,0.0,0.7575757575757576,0.6833333333333333,13304.0,-0.0002254960914010824,flat
2023-05-03,2,13198.75,13242.0,13187.75,54.25,14.0,both_down_first,low,-1.6175115207373272,1.327188940092166,1.7557603686635945,0.06666666666666667,13184.75,0.001061832799256717,gap_up
2023-05-04,3,13082.75,13086.0,13005.0,81.0,-17.25,up_only,low,0.5308641975308642,0.558641975308642,0.040123456790123455,0.2,13100.0,-0.001316793893129771,gap_down
2023-05-05,4,13139.25,13242.0,13124.25,117.75,91.25,up_only,high,1.6963906581740977,0.9936305732484076,0.0,0.7,13048.0,0.006993408951563458,gap_up
2023-05-08,0,13301.0,13310.25,13261.25,49.0,-23.0,both_down_first,low,1.903061224489796,1.1785714285714286,0.1377551020408163,0.03333333333333333,13324.0,-0.0017262083458420895,gap_down
2023-05-09,1,13281.0,13317.5,13274.5,43.0,-73.5,down_only,low,-0.19186046511627908,0.0,0.5581395348837209,0.016666666666666666,13354.5,-0.00550376277659216,gap_down
2023-05-10,2,13366.5,13433.75,13321.25,112.5,100.25,both_down_first,low,0.7933333333333333,0.11555555555555555,0.5244444444444445,0.6833333333333333,13266.25,0.00755676999905776,gap_up
2023-05-11,3,13427.25,13433.25,13372.25,61.0,16.75,both_down_first,low,1.2295081967213115,0.6065573770491803,0.1762295081967213,0.11666666666666667,13410.5,0.0012490212892882443,gap_up
2023-05-12,4,13468.0,13487.25,13402.25,85.0,20.75,down_only,low,-0.05588235294117647,0.0,1.0794117647058823,0.35833333333333334,13447.25,0.0015430664262209746,gap_up
2023-05-15,0,13416.75,13428.25,13351.5,76.75,19.25,up_only,high,1.5700325732899023,0.6742671009771987,0.0,0.2,13397.5,0.0014368352304534428,gap_up
2023-05-16,1,13436.0,13515.75,13434.5,81.25,-36.0,up_only,high,0.5876923076923077,0.47692307692307695,0.0,0.2833333333333333,13472.0,-0.002672209026128266,gap_down
2023-05-17,2,13525.0,13540.0,13475.5,64.5,42.75,up_only,high,2.624031007751938,2.0,0.0,0.13333333333333333,13482.25,0.003170835728457787,gap_up
2023-05-18,3,13653.75,13775.75,13652.75,123.0,9.0,up_only,high,1.9268292682926829,1.0203252032520325,0.0,0.8666666666666667,13644.75,0.0006595943494750728,flat
2023-05-19,4,13898.25,13929.0,13861.75,67.25,8.5,down_only,low,-0.05204460966542751,0.0,0.7063197026022305,0.15,13889.75,0.0006119620583523821,flat
2023-05-22,0,13848.0,13946.75,13847.0,99.75,-10.25,none,none,0.581453634085213,0.0,0.0,0.5666666666666667,13858.25,-0.0007396316273699782,flat
2023-05-23,1,13831.0,13878.0,13822.25,55.75,-74.0,down_only,low,-1.7354260089686098,0.0,2.013452914798206,0.11666666666666667,13905.0,-0.005321826681049982,gap_down
2023-05-24,2,13643.25,13675.0,13586.0,89.0,-82.25,both_down_first,low,0.75,0.3455056179775281,0.21910112359550563,0.45,13725.5,-0.0059924957196459145,gap_down
2023-05-25,3,13954.75,13965.75,13851.25,114.5,302.0,up_only,high,1.1091703056768558,0.5720524017467249,0.0,0.7666666666666667,13652.75,0.022120085697020748,gap_up
2023-05-26,4,14018.5,14205.0,14014.75,190.25,40.25,up_only,high,1.6727989487516426,0.859395532194481,0.0,0.9833333333333333,13978.25,0.002879473467708762,gap_up
2023-05-30,1,14510.0,14559.5,14400.0,159.5,177.0,down_only,low,-0.018808777429467086,0.0,0.39655172413793105,0.9333333333333333,14333.0,0.01234912439824182,gap_up
2023-05-31,2,14330.0,14412.25,14274.25,138.0,-67.0,down_only,low,0.19927536231884058,0.0,0.16666666666666666,0.8833333333333333,14397.0,-0.004653747308467042,gap_down
2023-06-01,3,14298.0,14342.0,14252.0,90.0,-3.75,up_only,high,2.4583333333333335,2.0694444444444446,0.0,0.45,14301.75,-0.0002622056741307882,flat
2023-06-02,4,14543.25,14627.75,14468.25,159.5,70.0,none,none,0.6974921630094044,0.0,0.0,0.9416666666666667,14473.25,0.004836508731625585,gap_up
2023-06-05,0,14568.25,14652.25,14567.75,84.5,-11.25,both_up_first,high,0.23076923076923078,0.5029585798816568,0.2869822485207101,0.39166666666666666,14579.5,-0.000771631400253781,flat
2023-06-06,1,14561.0,14581.75,14504.5,77.25,-26.25,up_only,high,1.0258899676375404,0.5436893203883495,0.0,0.26666666666666666,14587.25,-0.0017995167012288128,gap_down
2023-06-07,2,14592.25,14675.0,14531.25,143.75,8.5,down_only,low,-1.3878260869565218,0.0,1.5704347826086957,0.9333333333333333,14583.75,0.0005828404902717065,flat
2023-06-08,3,14338.0,14423.25,14328.0,95.25,6.25,up_only,high,1.8031496062992125,1.05249343832021,0.0,0.55,14331.75,0.0004360946848779807,flat
2023-06-09,4,14561.75,14687.5,14557.0,130.5,62.0,down_only,low,-0.0038314176245210726,0.0,0.46551724137931033,0.8666666666666667,14499.75,0.004275935791996414,gap_up
2023-06-12,0,14804.0,14819.25,14764.0,55.25,247.5,up_only,high,4.04524886877828,3.1040723981900453,0.0,0.11666666666666667,14556.5,0.017002713564387043,gap_up
2023-06-13,1,15097.0,15130.0,14963.0,167.0,109.5,none,none,0.7994011976047904,0.0,0.0,0.9833333333333333,14987.5,0.007306088407005838,gap_up
2023-06-14,2,15095.5,15171.75,15052.5,119.25,-1.0,both_up_first,high,1.2641509433962264,0.3710691823899371,0.6415094339622641,0.8,15096.5,-6.624051932567151e-05,flat
2023-06-15,3,15141.0,15270.25,15114.5,155.75,-62.25,up_only,high,1.6886035313001606,1.0963081861958266,0.0,0.9333333333333333,15203.25,-0.004094519263973163,gap_down
2023-06-16,4,15471.0,15475.5,15333.0,142.5,93.5,down_only,low,-0.4087719298245614,0.0,0.5228070175438596,0.8833333333333333,15377.5,0.0060803121443667695,gap_up
2023-06-20,1,15211.5,15310.75,15130.5,180.25,-63.25,none,low,0.6823855755894591,0.0,0.022191400832177532,0.9833333333333333,15274.75,-0.004140820635362281,gap_down
2023-06-21,2,15201.75,15219.25,15076.0,143.25,-51.75,down_only,low,-0.21465968586387435,0.0,0.5148342059336823,0.8666666666666667,15253.5,-0.0033926639787589734,gap_down
2023-06-22,3,14981.5,15149.0,14964.0,185.0,-63.75,up_only,high,1.3486486486486486,0.372972972972973,0.0,0.9833333333333333,15045.25,-0.004237217726524983,gap_down
2023-06-23,4,15043.5,15087.75,14985.25,102.5,-170.0,up_only,high,0.7292682926829268,0.6585365853658537,0.0,0.6,15213.5,-0.011174285995990404,gap_down
2023-06-26,0,15036.5,15152.5,15024.5,128.0,-23.5,down_only,low,-1.306640625,0.0,1.3359375,0.7666666666666667,15060.0,-0.0015604249667994687,gap_down
2023-06-27,1,14917.75,14979.0,14888.0,91.0,60.5,up_only,high,2.42032967032967,1.760989010989011,0.0,0.45,14857.25,0.004072086018610443,gap_up
2023-06-28,2,15029.5,15144.75,15025.5,119.25,-78.75,up_only,high,0.9559748427672956,0.6226415094339622,0.0,0.6916666666666667,15108.25,-0.0052123839624046465,gap_down
2023-06-29,3,15119.25,15144.75,15035.25,109.5,-20.25,down_only,low,0.6210045662100456,0.0,0.06164383561643835,0.5833333333333334,15139.5,-0.0013375606856236995,gap_down
2023-06-30,4,15252.0,15376.75,15238.5,138.25,148.75,none,none,0.6690777576853526,0.0,0.0,0.8166666666666667,15103.25,0.009848873586810785,gap_up
2023-07-05,2,15293.5,15423.5,15292.5,131.0,-37.5,up_only,high,0.5133587786259542,0.0648854961832061,0.0,0.7833333333333333,15331.0,-0.002446024395016633,gap_down
2023-07-06,3,15196.0,15214.25,15111.5,102.75,-163.75,up_only,high,1.2092457420924574,0.36739659367396593,0.0,0.5166666666666667,15359.75,-0.010660980810234541,gap_down
2023-07-07,4,15220.5,15278.0,15188.75,89.25,-15.25,both_down_first,low,-0.06162464985994398,0.9159663865546218,0.18487394957983194,0.38333333333333336,15235.75,-0.0010009353001985462,gap_down
2023-07-10,0,15168.5,15214.75,15085.5,129.25,-14.75,down_only,low,0.8085106382978723,0.0,0.172147001934236,0.7333333333333333,15183.25,-0.0009714652660003623,flat
2023-07-11,1,15202.0,15233.5,15109.5,124.0,12.0,up_only,high,1.2016129032258065,0.3649193548387097,0.0,0.7166666666666667,15190.0,0.0007899934167215273,flat
2023-07-12,2,15430.25,15507.75,15408.5,99.25,171.75,down_only,low,0.4357682619647355,0.0,0.6498740554156172,0.4583333333333333,15258.5,0.011256021234066257,gap_up
2023-07-13,3,15576.25,15621.5,15552.25,69.25,124.5,up_only,high,2.220216606498195,1.7292418772563176,0.0,0.2,15451.75,0.008057339783519666,gap_up
2023-07-14,4,15722.0,15857.25,15721.5,135.75,16.0,down_only,low,-0.13627992633517497,0.0,0.430939226519337,0.8,15706.0,0.0010187189609066599,gap_up
2023-07-17,0,15729.75,15781.5,15708.75,72.75,26.75,up_only,high,1.8625429553264605,1.3917525773195876,0.0,0.21666666666666667,15703.0,0.0017034961472330128,gap_up
2023-07-18,1,15815.25,15816.0,15733.0,83.0,-29.0,up_only,high,2.891566265060241,2.575301204819277,0.0,0.3333333333333333,15844.25,-0.0018303169919686954,gap_down
2023-07-19,2,16012.75,16037.0,15971.0,66.0,39.75,both_up_first,high,-0.21212121212121213,0.39015151515151514,0.9053030303030303,0.15,15973.0,0.0024885744694171414,gap_up
2023-07-20,3,15833.75,15895.0,15745.25,149.75,-123.25,down_only,low,-1.0500834724540902,0.0,1.323873121869783,0.8833333333333333,15957.0,-0.007723882935388857,gap_down
2023-07-21,4,15688.25,15719.25,15550.5,168.75,100.25,down_only,low,-0.07703703703703704,0.0,0.1674074074074074,0.95,15588.0,0.0064312291506286885,gap_up
2023-07-24,0,15578.5,15618.75,15483.75,135.0,41.0,none,none,0.5925925925925926,0.0,0.0,0.75,15537.5,0.0026387771520514883,gap_up
2023-07-25,1,15589.0,15672.25,15587.75,84.5,25.25,up_only,high,0.9585798816568047,0.757396449704142,0.0,0.325,15563.75,0.0016223596498273231,gap_up
2023-07-26,2,15619.0,15639.25,15566.0,73.25,-49.75,both_down_first,low,0.6382252559726962,0.6177474402730375,0.6962457337883959,0.21666666666666667,15668.75,-0.003175109692859992,gap_down
2023-07-27,3,15834.75,15904.0,15770.5,133.5,222.0,down_only,low,-1.5318352059925093,0.0,1.9419475655430711,0.7333333333333333,15612.75,0.014219147811884518,gap_up
2023-07-28,4,15737.75,15829.25,15715.75,113.5,171.75,up_only,high,1.1806167400881058,0.5881057268722467,0.0,0.5333333333333333,15566.0,0.011033663111910574,gap_up
2023-07-31,0,15860.0,15905.0,15805.25,99.75,10.25,down_only,low,0.5789473684210527,0.0,0.05012531328320802,0.4583333333333333,15849.75,0.0006466978974431773,flat
2023-08-01,1,15796.5,15815.25,15728.25,87.0,-66.5,up_only,high,1.0172413793103448,0.39080459770114945,0.0,0.3333333333333333,15863.0,-0.004192145243648742,gap_down
2023-08-02,2,15667.5,15668.75,15524.5,144.25,-149.25,down_only,low,-0.389948006932409,0.0,0.7660311958405546,0.85,15816.75,-0.009436198966285742,gap_down
2023-08-03,3,15358.0,15466.75,15351.25,115.5,-110.25,up_only,high,0.683982683982684,0.49134199134199136,0.0,0.5666666666666667,15468.25,-0.007127503111211676,gap_down
2023-08-04,4,15511.5,15583.5,15392.75,190.75,81.25,both_up_first,high,-0.182175622542595,0.1402359108781127,0.2948885976408912,1.0,15430.25,0.005265630822572544,gap_up
2023-08-07,0,15433.5,15473.25,15357.0,116.25,75.5,both_down_first,low,1.113978494623656,0.15483870967741936,0.1956989247311828,0.55,15358.0,0.004916004688110431,gap_up
2023-08-08,1,15379.0,15379.5,15244.0,135.5,-107.5,down_only,low,0.7841328413284133,0.0,0.1918819188191882,0.7166666666666667,15486.5,-0.006941529719433055,gap_down
2023-08-09,2,15361.0,15368.5,15257.25,111.25,10.75,down_only,low,-0.6921348314606741,0.0,0.9955056179775281,0.4666666666666667,15350.25,0.0007003143271282227,flat
2023-08-10,3,15300.75,15442.25,15273.25,169.0,120.5,down_only,low,-0.43047337278106507,0.0,0.8121301775147929,0.9333333333333333,15180.25,0.00793794568600649,gap_up
2023-08-11,4,15091.75,15174.25,15052.0,122.25,-108.75,down_only,low,0.40081799591002043,0.0,0.12065439672801637,0.55,15200.5,-0.007154369922042038,gap_down
2023-08-14,0,15068.25,15173.0,15035.0,138.0,-32.75,up_only,high,1.7210144927536233,0.7282608695652174,0.0,0.725,15101.0,-0.002168730547645851,gap_down
2023-08-15,1,15225.0,15259.25,15113.0,146.25,-47.5,down_only,low,-0.05299145299145299,0.0,0.26153846153846155,0.8166666666666667,15272.5,-0.003110165329841218,gap_down
2023-08-16,2,15079.75,15144.0,15051.0,93.0,-25.5,down_only,low,-1.2043010752688172,0.0,1.2123655913978495,0.2833333333333333,15105.25,-0.0016881547806226313,gap_down
2023-08-17,3,14994.25,15007.5,14882.0,125.5,55.25,down_only,low,-0.8745019920318725,0.0,1.0159362549800797,0.55,14939.0,0.003698373385099404,gap_up
2023-08-18,4,14632.25,14697.0,14609.25,87.75,-140.0,up_only,high,1.606837606837607,1.205128205128205,0.0,0.2,14772.25,-0.009477229264330079,gap_down
2023-08-21,0,14808.75,14932.5,14805.5,127.0,58.5,both_down_first,low,1.4291338582677164,0.639763779527559,0.13188976377952755,0.55,14750.25,0.0039660344739919666,gap_up
2023-08-22,1,15091.5,15092.25,14997.75,94.5,104.5,down_only,low,-0.3968253968253968,0.0,0.6957671957671958,0.26666666666666666,14987.0,0.006972709681724161,gap_up
2023-08-23,2,15009.25,15145.0,14999.5,145.5,49.0,up_only,high,1.3642611683848798,0.6701030927835051,0.0,0.8,14960.25,0.0032753463344529672,gap_up
2023-08-24,3,15335.5,15339.75,15071.75,268.0,137.5,down_only,low,-0.792910447761194,0.0,0.8097014925373134,1.0,15198.0,0.009047243058297145,gap_up
2023-08-25,4,14897.25,15048.75,14870.0,178.75,38.0,down_only,low,0.6013986013986014,0.0,0.6615384615384615,0.9333333333333333,14859.25,0.0025573296095024985,gap_up
2023-08-28,0,15097.5,15126.5,15004.5,122.0,120.0,down_only,low,0.7028688524590164,0.0,0.1721311475409836,0.48333333333333334,14977.5,0.00801201802704056,gap_up
2023-08-29,1,15076.75,15297.5,15062.75,234.75,-13.5,up_only,high,1.4941427050053249,0.5665601703940362,0.0,0.9833333333333333,15090.25,-0.0008946173853978562,flat
2023-08-30,2,15416.25,15507.25,15375.0,132.25,2.75,up_only,high,0.9603024574669187,0.11720226843100189,0.0,0.6166666666666667,15413.5,0.000178415025789081,flat
2023-08-31,3,15492.25,15594.25,15488.75,105.5,-9.75,up_only,high,0.41232227488151657,0.11848341232227488,0.0,0.3333333333333333,15502.0,-0.0006289511030834731,flat
2023-09-01,4,15633.0,15652.75,15498.75,154.0,100.75,down_only,low,0.137987012987013,0.0,0.2905844155844156,0.8333333333333334,15532.25,0.006486503887073669,gap_up
2023-09-05,1,15481.75,15523.5,15442.75,80.75,-38.25,up_only,high,1.1269349845201238,0.7832817337461301,0.0,0.1,15520.0,-0.002464561855670103,gap_down
2023-09-06,2,15499.5,15514.25,15385.5,128.75,-34.25,down_only,low,0.0970873786407767,0.0,0.5825242718446602,0.55,15533.75,-0.0022048764786352297,gap_down
2023-09-07,3,15200.5,15241.0,15157.5,83.5,-197.5,up_only,high,1.4281437125748504,0.8473053892215568,0.0,0.13333333333333333,15398.0,-0.012826341083257566,gap_down
2023-09-08,4,15273.0,15390.75,15270.0,120.75,-3.75,down_only,low,0.20910973084886128,0.0,0.11801242236024845,0.45,15276.75,-0.00024547105896214835,flat
2023-09-11,0,15618.75,15646.75,15537.25,109.5,323.5,up_only,high,1.2488584474885844,0.4497716894977169,0.0,0.3416666666666667,15295.25,0.021150357137019665,gap_up
2023-09-12,1,15600.5,15658.75,15580.25,78.5,-73.5,down_only,low,-1.0509554140127388,0.0,1.2292993630573248,0.08333333333333333,15674.0,-0.004689294372846753,gap_down
2023-09-13,2,15503.75,15561.5,15454.25,107.25,6.0,up_only,high,0.9347319347319347,0.5431235431235432,0.0,0.35,15497.75,0.00038715297381878015,flat
2023-09-14,3,15620.0,15638.75,15531.0,107.75,65.5,up_only,high,1.3132250580046403,0.703016241299304,0.0,0.36666666666666664,15554.5,0.004211000032145039,gap_up
2023-09-15,4,15610.5,15627.5,15469.25,158.25,-62.0,down_only,low,-0.4960505529225908,0.0,0.7109004739336493,0.8833333333333333,15672.5,-0.003955973839527835,gap_down
2023-09-18,0,15355.75,15439.5,15343.0,96.5,-35.0,up_only,high,0.727979274611399,0.22279792746113988,0.0,0.26666666666666666,15390.75,-0.002274093205334373,gap_down
2023-09-19,1,15355.0,15373.25,15273.0,100.25,-58.25,both_down_first,low,1.0399002493765586,0.34663341645885287,0.24438902743142144,0.31666666666666665,15413.25,-0.0037792159343422054,gap_down
2023-09-20,2,15419.25,15435.25,15361.0,74.25,42.0,down_only,low,-2.8114478114478114,0.0,2.8754208754208754,0.08333333333333333,15377.25,0.0027313076135199728,gap_up
2023-09-21,3,14988.0,15020.25,14919.0,101.25,-164.25,down_only,low,-0.5654320987654321,0.0,0.5901234567901235,0.35,15152.25,-0.010839974261248329,gap_down
2023-09-22,4,14937.5,14964.0,14888.0,76.0,75.75,both_up_first,high,-0.27960526315789475,0.8355263157894737,0.46710526315789475,0.1,14861.75,0.005096977139300554,gap_up
2023-09-25,0,14824.5,14896.5,14782.5,114.0,-42.25,up_only,high,1.3530701754385965,0.375,0.0,0.5,14866.75,-0.0028419123211192764,gap_down
2023-09-26,1,14825.0,14846.25,14724.5,121.75,-111.75,down_only,low,-0.1293634496919918,0.0,0.4784394250513347,0.55,14936.75,-0.007481547190653924,gap_down
2023-09-27,2,14753.0,14806.0,14706.0,100.0,44.25,both_down_first,low,0.3775,0.155,1.2,0.3333333333333333,14708.75,0.003008413359394918,gap_up
2023-09-28,3,14695.0,14773.25,14658.0,115.25,-48.75,up_only,high,1.7396963123644251,1.5119305856832972,0.0,0.5166666666666667,14743.75,-0.0033064857990674013,gap_down
2023-09-29,4,15001.5,15060.75,14970.0,90.75,143.0,down_only,low,-1.121212121212121,0.0,1.7520661157024793,0.25,14858.5,0.009624120873574048,gap_up
2023-10-02,0,14873.75,14992.25,14847.75,144.5,5.5,up_only,high,0.9705882352941176,0.3719723183391003,0.0,0.8166666666666667,14868.25,0.00036991576009281525,flat
2023-10-03,1,14880.25,14974.75,14770.75,204.0,-107.75,down_only,low,-0.2512254901960784,0.0,0.5845588235294118,0.9666666666666667,14988.0,-0.007189084601014145,gap_down
2023-10-04,2,14753.0,14834.5,14734.5,100.0,33.5,up_only,high,1.8525,1.215,0.0,0.3416666666666667,14719.5,0.0022758925235232177,gap_up
2023-10-05,3,14909.0,14926.5,14763.5,163.0,-10.75,down_only,low,0.6288343558282209,0.0,0.2898773006134969,0.8833333333333333,14919.75,-0.0007205214564587209,flat
2023-10-06,4,14736.75,14844.75,14702.25,142.5,-129.25,up_only,high,2.8842105263157896,2.2140350877192985,0.0,0.75,14866.0,-0.008694336068882013,gap_down
2023-10-09,0,15012.25,15066.75,14949.5,117.25,-101.0,up_only,high,2.0575692963752665,1.2452025586353945,0.0,0.5333333333333333,15113.25,-0.006682877607397482,gap_down
2023-10-10,1,15201.0,15295.0,15180.0,115.0,10.25,up_only,high,0.7847826086956522,0.7695652173913043,0.0,0.4666666666666667,15190.75,0.0006747527278113325,flat
2023-10-11,2,15325.25,15387.25,15300.75,86.5,55.0,down_only,low,0.8815028901734104,0.0,0.5520231213872833,0.15,15270.25,0.0036017746926212736,gap_up
2023-10-12,3,15392.75,15461.0,15366.0,95.0,15.75,both_up_first,high,-0.5342105263157895,0.08157894736842106,1.5763157894736841,0.23333333333333334,15377.0,0.0010242570072185732,gap_up
2023-10-13,4,15342.25,15366.75,15266.25,100.5,27.0,down_only,low,-1.4402985074626866,0.0,2.029850746268657,0.3333333333333333,15315.25,0.0017629486949282578,gap_up
2023-10-16,0,15175.75,15300.5,15168.75,131.75,54.25,up_only,high,0.9468690702087287,0.27514231499051234,0.0,0.6833333333333333,15121.5,0.003587607049565189,gap_up
2023-10-17,1,15138.5,15204.25,15050.25,154.0,-155.0,up_only,high,1.2386363636363635,0.6818181818181818,0.0,0.8583333333333333,15293.5,-0.010135024683689148,gap_down
2023-10-18,2,15130.75,15223.75,15121.75,102.0,-110.25,down_only,low,-0.9632352941176471,0.0,1.3970588235294117,0.35,15241.0,-0.007233777311200052,gap_down
2023-10-19,3,15087.5,15109.0,15003.0,106.0,64.0,both_down_first,low,-1.1061320754716981,0.2759433962264151,1.4221698113207548,0.36666666666666664,15023.5,0.004259992678137584,gap_up
2023-10-20,4,14862.5,14886.0,14760.25,125.75,-23.25,down_only,low,-0.7872763419483101,0.0,0.8628230616302187,0.65,14885.75,-0.0015618964445862655,gap_down
2023-10-23,0,14602.5,14687.75,14514.25,173.5,-58.75,up_only,high,1.106628242074928,0.9567723342939481,0.0,0.9166666666666666,14661.25,-0.004007161735868361,gap_down
2023-10-24,1,14778.25,14849.5,14758.5,91.0,72.0,both_up_first,high,0.9642857142857143,0.3131868131868132,0.5769230769230769,0.16666666666666666,14706.25,0.004895877603059924,gap_up
2023-10-25,2,14741.5,14749.25,14596.75,152.5,-104.75,down_only,low,-0.7901639344262295,0.0,0.9540983606557377,0.8166666666666667,14846.25,-0.0070556537846257475,gap_down
2023-10-26,3,14420.75,14459.0,14269.75,189.25,-55.5,down_only,low,-0.39762219286657857,0.0,0.6842800528401585,0.9333333333333333,14476.25,-0.0038338658146964857,gap_down
2023-10-27,4,14307.0,14369.5,14291.0,78.5,112.5,both_down_first,low,-0.3184713375796178,0.4872611464968153,1.035031847133758,0.058333333333333334,14194.5,0.007925604987847406,gap_up
2023-10-30,0,14365.75,14476.5,14330.75,145.75,99.75,down_only,low,0.6037735849056604,0.0,0.1680960548885077,0.7833333333333333,14266.0,0.0069921491658488715,gap_up
2023-10-31,1,14419.25,14428.75,14311.25,117.5,0.5,up_only,high,1.5170212765957447,0.6382978723404256,0.0,0.5166666666666667,14418.75,3.467706978760295e-05,flat
2023-11-01,2,14520.25,14638.5,14515.25,123.25,30.75,up_only,high,1.845841784989858,1.002028397565923,0.0,0.6,14489.5,0.002122226439835743,gap_up
2023-11-02,3,14920.5,14952.5,14869.5,83.0,177.75,up_only,high,1.5662650602409638,0.6746987951807228,0.0,0.1,14742.75,0.012056773668413288,gap_up
2023-11-03,4,15051.0,15163.25,15040.5,122.75,51.5,up_only,high,1.0916496945010183,0.5315682281059063,0.0,0.6,14999.5,0.00343344778159272,gap_up
2023-11-06,0,15204.0,15257.5,15185.0,72.5,29.5,down_only,low,0.6724137931034483,0.0,0.6482758620689655,0.016666666666666666,15174.5,0.0019440508748228937,gap_up
2023-11-07,1,15275.75,15344.25,15224.0,120.25,42.0,up_only,high,1.2577962577962578,0.5654885654885655,0.0,0.55,15233.75,0.0027570361860999423,gap_up
2023-11-08,2,15388.5,15417.5,15339.75,77.75,13.25,down_only,low,0.5659163987138264,0.0,0.6816720257234726,0.06666666666666667,15375.25,0.0008617746052909709,flat
2023-11-09,3,15404.5,15432.75,15352.5,80.25,20.75,both_down_first,low,-1.1682242990654206,0.2616822429906542,1.442367601246106,0.11666666666666667,15383.75,0.0013488258714552694,gap_up
2023-11-10,4,15327.75,15390.75,15305.5,85.25,69.0,up_only,high,3.4222873900293256,2.5073313782991202,0.0,0.18333333333333332,15258.75,0.004521995576308675,gap_up
2023-11-13,0,15529.75,15539.0,15465.25,73.75,-67.5,up_only,high,1.11864406779661,0.6847457627118644,0.0,0.03333333333333333,15597.25,-0.004327685970283223,gap_down
2023-11-14,1,15812.0,15887.5,15790.25,97.25,264.25,up_only,high,0.910025706940874,0.3213367609254499,0.0,0.31666666666666665,15547.75,0.016996028364232765,gap_up
2023-11-15,2,15957.25,15973.5,15906.0,67.5,78.5,down_only,high,-0.22962962962962963,0.05555555555555555,1.0888888888888888,0.016666666666666666,15878.75,0.004943714083287413,gap_up
2023-11-16,3,15850.75,15905.75,15825.25,80.5,-39.75,down_only,low,0.8944099378881988,0.012422360248447204,0.35403726708074534,0.16666666666666666,15890.5,-0.002501494603694031,gap_down
2023-11-17,4,15862.75,15880.75,15827.0,53.75,-34.5,both_down_first,low,1.3116279069767443,1.1023255813953488,0.037209302325581395,0.016666666666666666,15897.25,-0.002170186667505386,gap_down
2023-11-20,0,15895.0,16002.25,15894.75,107.5,-2.5,up_only,high,1.802325581395349,1.0651162790697675,0.0,0.5166666666666667,15897.5,-0.00015725743041358704,flat
2023-11-21,1,16013.0,16020.75,15922.0,98.75,-75.5,none,low,0.6734177215189874,0.0,0.053164556962025315,0.36666666666666664,16088.5,-0.004692792988780806,gap_down
2023-11-22,2,16069.75,16173.5,16005.5,168.0,81.25,none,none,0.25297619047619047,0.0,0.0,0.95,15988.5,0.005081777527597961,gap_up
2023-11-27,0,15999.0,16050.25,15970.25,80.0,-49.0,up_only,high,0.465625,0.4875,0.0,0.16666666666666666,16048.0,-0.0030533399800598206,gap_down
2023-11-28,1,15974.5,16007.5,15958.5,49.0,-33.0,up_only,high,1.8265306122448979,1.3061224489795917,0.0,0.016666666666666666,16007.5,-0.0020615336560987035,gap_down
2023-11-29,2,16147.25,16208.5,16085.0,123.5,99.25,down_only,low,-0.4777327935222672,0.0,0.5789473684210527,0.7666666666666667,16048.0,0.0061845712861415755,gap_up
2023-11-30,3,16032.5,16051.5,15918.75,132.75,6.5,down_only,low,0.4689265536723164,0.0,0.4726930320150659,0.8166666666666667,16026.0,0.0004055909147635093,flat
2023-12-01,4,15933.5,15963.5,15873.5,90.0,-47.5,both_down_first,low,1.6833333333333333,0.9611111111111111,0.10555555555555556,0.3,15981.0,-0.0029722795820036293,gap_down
2023-12-04,0,15862.5,15876.5,15746.75,129.75,-162.5,both_down_first,low,0.9595375722543352,0.07129094412331406,0.19653179190751446,0.7833333333333333,16025.0,-0.01014040561622465,gap_down
2023-12-05,1,15791.25,15936.75,15783.25,153.5,-80.0,up_only,high,0.8387622149837134,0.15798045602605862,0.0,0.8833333333333333,15871.25,-0.005040560762384815,gap_down
2023-12-06,2,16033.5,16037.75,15875.75,162.0,121.5,down_only,low,-0.375,0.0,0.45524691358024694,0.9166666666666666,15912.0,0.007635746606334841,gap_up
2023-12-07,3,15934.25,15997.0,15887.5,109.5,119.25,up_only,high,1.3493150684931507,0.6301369863013698,0.0,0.55,15815.0,0.007540309832437559,gap_up
2023-12-08,4,15956.0,16113.5,15947.25,166.25,-79.25,up_only,high,0.9112781954887218,0.031578947368421054,0.0,0.9333333333333333,16035.25,-0.004942236634913706,gap_down
2023-12-11,0,16290.25,16387.5,16281.5,106.0,191.5,up_only,high,1.5683962264150944,0.6792452830188679,0.0,0.49166666666666664,16098.75,0.011895333488624893,gap_up
2023-12-12,1,16444.25,16490.25,16396.5,93.75,-3.5,up_only,high,1.9306666666666668,0.9546666666666667,0.0,0.31666666666666665,16447.75,-0.00021279506315453482,flat
2023-12-13,2,16609.5,16657.25,16597.25,60.0,32.0,both_down_first,low,3.0375,2.4875,0.3541666666666667,0.05,16577.5,0.0019303272507917358,gap_up
2023-12-14,3,16820.5,16877.25,16786.0,91.25,41.0,down_only,low,-0.33424657534246577,0.0,1.7315068493150685,0.3333333333333333,16779.5,0.002443457790756578,gap_up
2023-12-15,4,16787.5,16866.0,16780.0,86.0,32.0,both_up_first,high,0.4622093023255814,0.24709302325581395,0.20348837209302326,0.25,16755.5,0.0019098206559040316,gap_up
2023-12-18,0,16846.5,16905.5,16832.5,73.0,26.75,up_only,high,1.4486301369863013,0.9383561643835616,0.0,0.1,16819.75,0.0015903922472093818,gap_up
2023-12-19,1,16952.25,16997.75,16944.5,53.25,14.0,up_only,high,1.4366197183098592,0.5586854460093896,0.0,0.03333333333333333,16938.25,0.0008265316664944726,flat
2023-12-20,2,16985.5,17054.5,16971.0,83.5,-35.5,both_up_first,high,-2.4760479041916166,0.2275449101796407,2.5239520958083834,0.25,17021.0,-0.002085658891956994,gap_down
2023-12-21,3,16922.25,16958.75,16843.25,115.5,158.0,both_down_first,low,0.9285714285714286,0.06277056277056277,0.24458874458874458,0.6166666666666667,16764.25,0.009424817692410934,gap_up
2023-12-22,4,16999.25,17041.5,16989.25,52.25,48.75,down_only,low,-0.1722488038277512,0.0,1.784688995215311,0.03333333333333333,16950.5,0.002876021356302174,gap_up
2023-12-26,1,17009.5,17057.0,17005.5,51.5,29.25,up_only,high,1.5339805825242718,1.0533980582524272,0.0,0.03333333333333333,16980.25,0.00172258947895349,gap_up
2023-12-27,2,17091.75,17124.75,17055.5,69.25,7.25,none,high,0.8844765342960289,0.04332129963898917,0.0,0.13333333333333333,17084.5,0.00042436126313324945,flat
2023-12-28,3,17148.25,17159.0,17102.75,56.25,31.5,down_only,low,-0.21333333333333335,0.0,0.4444444444444444,0.1,17116.75,0.001840302627543196,gap_up
2023-12-29,4,17089.0,17107.5,17073.75,33.75,-1.75,down_only,low,-1.6222222222222222,0.0,4.014814814814815,0.016666666666666666,17090.75,-0.00010239457016222225,flat
2024-01-02,1,16861.75,16873.5,16716.75,156.75,-157.25,down_only,low,0.02711323763955343,0.0,0.6012759170653907,0.9,17019.0,-0.009239673306304718,gap_down
2024-01-03,2,16610.0,16653.5,16556.5,97.0,-111.0,down_only,low,-0.16237113402061856,0.0,0.3556701030927835,0.48333333333333334,16721.0,-0.006638358949823575,gap_down
2024-01-04,3,16453.25,16533.25,16443.25,90.0,-87.5,both_up_first,high,0.005555555555555556,0.5611111111111111,0.08055555555555556,0.4083333333333333,16540.75,-0.005289965690793948,gap_down
2024-01-05,4,16449.25,16555.25,16437.5,117.75,5.5,both_up_first,high,0.2229299363057325,0.18683651804670912,0.28662420382165604,0.7,16443.75,0.00033447358418852146,flat
2024-01-08,0,16512.0,16644.5,16505.5,139.0,48.25,up_only,high,2.1276978417266186,1.1996402877697843,0.0,0.8333333333333334,16463.75,0.0029306810416824844,gap_up
2024-01-09,1,16669.25,16747.0,16660.5,86.5,-132.0,up_only,high,1.9797687861271676,1.4046242774566473,0.0,0.38333333333333336,16801.25,-0.007856558291793766,gap_down
2024-01-10,2,16840.0,16874.0,16801.5,72.5,8.25,up_only,high,1.9310344827586208,1.5034482758620689,0.0,0.19166666666666668,16831.75,0.0004901451126591115,flat
2024-01-11,3,16984.5,17043.5,16824.5,219.0,43.0,down_only,low,0.6438356164383562,0.0,0.3264840182648402,1.0,16941.5,0.002538145972906767,gap_up
2024-01-12,4,17008.0,17042.5,16935.25,107.25,42.5,down_only,low,0.34498834498834496,0.0,0.20279720279720279,0.6,16965.5,0.0025050838466299254,gap_up
2024-01-16,1,16917.0,17003.75,16855.0,148.75,-55.25,up_only,high,0.7596638655462185,0.20168067226890757,0.0,0.85,16972.25,-0.003255313821090309,gap_down
2024-01-17,2,16825.25,16843.0,16689.25,153.75,-142.75,up_only,high,1.167479674796748,0.2731707317073171,0.0,0.8833333333333333,16968.0,-0.008412894860914663,gap_down
2024-01-18,3,16997.0,17054.25,16986.25,68.0,128.25,both_up_first,high,1.8051470588235294,1.0514705882352942,0.6433823529411765,0.16666666666666666,16868.75,0.007602815857725083,gap_up
2024-01-19,4,17190.75,17232.75,17166.25,66.5,81.75,up_only,high,4.154135338345864,3.236842105263158,0.0,0.15,17109.0,0.004778186919165352,gap_up
2024-01-22,0,17528.25,17585.0,17483.25,101.75,85.75,down_only,low,-0.22113022113022113,0.0,0.48402948402948404,0.5833333333333334,17442.5,0.004916153074387273,gap_up
2024-01-23,1,17487.5,17488.0,17409.5,78.5,26.75,up_only,high,1.5286624203821657,0.6496815286624203,0.0,0.30833333333333335,17460.75,0.0015320075025414142,gap_up
2024-01-24,2,17692.5,17719.0,17637.5,81.5,163.0,both_up_first,high,-0.15644171779141106,0.9141104294478528,0.4110429447852761,0.38333333333333336,17529.5,0.009298610913032317,gap_up
2024-01-25,3,17722.0,17734.75,17649.25,85.5,97.25,both_up_first,high,-0.13157894736842105,0.20175438596491227,1.2543859649122806,0.45,17624.75,0.005517808763244869,gap_up
2024-01-26,4,17557.75,17582.0,17504.0,78.0,-80.25,up_only,high,0.32371794871794873,0.6410256410256411,0.00641025641025641,0.3,17638.0,-0.004549835582265563,gap_down
2024-01-29,0,17548.0,17583.5,17526.0,57.5,18.75,both_down_first,low,3.1652173913043478,2.3086956521739133,0.10869565217391304,0.13333333333333333,17529.25,0.0010696407433290072,gap_up
2024-01-30,1,17661.75,17684.75,17616.5,68.25,-46.25,down_only,low,-0.47985347985347987,0.0,1.0,0.21666666666666667,17708.0,-0.0026118138694375425,gap_down
2024-01-31,2,17400.0,17426.5,17318.0,108.5,-183.75,both_down_first,low,-0.7304147465437788,0.5299539170506913,0.8064516129032258,0.7166666666666667,17583.75,-0.010449989336745574,gap_down
2024-02-01,3,17307.0,17369.25,17270.0,99.25,68.25,up_only,high,1.7153652392947103,0.8463476070528967,0.060453400503778336,0.6333333333333333,17238.75,0.003959103763323907,gap_up
2024-02-02,4,17507.75,17624.0,17465.5,158.5,67.5,up_only,high,1.667192429022082,0.9558359621451105,0.0,0.9333333333333333,17440.25,0.0038703573629965166,gap_up
2024-02-05,0,17722.75,17737.25,17600.75,136.5,-7.0,both_down_first,low,0.706959706959707,0.06043956043956044,0.34065934065934067,0.8333333333333334,17729.75,-0.00039481662177977695,flat
2024-02-06,1,17741.0,17767.75,17598.25,169.5,43.75,down_only,low,0.3746312684365782,0.0,0.22123893805309736,0.9833333333333333,17697.25,0.002472135501278447,gap_up
2024-02-07,2,17773.5,17867.75,17718.75,149.0,111.75,up_only,high,0.8221476510067114,0.05201342281879195,0.0,0.85,17661.75,0.006327232578878084,gap_up
2024-02-08,3,17835.75,17866.0,17808.0,58.0,-5.5,up_only,high,0.9913793103448276,0.5258620689655172,0.0,0.15,17841.25,-0.00030827436418412387,flat
2024-02-09,4,17909.0,17969.75,17875.0,94.75,43.5,up_only,high,1.7308707124010554,1.0686015831134565,0.0,0.5333333333333333,17865.5,0.0024348604852928828,gap_up
2024-02-12,0,18029.75,18051.0,18007.25,43.75,-9.25,both_up_first,high,-1.0,1.6114285714285714,1.6228571428571428,0.03333333333333333,18039.0,-0.0005127778701701868,flat
2024-02-13,1,17628.0,17742.75,17586.75,156.0,-335.5,both_up_first,high,0.6009615384615384,0.3141025641025641,0.28685897435897434,0.8833333333333333,17963.5,-0.01867676121023186,gap_down
2024-02-14,2,17788.75,17847.0,17743.0,104.0,108.25,both_down_first,low,1.2139423076923077,0.38461538461538464,0.5072115384615384,0.6,17680.5,0.006122564407115183,gap_up
2024-02-15,3,17888.0,17903.25,17797.0,106.25,18.75,both_down_first,low,1.1011764705882352,0.28,0.15529411764705883,0.6166666666666667,17869.25,0.0010492885823411727,gap_up
2024-02-16,4,17926.75,17930.0,17717.0,213.0,12.75,none,none,0.14084507042253522,0.0,0.0,0.9833333333333333,17914.0,0.0007117338394551747,flat
2024-02-20,1,17661.25,17724.0,17503.5,220.5,-85.75,down_only,low,0.4943310657596372,0.0,0.23129251700680273,1.0,17747.0,-0.004831802558178847,gap_down
2024-02-21,2,17494.75,17525.5,17448.25,77.25,-117.75,both_down_first,low,1.1488673139158576,0.22006472491909385,0.9773462783171522,0.2833333333333333,17612.5,-0.006685592618878637,gap_down
2024-02-22,3,17896.0,17970.25,17864.0,106.25,359.0,up_only,high,1.7011764705882353,1.0988235294117648,0.0,0.6083333333333333,17537.0,0.020471004162627586,gap_up
2024-02-23,4,18105.5,18144.75,18043.75,101.0,60.75,down_only,low,-0.5668316831683168,0.0,0.9678217821782178,0.5333333333333333,18044.75,0.00336663018329431,gap_up
2024-02-26,0,18017.25,18050.75,17966.0,84.75,30.75,up_only,high,0.13569321533923304,0.10324483775811209,0.0,0.35,17986.5,0.0017096155449920773,gap_up
2024-02-27,1,18018.25,18032.5,17941.0,91.5,40.75,down_only,low,0.8387978142076503,0.0,0.3524590163934426,0.4666666666666667,17977.5,0.002266722291753581,gap_up
2024-02-28,2,17923.75,17946.5,17876.0,70.5,-94.0,up_only,high,0.5886524822695035,0.40425531914893614,0.0,0.23333333333333334,18017.75,-0.00521707760402936,gap_down
2024-02-29,3,18030.0,18072.5,17981.0,91.5,112.5,both_down_first,low,0.9398907103825137,0.40437158469945356,0.9043715846994536,0.475,17917.5,0.006278777731268313,gap_up
2024-03-01,4,18096.5,18196.75,18093.75,103.0,29.5,up_only,high,2.342233009708738,1.7087378640776698,0.0,0.6,18067.0,0.0016328112027453369,gap_up
2024-03-04,0,18330.25,18334.75,18280.25,54.5,-4.75,both_down_first,low,-0.39908256880733944,0.21559633027522937,0.5137614678899083,0.1,18335.0,-0.00025906735751295336,flat
2024-03-05,1,18133.75,18135.25,17952.25,183.0,-124.75,down_only,low,-0.11202185792349727,0.0,0.6543715846994536,0.95,18258.5,-0.006832434208724703,gap_down
2024-03-06,2,18104.25,18126.5,17963.5,163.0,172.5,up_only,high,0.495398773006135,0.2929447852760736,0.0,0.9,17931.75,0.009619808440336275,gap_up
2024-03-07,3,18182.25,18238.75,18118.75,120.0,138.0,up_only,high,1.5875,1.0104166666666667,0.0,0.7666666666666667,18044.25,0.00764786566357704,gap_up
2024-03-08,4,18318.0,18434.75,18288.0,146.75,8.75,down_only,high,-1.686541737649063,0.01192504258943782,1.877342419080068,0.8,18309.25,0.0004779005147671259,flat
2024-03-11,0,18224.5,18248.5,18138.0,110.5,184.0,up_only,high,0.7081447963800905,0.20588235294117646,0.0,0.7,18040.5,0.010199273856046118,gap_up
2024-03-12,1,18311.5,18367.25,18174.0,193.25,95.25,up_only,high,1.5614489003880982,0.6403622250970246,0.0,0.95,18216.25,0.005228847869347423,gap_up
2024-03-13,2,18428.25,18429.75,18302.75,127.0,-47.5,down_only,low,0.21850393700787402,0.0,0.16535433070866143,0.7333333333333333,18475.75,-0.0025709375803417995,gap_down
2024-03-14,3,18375.25,18398.0,18203.25,194.75,44.75,down_only,low,0.3851091142490372,0.0,0.21566110397946084,0.95,18330.5,0.0024412863806224597,gap_up
2024-03-15,4,18152.5,18174.5,18029.0,145.5,-125.75,down_only,low,0.2027491408934708,0.0,0.1563573883161512,0.75,18278.25,-0.00687976146512932,gap_down
2024-03-18,0,18284.0,18381.0,18277.5,103.5,225.5,down_only,low,-0.463768115942029,0.0,0.5652173913043478,0.5333333333333333,18058.5,0.012487194395990808,gap_up
2024-03-19,1,18143.25,18152.5,18053.25,99.25,-86.25,up_only,high,2.1838790931989926,1.3778337531486147,0.0,0.4583333333333333,18229.5,-0.0047313420554595574,gap_down
2024-03-20,2,18318.0,18334.5,18245.75,88.75,48.0,up_only,low,2.6901408450704225,1.8394366197183099,0.011267605633802818,0.36666666666666664,18270.0,0.002627257799671593,gap_up
2024-03-21,3,18687.5,18709.0,18626.0,83.0,203.0,down_only,low,-0.8102409638554217,0.0,0.8855421686746988,0.3,18484.5,0.01098217425410479,gap_up
2024-03-22,4,18537.5,18565.0,18500.0,65.0,-21.25,up_only,high,1.1076923076923078,0.9384615384615385,0.0,0.11666666666666667,18558.75,-0.0011450124604297164,gap_down
2024-03-25,0,18459.25,18542.0,18414.75,127.25,-112.75,up_only,high,0.7445972495088409,0.2337917485265226,0.0,0.7,18572.0,-0.006070967047167779,gap_down
2024-03-26,1,18568.75,18608.5,18548.0,60.5,59.25,down_only,low,-1.6115702479338843,0.0,1.7975206611570247,0.1,18509.5,0.003201058915691942,gap_up
2024-03-27,2,18566.5,18571.75,18378.5,193.25,116.0,none,none,0.6636481241914618,0.0,0.0,0.925,18450.5,0.006287092490718409,gap_up
2024-03-28,3,18500.0,18538.75,18457.25,81.5,-6.75,down_only,low,0.0705521472392638,0.0,0.10429447852760736,0.25833333333333336,18506.75,-0.0003647317870506707,flat
2024-04-01,0,18500.5,18607.0,18482.5,124.5,37.5,down_only,low,0.10240963855421686,0.0,0.5461847389558233,0.6666666666666666,18463.0,0.002031089205437903,gap_up
2024-04-02,1,18287.5,18292.0,18201.5,90.5,-207.75,up_only,high,1.425414364640884,0.6077348066298343,0.0,0.36666666666666664,18495.25,-0.011232613779213581,gap_down
2024-04-03,2,18240.5,18418.5,18239.5,179.0,-90.0,up_only,high,0.7318435754189944,0.1857541899441341,0.0,0.8833333333333333,18330.5,-0.00490984970404517,gap_down
2024-04-04,3,18541.25,18568.0,18486.75,81.25,170.75,down_only,low,-5.067692307692307,0.0,5.138461538461539,0.25,18370.5,0.00929479328270869,gap_up
2024-04-05,4,18138.0,18252.5,18102.5,150.0,63.0,up_only,high,1.2716666666666667,1.0383333333333333,0.0,0.7833333333333333,18075.0,0.0034854771784232365,gap_up
2024-04-08,0,18330.25,18341.25,18237.5,103.75,37.0,up_only,high,0.5734939759036145,0.3349397590361446,0.0,0.5166666666666667,18293.25,0.0020226039659437226,gap_up
2024-04-09,1,18391.25,18405.0,18270.5,134.5,94.25,down_only,low,0.6821561338289963,0.0,0.8159851301115242,0.7,18297.0,0.0051511176695633164,gap_up
2024-04-10,2,18140.0,18208.0,18107.75,100.25,-222.25,up_only,high,0.8354114713216958,0.2593516209476309,0.0,0.45,18362.25,-0.012103636536916772,gap_down
2024-04-11,3,18265.25,18274.0,18169.5,104.5,73.75,up_only,high,2.992822966507177,2.3421052631578947,0.0,0.5666666666666667,18191.5,0.0040540911964378964,gap_up
2024-04-12,4,18297.0,18343.25,18258.75,84.5,-185.25,down_only,low,-0.9201183431952663,0.0,1.6390532544378698,0.3,18482.25,-0.010023130300693909,gap_down
2024-04-15,0,18335.75,18339.0,18191.0,148.0,154.75,down_only,low,-2.126689189189189,0.0,2.3614864864864864,0.7833333333333333,18181.0,0.008511633023486056,gap_up
2024-04-16,1,17868.25,17931.5,17822.0,109.5,-8.0,up_only,high,0.4977168949771689,0.5159817351598174,0.0365296803652968,0.6166666666666667,17876.25,-0.00044752115236696734,flat
2024-04-17,2,17957.25,17959.5,17808.25,151.25,80.75,down_only,low,-1.018181818181818,0.0,1.2760330578512398,0.8166666666666667,17876.5,0.004517103459849523,gap_up
2024-04-18,3,17673.5,17678.75,17552.0,126.75,19.25,both_up_first,high,-0.055226824457593686,0.5305719921104537,0.2406311637080868,0.65,17654.25,0.0010903889998159083,gap_up
2024-04-19,4,17495.0,17517.0,17341.0,176.0,-50.0,down_only,low,-0.9048295454545454,0.0,1.2940340909090908,0.8833333333333333,17545.0,-0.002849814762040467,gap_down
2024-04-22,0,17288.75,17331.5,17182.25,149.25,107.0,both_down_first,low,1.1273031825795645,0.7805695142378559,0.22613065326633167,0.7666666666666667,17181.75,0.00622753793996537,gap_up
2024-04-23,1,17428.75,17570.75,17413.75,157.0,78.25,up_only,high,1.230891719745223,0.5509554140127388,0.0,0.8166666666666667,17350.5,0.004509956485403879,gap_up
2024-04-24,2,17731.0,17795.5,17711.5,84.0,124.0,down_only,low,-0.6339285714285714,0.0,1.7172619047619047,0.2,17607.0,0.007042653490089169,gap_up
2024-04-25,3,17353.75,17447.0,17308.25,138.75,-304.5,up_only,high,1.8666666666666667,1.1387387387387387,0.0,0.6666666666666666,17658.25,-0.017244064389166536,gap_down
2024-04-26,4,17696.75,17840.5,17668.25,172.25,129.5,up_only,high,0.9927431059506531,0.35413642960812775,0.0,0.8666666666666667,17567.25,0.007371671718681068,gap_up
2024-04-29,0,17921.5,17949.0,17830.0,119.0,82.25,down_only,low,0.6302521008403361,0.0,0.32563025210084034,0.5166666666666667,17839.25,0.004610619841080763,gap_up
2024-04-30,1,17836.25,17895.25,17824.0,71.25,-68.75,down_only,low,-3.656140350877193,0.0,3.656140350877193,0.11666666666666667,17905.0,-0.0038397095783300754,gap_down
2024-05-01,2,17501.75,17517.5,17425.75,91.75,-61.75,both_down_first,low,0.06267029972752043,3.005449591280654,0.2888283378746594,0.31666666666666665,17563.5,-0.0035158140461753066,gap_down
2024-05-02,3,17583.0,17602.5,17386.25,216.25,151.5,up_only,high,1.2115606936416186,0.3838150289017341,0.0,0.9833333333333333,17431.5,0.00869116255055503,gap_up
2024-05-03,4,17957.5,18050.25,17893.75,156.5,309.25,none,none,0.6884984025559105,0.0,0.0,0.8,17648.25,0.017522983865255762,gap_up
2024-05-06,0,18074.25,18117.0,18042.75,74.25,72.75,up_only,high,2.080808080808081,1.0942760942760943,0.0,0.11666666666666667,18001.5,0.004041329889175902,gap_up
2024-05-07,1,18211.25,18236.0,18181.75,54.25,14.0,both_up_first,high,0.271889400921659,0.5576036866359447,0.28110599078341014,0.03333333333333333,18197.25,0.0007693470167195593,flat
2024-05-08,2,18084.0,18211.0,18078.5,132.5,-112.5,up_only,high,0.7886792452830189,0.2358490566037736,0.0,0.6333333333333333,18196.5,-0.006182507625092737,gap_down
2024-05-09,3,18186.75,18204.0,18108.75,95.25,3.75,up_only,high,1.1233595800524934,0.3700787401574803,0.0,0.3333333333333333,18183.0,0.0002062365946213496,flat
2024-05-10,4,18274.25,18348.0,18225.5,122.5,58.5,down_only,low,0.23469387755102042,0.0,0.3020408163265306,0.5666666666666667,18215.75,0.0032115065259459533,gap_up
2024-05-13,0,18331.75,18336.25,18252.25,84.0,77.5,down_only,low,0.5178571428571429,0.0,0.20535714285714285,0.20833333333333334,18254.25,0.004245586644206144,gap_up
2024-05-14,1,18274.25,18370.75,18265.5,105.25,-21.5,up_only,high,1.3847980997624703,0.5914489311163895,0.0,0.48333333333333334,18295.75,-0.0011751363021466734,gap_down
2024-05-15,2,18509.5,18542.5,18446.75,95.75,98.25,up_only,high,2.569190600522193,1.7180156657963446,0.0,0.36666666666666664,18411.25,0.0053364111616538805,gap_up
2024-05-16,3,18678.75,18723.0,18672.0,51.0,-14.0,both_up_first,high,-0.4117647058823529,0.7401960784313726,0.553921568627451,0.016666666666666666,18692.75,-0.0007489534712655976,flat
2024-05-17,4,18651.25,18667.5,18620.5,47.0,0.25,both_up_first,high,0.3829787234042553,0.20212765957446807,1.6063829787234043,0.016666666666666666,18651.0,1.3404107018390436e-05,flat
2024-05-20,0,18643.5,18758.5,18635.25,123.25,5.0,up_only,high,1.0628803245436105,0.2920892494929006,0.0,0.6,18638.5,0.000268261930949379,flat
2024-05-21,1,18686.0,18731.5,18678.0,53.5,-80.25,up_only,high,2.294392523364486,1.4439252336448598,0.0,0.05,18766.25,-0.004276293878638513,gap_down
2024-05-22,2,18808.0,18832.75,18788.75,44.0,7.25,both_up_first,high,0.11363636363636363,0.13636363636363635,2.375,0.016666666666666666,18800.75,0.0003856229139794955,flat
2024-05-23,3,18981.5,18982.5,18838.0,144.5,187.75,down_only,low,-0.9775086505190311,0.0,1.4982698961937717,0.7166666666666667,18793.75,0.00999002327901563,gap_up
2024-05-24,4,18762.25,18838.0,18732.5,105.5,65.5,up_only,high,1.3436018957345972,0.8341232227488151,0.0,0.48333333333333334,18696.75,0.003503282656076591,gap_up
2024-05-28,1,18920.25,18936.5,18839.0,97.5,46.0,both_up_first,high,1.0666666666666667,0.09230769230769231,0.2,0.36666666666666664,18874.25,0.0024371829344212352,gap_up
2024-05-29,2,18765.25,18867.75,18761.0,106.75,-177.75,up_only,high,0.46604215456674475,0.11241217798594848,0.0,0.48333333333333334,18943.0,-0.009383413398089005,gap_down
2024-05-30,3,18764.75,18769.5,18684.25,85.25,-46.0,down_only,low,-0.9413489736070382,0.0,1.6187683284457477,0.26666666666666666,18810.75,-0.0024454102042714937,gap_down
2024-05-31,4,18602.0,18631.5,18415.0,216.5,-2.0,down_only,low,0.8475750577367206,0.0,0.8025404157043879,1.0,18604.0,-0.00010750376263169211,flat
2024-06-03,0,18712.75,18755.5,18645.5,110.0,114.25,down_only,low,0.0659090909090909,0.0,1.9068181818181817,0.5333333333333333,18598.5,0.006142968518966584,gap_up
2024-06-04,1,18637.75,18664.0,18567.75,96.25,-15.0,up_only,high,1.3922077922077922,0.9272727272727272,0.0,0.36666666666666664,18652.75,-0.0008041709667475305,flat
2024-06-05,2,18848.75,18894.0,18800.0,94.0,147.0,up_only,high,2.952127659574468,1.9734042553191489,0.0,0.3333333333333333,18701.75,0.007860226984105765,gap_up
2024-06-06,3,19102.75,19115.75,19032.25,83.5,25.25,down_only,low,0.40119760479041916,0.0,0.17964071856287425,0.21666666666666667,19077.5,0.0013235486830035382,gap_up
2024-06-07,4,19040.5,19065.0,18992.5,72.5,-25.25,up_only,high,0.6655172413793103,1.2413793103448276,0.0,0.15,19065.75,-0.0013243643706646736,gap_down
2024-06-10,0,18988.75,19037.5,18977.75,59.75,-52.0,up_only,high,2.2552301255230125,1.5439330543933054,0.0,0.1,19040.75,-0.002730984861415648,gap_down
2024-06-11,1,19058.0,19091.25,18994.5,96.75,-54.5,up_only,high,2.558139534883721,1.6149870801033592,0.0,0.45,19112.5,-0.0028515369522563766,gap_down
2024-06-12,2,19402.25,19544.0,19374.75,169.25,160.25,up_only,high,0.6942392909896603,0.26440177252584934,0.0,0.9,19242.0,0.008328136368360876,gap_up
2024-06-13,3,19636.75,19663.5,19534.75,128.75,144.5,down_only,low,0.44854368932038835,0.0,0.26990291262135924,0.7166666666666667,19492.25,0.007413202683117649,gap_up
2024-06-14,4,19578.0,19648.5,19557.25,91.25,-14.5,up_only,high,1.4273972602739726,0.4821917808219178,0.0,0.35,19592.5,-0.0007400791119050658,flat
2024-06-17,0,19958.0,19984.0,19904.0,80.0,270.5,up_only,high,3.65625,3.590625,0.0,0.2,19687.5,0.01373968253968254,gap_up
2024-06-18,1,20191.75,20219.0,20164.25,54.75,-4.75,both_down_first,low,0.6438356164383562,0.1917808219178082,0.680365296803653,0.1,20196.5,-0.0002351892654667888,flat
2024-06-20,3,20245.75,20263.25,20118.5,144.75,46.25,down_only,low,-0.5751295336787565,0.0,1.1070811744386875,0.7833333333333333,20199.5,0.0022896606351642365,gap_up
2024-06-21,4,20017.0,20028.0,19914.25,113.75,-18.25,up_only,high,0.5340659340659341,0.3934065934065934,0.0,0.6,20035.25,-0.0009108945483585181,flat
2024-06-24,0,19922.5,19995.5,19866.75,128.75,-52.5,down_only,low,-0.9475728155339805,0.0,0.9805825242718447,0.7083333333333334,19975.0,-0.0026282853566958696,gap_down
2024-06-25,1,19830.0,19898.0,19792.25,105.75,85.25,up_only,high,1.6501182033096926,0.7872340425531915,0.0,0.5333333333333333,19744.75,0.004317603413565631,gap_up
2024-06-26,2,19929.25,20024.0,19919.25,104.75,-37.5,both_down_first,low,0.8162291169451074,0.03818615751789976,0.06921241050119331,0.5,19966.75,-0.00187812237845418,gap_down
2024-06-27,3,19990.5,20116.75,19989.75,127.0,-14.25,down_only,low,0.45866141732283466,0.0,0.281496062992126,0.6833333333333333,20004.75,-0.0007123308214299104,flat
2024-06-28,4,20070.5,20273.25,20039.25,234.0,22.5,down_only,low,-0.4561965811965812,0.0,0.5683760683760684,1.0,20048.0,0.0011223064644852354,gap_up
2024-07-01,0,19971.75,19985.75,19811.75,174.0,39.25,up_only,high,1.3620689655172413,0.507183908045977,0.0,0.9333333333333333,19932.5,0.001969145867302145,gap_up
2024-07-02,1,19982.25,20098.0,19976.75,121.25,-66.5,up_only,high,2.3072164948453606,1.3298969072164948,0.0,0.6166666666666667,20048.75,-0.0033169150196396286,gap_down
2024-07-05,4,20441.5,20544.25,20428.25,116.0,185.0,up_only,high,1.668103448275862,0.8211206896551724,0.0,0.5833333333333334,20256.5,0.009132870930318664,gap_up
2024-07-08,0,20632.5,20653.5,20596.75,56.75,10.75,both_down_first,low,1.2290748898678414,0.6079295154185022,0.15418502202643172,0.11666666666666667,20621.75,0.0005212942645507777,flat
2024-07-09,1,20723.25,20771.75,20693.25,78.5,56.75,down_only,low,-0.1751592356687898,0.0,0.9872611464968153,0.2,20666.5,0.0027459898870152177,gap_up
2024-07-10,2,20758.0,20796.5,20721.5,75.0,78.5,both_down_first,low,2.3066666666666666,1.6033333333333333,0.24666666666666667,0.2,20679.5,0.0037960298846683913,gap_up
2024-07-11,3,20894.5,20902.25,20657.0,245.25,0.0,down_only,low,-0.926605504587156,0.0,1.1406727828746177,1.0,20894.5,0.0,flat
2024-07-12,4,20443.25,20587.0,20425.25,161.75,13.5,up_only,high,0.7125193199381762,0.9520865533230294,0.0,0.8666666666666667,20429.75,0.0006608010377023703,flat
2024-07-15,0,20610.0,20687.5,20581.75,105.75,69.5,both_up_first,high,0.10874704491725769,1.0354609929078014,0.7139479905437353,0.5083333333333333,20540.5,0.003383559309656532,gap_up
2024-07-16,1,20649.25,20684.5,20485.5,199.0,56.0,down_only,low,0.5728643216080402,0.0,0.10552763819095477,0.9333333333333333,20593.25,0.0027193376470445413,gap_up
2024-07-17,2,20260.5,20281.5,20097.75,183.75,-339.0,down_only,low,-0.5755102040816327,0.0,0.5986394557823129,0.9166666666666666,20599.5,-0.016456710114323165,gap_down
2024-07-18,3,20141.5,20149.25,20019.75,129.5,149.5,down_only,low,-0.9922779922779923,0.0,2.0154440154440154,0.7166666666666667,19992.0,0.007477991196478591,gap_up
2024-07-19,4,19868.5,19976.5,19798.75,177.75,-22.75,down_only,low,-0.48945147679324896,0.0,0.8143459915611815,0.9,19891.25,-0.0011437189719097592,gap_down
2024-07-22,0,19954.75,20026.75,19882.75,144.0,243.0,both_down_first,low,0.8020833333333334,0.125,0.5069444444444444,0.7666666666666667,19711.75,0.01232767258107474,gap_up
2024-07-23,1,19957.75,20047.75,19933.5,114.25,-40.5,both_down_first,low,-0.07658643326039387,0.3238512035010941,0.25820568927789933,0.5666666666666667,19998.25,-0.002025177203005263,gap_down
2024-07-24,2,19640.5,19653.75,19466.25,187.5,-284.25,down_only,low,-1.396,0.0,1.5866666666666667,0.9166666666666666,19924.75,-0.014266176489040014,gap_down
2024-07-25,3,19217.0,19226.75,18883.25,343.5,12.5,up_only,high,0.31368267831149926,0.47671033478893743,0.0,1.0,19204.5,0.0006508891145304486,flat
2024-07-26,4,19163.0,19192.25,19045.25,147.0,172.0,up_only,low,0.8843537414965986,0.717687074829932,0.034013605442176874,0.7833333333333333,18991.0,0.009056921699752514,gap_up
2024-07-29,0,19285.25,19377.25,19222.0,155.25,110.0,down_only,low,-0.08373590982286634,0.0,0.7004830917874396,0.7833333333333333,19175.25,0.005736561452914565,gap_up
2024-07-30,1,19288.0,19319.75,19159.0,160.75,79.0,down_only,low,-1.370139968895801,0.0,2.214618973561431,0.8,19209.0,0.004112655526055495,gap_up
2024-07-31,2,19371.75,19471.75,19310.75,161.0,433.0,up_only,high,1.1537267080745341,0.6304347826086957,0.0,0.8166666666666667,18938.75,0.022863177348029833,gap_up
2024-08-01,3,19525.0,19682.0,19445.0,237.0,28.5,down_only,low,-1.7626582278481013,0.0,2.4335443037974684,0.9666666666666667,19496.5,0.0014618008360474956,gap_up
2024-08-02,4,18650.5,18761.0,18385.75,375.25,-376.75,none,none,0.4670219853431046,0.0,0.0,1.0,19027.25,-0.019800549212313917,gap_down
2024-08-05,0,17561.75,18112.5,17509.25,603.25,-999.25,up_only,high,0.8491504351429755,0.2925818483215914,0.0,1.0,18561.0,-0.05383600021550563,gap_down
2024-08-06,1,18078.0,18229.75,17966.0,263.75,56.5,up_only,high,0.781042654028436,0.9611374407582939,0.0,0.95,18021.5,0.003135144133396221,gap_up
2024-08-07,2,18453.25,18558.5,18405.75,152.75,281.25,down_only,low,-2.8363338788870704,0.0,2.972176759410802,0.7,18172.0,0.015477107638124587,gap_up
2024-08-08,3,18224.5,18390.0,18064.25,325.75,252.0,up_only,high,1.3967766692248658,0.5072908672294705,0.0,0.95,17972.5,0.014021421616358325,gap_up
2024-08-09,4,18451.0,18566.5,18404.5,162.0,-68.25,up_only,high,1.2669753086419753,0.6666666666666666,0.0,0.75,18519.25,-0.0036853544285000745,gap_down
2024-08-12,0,18641.25,18728.0,18523.5,204.5,31.5,up_only,high,0.5953545232273839,0.1821515892420538,0.0,0.85,18609.75,0.0016926611050658929,gap_up
2024-08-13,1,18821.75,18922.5,18816.25,106.25,176.5,up_only,high,2.6823529411764704,1.7882352941176471,0.0,0.38333333333333336,18645.25,0.009466217937544414,gap_up
2024-08-14,2,19137.25,19175.5,18966.0,209.5,36.0,both_down_first,low,0.6742243436754176,0.13365155131264916,0.19331742243436753,0.85,19101.25,0.001884693410117139,gap_up
2024-08-15,3,19352.0,19489.75,19336.25,153.5,244.75,up_only,high,1.6351791530944626,0.739413680781759,0.0,0.6333333333333333,19107.25,0.012809273966688036,gap_up
2024-08-16,4,19503.5,19591.25,19462.5,128.75,-83.75,up_only,high,1.0951456310679613,0.5398058252427185,0.0,0.5,19587.25,-0.004275740596561539,gap_down
2024-08-19,0,19604.5,19625.5,19529.0,96.5,1.0,up_only,high,3.430051813471503,2.44300518134715,0.0,0.23333333333333334,19603.5,5.101129900272911e-05,flat
2024-08-20,1,19817.75,19925.0,19803.25,121.75,-42.25,down_only,low,0.06981519507186858,0.0,0.4948665297741273,0.45,19860.0,-0.0021273917421953674,gap_down
2024-08-21,2,19842.0,19911.25,19813.0,98.25,30.25,both_up_first,high,0.9440203562340967,0.7175572519083969,0.4223918575063613,0.26666666666666666,19811.75,0.0015268716796850354,gap_up
2024-08-22,3,19997.5,20025.25,19883.25,142.0,91.75,down_only,low,-2.096830985915493,0.0,2.403169014084507,0.55,19905.75,0.004609220953744521,gap_up
2024-08-23,4,19755.25,19904.25,19706.5,197.75,169.75,down_only,low,0.41719342604298354,0.0,0.5802781289506953,0.8,19585.5,0.00866712619029384,gap_up
2024-08-26,0,19763.0,19801.5,19608.5,193.0,-26.0,down_only,low,-0.07901554404145078,0.0,0.533678756476684,0.7833333333333333,19789.0,-0.0013138612360402244,gap_down
2024-08-27,1,19523.5,19634.0,19441.5,192.5,-69.75,up_only,high,1.0896103896103897,0.312987012987013,0.0,0.7666666666666667,19593.25,-0.0035598994551695098,gap_down
2024-08-28,2,19625.75,19656.5,19513.25,143.25,-25.5,down_only,low,-0.6422338568935427,0.0,1.638743455497382,0.5166666666666667,19651.25,-0.0012976273773932956,gap_down
2024-08-29,3,19498.0,19685.0,19478.25,206.75,76.75,both_up_first,high,-0.40991535671100365,0.041112454655380895,0.6831922611850061,0.85,19421.25,0.0039518568578232605,gap_up
2024-08-30,4,19559.25,19628.75,19514.0,114.75,165.75,down_only,low,0.8387799564270153,0.034858387799564274,1.2505446623093681,0.3333333333333333,19393.5,0.00854667801067368,gap_up
2024-09-03,1,19478.0,19483.25,19283.0,200.25,-132.25,down_only,low,-1.352059925093633,0.0,1.857677902621723,0.8166666666666667,19610.25,-0.006743922183551969,gap_down
2024-09-04,2,18878.25,19002.0,18838.25,163.75,-134.0,up_only,high,0.7251908396946565,0.6885496183206107,0.0,0.65,19012.25,-0.007048087417323041,gap_down
2024-09-05,3,18886.5,19150.5,18885.0,265.5,-70.5,down_only,low,0.3408662900188324,0.0,0.16195856873822975,0.9333333333333333,18957.0,-0.0037189428707073906,gap_down
2024-09-06,4,18929.75,18967.25,18640.0,327.25,-45.75,down_only,low,-0.5553857906799083,0.0,0.6409472880061116,0.95,18975.5,-0.002411003662617586,gap_down
2024-09-09,0,18628.75,18720.75,18604.75,116.0,170.5,both_down_first,low,0.7219827586206896,0.07974137931034483,0.9267241379310345,0.275,18458.25,0.009237062018338684,gap_up
2024-09-10,1,18758.25,18821.75,18686.75,135.0,69.75,both_down_first,low,1.25,0.4203703703703704,0.7185185185185186,0.4166666666666667,18688.5,0.003732241752949675,gap_up
2024-09-11,2,18902.0,18906.5,18643.5,263.0,46.5,both_down_first,low,2.32319391634981,1.4714828897338403,0.3669201520912547,0.8833333333333333,18855.5,0.0024661239426162127,gap_up
2024-09-12,3,19258.75,19350.0,19185.0,165.0,4.25,up_only,high,1.6151515151515152,0.8090909090909091,0.0,0.6166666666666667,19254.5,0.00022072762211431093,flat
2024-09-13,4,19409.25,19529.25,19398.25,131.0,-42.25,up_only,high,0.9847328244274809,0.366412213740458,0.0,0.36666666666666664,19451.5,-0.0021720689921085777,gap_down
2024-09-16,0,19670.75,19697.5,19561.25,136.25,143.5,down_only,low,0.8018348623853211,0.0,0.23669724770642203,0.38333333333333336,19527.25,0.007348705014787028,gap_up
2024-09-17,1,19795.5,19828.75,19709.0,119.75,125.0,both_up_first,high,-0.22129436325678498,0.17954070981210857,1.1231732776617953,0.25,19670.5,0.006354693576675733,gap_up
2024-09-18,2,19730.5,19736.5,19647.0,89.5,48.0,both_down_first,low,-0.7067039106145251,1.8268156424581006,0.994413407821229,0.06666666666666667,19682.5,0.0024387145941826495,gap_up
2024-09-19,3,20052.25,20136.0,19964.0,172.0,468.5,up_only,high,0.6831395348837209,0.38953488372093026,0.0,0.6166666666666667,19583.75,0.023922895257547712,gap_up
2024-09-20,4,20035.0,20082.5,19972.25,110.25,-46.5,down_only,low,0.5487528344671202,0.013605442176870748,1.018140589569161,0.16666666666666666,20081.5,-0.002315564076388716,gap_down
2024-09-23,0,20077.25,20120.25,20031.25,89.0,44.5,both_up_first,high,0.5084269662921348,0.07303370786516854,0.1404494382022472,0.06666666666666667,20032.75,0.0022213625188753417,gap_up
2024-09-24,1,20135.0,20154.0,19964.0,190.0,58.5,both_down_first,low,1.0855263157894737,0.31973684210526315,0.05789473684210526,0.6833333333333333,20076.5,0.0029138545065125893,gap_up
2024-09-25,2,20141.0,20271.0,20138.0,133.0,-29.25,none,low,0.42857142857142855,0.0,0.018796992481203006,0.35,20170.25,-0.001450155550873192,gap_down
2024-09-26,3,20503.0,20517.5,20338.25,179.25,308.0,down_only,low,0.01813110181311018,0.0,0.8382147838214784,0.65,20195.0,0.015251299826689775,gap_up
2024-09-27,4,20377.5,20383.0,20285.25,97.75,36.0,down_only,low,-0.6368286445012787,0.0,1.1483375959079285,0.11666666666666667,20341.5,0.0017697809896025367,gap_up
2024-09-30,0,20179.5,20262.5,20127.5,135.0,-43.5,both_down_first,low,1.0574074074074074,0.17962962962962964,0.5296296296296297,0.35833333333333334,20223.0,-0.0021510161697077586,gap_down
2024-10-01,1,20252.0,20266.0,19882.0,384.0,-18.25,down_only,low,0.2506510416666667,0.0,0.16666666666666666,0.9833333333333333,20270.25,-0.000900334233667567,flat
2024-10-02,2,19942.75,20014.75,19833.5,181.25,-35.5,up_only,high,0.9737931034482759,0.416551724137931,0.0,0.6333333333333333,19978.25,-0.0017769324140002253,gap_down
2024-10-03,3,19912.0,20113.75,19894.75,219.0,-98.0,down_only,low,0.4257990867579909,0.0,0.07191780821917808,0.8166666666666667,20010.0,-0.004897551224387806,gap_down
2024-10-04,4,20227.25,20239.0,20013.25,225.75,239.25,up_only,high,0.9479512735326688,0.028792912513842746,0.0,0.8333333333333334,19988.0,0.01196968180908545,gap_up
2024-10-07,0,20137.0,20181.75,20088.5,93.25,-90.25,down_only,high,-0.9597855227882037,0.058981233243967826,1.5067024128686326,0.05,20227.25,-0.004461802766070524,gap_down
2024-10-08,1,20103.25,20202.5,20069.75,132.75,104.25,up_only,high,1.734463276836158,0.9566854990583804,0.0,0.2833333333333333,19999.0,0.005212760638031902,gap_up
2024-10-09,2,20282.0,20354.75,20238.5,116.25,-18.0,up_only,high,1.8903225806451613,1.1010752688172043,0.0,0.2,20300.0,-0.0008866995073891626,flat
2024-10-10,3,20359.0,20415.75,20301.5,114.25,-99.25,up_only,high,1.1203501094091903,0.8096280087527352,0.0,0.15833333333333333,20458.25,-0.004851343589994257,gap_down
2024-10-11,4,20340.25,20481.25,20314.75,166.5,-89.25,up_only,high,0.8108108108108109,0.07807807807807808,0.0,0.5833333333333334,20429.5,-0.004368682542401919,gap_down
2024-10-14,0,20550.5,20680.0,20541.0,139.0,100.75,down_only,low,0.5809352517985612,0.0,0.11510791366906475,0.38333333333333336,20449.75,0.004926710595484053,gap_up
2024-10-15,1,20631.75,20659.25,20510.25,149.0,10.0,down_only,low,-1.1191275167785235,0.0,1.7197986577181208,0.45,20621.75,0.0004849248972565374,flat
2024-10-16,2,20352.5,20357.25,20206.25,151.0,9.0,up_only,high,0.9271523178807947,0.1456953642384106,0.0,0.45,20343.5,0.0004424017499446998,flat
2024-10-17,3,20573.25,20576.0,20366.5,209.5,227.0,down_only,low,-0.011933174224343675,0.0,0.060859188544152745,0.7916666666666666,20346.25,0.011156847084843645,gap_up
2024-10-18,4,20465.75,20523.25,20433.0,90.25,101.75,up_only,high,0.5512465373961218,0.07202216066481995,0.0,0.05,20364.0,0.004996562561382832,gap_up
2024-10-21,0,20427.75,20554.5,20422.75,131.75,-55.0,down_only,low,0.7419354838709677,0.0,0.5901328273244781,0.3,20482.75,-0.002685186315314106,gap_down
2024-10-22,1,20402.75,20520.0,20369.5,150.5,-117.75,up_only,high,1.1312292358803986,0.5465116279069767,0.0,0.4666666666666667,20520.5,-0.005738164274749641,gap_down
2024-10-23,2,20435.0,20462.75,20346.0,116.75,-104.75,down_only,low,-1.094218415417559,0.0,2.2869379014989293,0.23333333333333334,20539.75,-0.005099867330420282,gap_down
2024-10-24,3,20372.5,20378.5,20296.25,82.25,154.25,both_down_first,low,1.0182370820668694,0.364741641337386,0.4194528875379939,0.016666666666666666,20218.25,0.0076292458546115514,gap_up
2024-10-25,4,20491.25,20707.25,20490.25,217.0,111.25,down_only,low,0.021889400921658985,0.0,0.13940092165898618,0.8333333333333334,20380.0,0.005458783120706575,gap_up
2024-10-28,0,20625.25,20626.75,20528.5,98.25,130.25,down_only,low,-0.28498727735368956,0.0,0.43256997455470736,0.14166666666666666,20495.0,0.006355208587460357,gap_up
2024-10-29,1,20511.0,20603.0,20432.25,170.75,10.5,up_only,high,1.5387994143484627,0.8404099560761347,0.0,0.65,20500.5,0.0005121826296919588,flat
2024-10-30,2,20661.25,20699.5,20542.75,156.75,-33.75,down_only,low,-0.05263157894736842,0.0,0.17862838915470494,0.5833333333333334,20695.0,-0.0016308287025851656,gap_down
2024-10-31,3,20366.0,20369.25,20119.0,250.25,-168.5,down_only,low,-0.4305694305694306,0.0,0.4385614385614386,0.9166666666666666,20534.5,-0.008205702598066668,gap_down
2024-11-01,4,20069.0,20271.0,20057.5,213.5,57.75,up_only,high,0.41920374707259955,0.07962529274004684,0.0,0.8666666666666667,20011.25,0.0028858766943594227,gap_up
2024-11-04,0,20120.25,20204.25,20013.0,191.25,-26.75,up_only,high,0.37777777777777777,0.11764705882352941,0.0,0.7166666666666667,20147.0,-0.001327741102893731,gap_down
2024-11-05,1,20152.25,20321.25,20147.0,174.25,67.0,up_only,high,1.114777618364419,0.29555236728837875,0.0,0.6666666666666666,20085.25,0.0033357812324964838,gap_up
2024-11-06,2,20684.75,20805.25,20644.0,161.25,343.5,up_only,high,1.5488372093023255,0.7798449612403101,0.0,0.5666666666666667,20341.25,0.016886867817857802,gap_up
2024-11-07,3,21006.75,21129.25,21004.0,125.25,113.0,up_only,high,1.7385229540918163,0.9880239520958084,0.0,0.3,20893.75,0.005408315883936584,gap_up
2024-11-08,4,21185.5,21232.25,21161.25,71.0,-36.25,up_only,high,1.0246478873239437,0.4612676056338028,0.0,0.016666666666666666,21221.75,-0.0017081531918903955,gap_down
2024-11-11,0,21283.0,21292.75,21155.25,137.5,49.0,down_only,low,0.4727272727272727,0.0,0.41454545454545455,0.45,21234.0,0.0023076198549496093,gap_up
2024-11-12,1,21214.25,21251.75,21179.5,72.25,-6.0,down_only,low,0.07612456747404844,0.0,1.726643598615917,0.03333333333333333,21220.25,-0.00028274878948174504,flat
2024-11-13,2,21158.75,21184.5,21056.5,128.0,-26.25,up_only,high,0.798828125,0.65625,0.0,0.31666666666666665,21185.0,-0.0012390842577295255,gap_down
2024-11-14,3,21137.75,21174.75,21040.5,134.25,-21.0,down_only,low,-0.2383612662942272,0.0,0.515828677839851,0.38333333333333336,21158.75,-0.0009924971938323388,flat
2024-11-15,4,20758.75,20773.75,20582.75,191.0,-249.75,down_only,low,-0.47643979057591623,0.0,0.9293193717277487,0.7333333333333333,21008.5,-0.011888045314991552,gap_down
2024-11-18,0,20557.0,20653.0,20501.0,152.0,65.25,up_only,high,0.8601973684210527,0.46875,0.0,0.55,20491.75,0.0031842082789415253,gap_up
2024-11-19,1,20521.5,20605.0,20508.0,97.0,-110.25,up_only,high,2.652061855670103,1.9329896907216495,0.0,0.13333333333333333,20631.75,-0.0053437056963175685,gap_down
2024-11-20,2,20753.0,20756.0,20477.0,279.0,-12.25,up_only,high,0.9865591397849462,0.03046594982078853,0.0,0.9666666666666667,20765.25,-0.0005899278843259773,flat
2024-11-21,3,20876.0,20905.75,20523.25,382.5,123.75,down_only,low,0.7856209150326797,0.0,0.023529411764705882,0.9833333333333333,20752.25,0.005963208808683396,gap_up
2024-11-22,4,20791.25,20873.0,20722.25,150.75,-32.5,up_only,high,0.8291873963515755,0.04643449419568822,0.0,0.5333333333333333,20823.75,-0.001560717930247914,gap_down
2024-11-25,0,21016.5,21081.0,20869.25,211.75,169.25,down_only,low,0.04132231404958678,0.0,0.4203069657615112,0.8166666666666667,20847.25,0.00811857679070381,gap_up
2024-11-26,1,20938.75,21024.75,20919.5,105.25,60.75,down_only,low,0.667458432304038,0.0,0.1496437054631829,0.18333333333333332,20878.0,0.002909761471405307,gap_up
2024-11-27,2,20936.25,20939.5,20765.5,174.0,-53.5,down_only,low,0.2916666666666667,0.0,0.5201149425287356,0.6833333333333333,20989.75,-0.0025488631355780797,gap_down
2024-12-02,0,21042.75,21196.5,21026.5,170.0,226.5,up_only,high,1.1205882352941177,0.3720588235294118,0.0,0.65,20816.25,0.010880922356332192,gap_up
2024-12-03,1,21158.0,21234.0,21134.25,99.75,-59.0,up_only,high,1.4511278195488722,0.5588972431077694,0.0,0.18333333333333332,21217.0,-0.0027807889899608804,gap_down
2024-12-04,2,21417.5,21464.25,21388.25,76.0,138.5,up_only,high,1.9638157894736843,1.1085526315789473,0.0,0.05,21279.0,0.006508764509610414,gap_up
2024-12-05,3,21535.25,21551.5,21497.75,53.75,-2.25,both_down_first,low,-0.413953488372093,0.2930232558139535,0.7209302325581395,0.016666666666666666,21537.5,-0.00010446894950667441,flat
2024-12-06,4,21491.0,21645.25,21486.0,159.25,15.5,up_only,high,1.0832025117739403,0.15070643642072212,0.0,0.6166666666666667,21475.5,0.0007217526949314335,flat
2024-12-09,0,21615.0,21648.75,21545.0,103.75,-43.5,down_only,low,-0.5734939759036145,0.0,1.0506024096385542,0.23333333333333334,21658.5,-0.0020084493385968557,gap_down
2024-12-10,1,21532.75,21606.75,21505.5,101.25,47.25,down_only,low,-0.9629629629629629,0.0,1.508641975308642,0.23333333333333334,21485.5,0.002199157571385353,gap_up
2024-12-11,2,21589.5,21736.25,21573.0,163.25,181.5,up_only,high,1.339969372128637,0.5130168453292496,0.0,0.65,21408.0,0.008478139013452915,gap_up
2024-12-12,3,21694.0,21719.25,21624.75,94.5,-97.75,up_only,high,0.19576719576719576,0.2724867724867725,0.0,0.16666666666666666,21791.75,-0.004485642502323127,gap_down
2024-12-13,4,21795.25,21908.0,21790.0,118.0,152.0,down_only,low,0.0635593220338983,0.0,1.0466101694915255,0.35,21643.25,0.007022974830489875,gap_up
2024-12-16,0,21899.5,21995.75,21896.0,99.75,102.0,up_only,high,2.1604010025062657,1.5714285714285714,0.0,0.225,21797.5,0.004679435715104943,gap_up
2024-12-17,1,22336.0,22366.75,22244.25,122.5,224.5,up_only,high,0.5795918367346938,0.15714285714285714,0.0,0.36666666666666664,22111.5,0.01015308775976302,gap_up
2024-12-18,2,22280.5,22316.0,22211.25,104.75,-34.75,both_up_first,high,-6.821002386634845,0.3412887828162291,7.458233890214797,0.26666666666666666,22315.25,-0.0015572310415523016,gap_down
2024-12-19,3,21677.0,21697.75,21497.0,200.75,180.25,down_only,low,-0.5990037359900373,0.0,0.6674968866749689,0.8333333333333334,21496.75,0.008384988428483375,gap_up
2024-12-20,4,21210.5,21461.25,21160.5,300.75,-166.25,up_only,high,1.3532834580216127,1.167082294264339,0.0,0.9666666666666667,21376.75,-0.007777141052779305,gap_down
2024-12-23,0,21619.25,21675.5,21476.75,198.75,51.75,up_only,high,1.4025157232704402,0.5094339622641509,0.0,0.8,21567.5,0.0023994436072794713,gap_up
2024-12-26,3,21961.5,22008.0,21870.25,137.75,206.0,up_only,high,0.9945553539019963,0.4954627949183303,0.0,0.48333333333333334,21755.5,0.009468869940934476,gap_up
2024-12-27,4,21846.0,21863.0,21512.75,350.25,-161.25,down_only,low,0.5431834403997144,0.0,0.03997144896502498,0.9666666666666667,22007.25,-0.007327130831884947,gap_down
2024-12-30,0,21409.0,21416.0,21253.0,163.0,-294.0,up_only,high,0.9739263803680982,0.950920245398773,0.0,0.6333333333333333,21703.0,-0.013546514306777864,gap_down
2024-12-31,1,21456.0,21488.5,21333.5,155.0,44.25,down_only,low,-0.7306451612903225,0.0,0.9774193548387097,0.5833333333333334,21411.75,0.002066622298504326,gap_up
2025-01-02,3,21347.75,21444.0,21166.5,277.5,127.5,down_only,low,0.009009009009009009,0.0,0.6585585585585586,0.9333333333333333,21220.25,0.006008411776487082,gap_up
2025-01-03,4,21293.75,21440.75,21261.5,179.25,124.75,up_only,high,1.3765690376569037,0.6610878661087866,0.0,0.7666666666666667,21169.0,0.005893051159714677,gap_up
2025-01-06,0,21732.75,21886.75,21723.5,163.25,224.5,both_up_first,high,0.16539050535987748,0.06125574272588055,0.46401225114854516,0.6583333333333333,21508.25,0.010437855241593342,gap_up
2025-01-07,1,21791.75,21806.0,21525.25,280.75,41.25,down_only,low,-0.5921638468388246,0.0,0.8753339269813001,0.95,21750.5,0.0018965081262499713,gap_up
2025-01-08,2,21355.75,21406.25,21231.0,175.25,-3.25,both_up_first,high,0.7375178316690443,0.14550641940085593,0.369472182596291,0.7333333333333333,21359.0,-0.00015216068167985393,flat
2025-01-10,4,21192.5,21197.25,20874.75,322.5,-167.75,none,none,0.43643410852713177,0.0,0.0,0.9666666666666667,21360.25,-0.007853372502662655,gap_down
2025-01-13,0,20765.75,20855.5,20702.0,153.5,-249.75,up_only,high,1.6042345276872965,0.7100977198697068,0.0,0.5166666666666667,21015.5,-0.011884085555899216,gap_down
2025-01-14,1,21071.5,21129.75,20966.25,163.5,123.25,down_only,low,-0.26452599388379205,0.0,1.1788990825688073,0.6333333333333333,20948.25,0.005883546358287685,gap_up
2025-01-15,2,21251.25,21408.0,21186.75,221.25,328.25,up_only,high,0.9446327683615819,0.20225988700564973,0.0,0.8666666666666667,20923.0,0.015688476795870574,gap_up
2025-01-16,3,21494.5,21498.0,21336.25,161.75,98.75,down_only,low,-0.5455950540958269,0.0,0.5734157650695518,0.55,21395.75,0.004615402591636189,gap_up
2025-01-17,4,21647.25,21653.75,21481.25,172.5,399.25,up_only,high,0.6927536231884058,0.10579710144927536,0.0,0.6666666666666666,21248.0,0.01879000376506024,gap_up
2025-01-21,1,21710.75,21718.25,21525.75,192.5,110.0,up_only,high,0.9805194805194806,0.2792207792207792,0.0,0.7666666666666667,21600.75,0.005092415772600488,gap_up
2025-01-22,2,21913.75,22037.0,21902.5,134.5,199.25,up_only,high,0.70817843866171,0.4200743494423792,0.0,0.35,21714.5,0.009175896290497133,gap_up
2025-01-23,3,21888.75,21918.0,21866.0,52.0,-109.0,up_only,high,3.3798076923076925,2.418269230769231,0.0,0.016666666666666666,21997.75,-0.004955052221249901,gap_down
2025-01-24,4,22044.25,22078.25,21987.25,91.0,2.5,down_only,low,-0.8653846153846154,0.0,1.5741758241758241,0.11666666666666667,22041.75,0.00011342112128120499,flat
2025-01-27,0,21123.5,21370.25,21109.0,261.25,-785.0,both_up_first,high,0.570334928229665,0.184688995215311,0.053588516746411484,0.8833333333333333,21908.5,-0.03583084191067394,gap_down
2025-01-28,1,21302.75,21481.75,21159.5,322.25,44.75,up_only,high,1.2909231962761831,0.44763382467028706,0.0,0.95,21258.0,0.0021050898485276133,gap_up
2025-01-29,2,21599.75,21606.25,21480.5,125.75,24.25,down_only,low,0.3956262425447316,0.0,0.9025844930417495,0.3,21575.5,0.0011239600472758454,gap_up
2025-01-30,3,21650.0,21748.75,21522.0,226.75,119.75,down_only,low,0.4454244762954796,0.0,0.4520396912899669,0.8333333333333334,21530.25,0.0055619419189280195,gap_up
2025-01-31,4,21774.0,21923.5,21765.0,158.5,151.0,both_up_first,high,-1.162460567823344,0.26813880126182965,1.446372239747634,0.4666666666666667,21623.0,0.006983304814318087,gap_up
2025-02-03,0,21215.5,21362.5,21113.25,249.25,-365.25,up_only,high,1.1755265797392176,0.6308926780341023,0.0,0.85,21580.75,-0.016924805671721325,gap_down
2025-02-04,1,21421.25,21663.5,21405.25,258.25,15.0,up_only,high,1.0183930300096806,0.1181026137463698,0.0,0.85,21406.25,0.0007007299270072992,flat
2025-02-05,2,21551.0,21613.75,21501.0,112.75,-117.25,up_only,high,2.3082039911308203,1.376940133037694,0.0,0.25,21668.25,-0.005411143031855364,gap_down
2025-02-06,3,21777.0,21848.75,21738.25,110.5,15.75,both_down_first,low,1.1990950226244343,0.3031674208144796,0.2420814479638009,0.25,21761.25,0.0007237635705669482,flat
2025-02-07,4,21886.0,21968.0,21686.0,282.0,15.25,down_only,low,-0.3466312056737589,0.0,0.4725177304964539,0.9166666666666666,21870.75,0.0006972783283609387,flat
2025-02-10,0,21764.25,21873.5,21744.0,129.5,176.0,up_only,high,0.7702702702702703,0.1583011583011583,0.0,0.35,21588.25,0.008152583002327655,gap_up
2025-02-11,1,21706.0,21845.25,21700.75,144.5,-137.75,up_only,high,0.6245674740484429,0.18166089965397925,0.0,0.4166666666666667,21843.75,-0.006306151645207439,gap_down
2025-02-12,2,21551.0,21739.5,21536.25,203.25,-240.0,up_only,high,1.3075030750307504,0.48954489544895446,0.0,0.75,21791.0,-0.011013721261071084,gap_down
2025-02-13,3,21870.0,21996.5,21834.75,161.75,68.0,up_only,high,1.7001545595054095,0.7882534775888718,0.0,0.5083333333333333,21802.0,0.0031189799100999906,gap_up
2025-02-14,4,22108.0,22160.0,22090.0,70.0,-1.75,up_only,high,1.4892857142857143,0.9285714285714286,0.0,0.05,22109.75,-7.9150600979206e-05,flat
2025-02-18,1,22257.75,22268.0,22130.25,137.75,63.5,down_only,low,0.7876588021778584,0.0,0.1996370235934664,0.35833333333333334,22194.25,0.0028611014114016016,gap_up
2025-02-19,2,22207.25,22221.5,22118.0,103.5,-31.5,up_only,high,1.2463768115942029,0.7560386473429952,0.0,0.18333333333333332,22238.75,-0.0014164465179023103,gap_down
2025-02-20,3,22209.5,22225.5,21951.0,274.5,-37.5,none,none,0.7058287795992714,0.0,0.0,0.85,22247.0,-0.0016856205331055873,gap_down
2025-02-21,4,22186.25,22188.0,21992.25,195.75,41.5,down_only,low,-1.582375478927203,0.0,1.6845466155810984,0.6833333333333333,22144.75,0.001874033348762122,gap_up
2025-02-24,0,21752.5,21801.75,21436.25,365.5,70.0,down_only,low,-0.041723666210670314,0.0,0.07523939808481532,0.9833333333333333,21682.5,0.003228410008071025,gap_up
2025-02-25,1,21391.0,21397.5,21028.25,369.25,-30.0,down_only,low,0.3290453622207177,0.0,0.1035883547731889,1.0,21421.0,-0.001400494841510667,gap_down
2025-02-26,2,21238.75,21373.0,21189.0,184.0,89.0,both_up_first,high,0.012228260869565218,0.19701086956521738,0.6766304347826086,0.65,21149.75,0.00420808756604688,gap_up
2025-02-27,3,21340.75,21381.0,20896.25,484.75,149.5,down_only,low,-0.5941206807632801,0.0,0.6157813305827746,1.0,21191.25,0.007054798560726715,gap_up
2025-02-28,4,20590.25,20758.5,20460.5,298.0,-18.0,up_only,high,1.5411073825503356,0.6233221476510067,0.0,0.8833333333333333,20608.25,-0.0008734366091249863,flat
2025-03-03,0,21055.5,21121.0,20760.0,361.0,135.75,down_only,low,-0.7950138504155124,0.0,1.2278393351800554,0.95,20919.75,0.006489083282544008,gap_up
2025-03-04,1,20342.5,20430.0,20075.25,354.75,-130.5,up_only,high,0.9083861874559549,0.8527131782945736,0.0,0.9333333333333333,20473.0,-0.006374249010892395,gap_down
2025-03-05,2,20421.25,20497.0,20270.25,226.75,23.75,both_down_first,low,1.7100330760749725,1.0055126791620728,0.24366041896361632,0.7083333333333334,20397.5,0.0011643583772521142,gap_up
2025-03-06,3,20310.75,20483.75,20228.25,255.5,-347.25,both_up_first,high,-0.5342465753424658,0.11545988258317025,0.8816046966731899,0.7333333333333333,20658.0,-0.01680946848678478,gap_down
2025-03-07,4,20036.5,20242.0,20023.75,218.25,-55.25,both_down_first,low,0.9175257731958762,0.2027491408934708,1.1832760595647194,0.65,20091.75,-0.0027498849030074533,gap_down
2025-03-10,0,19881.0,19904.5,19654.25,250.25,-343.0,down_only,low,-0.7622377622377622,0.0,1.5264735264735265,0.7166666666666667,20224.0,-0.01696004746835443,gap_down
2025-03-11,1,19420.5,19614.0,19313.5,300.5,-43.0,both_down_first,low,0.26455906821963393,0.2420965058236273,0.37437603993344426,0.85,19463.5,-0.0022092634932052305,gap_down
2025-03-12,2,19696.5,19777.75,19580.0,197.75,303.5,down_only,low,0.14664981036662453,0.0,0.934260429835651,0.55,19393.0,0.015649976795751044,gap_up
2025-03-13,3,19574.0,19577.0,19324.5,252.5,-35.0,down_only,low,-0.2891089108910891,0.0,0.6118811881188119,0.7,19609.0,-0.0017848946912132184,gap_down
2025-03-14,4,19465.0,19620.75,19436.75,184.0,213.5,up_only,high,1.4592391304347827,0.6616847826086957,0.0,0.475,19251.5,0.011090044931563774,gap_up
2025-03-17,0,19702.75,19847.75,19683.25,164.5,-2.5,both_down_first,low,0.9027355623100304,0.6778115501519757,0.331306990881459,0.4,19705.25,-0.00012686974283503127,flat
2025-03-18,1,19898.0,19900.25,19634.5,265.75,66.25,down_only,low,0.2699905926622766,0.0,0.11382878645343368,0.75,19831.75,0.003340602821233628,gap_up
2025-03-19,2,19789.0,19900.75,19706.25,194.5,82.75,up_only,high,1.2712082262210798,1.2455012853470437,0.0,0.48333333333333334,19706.25,0.004199175388518871,gap_up
2025-03-20,3,19786.5,20086.75,19756.0,330.75,-167.0,up_only,high,0.3786848072562358,0.05517762660619804,0.0,0.9,19953.5,-0.008369458992156764,gap_down
2025-03-21,4,19657.25,19773.5,19607.5,166.0,-224.0,up_only,high,2.0813253012048194,1.2078313253012047,0.0,0.36666666666666664,19881.25,-0.011266897202137693,gap_down
2025-03-24,0,20256.25,20347.5,20229.25,118.25,303.25,up_only,high,1.1543340380549683,0.5243128964059197,0.0,0.11666666666666667,19953.0,0.015198215807146795,gap_up
2025-03-25,1,20401.25,20454.75,20361.75,93.0,35.5,up_only,high,1.3548387096774193,0.43548387096774194,0.0,0.06666666666666667,20365.75,0.0017431226446362152,gap_up
2025-03-26,2,20439.0,20475.0,20227.0,248.0,-48.75,down_only,low,-0.46169354838709675,0.0,0.7338709677419355,0.6333333333333333,20487.75,-0.002379470659296409,gap_down
2025-03-27,3,20028.5,20122.0,19937.25,184.75,-84.0,up_only,high,0.30987821380243574,0.41948579161028415,0.0,0.48333333333333334,20112.5,-0.0041765071472964575,gap_down
2025-03-28,4,19911.0,19941.5,19631.25,310.25,-83.5,down_only,low,-0.5471394037066881,0.0,0.6760676873489122,0.8666666666666667,19994.5,-0.004176148440821226,gap_down
2025-03-31,0,19166.5,19191.75,18976.75,215.0,-295.0,up_only,high,2.2011627906976745,1.386046511627907,0.0,0.55,19461.5,-0.015158132723582457,gap_down
2025-04-01,1,19380.5,19462.5,19261.25,201.25,-69.5,up_only,high,1.7006211180124224,0.901863354037267,0.0,0.5333333333333333,19450.0,-0.0035732647814910026,gap_down
2025-04-02,2,19328.0,19620.75,19316.5,304.25,-275.5,up_only,high,1.4133114215283484,0.885784716516023,0.0,0.85,19603.5,-0.014053612875251868,gap_down
2025-04-03,3,18924.25,19074.25,18856.25,218.0,-822.25,down_only,low,-0.7821100917431193,0.0,0.8784403669724771,0.55,19746.5,-0.04164029068442509,gap_down
2025-04-04,4,18154.5,18248.75,17912.75,336.0,-531.25,down_only,low,-1.125,0.0,1.1436011904761905,0.9166666666666666,18685.75,-0.02843075605742344,gap_down
2025-04-07,0,16925.0,18361.5,16673.5,1688.0,-609.75,none,none,0.525622037914692,0.0,0.0,1.0,17534.75,-0.03477380629892071,gap_down
2025-04-08,1,18150.5,18357.25,18059.25,298.0,589.75,down_only,low,-2.7508389261744965,0.0,3.6434563758389262,0.7916666666666666,17560.75,0.033583417564739544,gap_up
2025-04-09,2,17208.5,17597.5,17202.25,395.25,-31.0,up_only,high,5.230234029095509,4.526881720430108,0.0,0.9666666666666667,17239.5,-0.0017981960033643667,gap_down
2025-04-10,3,18790.75,18871.5,18568.5,303.0,-478.75,down_only,low,-0.28217821782178215,0.0,2.1435643564356437,0.8,19269.5,-0.02484496224603648,gap_down
2025-04-11,4,18415.5,18647.75,18276.0,371.75,-67.5,up_only,low,1.4351042367182245,0.6072629455279085,0.01613987895090787,0.95,18483.0,-0.003652004544716767,gap_down
2025-04-14,0,19232.0,19254.75,18987.75,267.0,422.5,down_only,low,-0.1704119850187266,0.0,0.9372659176029963,0.6833333333333333,18809.5,0.022462053749435124,gap_up
2025-04-15,1,18986.75,19144.75,18924.5,220.25,44.5,down_only,low,0.15891032917139614,0.0,0.18274687854710556,0.5,18942.25,0.0023492457337433515,gap_up
2025-04-16,2,18584.25,18679.5,18509.25,170.25,-375.25,both_up_first,high,-0.7195301027900147,0.32599118942731276,2.3083700440528636,0.3,18959.5,-0.019792188612568897,gap_down
2025-04-17,3,18498.25,18509.5,18315.25,194.25,111.5,both_down_first,low,0.2985842985842986,0.08494208494208494,0.2767052767052767,0.35,18386.75,0.006064149455450256,gap_up
2025-04-21,0,18129.25,18165.0,17899.75,265.25,-244.0,down_only,low,0.08482563619227144,0.0,0.7530631479736098,0.65,18373.25,-0.013280176343325215,gap_down
2025-04-22,1,18152.25,18306.0,18100.5,205.5,230.0,up_only,high,1.3600973236009732,1.0121654501216546,0.0,0.4166666666666667,17922.25,0.012833210115917365,gap_up
2025-04-23,2,18949.0,19144.5,18916.5,228.0,569.0,both_up_first,high,-0.5625,0.09210526315789473,0.819078947368421,0.5333333333333333,18380.0,0.030957562568008704,gap_up
2025-04-24,3,18875.25,19142.5,18846.5,296.0,87.0,up_only,high,1.5988175675675675,0.6613175675675675,0.0,0.7333333333333333,18788.25,0.004630553670512155,gap_up
2025-04-25,4,19302.0,19405.75,19235.75,170.0,-17.75,up_only,low,1.7308823529411765,0.8735294117647059,0.011764705882352941,0.23333333333333334,19319.75,-0.0009187489486147595,flat
2025-04-28,0,19548.25,19623.0,19433.25,189.75,18.25,down_only,low,0.48089591567852435,0.0,0.927536231884058,0.31666666666666665,19530.0,0.0009344598054275474,flat
2025-04-29,1,19426.75,19601.25,19403.75,197.5,-97.75,up_only,high,1.220253164556962,0.4417721518987342,0.0,0.36666666666666664,19524.5,-0.00500653025685677,gap_down
2025-04-30,2,19301.25,19315.0,19103.75,211.25,-343.5,up_only,high,2.5502958579881656,1.8970414201183432,0.0,0.45,19644.75,-0.017485587752452944,gap_down
2025-05-01,3,19971.0,20005.5,19860.0,145.5,328.5,up_only,high,0.12199312714776632,0.8264604810996563,0.015463917525773196,0.16666666666666666,19642.5,0.01672394043528064,gap_up
2025-05-02,4,20091.0,20180.25,20019.75,160.5,213.25,up_only,high,1.0342679127725856,0.6012461059190031,0.0,0.16666666666666666,19877.75,0.010728075360641924,gap_up
2025-05-05,0,20010.25,20111.0,19985.25,125.75,-175.5,up_only,high,0.6381709741550696,0.6401590457256461,0.0,0.08333333333333333,20185.75,-0.008694252133311866,gap_down
2025-05-06,1,19795.5,19909.5,19739.0,170.5,-270.0,up_only,high,0.8020527859237536,0.6847507331378299,0.0,0.26666666666666666,20065.5,-0.013455931823278762,gap_down
2025-05-07,2,19899.5,19977.0,19857.5,119.5,23.75,both_down_first,high,0.7677824267782427,0.6401673640167364,1.49581589958159,0.08333333333333333,19875.75,0.001194923462007723,gap_up
2025-05-08,3,20163.0,20174.0,20025.0,149.0,213.75,both_down_first,low,0.8540268456375839,1.0956375838926173,0.3087248322147651,0.15,19949.25,0.010714688522124892,gap_up
2025-05-09,4,20227.0,20279.75,20111.75,168.0,74.75,down_only,low,0.14583333333333334,0.0,0.31994047619047616,0.23333333333333334,20152.25,0.0037092632336339615,gap_up
2025-05-12,0,20919.0,20922.25,20723.5,198.75,782.75,both_down_first,low,1.1383647798742138,0.1610062893081761,0.16855345911949685,0.43333333333333335,20136.25,0.03887267986839655,gap_up
2025-05-13,1,21004.5,21246.5,20972.75,273.75,54.75,up_only,high,1.0885844748858446,0.365296803652968,0.0,0.7,20949.75,0.0026133963412451225,gap_up
2025-05-14,2,21314.75,21405.25,21273.75,131.5,44.0,up_only,high,0.9372623574144486,0.10836501901140684,0.0,0.1,21270.75,0.0020685683391511818,gap_up
2025-05-15,3,21302.5,21346.5,21247.75,98.75,-94.5,up_only,high,1.7392405063291139,1.8556962025316455,0.0,0.03333333333333333,21397.0,-0.004416506986960789,gap_down
2025-05-16,4,21467.5,21470.0,21388.25,81.75,48.0,both_down_first,low,1.437308868501529,0.5137614678899083,0.8318042813455657,0.016666666666666666,21419.5,0.0022409486682695673,gap_up
2025-05-19,0,21203.25,21462.5,21202.25,260.25,-302.5,up_only,high,1.2334293948126802,0.3150816522574448,0.0,0.65,21505.75,-0.014066005603152645,gap_down
2025-05-20,1,21413.0,21439.75,21354.75,85.0,-110.25,both_up_first,high,1.0911764705882352,0.40588235294117647,0.6676470588235294,0.03333333333333333,21523.25,-0.005122367672168469,gap_down
2025-05-21,2,21278.75,21441.25,21277.0,164.25,-168.75,both_up_first,high,-0.7792998477929984,0.7138508371385084,1.243531202435312,0.2,21447.5,-0.007868049889264483,gap_down
2025-05-22,3,21171.25,21330.5,21113.75,216.75,22.25,none,high,0.3217993079584775,0.03229527104959631,0.0,0.5166666666666667,21149.0,0.001052059199016502,gap_up
2025-05-23,4,20849.0,20994.25,20822.5,171.75,-334.5,up_only,high,0.9082969432314411,0.5167394468704513,0.0,0.31666666666666665,21183.5,-0.0157905917341327,gap_down
2025-05-27,1,21259.5,21383.5,21192.75,190.75,281.0,up_only,high,1.4351245085190039,0.5504587155963303,0.0,0.38333333333333336,20978.5,0.013394665967538194,gap_up
2025-05-28,2,21505.25,21567.5,21438.25,129.25,38.75,down_only,low,-0.5087040618955513,0.0,0.690522243713733,0.13333333333333333,21466.5,0.0018051382386509213,gap_up
2025-05-29,3,21674.25,21679.75,21380.5,299.25,301.75,down_only,low,0.1035923141186299,0.0,0.2656641604010025,0.85,21372.5,0.014118610363785238,gap_up
2025-05-30,4,21382.0,21392.75,21234.75,158.0,-29.5,both_up_first,high,0.8528481012658228,0.2579113924050633,1.0332278481012658,0.2,21411.5,-0.0013777642855474861,gap_down
2025-06-02,0,21287.75,21458.0,21234.75,223.25,-81.75,up_only,high,1.341545352743561,0.3840985442329227,0.0,0.65,21369.5,-0.0038255457544631366,gap_down
2025-06-03,1,21547.0,21638.5,21509.75,128.75,12.75,up_only,high,1.5126213592233009,0.941747572815534,0.0,0.13333333333333333,21534.25,0.0005920800585114411,flat
2025-06-04,2,21725.75,21793.25,21641.0,152.25,21.25,up_only,high,0.7635467980295566,0.06403940886699508,0.0,0.21666666666666667,21704.5,0.0009790596420097214,flat
2025-06-05,3,21812.25,21840.5,21691.5,149.0,55.0,both_up_first,high,-0.7030201342281879,0.6342281879194631,1.261744966442953,0.20833333333333334,21757.25,0.0025278930011835136,gap_up
2025-06-06,4,21797.75,21864.25,21762.75,101.5,211.0,both_down_first,high,0.26354679802955666,0.09113300492610837,0.4014778325123153,0.08333333333333333,21586.75,0.00977451445910107,gap_up
2025-06-09,0,21797.5,21866.25,21750.75,115.5,8.0,up_only,high,0.5887445887445888,0.21212121212121213,0.0,0.1,21789.5,0.00036714931503705915,flat
2025-06-10,1,21836.25,21893.25,21818.0,75.25,17.5,both_down_first,low,1.946843853820598,1.3156146179401993,1.0,0.016666666666666666,21818.75,0.0008020624462904612,flat
2025-06-11,2,22017.25,22043.25,21915.75,127.5,52.75,both_up_first,high,-0.2196078431372549,0.1803921568627451,0.9803921568627451,0.18333333333333332,21964.5,0.002401602585991031,gap_up
2025-06-12,3,21829.5,21930.5,21818.5,112.0,-58.25,up_only,high,1.0535714285714286,0.4174107142857143,0.0,0.11666666666666667,21887.75,-0.002661305981656406,gap_down
2025-06-13,4,21679.75,21794.75,21617.0,177.75,-256.75,both_up_first,high,0.19831223628691982,0.33755274261603374,0.09423347398030943,0.48333333333333334,21936.5,-0.01170423723018713,gap_down
2025-06-16,0,22014.5,22201.5,22014.0,187.5,362.25,up_only,high,0.864,0.10933333333333334,0.0,0.5166666666666667,21652.25,0.016730362895311112,gap_up
2025-06-17,1,22064.0,22133.5,22026.0,107.5,-112.0,down_only,high,-0.6465116279069767,0.013953488372093023,1.083720930232558,0.11666666666666667,22176.0,-0.005050505050505051,gap_down
2025-06-18,2,21993.0,22083.0,21926.25,156.75,36.5,both_up_first,high,0.14513556618819776,0.09409888357256778,0.2807017543859649,0.3333333333333333,21956.5,0.0016623778835424589,gap_up
2025-06-20,4,22075.0,22130.5,21888.5,242.0,126.0,down_only,low,-0.1890495867768595,0.0,0.5103305785123967,0.75,21949.0,0.005740580436466354,gap_up
2025-06-23,0,21869.25,22012.25,21758.5,253.75,26.5,up_only,high,1.238423645320197,0.31822660098522165,0.07980295566502463,0.7666666666666667,21842.75,0.0012132172002151745,gap_up
2025-06-24,1,22286.25,22333.5,22260.0,73.5,213.5,up_only,high,1.9795918367346939,1.5612244897959184,0.0,0.016666666666666666,22072.75,0.009672560057083961,gap_up
2025-06-25,2,22499.5,22548.25,22463.75,84.5,94.0,down_only,low,-0.005917159763313609,0.0,0.8905325443786982,0.06666666666666667,22405.5,0.004195398451273125,gap_up
2025-06-26,3,22552.25,22575.0,22476.0,99.0,89.0,up_only,high,1.9924242424242424,1.202020202020202,0.0,0.11666666666666667,22463.25,0.003962026866103524,gap_up
2025-06-27,4,22707.5,22825.5,22685.25,140.25,34.25,down_only,low,0.47593582887700536,0.0,0.6078431372549019,0.3,22673.25,0.0015105906740321745,gap_up
2025-06-30,0,22871.75,22875.5,22794.25,81.25,119.75,both_down_first,low,1.123076923076923,0.7292307692307692,0.16307692307692306,0.05,22752.0,0.005263273558368495,gap_up
2025-07-01,1,22802.25,22848.25,22748.75,99.5,-83.25,down_only,low,-0.5603015075376885,0.0,1.550251256281407,0.15,22885.5,-0.0036376745100609557,gap_down
2025-07-02,2,22654.25,22798.25,22651.25,147.0,-38.75,up_only,high,1.314625850340136,0.3792517006802721,0.0,0.36666666666666664,22693.0,-0.0017075750231348875,gap_down
2025-07-07,0,22943.25,22977.5,22900.5,77.0,98.75,down_only,low,-0.22402597402597402,0.0,1.5681818181818181,0.05,22844.5,0.004322703495370877,gap_up
2025-07-08,1,22935.5,22943.5,22849.0,94.5,52.25,both_down_first,low,0.4523809523809524,0.2037037037037037,0.08465608465608465,0.13333333333333333,22883.25,0.0022833295095757815,gap_up
2025-07-09,2,22978.75,23112.0,22978.0,134.0,87.0,down_only,low,0.5447761194029851,0.0,0.43470149253731344,0.36666666666666664,22891.75,0.0038004958118099314,gap_up
2025-07-10,3,23072.25,23090.0,22901.25,188.75,21.25,none,none,0.6026490066225165,0.0,0.0,0.6666666666666666,23051.0,0.0009218688993969892,flat
2025-07-11,4,22915.25,23004.5,22863.0,141.5,-99.75,up_only,high,0.6519434628975265,0.12014134275618374,0.0,0.4,23015.0,-0.004334129915272648,gap_down
2025-07-14,0,22942.75,22989.25,22842.25,147.0,-12.5,up_only,high,1.3061224489795917,0.5255102040816326,0.0,0.44166666666666665,22955.25,-0.0005445377419108919,flat
2025-07-15,1,23200.25,23222.75,23120.5,102.25,166.0,down_only,low,-0.6674816625916871,0.0,0.6894865525672371,0.21666666666666667,23034.25,0.007206659648132672,gap_up
2025-07-16,2,23074.25,23089.5,22948.75,140.75,22.0,both_down_first,low,0.8934280639431617,0.07460035523978685,0.8046181172291297,0.4166666666666667,23052.25,0.0009543536964938346,flat
2025-07-17,3,23100.25,23175.25,23065.75,109.5,25.75,up_only,high,1.7534246575342465,0.954337899543379,0.0,0.25,23074.5,0.0011159505081366878,gap_up
2025-07-18,4,23301.0,23310.0,23186.75,123.25,43.25,down_only,low,0.3225152129817444,0.0,0.13995943204868155,0.31666666666666665,23257.75,0.0018595951887005408,gap_up
2025-07-21,0,23256.25,23419.25,23255.25,164.0,29.75,up_only,high,0.5457317073170732,0.03353658536585366,0.0,0.6333333333333333,23226.5,0.001280864529739737,gap_up
2025-07-22,1,23346.0,23349.75,23108.0,241.75,1.25,none,none,0.46845915201654603,0.0,0.0,0.9,23344.75,5.3545229655489995e-05,flat
2025-07-23,2,23261.5,23263.75,23146.75,117.0,40.25,up_only,high,1.5192307692307692,0.5213675213675214,0.0,0.3,23221.25,0.001733326155999354,gap_up
2025-07-24,3,23374.0,23401.0,23298.25,102.75,49.5,up_only,high,0.7639902676399026,0.22871046228710462,0.0,0.23333333333333334,23324.5,0.002122231987823962,gap_up
2025-07-25,4,23360.0,23416.0,23330.75,85.25,-16.75,up_only,high,1.0762463343108504,0.7038123167155426,0.0,0.13333333333333333,23376.75,-0.0007165238966066711,flat
2025-07-28,0,23472.75,23529.0,23464.75,64.25,50.25,down_only,low,0.42023346303501946,0.0,0.4357976653696498,0.016666666666666666,23422.5,0.0021453730387447968,gap_up
2025-07-29,1,23595.25,23652.5,23538.75,113.75,103.5,down_only,low,-0.7186813186813187,0.0,1.032967032967033,0.3333333333333333,23491.75,0.004405802036885289,gap_up
2025-07-30,2,23487.0,23526.25,23450.75,75.5,30.0,both_up_first,high,0.44039735099337746,0.8377483443708609,1.2483443708609272,0.06666666666666667,23457.0,0.001278935925310142,gap_up
2025-07-31,3,23747.25,23752.0,23609.25,142.75,263.25,down_only,low,-1.7863397548161122,0.0,2.12784588441331,0.5833333333333334,23484.0,0.011209759836484414,gap_up
2025-08-01,4,23087.5,23095.75,22800.0,295.75,-266.75,down_only,low,0.27218934911242604,0.0,0.08453085376162299,0.9833333333333333,23354.25,-0.011421903936114412,gap_down
2025-08-04,0,23094.0,23264.25,23088.75,175.5,213.5,up_only,high,1.1851851851851851,0.245014245014245,0.0,0.7666666666666667,22880.5,0.009331089792618168,gap_up
2025-08-05,1,23348.25,23397.25,23261.75,135.5,51.5,down_only,low,-0.9464944649446494,0.0,1.0940959409594095,0.5,23296.75,0.002210608775902218,gap_up
2025-08-06,2,23169.25,23285.0,23148.5,136.5,35.75,up_only,high,2.0238095238095237,1.173992673992674,0.0,0.5166666666666667,23133.5,0.0015453779151447036,gap_up
2025-08-07,3,23601.0,23671.0,23542.5,128.5,176.25,down_only,low,-0.3229571984435798,0.0,1.66147859922179,0.43333333333333335,23424.75,0.007524093106650018,gap_up
2025-08-08,4,23541.75,23683.5,23530.0,153.5,40.75,up_only,high,1.201954397394137,0.26384364820846906,0.0,0.6833333333333333,23501.0,0.0017339687672864985,gap_up
2025-08-11,0,23715.75,23767.5,23680.75,86.75,1.25,both_up_first,high,-0.48703170028818443,0.4265129682997118,1.07492795389049,0.18333333333333332,23714.5,5.271036707499631e-05,flat
2025-08-12,1,23733.0,23808.25,23622.0,186.25,94.5,up_only,high,1.6778523489932886,0.7610738255033557,0.0,0.8166666666666667,23638.5,0.003997715591090805,gap_up
2025-08-13,2,24044.5,24068.5,23947.0,121.5,110.0,down_only,low,-0.03292181069958848,0.0,0.5020576131687243,0.4,23934.5,0.004595876245586914,gap_up
2025-08-14,3,23857.75,23960.25,23841.25,119.0,-85.25,up_only,high,0.6785714285714286,0.39915966386554624,0.0,0.38333333333333336,23943.0,-0.0035605396149187654,gap_down
2025-08-15,4,23909.25,23911.0,23770.25,140.75,-12.75,down_only,low,0.2539964476021314,0.0,0.2539964476021314,0.575,23922.0,-0.0005329821921244043,flat
2025-08-18,0,23768.25,23824.25,23735.0,89.25,-37.75,down_only,low,0.6946778711484594,0.0,0.1792717086834734,0.16666666666666666,23806.0,-0.0015857346887339326,gap_down
2025-08-19,1,23762.5,23770.5,23623.0,147.5,-34.5,down_only,low,-1.035593220338983,0.0,1.335593220338983,0.6666666666666666,23797.0,-0.0014497625751145103,gap_down
2025-08-20,2,23426.25,23432.0,23063.5,368.5,-44.0,down_only,low,0.7089552238805971,0.0,0.0773405698778833,1.0,23470.25,-0.001874713733343275,gap_down
2025-08-21,3,23260.5,23348.25,23156.0,192.25,-64.25,down_only,low,0.3198959687906372,0.0,0.19245773732119636,0.8833333333333333,23324.75,-0.0027545847222371087,gap_down
2025-08-22,4,23264.5,23633.0,23205.5,427.5,47.0,up_only,high,0.8409356725146199,0.03976608187134503,0.0,1.0,23217.5,0.0020243350920641757,gap_up
2025-08-25,0,23496.0,23561.0,23443.25,117.75,-69.0,up_only,high,0.4437367303609342,0.4692144373673036,0.0,0.38333333333333336,23565.0,-0.002928071292170592,gap_down
2025-08-26,1,23470.75,23548.0,23427.0,121.0,-24.75,up_only,high,1.322314049586777,0.4297520661157025,0.0,0.4166666666666667,23495.5,-0.001053393202953757,gap_down
2025-08-27,2,23541.0,23606.5,23487.5,119.0,-46.0,up_only,high,1.115546218487395,0.42857142857142855,0.0,0.4083333333333333,23587.0,-0.0019502268198583967,gap_down
2025-08-28,3,23640.25,23742.25,23572.5,169.75,20.0,up_only,high,1.1443298969072164,0.36229749631811486,0.0,0.8,23620.25,0.0008467310887903388,flat
2025-08-29,4,23652.0,23668.0,23428.0,240.0,-114.75,down_only,low,0.18958333333333333,0.0,0.12708333333333333,0.9,23766.75,-0.004828173814257313,gap_down
2025-09-02,1,23100.25,23280.0,23025.25,254.75,-373.25,up_only,high,0.9872423945044161,0.040235525024533855,0.0,0.95,23473.5,-0.015900909536285597,gap_down
2025-09-03,2,23423.5,23472.25,23370.0,102.25,146.75,both_up_first,high,0.80440097799511,0.5183374083129584,0.5061124694376528,0.25833333333333336,23276.75,0.006304574306980141,gap_up
2025-09-04,3,23480.5,23548.25,23410.0,138.25,28.25,up_only,high,1.8553345388788427,0.9547920433996383,0.0,0.5666666666666667,23452.25,0.0012045752539734994,gap_up
2025-09-05,4,23875.0,23902.0,23628.5,273.5,208.5,down_only,low,0.22851919561243145,0.0,0.4515539305301645,0.95,23666.5,0.008809921196628146,gap_up
2025-09-08,0,23784.25,23876.25,23771.75,104.5,93.25,both_up_first,high,0.3062200956937799,0.11244019138755981,0.11244019138755981,0.26666666666666666,23691.0,0.0039360938753113,gap_up
2025-09-09,1,23835.5,23857.75,23781.25,76.5,31.75,both_down_first,low,1.130718954248366,0.4215686274509804,0.7222222222222222,0.06666666666666667,23803.75,0.0013338234521871554,gap_up
2025-09-10,2,23998.75,24000.5,23900.25,100.25,131.0,down_only,low,-0.2593516209476309,0.0,1.1496259351620948,0.23333333333333334,23867.75,0.0054885776832755495,gap_up
2025-09-11,3,23977.25,24004.0,23909.75,94.25,103.0,up_only,high,1.0795755968169762,0.44562334217506633,0.0,0.18333333333333332,23874.25,0.004314271652512644,gap_up
2025-09-12,4,24040.75,24076.25,24001.5,74.75,29.25,up_only,high,1.4548494983277591,1.1070234113712374,0.0,0.05,24011.5,0.0012181662953168273,gap_up
2025-09-15,0,24418.5,24508.0,24412.75,95.25,308.25,up_only,high,1.4750656167979002,0.5118110236220472,0.0,0.23333333333333334,24110.25,0.01278501881979656,gap_up
2025-09-16,1,24588.25,24600.5,24520.75,79.75,35.0,down_only,low,0.0438871473354232,0.0,0.26959247648902823,0.11666666666666667,24553.25,0.0014254732061946994,gap_up
2025-09-17,2,24521.0,24540.75,24436.0,104.75,-3.25,both_down_first,low,0.3747016706443914,0.0954653937947494,1.8520286396181385,0.38333333333333336,24524.25,-0.00013252189159709268,flat
2025-09-18,3,24679.5,24788.5,24598.75,189.75,204.25,up_only,high,0.5243741765480896,0.14492753623188406,0.0,0.8666666666666667,24475.25,0.008345165013636224,gap_up
2025-09-19,4,24767.75,24817.5,24737.5,80.0,69.5,both_down_first,low,1.5375,0.88125,0.36875,0.11666666666666667,24698.25,0.0028139645521443827,gap_up
2025-09-22,0,24815.5,24906.0,24814.25,91.75,-45.0,up_only,high,2.010899182561308,1.3215258855585832,0.0,0.2,24860.5,-0.0018101003600088494,gap_down
2025-09-23,1,25001.0,25009.75,24929.5,80.25,2.25,down_only,low,-1.2211838006230529,0.0,1.8566978193146417,0.13333333333333333,24998.75,9.000450022501125e-05,flat
2025-09-24,2,24885.25,24899.25,24784.5,114.75,53.75,down_only,low,-0.39215686274509803,0.0,1.3725490196078431,0.43333333333333335,24831.5,0.002164589332098343,gap_up
2025-09-25,3,24576.25,24641.75,24422.5,219.25,-163.25,up_only,high,0.9566704675028507,0.2508551881413911,0.0,0.8833333333333333,24739.5,-0.006598759069504234,gap_down
2025-09-26,4,24654.25,24733.25,24520.0,213.25,22.0,up_only,high,0.9636576787807737,0.017584994138335287,0.0,0.8666666666666667,24632.25,0.0008931380608754783,flat
2025-09-29,0,24850.75,24975.5,24848.25,127.25,125.25,down_only,low,-0.08644400785854617,0.0,0.5324165029469549,0.5333333333333333,24725.5,0.005065620513235324,gap_up
2025-09-30,1,24820.5,24831.0,24722.25,108.75,-16.75,up_only,high,1.6183908045977011,0.7609195402298851,0.0,0.35,24837.25,-0.0006743902807275362,flat
2025-10-01,2,24763.0,24893.0,24726.0,167.0,-135.25,up_only,high,1.7110778443113772,0.8607784431137725,0.0,0.75,24898.25,-0.005432108682337112,gap_down
2025-10-02,3,25165.25,25169.0,25014.0,155.0,153.5,down_only,low,0.6161290322580645,0.0,0.13064516129032258,0.7166666666666667,25011.75,0.006137115555688826,gap_up
2025-10-03,4,25133.5,25168.0,25051.0,117.0,24.0,down_only,low,-0.4636752136752137,0.0,1.0918803418803418,0.4083333333333333,25109.5,0.0009558135367092137,flat
2025-10-06,0,25214.25,25221.75,25116.75,105.0,217.5,up_only,low,0.6428571428571429,0.29523809523809524,0.07857142857142857,0.3333333333333333,24996.75,0.008701131147049117,gap_up
2025-10-07,1,25237.0,25264.75,25207.5,57.25,52.75,down_only,low,-2.834061135371179,0.0,3.890829694323144,0.016666666666666666,25184.25,0.002094563070172826,gap_up
2025-10-08,2,25079.75,25231.0,25074.0,157.0,34.5,up_only,high,1.6305732484076434,0.7213375796178344,0.0,0.7333333333333333,25045.25,0.001377506712849742,gap_up
2025-10-09,3,25329.0,25334.75,25244.25,90.5,-1.0,down_only,low,0.5552486187845304,0.0,0.9226519337016574,0.2,25330.0,-3.9478878799842084e-05,flat
2025-10-10,4,25313.0,25388.0,25293.5,94.5,18.5,down_only,low,-9.431216931216932,0.0,9.621693121693122,0.25,25294.5,0.0007313842930281286,flat
2025-10-13,0,24824.75,24913.5,24724.5,189.0,422.5,up_only,high,1.037037037037037,0.2724867724867725,0.0,0.8166666666666667,24402.25,0.017313977194725896,gap_up
2025-10-14,1,24638.75,24725.0,24421.0,304.0,-281.75,up_only,high,1.1060855263157894,0.7319078947368421,0.0,0.9666666666666667,24920.5,-0.011305952930318412,gap_down
2025-10-15,2,25002.5,25113.25,24897.0,216.25,245.25,both_up_first,high,0.12716763005780346,0.008092485549132947,1.0809248554913296,0.8666666666666667,24757.25,0.009906189096123359,gap_up
2025-10-16,3,25045.25,25125.5,25013.75,111.75,120.75,both_up_first,high,-1.6375838926174497,0.48322147651006714,3.3131991051454137,0.4,24924.5,0.004844630784970611,gap_up
2025-10-17,4,24736.25,24960.75,24672.5,288.25,-94.5,up_only,high,1.0980052038161319,0.3295750216825672,0.0,0.9333333333333333,24830.75,-0.003805765029248009,gap_down
2025-10-20,0,25119.0,25283.5,25114.75,168.75,130.0,up_only,high,1.0992592592592592,0.42074074074074075,0.0,0.7166666666666667,24989.0,0.005202289007163152,gap_up
2025-10-21,1,25300.75,25304.5,25205.25,99.25,0.5,up_only,low,0.8664987405541562,0.4433249370277078,0.020151133501259445,0.25,25300.25,1.9762650566694006e-05,flat
2025-10-22,2,25265.5,25289.25,25114.25,175.0,-25.75,down_only,low,-0.42142857142857143,0.0,1.7685714285714285,0.7333333333333333,25291.25,-0.0010181386843275836,gap_down
2025-10-23,3,25016.25,25179.75,24999.0,180.75,-24.25,up_only,high,1.4052558782849238,0.598893499308437,0.0,0.75,25040.5,-0.0009684311415506879,flat
2025-10-24,4,25466.5,25548.75,25429.75,119.0,213.5,up_only,high,0.6701680672268907,0.18487394957983194,0.0,0.43333333333333335,25253.0,0.008454441056508138,gap_up
2025-10-27,0,25815.75,25875.75,25796.5,79.25,306.25,up_only,high,2.0757097791798107,1.3312302839116719,0.0,0.06666666666666667,25509.5,0.012005331347145182,gap_up
2025-10-28,1,26051.5,26094.75,26029.5,65.25,90.5,both_down_first,low,2.0,2.0957854406130267,0.36015325670498083,0.03333333333333333,25961.0,0.003485998228111398,gap_up
2025-10-29,2,26266.0,26326.5,26254.75,71.75,106.0,down_only,low,0.3693379790940767,0.0,2.8641114982578397,0.05,26160.0,0.004051987767584098,gap_up
2025-10-30,3,26125.25,26182.5,25942.25,240.25,-156.0,down_only,low,-0.2924037460978148,0.0,0.3048907388137357,0.9,26281.25,-0.005935790725326992,gap_down
2025-10-31,4,26199.25,26199.5,26060.0,139.5,327.25,down_only,low,-0.482078853046595,0.0,1.2275985663082438,0.5833333333333334,25872.0,0.012648809523809524,gap_up
2025-11-03,0,26235.75,26266.0,26033.0,233.0,243.0,down_only,low,0.3315450643776824,0.0,0.07510729613733906,0.8666666666666667,25992.75,0.00934876071212165,gap_up
2025-11-04,1,25742.0,25893.5,25663.0,230.5,-368.25,down_only,low,-0.368763557483731,0.0,0.5162689804772235,0.85,26110.25,-0.01410365660995203,gap_down
2025-11-05,2,25542.25,25718.5,25488.0,230.5,-35.75,up_only,high,1.0976138828633406,0.7006507592190889,0.0,0.8416666666666667,25578.0,-0.0013976855109860036,gap_down
2025-11-06,3,25674.0,25685.75,25404.5,281.25,-67.0,down_only,low,-0.52,0.0,0.7351111111111112,0.9333333333333333,25741.0,-0.0026028514820714034,gap_down
2025-11-07,4,25110.5,25111.0,24882.0,229.0,-147.75,both_down_first,low,1.232532751091703,0.27074235807860264,0.7543668122270742,0.8,25258.25,-0.005849573901596508,gap_down
2025-11-10,0,25538.75,25666.5,25525.25,141.25,374.5,both_down_first,low,1.3292035398230089,0.6654867256637168,0.5185840707964602,0.55,25164.25,0.01488222378970166,gap_up
2025-11-11,1,25605.0,25646.0,25532.75,113.25,-108.0,both_down_first,low,1.0088300220750552,0.44370860927152317,0.47902869757174393,0.38333333333333336,25713.0,-0.004200210010500525,gap_down
2025-11-12,2,25778.5,25780.75,25561.5,219.25,131.5,down_only,low,0.29076396807297605,0.0,0.33181299885974913,0.775,25647.0,0.00512730533785628,gap_up
2025-11-13,3,25477.25,25502.0,25280.25,221.75,-148.0,down_only,low,-0.8128523111612176,0.0,1.2525366403607667,0.8,25625.25,-0.005775553409235032,gap_down
2025-11-14,4,24723.5,25028.5,24626.0,402.5,-376.5,up_only,high,1.1906832298136647,0.6577639751552795,0.0,0.9833333333333333,25100.0,-0.015,gap_down
2025-11-17,0,24997.75,25254.0,24955.0,299.0,-107.5,down_only,low,-0.22324414715719063,0.0,0.7466555183946488,0.9666666666666667,25105.25,-0.004281972894115773,gap_down
2025-11-18,1,24718.25,24832.0,24430.0,402.0,-170.0,down_only,low,0.3855721393034826,0.0,0.13370646766169153,0.9833333333333333,24888.25,-0.006830532480186433,gap_down
2025-11-19,2,24611.5,24988.0,24572.5,415.5,26.5,down_only,low,0.36702767749699156,0.0,0.15764139590854392,1.0,24585.0,0.001077893024201749,gap_up
2025-11-20,3,25211.5,25299.75,25146.0,153.75,486.5,both_up_first,high,-6.554471544715447,0.06666666666666667,6.816260162601626,0.5166666666666667,24725.0,0.01967644084934277,gap_up
2025-11-21,4,24203.5,24298.0,24027.25,270.75,65.25,both_down_first,low,1.0581717451523547,1.1015697137580793,0.36934441366574333,0.8666666666666667,24138.25,0.002703178565140389,gap_up
2025-11-24,0,24522.25,24769.75,24516.75,253.0,208.5,up_only,high,1.6541501976284585,0.8843873517786561,0.0,0.8333333333333334,24313.75,0.008575394581255462,gap_up
2025-11-25,1,24857.25,24879.5,24602.0,277.5,-78.0,up_only,high,1.7225225225225225,0.9216216216216216,0.0,0.8833333333333333,24935.25,-0.0031281017836195745,gap_down
2025-11-26,2,25222.25,25280.25,25133.75,146.5,142.25,up_only,high,1.1109215017064846,0.6535836177474402,0.0,0.5,25080.0,0.005671850079744817,gap_up
2025-12-01,0,25255.0,25389.0,25209.25,179.75,-41.5,up_only,high,1.0737134909596662,0.5938803894297635,0.0,0.6,25296.5,-0.0016405431581444072,gap_down
2025-12-02,1,25492.75,25654.75,25471.25,183.5,90.5,both_up_first,high,0.7043596730245232,0.08310626702997276,0.30926430517711173,0.6333333333333333,25402.25,0.0035626765345589465,gap_up
2025-12-03,2,25495.25,25574.5,25430.0,144.5,-105.25,up_only,high,1.57439446366782,0.7664359861591695,0.0,0.4666666666666667,25600.5,-0.004111247827190875,gap_down
2025-12-04,3,25712.0,25713.0,25520.5,192.5,54.5,down_only,low,0.5584415584415584,0.0,0.16493506493506493,0.6666666666666666,25657.5,0.0021241352431063043,gap_up
2025-12-05,4,25680.0,25868.0,25673.5,194.5,52.0,down_only,low,0.2686375321336761,0.0,0.11439588688946016,0.6666666666666666,25628.0,0.002029030747619791,gap_up
2025-12-08,0,25791.0,25860.75,25657.0,203.75,65.25,down_only,low,0.05766871165644172,0.0,0.452760736196319,0.6666666666666666,25725.75,0.0025363692020640796,gap_up
2025-12-09,1,25618.5,25670.0,25560.0,110.0,-50.25,up_only,high,1.3,0.5977272727272728,0.0,0.26666666666666666,25668.75,-0.00195763330898466,gap_down
2025-12-10,2,25647.25,25672.25,25567.0,105.25,-55.75,both_down_first,low,2.213776722090261,1.8859857482185274,0.36342042755344417,0.23333333333333334,25703.0,-0.002169007508851107,gap_down
2025-12-11,3,25643.5,25650.25,25390.25,260.0,-156.5,up_only,high,1.248076923076923,0.27884615384615385,0.0,0.85,25800.0,-0.006065891472868217,gap_down
2025-12-12,4,25560.25,25619.5,25315.0,304.5,-154.5,down_only,low,-0.3464696223316913,0.0,0.6469622331691297,0.95,25714.75,-0.006008224851495737,gap_down
2025-12-15,0,25666.75,25668.0,25285.75,382.25,457.25,none,none,0.12884238064094178,0.0,0.0,0.95,25209.5,0.01813800353041512,gap_up
2025-12-16,1,25232.0,25409.0,25178.75,230.25,-103.0,up_only,low,0.8403908794788274,0.15200868621064062,0.03040173724212812,0.7166666666666667,25335.0,-0.004065522005131241,gap_down
2025-12-17,2,25422.5,25447.75,25245.5,202.25,50.25,down_only,low,-1.7466007416563658,0.0,1.76885043263288,0.5833333333333334,25372.25,0.0019805102030761956,gap_up
2025-12-18,3,25278.75,25337.75,25161.25,176.5,386.5,up_only,high,0.5127478753541076,0.4235127478753541,0.0,0.4666666666666667,24892.25,0.01552692102963774,gap_up
2025-12-19,4,25361.25,25600.25,25357.0,243.25,109.5,none,none,0.9198355601233299,0.0,0.0,0.7833333333333333,25251.75,0.0043363331254269505,gap_up
2025-12-22,0,25780.75,25794.75,25672.25,122.5,200.0,down_only,low,0.1306122448979592,0.0,0.36122448979591837,0.26666666666666666,25580.75,0.007818379054562513,gap_up
2025-12-23,1,25644.25,25751.25,25628.25,123.0,-44.0,up_only,high,1.4878048780487805,0.5630081300813008,0.0,0.2833333333333333,25688.25,-0.0017128453670452444,gap_down
2025-12-26,4,25899.0,25935.25,25834.25,101.0,87.75,none,none,0.3217821782178218,0.0,0.0,0.13333333333333333,25811.25,0.003399680371930844,gap_up
2025-12-29,0,25706.75,25819.0,25661.75,157.25,-160.0,down_only,low,0.5039745627980922,0.0,0.08744038155802862,0.4166666666666667,25866.75,-0.006185547082644708,gap_down
2025-12-30,1,25692.75,25774.75,25674.25,100.5,-48.25,up_only,high,0.03731343283582089,0.1890547263681592,0.05970149253731343,0.13333333333333333,25741.0,-0.0018744415523872422,gap_down
2025-12-31,2,25678.75,25692.0,25568.0,124.0,0.75,down_only,low,-0.9092741935483871,0.0,0.9959677419354839,0.31666666666666665,25678.0,2.9207882233818833e-05,flat
2026-01-02,4,25687.0,25803.75,25457.25,346.5,231.75,down_only,low,-0.20707070707070707,0.0,0.5541125541125541,0.9333333333333333,25455.25,0.009104212294124002,gap_up
2026-01-05,0,25642.5,25683.75,25538.5,145.25,257.0,up_only,high,0.33218588640275387,0.16695352839931152,0.0,0.35,25385.5,0.010123889622028323,gap_up
2026-01-06,1,25636.0,25779.0,25608.0,171.0,49.25,up_only,high,1.2017543859649122,0.3435672514619883,0.0,0.43333333333333335,25586.75,0.0019248243719894086,gap_up
2026-01-07,2,25790.75,25880.0,25771.0,109.0,-22.75,up_only,high,0.5871559633027523,1.06651376146789,0.0,0.16666666666666666,25813.5,-0.0008813217889863831,flat
2026-01-08,3,25786.5,25803.0,25569.0,234.0,-48.5,none,none,0.48504273504273504,0.0,0.0,0.7333333333333333,25835.0,-0.0018772982388233017,gap_down
2026-01-09,4,25714.0,25860.75,25615.5,245.25,31.5,up_only,high,1.2956167176350664,0.508664627930683,0.0,0.7666666666666667,25682.5,0.0012265161101917648,gap_up
2026-01-12,0,25746.25,25933.5,25743.5,190.0,-187.0,up_only,high,1.0986842105263157,0.45789473684210524,0.0,0.5,25933.25,-0.007210820086182796,gap_down
2026-01-13,1,25950.5,26042.75,25812.0,230.75,-1.75,down_only,low,0.39761646803900325,0.0,0.03791982665222102,0.7,25952.25,-6.743153291140459e-05,flat
2026-01-14,2,25739.75,25790.25,25530.5,259.75,-164.0,down_only,low,0.4080846968238691,0.0,0.4225216554379211,0.8,25903.75,-0.006331129662693625,gap_down
2026-01-15,3,25924.75,25952.75,25841.5,111.25,288.25,down_only,low,-1.098876404494382,0.0,1.4831460674157304,0.16666666666666666,25636.5,0.011243734519142628,gap_up
2026-01-16,4,25868.0,25891.0,25663.75,227.25,148.75,down_only,low,0.09130913091309131,0.0,0.3179317931793179,0.6166666666666667,25719.25,0.005783605665017448,gap_up
2026-01-20,1,25243.5,25368.5,25233.75,134.75,-441.0,both_up_first,high,-0.6790352504638218,0.45454545454545453,1.007421150278293,0.26666666666666666,25684.5,-0.01716988845412603,gap_down
2026-01-21,2,25196.5,25386.75,25127.5,259.25,54.25,up_only,high,1.3269045323047253,1.0289296046287368,0.0,0.8,25142.25,0.0021577225586413306,gap_up
2026-01-22,3,25729.0,25731.75,25536.75,195.0,257.5,none,none,0.6423076923076924,0.0,0.0,0.5166666666666667,25471.5,0.010109337887442829,gap_up
2026-01-23,4,25608.0,25763.5,25562.5,201.0,-54.0,up_only,high,0.8606965174129353,0.4092039800995025,0.0,0.5166666666666667,25662.0,-0.002104278700023381,gap_down
2026-01-26,0,25749.0,25886.5,25704.25,182.25,13.5,up_only,high,0.7722908093278463,0.27434842249657065,0.0,0.4166666666666667,25735.5,0.0005245672320335723,flat
2026-01-27,1,25982.75,26074.75,25917.25,157.5,137.75,up_only,high,1.007936507936508,0.2507936507936508,0.0,0.35,25845.0,0.005329851035016444,gap_up
2026-01-28,2,26252.5,26301.0,26205.0,96.0,176.5,down_only,low,-0.5807291666666666,0.0,1.0859375,0.03333333333333333,26076.0,0.006768676177327811,gap_up
2026-01-29,3,26133.5,26175.0,25718.25,456.75,-15.75,down_only,low,0.5982484948002189,0.0,0.39901477832512317,1.0,26149.25,-0.0006023117297819249,flat
2026-01-30,4,25834.25,25940.0,25790.75,149.25,-157.25,down_only,low,-0.7721943048576214,0.0,1.4874371859296482,0.3,25991.5,-0.006050054825616067,gap_down
2026-02-02,0,25542.5,25912.25,25539.75,372.5,-133.0,up_only,high,0.8503355704697987,0.1,0.0,0.9166666666666666,25675.5,-0.005180035442347764,gap_down
2026-02-03,1,25934.75,25952.25,25470.25,482.0,78.25,down_only,low,-0.05134854771784232,0.0,0.5212655601659751,1.0,25856.5,0.003026318333881229,gap_up
2026-02-04,2,25385.5,25390.0,25108.0,282.0,-60.0,down_only,low,-0.4024822695035461,0.0,1.150709219858156,0.8333333333333334,25445.5,-0.002357980782456623,gap_down
2026-02-05,3,24770.25,24960.75,24550.0,410.75,-224.25,none,low,0.21485088253195375,0.0,0.016433353621424222,0.95,24994.5,-0.008971973834243533,gap_down
2026-02-06,4,24760.5,24984.0,24700.75,283.25,122.25,up_only,high,1.5745807590467784,0.8402471315092674,0.0,0.8166666666666667,24638.25,0.004961797205564519,gap_up
2026-02-09,0,25057.75,25254.0,24955.5,298.5,-89.0,up_only,high,1.280569514237856,0.585427135678392,0.0,0.8166666666666667,25146.75,-0.003539224750713313,gap_down
2026-02-10,1,25376.5,25447.25,25255.75,191.5,38.75,down_only,low,-0.18798955613577023,0.0,0.3002610966057441,0.43333333333333335,25337.75,0.0015293386350406016,gap_up
2026-02-11,2,25418.5,25465.25,25058.25,407.0,198.75,none,none,0.5411547911547911,0.0,0.0,0.9333333333333333,25219.75,0.007880728397386969,gap_up
2026-02-12,3,25346.25,25392.5,25169.75,222.75,67.75,down_only,low,-1.8237934904601572,0.0,2.0123456790123457,0.55,25278.5,0.002680143204699646,gap_up
2026-02-13,4,24743.0,24870.5,24578.75,291.75,-20.5,up_only,high,0.7652099400171379,0.4284490145672665,0.0,0.7833333333333333,24763.5,-0.0008278312839461304,flat
2026-02-17,1,24659.25,24815.75,24462.25,353.5,-142.75,both_down_first,low,0.8903818953323904,0.20933521923620935,0.036775106082036775,0.8666666666666667,24802.0,-0.005755584227078461,gap_down
2026-02-18,2,24809.5,25074.0,24752.0,322.0,32.5,up_only,high,0.6381987577639752,0.16847826086956522,0.0,0.8333333333333334,24777.0,0.0013117003672761028,gap_up
2026-02-19,3,24833.75,24956.5,24763.0,193.5,-123.75,down_only,high,0.5193798449612403,0.015503875968992248,0.07235142118863049,0.45,24957.5,-0.004958429329860763,gap_down
2026-02-20,4,24715.25,25083.0,24678.5,404.5,-148.25,up_only,high,0.9796044499381953,0.13967861557478367,0.0,0.9333333333333333,24863.5,-0.005962555553321133,gap_down
2026-02-23,0,24981.0,25040.0,24840.5,199.5,-93.75,down_only,low,-0.3634085213032581,0.0,0.8646616541353384,0.48333333333333334,25074.75,-0.0037388209254329554,gap_down
2026-02-24,1,24805.0,25014.5,24694.5,320.0,37.0,up_only,high,1.0484375,0.20078125,0.0,0.8333333333333334,24768.0,0.0014938630490956071,gap_up
2026-02-25,2,25160.25,25361.75,25156.75,205.0,130.25,up_only,high,1.1109756097560977,0.16951219512195123,0.0,0.55,25030.0,0.005203755493407911,gap_up
2026-02-26,3,25342.0,25342.0,24885.0,457.0,-42.5,down_only,low,0.4338074398249453,0.0,0.05087527352297593,0.9833333333333333,25384.5,-0.0016742500344698536,gap_down
2026-02-27,4,24815.25,24997.5,24782.0,215.5,-268.0,up_only,high,1.0034802784222738,0.18213457076566125,0.0,0.55,25083.25,-0.01068442087847468,gap_down
2026-03-02,0,24644.5,24947.75,24605.0,342.75,-353.75,up_only,high,1.2202771699489423,0.4471188913202042,0.0,0.8333333333333334,24998.25,-0.014150990569339853,gap_down
2026-03-03,1,24535.0,24661.25,24352.0,309.25,-488.25,up_only,high,1.3104284559417947,0.6103476151980598,0.0,0.7833333333333333,25023.25,-0.019511853975802504,gap_down
2026-03-04,2,24853.5,25146.25,24826.0,320.25,96.25,up_only,high,0.9180327868852459,0.2232630757220921,0.0,0.8,24757.25,0.0038877500530147733,gap_up
2026-03-05,3,24987.75,25209.75,24985.25,224.5,-132.25,down_only,low,0.27839643652561247,0.0,0.9476614699331849,0.5166666666666667,25120.0,-0.005264729299363057,gap_down
2026-03-06,4,24685.25,24829.0,24608.75,220.25,-362.5,up_only,high,0.26787741203178206,0.44154370034052215,0.03518728717366629,0.48333333333333334,25047.75,-0.014472357796608477,gap_down
2026-03-09,0,24432.25,24525.25,24313.0,212.25,-235.5,up_only,high,3.2002355712603063,2.5100117785630154,0.0,0.45,24667.75,-0.009546878008736102,gap_down
2026-03-10,1,24991.0,25081.75,24892.25,189.5,-1.25,up_only,high,0.4973614775725594,0.716358839050132,0.0,0.3,24992.25,-5.0015504806490013e-05,flat
2026-03-11,2,25034.75,25180.0,24978.75,201.25,48.25,down_only,low,0.02608695652173913,0.0,0.5229813664596273,0.4,24986.5,0.0019310427630920698,gap_up
2026-03-12,3,24775.75,24834.5,24616.75,217.75,-208.25,down_only,low,-0.28243398392652125,0.0,0.33983926521239954,0.48333333333333334,24984.0,-0.008335334614153058,gap_down
2026-03-13,4,24645.5,24805.25,24611.0,194.25,90.25,down_only,low,-1.0965250965250966,0.0,1.341055341055341,0.35,24555.25,0.003675385100945826,gap_up
2026-03-16,0,24869.25,24980.0,24836.5,143.5,471.25,up_only,low,0.3344947735191638,0.3832752613240418,0.029616724738675958,0.16666666666666666,24398.0,0.01931510779572096,gap_up
2026-03-17,1,25000.75,25117.0,24964.0,153.0,116.25,down_only,low,0.3022875816993464,0.0,0.11601307189542484,0.21666666666666667,24884.5,0.004671582712130041,gap_up
2026-03-18,2,24928.25,24998.25,24811.75,186.5,-82.0,down_only,low,-0.8592493297587132,0.0,0.9115281501340483,0.31666666666666665,25010.25,-0.003278655751142032,gap_down
2026-03-19,3,24428.25,24546.75,24326.75,220.0,-223.25,up_only,high,1.1272727272727272,0.6579545454545455,0.0,0.5333333333333333,24651.5,-0.00905624404194471,gap_down
2026-03-20,4,24487.25,24491.25,24240.5,250.75,-87.5,down_only,low,-0.5064805583250249,0.0,1.073778664007976,0.6666666666666666,24574.75,-0.0035605652142951605,gap_down
2026-03-23,0,24493.25,24688.25,24432.5,255.75,379.75,down_only,high,-0.13196480938416422,0.006842619745845552,0.48484848484848486,0.6666666666666666,24113.5,0.01574843967072387,gap_up
2026-03-24,1,24254.25,24317.5,24134.0,183.5,-144.5,up_only,high,0.4645776566757493,0.3692098092643052,0.0,0.26666666666666666,24398.75,-0.005922434550950356,gap_down
2026-03-25,2,24430.75,24526.0,24327.5,198.5,211.5,down_only,low,0.22292191435768263,0.0,0.20654911838790932,0.38333333333333336,24219.25,0.008732722937332908,gap_up
2026-03-26,3,24156.25,24242.5,24064.0,178.5,-215.5,down_only,low,-1.5532212885154062,0.0,1.619047619047619,0.21666666666666667,24371.75,-0.008842204601639193,gap_down
2026-03-27,4,23654.5,23664.0,23453.0,211.0,-132.25,down_only,low,-0.683649289099526,0.0,0.8720379146919431,0.45,23786.75,-0.005559817965884368,gap_down
2026-03-30,0,23508.75,23538.25,23292.75,245.5,200.0,down_only,low,-0.6405295315682281,0.0,1.0926680244399185,0.6333333333333333,23308.75,0.00858046870810318,gap_up
2026-03-31,1,23381.75,23580.75,23378.75,202.0,246.25,up_only,high,2.628712871287129,1.952970297029703,0.011138613861386138,0.4166666666666667,23135.5,0.010643815780942707,gap_up
2026-04-01,2,24087.75,24210.75,24043.25,167.5,178.0,up_only,high,0.9402985074626866,0.8208955223880597,0.0,0.15,23909.75,0.007444661696588212,gap_up
2026-04-02,3,23763.5,24004.25,23678.0,326.25,-437.25,up_only,high,1.66360153256705,0.8045977011494253,0.0,0.85,24200.75,-0.018067621871223,gap_down
2026-04-06,0,24265.25,24452.25,24245.75,206.5,44.5,down_only,low,0.5714285714285714,0.0,0.20823244552058112,0.4166666666666667,24220.75,0.0018372676320923176,gap_up
2026-04-07,1,24243.5,24308.0,23994.0,314.0,-120.25,both_down_first,low,1.1958598726114649,0.23248407643312102,0.16719745222929935,0.7833333333333333,24363.75,-0.00493561130778308,gap_down
2026-04-08,2,25199.5,25249.75,25042.5,207.25,830.0,down_only,low,0.18094089264173704,0.0,0.5597104945717732,0.43333333333333335,24369.5,0.034058967151562404,gap_up
2026-04-09,3,25081.0,25111.5,24963.75,147.75,1.0,both_down_first,low,1.9306260575296108,1.0710659898477157,0.021996615905245348,0.08333333333333333,25080.0,3.9872408293460924e-05,flat
2026-04-10,4,25315.25,25369.25,25268.0,101.25,66.25,both_up_first,high,0.16049382716049382,0.2345679012345679,0.45185185185185184,0.03333333333333333,25249.0,0.0026238662917343262,gap_up
2026-04-13,0,25215.75,25333.0,25160.0,173.0,-68.5,up_only,high,2.1864161849710984,1.2557803468208093,0.0,0.18333333333333332,25284.25,-0.002709196436516804,gap_down
2026-04-14,1,25656.25,25806.25,25656.0,150.25,118.0,up_only,high,2.2945091514143097,1.3111480865224625,0.0,0.11666666666666667,25538.25,0.004620520200092019,gap_up
2026-04-15,2,26023.5,26134.25,25982.25,152.0,22.75,up_only,high,2.513157894736842,1.600328947368421,0.0,0.13333333333333333,26000.75,0.0008749747603434517,flat
2026-04-16,3,26439.0,26453.25,26275.5,177.75,74.75,up_only,high,1.1772151898734178,0.6230661040787623,0.0,0.2,26364.25,0.002835278834027139,gap_up
2026-04-17,4,26692.5,26776.0,26629.5,146.5,207.75,up_only,high,1.3498293515358362,0.742320819112628,0.0,0.06666666666666667,26484.75,0.007844136720188032,gap_up
2026-04-20,0,26796.5,26827.75,26715.75,112.0,-30.75,down_only,low,0.26785714285714285,0.0,1.3125,0.05,26827.25,-0.0011462225908358105,gap_down
2026-04-21,1,26808.0,26885.25,26726.75,158.5,62.25,down_only,low,-0.5331230283911672,0.0,1.1041009463722398,0.2,26745.75,0.0023274725891029415,gap_up
2026-04-22,2,26881.0,26991.25,26811.5,179.75,238.75,up_only,high,1.493741307371349,0.5660639777468707,0.0,0.2833333333333333,26642.25,0.008961330217980838,gap_up
2026-04-23,3,27014.25,27102.75,26965.0,137.75,-65.75,both_up_first,high,-0.2813067150635209,0.38475499092558985,2.056261343012704,0.06666666666666667,27080.0,-0.0024279911373707532,gap_down
2026-04-24,4,27210.0,27267.25,27130.25,137.0,283.75,up_only,high,2.2171532846715327,1.4251824817518248,0.0,0.05,26926.25,0.010538043730560326,gap_up
2026-04-27,0,27410.75,27435.0,27298.5,136.5,-23.25,up_only,high,1.0732600732600732,0.1446886446886447,0.0,0.05,27434.0,-0.0008474885178974995,flat
