date,direction,bo_minutes,trigger_minutes,depth_at_trigger,dr_size,leg_bars,entry,stop,risk_pts,risk_dr,dist_to_extreme_r,mfe_r,stopped_first,hit_old_extreme,hit_ext_025,hit_ext_05,r_old_extreme,r_ext_025,r_ext_05
2021-04-09,up,80,290,0.2631578947368421,133.0,3,13786.75,13756.25,30.5,0.22932330827067668,0.14754098360655737,1.7377049180327868,False,True,True,False,0.14754098360655737,1.2377049180327868,1.3934426229508197
2021-04-14,down,25,90,0.41899441340782123,134.25,2,13882.5,13910.5,28.0,0.2085661080074488,1.0089285714285714,0.38392857142857145,True,False,False,False,-1.0,-1.0,-1.0
2021-04-15,up,0,305,0.4567901234567901,101.25,2,14011.0,13978.0,33.0,0.32592592592592595,0.4015151515151515,0.7045454545454546,False,True,False,False,0.4015151515151515,0.15151515151515152,0.15151515151515152
2021-04-19,down,15,215,0.4070221066319896,192.25,2,13863.5,13899.25,35.75,0.1859557867360208,1.1888111888111887,0.36363636363636365,True,False,False,False,-1.0,-1.0,-1.0
2021-04-20,down,10,130,0.4144893111638955,210.5,5,13767.5,13806.5,39.0,0.18527315914489312,1.2371794871794872,0.8653846153846154,True,False,False,False,-1.0,-1.0,-1.0
2021-04-22,down,165,260,0.37037037037037035,243.0,2,13759.75,13791.75,32.0,0.13168724279835392,1.8125,1.15625,False,False,False,False,0.2890625,0.2890625,0.2890625
2021-04-26,up,15,110,0.40114613180515757,87.25,2,13975.75,13954.5,21.25,0.24355300859598855,0.6470588235294118,2.376470588235294,False,True,True,False,0.6470588235294118,1.673529411764706,1.8
2021-04-29,down,0,60,0.34225352112676055,177.5,2,13904.75,13944.0,39.25,0.2211267605633803,0.5477707006369427,2.1974522292993632,True,True,True,False,0.5477707006369427,1.678343949044586,-1.0
2021-04-30,down,200,265,0.3738140417457306,131.75,1,13856.5,13874.25,17.75,0.1347248576850095,1.7746478873239437,0.0,True,False,False,False,-1.0,-1.0,-1.0
2021-05-03,down,20,80,0.28093158660844253,171.75,1,13790.75,13824.0,33.25,0.19359534206695778,0.45112781954887216,0.5639097744360902,False,True,False,False,0.45112781954887216,0.007518796992481203,0.007518796992481203
2021-05-04,down,15,195,0.2596991290577989,315.75,4,13437.25,13462.75,25.5,0.08076009501187649,2.215686274509804,0.5784313725490197,True,False,False,False,-1.0,-1.0,-1.0
2021-05-10,down,0,115,0.4400977995110024,204.5,1,13519.25,13543.25,24.0,0.11735941320293398,2.75,6.947916666666667,False,True,True,False,2.75,4.880208333333333,6.791666666666667
2021-05-11,up,50,150,0.35952848722986247,254.5,3,13303.75,13247.75,56.0,0.2200392927308448,0.6339285714285714,1.2857142857142858,False,True,False,False,0.6339285714285714,0.71875,0.71875
2021-05-12,down,0,125,0.25347912524850896,251.5,1,13018.5,13043.75,25.25,0.10039761431411531,1.5247524752475248,0.7326732673267327,True,False,False,False,-1.0,-1.0,-1.0
2021-05-13,down,70,165,0.2805755395683453,173.75,3,13056.25,13098.75,42.5,0.2446043165467626,0.14705882352941177,1.388235294117647,True,True,True,False,0.14705882352941177,1.1691176470588236,-1.0
2021-05-17,down,95,145,0.3951612903225806,124.0,2,13235.75,13268.0,32.25,0.2600806451612903,0.5193798449612403,1.6434108527131783,True,True,True,False,0.5193798449612403,1.4806201550387597,-1.0
2021-05-18,up,0,15,0.2857142857142857,92.75,2,13390.75,13366.25,24.5,0.2641509433962264,0.08163265306122448,0.23469387755102042,True,True,False,False,0.08163265306122448,-1.0,-1.0
2021-05-18,down,240,315,0.46325878594249204,156.5,4,13259.0,13312.5,53.5,0.34185303514376997,0.35514018691588783,1.0327102803738317,False,True,False,False,0.35514018691588783,0.8551401869158879,0.8551401869158879
2021-05-19,up,20,85,0.29819694868238555,180.25,3,13133.0,13096.0,37.0,0.20527045769764216,0.4527027027027027,2.972972972972973,False,True,True,True,0.4527027027027027,1.6706081081081081,2.8885135135135136
2021-05-20,up,0,155,0.26853932584269663,222.5,1,13481.5,13444.0,37.5,0.16853932584269662,0.5933333333333334,1.1,False,True,False,False,0.5933333333333334,0.13333333333333333,0.13333333333333333
2021-05-21,down,5,230,0.37554585152838427,171.75,1,13442.25,13462.75,20.5,0.11935953420669577,2.1463414634146343,2.268292682926829,False,True,False,False,2.1463414634146343,1.6219512195121952,1.6219512195121952
2021-05-25,down,0,110,0.36381709741550694,125.75,2,13639.25,13652.5,13.25,0.10536779324055666,2.452830188679245,0.32075471698113206,True,False,False,False,-1.0,-1.0,-1.0
2021-05-26,up,35,135,0.2509090909090909,68.75,2,13716.75,13707.5,9.25,0.13454545454545455,0.8648648648648649,0.10810810810810811,True,False,False,False,-1.0,-1.0,-1.0
2021-06-01,down,20,95,0.41217150760719223,180.75,2,13647.5,13666.75,19.25,0.10650069156293222,2.8701298701298703,0.42857142857142855,True,False,False,False,-1.0,-1.0,-1.0
2021-06-02,down,170,250,0.3082191780821918,109.5,1,13628.5,13637.0,8.5,0.0776255707762557,2.9705882352941178,0.0,True,False,False,False,-1.0,-1.0,-1.0
2021-06-08,down,0,40,0.2664015904572565,125.75,1,13792.5,13825.0,32.5,0.2584493041749503,0.03076923076923077,1.5615384615384615,True,True,True,False,0.03076923076923077,0.9980769230769231,-1.0
2021-06-15,down,55,135,0.3973684210526316,95.0,2,14042.25,14065.25,23.0,0.24210526315789474,0.6413043478260869,1.8043478260869565,False,True,True,False,0.6413043478260869,1.673913043478261,0.6521739130434783
2021-06-21,up,5,320,0.25202156334231807,185.5,4,14131.75,14097.25,34.5,0.18598382749326145,0.35507246376811596,0.12318840579710146,False,False,False,False,-0.10144927536231885,-0.10144927536231885,-0.10144927536231885
2021-06-24,up,0,55,0.4280442804428044,67.75,1,14395.5,14382.75,12.75,0.1881918819188192,1.2745098039215685,0.09803921568627451,True,False,False,False,-1.0,-1.0,-1.0
2021-06-28,up,110,190,0.35731414868105515,104.25,1,14469.25,14457.75,11.5,0.11031175059952038,2.239130434782609,4.391304347826087,False,True,False,False,2.239130434782609,3.652173913043478,3.652173913043478
2021-06-29,up,105,290,0.35054347826086957,92.0,7,14559.5,14530.25,29.25,0.3179347826086957,0.10256410256410256,0.24786324786324787,False,True,False,False,0.10256410256410256,0.15384615384615385,0.15384615384615385
2021-07-02,up,80,120,0.36796536796536794,57.75,3,14675.5,14655.75,19.75,0.341991341991342,0.0759493670886076,2.7088607594936707,False,True,True,True,0.0759493670886076,0.8069620253164557,1.5379746835443038
2021-07-08,up,65,305,0.372960372960373,214.5,3,14715.0,14675.0,40.0,0.1864801864801865,1.0,0.03125,True,False,False,False,-1.0,-1.0,-1.0
2021-07-13,down,210,250,0.4697674418604651,161.25,2,14876.0,14909.25,33.25,0.2062015503875969,1.2781954887218046,0.8270676691729323,False,False,False,False,0.3233082706766917,0.3233082706766917,0.3233082706766917
2021-07-15,down,15,155,0.3893805309734513,169.5,3,14760.5,14798.75,38.25,0.22566371681415928,0.7254901960784313,1.3660130718954249,True,True,False,False,0.7254901960784313,-1.0,-1.0
2021-07-19,down,180,205,0.4204322200392927,127.25,1,14464.5,14500.75,36.25,0.28487229862475444,0.47586206896551725,0.0,True,False,False,False,-1.0,-1.0,-1.0
2021-07-21,up,30,85,0.339572192513369,93.5,1,14780.5,14754.0,26.5,0.28342245989304815,0.19811320754716982,0.0,True,False,False,False,-1.0,-1.0,-1.0
2021-08-04,up,150,220,0.31529411764705884,106.25,3,15097.5,15069.75,27.75,0.2611764705882353,0.2072072072072072,0.3783783783783784,True,True,False,False,0.2072072072072072,-1.0,-1.0
2021-08-05,up,20,100,0.31283422459893045,93.5,2,15151.5,15137.25,14.25,0.15240641711229946,1.0526315789473684,0.2631578947368421,True,False,False,False,-1.0,-1.0,-1.0
2021-08-10,down,0,35,0.3034825870646766,150.75,1,15009.5,15052.25,42.75,0.2835820895522388,0.07017543859649122,0.3508771929824561,True,True,False,False,0.07017543859649122,-1.0,-1.0
2021-08-11,down,0,75,0.2548076923076923,156.0,2,14969.25,15002.75,33.5,0.21474358974358973,0.1865671641791045,0.1417910447761194,True,False,False,False,-1.0,-1.0,-1.0
2021-08-12,up,0,155,0.30623818525519847,132.25,2,15049.5,15033.0,16.5,0.12476370510396975,1.4545454545454546,2.484848484848485,False,True,False,False,1.4545454545454546,1.621212121212121,1.621212121212121
2021-08-17,down,85,125,0.3590733590733591,129.5,2,14937.5,14975.0,37.5,0.28957528957528955,0.24,1.08,True,True,False,False,0.24,-1.0,-1.0
2021-08-24,up,0,40,0.4925925925925926,67.5,1,15359.75,15347.25,12.5,0.18518518518518517,1.66,0.64,True,False,False,False,-1.0,-1.0,-1.0
2021-08-25,down,0,5,0.29385964912280704,57.0,1,15348.75,15356.75,8.0,0.14035087719298245,1.09375,1.96875,True,True,False,False,1.09375,-1.0,-1.0
2021-09-02,down,105,165,0.29559748427672955,79.5,3,15603.25,15626.0,22.75,0.2861635220125786,0.03296703296703297,2.2637362637362637,False,True,True,True,0.03296703296703297,0.9065934065934066,1.7802197802197801
2021-09-07,up,20,320,0.3482849604221636,94.75,1,15679.25,15668.5,10.75,0.11345646437994723,2.0697674418604652,0.2558139534883721,False,False,False,False,-0.5581395348837209,-0.5581395348837209,-0.5581395348837209
2021-09-08,down,0,45,0.3728813559322034,132.75,1,15570.25,15584.0,13.75,0.10357815442561205,2.6,0.0,True,False,False,False,-1.0,-1.0,-1.0
2021-09-09,down,55,80,0.29069767441860467,64.5,2,15614.0,15630.0,16.0,0.24806201550387597,0.171875,0.0,True,False,False,False,-1.0,-1.0,-1.0
2021-09-10,down,0,45,0.3646788990825688,109.0,1,15567.75,15598.75,31.0,0.28440366972477066,0.28225806451612906,1.2741935483870968,True,True,True,False,0.28225806451612906,1.1612903225806452,-1.0
2021-09-17,down,5,150,0.38028169014084506,195.25,2,15334.0,15364.0,30.0,0.15364916773367476,1.475,1.925,False,True,False,False,1.475,0.4,0.4
2021-09-20,down,10,60,0.37317784256559766,171.5,1,15010.5,15043.75,33.25,0.19387755102040816,0.924812030075188,6.105263157894737,False,True,True,True,0.924812030075188,2.2142857142857144,3.5037593984962405
2021-09-22,up,30,120,0.2536327608982827,189.25,2,15177.0,15156.0,21.0,0.11096433289299867,1.2857142857142858,0.20238095238095238,True,False,False,False,-1.0,-1.0,-1.0
2021-09-24,up,100,240,0.3474178403755869,106.5,2,15277.25,15259.25,18.0,0.16901408450704225,1.0555555555555556,3.1666666666666665,False,True,True,False,1.0555555555555556,2.5347222222222223,2.138888888888889
2021-09-28,down,30,130,0.300561797752809,267.0,2,14765.25,14842.25,77.0,0.2883895131086142,0.04220779220779221,0.3181818181818182,True,True,False,False,0.04220779220779221,-1.0,-1.0
2021-09-30,down,20,170,0.45535714285714285,196.0,1,14735.0,14772.0,37.0,0.18877551020408162,1.412162162162162,0.4594594594594595,True,False,False,False,-1.0,-1.0,-1.0
2021-10-04,down,0,285,0.36266855926188785,352.25,1,14423.0,14495.5,72.5,0.20581973030518097,0.7620689655172413,0.38620689655172413,False,False,False,False,-0.6206896551724138,-0.6206896551724138,-0.6206896551724138
2021-10-08,down,10,60,0.47244094488188976,127.0,3,14837.5,14876.0,38.5,0.3031496062992126,0.5584415584415584,1.2142857142857142,False,True,False,False,0.5584415584415584,0.6883116883116883,0.6883116883116883
2021-10-19,up,25,55,0.2803738317757009,80.25,1,15372.25,15359.75,12.5,0.1557632398753894,0.8,2.52,False,True,True,False,0.8,2.405,2.22
2021-10-21,up,10,100,0.44742729306487694,111.75,2,15422.25,15395.75,26.5,0.2371364653243848,0.8867924528301887,2.3207547169811322,False,True,True,False,0.8867924528301887,1.9410377358490567,2.0
2021-10-26,down,90,295,0.41919191919191917,198.0,2,15555.5,15586.0,30.5,0.15404040404040403,1.721311475409836,0.02459016393442623,True,False,False,False,-1.0,-1.0,-1.0
2021-10-27,up,20,35,0.46798029556650245,101.5,1,15649.25,15612.75,36.5,0.35960591133004927,0.3013698630136986,1.86986301369863,True,True,True,True,0.3013698630136986,0.9965753424657534,1.6917808219178083
2021-10-28,up,5,285,0.2773279352226721,123.5,1,15742.5,15724.75,17.75,0.1437246963562753,0.9295774647887324,0.8873239436619719,True,False,False,False,-1.0,-1.0,-1.0
2021-10-29,up,35,300,0.25906735751295334,193.0,4,15793.25,15758.75,34.5,0.17875647668393782,0.4492753623188406,1.5507246376811594,False,True,False,False,0.4492753623188406,1.3623188405797102,1.3623188405797102
2021-11-04,up,0,320,0.3778538812785388,219.0,2,16337.75,16293.25,44.5,0.20319634703196346,0.8595505617977528,0.0,False,False,False,False,-0.06179775280898876,-0.06179775280898876,-0.06179775280898876
2021-11-10,down,170,305,0.2896764252696456,324.5,1,15963.5,15990.5,27.0,0.08320493066255778,2.4814814814814814,0.5833333333333334,True,False,False,False,-1.0,-1.0,-1.0
2021-11-11,down,105,315,0.38823529411764707,106.25,1,16026.25,16045.5,19.25,0.1811764705882353,1.1428571428571428,0.44155844155844154,False,False,False,False,0.19480519480519481,0.19480519480519481,0.19480519480519481
2021-11-15,down,70,175,0.4622093023255814,172.0,1,16145.5,16161.75,16.25,0.09447674418604651,3.8923076923076922,1.5384615384615385,True,False,False,False,-1.0,-1.0,-1.0
2021-11-17,up,5,45,0.35522388059701493,83.75,3,16346.75,16324.0,22.75,0.2716417910447761,0.3076923076923077,2.1868131868131866,True,True,True,True,0.3076923076923077,1.228021978021978,2.1483516483516483
2021-11-18,up,60,150,0.35656836461126007,186.5,1,16447.0,16423.5,23.5,0.1260053619302949,1.8297872340425532,0.574468085106383,True,False,False,False,-1.0,-1.0,-1.0
2021-11-19,up,65,155,0.39643652561247217,112.25,1,16604.25,16584.0,20.25,0.18040089086859687,1.1975308641975309,0.2716049382716049,True,False,False,False,-1.0,-1.0,-1.0
2021-11-22,down,50,90,0.255404323458767,312.25,1,16497.5,16535.0,37.5,0.1200960768614892,1.1266666666666667,0.6333333333333333,True,False,False,False,-1.0,-1.0,-1.0
2021-11-23,down,10,165,0.4631294964028777,278.0,6,16146.5,16269.5,123.0,0.44244604316546765,0.046747967479674794,0.22764227642276422,True,True,False,False,0.046747967479674794,-1.0,-1.0
2021-11-24,up,5,140,0.2799575821845175,235.75,3,16319.25,16271.75,47.5,0.2014846235418876,0.3894736842105263,0.38421052631578945,True,False,False,False,-1.0,-1.0,-1.0
2021-11-30,down,15,60,0.3147208121827411,344.75,3,16133.75,16220.0,86.25,0.25018129079042783,0.2579710144927536,0.7536231884057971,True,True,False,False,0.2579710144927536,-1.0,-1.0
2021-12-02,up,110,225,0.4648241206030151,298.5,2,16016.0,15922.5,93.5,0.3132328308207705,0.4839572192513369,0.5374331550802139,False,True,False,False,0.4839572192513369,-0.2727272727272727,-0.2727272727272727
2021-12-07,up,5,310,0.3795782463928968,225.25,1,16277.75,16258.75,19.0,0.08435072142064373,3.5,0.15789473684210525,True,False,False,False,-1.0,-1.0,-1.0
2021-12-08,up,190,265,0.4745098039215686,127.5,3,16368.0,16318.5,49.5,0.38823529411764707,0.2222222222222222,0.601010101010101,False,True,False,False,0.2222222222222222,0.42424242424242425,0.42424242424242425
2021-12-09,down,5,30,0.358695652173913,161.0,1,16286.25,16311.0,24.75,0.15372670807453417,1.3333333333333333,0.16161616161616163,True,False,False,False,-1.0,-1.0,-1.0
2021-12-10,down,15,30,0.3210445468509985,162.75,2,16166.75,16217.75,51.0,0.31336405529953915,0.024509803921568627,0.6029411764705882,True,True,False,False,0.024509803921568627,-1.0,-1.0
2021-12-13,down,5,180,0.34357848518111966,227.75,4,16129.25,16190.0,60.75,0.2667398463227223,0.2880658436213992,0.10699588477366255,True,False,False,False,-1.0,-1.0,-1.0
2021-12-20,down,30,55,0.3158783783783784,148.0,2,15524.25,15557.5,33.25,0.22466216216216217,0.40601503759398494,0.9699248120300752,True,True,False,False,0.40601503759398494,-1.0,-1.0
2021-12-22,up,5,150,0.26506024096385544,207.5,1,16120.5,16085.75,34.75,0.1674698795180723,0.5827338129496403,0.07913669064748201,True,False,False,False,-1.0,-1.0,-1.0
2021-12-28,down,120,185,0.3049645390070922,141.0,3,16480.0,16510.5,30.5,0.21631205673758866,0.4098360655737705,0.9098360655737705,True,True,False,False,0.4098360655737705,-1.0,-1.0
2021-12-31,down,105,225,0.4282655246252677,116.75,3,16360.0,16397.25,37.25,0.31905781584582443,0.3422818791946309,1.2416107382550337,False,True,True,False,0.3422818791946309,1.1258389261744965,0.9395973154362416
2022-01-04,down,0,145,0.2525035765379113,349.5,5,16182.0,16250.75,68.75,0.19670958512160228,0.28363636363636363,0.6181818181818182,True,True,False,False,0.28363636363636363,-1.0,-1.0
2022-01-05,down,125,210,0.464326160815402,220.75,1,16037.25,16129.0,91.75,0.41562853907134767,0.11716621253405994,3.0326975476839237,False,True,True,True,0.11716621253405994,0.7186648501362398,1.3201634877384196
2022-01-06,up,40,130,0.4222035323801514,297.25,4,15877.25,15770.25,107.0,0.3599663582842725,0.17289719626168223,0.08177570093457943,True,False,False,False,-1.0,-1.0,-1.0
2022-01-07,down,5,45,0.25570416994492523,317.75,1,15541.5,15591.25,49.75,0.15656963021243114,0.6331658291457286,0.06030150753768844,True,False,False,False,-1.0,-1.0,-1.0
2022-01-10,up,200,290,0.29411764705882354,357.0,2,15468.25,15404.5,63.75,0.17857142857142858,0.6470588235294118,2.3333333333333335,False,True,True,False,0.6470588235294118,2.0470588235294116,2.1294117647058823
2022-01-11,up,40,165,0.28149190710767064,355.25,3,15789.0,15730.25,58.75,0.1653764954257565,0.7021276595744681,0.8340425531914893,False,True,False,False,0.7021276595744681,0.7361702127659574,0.7361702127659574
2022-01-13,down,0,75,0.41338582677165353,254.0,1,15800.0,15830.75,30.75,0.12106299212598425,2.4146341463414633,11.113821138211382,False,True,True,True,2.4146341463414633,4.479674796747967,6.544715447154472
2022-01-18,down,60,230,0.30997624703087884,210.5,1,15253.75,15289.5,35.75,0.16983372921615203,0.8251748251748252,0.32867132867132864,True,False,False,False,-1.0,-1.0,-1.0
2022-01-25,down,65,85,0.32588134135855545,290.75,3,14031.0,14108.75,77.75,0.26741186586414445,0.21864951768488747,0.12218649517684887,True,False,False,False,-1.0,-1.0,-1.0
2022-01-27,down,5,230,0.40559440559440557,429.0,2,14014.75,14154.25,139.5,0.32517482517482516,0.24731182795698925,0.5,False,True,False,False,0.24731182795698925,0.1917562724014337,0.1917562724014337
2022-02-03,down,85,130,0.30957943925233644,214.0,1,14654.25,14694.75,40.5,0.18925233644859812,0.6358024691358025,0.4691358024691358,True,False,False,False,-1.0,-1.0,-1.0
2022-02-07,down,50,115,0.2773109243697479,238.0,3,14592.0,14634.25,42.25,0.17752100840336135,0.5621301775147929,0.863905325443787,True,True,False,False,0.5621301775147929,-1.0,-1.0
2022-02-08,up,15,205,0.3356223175965665,291.25,1,14693.5,14661.0,32.5,0.11158798283261803,2.0076923076923077,0.8692307692307693,True,False,False,False,-1.0,-1.0,-1.0
2022-02-09,up,30,205,0.25309734513274335,141.25,1,14982.0,14958.75,23.25,0.16460176991150444,0.5376344086021505,1.8279569892473118,True,True,False,False,0.5376344086021505,-1.0,-1.0
2022-02-11,down,40,105,0.30610134436401243,241.75,1,14554.25,14599.0,44.75,0.18510858324715615,0.6536312849162011,8.340782122905027,False,True,True,True,0.6536312849162011,2.0041899441340782,3.3547486033519553
2022-02-14,up,45,115,0.31876606683804626,194.5,1,14371.0,14314.5,56.5,0.29048843187660667,0.09734513274336283,0.40707964601769914,True,True,False,False,0.09734513274336283,-1.0,-1.0
2022-02-15,up,10,60,0.36319612590799033,103.25,1,14533.75,14510.75,23.0,0.22276029055690072,0.6304347826086957,1.3043478260869565,True,True,False,False,0.6304347826086957,-1.0,-1.0
2022-02-16,up,230,265,0.3329646017699115,226.0,3,14586.75,14531.75,55.0,0.24336283185840707,0.36818181818181817,1.059090909090909,False,True,False,False,0.36818181818181817,0.2681818181818182,0.2681818181818182
2022-02-17,down,95,135,0.29945054945054944,182.0,1,14342.0,14367.5,25.5,0.1401098901098901,1.1372549019607843,7.607843137254902,False,True,True,True,1.1372549019607843,2.9215686274509802,4.705882352941177
2022-02-18,down,0,75,0.3602865916069601,244.25,1,14014.75,14064.5,49.75,0.20368474923234392,0.7688442211055276,2.180904522613065,True,True,True,False,0.7688442211055276,1.9962311557788945,-1.0
2022-02-22,down,80,105,0.27090909090909093,275.0,3,13844.75,13907.75,63.0,0.2290909090909091,0.18253968253968253,2.126984126984127,True,True,True,False,0.18253968253968253,1.2738095238095237,-1.0
2022-02-23,down,10,125,0.47318611987381703,317.0,3,13806.0,13864.0,58.0,0.1829652996845426,1.5862068965517242,5.370689655172414,False,True,True,True,1.5862068965517242,2.9525862068965516,4.318965517241379
2022-02-24,up,35,80,0.2600297176820208,504.75,1,13524.25,13431.5,92.75,0.18375433382862805,0.41509433962264153,0.3261455525606469,True,False,False,False,-1.0,-1.0,-1.0
2022-02-25,up,10,175,0.4045025417574437,344.25,2,14103.75,14036.75,67.0,0.19462599854756718,1.078358208955224,1.242537313432836,False,True,False,False,1.078358208955224,1.1753731343283582,1.1753731343283582
2022-02-28,down,215,280,0.3296795952782462,296.5,2,14044.0,14093.5,49.5,0.16694772344013492,0.9747474747474747,0.1111111111111111,True,False,False,False,-1.0,-1.0,-1.0
2022-03-01,down,55,125,0.2857142857142857,274.75,1,14041.25,14076.75,35.5,0.1292083712465878,1.2112676056338028,0.0,True,False,False,False,-1.0,-1.0,-1.0
2022-03-02,up,35,100,0.3023897058823529,272.0,2,14204.75,14140.75,64.0,0.23529411764705882,0.28515625,1.33203125,False,True,False,False,0.28515625,0.5078125,0.5078125
2022-03-03,down,5,110,0.34594594594594597,323.75,5,14089.5,14143.75,54.25,0.16756756756756758,1.064516129032258,0.7557603686635944,True,False,False,False,-1.0,-1.0,-1.0
2022-03-07,down,10,60,0.3025830258302583,338.75,1,13586.75,13643.5,56.75,0.16752767527675277,0.8061674008810573,4.81057268722467,False,True,True,True,0.8061674008810573,2.298458149779736,3.790748898678414
2022-03-09,up,25,270,0.35636722606120436,253.25,4,13737.0,13659.0,78.0,0.3079960513326752,0.15705128205128205,0.7532051282051282,False,True,False,False,0.15705128205128205,0.060897435897435896,0.060897435897435896
2022-03-10,up,255,320,0.3545359749739312,239.75,1,13613.75,13551.0,62.75,0.26173096976016685,0.3545816733067729,0.11952191235059761,False,False,False,False,-0.35856573705179284,-0.35856573705179284,-0.35856573705179284
2022-03-11,down,40,200,0.3583138173302108,320.25,2,13457.25,13518.0,60.75,0.18969555035128804,0.8888888888888888,2.888888888888889,False,True,True,False,0.8888888888888888,2.20679012345679,2.5843621399176953
2022-03-14,down,70,300,0.26616746085772636,367.25,1,13036.5,13119.75,83.25,0.2266848196051736,0.17417417417417416,0.25225225225225223,False,True,False,False,0.17417417417417416,-0.14414414414414414,-0.14414414414414414
2022-03-15,up,0,205,0.3900709219858156,317.25,1,13334.75,13281.0,53.75,0.169424743892829,1.302325581395349,0.16279069767441862,True,False,False,False,-1.0,-1.0,-1.0
2022-03-17,up,175,270,0.2857142857142857,273.0,4,14076.0,14014.0,62.0,0.2271062271062271,0.25806451612903225,0.05241935483870968,True,False,False,False,-1.0,-1.0,-1.0
2022-03-22,up,0,150,0.3660498793242156,310.75,4,14627.5,14571.0,56.5,0.18181818181818182,1.0132743362831858,1.1194690265486726,False,True,False,False,1.0132743362831858,0.48672566371681414,0.48672566371681414
2022-03-23,up,30,40,0.2531847133757962,157.0,1,14604.75,14578.0,26.75,0.17038216560509553,0.48598130841121495,2.897196261682243,True,True,True,False,0.48598130841121495,1.9532710280373833,-1.0
2022-03-24,up,40,145,0.351409978308026,230.5,3,14632.25,14583.0,49.25,0.21366594360086769,0.6446700507614214,2.771573604060914,False,True,True,False,0.6446700507614214,1.8147208121827412,2.7258883248730963
2022-03-25,down,35,90,0.2770700636942675,235.5,1,14596.25,14637.75,41.5,0.1762208067940552,0.572289156626506,0.0,True,False,False,False,-1.0,-1.0,-1.0
2022-03-30,down,35,250,0.2773851590106007,141.5,2,15103.5,15132.5,29.0,0.2049469964664311,0.35344827586206895,3.146551724137931,False,True,True,True,0.35344827586206895,1.5732758620689655,2.793103448275862
2022-04-04,up,30,240,0.2568250758341759,247.25,2,15124.25,15067.25,57.0,0.23053589484327602,0.11403508771929824,0.75,False,True,False,False,0.11403508771929824,0.7105263157894737,0.7105263157894737
2022-04-05,down,5,190,0.3170305676855895,286.25,3,14872.0,14940.75,68.75,0.24017467248908297,0.32,1.3345454545454545,False,True,False,False,0.32,0.5890909090909091,0.5890909090909091
2022-04-06,down,35,100,0.39670468948035487,197.25,4,14460.5,14524.5,64.0,0.3244613434727503,0.22265625,0.625,True,True,False,False,0.22265625,-1.0,-1.0
2022-04-07,down,10,35,0.44931506849315067,182.5,1,14456.75,14507.5,50.75,0.27808219178082194,0.6157635467980296,2.7536945812807883,True,True,True,True,0.6157635467980296,1.5147783251231528,2.413793103448276
2022-04-08,up,110,145,0.26783310901749663,185.75,2,14480.25,14448.5,31.75,0.17092866756393002,0.5669291338582677,0.015748031496062992,True,False,False,False,-1.0,-1.0,-1.0
2022-04-11,down,10,75,0.38131699846860645,163.25,1,14071.25,14096.0,24.75,0.15160796324655437,1.5151515151515151,0.0,True,False,False,False,-1.0,-1.0,-1.0
2022-04-12,down,15,185,0.3424657534246575,219.0,2,14066.0,14133.5,67.5,0.3082191780821918,0.1111111111111111,2.737037037037037,False,True,True,True,0.1111111111111111,0.9222222222222223,1.7333333333333334
2022-04-13,up,30,250,0.2617801047120419,286.5,6,14194.25,14132.5,61.75,0.21553228621291448,0.2145748987854251,1.1700404858299596,False,True,False,False,0.2145748987854251,0.44534412955465585,0.44534412955465585
2022-04-14,down,70,230,0.3080279232111693,286.5,2,13998.25,14048.5,50.25,0.17539267015706805,0.7562189054726368,2.243781094527363,False,True,True,False,0.7562189054726368,2.181592039800995,2.084577114427861
2022-04-19,up,5,275,0.2596418732782369,363.0,5,14176.5,14102.25,74.25,0.20454545454545456,0.26936026936026936,0.8821548821548821,False,True,False,False,0.26936026936026936,0.48148148148148145,0.48148148148148145
2022-04-20,down,45,215,0.46987951807228917,290.5,3,14069.5,14116.0,46.5,0.16006884681583478,1.935483870967742,2.4301075268817205,False,True,False,False,1.935483870967742,1.4193548387096775,1.4193548387096775
2022-04-21,down,15,55,0.2673611111111111,216.0,1,14080.0,14124.75,44.75,0.20717592592592593,0.2905027932960894,8.938547486033519,False,True,True,True,0.2905027932960894,1.4972067039106145,2.7039106145251397
2022-04-22,down,65,315,0.33064014916096957,402.25,2,13404.0,13508.5,104.5,0.2597886886264761,0.2727272727272727,0.6124401913875598,False,True,False,False,0.2727272727272727,0.45215311004784686,0.45215311004784686
2022-04-26,down,5,150,0.3765867418899859,354.5,2,13151.0,13229.75,78.75,0.22214386459802538,0.6952380952380952,1.838095238095238,False,True,True,False,0.6952380952380952,1.8206349206349206,1.8031746031746032
2022-04-29,down,10,85,0.3608617594254937,278.5,1,13172.5,13255.0,82.5,0.296229802513465,0.21818181818181817,4.13030303030303,False,True,True,True,0.21818181818181817,1.062121212121212,1.906060606060606
2022-05-05,down,0,125,0.25738972260118237,549.75,1,12870.0,12938.0,68.0,0.12369258753979082,1.0808823529411764,0.6691176470588235,True,False,False,False,-1.0,-1.0,-1.0
2022-05-09,down,0,90,0.3795275590551181,317.5,1,12286.0,12358.75,72.75,0.22913385826771654,0.6563573883161512,0.0,True,False,False,False,-1.0,-1.0,-1.0
2022-05-10,down,15,95,0.393236074270557,377.0,3,12240.5,12318.25,77.75,0.20623342175066314,0.9067524115755627,0.6141479099678456,True,False,False,False,-1.0,-1.0,-1.0
2022-05-11,down,145,255,0.3473242392444911,476.5,1,12090.0,12167.5,77.5,0.1626442812172088,1.135483870967742,1.9548387096774194,False,True,False,False,1.135483870967742,1.4870967741935484,1.4870967741935484
2022-05-13,up,55,325,0.31586113002042204,367.25,2,12384.5,12316.0,68.5,0.1865214431586113,0.6934306569343066,0.0,False,False,False,False,0.0,0.0,0.0
2022-05-17,up,255,320,0.2695390781563126,249.5,1,12548.25,12510.75,37.5,0.15030060120240482,0.7933333333333333,0.5133333333333333,False,False,False,False,0.4,0.4,0.4
2022-05-18,down,0,30,0.41144901610017887,139.75,1,12267.5,12317.5,50.0,0.35778175313059035,0.15,7.6,False,True,True,True,0.15,0.84875,1.5475
2022-05-20,down,20,225,0.2576769025367156,561.75,3,11547.75,11636.0,88.25,0.1570983533600356,0.6402266288951841,0.3286118980169972,True,False,False,False,-1.0,-1.0,-1.0
2022-05-23,up,60,320,0.3617021276595745,270.25,1,12003.25,11956.25,47.0,0.17391304347826086,1.0797872340425532,0.824468085106383,False,False,False,False,0.6702127659574468,0.6702127659574468,0.6702127659574468
2022-05-25,up,0,40,0.4222972972972973,222.0,1,11890.5,11836.25,54.25,0.24436936936936937,0.728110599078341,0.22119815668202766,True,False,False,False,-1.0,-1.0,-1.0
2022-06-01,down,0,35,0.40601503759398494,266.0,1,12592.75,12665.5,72.75,0.27349624060150374,0.4845360824742268,1.8969072164948453,False,True,True,False,0.4845360824742268,1.3986254295532645,0.5876288659793815
2022-06-03,down,5,20,0.2714723926380368,163.0,2,12579.5,12612.5,33.0,0.20245398773006135,0.3409090909090909,2.3181818181818183,True,True,True,False,0.3409090909090909,1.5757575757575757,-1.0
2022-06-07,up,0,85,0.49279050042408823,294.75,2,12615.5,12562.0,53.5,0.181509754028838,1.7149532710280373,2.3317757009345796,False,True,False,False,1.7149532710280373,1.794392523364486,1.794392523364486
2022-06-08,down,125,310,0.38773006134969323,203.75,1,12635.75,12658.25,22.5,0.11042944785276074,2.511111111111111,1.7666666666666666,False,False,False,False,0.7444444444444445,0.7444444444444445,0.7444444444444445
2022-06-10,down,40,140,0.250936329588015,267.0,2,11844.75,11890.0,45.25,0.1694756554307116,0.48066298342541436,0.22099447513812154,True,False,False,False,-1.0,-1.0,-1.0
2022-06-16,down,5,300,0.4008888888888889,281.25,3,11111.5,11181.25,69.75,0.248,0.6164874551971327,0.3010752688172043,False,False,False,False,-0.7813620071684588,-0.7813620071684588,-0.7813620071684588
2022-06-17,up,155,220,0.3167870036101083,277.0,1,11357.25,11308.25,49.0,0.17689530685920576,0.7908163265306123,0.5561224489795918,True,False,False,False,-1.0,-1.0,-1.0
2022-06-21,up,20,100,0.44320987654320987,202.5,1,11613.25,11588.5,24.75,0.12222222222222222,2.6262626262626263,1.2121212121212122,True,False,False,False,-1.0,-1.0,-1.0
2022-06-22,up,5,60,0.33695652173913043,299.0,1,11698.75,11645.0,53.75,0.1797658862876254,0.8744186046511628,0.1813953488372093,True,False,False,False,-1.0,-1.0,-1.0
2022-06-27,down,270,305,0.2778443113772455,208.75,3,12014.0,12061.25,47.25,0.22634730538922157,0.2275132275132275,0.08994708994708994,True,False,False,False,-1.0,-1.0,-1.0
2022-06-30,up,80,200,0.3555389221556886,334.0,2,11657.0,11566.25,90.75,0.2717065868263473,0.3085399449035813,0.008264462809917356,True,False,False,False,-1.0,-1.0,-1.0
2022-07-01,down,5,30,0.4161849710982659,216.25,1,11441.25,11491.0,49.75,0.2300578034682081,0.8090452261306532,0.0,True,False,False,False,-1.0,-1.0,-1.0
2022-07-13,up,0,80,0.4116222760290557,309.75,1,11749.25,11704.75,44.5,0.14366424535916061,1.8651685393258426,2.365168539325843,False,True,False,False,1.8651685393258426,0.1404494382022472,0.1404494382022472
2022-07-14,up,70,165,0.4621026894865526,204.5,2,11676.5,11621.25,55.25,0.2701711491442543,0.7104072398190046,2.8687782805429864,False,True,True,True,0.7104072398190046,1.6357466063348416,2.5610859728506785
2022-07-15,up,50,155,0.47017543859649125,142.5,2,11963.25,11929.0,34.25,0.24035087719298245,0.9562043795620438,1.4598540145985401,False,True,False,False,0.9562043795620438,1.3357664233576643,1.3357664233576643
2022-07-21,up,90,190,0.30303030303030304,247.5,1,12587.0,12546.0,41.0,0.16565656565656567,0.8292682926829268,1.4390243902439024,False,True,False,False,0.8292682926829268,1.4146341463414633,1.4146341463414633
2022-07-26,down,0,50,0.2541436464088398,135.75,1,12166.0,12190.0,24.0,0.17679558011049723,0.4375,3.8020833333333335,False,True,True,True,0.4375,1.8515625,3.265625
2022-07-27,up,30,180,0.29545454545454547,198.0,2,12442.0,12416.0,26.0,0.13131313131313133,1.25,1.8076923076923077,True,True,False,False,1.25,-1.0,-1.0
2022-07-28,up,55,170,0.2893401015228426,246.25,2,12679.0,12624.0,55.0,0.2233502538071066,0.29545454545454547,1.5545454545454545,False,True,True,False,0.29545454545454547,1.4147727272727273,1.0863636363636364
2022-08-01,up,15,75,0.30739299610894943,257.0,1,13087.0,13029.75,57.25,0.2227626459143969,0.3799126637554585,0.09606986899563319,True,False,False,False,-1.0,-1.0,-1.0
2022-08-02,up,20,65,0.4413793103448276,181.25,1,12976.5,12921.25,55.25,0.30482758620689654,0.4479638009049774,2.180995475113122,True,True,True,True,0.4479638009049774,1.2680995475113122,2.088235294117647
2022-08-05,down,55,120,0.38666666666666666,225.0,2,13142.25,13172.0,29.75,0.1322222222222222,1.9243697478991597,0.33613445378151263,True,False,False,False,-1.0,-1.0,-1.0
2022-08-08,down,70,185,0.28393881453154873,261.5,3,13180.25,13232.0,51.75,0.19789674952198852,0.43478260869565216,1.1545893719806763,False,True,False,False,0.43478260869565216,-0.028985507246376812,-0.028985507246376812
2022-08-10,up,30,75,0.3482758620689655,145.0,3,13370.0,13332.25,37.75,0.2603448275862069,0.33774834437086093,0.4966887417218543,True,True,False,False,0.33774834437086093,-1.0,-1.0
2022-08-11,down,35,200,0.3793911007025761,213.5,2,13393.5,13442.5,49.0,0.22950819672131148,0.6530612244897959,2.2142857142857144,False,True,True,False,0.6530612244897959,1.7423469387755102,1.5510204081632653
2022-08-12,up,45,90,0.2763915547024952,130.25,1,13474.0,13453.5,20.5,0.15738963531669867,0.7560975609756098,5.329268292682927,False,True,True,True,0.7560975609756098,2.3445121951219514,3.932926829268293
2022-08-15,up,70,240,0.25609756097560976,143.5,2,13664.25,13641.0,23.25,0.16202090592334495,0.5806451612903226,1.7956989247311828,False,True,False,False,0.5806451612903226,0.9032258064516129,0.9032258064516129
2022-08-16,up,80,150,0.326625386996904,161.5,3,13658.0,13631.5,26.5,0.16408668730650156,0.9905660377358491,3.1226415094339623,True,True,True,False,0.9905660377358491,2.5141509433962264,-1.0
2022-08-17,up,220,240,0.34993446920052423,190.75,2,13585.0,13530.25,54.75,0.2870249017038008,0.2191780821917808,0.5662100456621004,True,True,False,False,0.2191780821917808,-1.0,-1.0
2022-08-18,up,10,40,0.42247191011235957,111.25,3,13532.25,13486.75,45.5,0.40898876404494383,0.03296703296703297,0.9505494505494505,True,True,True,False,0.03296703296703297,0.6442307692307693,-1.0
2022-08-19,down,20,160,0.36401673640167365,179.25,2,13281.0,13311.25,30.25,0.16875871687587168,1.1570247933884297,1.7272727272727273,False,True,False,False,1.1570247933884297,0.5867768595041323,0.5867768595041323
2022-08-22,down,25,150,0.3826530612244898,147.0,4,12959.25,13001.5,42.25,0.28741496598639454,0.33136094674556216,2.0059171597633134,False,True,True,False,0.33136094674556216,1.2011834319526626,1.017751479289941
2022-08-29,down,20,70,0.4583333333333333,162.0,1,12458.75,12522.5,63.75,0.39351851851851855,0.16470588235294117,0.00784313725490196,True,False,False,False,-1.0,-1.0,-1.0
2022-08-30,down,0,75,0.3522012578616352,318.0,2,12321.5,12381.25,59.75,0.1878930817610063,0.8744769874476988,0.0502092050209205,True,False,False,False,-1.0,-1.0,-1.0
2022-08-31,down,5,25,0.43390357698289267,160.75,2,12362.0,12422.0,60.0,0.37325038880248834,0.1625,1.4291666666666667,False,True,True,False,0.1625,0.8322916666666667,1.3416666666666666
2022-09-01,up,275,320,0.2978723404255319,235.0,2,12251.75,12182.75,69.0,0.2936170212765957,0.014492753623188406,0.6920289855072463,False,True,False,False,0.014492753623188406,0.4855072463768116,0.4855072463768116
2022-09-01,down,10,110,0.2947103274559194,198.5,1,12058.25,12084.0,25.75,0.1297229219143577,1.2718446601941749,1.5728155339805825,True,True,False,False,1.2718446601941749,-1.0,-1.0
2022-09-07,up,40,75,0.340080971659919,123.5,1,12141.5,12111.0,30.5,0.24696356275303644,0.3770491803278688,0.6721311475409836,True,True,False,False,0.3770491803278688,-1.0,-1.0
2022-09-09,up,5,55,0.3122977346278317,154.5,1,12558.75,12521.75,37.0,0.23948220064724918,0.30405405405405406,0.5878378378378378,True,True,False,False,0.30405405405405406,-1.0,-1.0
2022-09-13,down,5,200,0.3018292682926829,246.0,2,12295.75,12336.75,41.0,0.16666666666666666,0.8109756097560976,5.2073170731707314,False,True,True,True,0.8109756097560976,2.3109756097560976,3.8109756097560976
2022-09-14,up,20,130,0.4608150470219436,159.5,2,12236.25,12179.5,56.75,0.3557993730407524,0.29515418502202645,0.19383259911894274,True,False,False,False,-1.0,-1.0,-1.0
2022-09-15,down,0,75,0.3394308943089431,246.0,2,12048.75,12071.5,22.75,0.09247967479674797,2.67032967032967,2.241758241758242,True,False,False,False,-1.0,-1.0,-1.0
2022-09-16,up,0,310,0.453416149068323,161.0,2,11921.75,11870.0,51.75,0.32142857142857145,0.4106280193236715,0.5169082125603864,False,True,False,False,0.4106280193236715,0.10628019323671498,0.10628019323671498
2022-09-20,up,20,25,0.2721518987341772,79.0,1,11957.75,11944.5,13.25,0.16772151898734178,0.6226415094339622,0.0,True,False,False,False,-1.0,-1.0,-1.0
2022-09-20,down,175,240,0.35,195.0,2,11858.5,11896.5,38.0,0.19487179487179487,0.7960526315789473,0.3026315789473684,True,False,False,False,-1.0,-1.0,-1.0
2022-09-21,up,120,135,0.2777777777777778,72.0,2,12005.0,11990.0,15.0,0.20833333333333334,0.3333333333333333,0.0,True,False,False,False,-1.0,-1.0,-1.0
2022-09-23,down,95,155,0.4302158273381295,173.75,1,11347.5,11372.0,24.5,0.1410071942446043,2.0510204081632653,4.836734693877551,True,True,True,False,2.0510204081632653,3.8239795918367347,-1.0
2022-09-26,down,115,160,0.33223684210526316,228.0,3,11314.25,11385.5,71.25,0.3125,0.06315789473684211,0.2982456140350877,True,True,False,False,0.06315789473684211,-1.0,-1.0
2022-09-28,up,15,45,0.29429429429429427,166.5,2,11425.25,11383.5,41.75,0.25075075075075076,0.17365269461077845,4.508982035928144,False,True,True,True,0.17365269461077845,1.1706586826347305,2.1676646706586826
2022-10-03,up,10,90,0.397712833545108,196.75,2,11194.5,11158.25,36.25,0.18424396442185514,1.1586206896551725,4.517241379310345,False,True,True,True,1.1586206896551725,2.5155172413793103,3.872413793103448
2022-10-04,up,25,90,0.3130841121495327,160.5,2,11653.0,11624.5,28.5,0.17757009345794392,0.7631578947368421,0.24561403508771928,True,False,False,False,-1.0,-1.0,-1.0
2022-10-05,up,135,225,0.25650916104146576,259.25,2,11609.0,11559.25,49.75,0.1918997107039537,0.33668341708542715,2.050251256281407,False,True,True,False,0.33668341708542715,1.6394472361809045,0.5527638190954773
2022-10-10,down,5,95,0.46027742749054223,198.25,3,10961.25,11019.0,57.75,0.29129886506935687,0.5800865800865801,1.4632034632034632,True,True,True,False,0.5800865800865801,1.4383116883116882,-1.0
2022-10-11,up,70,110,0.39927623642943305,207.25,4,10986.75,10913.0,73.75,0.3558504221954162,0.12203389830508475,0.7152542372881356,True,True,False,False,0.12203389830508475,-1.0,-1.0
2022-10-13,up,35,55,0.26037735849056604,530.0,1,10921.75,10876.75,45.0,0.08490566037735849,2.066666666666667,4.911111111111111,False,True,False,False,2.066666666666667,3.5444444444444443,3.5444444444444443
2022-10-18,down,0,150,0.47020818377602297,348.25,3,11152.0,11247.25,95.25,0.27351040918880115,0.7191601049868767,0.04199475065616798,True,False,False,False,-1.0,-1.0,-1.0
2022-10-21,up,90,135,0.2707509881422925,253.0,1,11238.5,11179.75,58.75,0.23221343873517786,0.16595744680851063,2.3106382978723405,False,True,True,False,0.16595744680851063,1.2425531914893617,1.9659574468085106
2022-10-24,up,105,240,0.32894736842105265,247.0,5,11437.75,11373.5,64.25,0.2601214574898785,0.26459143968871596,1.2140077821011672,False,True,False,False,0.26459143968871596,0.6498054474708171,0.6498054474708171
2022-10-25,up,35,180,0.47513089005235604,191.0,2,11658.75,11615.25,43.5,0.22774869109947643,1.0862068965517242,1.5804597701149425,False,True,False,False,1.0862068965517242,1.235632183908046,1.235632183908046
2022-10-27,down,115,170,0.41570438799076215,216.5,1,11313.75,11337.5,23.75,0.10969976905311778,2.789473684210526,3.9368421052631577,False,True,False,False,2.789473684210526,3.1052631578947367,3.1052631578947367
2022-11-02,up,210,235,0.4544544544544545,249.75,3,11434.75,11327.25,107.5,0.43043043043043044,0.05581395348837209,0.20232558139534884,True,True,False,False,0.05581395348837209,-1.0,-1.0
2022-11-02,down,40,265,0.29596412556053814,223.0,1,11160.0,11184.0,24.0,0.10762331838565023,1.75,0.0,True,False,False,False,-1.0,-1.0,-1.0
2022-11-09,down,20,165,0.25,128.0,1,10943.25,10953.0,9.75,0.076171875,2.282051282051282,12.41025641025641,False,True,True,True,2.282051282051282,5.564102564102564,8.846153846153847
2022-11-10,up,60,150,0.3333333333333333,229.5,1,11459.25,11422.25,37.0,0.16122004357298475,1.0675675675675675,5.013513513513513,False,True,True,True,1.0675675675675675,2.6182432432432434,4.168918918918919
2022-11-15,down,165,210,0.3770903010033445,299.0,1,11782.25,11877.25,95.0,0.3177257525083612,0.1868421052631579,0.02368421052631579,True,False,False,False,-1.0,-1.0,-1.0
2022-11-17,up,85,260,0.4789189189189189,231.25,2,11694.75,11664.25,30.5,0.1318918918918919,2.6311475409836067,0.03278688524590164,True,False,False,False,-1.0,-1.0,-1.0
2022-11-18,down,25,65,0.3632911392405063,197.5,1,11676.75,11716.75,40.0,0.20253164556962025,0.79375,1.74375,True,True,False,False,0.79375,-1.0,-1.0
2022-11-21,down,15,55,0.4348697394789579,124.75,1,11605.5,11629.25,23.75,0.1903807615230461,1.2842105263157895,2.210526315789474,True,True,False,False,1.2842105263157895,-1.0,-1.0
2022-11-23,up,0,325,0.36610169491525424,147.5,2,11868.75,11838.75,30.0,0.2033898305084746,0.8,0.0,False,False,False,False,0.0,0.0,0.0
2022-11-28,down,95,140,0.42650103519668736,120.75,2,11671.75,11719.25,47.5,0.39337474120082816,0.08421052631578947,2.031578947368421,False,True,True,True,0.08421052631578947,0.7197368421052631,1.355263157894737
2022-11-29,down,30,110,0.3818443804034582,173.5,1,11514.5,11531.25,16.75,0.09654178674351585,2.955223880597015,0.3283582089552239,True,False,False,False,-1.0,-1.0,-1.0
2022-11-30,down,30,125,0.32335329341317365,83.5,2,11513.5,11525.0,11.5,0.1377245508982036,1.3478260869565217,0.0,True,False,False,False,-1.0,-1.0,-1.0
2022-12-05,down,60,120,0.2807971014492754,138.0,4,11839.75,11873.0,33.25,0.24094202898550723,0.16541353383458646,2.8345864661654137,False,True,True,True,0.16541353383458646,1.2030075187969924,2.2406015037593985
2022-12-09,up,5,75,0.3042168674698795,166.0,1,11704.5,11665.5,39.0,0.23493975903614459,0.2948717948717949,0.3525641025641026,True,True,False,False,0.2948717948717949,-1.0,-1.0
2022-12-12,up,195,245,0.3547400611620795,81.75,2,11721.75,11700.25,21.5,0.26299694189602446,0.3488372093023256,5.244186046511628,False,True,True,True,0.3488372093023256,1.2994186046511629,2.25
2022-12-13,down,5,50,0.36372453928225024,257.75,1,12090.5,12139.75,49.25,0.19107662463627545,0.9035532994923858,0.27411167512690354,True,False,False,False,-1.0,-1.0,-1.0
2022-12-14,up,30,55,0.3240556660039761,125.75,1,12047.5,12015.0,32.5,0.2584493041749503,0.25384615384615383,0.46153846153846156,True,True,False,False,0.25384615384615383,-1.0,-1.0
2022-12-15,down,25,310,0.2969502407704655,311.5,3,11432.75,11496.5,63.75,0.20465489566613163,0.45098039215686275,0.07058823529411765,False,False,False,False,-0.43529411764705883,-0.43529411764705883,-0.43529411764705883
2022-12-16,down,0,50,0.3,185.0,1,11312.0,11362.0,50.0,0.2702702702702703,0.11,0.73,True,True,False,False,0.11,-1.0,-1.0
2022-12-19,down,30,155,0.3795518207282913,178.5,1,11219.75,11248.25,28.5,0.15966386554621848,1.3771929824561404,0.02631578947368421,True,False,False,False,-1.0,-1.0,-1.0
2022-12-21,up,0,110,0.37738246505717915,196.75,1,11325.5,11303.5,22.0,0.11181702668360864,2.375,2.9204545454545454,False,True,False,False,2.375,0.48863636363636365,0.48863636363636365
2022-12-29,up,5,200,0.2872093023255814,215.0,3,11045.75,11009.75,36.0,0.16744186046511628,0.7152777777777778,0.6736111111111112,False,False,False,False,-0.3819444444444444,-0.3819444444444444,-0.3819444444444444
2023-01-03,down,0,35,0.27069767441860465,268.75,1,10920.0,10986.0,66.0,0.24558139534883722,0.10227272727272728,1.1401515151515151,False,True,True,False,0.10227272727272728,1.1202651515151516,-0.3446969696969697
2023-01-12,up,105,325,0.3444022770398482,263.5,3,11532.25,11484.0,48.25,0.18311195445920303,0.8808290155440415,0.0,False,False,False,False,0.0,0.0,0.0
2023-01-19,down,20,55,0.4900398406374502,125.5,3,11331.75,11382.5,50.75,0.4043824701195219,0.21182266009852216,0.458128078817734,True,True,False,False,0.21182266009852216,-1.0,-1.0
2023-01-20,up,30,180,0.2790014684287812,170.25,1,11546.0,11506.25,39.75,0.23348017621145375,0.1949685534591195,3.540880503144654,False,True,True,True,0.1949685534591195,1.2657232704402517,2.3364779874213837
2023-01-25,up,45,150,0.30529172320217096,184.25,4,11761.25,11732.5,28.75,0.1560379918588874,0.9565217391304348,4.947826086956522,False,True,True,True,0.9565217391304348,2.5586956521739133,4.160869565217391
2023-01-31,up,0,105,0.42829076620825146,127.25,2,12084.25,12041.75,42.5,0.33398821218074654,0.2823529411764706,1.688235294117647,False,True,True,False,0.2823529411764706,1.0308823529411764,1.6294117647058823
2023-02-02,up,0,100,0.3541666666666667,192.0,1,12810.5,12771.25,39.25,0.20442708333333334,0.732484076433121,3.159235668789809,True,True,True,False,0.732484076433121,1.9554140127388535,-1.0
2023-02-03,up,5,100,0.35524256651017216,319.5,1,12822.5,12764.5,58.0,0.18153364632237873,0.9568965517241379,0.36637931034482757,True,False,False,False,-1.0,-1.0,-1.0
2023-02-08,down,0,200,0.4504792332268371,234.75,6,12548.5,12623.0,74.5,0.31735889243876464,0.41946308724832215,0.4798657718120805,False,True,False,False,0.41946308724832215,0.07046979865771812,0.07046979865771812
2023-02-09,down,30,115,0.3396501457725947,171.5,1,12581.5,12615.25,33.75,0.1967930029154519,0.725925925925926,6.37037037037037,False,True,True,True,0.725925925925926,1.9962962962962962,3.2666666666666666
2023-02-13,up,15,275,0.3953488372093023,215.0,1,12513.5,12482.0,31.5,0.14651162790697675,1.6984126984126984,1.0793650793650793,False,False,False,False,0.9920634920634921,0.9920634920634921,0.9920634920634921
2023-02-15,up,55,185,0.4358108108108108,148.0,4,12664.0,12607.75,56.25,0.38006756756756754,0.14666666666666667,1.2533333333333334,False,True,True,False,0.14666666666666667,0.8044444444444444,1.2444444444444445
2023-02-16,up,0,75,0.3026874115983027,176.75,1,12660.5,12619.75,40.75,0.23055162659123055,0.3128834355828221,0.1411042944785276,True,False,False,False,-1.0,-1.0,-1.0
2023-02-17,down,50,135,0.4890756302521008,148.75,4,12284.0,12347.75,63.75,0.42857142857142855,0.1411764705882353,0.28627450980392155,True,True,False,False,0.1411764705882353,-1.0,-1.0
2023-02-23,down,15,155,0.3005405405405405,231.25,1,12066.25,12098.0,31.75,0.1372972972972973,1.188976377952756,0.33858267716535434,True,False,False,False,-1.0,-1.0,-1.0
2023-02-27,down,5,15,0.2676991150442478,113.0,1,12103.0,12106.75,3.75,0.033185840707964605,7.066666666666666,0.0,True,False,False,False,-1.0,-1.0,-1.0
2023-03-02,up,185,200,0.2953271028037383,133.75,1,11973.0,11940.5,32.5,0.24299065420560748,0.2153846153846154,3.792307692307692,False,True,True,True,0.2153846153846154,1.2442307692307693,2.273076923076923
2023-03-06,up,5,80,0.33992805755395683,139.0,2,12462.0,12439.0,23.0,0.16546762589928057,1.0543478260869565,0.2826086956521739,True,False,False,False,-1.0,-1.0,-1.0
2023-03-10,down,175,305,0.40421792618629176,284.5,1,11822.25,11910.0,87.75,0.3084358523725835,0.31054131054131057,0.2849002849002849,False,False,False,False,-0.21652421652421652,-0.21652421652421652,-0.21652421652421652
2023-03-13,up,30,130,0.26767015706806285,382.0,1,12155.25,12101.75,53.5,0.1400523560209424,0.9112149532710281,0.0,True,False,False,False,-1.0,-1.0,-1.0
2023-03-14,up,0,135,0.3434991974317817,155.75,3,12341.0,12303.0,38.0,0.24398073836276082,0.40789473684210525,0.11842105263157894,True,False,False,False,-1.0,-1.0,-1.0
2023-03-15,up,75,260,0.2760800842992624,237.25,1,12374.0,12324.0,50.0,0.2107481559536354,0.31,0.67,True,True,False,False,0.31,-1.0,-1.0
2023-03-17,down,0,140,0.4622543950361944,241.75,2,12615.5,12681.25,65.75,0.27197518097207857,0.6996197718631179,0.026615969581749048,True,False,False,False,-1.0,-1.0,-1.0
2023-03-23,up,10,75,0.34285714285714286,183.75,1,12994.75,12968.0,26.75,0.145578231292517,1.355140186915888,0.5794392523364486,True,False,False,False,-1.0,-1.0,-1.0
2023-03-27,down,10,200,0.3454317897371715,199.75,2,12810.0,12834.5,24.5,0.12265331664580725,1.816326530612245,0.8571428571428571,True,False,False,False,-1.0,-1.0,-1.0
2023-04-03,down,20,65,0.3544857768052516,114.25,1,13178.5,13194.5,16.0,0.1400437636761488,1.53125,0.890625,True,False,False,False,-1.0,-1.0,-1.0
2023-04-04,down,45,90,0.37344398340248963,120.5,3,13226.5,13251.25,24.75,0.2053941908713693,0.8181818181818182,2.3535353535353534,False,True,True,False,0.8181818181818182,2.0353535353535355,0.12121212121212122
2023-04-05,down,0,80,0.27692307692307694,162.5,2,13032.75,13064.5,31.75,0.19538461538461538,0.41732283464566927,0.84251968503937,True,True,False,False,0.41732283464566927,-1.0,-1.0
2023-04-11,down,25,70,0.3794749403341289,104.75,4,13061.0,13095.5,34.5,0.32935560859188545,0.15217391304347827,0.21739130434782608,True,True,False,False,0.15217391304347827,-1.0,-1.0
2023-04-17,down,5,55,0.43915343915343913,94.5,2,13119.5,13153.0,33.5,0.3544973544973545,0.23880597014925373,1.2761194029850746,True,True,True,False,0.23880597014925373,0.9440298507462687,-1.0
2023-04-18,down,0,50,0.2783687943262411,141.0,6,13173.25,13196.0,22.75,0.16134751773049646,0.7252747252747253,0.03296703296703297,True,False,False,False,-1.0,-1.0,-1.0
2023-04-19,up,5,65,0.3153153153153153,83.25,3,13158.25,13137.5,20.75,0.24924924924924924,0.26506024096385544,3.3012048192771086,False,True,True,True,0.26506024096385544,1.2680722891566265,2.2710843373493974
2023-04-21,up,85,140,0.3082191780821918,109.5,2,13071.75,13058.25,13.5,0.1232876712328767,1.5,3.7222222222222223,True,True,True,False,1.5,3.5277777777777777,-1.0
2023-04-24,down,5,155,0.29235382308845576,166.75,1,13005.25,13016.0,10.75,0.06446776611694154,3.5348837209302326,0.0,True,False,False,False,-1.0,-1.0,-1.0
2023-04-25,down,0,160,0.29239766081871343,128.25,2,12894.5,12924.75,30.25,0.23586744639376217,0.2396694214876033,2.925619834710744,False,True,True,True,0.2396694214876033,1.2995867768595042,2.3595041322314048
2023-05-01,down,45,50,0.38405797101449274,69.0,1,13265.0,13289.75,24.75,0.358695652173913,0.0707070707070707,0.25252525252525254,True,True,False,False,0.0707070707070707,-1.0,-1.0
2023-05-04,up,35,40,0.2890995260663507,105.5,1,13091.75,13076.75,15.0,0.14218009478672985,1.0333333333333334,0.0,True,False,False,False,-1.0,-1.0,-1.0
2023-05-05,up,0,140,0.252442996742671,153.5,1,13260.25,13239.0,21.25,0.13843648208469056,0.8235294117647058,4.647058823529412,False,True,True,True,0.8235294117647058,2.6294117647058823,4.435294117647059
2023-05-08,up,80,315,0.27312775330396477,113.5,1,13358.25,13337.0,21.25,0.18722466960352424,0.4588235294117647,0.2235294117647059,False,False,False,False,-0.17647058823529413,-0.17647058823529413,-0.17647058823529413
2023-05-11,up,55,85,0.3654390934844193,88.25,1,13441.5,13417.5,24.0,0.2719546742209632,0.34375,0.7604166666666666,True,True,False,False,0.34375,-1.0,-1.0
2023-05-12,down,0,200,0.3086053412462908,168.5,1,13331.0,13370.75,39.75,0.23590504451038577,0.3081761006289308,0.5157232704402516,True,True,False,False,0.3081761006289308,-1.0,-1.0
2023-05-15,up,50,325,0.48249027237354086,128.5,5,13472.0,13418.0,54.0,0.42023346303501946,0.14814814814814814,0.0,False,False,False,False,0.0,0.0,0.0
2023-05-16,up,25,195,0.25625,120.0,1,13542.25,13523.75,18.5,0.15416666666666667,0.6621621621621622,0.33783783783783783,True,False,False,False,-1.0,-1.0,-1.0
2023-05-17,up,65,110,0.2735294117647059,85.0,1,13546.25,13537.25,9.0,0.10588235294117647,1.5833333333333333,13.63888888888889,False,True,True,True,1.5833333333333333,3.9444444444444446,6.305555555555555
2023-05-18,up,0,140,0.3987654320987654,202.5,2,13796.5,13774.5,22.0,0.10864197530864197,2.6704545454545454,1.9545454545454546,True,False,False,False,-1.0,-1.0,-1.0
2023-05-19,down,55,255,0.2984749455337691,114.75,2,13824.0,13848.5,24.5,0.21350762527233116,0.3979591836734694,0.030612244897959183,True,False,False,False,-1.0,-1.0,-1.0
2023-05-23,down,125,175,0.42401960784313725,102.0,3,13786.5,13819.25,32.75,0.32107843137254904,0.32061068702290074,2.33587786259542,False,True,True,True,0.32061068702290074,1.099236641221374,1.8778625954198473
2023-05-25,up,40,105,0.48523985239852396,135.5,4,13977.25,13921.0,56.25,0.4151291512915129,0.1688888888888889,0.96,False,True,True,False,0.1688888888888889,0.7711111111111111,0.017777777777777778
2023-05-31,down,45,105,0.3573667711598746,159.5,1,14283.5,14309.75,26.25,0.164576802507837,1.1714285714285715,1.2285714285714286,True,True,False,False,1.1714285714285715,-1.0,-1.0
2023-06-05,up,20,35,0.2644230769230769,104.0,1,14669.75,14644.25,25.5,0.24519230769230768,0.0784313725490196,0.9803921568627451,True,True,False,False,0.0784313725490196,-1.0,-1.0
2023-06-05,down,240,270,0.45923460898502494,150.25,2,14562.5,14613.5,51.0,0.33943427620632277,0.35294117647058826,0.37254901960784315,False,True,False,False,0.35294117647058826,-0.4852941176470588,-0.4852941176470588
2023-06-07,down,5,70,0.2706270627062706,227.25,3,14455.0,14509.25,54.25,0.23872387238723872,0.1336405529953917,2.7557603686635943,False,True,True,True,0.1336405529953917,1.1808755760368663,2.228110599078341
2023-06-09,down,55,85,0.2886762360446571,156.75,2,14531.5,14576.0,44.5,0.2838915470494418,0.016853932584269662,0.7921348314606742,True,True,False,False,0.016853932584269662,-1.0,-1.0
2023-06-12,up,15,115,0.27371273712737126,92.25,1,14845.25,14831.0,14.25,0.15447154471544716,0.7719298245614035,10.210526315789474,False,True,True,True,0.7719298245614035,2.3903508771929824,4.008771929824562
2023-06-14,up,15,105,0.41896024464831805,163.5,3,15186.0,15147.5,38.5,0.23547400611620795,0.7792207792207793,0.09740259740259741,True,False,False,False,-1.0,-1.0,-1.0
2023-06-14,down,215,225,0.36666666666666664,240.0,1,15017.0,15064.0,47.0,0.19583333333333333,0.8723404255319149,0.526595744680851,True,False,False,False,-1.0,-1.0,-1.0
2023-06-15,up,15,40,0.25223880597014925,167.5,1,15268.25,15239.75,28.5,0.1701492537313433,0.4824561403508772,6.06140350877193,False,True,True,True,0.4824561403508772,1.9517543859649122,3.4210526315789473
2023-06-22,up,70,190,0.4539170506912442,217.0,1,15143.5,15082.5,61.0,0.28110599078341014,0.6147540983606558,1.221311475409836,False,True,False,False,0.6147540983606558,1.1475409836065573,1.1475409836065573
2023-07-17,up,60,190,0.4963325183374083,102.25,5,15801.25,15760.25,41.0,0.40097799511002447,0.23780487804878048,1.9878048780487805,False,True,True,True,0.23780487804878048,0.8612804878048781,1.4847560975609757
2023-07-19,up,40,95,0.34332425068119893,91.75,1,16044.0,16031.25,12.75,0.13896457765667575,1.4705882352941178,0.0,True,False,False,False,-1.0,-1.0,-1.0
2023-07-19,down,125,150,0.29347826086956524,115.0,1,15956.25,15981.5,25.25,0.21956521739130436,0.33663366336633666,1.7821782178217822,True,True,True,False,0.33663366336633666,1.4752475247524752,-1.0
2023-07-20,down,0,110,0.438058748403576,195.75,3,15728.0,15785.0,57.0,0.29118773946360155,0.5043859649122807,3.175438596491228,False,True,True,True,0.5043859649122807,1.3629385964912282,2.2214912280701755
2023-07-25,up,70,125,0.3231552162849873,98.25,1,15674.5,15654.25,20.25,0.20610687022900764,0.5679012345679012,3.049382716049383,False,True,True,True,0.5679012345679012,1.7808641975308641,2.993827160493827
2023-08-01,up,15,55,0.3833718244803695,108.25,1,15822.5,15795.0,27.5,0.2540415704387991,0.509090909090909,0.23636363636363636,True,False,False,False,-1.0,-1.0,-1.0
2023-08-02,down,15,195,0.3729146221786065,254.75,2,15479.0,15509.0,30.0,0.11776251226692837,2.1666666666666665,0.6333333333333333,True,False,False,False,-1.0,-1.0,-1.0
2023-08-03,up,45,225,0.4934687953555878,172.25,1,15471.0,15438.5,32.5,0.18867924528301888,1.6153846153846154,0.3076923076923077,True,False,False,False,-1.0,-1.0,-1.0
2023-08-08,down,25,70,0.31545741324921134,158.5,1,15238.75,15271.0,32.25,0.20347003154574134,0.5503875968992248,0.6434108527131783,True,True,False,False,0.5503875968992248,-1.0,-1.0
2023-08-09,down,20,140,0.32545045045045046,222.0,1,15201.5,15218.75,17.25,0.0777027027027027,3.1884057971014492,1.2173913043478262,True,False,False,False,-1.0,-1.0,-1.0
2023-08-10,down,50,145,0.3434959349593496,246.0,6,15212.75,15280.75,68.0,0.2764227642276423,0.2426470588235294,1.1286764705882353,False,True,False,False,0.2426470588235294,0.1801470588235294,0.1801470588235294
2023-08-14,up,0,155,0.35563380281690143,213.0,4,15232.25,15172.25,60.0,0.28169014084507044,0.2625,0.6875,False,True,False,False,0.2625,0.6708333333333333,0.6708333333333333
2023-08-17,down,0,55,0.4228855721393035,150.75,2,14868.75,14920.5,51.75,0.34328358208955223,0.2318840579710145,0.1932367149758454,True,False,False,False,-1.0,-1.0,-1.0
2023-08-18,up,30,310,0.33431516936671574,169.75,5,14772.5,14722.25,50.25,0.2960235640648012,0.12935323383084577,0.6019900497512438,False,True,False,False,0.12935323383084577,-0.4427860696517413,-0.4427860696517413
2023-08-22,down,0,145,0.4031496062992126,158.75,1,14973.75,14997.5,23.75,0.14960629921259844,1.694736842105263,1.7578947368421052,True,True,False,False,1.694736842105263,-1.0,-1.0
2023-08-25,down,5,80,0.4696969696969697,297.0,1,14841.0,14891.25,50.25,0.1691919191919192,1.7761194029850746,0.945273631840796,True,False,False,False,-1.0,-1.0,-1.0
2023-08-28,down,70,105,0.270979020979021,143.0,2,15006.5,15022.25,15.75,0.11013986013986014,1.4603174603174602,0.8571428571428571,True,False,False,False,-1.0,-1.0,-1.0
2023-08-30,up,105,250,0.49238578680203043,147.75,2,15504.75,15450.0,54.75,0.37055837563451777,0.3287671232876712,0.2831050228310502,False,False,False,False,-0.0502283105022831,-0.0502283105022831,-0.0502283105022831
2023-09-01,down,25,230,0.3484276729559748,198.75,2,15479.0,15523.25,44.25,0.22264150943396227,0.5649717514124294,0.4406779661016949,True,False,False,False,-1.0,-1.0,-1.0
2023-09-05,up,20,300,0.3246527777777778,144.0,1,15554.75,15540.0,14.75,0.10243055555555555,2.169491525423729,1.1864406779661016,True,False,False,False,-1.0,-1.0,-1.0
2023-09-06,down,25,205,0.3128834355828221,203.75,1,15357.0,15374.25,17.25,0.08466257668711656,2.6956521739130435,0.6666666666666666,True,False,False,False,-1.0,-1.0,-1.0
2023-09-07,up,10,60,0.4868686868686869,123.75,1,15254.5,15221.0,33.5,0.27070707070707073,0.7985074626865671,0.3358208955223881,True,False,False,False,-1.0,-1.0,-1.0
2023-09-12,down,5,85,0.3503521126760563,142.0,2,15553.75,15566.5,12.75,0.0897887323943662,2.9019607843137254,0.0,True,False,False,False,-1.0,-1.0,-1.0
2023-09-13,up,30,115,0.4431438127090301,149.5,5,15592.5,15537.5,55.0,0.36789297658862874,0.20454545454545456,0.4954545454545455,True,True,False,False,0.20454545454545456,-1.0,-1.0
2023-09-14,up,10,130,0.28486646884273,168.5,1,15676.25,15651.5,24.75,0.14688427299703263,0.9393939393939394,1.5454545454545454,False,True,False,False,0.9393939393939394,-0.15151515151515152,-0.15151515151515152
2023-09-15,down,20,150,0.25986078886310904,215.5,2,15440.0,15468.0,28.0,0.12993039443155452,1.0,2.9732142857142856,False,True,True,False,1.0,2.924107142857143,1.7589285714285714
2023-09-18,up,70,170,0.3093220338983051,118.0,1,15445.75,15424.5,21.25,0.18008474576271186,0.7176470588235294,0.5411764705882353,True,False,False,False,-1.0,-1.0,-1.0
2023-09-19,up,200,295,0.438871473354232,159.5,2,15361.0,15338.0,23.0,0.14420062695924765,2.0434782608695654,1.2608695652173914,False,False,False,False,0.7065217391304348,0.7065217391304348,0.7065217391304348
2023-09-20,down,30,215,0.3232830820770519,149.25,1,15307.25,15334.25,27.0,0.18090452261306533,0.7870370370370371,0.5,True,False,False,False,-1.0,-1.0,-1.0
2023-09-22,up,0,55,0.27079303675048355,129.25,1,15010.5,14982.25,28.25,0.218568665377176,0.23893805309734514,0.6017699115044248,True,True,False,False,0.23893805309734514,-1.0,-1.0
2023-09-27,down,20,65,0.5,124.0,2,14713.25,14744.0,30.75,0.24798387096774194,1.016260162601626,4.138211382113822,True,True,True,True,1.016260162601626,2.024390243902439,3.032520325203252
2023-09-28,up,15,155,0.3022452504317789,289.5,1,14893.5,14860.0,33.5,0.1157167530224525,1.6119402985074627,0.43283582089552236,True,False,False,False,-1.0,-1.0,-1.0
2023-09-29,down,55,100,0.3006535947712418,153.0,1,14919.25,14953.75,34.5,0.22549019607843138,0.3333333333333333,0.15217391304347827,True,False,False,False,-1.0,-1.0,-1.0
2023-10-03,down,5,155,0.28192999053926204,264.25,2,14756.0,14785.0,29.0,0.1097445600756859,1.5689655172413792,3.603448275862069,False,True,False,False,1.5689655172413792,1.2586206896551724,1.2586206896551724
2023-10-04,up,45,105,0.25379939209726443,164.5,1,14878.0,14857.25,20.75,0.12613981762917933,1.0120481927710843,0.7469879518072289,True,False,False,False,-1.0,-1.0,-1.0
2023-10-09,up,105,155,0.3321917808219178,146.0,2,15076.75,15047.0,29.75,0.20376712328767124,0.6302521008403361,4.571428571428571,False,True,True,True,0.6302521008403361,1.8571428571428572,3.0840336134453783
2023-10-12,down,155,265,0.3405940594059406,252.5,2,15278.75,15302.25,23.5,0.09306930693069307,2.6595744680851063,0.13829787234042554,True,False,False,False,-1.0,-1.0,-1.0
2023-10-13,down,15,160,0.3553398058252427,257.5,4,15117.75,15200.75,83.0,0.32233009708737864,0.10240963855421686,0.6686746987951807,False,True,False,False,0.10240963855421686,-0.045180722891566265,-0.045180722891566265
2023-10-16,up,0,25,0.25955414012738853,157.0,2,15308.0,15285.0,23.0,0.1464968152866242,0.7717391304347826,0.6195652173913043,True,False,False,False,-1.0,-1.0,-1.0
2023-10-18,down,5,220,0.46141732283464565,158.75,1,15103.75,15138.25,34.5,0.2173228346456693,1.1231884057971016,3.608695652173913,False,True,True,True,1.1231884057971016,2.273550724637681,3.4239130434782608
2023-10-23,up,10,245,0.2658321060382916,339.5,2,14787.25,14763.5,23.75,0.06995581737849779,2.8,0.5263157894736842,True,False,False,False,-1.0,-1.0,-1.0
2023-10-27,down,10,185,0.327683615819209,132.75,1,14250.5,14280.25,29.75,0.224105461393597,0.46218487394957986,1.2857142857142858,True,True,False,False,0.46218487394957986,-1.0,-1.0
2023-11-02,up,20,100,0.44878048780487806,102.5,2,14941.0,14926.0,15.0,0.14634146341463414,2.066666666666667,0.0,True,False,False,False,-1.0,-1.0,-1.0
2023-11-06,down,155,215,0.3472803347280335,119.5,2,15150.75,15179.5,28.75,0.2405857740585774,0.4434782608695652,0.2608695652173913,True,False,False,False,-1.0,-1.0,-1.0
2023-11-07,up,0,125,0.4111888111888112,178.75,1,15362.25,15329.25,33.0,0.18461538461538463,1.2272727272727273,1.5151515151515151,False,True,False,False,1.2272727272727273,0.3939393939393939,0.3939393939393939
2023-11-10,up,30,80,0.25,143.0,3,15446.5,15412.75,33.75,0.23601398601398602,0.05925925925925926,4.681481481481481,False,True,True,True,0.05925925925925926,1.1185185185185185,2.1777777777777776
2023-11-13,up,20,190,0.42655935613682094,124.25,3,15570.5,15536.5,34.0,0.27364185110663986,0.5588235294117647,0.5294117647058824,False,False,False,False,-0.6691176470588235,-0.6691176470588235,-0.6691176470588235
2023-11-14,up,0,70,0.4079822616407982,112.75,1,15876.5,15857.0,19.5,0.1729490022172949,1.358974358974359,0.15384615384615385,True,False,False,False,-1.0,-1.0,-1.0
2023-11-15,down,80,145,0.353887399463807,93.25,4,15891.0,15917.0,26.0,0.27882037533512066,0.2692307692307692,2.25,True,True,True,True,0.2692307692307692,1.1658653846153846,2.0625
2023-11-17,up,90,145,0.4689655172413793,72.5,4,15892.75,15863.5,29.25,0.40344827586206894,0.1623931623931624,1.6153846153846154,False,True,True,True,0.1623931623931624,0.782051282051282,1.4017094017094016
2023-11-29,down,40,155,0.38472418670438474,176.75,2,16084.5,16099.75,15.25,0.08628005657708628,3.459016393442623,4.655737704918033,False,True,False,False,3.459016393442623,3.8360655737704916,3.8360655737704916
2023-11-30,down,5,155,0.2686762778505898,190.75,4,15873.25,15912.0,38.75,0.20314547837483618,0.3225806451612903,0.44516129032258067,True,True,False,False,0.3225806451612903,-1.0,-1.0
2023-12-01,up,40,230,0.34543010752688175,186.0,1,16020.0,15985.75,34.25,0.18413978494623656,0.8759124087591241,0.5109489051094891,False,False,False,False,0.145985401459854,0.145985401459854,0.145985401459854
2023-12-06,down,70,105,0.351506456241033,174.25,1,15899.75,15924.75,25.0,0.14347202295552366,1.45,3.91,False,True,True,False,1.45,3.1925,3.39
2023-12-07,up,5,280,0.2619047619047619,178.5,2,16042.0,16019.25,22.75,0.12745098039215685,1.054945054945055,0.3956043956043956,False,False,False,False,-0.2967032967032967,-0.2967032967032967,-0.2967032967032967
2023-12-12,up,25,150,0.4315352697095436,120.5,4,16511.75,16465.0,46.75,0.3879668049792531,0.11229946524064172,1.4545454545454546,False,True,True,True,0.11229946524064172,0.7566844919786097,1.4010695187165776
2023-12-14,down,5,305,0.4844533600802407,249.25,1,16732.5,16748.75,16.25,0.06519558676028084,6.430769230769231,0.16923076923076924,True,False,False,False,-1.0,-1.0,-1.0
2023-12-15,up,20,50,0.3963730569948187,96.5,1,16867.25,16838.25,29.0,0.3005181347150259,0.31896551724137934,0.6896551724137931,True,True,False,False,0.31896551724137934,-1.0,-1.0
2023-12-20,up,0,130,0.5,102.5,2,17050.25,17022.25,28.0,0.2731707317073171,0.8303571428571429,0.5535714285714286,True,False,False,False,-1.0,-1.0,-1.0
2023-12-20,down,245,265,0.2764397905759162,238.75,1,16841.75,16900.75,59.0,0.24712041884816754,0.11864406779661017,1.38135593220339,False,True,True,False,0.11864406779661017,1.1302966101694916,1.3135593220338984
2023-12-21,down,95,140,0.29069767441860467,129.0,1,16835.5,16867.25,31.75,0.24612403100775193,0.18110236220472442,0.33070866141732286,True,True,False,False,0.18110236220472442,-1.0,-1.0
2023-12-26,up,5,215,0.3177966101694915,59.0,2,17056.75,17045.75,11.0,0.1864406779661017,0.7045454545454546,4.954545454545454,False,True,True,True,0.7045454545454546,2.0454545454545454,3.3863636363636362
2023-12-29,down,5,95,0.32200886262924666,169.25,1,16966.0,16992.75,26.75,0.15805022156573117,1.0373831775700935,0.8504672897196262,True,False,False,False,-1.0,-1.0,-1.0
2024-01-09,up,15,200,0.33653846153846156,208.0,4,16853.25,16798.5,54.75,0.26322115384615385,0.2785388127853881,0.0593607305936073,True,False,False,False,-1.0,-1.0,-1.0
2024-01-18,up,5,255,0.33814432989690724,121.25,1,17094.75,17066.5,28.25,0.2329896907216495,0.45132743362831856,1.0973451327433628,False,True,False,False,0.45132743362831856,0.504424778761062,0.504424778761062
2024-01-19,up,35,85,0.41766109785202865,104.75,4,17266.0,17227.25,38.75,0.36992840095465396,0.12903225806451613,4.696774193548387,False,True,True,True,0.12903225806451613,0.8048387096774193,1.4806451612903226
2024-01-22,down,0,220,0.3509933774834437,151.0,1,17469.25,17487.0,17.75,0.11754966887417219,1.9859154929577465,1.5352112676056338,True,False,False,False,-1.0,-1.0,-1.0
2024-01-25,down,135,290,0.36666666666666664,210.0,1,17590.25,17619.0,28.75,0.13690476190476192,1.6782608695652175,0.0,True,False,False,False,-1.0,-1.0,-1.0
2024-01-26,up,0,90,0.41832669322709165,125.5,1,17618.75,17577.0,41.75,0.33266932270916333,0.25748502994011974,0.31736526946107785,True,True,False,False,0.25748502994011974,-1.0,-1.0
2024-01-29,up,100,175,0.34818941504178275,89.75,1,17596.75,17578.25,18.5,0.20612813370473537,0.6891891891891891,6.45945945945946,False,True,True,True,0.6891891891891891,1.902027027027027,3.114864864864865
2024-01-30,down,105,190,0.3646833013435701,130.25,1,17583.5,17602.0,18.5,0.1420345489443378,1.5675675675675675,1.9054054054054055,True,True,False,False,1.5675675675675675,-1.0,-1.0
2024-01-31,down,0,285,0.3853459972862958,184.25,2,17275.5,17313.25,37.75,0.20488466757123475,0.8807947019867549,0.0,True,False,False,False,-1.0,-1.0,-1.0
2024-02-02,up,10,40,0.30062111801242236,201.25,2,17651.0,17606.25,44.75,0.22236024844720498,0.35195530726256985,2.782122905027933,False,True,True,True,0.35195530726256985,1.4762569832402235,2.600558659217877
2024-02-06,down,75,135,0.2669082125603865,207.0,2,17591.5,17616.0,24.5,0.11835748792270531,1.2551020408163265,0.17346938775510204,True,False,False,False,-1.0,-1.0,-1.0
2024-02-08,up,15,85,0.4115942028985507,86.25,1,17886.5,17858.75,27.75,0.3217391304347826,0.27927927927927926,0.36036036036036034,True,True,False,False,0.27927927927927926,-1.0,-1.0
2024-02-09,up,0,115,0.30566037735849055,132.5,4,18001.75,17967.0,34.75,0.2622641509433962,0.16546762589928057,1.9928057553956835,False,True,True,False,0.16546762589928057,1.118705035971223,1.0719424460431655
2024-02-12,up,10,160,0.47921225382932164,114.25,2,18104.0,18066.75,37.25,0.32603938730853393,0.4697986577181208,0.12080536912751678,True,False,False,False,-1.0,-1.0,-1.0
2024-02-12,down,190,210,0.302504816955684,129.75,3,18005.5,18031.0,25.5,0.19653179190751446,0.5392156862745098,2.715686274509804,False,True,True,False,0.5392156862745098,1.8112745098039216,1.6470588235294117
2024-02-14,down,30,40,0.26325088339222613,141.5,1,17722.0,17742.75,20.75,0.14664310954063603,0.7951807228915663,0.8674698795180723,True,True,False,False,0.7951807228915663,-1.0,-1.0
2024-02-15,up,165,250,0.34098360655737703,152.5,1,17919.0,17881.0,38.0,0.24918032786885247,0.3684210526315789,0.25,True,False,False,False,-1.0,-1.0,-1.0
2024-02-20,down,90,180,0.2965009208103131,271.5,4,17489.25,17533.0,43.75,0.16114180478821363,0.84,0.17142857142857143,True,False,False,False,-1.0,-1.0,-1.0
2024-02-22,up,45,95,0.391025641025641,117.0,2,17973.25,17935.25,38.0,0.3247863247863248,0.20394736842105263,2.9934210526315788,False,True,True,True,0.20394736842105263,0.9736842105263158,1.743421052631579
2024-02-27,down,140,175,0.4808080808080808,123.75,1,17940.75,17968.25,27.5,0.2222222222222222,1.1636363636363636,0.15454545454545454,True,False,False,False,-1.0,-1.0,-1.0
2024-03-04,up,245,280,0.32131147540983607,76.25,3,18343.5,18322.0,21.5,0.2819672131147541,0.13953488372093023,0.11627906976744186,True,False,False,False,-1.0,-1.0,-1.0
2024-03-05,down,0,65,0.25110619469026546,226.0,2,17931.0,17966.0,35.0,0.15486725663716813,0.6214285714285714,0.6714285714285714,True,True,False,False,0.6214285714285714,-1.0,-1.0
2024-03-08,down,35,75,0.2854656222802437,287.25,2,18174.75,18231.25,56.5,0.19669277632724108,0.45132743362831856,2.8716814159292037,False,True,True,False,0.45132743362831856,1.7223451327433628,2.3761061946902653
2024-03-12,up,0,170,0.47354497354497355,283.5,3,18397.75,18323.25,74.5,0.26278659611992944,0.802013422818792,1.2516778523489933,False,True,False,False,0.802013422818792,1.0469798657718121,1.0469798657718121
2024-03-15,down,140,195,0.399702823179792,168.25,2,18040.75,18073.5,32.75,0.19465081723625557,1.0534351145038168,0.030534351145038167,True,False,False,False,-1.0,-1.0,-1.0
2024-03-18,down,140,185,0.3876500857632933,145.75,3,18251.0,18291.75,40.75,0.27958833619210977,0.38650306748466257,0.15950920245398773,True,False,False,False,-1.0,-1.0,-1.0
2024-03-19,up,60,75,0.265658747300216,115.75,2,18153.25,18138.25,15.0,0.12958963282937366,1.05,0.0,True,False,False,False,-1.0,-1.0,-1.0
2024-03-21,down,35,240,0.27054108216432865,124.75,1,18593.75,18618.0,24.25,0.19438877755511022,0.3917525773195876,1.7010309278350515,False,True,True,False,0.3917525773195876,1.6778350515463918,1.443298969072165
2024-03-25,up,75,140,0.3045045045045045,138.75,4,18537.25,18511.25,26.0,0.1873873873873874,0.625,1.3269230769230769,True,True,False,False,0.625,-1.0,-1.0
2024-03-26,down,10,190,0.34810126582278483,79.0,3,18541.25,18557.0,15.75,0.19936708860759494,0.746031746031746,0.6507936507936508,True,False,False,False,-1.0,-1.0,-1.0
2024-04-01,down,20,145,0.3987012987012987,192.5,1,18469.0,18491.25,22.25,0.11558441558441558,2.449438202247191,1.9662921348314606,True,False,False,False,-1.0,-1.0,-1.0
2024-04-02,up,150,195,0.3148614609571788,99.25,1,18290.75,18269.5,21.25,0.2141057934508816,0.47058823529411764,0.3058823529411765,True,False,False,False,-1.0,-1.0,-1.0
2024-04-08,up,0,15,0.25364963503649635,137.0,2,18361.25,18339.75,21.5,0.15693430656934307,0.6162790697674418,0.686046511627907,True,True,False,False,0.6162790697674418,-1.0,-1.0
2024-04-15,down,20,105,0.3781163434903047,180.5,1,18178.75,18226.75,48.0,0.2659279778393352,0.421875,7.026041666666667,False,True,True,True,0.421875,1.3619791666666667,2.3020833333333335
2024-04-17,down,20,55,0.4413265306122449,196.0,2,17767.5,17850.0,82.5,0.42091836734693877,0.048484848484848485,1.8454545454545455,False,True,True,True,0.048484848484848485,0.6424242424242425,1.2363636363636363
2024-04-18,down,170,240,0.3351893095768374,224.5,3,17526.75,17596.75,70.0,0.311804008908686,0.075,0.017857142857142856,False,False,False,False,-0.26071428571428573,-0.26071428571428573,-0.26071428571428573
2024-04-19,down,45,170,0.3575418994413408,313.25,1,17291.5,17315.75,24.25,0.07741420590582601,3.618556701030928,1.4742268041237114,True,False,False,False,-1.0,-1.0,-1.0
2024-04-25,up,110,175,0.26040428061831156,210.25,1,17494.75,17463.75,31.0,0.14744351961950058,0.7661290322580645,3.556451612903226,False,True,True,False,0.7661290322580645,2.461693548387097,2.338709677419355
2024-04-26,up,15,145,0.3302752293577982,218.0,2,17882.5,17814.25,68.25,0.3130733944954128,0.054945054945054944,0.2783882783882784,False,True,False,False,0.054945054945054944,-0.6336996336996337,-0.6336996336996337
2024-04-30,down,30,215,0.3174061433447099,219.75,1,17725.75,17745.25,19.5,0.08873720136518772,2.576923076923077,8.320512820512821,False,True,True,True,2.576923076923077,5.394230769230769,8.211538461538462
2024-05-07,up,25,75,0.3597560975609756,82.0,3,18253.5,18234.25,19.25,0.2347560975609756,0.5324675324675324,0.5324675324675324,True,True,False,False,0.5324675324675324,-1.0,-1.0
2024-05-07,down,240,300,0.41604010025062654,99.75,1,18192.5,18208.0,15.5,0.15538847117794485,1.6774193548387097,0.3225806451612903,True,False,False,False,-1.0,-1.0,-1.0
2024-05-08,up,10,105,0.4763358778625954,163.75,3,18188.5,18164.25,24.25,0.1480916030534351,2.216494845360825,0.12371134020618557,True,False,False,False,-1.0,-1.0,-1.0
2024-05-09,up,5,15,0.2577565632458234,104.75,1,18204.25,18186.5,17.75,0.16945107398568018,0.5211267605633803,1.8591549295774648,True,True,False,False,0.5211267605633803,-1.0,-1.0
2024-05-10,down,20,70,0.3448275862068966,159.5,4,18203.25,18243.5,40.25,0.25235109717868337,0.36645962732919257,0.16770186335403728,True,False,False,False,-1.0,-1.0,-1.0
2024-05-16,down,220,280,0.42606516290726815,99.75,3,18692.5,18703.5,11.0,0.11027568922305764,2.8636363636363638,4.431818181818182,False,True,False,False,2.8636363636363638,3.772727272727273,3.772727272727273
2024-05-17,down,165,205,0.2915129151291513,67.75,2,18615.25,18629.0,13.75,0.2029520295202952,0.43636363636363634,5.109090909090909,True,True,True,True,0.43636363636363634,1.6681818181818182,2.9
2024-05-20,up,15,50,0.31078610603290674,136.75,1,18748.0,18729.5,18.5,0.13528336380255943,1.2972972972972974,2.5135135135135136,True,True,False,False,1.2972972972972974,-1.0,-1.0
2024-05-21,up,0,15,0.25386996904024767,80.75,1,18748.0,18738.25,9.75,0.12074303405572756,1.1025641025641026,0.38461538461538464,True,False,False,False,-1.0,-1.0,-1.0
2024-05-22,down,185,285,0.35760517799352753,154.5,2,18702.75,18739.5,36.75,0.23786407766990292,0.5034013605442177,0.02040816326530612,True,False,False,False,-1.0,-1.0,-1.0
2024-05-29,up,0,25,0.26105263157894737,118.75,1,18868.0,18848.75,19.25,0.16210526315789472,0.6103896103896104,0.35064935064935066,True,False,False,False,-1.0,-1.0,-1.0
2024-05-30,down,5,25,0.3004032258064516,124.0,2,18658.5,18682.75,24.25,0.19556451612903225,0.5360824742268041,1.4329896907216495,True,True,False,False,0.5360824742268041,-1.0,-1.0
2024-06-03,down,15,90,0.38169934640522873,191.25,1,18591.75,18637.25,45.5,0.23790849673202613,0.6043956043956044,3.4285714285714284,True,True,True,True,0.6043956043956044,1.6552197802197801,2.706043956043956
2024-06-07,up,5,140,0.36666666666666664,135.0,1,19123.25,19078.0,45.25,0.3351851851851852,0.09392265193370165,0.7016574585635359,True,True,False,False,0.09392265193370165,-1.0,-1.0
2024-06-10,up,5,190,0.4686411149825784,143.5,1,19077.0,19054.0,23.0,0.1602787456445993,1.923913043478261,1.7826086956521738,True,False,False,False,-1.0,-1.0,-1.0
2024-06-13,down,110,135,0.3058103975535168,163.5,1,19521.75,19550.0,28.25,0.172782874617737,0.7699115044247787,0.0,True,False,False,False,-1.0,-1.0,-1.0
2024-06-14,up,160,260,0.3949579831932773,119.0,3,19673.75,19629.25,44.5,0.3739495798319328,0.056179775280898875,0.42134831460674155,False,True,False,False,0.056179775280898875,0.3089887640449438,0.3089887640449438
2024-06-20,down,110,270,0.3975409836065574,305.0,3,19992.75,20079.5,86.75,0.28442622950819674,0.3976945244956772,0.3285302593659942,False,False,False,False,-0.4899135446685879,-0.4899135446685879,-0.4899135446685879
2024-06-24,down,10,305,0.384446878422782,228.25,3,19816.25,19855.0,38.75,0.16976998904709747,1.264516129032258,1.9548387096774194,False,True,False,False,1.264516129032258,1.8451612903225807,1.8451612903225807
2024-06-28,down,105,175,0.3029513888888889,288.0,1,20050.25,20072.5,22.25,0.07725694444444445,2.9213483146067416,6.47191011235955,False,True,True,False,2.9213483146067416,6.157303370786517,5.292134831460674
2024-07-02,up,20,50,0.29983792544570503,154.25,2,20126.5,20084.75,41.75,0.2706645056726094,0.10778443113772455,0.7125748502994012,True,True,False,False,0.10778443113772455,-1.0,-1.0
2024-07-08,up,50,55,0.25396825396825395,78.75,1,20662.0,20646.75,15.25,0.19365079365079366,0.3114754098360656,0.47540983606557374,True,True,False,False,0.3114754098360656,-1.0,-1.0
2024-07-09,down,50,65,0.2733990147783251,101.5,2,20676.75,20698.0,21.25,0.20935960591133004,0.3058823529411765,0.0,True,False,False,False,-1.0,-1.0,-1.0
2024-07-12,up,0,140,0.463768115942029,241.5,2,20617.0,20554.75,62.25,0.2577639751552795,0.7991967871485943,1.9919678714859437,True,True,True,False,0.7991967871485943,1.7690763052208835,-1.0
2024-07-15,down,180,305,0.3837675350701403,249.5,3,20592.25,20643.25,51.0,0.20440881763527055,0.8774509803921569,1.6862745098039216,False,True,False,False,0.8774509803921569,-0.0196078431372549,-0.0196078431372549
2024-07-17,down,70,200,0.28036529680365296,273.75,2,20024.0,20084.5,60.5,0.22100456621004566,0.26859504132231404,0.5991735537190083,False,True,False,False,0.26859504132231404,0.5289256198347108,0.5289256198347108
2024-07-18,down,0,155,0.3946843853820598,376.25,2,19864.75,19921.5,56.75,0.15083056478405316,1.6167400881057268,0.00881057268722467,True,False,False,False,-1.0,-1.0,-1.0
2024-07-19,down,0,230,0.28527131782945736,322.5,1,19697.25,19746.0,48.75,0.1511627906976744,0.8871794871794871,0.5641025641025641,True,False,False,False,-1.0,-1.0,-1.0
2024-07-25,up,40,85,0.3465658475110271,396.75,1,19235.0,19142.5,92.5,0.23314429741650913,0.4864864864864865,1.681081081081081,True,True,True,False,0.4864864864864865,1.5587837837837837,-1.0
2024-07-30,down,0,15,0.2511737089201878,213.0,1,19129.5,19160.25,30.75,0.1443661971830986,0.7398373983739838,10.617886178861788,False,True,True,True,0.7398373983739838,2.4715447154471546,4.203252032520325
2024-07-31,up,0,55,0.451568894952251,183.25,3,19490.5,19411.25,79.25,0.4324693042291951,0.04416403785488959,0.3217665615141956,True,True,False,False,0.04416403785488959,-1.0,-1.0
2024-08-06,up,10,75,0.42361574382921946,374.75,1,18309.5,18182.0,127.5,0.3402268178785857,0.24509803921568626,1.3627450980392157,True,True,True,False,0.24509803921568626,0.9799019607843137,-1.0
2024-08-07,down,70,130,0.4474393530997305,278.25,1,18321.75,18404.75,83.0,0.29829290206648695,0.5,4.457831325301205,False,True,True,True,0.5,1.3381024096385543,2.1762048192771086
2024-08-08,up,15,90,0.30702341137123745,373.75,4,18433.5,18323.25,110.25,0.29498327759197324,0.04081632653061224,1.1043083900226758,False,True,True,False,0.04081632653061224,0.8883219954648526,0.7777777777777778
2024-08-09,up,160,245,0.41203703703703703,270.0,1,18596.75,18563.25,33.5,0.12407407407407407,2.3208955223880596,1.1044776119402986,False,False,False,False,0.3880597014925373,0.3880597014925373,0.3880597014925373
2024-08-13,up,15,245,0.29861751152073734,271.25,1,19081.25,19006.5,74.75,0.27557603686635945,0.08361204013377926,0.4180602006688963,False,True,False,False,0.08361204013377926,0.26755852842809363,0.26755852842809363
2024-08-15,up,5,40,0.26330532212885155,178.5,3,19511.25,19467.75,43.5,0.24369747899159663,0.08045977011494253,2.1149425287356323,False,True,True,False,0.08045977011494253,1.1063218390804597,1.7471264367816093
2024-08-22,down,15,40,0.35724743777452417,170.75,1,19873.5,19915.5,42.0,0.24597364568081992,0.4523809523809524,7.892857142857143,False,True,True,True,0.4523809523809524,1.46875,2.4851190476190474
2024-08-26,down,0,60,0.4341216216216216,296.0,1,19603.5,19634.0,30.5,0.10304054054054054,3.2131147540983607,2.0245901639344264,True,False,False,False,-1.0,-1.0,-1.0
2024-08-27,up,0,200,0.4609297725024728,252.75,5,19684.5,19577.75,106.75,0.42235410484668645,0.09133489461358314,0.07728337236533958,False,False,False,False,-0.3114754098360656,-0.3114754098360656,-0.3114754098360656
2024-08-28,down,10,110,0.3207249802994484,317.25,4,19378.75,19441.0,62.25,0.19621749408983452,0.6345381526104418,0.01606425702811245,True,False,False,False,-1.0,-1.0,-1.0
2024-08-29,down,240,270,0.2553342816500711,351.5,2,19381.0,19431.75,50.75,0.14438122332859174,0.7684729064039408,0.8669950738916257,True,True,False,False,0.7684729064039408,-1.0,-1.0
2024-08-30,down,25,45,0.3193504736129905,184.75,2,19466.5,19503.0,36.5,0.1975642760487145,0.6164383561643836,2.6301369863013697,True,True,True,False,0.6164383561643836,1.8818493150684932,-1.0
2024-09-03,down,0,50,0.2537425149700599,334.0,1,19195.5,19234.0,38.5,0.11526946107784432,1.2012987012987013,7.3896103896103895,False,True,True,True,1.2012987012987013,3.3701298701298703,5.538961038961039
2024-09-04,up,0,110,0.49819168173598555,276.5,2,19042.5,18977.0,65.5,0.23688969258589512,1.1030534351145038,0.6908396946564885,True,False,False,False,-1.0,-1.0,-1.0
2024-09-05,down,55,140,0.39384116693679094,308.5,1,18925.75,18963.5,37.75,0.12236628849270664,2.218543046357616,1.0264900662251655,True,False,False,False,-1.0,-1.0,-1.0
2024-09-13,up,75,250,0.4511173184357542,179.0,1,19513.25,19496.5,16.75,0.0935754189944134,3.8208955223880596,0.7164179104477612,True,False,False,False,-1.0,-1.0,-1.0
2024-09-17,down,110,130,0.284688995215311,209.0,1,19655.75,19700.75,45.0,0.215311004784689,0.32222222222222224,1.8055555555555556,False,True,True,False,0.32222222222222224,1.4833333333333334,-0.5944444444444444
2024-09-24,up,75,305,0.4049665711556829,261.75,3,20160.5,20108.75,51.75,0.1977077363896848,1.0483091787439613,0.26570048309178745,False,False,False,False,0.18840579710144928,0.18840579710144928,0.18840579710144928
2024-09-26,down,0,10,0.2814726840855107,210.5,1,20324.0,20366.25,42.25,0.2007125890736342,0.40236686390532544,3.2189349112426036,False,True,True,True,0.40236686390532544,1.6479289940828403,2.893491124260355
2024-09-27,down,0,165,0.4320809248554913,173.0,2,20239.25,20284.75,45.5,0.2630057803468208,0.6428571428571429,0.46153846153846156,True,False,False,False,-1.0,-1.0,-1.0
2024-10-01,down,35,125,0.39732142857142855,448.0,2,19905.25,19996.0,90.75,0.20256696428571427,0.9614325068870524,0.6694214876033058,True,False,False,False,-1.0,-1.0,-1.0
2024-10-02,up,15,175,0.45666991236611487,256.75,1,20017.5,19973.0,44.5,0.1733203505355404,1.6348314606741574,0.05056179775280899,True,False,False,False,-1.0,-1.0,-1.0
2024-10-07,down,240,245,0.30337078651685395,155.75,1,20061.0,20078.75,17.75,0.11396468699839486,1.6619718309859155,0.0,True,False,False,False,-1.0,-1.0,-1.0
2024-10-08,up,0,80,0.30514705882352944,204.0,3,20254.5,20211.5,43.0,0.2107843137254902,0.4476744186046512,0.12209302325581395,True,False,False,False,-1.0,-1.0,-1.0
2024-10-09,up,25,285,0.2530795072788354,223.25,1,20438.5,20405.25,33.25,0.14893617021276595,0.6992481203007519,1.330827067669173,False,True,False,False,0.6992481203007519,0.5939849624060151,0.5939849624060151
2024-10-15,down,0,80,0.36051829268292684,328.0,3,20349.25,20449.5,100.25,0.30564024390243905,0.17955112219451372,0.9501246882793017,False,True,False,False,0.17955112219451372,0.057356608478802994,0.057356608478802994
2024-10-22,up,185,280,0.38345864661654133,232.75,2,20545.25,20513.0,32.25,0.1385606874328679,1.7674418604651163,0.8449612403100775,False,False,False,False,-0.17054263565891473,-0.17054263565891473,-0.17054263565891473
2024-10-25,down,190,275,0.41253791708796766,247.25,1,20527.5,20562.0,34.5,0.13953488372093023,1.9565217391304348,1.318840579710145,False,False,False,False,0.9420289855072463,0.9420289855072463,0.9420289855072463
2024-10-28,down,125,220,0.44583333333333336,120.0,1,20538.5,20560.25,21.75,0.18125,1.4597701149425288,2.413793103448276,False,True,False,False,1.4597701149425288,1.7471264367816093,1.7471264367816093
2024-10-31,down,15,175,0.2651734104046243,346.0,2,20069.0,20115.0,46.0,0.1329479768786127,0.9945652173913043,1.298913043478261,True,True,False,False,0.9945652173913043,-1.0,-1.0
2024-11-05,up,60,285,0.40863787375415284,225.75,3,20330.25,20280.5,49.75,0.2203765227021041,0.8542713567839196,0.39195979899497485,False,False,False,False,0.22110552763819097,0.22110552763819097,0.22110552763819097
2024-11-07,up,15,60,0.28315946348733234,167.75,2,21163.5,21124.25,39.25,0.23397913561847988,0.21019108280254778,2.2802547770700636,False,True,True,False,0.21019108280254778,1.2786624203821657,1.484076433121019
2024-11-12,down,40,50,0.4207492795389049,86.75,1,21169.75,21201.5,31.75,0.3659942363112392,0.14960629921259844,3.622047244094488,True,True,True,True,0.14960629921259844,0.8326771653543307,1.515748031496063
2024-11-13,up,100,135,0.27892234548335976,157.75,2,21202.0,21170.25,31.75,0.20126782884310618,0.3858267716535433,2.094488188976378,True,True,True,False,0.3858267716535433,1.6279527559055118,-1.0
2024-11-14,down,135,300,0.2923898531375167,187.25,1,20995.0,21042.25,47.25,0.2523364485981308,0.15873015873015872,0.5026455026455027,False,True,False,False,0.15873015873015872,-0.2857142857142857,-0.2857142857142857
2024-11-15,down,10,310,0.26119402985074625,368.5,2,20455.25,20501.5,46.25,0.1255088195386703,1.0810810810810811,0.03783783783783784,True,False,False,False,-1.0,-1.0,-1.0
2024-11-18,up,0,145,0.48152295632698766,223.25,3,20661.25,20616.75,44.5,0.19932810750279956,1.4157303370786516,0.16853932584269662,True,False,False,False,-1.0,-1.0,-1.0
2024-11-19,up,0,115,0.29831387808041504,192.75,1,20685.25,20643.25,42.0,0.2178988326848249,0.36904761904761907,2.5535714285714284,False,True,True,False,0.36904761904761907,1.5163690476190477,1.9047619047619047
2024-11-27,down,5,75,0.27104722792607805,243.5,3,20705.75,20762.0,56.25,0.23100616016427106,0.17333333333333334,0.5466666666666666,True,True,False,False,0.17333333333333334,-1.0,-1.0
2024-12-02,up,0,35,0.35674157303370785,178.0,2,21192.0,21141.0,51.0,0.28651685393258425,0.24509803921568626,1.3284313725490196,False,True,True,False,0.24509803921568626,1.1176470588235294,0.49019607843137253
2024-12-04,up,0,25,0.2826086956521739,103.5,2,21482.5,21462.5,20.0,0.1932367149758454,0.4625,0.7125,True,True,False,False,0.4625,-1.0,-1.0
2024-12-05,down,170,195,0.4956268221574344,85.75,1,21510.5,21524.0,13.5,0.15743440233236153,2.1481481481481484,3.814814814814815,False,True,True,False,2.1481481481481484,3.736111111111111,2.5925925925925926
2024-12-06,up,155,245,0.31377899045020463,183.25,1,21631.25,21611.75,19.5,0.10641200545702592,1.9487179487179487,1.6538461538461537,False,False,False,False,1.3974358974358974,1.3974358974358974,1.3974358974358974
2024-12-09,down,5,15,0.4172661870503597,139.0,1,21523.5,21567.75,44.25,0.3183453237410072,0.3107344632768362,1.9774011299435028,False,True,True,True,0.3107344632768362,1.0960451977401129,1.88135593220339
2024-12-10,down,25,100,0.2583201267828843,157.75,1,21453.25,21489.75,36.5,0.23137876386687797,0.11643835616438356,0.2534246575342466,True,True,False,False,0.11643835616438356,-1.0,-1.0
2024-12-13,down,10,80,0.3778467908902691,241.5,1,21688.75,21757.75,69.0,0.2857142857142857,0.322463768115942,0.21014492753623187,True,False,False,False,-1.0,-1.0,-1.0
2024-12-16,up,0,30,0.3079922027290448,128.25,3,22016.75,21984.75,32.0,0.24951267056530213,0.234375,4.2421875,False,True,True,True,0.234375,1.236328125,2.23828125
2024-12-18,down,215,245,0.27230411171450736,322.25,1,22062.5,22117.25,54.75,0.16989914662529093,0.6027397260273972,11.552511415525114,False,True,True,True,0.6027397260273972,2.074200913242009,3.545662100456621
2024-12-19,down,0,150,0.3402450518378888,265.25,3,21447.75,21522.75,75.0,0.2827521206409048,0.20333333333333334,0.12666666666666668,True,False,False,False,-1.0,-1.0,-1.0
2024-12-20,up,0,235,0.2504794783275796,651.75,1,21718.0,21649.0,69.0,0.10586881472957423,1.3659420289855073,0.5108695652173914,True,False,False,False,-1.0,-1.0,-1.0
2024-12-23,up,80,125,0.33733733733733734,249.75,3,21697.25,21642.25,55.0,0.22022022022022023,0.5318181818181819,1.4454545454545455,False,True,False,False,0.5318181818181819,1.059090909090909,1.059090909090909
2024-12-30,up,65,315,0.360062893081761,318.0,1,21471.5,21456.5,15.0,0.04716981132075472,6.633333333333334,1.9833333333333334,True,False,False,False,-1.0,-1.0,-1.0
2024-12-31,down,30,160,0.46167557932263814,280.5,1,21281.0,21337.5,56.5,0.2014260249554367,1.2920353982300885,1.752212389380531,False,True,False,False,1.2920353982300885,1.075221238938053,1.075221238938053
2025-01-02,down,115,265,0.3514394350896252,460.25,3,21064.0,21145.5,81.5,0.1770776751765345,0.9846625766871165,0.024539877300613498,True,False,False,False,-1.0,-1.0,-1.0
2025-01-07,down,0,60,0.4274292742927429,406.5,3,21513.25,21573.25,60.0,0.14760147601476015,1.8958333333333333,3.8958333333333335,False,True,True,False,1.8958333333333333,3.589583333333333,2.5708333333333333
2025-01-13,up,15,235,0.3707201889020071,211.75,4,20893.0,20835.25,57.75,0.2727272727272727,0.3593073593073593,1.2380952380952381,False,True,False,False,0.3593073593073593,0.9567099567099567,0.9567099567099567
2025-01-14,down,5,65,0.3169291338582677,254.0,1,20890.25,20956.25,66.0,0.25984251968503935,0.2196969696969697,1.4924242424242424,True,True,True,False,0.2196969696969697,1.1818181818181819,-1.0
2025-01-17,up,160,230,0.3302752293577982,190.75,2,21643.0,21609.0,34.0,0.1782437745740498,0.8529411764705882,0.029411764705882353,True,False,False,False,-1.0,-1.0,-1.0
2025-01-21,up,135,265,0.30456852791878175,246.25,2,21724.75,21697.0,27.75,0.11269035532994924,1.7027027027027026,1.1081081081081081,False,False,False,False,-0.36936936936936937,-0.36936936936936937,-0.36936936936936937
2025-01-22,up,10,255,0.45549738219895286,191.0,1,22030.0,22006.5,23.5,0.12303664921465969,2.702127659574468,0.5106382978723404,True,False,False,False,-1.0,-1.0,-1.0
2025-02-03,up,0,40,0.3391430646332607,344.25,1,21430.25,21340.75,89.5,0.2599854756717502,0.30446927374301674,1.0,False,True,False,False,0.30446927374301674,-0.2681564245810056,-0.2681564245810056
2025-02-04,up,5,145,0.4987012987012987,288.75,1,21622.75,21550.0,72.75,0.2519480519480519,0.979381443298969,0.8591065292096219,False,False,False,False,0.6254295532646048,0.6254295532646048,0.6254295532646048
2025-02-05,up,35,185,0.2919254658385093,241.5,2,21714.0,21672.0,42.0,0.17391304347826086,0.6785714285714286,1.3095238095238095,False,True,False,False,0.6785714285714286,1.125,1.125
2025-02-07,down,20,55,0.4119718309859155,355.0,1,21656.0,21759.25,103.25,0.2908450704225352,0.41646489104116224,1.0,False,True,False,False,0.41646489104116224,0.6561743341404358,0.6561743341404358
2025-02-10,up,5,80,0.385,150.0,2,21855.25,21836.25,19.0,0.12666666666666668,2.039473684210526,0.9342105263157895,True,False,False,False,-1.0,-1.0,-1.0
2025-02-11,up,10,65,0.3294289897510981,170.75,1,21837.25,21815.25,22.0,0.12884333821376281,1.5568181818181819,0.13636363636363635,True,False,False,False,-1.0,-1.0,-1.0
2025-02-14,up,25,265,0.4346895074946467,116.75,2,22178.25,22156.0,22.25,0.1905781584582441,1.2808988764044944,2.101123595505618,False,True,False,False,1.2808988764044944,0.7191011235955056,0.7191011235955056
2025-02-18,down,215,245,0.394856278366112,165.25,1,22146.75,22168.0,21.25,0.12859304084720122,2.070588235294118,0.0,True,False,False,False,-1.0,-1.0,-1.0
2025-02-19,up,70,125,0.33948339483394835,135.5,1,22222.0,22207.5,14.5,0.1070110701107011,2.1724137931034484,2.3793103448275863,True,True,False,False,2.1724137931034484,-1.0,-1.0
2025-02-21,down,0,55,0.35995955510616784,247.25,1,21992.75,22029.75,37.0,0.14964610717896865,1.4054054054054055,8.925675675675675,False,True,True,True,1.4054054054054055,3.0760135135135136,4.746621621621622
2025-02-26,down,175,265,0.3154459753444525,344.75,2,21093.75,21173.25,79.5,0.23060188542422044,0.36792452830188677,0.20440251572327045,True,False,False,False,-1.0,-1.0,-1.0
2025-03-05,up,125,195,0.3697705802968961,370.5,3,20540.5,20448.5,92.0,0.2483130904183536,0.4891304347826087,2.005434782608696,False,True,True,False,0.4891304347826087,1.4959239130434783,1.2771739130434783
2025-03-06,down,90,175,0.2817647058823529,425.0,3,20136.0,20208.0,72.0,0.16941176470588235,0.6631944444444444,1.8472222222222223,False,True,False,False,0.6631944444444444,0.6145833333333334,0.6145833333333334
2025-03-07,up,230,320,0.34513274336283184,508.5,1,20248.0,20098.5,149.5,0.29400196656833827,0.17391304347826086,0.25585284280936454,False,True,False,False,0.17391304347826086,-0.1605351170568562,-0.1605351170568562
2025-03-07,down,0,105,0.2733473242392445,476.5,2,19790.25,19895.75,105.5,0.22140608604407136,0.23459715639810427,0.04265402843601896,True,False,False,False,-1.0,-1.0,-1.0
2025-03-10,down,0,95,0.4745762711864407,383.5,3,19567.75,19703.0,135.25,0.35267275097783574,0.3456561922365989,2.1848428835489835,False,True,True,True,0.3456561922365989,1.05452865064695,1.7634011090573012
2025-03-14,up,30,125,0.3699530516431925,266.25,1,19654.75,19604.5,50.25,0.18873239436619718,0.9601990049751243,1.7462686567164178,False,True,False,False,0.9601990049751243,1.0049751243781095,1.0049751243781095
2025-03-18,down,30,80,0.3293918918918919,296.0,3,19651.25,19701.75,50.5,0.17060810810810811,0.9306930693069307,0.4603960396039604,True,False,False,False,-1.0,-1.0,-1.0
2025-03-20,up,10,75,0.40114613180515757,349.0,2,20046.25,19965.0,81.25,0.2328080229226361,0.7230769230769231,0.08923076923076922,True,False,False,False,-1.0,-1.0,-1.0
2025-03-21,up,25,185,0.329004329004329,288.75,1,19856.0,19801.25,54.75,0.18961038961038962,0.7351598173515982,2.1552511415525113,False,True,True,False,0.7351598173515982,2.0536529680365296,1.7716894977168949
2025-03-24,up,15,135,0.4075907590759076,151.5,2,20352.75,20319.0,33.75,0.22277227722772278,0.8296296296296296,0.17037037037037037,True,False,False,False,-1.0,-1.0,-1.0
2025-03-31,up,50,210,0.3028700906344411,331.0,1,19280.5,19207.5,73.0,0.22054380664652568,0.3732876712328767,2.8664383561643834,False,True,True,True,0.3732876712328767,1.5068493150684932,2.6404109589041096
2025-04-02,up,25,245,0.49760348583877995,573.75,3,19700.0,19604.75,95.25,0.16601307189542483,1.9973753280839894,1.0078740157480315,False,False,False,False,0.4881889763779528,0.4881889763779528,0.4881889763779528
2025-04-04,down,0,215,0.46621621621621623,629.0,2,17800.0,17913.0,113.0,0.17965023847376788,1.595132743362832,2.4026548672566372,False,True,False,False,1.595132743362832,2.3473451327433628,2.3473451327433628
2025-04-08,down,40,100,0.2983323038912909,404.75,1,18001.0,18073.25,72.25,0.17850525015441632,0.671280276816609,14.221453287197232,False,True,True,True,0.671280276816609,2.0717993079584773,3.472318339100346
2025-04-09,up,150,180,0.26590873203852833,1583.25,1,18719.0,18364.5,354.5,0.22390652139586295,0.18758815232722145,1.883638928067701,False,True,True,False,0.18758815232722145,1.3041255289139633,1.5528913963328632
2025-04-11,up,120,185,0.37548076923076923,520.0,2,18738.0,18594.75,143.25,0.27548076923076925,0.36300174520069806,0.9458987783595113,False,True,False,False,0.36300174520069806,0.49912739965095987,0.49912739965095987
2025-04-14,down,55,145,0.3102948284195263,517.25,1,18784.5,18898.0,113.5,0.2194296761720638,0.41409691629955947,0.0,True,False,False,False,-1.0,-1.0,-1.0
2025-04-15,down,200,295,0.4472168905950096,260.5,2,18962.0,19000.75,38.75,0.14875239923224567,2.0064516129032257,1.0193548387096774,False,False,False,False,0.06451612903225806,0.06451612903225806,0.06451612903225806
2025-04-23,down,55,70,0.3210568454763811,312.25,2,18889.25,18953.5,64.25,0.20576461168935148,0.5603112840466926,2.2140077821011674,True,True,True,False,0.5603112840466926,1.7752918287937742,-1.0
2025-04-24,up,0,30,0.27811094452773616,333.5,1,19158.75,19087.25,71.5,0.2143928035982009,0.2972027972027972,2.5104895104895104,False,True,True,False,0.2972027972027972,1.4632867132867133,2.2517482517482517
2025-04-29,up,190,315,0.2581211589113257,284.75,2,19662.75,19615.0,47.75,0.16769095697980685,0.5392670157068062,0.41361256544502617,False,False,False,False,-0.3769633507853403,-0.3769633507853403,-0.3769633507853403
2025-04-30,up,0,175,0.3691683569979716,369.75,3,19456.75,19337.0,119.75,0.32386747802569305,0.13987473903966596,2.162839248434238,False,True,True,True,0.13987473903966596,0.9117954070981211,1.6837160751565763
2025-05-05,up,30,90,0.42162162162162165,138.75,3,20113.5,20065.5,48.0,0.34594594594594597,0.21875,1.625,True,True,True,False,0.21875,0.94140625,-1.0
2025-05-07,down,20,60,0.301460823373174,188.25,2,19799.0,19845.75,46.75,0.24833997343957503,0.21390374331550802,0.18181818181818182,True,False,False,False,-1.0,-1.0,-1.0
2025-05-08,up,60,240,0.2875087229588276,358.25,2,20303.5,20234.25,69.25,0.19330076762037685,0.48736462093862815,0.4007220216606498,True,False,False,False,-1.0,-1.0,-1.0
2025-05-08,down,20,30,0.3128205128205128,195.0,1,20000.5,20040.0,39.5,0.20256410256410257,0.5443037974683544,0.0,True,False,False,False,-1.0,-1.0,-1.0
2025-05-12,up,155,320,0.3333333333333333,253.5,2,20925.25,20859.0,66.25,0.2613412228796844,0.27547169811320754,0.4377358490566038,False,True,False,False,0.27547169811320754,0.36981132075471695,0.36981132075471695
2025-05-15,up,30,55,0.2514124293785311,177.0,1,21406.25,21380.25,26.0,0.14689265536723164,0.7115384615384616,4.75,True,True,True,True,0.7115384615384616,2.4134615384615383,4.115384615384615
2025-05-16,up,180,245,0.277337559429477,157.75,4,21473.5,21434.25,39.25,0.24881141045958796,0.11464968152866242,0.9808917197452229,False,True,False,False,0.11464968152866242,0.821656050955414,0.821656050955414
2025-05-19,up,115,300,0.29510591672753833,342.25,1,21464.75,21443.5,21.25,0.0620891161431702,3.7529411764705882,3.235294117647059,False,False,False,False,2.7529411764705882,2.7529411764705882,2.7529411764705882
2025-05-20,down,235,265,0.3389513108614232,133.5,2,21348.75,21386.0,37.25,0.27902621722846443,0.21476510067114093,1.3624161073825503,True,True,True,False,0.21476510067114093,1.110738255033557,-1.0
2025-05-21,down,170,260,0.4223057644110276,399.0,2,21189.75,21328.0,138.25,0.34649122807017546,0.21880650994575046,0.8462929475587704,False,True,False,False,0.21880650994575046,0.29475587703435807,0.29475587703435807
2025-05-27,up,50,320,0.2510566356720203,295.75,2,21450.5,21414.25,36.25,0.12256973795435334,1.0482758620689656,0.5241379310344828,False,False,False,False,0.4413793103448276,0.4413793103448276,0.4413793103448276
2025-05-28,down,25,85,0.36395759717314485,141.5,2,21437.0,21477.5,40.5,0.2862190812720848,0.2716049382716049,0.012345679012345678,True,False,False,False,-1.0,-1.0,-1.0
2025-05-29,down,85,165,0.4858085808580858,378.75,2,21431.0,21485.0,54.0,0.14257425742574256,2.4074074074074074,2.1064814814814814,False,False,False,False,0.3611111111111111,0.3611111111111111,0.3611111111111111
2025-05-30,up,5,55,0.4931714719271624,164.75,2,21368.0,21318.25,49.75,0.30197268588770865,0.6331658291457286,0.0,True,False,False,False,-1.0,-1.0,-1.0
2025-05-30,down,115,205,0.4367378048780488,328.0,2,21176.0,21214.75,38.75,0.11814024390243902,2.696774193548387,0.03225806451612903,True,False,False,False,-1.0,-1.0,-1.0
2025-06-05,down,145,195,0.4727767695099819,275.5,1,21767.0,21789.75,22.75,0.08257713248638839,4.725274725274725,11.582417582417582,False,True,True,True,4.725274725274725,7.752747252747253,10.780219780219781
2025-06-06,down,130,155,0.2939189189189189,148.0,1,21749.5,21765.5,16.0,0.10810810810810811,1.71875,0.0,True,False,False,False,-1.0,-1.0,-1.0
2025-06-11,down,210,220,0.28085106382978725,235.0,1,21834.75,21897.25,62.5,0.26595744680851063,0.056,0.704,True,True,False,False,0.056,-1.0,-1.0
2025-06-13,up,55,200,0.4416403785488959,237.75,1,21792.0,21749.75,42.25,0.17770767613038907,1.485207100591716,0.03550295857988166,True,False,False,False,-1.0,-1.0,-1.0
2025-06-16,up,0,175,0.37740384615384615,208.0,5,22195.5,22143.5,52.0,0.25,0.5096153846153846,0.3125,True,False,False,False,-1.0,-1.0,-1.0
2025-06-17,down,175,190,0.4113597246127367,145.25,1,22005.0,22049.5,44.5,0.306368330464716,0.34269662921348315,2.146067415730337,False,True,True,True,0.34269662921348315,1.1587078651685394,1.9747191011235956
2025-06-18,up,0,80,0.35714285714285715,171.5,1,22076.0,22036.5,39.5,0.2303206997084548,0.5506329113924051,0.0,True,False,False,False,-1.0,-1.0,-1.0
2025-06-20,down,10,80,0.4118476727785614,354.5,3,21856.75,21922.0,65.25,0.18406205923836388,1.2375478927203065,1.4061302681992338,False,True,False,False,1.2375478927203065,0.21455938697318008,0.21455938697318008
2025-06-25,down,35,85,0.2830188679245283,119.25,2,22444.0,22462.75,18.75,0.15723270440251572,0.8,1.8133333333333332,True,True,False,False,0.8,-1.0,-1.0
2025-06-26,up,0,30,0.33608247422680415,121.25,2,22582.5,22556.5,26.0,0.21443298969072164,0.5673076923076923,1.125,True,True,False,False,0.5673076923076923,-1.0,-1.0
2025-07-02,up,0,105,0.25095541401273885,196.25,4,22834.25,22798.25,36.0,0.18343949044585986,0.3680555555555556,0.5486111111111112,False,True,False,False,0.3680555555555556,0.2847222222222222,0.2847222222222222
2025-07-09,down,10,160,0.4616384915474642,192.25,3,22974.0,23008.5,34.5,0.17945383615084526,1.5724637681159421,0.36231884057971014,True,False,False,False,-1.0,-1.0,-1.0
2025-07-11,up,150,240,0.38801261829652994,158.5,2,23008.75,22960.0,48.75,0.30757097791798105,0.26153846153846155,0.20512820512820512,True,False,False,False,-1.0,-1.0,-1.0
2025-07-18,down,150,200,0.3677536231884058,138.0,3,23193.75,23222.75,29.0,0.21014492753623187,0.75,0.1896551724137931,True,False,False,False,-1.0,-1.0,-1.0
2025-07-24,up,160,200,0.312625250501002,124.75,1,23397.5,23384.0,13.5,0.10821643286573146,1.8888888888888888,0.0,True,False,False,False,-1.0,-1.0,-1.0
2025-07-25,up,55,80,0.27411167512690354,98.5,2,23421.0,23402.25,18.75,0.19035532994923857,0.44,2.933333333333333,False,True,True,False,0.44,1.7533333333333334,0.08
2025-07-29,down,20,125,0.38039673278879815,214.25,2,23454.5,23519.75,65.25,0.3045507584597433,0.24904214559386972,0.034482758620689655,True,False,False,False,-1.0,-1.0,-1.0
2025-07-30,up,20,185,0.2883116883116883,96.25,4,23542.5,23519.25,23.25,0.24155844155844156,0.1935483870967742,0.3655913978494624,True,True,False,False,0.1935483870967742,-1.0,-1.0
2025-07-31,down,15,140,0.49767441860465117,268.75,5,23577.0,23617.0,40.0,0.14883720930232558,2.34375,6.7875,False,True,True,True,2.34375,4.0234375,5.703125
2025-08-05,down,0,130,0.39383259911894275,283.75,2,23169.5,23225.25,55.75,0.19647577092511012,1.0044843049327354,0.5829596412556054,True,False,False,False,-1.0,-1.0,-1.0
2025-08-07,down,25,125,0.254739336492891,211.0,1,23468.0,23513.75,45.75,0.21682464454976302,0.17486338797814208,3.0382513661202184,False,True,True,True,0.17486338797814208,1.3278688524590163,2.480874316939891
2025-08-08,up,0,185,0.2943661971830986,177.5,2,23683.0,23655.25,27.75,0.1563380281690141,0.8828828828828829,1.4774774774774775,False,True,False,False,0.8828828828828829,1.135135135135135,1.135135135135135
2025-08-11,down,230,275,0.26991869918699185,153.75,1,23677.75,23692.25,14.5,0.0943089430894309,1.8620689655172413,6.224137931034483,False,True,True,False,1.8620689655172413,4.512931034482759,2.706896551724138
2025-08-13,down,30,80,0.37446808510638296,176.25,1,23925.25,23958.25,33.0,0.18723404255319148,1.0,1.1893939393939394,True,True,False,False,1.0,-1.0,-1.0
2025-08-19,down,5,80,0.29296875,256.0,1,23562.5,23589.5,27.0,0.10546875,1.7777777777777777,5.055555555555555,False,True,True,False,1.7777777777777777,4.148148148148148,3.4166666666666665
2025-08-22,up,30,150,0.3211473565804274,444.5,5,23554.25,23507.25,47.0,0.10573678290213723,2.0372340425531914,1.5053191489361701,False,False,False,False,0.22872340425531915,0.22872340425531915,0.22872340425531915
2025-08-25,up,15,275,0.3916184971098266,173.0,2,23568.25,23548.5,19.75,0.11416184971098266,2.430379746835443,0.26582278481012656,True,False,False,False,-1.0,-1.0,-1.0
2025-08-27,up,5,65,0.27766990291262134,128.75,1,23605.5,23580.5,25.0,0.1941747572815534,0.43,0.0,True,False,False,False,-1.0,-1.0,-1.0
2025-08-29,down,160,295,0.3234750462107209,270.5,1,23463.5,23485.0,21.5,0.07948243992606285,3.0697674418604652,0.8837209302325582,True,False,False,False,-1.0,-1.0,-1.0
2025-09-05,down,5,85,0.41309823677581864,397.0,2,23619.0,23669.0,50.0,0.12594458438287154,2.28,0.665,True,False,False,False,-1.0,-1.0,-1.0
2025-09-08,up,10,55,0.37849462365591396,116.25,1,23876.25,23844.0,32.25,0.27741935483870966,0.3643410852713178,0.26356589147286824,True,False,False,False,-1.0,-1.0,-1.0
2025-09-10,down,170,215,0.287109375,128.0,2,23882.0,23909.25,27.25,0.212890625,0.3486238532110092,3.5596330275229358,False,True,True,True,0.3486238532110092,1.5229357798165137,2.697247706422018
2025-09-11,up,5,40,0.40816326530612246,110.25,2,24016.75,23975.0,41.75,0.3786848072562358,0.07784431137724551,0.7005988023952096,False,True,False,False,0.07784431137724551,-0.12574850299401197,-0.12574850299401197
2025-09-12,up,0,60,0.3333333333333333,114.0,1,24093.0,24077.5,15.5,0.13596491228070176,1.4516129032258065,0.20967741935483872,True,False,False,False,-1.0,-1.0,-1.0
2025-09-15,up,30,65,0.3094059405940594,101.0,2,24506.75,24482.5,24.25,0.2400990099009901,0.28865979381443296,2.0618556701030926,False,True,True,False,0.28865979381443296,1.3298969072164948,1.9175257731958764
2025-09-16,down,30,60,0.35195530726256985,89.5,3,24514.25,24542.5,28.25,0.31564245810055863,0.11504424778761062,0.5309734513274337,True,True,False,False,0.11504424778761062,-1.0,-1.0
2025-09-17,down,10,65,0.29981718464351004,136.75,3,24408.25,24445.0,36.75,0.2687385740402194,0.11564625850340136,0.9115646258503401,True,True,False,False,0.11564625850340136,-1.0,-1.0
2025-09-18,up,45,105,0.43843498273878023,217.25,1,24759.75,24720.75,39.0,0.17951668584579977,1.4423076923076923,0.9487179487179487,True,False,False,False,-1.0,-1.0,-1.0
2025-09-19,up,115,180,0.3137254901960784,127.5,1,24813.75,24795.5,18.25,0.14313725490196078,1.1917808219178083,4.068493150684931,False,True,True,False,1.1917808219178083,2.9383561643835616,2.5616438356164384
2025-09-23,down,95,220,0.28680479825517996,229.25,1,24810.5,24846.25,35.75,0.1559432933478735,0.8391608391608392,0.7412587412587412,False,False,False,False,-0.5874125874125874,-0.5874125874125874,-0.5874125874125874
2025-09-24,down,40,195,0.48484848484848486,272.25,3,24708.25,24759.0,50.75,0.18640955004591367,1.6009852216748768,0.5024630541871922,False,False,False,False,-0.6157635467980296,-0.6157635467980296,-0.6157635467980296
2025-09-25,up,15,40,0.31163287086446106,234.25,2,24650.75,24583.75,67.0,0.28601921024546423,0.08955223880597014,0.6865671641791045,True,True,False,False,0.08955223880597014,-1.0,-1.0
2025-09-29,down,80,215,0.3152639087018545,175.25,1,24842.25,24855.5,13.25,0.07560627674750357,3.169811320754717,0.0,True,False,False,False,-1.0,-1.0,-1.0
2025-10-02,down,30,60,0.33951497860199714,175.25,1,25029.25,25053.25,24.0,0.1369472182596291,1.4791666666666667,1.1875,True,False,False,False,-1.0,-1.0,-1.0
2025-10-07,down,5,15,0.3141025641025641,78.0,1,25192.75,25211.25,18.5,0.23717948717948717,0.32432432432432434,11.243243243243244,False,True,True,True,0.32432432432432434,1.3783783783783783,2.4324324324324325
2025-10-09,down,0,210,0.33477011494252873,174.0,1,25197.25,25219.0,21.75,0.125,1.6781609195402298,0.6781609195402298,True,False,False,False,-1.0,-1.0,-1.0
2025-10-10,down,25,85,0.33112582781456956,717.25,1,24827.0,24908.25,81.25,0.11327988846287905,1.9230769230769231,5.449230769230769,False,True,True,False,1.9230769230769231,4.13,5.227692307692307
2025-10-13,up,105,195,0.3006396588486141,234.5,1,24902.0,24888.5,13.5,0.057569296375266525,4.222222222222222,4.666666666666667,True,True,False,False,4.222222222222222,-1.0,-1.0
2025-10-16,down,70,280,0.3306902985074627,536.0,2,24756.5,24820.75,64.25,0.11986940298507463,1.7587548638132295,0.9961089494163424,True,False,False,False,-1.0,-1.0,-1.0
2025-10-22,down,5,110,0.4493006993006993,286.0,5,25022.75,25131.75,109.0,0.3811188811188811,0.17889908256880735,2.0,False,True,True,True,0.17889908256880735,0.8348623853211009,1.4908256880733946
2025-10-23,up,5,80,0.41575757575757577,206.25,2,25197.0,25119.5,77.5,0.37575757575757573,0.1064516129032258,1.1741935483870967,False,True,True,False,0.1064516129032258,0.771774193548387,0.7225806451612903
2025-10-24,up,140,270,0.30141843971631205,141.0,3,25555.0,25528.25,26.75,0.18971631205673758,0.5887850467289719,0.4392523364485981,True,False,False,False,-1.0,-1.0,-1.0
2025-10-28,up,120,130,0.3960923623445826,140.75,1,26117.5,26091.0,26.5,0.1882770870337478,1.1037735849056605,4.30188679245283,False,True,True,True,1.1037735849056605,2.431603773584906,3.759433962264151
2025-10-30,down,285,320,0.2651704073150457,300.75,2,25908.0,25961.5,53.5,0.1778886118038238,0.49065420560747663,0.7289719626168224,False,True,False,False,0.49065420560747663,0.6728971962616822,0.6728971962616822
2025-10-31,down,85,255,0.4223652453740949,310.75,1,25998.5,26020.0,21.5,0.06918744971842317,5.104651162790698,0.7325581395348837,True,False,False,False,-1.0,-1.0,-1.0
2025-11-03,down,0,55,0.3852295409181637,250.5,2,26052.25,26112.0,59.75,0.23852295409181637,0.6150627615062761,0.14644351464435146,True,False,False,False,-1.0,-1.0,-1.0
2025-11-04,down,105,155,0.3641791044776119,251.25,2,25653.0,25733.75,80.75,0.32139303482587067,0.13312693498452013,1.3498452012383901,False,True,True,False,0.13312693498452013,0.9109907120743034,0.9287925696594427
2025-11-06,down,5,255,0.49334016393442626,488.0,2,25381.25,25438.5,57.25,0.1173155737704918,3.2052401746724892,2.703056768558952,False,False,False,False,2.148471615720524,2.148471615720524,2.148471615720524
2025-11-10,down,25,50,0.3414322250639386,195.5,1,25490.5,25537.75,47.25,0.24168797953964194,0.4126984126984127,0.8148148148148148,True,True,False,False,0.4126984126984127,-1.0,-1.0
2025-11-11,down,0,85,0.3611940298507463,167.5,3,25510.25,25539.0,28.75,0.17164179104477612,1.1043478260869566,0.12173913043478261,True,False,False,False,-1.0,-1.0,-1.0
2025-11-12,down,20,105,0.2996575342465753,292.0,1,25528.0,25576.25,48.25,0.16523972602739725,0.8134715025906736,0.03626943005181347,True,False,False,False,-1.0,-1.0,-1.0
2025-11-13,down,15,320,0.2852852852852853,499.5,4,25040.75,25145.0,104.25,0.2087087087087087,0.3669064748201439,0.004796163069544364,False,False,False,False,-0.5683453237410072,-0.5683453237410072,-0.5683453237410072
2025-11-14,up,5,160,0.25777444735856125,667.25,2,25220.25,25121.25,99.0,0.14837017609591607,0.7373737373737373,0.007575757575757576,True,False,False,False,-1.0,-1.0,-1.0
2025-11-19,down,120,165,0.37525987525987525,481.0,1,24629.5,24687.5,58.0,0.12058212058212059,2.1120689655172415,0.728448275862069,True,False,False,False,-1.0,-1.0,-1.0
2025-11-25,up,80,260,0.267574931880109,458.75,2,24998.25,24938.0,60.25,0.13133514986376021,1.037344398340249,2.2738589211618256,False,True,False,False,1.037344398340249,1.3568464730290457,1.3568464730290457
2025-11-26,up,30,110,0.2590299277605779,242.25,1,25342.25,25313.25,29.0,0.1197110423116615,1.1637931034482758,0.9310344827586207,True,False,False,False,-1.0,-1.0,-1.0
2025-12-03,up,0,30,0.31196581196581197,175.5,2,25596.75,25550.75,46.0,0.2621082621082621,0.19021739130434784,0.005434782608695652,True,False,False,False,-1.0,-1.0,-1.0
2025-12-08,down,30,180,0.3838951310861423,267.0,6,25612.25,25696.25,84.0,0.3146067415730337,0.22023809523809523,0.5654761904761905,False,True,False,False,0.22023809523809523,-0.6726190476190477,-0.6726190476190477
2025-12-09,up,10,145,0.25289017341040465,173.0,2,25717.75,25689.25,28.5,0.16473988439306358,0.5350877192982456,0.631578947368421,True,True,False,False,0.5350877192982456,-1.0,-1.0
2025-12-18,up,0,70,0.27562189054726366,251.25,2,25393.25,25343.25,50.0,0.19900497512437812,0.385,0.375,True,False,False,False,-1.0,-1.0,-1.0
2025-12-29,down,115,195,0.47368421052631576,171.0,2,25699.75,25729.0,29.25,0.17105263157894737,1.7692307692307692,0.5555555555555556,True,False,False,False,-1.0,-1.0,-1.0
2025-12-31,down,20,95,0.43478260869565216,149.5,2,25571.75,25607.5,35.75,0.2391304347826087,0.8181818181818182,0.1048951048951049,True,False,False,False,-1.0,-1.0,-1.0
2026-01-02,down,25,70,0.26176470588235295,510.0,1,25366.0,25427.25,61.25,0.12009803921568628,1.1795918367346938,1.6448979591836734,True,True,False,False,1.1795918367346938,-1.0,-1.0
2026-01-05,up,0,100,0.37905604719764013,169.5,1,25671.0,25643.75,27.25,0.1607669616519174,1.3577981651376148,0.07339449541284404,True,False,False,False,-1.0,-1.0,-1.0
2026-01-14,down,15,75,0.38269680436477005,320.75,3,25477.0,25592.25,115.25,0.3593141075604053,0.0650759219088937,0.4880694143167028,True,True,False,False,0.0650759219088937,-1.0,-1.0
2026-01-20,up,0,55,0.48586118251928023,194.5,2,25404.25,25333.75,70.5,0.36246786632390743,0.3404255319148936,0.3617021276595745,True,True,False,False,0.3404255319148936,-1.0,-1.0
2026-01-26,up,20,165,0.271259418729817,232.25,1,25900.0,25873.5,26.5,0.11410118406889128,1.3773584905660377,1.2169811320754718,True,False,False,False,-1.0,-1.0,-1.0
2026-01-27,up,5,170,0.3627968337730871,189.5,7,26085.0,26038.0,47.0,0.24802110817941952,0.4627659574468085,0.6223404255319149,False,True,False,False,0.4627659574468085,-0.19148936170212766,-0.19148936170212766
2026-01-28,down,0,110,0.31335830212234705,200.25,2,26125.25,26163.5,38.25,0.19101123595505617,0.6405228758169934,0.38562091503267976,True,False,False,False,-1.0,-1.0,-1.0
2026-01-30,down,45,180,0.30707070707070705,371.25,2,25604.5,25682.75,78.25,0.21077441077441078,0.45686900958466453,0.054313099041533544,True,False,False,False,-1.0,-1.0,-1.0
2026-02-18,up,20,210,0.3893687707641196,376.25,1,25030.25,24981.75,48.5,0.12890365448504984,2.020618556701031,0.07731958762886598,True,False,False,False,-1.0,-1.0,-1.0
2026-02-20,up,20,75,0.37364425162689807,461.0,5,25124.5,24967.25,157.25,0.3411062906724512,0.09538950715421304,0.03815580286168521,True,False,False,False,-1.0,-1.0,-1.0
2026-02-23,down,10,125,0.32594086021505375,372.0,3,24681.5,24789.25,107.75,0.2896505376344086,0.12529002320185614,0.037122969837587005,True,False,False,False,-1.0,-1.0,-1.0
2026-02-26,down,0,65,0.4659031754294638,480.25,2,25017.75,25085.5,67.75,0.14107235814679855,2.302583025830258,1.9040590405904059,True,False,False,False,-1.0,-1.0,-1.0
2026-02-27,up,10,60,0.3267223382045929,239.5,1,25005.5,24943.25,62.25,0.2599164926931106,0.2570281124497992,0.060240963855421686,True,False,False,False,-1.0,-1.0,-1.0
2026-03-03,up,75,110,0.2796780684104628,372.75,1,24697.0,24620.5,76.5,0.2052313883299799,0.3627450980392157,0.19934640522875818,True,False,False,False,-1.0,-1.0,-1.0
2026-03-06,up,0,65,0.3766122098022356,290.75,1,24858.0,24790.0,68.0,0.23387790197764402,0.6102941176470589,1.0036764705882353,True,True,False,False,0.6102941176470589,-1.0,-1.0
2026-03-10,up,5,120,0.3511647972389991,289.75,2,25154.0,25080.25,73.75,0.2545297670405522,0.37966101694915255,0.8610169491525423,True,True,False,False,0.37966101694915255,-1.0,-1.0
2026-03-11,down,0,215,0.3629690048939641,306.5,3,24920.0,24984.75,64.75,0.21125611745513867,0.7181467181467182,0.4826254826254826,True,False,False,False,-1.0,-1.0,-1.0
2026-03-13,down,10,50,0.3129548762736536,343.5,2,24479.5,24569.25,89.75,0.2612809315866084,0.1977715877437326,1.4373259052924792,False,True,True,False,0.1977715877437326,1.1545961002785516,0.9080779944289693
2026-03-18,down,160,285,0.2526115859449193,263.25,1,24738.25,24801.5,63.25,0.2402659069325736,0.05138339920948617,1.5256916996047432,False,True,True,False,0.05138339920948617,1.091897233201581,1.3715415019762847
2026-03-20,down,20,115,0.4826923076923077,260.0,2,24305.5,24356.75,51.25,0.1971153846153846,1.448780487804878,6.521951219512195,False,True,True,True,1.448780487804878,2.7170731707317075,3.9853658536585366
2026-03-23,down,85,145,0.30799475753604194,381.5,2,24368.75,24426.0,57.25,0.15006553079947577,1.0524017467248907,1.0043668122270741,True,False,False,False,-1.0,-1.0,-1.0
2026-03-26,down,60,90,0.39738562091503266,191.25,1,24081.0,24127.25,46.25,0.24183006535947713,0.6432432432432432,6.616216216216216,False,True,True,True,0.6432432432432432,1.677027027027027,2.710810810810811
2026-03-31,up,125,215,0.25725725725725723,499.5,2,23820.25,23747.5,72.75,0.14564564564564564,0.7663230240549829,2.1305841924398625,False,True,False,False,0.7663230240549829,1.2302405498281788,1.2302405498281788
2026-04-01,up,5,15,0.37888198757763975,201.25,1,24233.75,24168.25,65.5,0.32546583850931676,0.16412213740458015,1.748091603053435,True,True,True,True,0.16412213740458015,0.9322519083969466,1.700381679389313
2026-04-02,up,0,140,0.3554140127388535,588.75,5,24150.25,24057.5,92.75,0.15753715498938428,1.256064690026954,0.8140161725067385,False,False,False,False,0.7601078167115903,0.7601078167115903,0.7601078167115903
2026-04-08,down,10,35,0.36349574632637277,323.25,1,24990.25,25044.0,53.75,0.1662799690641918,1.186046511627907,0.21395348837209302,True,False,False,False,-1.0,-1.0,-1.0
2026-04-09,up,60,70,0.3401273885350318,196.25,1,25125.75,25090.0,35.75,0.1821656050955414,0.8671328671328671,4.027972027972028,False,True,True,True,0.8671328671328671,2.2395104895104896,3.611888111888112
2026-04-10,down,85,125,0.3827993254637437,148.25,2,25250.5,25301.5,51.0,0.3440134907251265,0.11274509803921569,0.553921568627451,True,True,False,False,0.11274509803921569,-1.0,-1.0
2026-04-13,up,25,65,0.32004981320049813,200.75,2,25340.5,25296.5,44.0,0.2191780821917808,0.4602272727272727,0.08522727272727272,True,False,False,False,-1.0,-1.0,-1.0
2026-04-15,up,0,10,0.27126099706744866,170.5,1,26145.0,26106.5,38.5,0.22580645161290322,0.2012987012987013,2.7662337662337664,True,True,True,True,0.2012987012987013,1.3084415584415585,2.4155844155844157
2026-04-16,up,35,85,0.2644859813084112,267.5,2,26533.25,26472.25,61.0,0.22803738317757008,0.1598360655737705,0.5040983606557377,True,True,False,False,0.1598360655737705,-1.0,-1.0
2026-04-17,up,0,95,0.34545454545454546,247.5,1,26840.0,26791.5,48.5,0.19595959595959597,0.7628865979381443,0.9226804123711341,True,True,False,False,0.7628865979381443,-1.0,-1.0
2026-04-20,down,10,25,0.279445727482679,216.5,1,26637.75,26671.75,34.0,0.15704387990762125,0.7794117647058824,2.0294117647058822,True,True,False,False,0.7794117647058824,-1.0,-1.0
2026-04-22,up,5,40,0.33889602053915274,194.75,1,26975.25,26940.25,35.0,0.1797175866495507,0.8857142857142857,3.3642857142857143,False,True,True,False,0.8857142857142857,2.2767857142857144,2.992857142857143
2026-04-23,down,155,175,0.2510566356720203,295.75,1,26870.75,26934.25,63.5,0.2147083685545224,0.16929133858267717,0.0,True,False,False,False,-1.0,-1.0,-1.0
2026-04-27,up,180,280,0.3486725663716814,141.25,1,27413.75,27390.5,23.25,0.16460176991150444,1.118279569892473,1.7634408602150538,False,True,False,False,1.118279569892473,1.3440860215053763,1.3440860215053763
