date,direction,is_first,minutes_after_ib,close_through,disp_ratio,impulse_bars,opposite_touched_first,fvg_present,fvg_size,mfe,retest,retest_minutes,resumed_after_retest,failed,failed_minutes,failed_before_05,cisd,cisd_minutes,reached_mid_after,reached_opposite_after,cisd_then_mid,cisd_then_opposite,fvg_revisited,fvg_held,eod_beyond_edge,s1_breakout_r,s2_retest_filled,s2_retest_r05,s2_retest_r10,s3_cisd_fade_r,ib_range,ib_range_pctile,gap_dir,dow,ext_0.25,ext_0.5,ext_1.0,ext_1.5,ext_2.0,disp_q,close_through_b,time_b,ib_width_q,dow_name
2021-04-29,down,True,0,0.03231597845601436,2.144262295081967,2,False,True,0.12746858168761221,0.7396768402154399,True,10.0,True,True,10.0,True,True,240.0,False,False,False,False,True,False,False,-0.5126475548060708,True,1.0,-0.48114901256732495,0.02824858757062147,139.25,1.0,,3,True,True,False,False,False,Q3,<0.05R,10:30-11:00,widest,Thu
2021-04-30,down,True,200,0.0070921985815602835,2.857142857142857,4,True,True,0.12529550827423167,0.14657210401891252,True,10.0,False,True,15.0,True,False,,False,False,False,False,True,False,False,-0.3962703962703963,True,-0.3877068557919622,-0.3877068557919622,,105.75,0.7619047619047619,,4,False,False,False,False,False,Q4_strong,<0.05R,after 13:30,wide,Fri
2021-05-03,down,True,20,0.012953367875647668,2.660633484162896,4,False,True,0.27202072538860106,0.8186528497409327,True,5.0,True,False,,False,False,,False,False,False,False,False,False,True,1.196969696969697,True,1.0,1.2538860103626943,,96.5,0.6818181818181818,,0,True,True,False,False,False,Q4_strong,<0.05R,10:30-11:00,wide,Mon
2021-05-04,down,True,15,0.0171990171990172,1.266490765171504,2,False,True,0.04791154791154791,0.5515970515970516,True,5.0,True,True,290.0,False,True,310.0,False,False,False,False,True,False,False,-0.5106888361045131,True,1.0,-0.49385749385749383,,203.5,1.0,,1,True,True,False,False,False,Q2,<0.05R,10:30-11:00,widest,Tue
2021-05-05,down,True,270,0.03302752293577982,2.0710059171597637,3,False,True,0.044036697247706424,0.48807339449541287,True,5.0,True,False,,False,False,,False,False,False,False,False,False,True,0.423407917383821,True,0.5174311926605505,0.5174311926605505,,136.25,0.9166666666666666,,2,True,False,False,False,False,Q3,<0.05R,after 13:30,widest,Wed
2021-05-06,up,True,60,0.12058212058212059,1.5994623655913978,4,False,True,0.19750519750519752,0.7879417879417879,True,130.0,True,True,140.0,False,False,,False,False,False,False,True,True,True,0.9782244556113903,True,1.0,1.4553014553014554,,120.25,0.8,,3,True,True,False,False,False,Q3,0.05-0.15R,11:00-12:00,wide,Thu
2021-05-10,down,True,0,0.02572347266881029,0.8562300319488818,3,False,True,0.0819935691318328,0.9630225080385852,True,5.0,True,True,5.0,True,False,,False,False,False,False,True,False,True,1.7370030581039755,True,1.0,1.8778135048231512,,155.5,0.9629629629629629,,0,True,True,False,False,False,Q1_weak,<0.05R,10:30-11:00,widest,Mon
2021-05-11,up,True,50,0.015444015444015444,0.38095238095238093,4,False,True,0.2097812097812098,0.4980694980694981,True,20.0,True,True,20.0,True,False,,False,False,False,False,True,False,True,0.6192259675405742,True,0.6692406692406693,0.6692406692406693,,194.25,0.9642857142857143,,1,True,False,False,False,False,Q1_weak,<0.05R,11:00-12:00,widest,Tue
2021-05-12,down,True,0,0.09864603481624758,0.7784431137724551,2,False,False,,1.1025145067698259,True,5.0,True,True,45.0,False,False,,False,False,False,False,False,False,True,1.505654281098546,True,1.0,2.0,,129.25,0.7931034482758621,,2,True,True,True,False,False,Q1_weak,0.05-0.15R,10:30-11:00,wide,Wed
2021-05-13,down,True,70,0.1732283464566929,3.594976452119309,1,True,True,0.12992125984251968,0.7047244094488189,True,5.0,True,True,10.0,True,True,30.0,True,False,True,False,True,False,False,-1.0,True,1.0,-1.0,-1.0,127.0,0.7666666666666667,,3,True,True,False,False,False,Q4_strong,0.15-0.30R,11:00-12:00,wide,Thu
2021-05-14,up,True,0,0.0199501246882793,1.6255707762557077,2,False,True,0.034912718204488775,1.1695760598503742,True,5.0,True,True,5.0,True,False,,False,False,False,False,True,False,True,1.8848920863309353,True,1.0,2.0,,100.25,0.5161290322580645,,4,True,True,True,False,False,Q3,<0.05R,10:30-11:00,mid,Fri
2021-05-17,down,True,95,0.04739336492890995,0.6791569086651054,1,False,False,,0.518957345971564,True,5.0,True,True,10.0,True,True,10.0,True,False,True,False,False,False,False,-1.0,True,1.0,-1.0,-1.0,105.5,0.5625,,0,True,True,False,False,False,Q1_weak,<0.05R,12:00-13:30,mid,Mon
2021-05-18,up,True,0,0.0696969696969697,0.4339622641509434,6,False,True,0.18787878787878787,0.1696969696969697,True,5.0,True,True,10.0,True,True,230.0,True,True,True,True,True,False,False,-1.0,True,-1.0,-1.0,0.08732394366197183,82.5,0.36363636363636365,,1,False,False,False,False,False,Q1_weak,0.05-0.15R,10:30-11:00,narrow,Tue
2021-05-18,down,False,240,0.3181818181818182,4.941634241245136,4,True,True,0.2545454545454545,1.1666666666666667,True,60.0,True,True,60.0,False,False,,False,False,False,False,True,False,True,0.8333333333333334,True,1.0,2.0,,82.5,0.36363636363636365,,1,True,True,True,False,False,Q4_strong,>0.30R,after 13:30,narrow,Tue
2021-05-19,up,True,20,0.08317214700193423,1.154518950437318,3,False,True,0.11218568665377177,1.11605415860735,True,5.0,True,True,5.0,True,False,,False,False,False,False,True,False,True,1.572139303482587,True,1.0,2.0,,129.25,0.8088235294117647,,2,True,True,True,False,False,Q2,0.05-0.15R,10:30-11:00,widest,Wed
2021-05-20,up,True,0,0.06927175843694494,0.9152542372881356,2,False,True,0.03197158081705151,0.7158081705150977,True,5.0,True,True,5.0,True,False,,False,False,False,False,True,False,True,0.6833073322932918,True,1.0,0.91651865008881,,140.75,0.8857142857142857,,3,True,True,False,False,False,Q1_weak,0.05-0.15R,10:30-11:00,widest,Thu
2021-05-21,down,True,5,0.007978723404255319,1.588888888888889,1,False,False,,0.8537234042553191,True,5.0,True,True,40.0,True,False,,False,False,False,False,False,False,True,1.387434554973822,True,1.0,1.425531914893617,,94.0,0.4166666666666667,,4,True,True,False,False,False,Q3,<0.05R,10:30-11:00,mid,Fri
2021-05-24,up,True,5,0.04835924006908463,1.0133079847908746,2,False,False,,0.3298791018998273,True,5.0,True,True,10.0,True,True,10.0,False,False,False,False,False,False,False,-0.09763779527559055,True,-0.010362694300518135,-0.010362694300518135,-1.0,144.75,0.8918918918918919,,0,True,False,False,False,False,Q2,<0.05R,10:30-11:00,widest,Mon
2021-05-25,down,True,0,0.0625,3.7033492822966503,1,False,True,0.11647727272727272,0.4289772727272727,True,5.0,True,True,5.0,True,True,15.0,False,False,False,False,True,False,False,-0.3484848484848485,True,-0.26704545454545453,-0.26704545454545453,-1.0,88.0,0.3684210526315789,,1,True,False,False,False,False,Q4_strong,0.05-0.15R,10:30-11:00,mid,Tue
2021-05-26,up,True,35,0.052132701421800945,0.6975524475524476,1,False,False,,0.3033175355450237,True,5.0,True,True,15.0,True,True,15.0,True,False,True,False,False,False,False,-1.0,True,-1.0,-1.0,-1.0,52.75,0.02564102564102564,,2,True,False,False,False,False,Q1_weak,0.05-0.15R,11:00-12:00,narrowest,Wed
2021-05-27,up,True,0,0.2017167381974249,1.6314847942754918,2,False,True,0.22317596566523606,0.31759656652360513,True,20.0,False,True,20.0,True,True,20.0,True,False,True,False,True,False,False,-1.0,True,-1.0,-1.0,0.8767123287671232,58.25,0.05,,3,True,False,False,False,False,Q3,0.15-0.30R,10:30-11:00,narrowest,Thu
2021-05-28,up,True,70,0.1270718232044199,1.4316702819956615,3,False,True,0.06629834254143646,0.5248618784530387,True,95.0,False,True,100.0,False,True,105.0,True,True,True,True,True,True,False,-1.0,True,-1.0,-1.0,0.7358490566037735,45.25,0.024390243902439025,,4,True,True,False,False,False,Q2,0.05-0.15R,11:00-12:00,narrowest,Fri
2021-05-28,down,False,325,0.08839779005524862,0.8421052631578947,2,True,True,0.3701657458563536,0.0,False,,False,False,,False,False,,False,False,False,False,False,False,False,,False,,,,45.25,0.024390243902439025,,4,False,False,False,False,False,Q1_weak,0.05-0.15R,after 13:30,narrowest,Fri
2021-06-01,down,True,20,0.11091854419410745,1.4011834319526628,2,False,True,0.1438474870017331,0.2530329289428076,True,20.0,False,True,20.0,True,True,45.0,False,False,False,False,True,False,False,-0.4340425531914894,True,-0.30849220103986136,-0.30849220103986136,-0.15770609318996415,144.25,0.8809523809523809,,1,True,False,False,False,False,Q2,0.05-0.15R,10:30-11:00,widest,Tue
2021-06-02,down,True,170,0.42290748898678415,8.989547038327526,3,True,True,0.4185022026431718,0.8546255506607929,True,140.0,False,True,140.0,False,True,155.0,False,False,False,False,True,False,False,-0.8878281622911695,True,-0.7929515418502202,-0.7929515418502202,,56.75,0.06976744186046512,,2,True,True,False,False,False,Q4_strong,>0.30R,12:00-13:30,narrowest,Wed
2021-06-03,up,True,25,0.08372093023255814,2.395973154362416,3,False,True,0.25813953488372093,0.3697674418604651,True,20.0,False,True,20.0,True,False,,False,False,False,False,True,False,False,-0.8047808764940239,True,-0.772093023255814,-0.772093023255814,,107.5,0.6136363636363636,,3,True,False,False,False,False,Q4_strong,0.05-0.15R,10:30-11:00,wide,Thu
2021-06-04,up,True,45,0.060240963855421686,1.3578500707213579,1,False,True,0.03098106712564544,0.22719449225473323,True,20.0,True,True,45.0,True,False,,False,False,False,False,True,False,True,0.08602150537634409,True,0.21686746987951808,0.21686746987951808,,145.25,0.9111111111111111,,4,False,False,False,False,False,Q2,0.05-0.15R,11:00-12:00,widest,Fri
2021-06-07,up,True,260,0.052884615384615384,3.272727272727273,1,False,True,0.15865384615384615,0.8461538461538461,False,,False,False,,False,False,,False,False,False,False,True,True,True,1.2260869565217392,False,,,,52.0,0.043478260869565216,,0,True,True,False,False,False,Q4_strong,0.05-0.15R,after 13:30,narrowest,Mon
2021-06-08,down,True,0,0.047619047619047616,0.7886323268206039,4,False,True,0.026455026455026454,0.8571428571428571,True,5.0,True,True,10.0,True,False,,False,False,False,False,True,False,True,0.178743961352657,True,1.0,0.291005291005291,,94.5,0.46808510638297873,,1,True,True,False,False,False,Q1_weak,<0.05R,10:30-11:00,mid,Tue
2021-06-09,down,True,295,0.05063291139240506,3.4200743494423795,2,False,True,0.03481012658227848,0.2120253164556962,True,5.0,True,False,,False,False,,False,False,False,False,False,False,True,0.12643678160919541,True,0.24050632911392406,0.24050632911392406,,79.0,0.3333333333333333,,2,False,False,False,False,False,Q4_strong,0.05-0.15R,after 13:30,narrow,Wed
2021-06-11,down,True,30,0.0847457627118644,1.9223300970873785,2,False,False,,0.2033898305084746,True,5.0,False,True,5.0,True,True,15.0,True,True,True,True,False,False,False,-1.0,True,-1.0,-1.0,0.7603305785123967,44.25,0.02,,4,False,False,False,False,False,Q3,0.05-0.15R,10:30-11:00,narrowest,Fri
2021-06-11,up,False,320,0.022598870056497175,4.705882352941176,2,True,True,0.24858757062146894,0.2655367231638418,True,5.0,True,False,,False,False,,False,False,False,False,True,False,True,0.34594594594594597,True,0.4067796610169492,0.4067796610169492,,44.25,0.02,,4,True,False,False,False,False,Q4_strong,<0.05R,after 13:30,narrowest,Fri
2021-06-14,up,True,90,0.043478260869565216,1.92090395480226,1,False,True,0.046583850931677016,1.0683229813664596,True,30.0,True,True,30.0,True,False,,False,False,False,False,True,False,True,1.76,True,1.0,2.0,,80.5,0.35294117647058826,,0,True,True,True,False,False,Q3,<0.05R,11:00-12:00,narrow,Mon
2021-06-15,down,True,55,0.08582089552238806,2.214022140221402,2,False,True,0.0708955223880597,0.8171641791044776,True,30.0,True,True,30.0,True,False,,False,False,False,False,True,False,True,0.5732484076433121,True,1.0,0.8432835820895522,,67.0,0.22115384615384615,,1,True,True,False,False,False,Q3,0.05-0.15R,11:00-12:00,narrow,Tue
2021-06-16,down,True,60,0.07511737089201878,2.459016393442623,3,False,True,0.15023474178403756,3.9859154929577465,False,,False,False,,False,False,,False,False,False,False,False,False,True,1.6081632653061224,False,,,,53.25,0.09433962264150944,,2,True,True,True,True,True,Q4_strong,0.05-0.15R,11:00-12:00,narrowest,Wed
2021-06-17,up,True,0,0.10030395136778116,1.1904218928164196,5,False,True,0.07750759878419453,0.6231003039513677,True,25.0,True,True,110.0,False,False,,False,False,False,False,True,True,True,0.4379746835443038,True,1.0,0.7264437689969605,,164.5,0.9629629629629629,,3,True,True,False,False,False,Q2,0.05-0.15R,10:30-11:00,widest,Thu
2021-06-18,down,True,40,0.1752873563218391,2.2238918106686705,3,False,True,0.11206896551724138,0.39655172413793105,True,5.0,True,True,25.0,True,True,75.0,True,False,True,False,True,False,True,-1.0,True,-1.0,-1.0,-0.5981012658227848,87.0,0.43636363636363634,,4,True,False,False,False,False,Q3,0.15-0.30R,11:00-12:00,mid,Fri
2021-06-21,up,True,5,0.020703933747412008,0.6678476527900797,3,False,True,0.14906832298136646,0.5362318840579711,False,,False,False,,False,False,,False,False,False,False,False,False,True,0.7395626242544732,False,,,,120.75,0.6964285714285714,,0,True,True,False,False,False,Q1_weak,<0.05R,10:30-11:00,wide,Mon
2021-06-22,up,True,35,0.15162454873646208,1.5444785276073618,5,False,True,0.11552346570397112,1.48014440433213,False,,False,False,,False,False,,False,False,False,False,True,False,True,1.3019390581717452,False,,,,69.25,0.24561403508771928,,1,True,True,True,False,False,Q3,0.15-0.30R,11:00-12:00,narrow,Tue
2021-06-23,down,True,30,0.024291497975708502,2.548435171385991,2,False,True,0.06477732793522267,0.3603238866396761,True,5.0,True,True,10.0,True,True,40.0,True,False,True,False,True,False,False,-1.0,True,-1.0,-1.0,-1.0,61.75,0.13793103448275862,,2,True,False,False,False,False,Q4_strong,<0.05R,10:30-11:00,narrowest,Wed
2021-06-24,up,True,0,0.03361344537815126,0.4631578947368421,4,False,False,,0.31092436974789917,True,5.0,True,True,15.0,True,True,135.0,True,True,True,True,False,False,False,-1.0,True,-1.0,-1.0,0.95,59.5,0.13559322033898305,,3,True,False,False,False,False,Q1_weak,<0.05R,10:30-11:00,narrowest,Thu
2021-06-24,down,False,190,0.025210084033613446,0.5342237061769616,3,True,False,,0.2815126050420168,True,5.0,True,True,10.0,True,True,30.0,True,False,True,False,False,False,False,-1.0,True,-1.0,-1.0,-0.2702702702702703,59.5,0.13559322033898305,,3,True,False,False,False,False,Q1_weak,<0.05R,after 13:30,narrowest,Thu
2021-06-28,up,True,110,0.057534246575342465,2.114803625377643,2,False,True,0.0684931506849315,0.4136986301369863,True,10.0,True,True,25.0,True,True,35.0,False,False,False,False,True,False,True,0.47174447174447176,True,0.6410958904109589,0.6410958904109589,-1.0,91.25,0.5,,0,True,False,False,False,False,Q3,0.05-0.15R,12:00-13:30,mid,Mon
2021-06-29,up,True,105,0.07203389830508475,2.0555555555555554,3,False,True,0.046610169491525424,0.6313559322033898,False,,False,False,,False,False,,False,False,False,False,True,True,True,0.8962962962962963,False,,,,59.0,0.13333333333333333,,1,True,True,False,False,False,Q3,0.05-0.15R,12:00-13:30,narrowest,Tue
2021-07-01,down,True,40,0.1774193548387097,1.4600550964187329,4,False,True,0.27419354838709675,0.5967741935483871,True,40.0,False,True,40.0,False,True,175.0,True,False,True,False,True,False,False,-1.0,True,-1.0,-1.0,0.1455223880597015,62.0,0.2,,3,True,True,False,False,False,Q2,0.15-0.30R,11:00-12:00,narrow,Thu
2021-07-02,up,True,80,0.10326086956521739,1.7030567685589522,6,False,True,0.05434782608695652,1.3858695652173914,True,10.0,True,True,10.0,True,False,,False,False,False,False,True,False,True,1.4864864864864864,True,1.0,2.0,,46.0,0.05,,4,True,True,True,False,False,Q3,0.05-0.15R,11:00-12:00,narrowest,Fri
2021-07-06,down,True,0,0.20673076923076922,3.719298245614035,1,False,True,0.2932692307692308,2.168269230769231,True,5.0,True,True,10.0,True,True,290.0,True,False,True,False,True,True,False,1.1224489795918366,True,1.0,2.0,0.04852686308492201,52.0,0.075,,1,True,True,True,True,True,Q4_strong,0.15-0.30R,10:30-11:00,narrowest,Tue
2021-07-07,down,True,5,0.15869017632241814,1.0549313358302124,5,False,True,0.08816120906801007,0.5869017632241813,True,25.0,False,True,65.0,False,False,,False,False,False,False,True,False,False,-0.5124282982791587,True,-0.35768261964735515,-0.35768261964735515,,99.25,0.6,,2,True,True,False,False,False,Q2,0.15-0.30R,10:30-11:00,wide,Wed
2021-07-08,up,True,65,0.08558558558558559,1.5760869565217392,1,False,True,0.04504504504504504,0.9324324324324325,True,5.0,True,False,,False,False,,False,False,False,False,True,False,True,0.95,True,1.0,1.2837837837837838,,111.0,0.6666666666666666,,3,True,True,False,False,False,Q3,0.05-0.15R,11:00-12:00,wide,Thu
2021-07-09,up,True,10,0.04868913857677903,1.4251497005988025,3,False,True,0.26217228464419473,1.4569288389513109,True,5.0,True,False,,False,False,,False,False,False,False,True,False,True,1.733788395904437,True,1.0,2.0,,66.75,0.3,,4,True,True,True,False,False,Q2,<0.05R,10:30-11:00,narrow,Fri
2021-07-13,up,True,0,0.05518763796909492,0.6283783783783784,5,False,True,0.05739514348785872,0.3465783664459161,True,10.0,True,True,10.0,True,True,165.0,True,True,True,True,True,False,False,-1.0,True,-1.0,-1.0,0.6991643454038997,113.25,0.6666666666666666,,1,True,False,False,False,False,Q1_weak,0.05-0.15R,10:30-11:00,wide,Tue
2021-07-13,down,False,210,0.01545253863134658,5.098591549295775,1,True,True,0.10154525386313466,0.0772626931567329,True,5.0,False,True,5.0,True,True,25.0,True,False,True,False,True,False,False,-1.0,True,-1.0,-1.0,-0.563573883161512,113.25,0.6666666666666666,,1,False,False,False,False,False,Q4_strong,<0.05R,after 13:30,wide,Tue
2021-07-14,down,True,55,0.26639344262295084,3.286052009456265,2,False,True,0.319672131147541,1.1967213114754098,True,75.0,False,True,75.0,False,False,,False,False,False,False,False,False,True,0.9572192513368984,True,1.0,1.3278688524590163,,61.0,0.21666666666666667,,2,True,True,True,False,False,Q4_strong,0.15-0.30R,11:00-12:00,narrow,Wed
2021-07-15,down,True,15,0.1630901287553648,0.7099514563106797,2,False,True,0.07939914163090128,0.6652360515021459,True,5.0,True,True,20.0,True,False,,False,False,False,False,True,False,False,-0.3074433656957929,True,1.0,-0.0815450643776824,,116.5,0.6833333333333333,,3,True,True,False,False,False,Q1_weak,0.15-0.30R,10:30-11:00,wide,Thu
2021-07-16,down,True,30,0.032692307692307694,2.174757281553398,2,False,True,0.06538461538461539,0.6423076923076924,True,5.0,True,True,60.0,True,False,,False,False,False,False,True,False,True,0.8953068592057761,True,1.0,1.0192307692307692,,130.0,0.8,,4,True,True,False,False,False,Q3,<0.05R,10:30-11:00,wide,Fri
2021-07-19,down,True,180,0.006396588486140725,0.4819277108433735,5,True,True,0.02771855010660981,0.0767590618336887,True,5.0,False,True,5.0,True,True,30.0,True,False,True,False,True,False,False,-1.0,True,-1.0,-1.0,1.0047169811320755,117.25,0.7,,0,False,False,False,False,False,Q1_weak,<0.05R,12:00-13:30,wide,Mon
2021-07-20,up,True,10,0.1569620253164557,1.3800947867298576,3,False,True,0.11392405063291139,1.691139240506329,False,,False,False,,False,False,,False,False,False,False,True,True,True,1.283236994219653,False,,,,98.75,0.5333333333333333,,1,True,True,True,True,False,Q2,0.15-0.30R,10:30-11:00,mid,Tue
2021-07-21,up,True,30,0.10596026490066225,1.2237960339943343,2,False,True,0.046357615894039736,0.8576158940397351,True,30.0,True,True,40.0,True,True,115.0,False,False,False,False,True,False,True,1.1420765027322404,True,1.0,1.596026490066225,-1.0,75.5,0.31666666666666665,,2,True,True,False,False,False,Q2,0.05-0.15R,10:30-11:00,narrow,Wed
2021-07-22,up,True,5,0.09057971014492754,0.7158081705150977,3,False,True,0.06884057971014493,0.322463768115942,True,25.0,True,True,30.0,True,True,85.0,True,False,True,False,True,False,True,-1.0,True,-1.0,-1.0,-1.0,69.0,0.3,,3,True,False,False,False,False,Q1_weak,0.05-0.15R,10:30-11:00,narrow,Thu
2021-07-23,up,True,5,0.08156028368794327,1.56,3,False,True,0.07446808510638298,1.5957446808510638,True,5.0,True,True,5.0,True,False,,False,False,False,False,True,False,True,1.579268292682927,True,1.0,2.0,,70.5,0.3333333333333333,,4,True,True,True,True,False,Q3,0.05-0.15R,10:30-11:00,narrow,Fri
2021-07-26,up,True,5,0.02922077922077922,0.5652173913043479,2,False,True,0.06168831168831169,0.21753246753246752,True,5.0,True,True,5.0,True,True,10.0,False,False,False,False,True,False,False,-0.06134969325153374,True,-0.006493506493506494,-0.006493506493506494,-1.0,77.0,0.36666666666666664,,0,False,False,False,False,False,Q1_weak,<0.05R,10:30-11:00,narrow,Mon
2021-07-27,down,True,0,0.10593900481540931,3.389189189189189,1,False,True,0.2231139646869984,1.1364365971107544,True,325.0,False,False,,False,False,,False,False,False,False,False,False,True,1.4754966887417218,True,0.012841091492776886,0.012841091492776886,,155.75,0.95,,1,True,True,True,False,False,Q4_strong,0.05-0.15R,10:30-11:00,widest,Tue
2021-08-02,up,True,50,0.004597701149425287,0.19441069258809235,4,False,False,,0.06436781609195402,True,5.0,True,True,5.0,True,True,35.0,True,True,True,True,False,False,False,-1.0,True,-1.0,-1.0,1.3034825870646767,108.75,0.65,,0,False,False,False,False,False,Q1_weak,<0.05R,11:00-12:00,wide,Mon
2021-08-03,up,True,85,0.013675213675213675,1.5258040388930443,1,True,True,0.06153846153846154,0.28205128205128205,True,5.0,True,True,10.0,True,True,25.0,False,False,False,False,True,False,True,0.4425956738768719,True,0.48205128205128206,0.48205128205128206,-1.0,146.25,0.9,,1,True,False,False,False,False,Q2,<0.05R,11:00-12:00,widest,Tue
2021-08-04,up,True,150,0.07954545454545454,1.2807881773399015,2,True,True,0.16287878787878787,0.5833333333333334,True,130.0,False,True,135.0,False,False,,False,False,False,False,True,True,False,-0.1503267973856209,True,-0.015151515151515152,-0.015151515151515152,,66.0,0.26666666666666666,,2,True,True,False,False,False,Q2,0.05-0.15R,12:00-13:30,narrow,Wed
2021-08-05,up,True,20,0.25833333333333336,3.790769230769231,3,False,True,0.2,0.6541666666666667,False,,False,False,,False,False,,False,False,False,False,True,True,True,0.3901098901098901,False,,,,60.0,0.21666666666666667,,3,True,True,False,False,False,Q4_strong,0.15-0.30R,10:30-11:00,narrow,Thu
2021-08-06,down,True,15,0.12844036697247707,3.193548387096774,1,False,True,0.3577981651376147,0.8853211009174312,True,70.0,False,True,70.0,False,False,,False,False,False,False,True,False,False,-0.22627737226277372,True,-0.027522935779816515,-0.027522935779816515,,54.5,0.15,,4,True,True,False,False,False,Q4_strong,0.05-0.15R,10:30-11:00,narrowest,Fri
2021-08-09,up,True,240,0.07168458781362007,2.7777777777777777,4,False,True,0.13978494623655913,0.0967741935483871,True,10.0,False,True,10.0,True,True,80.0,False,False,False,False,True,False,False,-0.5266457680250783,True,-0.45878136200716846,-0.45878136200716846,-0.13333333333333333,69.75,0.38333333333333336,,0,False,False,False,False,False,Q4_strong,0.05-0.15R,after 13:30,mid,Mon
2021-08-10,down,True,0,0.6088709677419355,3.836065573770492,2,False,True,0.4112903225806452,1.625,False,,False,False,,False,False,,False,False,False,False,False,False,True,0.3527272727272727,False,,,,62.0,0.2916666666666667,,1,True,True,True,True,False,Q4_strong,>0.30R,10:30-11:00,narrow,Tue
2021-08-11,down,True,0,0.014534883720930232,1.0617696160267112,2,False,True,0.023255813953488372,0.813953488372093,True,5.0,True,True,10.0,True,False,,False,False,False,False,True,True,True,0.22598870056497175,True,1.0,0.2616279069767442,,86.0,0.5333333333333333,,2,True,True,False,False,False,Q2,<0.05R,10:30-11:00,mid,Wed
2021-08-12,up,True,0,0.10903426791277258,0.8095952023988006,6,False,True,0.028037383177570093,0.8598130841121495,False,,False,False,,False,False,,False,False,False,False,True,False,True,0.9411764705882353,False,,,,80.25,0.5,,3,True,True,False,False,False,Q1_weak,0.05-0.15R,10:30-11:00,mid,Thu
2021-08-16,down,True,20,0.03524229074889868,1.5505857294994676,1,False,False,,0.12041116005873716,True,5.0,True,True,10.0,True,True,40.0,True,True,True,True,False,False,False,-1.0,True,-1.0,-1.0,2.5324074074074074,170.25,1.0,,0,False,False,False,False,False,Q3,<0.05R,10:30-11:00,widest,Mon
2021-08-16,up,False,290,0.011747430249632892,2.182741116751269,3,True,True,0.027900146842878122,0.14537444933920704,True,5.0,True,True,15.0,True,False,,False,False,False,False,True,False,True,0.2266857962697274,True,0.2555066079295154,0.2555066079295154,,170.25,1.0,,0,False,False,False,False,False,Q3,<0.05R,after 13:30,widest,Mon
2021-08-17,up,True,10,0.08244680851063829,2.00990099009901,2,False,True,0.1276595744680851,0.1675531914893617,True,10.0,True,True,10.0,True,True,45.0,True,True,True,True,True,False,False,-1.0,True,-1.0,-1.0,0.4633333333333333,94.0,0.6333333333333333,,1,False,False,False,False,False,Q3,0.05-0.15R,10:30-11:00,wide,Tue
2021-08-17,down,False,85,0.08776595744680851,1.1867364746945899,2,True,True,0.17287234042553193,0.5452127659574468,True,10.0,True,True,15.0,True,True,190.0,True,False,True,False,True,False,False,-1.0,True,1.0,-1.0,0.14049586776859505,94.0,0.6333333333333333,,1,True,True,False,False,False,Q2,0.05-0.15R,11:00-12:00,wide,Tue
2021-08-18,down,True,220,0.17993079584775087,7.040816326530613,2,False,True,0.5224913494809689,1.698961937716263,True,10.0,True,True,10.0,False,False,,True,False,False,False,True,False,True,-1.0,True,-1.0,-1.0,,72.25,0.43333333333333335,,2,True,True,True,True,False,Q4_strong,0.15-0.30R,after 13:30,mid,Wed
2021-08-19,up,True,25,0.08997955010224949,2.1345291479820627,2,False,True,0.20245398773006135,0.9243353783231084,True,210.0,False,True,210.0,False,False,,False,False,False,False,True,True,True,0.4436741767764298,True,1.0,0.7034764826175869,,122.25,0.85,,3,True,True,False,False,False,Q3,0.05-0.15R,10:30-11:00,widest,Thu
2021-08-20,up,True,310,0.007547169811320755,0.15957446808510636,3,False,False,,0.06415094339622641,True,5.0,True,True,5.0,True,False,,False,False,False,False,False,False,False,-0.13382899628252787,True,-0.12075471698113208,-0.12075471698113208,,132.5,0.8666666666666667,,4,False,False,False,False,False,Q1_weak,<0.05R,after 13:30,widest,Fri
2021-08-23,up,True,0,0.015473887814313346,1.2366412213740459,1,False,False,,0.6460348162475822,True,5.0,True,False,,False,False,,False,False,False,False,False,False,True,0.7542213883677298,True,1.0,0.8085106382978723,,129.25,0.8333333333333334,,0,True,True,False,False,False,Q2,<0.05R,10:30-11:00,widest,Mon
2021-08-24,up,True,0,0.02643171806167401,0.4580152671755725,4,False,False,,0.1894273127753304,True,5.0,True,True,15.0,True,True,30.0,True,False,True,False,False,False,False,-1.0,True,-1.0,-1.0,-0.13274336283185842,56.75,0.14166666666666666,,1,False,False,False,False,False,Q1_weak,<0.05R,10:30-11:00,narrowest,Tue
2021-08-25,down,True,0,0.01744186046511628,0.7295597484276729,3,False,True,0.10465116279069768,0.4883720930232558,True,5.0,True,True,35.0,True,False,,True,False,False,False,True,False,False,-1.0,True,-1.0,-1.0,,43.0,0.016666666666666666,,2,True,False,False,False,False,Q1_weak,<0.05R,10:30-11:00,narrowest,Wed
2021-08-27,up,True,170,0.043697478991596636,3.558718861209964,2,False,True,0.03865546218487395,0.10084033613445378,True,40.0,True,True,40.0,True,True,60.0,False,False,False,False,True,False,False,-0.13292117465224113,True,-0.05714285714285714,-0.05714285714285714,-1.0,148.75,0.9166666666666666,,4,False,False,False,False,False,Q4_strong,<0.05R,12:00-13:30,widest,Fri
2021-08-30,up,True,0,0.07415254237288135,1.0929368029739777,4,False,True,0.014830508474576272,0.3771186440677966,True,10.0,True,True,45.0,True,False,,False,False,False,False,True,False,True,0.25461254612546125,True,0.4406779661016949,0.4406779661016949,,118.0,0.8,,0,True,False,False,False,False,Q2,0.05-0.15R,10:30-11:00,wide,Mon
2021-09-01,down,True,310,0.01948051948051948,0.46846846846846846,5,False,True,0.05194805194805195,0.24675324675324675,True,5.0,True,True,5.0,True,False,,False,False,False,False,False,False,True,0.225,True,0.2727272727272727,0.2727272727272727,,77.0,0.44166666666666665,,2,False,False,False,False,False,Q1_weak,<0.05R,after 13:30,mid,Wed
2021-09-02,down,True,105,0.09363295880149813,2.681318681318681,1,False,True,0.0749063670411985,0.951310861423221,True,5.0,True,True,15.0,True,False,,False,False,False,False,True,False,True,0.10094637223974763,True,1.0,0.30711610486891383,,66.75,0.2916666666666667,,3,True,True,False,False,False,Q4_strong,0.05-0.15R,12:00-13:30,narrow,Thu
2021-09-07,up,True,20,0.07258064516129033,0.48230668414154654,5,False,True,0.03225806451612903,0.5282258064516129,True,10.0,True,True,15.0,True,False,,True,False,False,False,True,False,True,-1.0,True,-1.0,-1.0,,62.0,0.23333333333333334,,1,True,True,False,False,False,Q1_weak,0.05-0.15R,10:30-11:00,narrow,Tue
2021-09-08,down,True,0,0.3438914027149321,3.30873786407767,4,False,True,0.5384615384615384,1.5972850678733033,True,200.0,False,True,210.0,False,False,,False,False,False,False,False,False,False,0.7774798927613941,True,-0.3891402714932127,-0.3891402714932127,,55.25,0.11666666666666667,,2,True,True,True,True,False,Q4_strong,>0.30R,10:30-11:00,narrowest,Wed
2021-09-09,down,True,55,0.13953488372093023,2.1343873517786562,4,False,True,0.07906976744186046,1.241860465116279,True,5.0,True,True,10.0,True,False,,False,False,False,False,True,False,True,1.3454545454545455,True,1.0,2.0,,53.75,0.1,,3,True,True,True,False,False,Q3,0.05-0.15R,11:00-12:00,narrowest,Thu
2021-09-10,down,True,0,0.22509225092250923,2.639455782312925,2,False,True,0.33210332103321033,2.4612546125461257,True,20.0,True,True,160.0,False,False,,False,False,False,False,False,False,True,1.0687022900763359,True,1.0,2.0,,67.75,0.3333333333333333,,4,True,True,True,True,True,Q4_strong,0.15-0.30R,10:30-11:00,narrow,Fri
2021-09-13,down,True,235,0.01125,1.0769230769230769,2,False,False,,0.07375,True,5.0,True,True,15.0,True,True,30.0,False,False,False,False,False,False,False,-0.7408312958435208,True,-0.735,-0.735,-1.0,200.0,1.0,,0,False,False,False,False,False,Q2,<0.05R,after 13:30,widest,Mon
2021-09-14,down,True,5,0.05230125523012552,3.9925093632958797,2,False,True,0.056485355648535567,0.50418410041841,True,5.0,True,True,5.0,True,True,45.0,True,False,True,False,True,False,True,-1.0,True,-1.0,-1.0,-1.0,119.5,0.8166666666666667,,1,True,True,False,False,False,Q4_strong,0.05-0.15R,10:30-11:00,widest,Tue
2021-09-15,up,True,145,0.041749502982107355,1.757469244288225,9,False,True,0.05964214711729622,0.6441351888667992,False,,False,False,,False,False,,False,False,False,False,True,True,True,0.8587155963302753,False,,,,125.75,0.85,,2,True,True,False,False,False,Q3,<0.05R,12:00-13:30,widest,Wed
2021-09-16,up,True,220,0.05251141552511415,1.1041009463722398,2,True,True,0.02054794520547945,0.545662100456621,True,10.0,True,False,,False,False,,False,False,False,False,True,True,True,0.5247933884297521,True,1.0,0.684931506849315,,109.5,0.6833333333333333,,3,True,True,False,False,False,Q2,0.05-0.15R,after 13:30,wide,Thu
2021-09-17,down,True,5,0.06762295081967214,1.9908116385911179,2,False,True,0.0430327868852459,0.7110655737704918,True,125.0,True,False,,False,False,,False,False,False,False,True,True,True,0.4729241877256318,True,1.0,0.6721311475409836,,122.0,0.8166666666666667,,4,True,True,False,False,False,Q3,0.05-0.15R,10:30-11:00,widest,Fri
2021-09-20,down,True,10,0.06884057971014493,2.316666666666667,1,False,True,0.02717391304347826,1.4909420289855073,True,5.0,True,True,10.0,True,False,,False,False,False,False,True,False,True,1.6369426751592357,True,1.0,2.0,,138.0,0.9,,0,True,True,True,False,False,Q3,0.05-0.15R,10:30-11:00,widest,Mon
2021-09-21,down,True,15,0.0622568093385214,2.3059006211180124,1,False,True,0.23929961089494164,0.2237354085603113,True,10.0,False,True,20.0,True,True,20.0,True,False,True,False,True,False,False,-1.0,True,-1.0,-1.0,-0.41333333333333333,128.5,0.8333333333333334,,1,False,False,False,False,False,Q3,0.05-0.15R,10:30-11:00,widest,Tue
2021-09-22,up,True,30,0.034261241970021415,0.6523489932885906,2,False,False,,0.8179871520342612,True,10.0,True,True,135.0,False,True,225.0,False,False,False,False,False,False,True,0.42084168336673344,True,1.0,0.5182012847965739,-0.4,116.75,0.7166666666666667,,2,True,True,False,False,False,Q1_weak,<0.05R,10:30-11:00,wide,Wed
2021-09-23,up,True,180,0.01757188498402556,0.6543385490753912,4,False,True,0.039936102236421724,0.054313099041533544,True,5.0,True,True,30.0,True,True,145.0,False,False,False,False,True,False,False,-0.5154320987654321,True,-0.4984025559105431,-0.4984025559105431,,156.5,0.95,,3,False,False,False,False,False,Q1_weak,<0.05R,12:00-13:30,widest,Thu
2021-09-24,up,True,100,0.0547945205479452,1.6573033707865168,2,False,True,0.0684931506849315,0.9794520547945206,True,5.0,True,True,105.0,True,False,,False,False,False,False,True,True,True,1.2098765432098766,True,1.0,1.452054794520548,,73.0,0.35,,4,True,True,False,False,False,Q3,0.05-0.15R,12:00-13:30,narrow,Fri
2021-09-27,up,True,30,0.05363984674329502,3.055286129970902,1,False,False,,0.12452107279693486,True,5.0,True,True,5.0,True,True,25.0,True,False,True,False,False,False,False,-1.0,True,-1.0,-1.0,-1.0,130.5,0.85,,0,False,False,False,False,False,Q4_strong,0.05-0.15R,10:30-11:00,widest,Mon
2021-09-28,down,True,30,0.06699751861042183,0.8320493066255777,5,False,True,0.04094292803970223,0.4305210918114144,True,70.0,True,True,70.0,True,False,,False,False,False,False,True,False,True,0.43544857768052514,True,0.6277915632754343,0.6277915632754343,,201.5,1.0,,1,True,False,False,False,False,Q1_weak,0.05-0.15R,10:30-11:00,widest,Tue
2021-09-29,down,True,65,0.20842105263157895,2.3878069432684166,8,False,True,0.17473684210526316,0.6442105263157895,True,10.0,True,True,10.0,True,False,,True,False,False,False,True,False,True,-1.0,True,1.0,-1.0,,118.75,0.7,,2,True,True,False,False,False,Q4_strong,0.15-0.30R,11:00-12:00,wide,Wed
2021-09-30,down,True,20,0.04377104377104377,0.9048067860508954,2,False,True,0.026936026936026935,1.8080808080808082,True,15.0,True,True,15.0,True,True,25.0,False,False,False,False,True,False,True,1.758513931888545,True,1.0,2.0,-1.0,74.25,0.3333333333333333,,3,True,True,True,True,False,Q1_weak,<0.05R,10:30-11:00,narrow,Thu
2021-10-01,down,True,5,0.01034928848641656,0.5531914893617021,6,False,False,,0.027166882276843468,True,5.0,True,True,5.0,True,True,20.0,True,True,True,True,False,False,False,-1.0,True,-1.0,-1.0,1.3630952380952381,193.25,0.9666666666666667,,4,False,False,False,False,False,Q1_weak,<0.05R,10:30-11:00,widest,Fri
2021-10-01,up,False,195,0.02199223803363519,2.2800495662949194,1,True,True,0.037516170763260026,0.4269081500646831,True,5.0,True,True,10.0,True,False,,False,False,False,False,True,False,True,0.3048327137546468,True,0.36222509702457956,0.36222509702457956,,193.25,0.9666666666666667,,4,True,False,False,False,False,Q3,<0.05R,after 13:30,widest,Fri
2021-10-04,down,True,0,0.22884386174016685,2.4915254237288136,4,False,True,0.21930870083432658,0.6793802145411204,False,,False,False,,False,False,,False,False,False,False,False,False,True,-0.03761242845461979,False,,,,209.75,1.0,,0,True,True,False,False,False,Q4_strong,0.15-0.30R,10:30-11:00,widest,Mon
2021-10-05,up,True,10,0.04316546762589928,1.989937106918239,1,False,True,0.07733812949640288,0.8507194244604317,False,,False,False,,False,False,,False,False,False,False,True,True,True,0.2119205298013245,False,,,,139.0,0.8333333333333334,,1,True,True,False,False,False,Q3,<0.05R,10:30-11:00,widest,Tue
2021-10-06,up,True,15,0.0796221322537112,1.3012240553485896,1,False,False,,0.5182186234817814,True,5.0,True,True,10.0,True,True,25.0,True,False,True,False,False,False,True,-1.0,True,-1.0,-1.0,-1.0,185.25,0.9333333333333333,,2,True,True,False,False,False,Q2,0.05-0.15R,10:30-11:00,widest,Wed
2021-10-07,up,True,85,0.03339517625231911,1.8974358974358974,8,False,False,,0.05380333951762523,True,5.0,True,True,5.0,True,True,125.0,True,False,True,False,False,False,False,-1.0,True,-1.0,-1.0,1.0675675675675675,134.75,0.7833333333333333,,3,False,False,False,False,False,Q3,<0.05R,11:00-12:00,wide,Thu
2021-10-08,down,True,10,0.19023136246786632,2.0579399141630903,3,False,True,0.05912596401028278,0.5655526992287918,True,5.0,True,True,10.0,True,False,,False,False,False,False,True,False,True,0.24208566108007448,True,1.0,0.7146529562982005,,97.25,0.4583333333333333,,4,True,True,False,False,False,Q3,0.15-0.30R,10:30-11:00,mid,Fri
2021-10-11,down,True,320,0.005706134094151213,2.397260273972603,8,False,True,0.05991440798858773,0.14693295292439373,True,5.0,True,False,,False,False,,False,False,False,False,False,False,True,0.2397743300423131,True,0.25392296718972895,0.25392296718972895,,175.25,0.9166666666666666,,0,False,False,False,False,False,Q4_strong,<0.05R,after 13:30,widest,Mon
2021-10-12,down,True,20,0.03529411764705882,0.8944099378881988,1,False,True,0.011764705882352941,0.23529411764705882,True,5.0,True,True,10.0,True,True,10.0,True,False,True,False,True,False,True,-1.0,True,-1.0,-1.0,-1.0,127.5,0.6833333333333333,,1,False,False,False,False,False,Q1_weak,<0.05R,10:30-11:00,wide,Tue
2021-10-14,up,True,55,0.00966183574879227,0.9746588693957116,5,False,True,0.04830917874396135,0.5289855072463768,True,5.0,True,True,5.0,True,False,,False,False,False,False,True,False,True,0.7962085308056872,True,1.0,0.8309178743961353,,103.5,0.4666666666666667,,3,True,True,False,False,False,Q2,<0.05R,11:00-12:00,mid,Thu
2021-10-15,up,True,25,0.2112676056338028,1.60734149054505,6,False,True,0.11267605633802817,0.7230046948356808,True,25.0,True,True,40.0,True,False,,True,False,False,False,True,False,True,-1.0,True,-1.0,-1.0,,53.25,0.03333333333333333,,4,True,True,False,False,False,Q3,0.15-0.30R,10:30-11:00,narrowest,Fri
2021-10-18,up,True,20,0.07126436781609195,0.9987261146496815,4,False,True,0.06436781609195402,1.2275862068965517,False,,False,False,,False,False,,False,False,False,False,True,True,True,1.6257545271629779,False,,,,108.75,0.475,,0,True,True,True,False,False,Q2,0.05-0.15R,10:30-11:00,mid,Mon
2021-10-19,up,True,25,0.23430962343096234,1.6227272727272728,3,False,True,0.28870292887029286,0.702928870292887,True,20.0,True,False,,False,False,,False,False,False,False,True,True,True,0.5527065527065527,True,1.0,1.2803347280334727,,59.75,0.11666666666666667,,1,True,True,False,False,False,Q3,0.15-0.30R,10:30-11:00,narrowest,Tue
2021-10-20,up,True,0,0.1016949152542373,0.6808510638297872,6,False,False,,0.1271186440677966,True,5.0,False,True,5.0,True,True,30.0,True,True,True,True,False,False,False,-1.0,True,-1.0,-1.0,0.07692307692307693,59.0,0.11666666666666667,,2,False,False,False,False,False,Q1_weak,0.05-0.15R,10:30-11:00,narrowest,Wed
2021-10-20,down,False,150,0.00423728813559322,2.1917808219178085,1,True,True,0.2288135593220339,1.0338983050847457,True,5.0,True,True,125.0,False,False,,False,False,False,False,True,False,False,1.9747899159663866,True,1.0,2.0,,59.0,0.11666666666666667,,2,True,True,True,False,False,Q3,<0.05R,12:00-13:30,narrowest,Wed
2021-10-21,up,True,10,0.07446808510638298,0.963302752293578,2,False,True,0.034574468085106384,0.5930851063829787,True,15.0,True,True,35.0,True,True,35.0,False,False,False,False,True,False,True,0.7453703703703703,True,1.0,1.0053191489361701,-1.0,94.0,0.4083333333333333,,3,True,True,False,False,False,Q2,0.05-0.15R,10:30-11:00,mid,Thu
2021-10-22,down,True,45,0.36977491961414793,2.8781512605042017,2,True,True,0.3536977491961415,1.437299035369775,False,,False,False,,False,False,,False,False,False,False,False,False,True,0.7245841035120147,False,,,,77.75,0.35,,4,True,True,True,False,False,Q4_strong,>0.30R,11:00-12:00,narrow,Fri
2021-10-25,up,True,85,0.02237136465324385,1.090146750524109,5,False,True,0.09395973154362416,0.959731543624161,True,5.0,True,False,,False,False,,False,False,False,False,True,True,True,1.1092077087794432,True,1.0,1.203579418344519,,111.75,0.5583333333333333,,0,True,True,False,False,False,Q2,<0.05R,11:00-12:00,mid,Mon
2021-10-26,down,True,90,0.08668076109936575,1.6350947158524427,4,True,True,0.0824524312896406,0.6511627906976745,True,10.0,True,True,10.0,True,False,,False,False,False,False,True,False,True,0.3567567567567568,True,1.0,0.5919661733615222,,118.25,0.6166666666666667,,1,True,True,False,False,False,Q3,0.05-0.15R,11:00-12:00,wide,Tue
2021-10-27,up,True,20,0.0056022408963585435,2.3092783505154637,1,False,True,0.1484593837535014,0.7787114845938375,True,5.0,True,True,5.0,True,True,295.0,True,False,True,False,True,False,False,-1.0,True,1.0,-1.0,0.27403846153846156,89.25,0.4,,2,True,True,False,False,False,Q3,<0.05R,10:30-11:00,mid,Wed
2021-10-28,up,True,5,0.06040268456375839,0.6895874263261297,5,False,True,0.09395973154362416,0.8322147651006712,True,5.0,True,True,140.0,False,False,,False,False,False,False,True,False,True,1.125748502994012,True,1.0,1.3825503355704698,,74.5,0.31666666666666665,,3,True,True,False,False,False,Q1_weak,0.05-0.15R,10:30-11:00,narrow,Thu
2021-10-29,up,True,35,0.00821917808219178,1.3571428571428572,3,False,True,0.07397260273972603,1.5315068493150685,False,,False,False,,False,False,,False,False,False,False,True,False,True,1.9514824797843666,False,,,,91.25,0.4,,4,True,True,True,True,False,Q2,<0.05R,11:00-12:00,mid,Fri
2021-11-01,up,True,325,0.2525,4.396887159533074,4,False,False,,0.0,False,,False,False,,False,False,,False,False,False,False,False,False,False,,False,,,,100.0,0.48333333333333334,,0,False,False,False,False,False,Q4_strong,0.15-0.30R,after 13:30,mid,Mon
2021-11-02,up,True,70,0.03357314148681055,2.5034770514603615,1,False,True,0.09352517985611511,0.11510791366906475,True,5.0,True,True,5.0,True,True,10.0,True,False,True,False,True,False,False,-1.0,True,-1.0,-1.0,-0.5034013605442177,104.25,0.5,,1,False,False,False,False,False,Q4_strong,<0.05R,11:00-12:00,mid,Tue
2021-11-03,up,True,210,0.6532258064516129,21.064638783269963,1,False,True,0.3024193548387097,2.3951612903225805,True,5.0,True,True,10.0,False,False,,False,False,False,False,True,True,True,0.3006993006993007,True,1.0,2.0,,62.0,0.14166666666666666,,2,True,True,True,True,True,Q4_strong,>0.30R,after 13:30,narrowest,Wed
2021-11-04,up,True,0,0.09090909090909091,1.291005291005291,5,False,True,0.0748663101604278,0.5614973262032086,True,30.0,True,True,30.0,True,False,,False,False,False,False,True,False,True,0.30165912518853694,True,1.0,0.5383244206773619,,140.25,0.85,,3,True,True,False,False,False,Q2,0.05-0.15R,10:30-11:00,widest,Thu
2021-11-05,down,True,155,0.22033898305084745,3.54014598540146,1,False,True,0.02711864406779661,1.1220338983050848,True,100.0,False,False,,False,False,,False,False,False,False,True,True,True,1.0823529411764705,True,1.0,0.6372881355932203,,73.75,0.25,,4,True,True,True,False,False,Q4_strong,0.15-0.30R,12:00-13:30,narrow,Fri
2021-11-08,down,True,10,0.019543973941368076,0.5843478260869566,2,False,True,0.09120521172638436,0.19218241042345277,True,5.0,False,True,5.0,True,True,25.0,True,False,True,False,True,False,False,-1.0,True,-1.0,-1.0,-0.33540372670807456,76.75,0.2833333333333333,,0,False,False,False,False,False,Q1_weak,<0.05R,10:30-11:00,narrow,Mon
2021-11-09,down,True,185,0.02843016069221261,1.6877637130801688,1,False,True,0.00865265760197775,0.14585908529048208,True,5.0,True,True,30.0,True,True,40.0,False,False,False,False,True,False,False,-0.3157894736842105,True,-0.276885043263288,-0.276885043263288,0.12745098039215685,202.25,0.9833333333333333,,1,False,False,False,False,False,Q3,<0.05R,after 13:30,widest,Tue
2021-11-10,down,True,170,0.002789400278940028,0.6451612903225806,1,False,False,,0.810320781032078,True,5.0,True,True,5.0,True,True,5.0,False,False,False,False,False,False,True,0.7018030513176144,True,1.0,0.7112970711297071,-1.0,179.25,0.9,,2,True,True,False,False,False,Q1_weak,<0.05R,12:00-13:30,widest,Wed
2021-11-11,down,True,105,0.10108303249097472,1.2765957446808511,8,False,False,,0.5342960288808665,True,5.0,True,True,15.0,True,False,,True,False,False,False,False,False,True,-1.0,True,-1.0,-1.0,,69.25,0.2,,3,True,True,False,False,False,Q2,0.05-0.15R,12:00-13:30,narrow,Thu
2021-11-12,up,True,15,0.1180327868852459,1.2231030577576443,3,False,True,0.15081967213114755,1.7737704918032786,False,,False,False,,False,False,,False,False,False,False,True,False,True,1.427055702917772,False,,,,76.25,0.2833333333333333,,4,True,True,True,True,False,Q2,0.05-0.15R,10:30-11:00,narrow,Fri
2021-11-15,down,True,70,0.5546875,8.328358208955224,2,False,True,0.5234375,0.7916666666666666,True,95.0,False,True,180.0,False,True,210.0,False,False,False,False,True,False,False,-0.8222222222222222,True,-0.625,-0.625,0.10704960835509138,96.0,0.4166666666666667,,0,True,True,False,False,False,Q4_strong,>0.30R,11:00-12:00,mid,Mon
2021-11-16,up,True,40,0.19187358916478556,2.09366391184573,1,False,True,0.2325056433408578,0.5756207674943566,False,,False,False,,False,False,,False,False,False,False,True,True,True,0.3099510603588907,False,,,,110.75,0.55,,1,True,True,False,False,False,Q3,0.15-0.30R,11:00-12:00,mid,Tue
2021-11-17,up,True,5,0.30701754385964913,2.917322834645669,3,False,True,0.32456140350877194,1.219298245614035,True,20.0,True,True,110.0,False,False,,True,False,False,False,True,True,False,0.8586956521739131,True,1.0,2.0,,57.0,0.08333333333333333,,2,True,True,True,False,False,Q4_strong,>0.30R,10:30-11:00,narrowest,Wed
2021-11-18,up,True,60,0.08297872340425531,3.154185022026432,1,False,True,0.2127659574468085,0.7,True,5.0,True,False,,False,False,,False,False,False,False,True,True,True,0.7335766423357665,True,1.0,1.0212765957446808,,117.5,0.6166666666666667,,3,True,True,False,False,False,Q4_strong,0.05-0.15R,11:00-12:00,wide,Thu
2021-11-19,up,True,65,0.009925558312655087,1.3732004429678848,1,False,False,,0.1141439205955335,True,5.0,True,True,5.0,True,True,15.0,True,False,True,False,False,False,False,-1.0,True,-1.0,-1.0,-1.0,100.75,0.45,,4,False,False,False,False,False,Q2,<0.05R,11:00-12:00,mid,Fri
2021-11-22,down,True,50,0.048355899419729204,1.0237203495630463,10,False,True,0.05029013539651837,2.021276595744681,False,,False,False,,False,False,,False,False,False,False,False,False,True,1.7354497354497354,False,,,,129.25,0.7666666666666667,,0,True,True,True,True,True,Q2,<0.05R,11:00-12:00,wide,Mon
2021-11-23,down,True,10,0.10851648351648352,1.1275837491090521,2,False,True,0.06043956043956044,0.6497252747252747,True,5.0,True,True,45.0,False,True,250.0,False,False,False,False,True,False,False,-0.801354401805869,True,1.0,-0.7582417582417582,0.44594594594594594,182.0,0.9,,1,True,True,False,False,False,Q2,0.05-0.15R,10:30-11:00,widest,Tue
2021-11-24,up,True,5,0.04180064308681672,1.1200733272227315,1,False,True,0.02572347266881029,0.7138263665594855,True,5.0,True,True,5.0,True,True,5.0,False,False,False,False,True,False,True,1.1661721068249258,True,1.0,1.347266881028939,-1.0,155.5,0.8333333333333334,,2,True,True,False,False,False,Q2,<0.05R,10:30-11:00,widest,Wed
2021-11-29,up,True,60,0.026004728132387706,2.361863488624052,1,False,True,0.026004728132387706,1.1678486997635933,True,5.0,True,False,,False,False,,False,False,False,False,True,True,True,1.851685393258427,True,1.0,2.0,,105.75,0.4666666666666667,,0,True,True,True,False,False,Q4_strong,<0.05R,11:00-12:00,mid,Mon
2021-11-30,down,True,15,0.3679417122040073,4.3925657298277425,3,False,True,0.4353369763205829,1.8233151183970857,False,,False,False,,False,False,,False,False,False,False,False,False,True,0.7282266526757608,False,,,,137.25,0.7666666666666667,,1,True,True,True,True,False,Q4_strong,>0.30R,10:30-11:00,wide,Tue
2021-12-01,up,True,40,0.3177570093457944,2.5626342161775235,2,False,True,0.25934579439252337,0.4672897196261682,True,25.0,False,True,40.0,True,True,45.0,True,True,True,True,True,False,False,-1.0,True,-1.0,-1.0,0.7348066298342542,107.0,0.4666666666666667,,2,True,False,False,False,False,Q4_strong,>0.30R,11:00-12:00,mid,Wed
2021-12-01,down,False,145,0.2546728971962617,2.7710843373493974,4,True,True,0.3691588785046729,3.850467289719626,True,5.0,True,False,,False,False,,False,False,False,False,False,False,True,0.9876160990712074,True,1.0,2.0,,107.0,0.4666666666666667,,2,True,True,True,True,True,Q4_strong,0.15-0.30R,12:00-13:30,mid,Wed
2021-12-02,down,True,10,0.05870020964360587,1.12827849308536,3,False,False,,0.10796645702306079,True,5.0,True,True,5.0,True,True,25.0,True,True,True,True,False,False,False,-1.0,True,-1.0,-1.0,0.4971671388101983,238.5,1.0,,3,False,False,False,False,False,Q2,0.05-0.15R,10:30-11:00,widest,Thu
2021-12-02,up,False,110,0.08490566037735849,1.25,1,True,True,0.07966457023060797,0.16457023060796647,True,10.0,True,True,10.0,True,True,30.0,False,False,False,False,True,False,False,-0.4068100358422939,True,-0.3060796645702306,-0.3060796645702306,-1.0,238.5,1.0,,3,False,False,False,False,False,Q2,0.05-0.15R,12:00-13:30,widest,Thu
2021-12-03,down,True,10,0.13496503496503495,1.886576482830385,1,False,True,0.045454545454545456,0.5454545454545454,False,,False,False,,False,False,,False,False,False,False,True,False,True,-0.13766519823788545,False,,,,357.5,1.0,,4,True,True,False,False,False,Q3,0.05-0.15R,10:30-11:00,widest,Fri
2021-12-06,up,True,120,0.03278688524590164,0.8236808236808236,2,False,False,,0.47759562841530057,True,10.0,True,True,10.0,True,False,,False,False,False,False,False,False,True,0.38769230769230767,True,0.4786885245901639,0.4786885245901639,,228.75,0.9666666666666667,,0,True,False,False,False,False,Q1_weak,<0.05R,12:00-13:30,widest,Mon
2021-12-07,up,True,5,0.053691275167785234,1.005446623093682,2,False,True,0.06040268456375839,0.511744966442953,True,20.0,True,True,290.0,False,False,,False,False,False,False,True,True,True,0.5515151515151515,True,1.0,0.7181208053691275,,149.0,0.7666666666666667,,1,True,True,False,False,False,Q2,0.05-0.15R,10:30-11:00,wide,Tue
2021-12-08,up,True,190,0.11163895486935867,2.2988505747126435,2,False,True,0.1330166270783848,0.38954869358669836,True,15.0,True,True,15.0,True,True,30.0,False,False,False,False,True,False,True,0.31844660194174756,True,0.6128266033254157,0.6128266033254157,-1.0,105.25,0.38333333333333336,,2,True,False,False,False,False,Q3,0.05-0.15R,after 13:30,mid,Wed
2021-12-09,down,True,5,0.017271157167530225,0.4825026511134677,1,False,False,,0.8998272884283247,True,5.0,True,True,5.0,True,True,5.0,True,False,True,False,False,False,True,-1.0,True,-1.0,-1.0,-1.0,144.75,0.7666666666666667,,3,True,True,False,False,False,Q1_weak,<0.05R,10:30-11:00,wide,Thu
2021-12-10,down,True,15,0.278,2.0308310991957104,4,False,True,0.128,0.538,True,10.0,True,True,10.0,True,True,305.0,True,True,True,True,True,False,False,-1.0,True,1.0,-1.0,0.08923512747875353,125.0,0.6,,4,True,True,False,False,False,Q3,0.15-0.30R,10:30-11:00,wide,Fri
2021-12-13,down,True,5,0.04835924006908463,0.5283553875236294,5,False,False,,0.844559585492228,True,5.0,True,True,5.0,True,False,,False,False,False,False,False,False,True,1.262992125984252,True,1.0,1.4818652849740932,,144.75,0.7583333333333333,,0,True,True,False,False,False,Q1_weak,<0.05R,10:30-11:00,wide,Mon
2021-12-14,down,True,15,0.08576329331046312,1.0166112956810631,5,False,True,0.08576329331046312,0.8164665523156089,True,235.0,False,True,235.0,False,True,280.0,True,False,True,False,True,True,False,-1.0,True,-1.0,-1.0,-0.05172413793103448,145.75,0.7666666666666667,,1,True,True,False,False,False,Q2,0.05-0.15R,10:30-11:00,wide,Tue
2021-12-15,down,True,60,0.21369294605809128,2.627737226277372,2,False,True,0.15560165975103735,0.5560165975103735,True,95.0,False,True,95.0,False,True,145.0,True,True,True,True,True,False,False,-1.0,True,-1.0,-1.0,0.8472906403940886,120.5,0.5666666666666667,,2,True,True,False,False,False,Q4_strong,0.15-0.30R,11:00-12:00,mid,Wed
2021-12-15,up,False,215,0.08921161825726141,1.8404907975460123,3,True,True,0.38589211618257263,3.0684647302904566,True,5.0,True,True,20.0,False,False,,False,False,False,False,True,True,True,1.545774647887324,True,1.0,2.0,,120.5,0.5666666666666667,,2,True,True,True,True,True,Q3,0.05-0.15R,after 13:30,mid,Wed
2021-12-16,down,True,30,0.17512437810945275,2.690265486725664,3,False,True,0.18109452736318407,1.1850746268656716,False,,False,False,,False,False,,False,False,False,False,False,False,True,1.2218128224023581,False,,,,251.25,0.9833333333333333,,3,True,True,True,False,False,Q4_strong,0.15-0.30R,10:30-11:00,widest,Thu
2021-12-17,up,True,15,0.20130718954248367,1.7307692307692308,1,False,True,0.06928104575163399,0.5934640522875817,True,50.0,False,True,50.0,False,True,55.0,True,False,True,False,True,True,False,-1.0,True,-1.0,-1.0,0.1291866028708134,191.25,0.8666666666666667,,4,True,True,False,False,False,Q3,0.15-0.30R,10:30-11:00,widest,Fri
2021-12-20,down,True,30,0.21382289416846653,1.0949403069926094,4,False,False,,0.4406047516198704,True,10.0,True,True,20.0,True,True,255.0,True,False,True,False,False,False,False,-1.0,True,-1.0,-1.0,-0.016666666666666666,115.75,0.5,,0,True,False,False,False,False,Q2,0.15-0.30R,10:30-11:00,mid,Mon
2021-12-21,down,True,0,0.023035230352303523,0.84472049689441,3,False,True,0.03116531165311653,0.04742547425474255,True,5.0,True,True,5.0,True,True,35.0,True,True,True,True,True,False,False,-1.0,True,-1.0,-1.0,0.509765625,184.5,0.8333333333333334,,1,False,False,False,False,False,Q1_weak,<0.05R,10:30-11:00,widest,Tue
2021-12-21,up,False,100,0.07994579945799458,1.1320754716981132,3,True,True,0.07452574525745258,1.024390243902439,False,,False,False,,False,False,,False,False,False,False,True,False,True,1.5864485981308412,False,,,,184.5,0.8333333333333334,,1,True,True,True,False,False,Q2,0.05-0.15R,12:00-13:30,widest,Tue
2021-12-22,up,True,5,0.18834080717488788,2.2669950738916254,2,False,True,0.21748878923766815,1.1905829596412556,True,185.0,True,False,,False,False,,False,False,False,False,True,True,True,1.1791530944625408,True,1.0,2.0,,111.5,0.45,,2,True,True,True,False,False,Q3,0.15-0.30R,10:30-11:00,mid,Wed
2021-12-23,up,True,15,0.04935064935064935,2.05765407554672,1,False,True,0.04935064935064935,0.8649350649350649,True,5.0,True,False,,False,False,,False,False,False,False,True,False,True,0.3073286052009456,True,1.0,0.43636363636363634,,96.25,0.2833333333333333,,3,True,True,False,False,False,Q3,<0.05R,10:30-11:00,narrow,Thu
2021-12-27,up,True,0,0.1016949152542373,0.9530685920577617,3,False,True,0.046224961479198766,0.349768875192604,True,15.0,True,True,45.0,True,False,,False,False,False,False,True,False,True,0.38156209987195905,True,0.662557781201849,0.662557781201849,,162.25,0.7833333333333333,,0,True,False,False,False,False,Q2,0.05-0.15R,10:30-11:00,wide,Mon
2021-12-28,down,True,120,0.20085470085470086,4.0,2,False,True,0.1452991452991453,0.33547008547008544,True,20.0,True,True,20.0,True,False,,False,False,False,False,True,False,False,-0.32621951219512196,True,-0.05555555555555555,-0.05555555555555555,,117.0,0.5166666666666667,,1,True,False,False,False,False,Q4_strong,0.15-0.30R,12:00-13:30,mid,Tue
2021-12-30,down,True,320,0.11627906976744186,2.977867203219316,6,False,True,0.03805496828752643,0.321353065539112,False,,False,False,,False,False,,False,False,False,False,False,False,True,0.09605488850771869,False,,,,118.25,0.5583333333333333,,3,True,False,False,False,False,Q4_strong,0.05-0.15R,after 13:30,mid,Thu
2021-12-31,down,True,105,0.004545454545454545,1.9251336898395721,3,False,True,0.07954545454545454,0.3659090909090909,True,5.0,True,True,5.0,True,True,40.0,False,False,False,False,True,False,True,0.5135135135135135,True,0.5272727272727272,0.5272727272727272,-1.0,110.0,0.43333333333333335,,4,True,False,False,False,False,Q3,<0.05R,12:00-13:30,mid,Fri
2022-01-03,up,True,250,0.02464332036316472,3.293650793650794,2,False,True,0.08949416342412451,0.06874189364461739,True,10.0,False,True,15.0,True,False,,False,False,False,False,True,False,True,-0.004944375772558714,True,0.04409857328145266,0.04409857328145266,,192.75,0.9166666666666666,,0,False,False,False,False,False,Q4_strong,<0.05R,after 13:30,widest,Mon
2022-01-04,down,True,0,0.022146507666098807,2.7221476510067113,1,False,True,0.19420783645655879,1.5383304940374787,True,5.0,True,False,,False,False,,False,False,False,False,True,True,True,1.8727569331158238,True,1.0,2.0,,146.75,0.75,,1,True,True,True,True,False,Q4_strong,<0.05R,10:30-11:00,wide,Tue
2022-01-05,down,True,125,0.2339688041594454,2.9206349206349205,3,False,True,0.14038128249566725,2.38474870017331,True,85.0,True,False,,False,False,,False,False,False,False,True,True,True,1.0436835891381346,True,1.0,2.0,,144.25,0.6833333333333333,,2,True,True,True,True,True,Q4_strong,0.15-0.30R,12:00-13:30,wide,Wed
2022-01-06,up,True,40,0.04265873015873016,0.46735395189003437,2,False,False,,0.17956349206349206,True,5.0,True,True,5.0,True,True,15.0,True,False,True,False,False,False,False,-1.0,True,-1.0,-1.0,0.7774193548387097,252.0,0.9833333333333333,,3,False,False,False,False,False,Q1_weak,<0.05R,11:00-12:00,widest,Thu
2022-01-07,down,True,5,0.19887955182072828,1.6422995031937544,1,False,True,0.13025210084033614,0.7801120448179272,True,70.0,False,True,70.0,False,True,75.0,False,False,False,False,True,True,True,0.23046092184368738,True,1.0,0.7198879551820728,-0.5356037151702786,178.5,0.8166666666666667,,4,True,True,False,False,False,Q3,0.15-0.30R,10:30-11:00,widest,Fri
2022-01-10,down,True,5,0.05909090909090909,1.0677392040643523,2,False,True,0.010227272727272727,0.19318181818181818,True,5.0,True,True,20.0,True,True,35.0,True,True,True,True,True,False,False,-1.0,True,-1.0,-1.0,1.4647887323943662,220.0,0.9166666666666666,,0,False,False,False,False,False,Q2,0.05-0.15R,10:30-11:00,widest,Mon
2022-01-10,up,False,200,0.013636363636363636,1.7627677100494232,3,True,True,0.04772727272727273,0.9181818181818182,True,5.0,True,True,5.0,True,False,,False,False,False,False,True,False,True,1.6460176991150441,True,1.0,1.7181818181818183,,220.0,0.9166666666666666,,0,True,True,False,False,False,Q3,<0.05R,after 13:30,widest,Mon
2022-01-11,up,True,40,0.27848101265822783,2.8956228956228958,6,False,True,0.2180028129395218,1.0421940928270041,False,,False,False,,False,False,,False,False,False,False,True,True,True,0.926829268292683,False,,,,177.75,0.7833333333333333,,1,True,True,True,False,False,Q4_strong,0.15-0.30R,11:00-12:00,wide,Tue
2022-01-12,down,True,15,0.10020040080160321,0.6195652173913043,1,False,False,,0.6993987975951904,True,15.0,True,True,45.0,False,True,45.0,True,False,True,False,False,False,False,-1.0,True,1.0,-1.0,0.053763440860215055,124.75,0.55,,2,True,True,False,False,False,Q1_weak,0.05-0.15R,10:30-11:00,mid,Wed
2022-01-13,down,True,0,0.06902356902356903,3.5023923444976077,1,False,True,0.015151515151515152,2.5117845117845117,True,5.0,True,False,,False,False,,False,False,False,False,True,False,True,1.636094674556213,True,1.0,2.0,,148.5,0.7,,3,True,True,True,True,True,Q4_strong,0.05-0.15R,10:30-11:00,wide,Thu
2022-01-18,down,True,60,0.0352760736196319,1.310837118754056,3,False,False,,0.6196319018404908,True,5.0,True,True,5.0,True,True,5.0,True,False,True,False,False,False,True,-1.0,True,-1.0,-1.0,-1.0,163.0,0.75,,1,True,True,False,False,False,Q2,<0.05R,11:00-12:00,wide,Tue
2022-01-19,down,True,5,0.3146997929606625,1.9616639477977162,5,False,True,0.2670807453416149,1.8778467908902692,True,95.0,True,True,95.0,False,False,,True,False,False,False,True,False,True,0.841168996188056,True,-1.0,-1.0,,120.75,0.48333333333333334,,2,True,True,True,True,False,Q3,>0.30R,10:30-11:00,mid,Wed
2022-01-20,up,True,0,0.06941838649155722,1.686059275521405,3,False,True,0.08630393996247655,0.350844277673546,True,5.0,True,True,5.0,True,True,150.0,True,True,True,True,True,False,False,-1.0,True,-1.0,-1.0,0.40077821011673154,133.25,0.5333333333333333,,3,True,False,False,False,False,Q3,0.05-0.15R,10:30-11:00,mid,Thu
2022-01-20,down,False,220,0.054409005628517824,4.7775947281713345,2,True,True,0.3527204502814259,2.579737335834897,True,5.0,True,False,,False,False,,False,False,False,False,False,False,True,1.7055837563451777,True,1.0,2.0,,133.25,0.5333333333333333,,3,True,True,True,True,True,Q4_strong,0.05-0.15R,after 13:30,mid,Thu
2022-01-21,up,True,50,0.09170305676855896,1.5211086045762165,2,False,True,0.02096069868995633,0.13973799126637554,True,5.0,False,True,10.0,True,True,15.0,True,True,True,True,True,False,False,-1.0,True,-1.0,-1.0,1.5,286.25,0.9833333333333333,,4,False,False,False,False,False,Q2,0.05-0.15R,11:00-12:00,widest,Fri
2022-01-21,down,False,265,0.07423580786026202,2.19162363740677,2,True,True,0.06899563318777292,0.41135371179039304,True,5.0,True,False,,False,False,,False,False,False,False,True,False,True,0.5794676806083651,True,0.8139737991266376,0.8139737991266376,,286.25,0.9833333333333333,,4,True,False,False,False,False,Q3,0.05-0.15R,after 13:30,widest,Fri
2022-01-24,down,True,65,0.09860383944153578,1.2224778179428195,2,False,True,0.09424083769633508,0.9458987783595113,True,90.0,False,True,90.0,False,True,95.0,True,True,True,True,True,False,False,-1.0,True,-1.0,-1.0,0.60431654676259,286.5,0.9833333333333333,,0,True,True,False,False,False,Q2,0.05-0.15R,11:00-12:00,widest,Mon
2022-01-24,up,False,300,0.40575916230366493,3.50018539117538,3,True,True,0.12216404886561955,0.9022687609075044,False,,False,False,,False,False,,False,False,False,False,True,True,True,0.464354527938343,False,,,,286.5,0.9833333333333333,,0,True,True,False,False,False,Q4_strong,>0.30R,after 13:30,widest,Mon
2022-01-25,down,True,65,0.0009319664492078285,1.4694148936170213,4,False,True,0.07921714818266543,0.08387698042870456,True,5.0,False,True,5.0,True,True,110.0,True,True,True,True,True,False,False,-1.0,True,-1.0,-1.0,0.8372827804107424,268.25,0.95,,1,False,False,False,False,False,Q2,<0.05R,11:00-12:00,widest,Tue
2022-01-25,up,False,230,0.017707362534948742,0.3724780134505949,3,True,False,,0.3560111835973905,True,5.0,True,True,10.0,True,True,65.0,True,False,True,False,False,False,False,-1.0,True,-1.0,-1.0,0.3713892709766162,268.25,0.95,,1,True,False,False,False,False,Q1_weak,<0.05R,after 13:30,widest,Tue
2022-01-26,down,True,10,0.018209408194233688,0.9902439024390244,2,False,True,0.051593323216995446,2.2701062215478,True,5.0,True,True,10.0,True,True,25.0,True,True,True,True,True,False,True,-1.0,True,-1.0,-1.0,1.5317725752508362,164.75,0.7,,2,True,True,True,True,True,Q2,<0.05R,10:30-11:00,wide,Wed
2022-01-26,up,False,130,0.19119878603945373,2.683823529411765,2,True,True,0.06525037936267071,0.7572078907435509,True,20.0,True,True,20.0,True,True,20.0,True,True,True,True,True,False,False,-1.0,True,1.0,-1.0,-1.0,164.75,0.7,,2,True,True,False,False,False,Q4_strong,0.15-0.30R,12:00-13:30,wide,Wed
2022-01-27,down,True,5,0.22566995768688294,1.3387946167349327,5,False,True,0.03244005641748942,1.619181946403385,True,5.0,True,True,5.0,True,False,,True,False,False,False,True,False,True,-1.0,True,-1.0,-1.0,,177.25,0.7,,3,True,True,True,True,False,Q2,0.15-0.30R,10:30-11:00,wide,Thu
2022-01-28,up,True,20,0.030991735537190084,0.7809377401998463,2,False,True,0.2128099173553719,1.3884297520661157,True,5.0,True,True,10.0,True,False,,False,False,False,False,False,False,True,1.8249027237354085,True,1.0,2.0,,242.0,0.9,,4,True,True,True,False,False,Q1_weak,<0.05R,10:30-11:00,widest,Fri
2022-01-31,up,True,30,0.025141930251419302,0.7105263157894737,3,False,False,,0.6171938361719383,True,5.0,True,True,5.0,True,True,20.0,False,False,False,False,False,False,True,1.027027027027027,True,1.0,1.1289537712895377,-1.0,308.25,0.9833333333333333,,0,True,True,False,False,False,Q1_weak,<0.05R,10:30-11:00,widest,Mon
2022-02-01,up,True,300,0.04938271604938271,1.8958611481975967,3,False,True,0.04152637485970819,0.30303030303030304,True,5.0,True,True,5.0,True,False,,False,False,False,False,True,False,True,0.23289070480081717,True,0.3546576879910213,0.3546576879910213,,222.75,0.8333333333333334,,1,True,False,False,False,False,Q3,<0.05R,after 13:30,widest,Tue
2022-02-02,down,True,30,0.026446280991735537,1.4041353383458646,1,False,True,0.021487603305785124,0.5636363636363636,True,5.0,True,True,55.0,False,True,100.0,True,False,True,False,True,False,False,-1.0,True,1.0,-1.0,0.34307992202729043,151.25,0.55,,2,True,True,False,False,False,Q2,<0.05R,10:30-11:00,mid,Wed
2022-02-03,down,True,85,0.07269789983844911,2.07511139401655,3,True,True,0.07431340872374798,1.4297253634894993,True,5.0,True,True,15.0,True,False,,False,False,False,False,True,False,True,1.619181946403385,True,1.0,2.0,,154.75,0.55,,3,True,True,True,False,False,Q3,0.05-0.15R,11:00-12:00,mid,Thu
2022-02-04,up,True,150,0.1346153846153846,3.6203522504892365,2,False,True,0.13568376068376067,0.6527777777777778,False,,False,False,,False,False,,False,False,False,False,True,True,True,-0.12121212121212122,False,,,,234.0,0.85,,4,True,True,False,False,False,Q4_strong,0.05-0.15R,12:00-13:30,widest,Fri
2022-02-07,down,True,50,0.07889908256880734,0.4784688995215311,2,False,True,0.1651376146788991,1.163302752293578,True,5.0,True,True,185.0,False,True,185.0,False,False,False,False,True,False,True,1.5911251980982568,True,1.0,2.0,-1.0,136.25,0.38333333333333336,,0,True,True,True,False,False,Q1_weak,0.05-0.15R,11:00-12:00,mid,Mon
2022-02-08,up,True,15,0.03941908713692946,2.036741214057508,3,False,True,0.21369294605809128,1.5601659751037344,True,5.0,True,False,,False,False,,False,False,False,False,True,True,True,1.7807692307692307,True,1.0,2.0,,120.5,0.2916666666666667,,1,True,True,True,True,False,Q3,<0.05R,10:30-11:00,narrow,Tue
2022-02-09,up,True,30,0.12755102040816327,0.9126365054602184,2,False,True,0.2066326530612245,0.9489795918367347,True,5.0,True,True,5.0,True,False,,False,False,False,False,True,False,True,1.2926829268292683,True,1.0,1.8775510204081634,,98.0,0.08333333333333333,,2,True,True,False,False,False,Q1_weak,0.05-0.15R,10:30-11:00,narrowest,Wed
2022-02-10,up,True,5,0.0703125,1.781725888324873,4,False,True,0.0478515625,0.1494140625,True,10.0,False,True,15.0,True,True,20.0,True,True,True,True,True,False,False,-1.0,True,-1.0,-1.0,1.71824480369515,256.0,0.9166666666666666,,3,False,False,False,False,False,Q3,0.05-0.15R,10:30-11:00,widest,Thu
2022-02-10,down,False,225,0.0263671875,1.2271259418729816,2,True,False,,0.44140625,True,5.0,True,True,5.0,True,False,,False,False,False,False,False,False,True,0.18738404452690166,True,0.25,0.25,,256.0,0.9166666666666666,,3,True,False,False,False,False,Q2,<0.05R,after 13:30,widest,Thu
2022-02-11,down,True,40,0.026874115983026876,0.47639302424500213,2,False,False,,2.314002828854314,True,5.0,True,True,10.0,True,False,,False,False,False,False,False,False,True,1.8469798657718122,True,1.0,2.0,,176.75,0.6333333333333333,,4,True,True,True,True,True,Q1_weak,<0.05R,11:00-12:00,wide,Fri
2022-02-14,up,True,45,0.02127659574468085,2.6488095238095237,1,False,True,0.132569558101473,0.3878887070376432,True,5.0,True,True,20.0,True,True,150.0,True,True,True,True,True,False,False,-1.0,True,-1.0,-1.0,0.4903339191564148,152.75,0.5166666666666667,,0,True,False,False,False,False,Q4_strong,<0.05R,11:00-12:00,mid,Mon
2022-02-14,down,False,200,0.088379705400982,6.2406015037593985,5,True,True,0.3322422258592471,0.5237315875613748,True,5.0,True,True,35.0,False,False,,True,False,False,False,True,False,False,-1.0,True,1.0,-1.0,,152.75,0.5166666666666667,,0,True,True,False,False,False,Q4_strong,0.05-0.15R,after 13:30,mid,Mon
2022-02-15,up,True,10,0.23376623376623376,2.720720720720721,2,False,True,0.22727272727272727,1.2045454545454546,True,15.0,True,True,45.0,True,True,95.0,True,True,True,True,True,True,True,-1.0,True,1.0,-1.0,0.5676567656765676,77.0,0.016666666666666666,,1,True,True,True,False,False,Q4_strong,0.15-0.30R,10:30-11:00,narrowest,Tue
2022-02-15,down,False,135,0.1590909090909091,3.789473684210526,2,True,True,0.09415584415584416,0.22727272727272727,True,5.0,False,True,5.0,True,True,15.0,True,True,True,True,True,False,False,-1.0,True,-1.0,-1.0,0.7746478873239436,77.0,0.016666666666666666,,1,False,False,False,False,False,Q4_strong,0.15-0.30R,12:00-13:30,narrowest,Tue
2022-02-16,up,True,230,0.29411764705882354,6.427718040621266,2,False,True,0.29963235294117646,0.9411764705882353,False,,False,False,,False,False,,False,False,False,False,True,True,True,0.41203703703703703,False,,,,136.0,0.3333333333333333,,2,True,True,False,False,False,Q4_strong,0.15-0.30R,after 13:30,narrow,Wed
2022-02-17,down,True,95,0.03503184713375796,2.462845010615711,1,False,True,0.1035031847133758,1.2101910828025477,True,15.0,True,True,15.0,True,False,,False,False,False,False,True,False,True,1.8035714285714286,True,1.0,2.0,,157.0,0.55,,3,True,True,True,False,False,Q4_strong,<0.05R,12:00-13:30,mid,Thu
2022-02-18,down,True,0,0.14814814814814814,1.1932638331996792,8,False,True,0.1111111111111111,1.3296296296296297,True,235.0,False,True,240.0,False,False,,False,False,False,False,True,False,True,1.3142857142857143,True,1.0,1.1962962962962962,,135.0,0.3,,4,True,True,True,False,False,Q2,0.05-0.15R,10:30-11:00,narrow,Fri
2022-02-22,down,True,80,0.036585365853658534,2.5984796129923984,1,True,True,0.04065040650406504,0.6148373983739838,True,5.0,True,True,5.0,True,True,180.0,True,False,True,False,True,False,False,-1.0,True,1.0,-1.0,-0.24939172749391728,246.0,0.8666666666666667,,1,True,True,False,False,False,Q4_strong,<0.05R,11:00-12:00,widest,Tue
2022-02-23,down,True,10,0.05925925925925926,1.4658119658119657,1,False,True,0.02962962962962963,1.270899470899471,True,5.0,True,True,70.0,True,True,85.0,False,False,False,False,True,False,True,1.6821192052980132,True,1.0,2.0,-1.0,236.25,0.8166666666666667,,2,True,True,True,False,False,Q2,0.05-0.15R,10:30-11:00,widest,Wed
2022-02-24,up,True,35,0.012933568489124045,1.1814266487213998,1,False,False,,1.1757789535567313,True,5.0,True,True,35.0,True,True,75.0,False,False,False,False,False,False,True,1.9243553008595988,True,1.0,2.0,-1.0,425.25,1.0,,3,True,True,True,False,False,Q2,<0.05R,11:00-12:00,widest,Thu
2022-02-25,up,True,10,0.1361760660247593,2.0325826545280306,1,False,True,0.21595598349381018,0.9546079779917469,False,,False,False,,False,False,,False,False,False,False,True,True,True,1.2475675675675675,False,,,,181.75,0.65,,4,True,True,False,False,False,Q3,0.05-0.15R,10:30-11:00,wide,Fri
2022-02-28,up,True,5,0.17692307692307693,2.0700068634179822,4,False,True,0.18653846153846154,1.0384615384615385,True,95.0,False,True,105.0,False,True,210.0,True,True,True,True,True,True,True,1.2159090909090908,True,-1.0,-1.0,-0.054415700267618196,130.0,0.25,,0,True,True,True,False,False,Q3,0.15-0.30R,10:30-11:00,narrow,Mon
2022-02-28,down,False,215,0.11730769230769231,2.049586776859504,3,True,True,0.45,0.2423076923076923,True,5.0,True,True,5.0,True,True,105.0,True,True,True,True,True,False,False,-1.0,True,-1.0,-1.0,-0.20638820638820637,130.0,0.25,,0,False,False,False,False,False,Q3,0.05-0.15R,after 13:30,narrow,Mon
2022-03-01,down,True,55,0.011904761904761904,1.9938080495356036,1,False,True,0.3333333333333333,1.9603174603174602,True,5.0,True,False,,False,False,,False,False,False,False,True,True,True,1.930232558139535,True,1.0,2.0,,126.0,0.25,,1,True,True,True,True,False,Q3,<0.05R,11:00-12:00,narrow,Tue
2022-03-02,up,True,35,0.15384615384615385,0.784373933810986,3,False,True,0.24195804195804196,0.8965034965034965,False,,False,False,,False,False,,False,False,False,False,False,False,True,0.6844919786096256,False,,,,178.75,0.6666666666666666,,2,True,True,False,False,False,Q1_weak,0.15-0.30R,11:00-12:00,wide,Wed
2022-03-03,down,True,5,0.09299781181619256,2.0670498084291187,1,False,True,0.04266958424507659,0.7527352297592997,True,65.0,True,True,95.0,True,True,115.0,False,False,False,False,True,False,True,0.518450184501845,True,1.0,0.8008752735229759,-1.0,228.5,0.8,,3,True,True,False,False,False,Q3,0.05-0.15R,10:30-11:00,wide,Thu
2022-03-04,down,True,25,0.09056122448979592,0.9606879606879607,1,False,True,0.017857142857142856,0.3354591836734694,True,40.0,False,True,40.0,True,True,50.0,True,False,True,False,True,False,False,-1.0,True,-1.0,-1.0,0.16279069767441862,196.0,0.7333333333333333,,4,True,False,False,False,False,Q2,0.05-0.15R,10:30-11:00,wide,Fri
2022-03-07,down,True,10,0.019448946515397084,1.0007604562737642,2,False,False,,0.8346839546191248,True,5.0,True,True,20.0,True,True,25.0,False,False,False,False,False,False,True,1.5288611544461779,True,1.0,1.627228525121556,-1.0,308.5,0.9833333333333333,,0,True,True,False,False,False,Q2,<0.05R,10:30-11:00,widest,Mon
2022-03-08,down,True,0,0.01164021164021164,1.024988641526579,3,False,True,0.042328042328042326,0.08253968253968254,True,5.0,True,True,5.0,True,True,20.0,True,True,True,True,True,False,False,-1.0,True,-1.0,-1.0,-1.0,236.25,0.8083333333333333,,1,False,False,False,False,False,Q2,<0.05R,10:30-11:00,widest,Tue
2022-03-08,up,False,100,0.3566137566137566,3.269591301087364,3,True,True,0.30158730158730157,1.235978835978836,True,105.0,False,True,105.0,False,False,,True,False,False,False,True,True,False,0.7510809141445337,True,1.0,-1.0,,236.25,0.8083333333333333,,1,True,True,True,False,False,Q4_strong,>0.30R,12:00-13:30,widest,Tue
2022-03-09,up,True,25,0.11677631578947369,1.501103752759382,1,False,False,,0.9720394736842105,True,5.0,True,True,5.0,True,True,5.0,False,False,False,False,False,False,True,0.8106666666666666,True,1.0,1.2335526315789473,-1.0,152.0,0.4166666666666667,,2,True,True,False,False,False,Q2,0.05-0.15R,10:30-11:00,mid,Wed
2022-03-10,down,True,0,0.09163346613545817,1.1387347391786904,3,False,True,0.24302788844621515,0.7171314741035857,True,5.0,True,True,15.0,True,True,255.0,True,True,True,True,True,False,False,-1.0,True,1.0,-1.0,-0.04961411245865491,125.5,0.21666666666666667,,3,True,True,False,False,False,Q2,0.05-0.15R,10:30-11:00,narrow,Thu
2022-03-10,up,False,255,0.08964143426294821,3.191335740072202,1,True,True,0.055776892430278883,0.19322709163346613,True,10.0,False,True,15.0,True,True,35.0,False,False,False,False,True,False,False,-0.42905405405405406,True,-0.32669322709163345,-0.32669322709163345,-0.3806228373702422,125.5,0.21666666666666667,,3,False,False,False,False,False,Q4_strong,0.05-0.15R,after 13:30,narrow,Thu
2022-03-11,down,True,40,0.08488372093023255,1.3845185651353051,3,False,True,0.06744186046511629,1.0546511627906976,True,5.0,True,True,155.0,True,False,,False,False,False,False,True,False,True,1.5646123260437377,True,1.0,2.0,,215.0,0.7,,4,True,True,True,False,False,Q2,0.05-0.15R,11:00-12:00,wide,Fri
2022-03-14,down,True,70,0.013210039630118891,1.2546916890080428,2,False,True,0.09379128137384413,0.9749009247027741,True,5.0,True,False,,False,False,,False,False,False,False,False,False,True,1.534105534105534,True,1.0,1.6010568031704095,,189.25,0.6333333333333333,,0,True,True,False,False,False,Q2,<0.05R,11:00-12:00,wide,Mon
2022-03-15,up,True,0,0.07183908045977011,0.4966139954853273,4,False,True,0.08620689655172414,1.293103448275862,True,225.0,True,False,,False,False,,False,False,False,False,False,False,True,1.6231155778894473,True,1.0,2.0,,174.0,0.5166666666666667,,1,True,True,True,False,False,Q1_weak,0.05-0.15R,10:30-11:00,mid,Tue
2022-03-16,up,True,0,0.058888888888888886,1.2410071942446042,1,False,False,,0.5344444444444445,True,5.0,True,True,10.0,True,True,10.0,True,True,True,True,False,False,True,-1.0,True,-1.0,-1.0,3.273109243697479,225.0,0.7666666666666667,,2,True,True,False,False,False,Q2,0.05-0.15R,10:30-11:00,wide,Wed
2022-03-16,down,False,215,0.13111111111111112,3.1268011527377517,2,True,True,0.28444444444444444,0.6633333333333333,True,35.0,False,True,35.0,False,True,55.0,True,True,True,True,True,False,False,-1.0,True,-1.0,-1.0,0.2783945345858241,225.0,0.7666666666666667,,2,True,True,False,False,False,Q4_strong,0.05-0.15R,after 13:30,wide,Wed
2022-03-17,up,True,175,0.10967741935483871,3.1058358061325424,3,False,True,0.15225806451612903,0.5638709677419355,True,105.0,True,False,,False,False,,False,False,False,False,True,True,True,0.7238095238095238,True,1.0,1.1019354838709678,,193.75,0.6666666666666666,,3,True,True,False,False,False,Q4_strong,0.05-0.15R,12:00-13:30,wide,Thu
2022-03-18,up,True,45,0.008991008991008992,0.26394721055788845,1,False,True,0.008991008991008992,0.7142857142857143,True,5.0,True,True,5.0,True,True,5.0,False,False,False,False,True,False,True,1.2777232580961728,True,1.0,1.3186813186813187,-1.0,250.25,0.8666666666666667,,4,True,True,False,False,False,Q1_weak,<0.05R,11:00-12:00,widest,Fri
2022-03-21,down,True,165,0.15706806282722513,2.1710127349909034,2,False,True,0.01780104712041885,0.18534031413612564,True,10.0,False,True,15.0,True,True,40.0,True,False,True,False,True,False,False,-1.0,True,-1.0,-1.0,1.3924050632911393,238.75,0.8166666666666667,,0,False,False,False,False,False,Q3,0.15-0.30R,12:00-13:30,widest,Mon
2022-03-22,up,True,0,0.11534025374855825,1.2113891285591027,4,False,True,0.05767012687427912,0.461361014994233,True,110.0,True,True,115.0,True,False,,False,False,False,False,True,False,True,0.2942830365510778,True,0.5928489042675894,0.5928489042675894,,216.75,0.6666666666666666,,1,True,False,False,False,False,Q2,0.05-0.15R,10:30-11:00,wide,Tue
2022-03-23,up,True,30,0.0575139146567718,0.7061252580867171,3,False,False,,0.6437847866419295,True,5.0,True,True,5.0,True,True,140.0,True,True,True,True,False,False,False,-1.0,True,1.0,-1.0,0.4966216216216216,134.75,0.21666666666666667,,2,True,True,False,False,False,Q1_weak,0.05-0.15R,10:30-11:00,narrow,Wed
2022-03-23,down,False,325,0.12430426716141002,0.9854267869535045,3,True,True,0.14656771799628943,0.0,False,,False,False,,False,False,,False,False,False,False,False,False,False,,False,,,,134.75,0.21666666666666667,,2,False,False,False,False,False,Q2,0.05-0.15R,after 13:30,narrow,Wed
2022-03-24,up,True,40,0.06306306306306306,0.827912477823773,1,True,True,0.28378378378378377,1.9166666666666667,True,5.0,True,False,,False,False,,False,False,False,False,True,False,True,1.664,True,1.0,2.0,,111.0,0.06666666666666667,,3,True,True,True,True,False,Q1_weak,0.05-0.15R,11:00-12:00,narrowest,Thu
2022-03-25,up,True,10,0.04774535809018567,0.7374681393372983,3,False,False,,0.20689655172413793,True,5.0,True,True,5.0,True,True,20.0,True,True,True,True,False,False,False,-1.0,True,-1.0,-1.0,0.2569060773480663,94.25,0.03333333333333333,,4,False,False,False,False,False,Q1_weak,<0.05R,10:30-11:00,narrowest,Fri
2022-03-25,down,False,35,0.38992042440318303,2.9695201037613486,5,True,True,0.44562334217506633,1.2917771883289124,True,165.0,False,True,170.0,False,False,,True,False,False,False,True,False,False,0.6855439642324889,True,-1.0,-1.0,,94.25,0.03333333333333333,,4,True,True,True,False,False,Q4_strong,>0.30R,11:00-12:00,narrowest,Fri
2022-03-28,down,True,75,0.12153846153846154,2.600297176820208,1,False,True,0.036923076923076927,0.3,True,15.0,True,True,15.0,True,True,65.0,True,True,True,True,True,False,False,-1.0,True,-1.0,-1.0,1.6160990712074303,162.5,0.4166666666666667,,0,True,False,False,False,False,Q4_strong,0.05-0.15R,11:00-12:00,mid,Mon
2022-03-28,up,False,265,0.16615384615384615,3.9083969465648853,4,True,True,0.055384615384615386,0.46615384615384614,False,,False,False,,False,False,,False,False,False,False,True,False,True,0.44341801385681295,False,,,,162.5,0.4166666666666667,,0,True,False,False,False,False,Q4_strong,0.15-0.30R,after 13:30,mid,Mon
2022-03-29,up,True,260,0.012032085561497326,0.5517241379310345,7,False,True,0.008021390374331552,0.26336898395721925,True,5.0,True,True,60.0,True,False,,False,False,False,False,True,False,True,0.206266318537859,True,0.23529411764705882,0.23529411764705882,,187.0,0.5666666666666667,,1,True,False,False,False,False,Q1_weak,<0.05R,after 13:30,mid,Tue
2022-03-30,down,True,35,0.3295774647887324,1.52,6,True,True,0.10422535211267606,1.4535211267605634,True,25.0,True,True,25.0,False,False,,True,False,False,False,True,False,True,-1.0,True,-1.0,-1.0,,88.75,0.03333333333333333,,2,True,True,True,False,False,Q2,>0.30R,11:00-12:00,narrowest,Wed
2022-03-31,down,True,300,0.06048387096774194,2.65625,1,True,False,,0.8911290322580645,True,5.0,True,True,5.0,True,False,,False,False,False,False,False,False,True,1.2733812949640289,True,1.0,1.5483870967741935,,124.0,0.13333333333333333,,3,True,True,False,False,False,Q4_strong,0.05-0.15R,after 13:30,narrowest,Thu
2022-04-01,down,True,65,0.14940239043824702,1.8448275862068966,8,False,True,0.15139442231075698,0.649402390438247,True,15.0,True,True,170.0,False,False,,True,False,False,False,True,False,False,-1.0,True,1.0,-1.0,,125.5,0.175,,4,True,True,False,False,False,Q3,0.05-0.15R,11:00-12:00,narrow,Fri
2022-04-04,up,True,30,0.12550607287449392,2.0618181818181816,2,False,True,0.12685560053981107,0.5303643724696356,True,190.0,True,False,,False,False,,False,False,False,False,True,True,True,0.627831715210356,True,1.0,1.0364372469635628,,185.25,0.5833333333333334,,0,True,True,False,False,False,Q3,0.05-0.15R,10:30-11:00,wide,Mon
2022-04-05,down,True,5,0.06716417910447761,1.5850661625708884,2,False,True,0.08706467661691543,0.7711442786069652,True,10.0,True,True,10.0,True,True,15.0,False,False,False,False,True,False,True,0.7916666666666666,True,1.0,1.0323383084577114,-1.0,201.0,0.65,,1,True,True,False,False,False,Q3,0.05-0.15R,10:30-11:00,wide,Tue
2022-04-06,down,True,35,0.009345794392523364,2.3730092204526403,1,False,False,,0.32843791722296395,True,5.0,True,True,5.0,True,True,35.0,True,True,True,True,False,False,False,-1.0,True,-1.0,-1.0,-1.0,187.25,0.6,,2,True,False,False,False,False,Q4_strong,<0.05R,11:00-12:00,wide,Wed
2022-04-07,down,True,10,0.06890756302521009,1.3596233078281341,2,False,True,0.16974789915966387,0.9563025210084034,True,5.0,True,True,10.0,True,True,250.0,True,True,True,True,True,False,False,-1.0,True,1.0,-1.0,0.32574031890660593,148.75,0.3333333333333333,,3,True,True,False,False,False,Q2,0.05-0.15R,10:30-11:00,narrow,Thu
2022-04-07,up,False,280,0.1226890756302521,1.7851239669421488,9,True,False,,0.173109243697479,True,5.0,True,True,5.0,True,False,,True,False,False,False,False,False,False,-1.0,True,-1.0,-1.0,,148.75,0.3333333333333333,,3,False,False,False,False,False,Q3,0.05-0.15R,after 13:30,narrow,Thu
2022-04-08,up,True,110,0.0350076103500761,0.8294930875576038,3,False,True,0.0273972602739726,0.1308980213089802,True,10.0,False,True,10.0,True,True,50.0,True,True,True,True,True,False,False,-1.0,True,-1.0,-1.0,1.9601593625498008,164.25,0.45,,4,False,False,False,False,False,Q1_weak,<0.05R,12:00-13:30,mid,Fri
2022-04-11,down,True,10,0.10946196660482375,1.3218390804597702,2,False,True,0.09833024118738404,0.575139146567718,True,15.0,True,True,50.0,True,True,140.0,True,False,True,False,True,False,True,-1.0,True,-1.0,-1.0,-1.0,134.75,0.24166666666666667,,0,True,True,False,False,False,Q2,0.05-0.15R,10:30-11:00,narrow,Mon
2022-04-12,down,True,15,0.03343465045592705,1.837270341207349,1,False,True,0.0851063829787234,1.4088145896656534,True,5.0,True,True,10.0,True,True,30.0,True,False,True,False,True,False,True,-1.0,True,-1.0,-1.0,-1.0,164.5,0.4666666666666667,,1,True,True,True,False,False,Q3,<0.05R,10:30-11:00,mid,Tue
2022-04-13,up,True,30,0.16572237960339944,2.7971391417425226,1,False,True,0.20679886685552407,0.9575070821529745,False,,False,False,,False,False,,False,False,False,False,True,True,True,0.8085106382978723,False,,,,176.5,0.5,,2,True,True,False,False,False,Q4_strong,0.15-0.30R,10:30-11:00,mid,Wed
2022-04-14,down,True,70,0.07142857142857142,1.2422360248447204,4,False,True,0.04332552693208431,0.6920374707259953,True,20.0,True,True,140.0,True,False,,False,False,False,False,False,False,True,1.0204918032786885,True,1.0,1.3091334894613582,,213.5,0.6833333333333333,,3,True,True,False,False,False,Q2,0.05-0.15R,11:00-12:00,wide,Thu
2022-04-18,down,True,100,0.045584045584045586,2.546972860125261,3,False,True,0.13247863247863248,0.2336182336182336,True,45.0,False,True,55.0,True,True,80.0,True,False,True,False,True,False,False,-1.0,True,-1.0,-1.0,-0.05244122965641953,175.5,0.4666666666666667,,0,False,False,False,False,False,Q4_strong,<0.05R,12:00-13:30,mid,Mon
2022-04-19,up,True,5,0.08049242424242424,0.9225199131064447,2,False,True,0.06060606060606061,0.5473484848484849,False,,False,False,,False,False,,False,False,False,False,True,False,True,0.6101141924959217,False,,,,264.0,0.9166666666666666,,1,True,True,False,False,False,Q1_weak,0.05-0.15R,10:30-11:00,widest,Tue
2022-04-20,down,True,45,0.013963480128893663,1.5862068965517242,5,False,True,0.0644468313641246,0.3469387755102041,True,5.0,True,True,10.0,True,False,,False,False,False,False,True,False,True,0.2549634273772205,True,0.2900107411385607,0.2900107411385607,,232.75,0.7833333333333333,,2,True,False,False,False,False,Q3,<0.05R,11:00-12:00,wide,Wed
2022-04-21,down,True,15,0.14349775784753363,2.165775401069519,3,False,True,0.12705530642750373,2.6053811659192827,True,25.0,True,False,,False,False,,False,False,False,False,True,True,True,1.3310104529616724,True,1.0,2.0,,167.25,0.45,,3,True,True,True,True,True,Q3,0.05-0.15R,10:30-11:00,mid,Thu
2022-04-22,down,True,65,0.055198973042362,0.9170731707317074,6,False,True,0.08857509627727857,1.2477535301668805,False,,False,False,,False,False,,False,False,False,False,False,False,True,1.7017341040462428,False,,,,194.75,0.65,,4,True,True,True,False,False,Q1_weak,0.05-0.15R,11:00-12:00,wide,Fri
2022-04-25,up,True,0,0.23830409356725146,1.8403886190145733,4,False,True,0.14473684210526316,0.7967836257309941,True,10.0,True,True,10.0,True,True,70.0,True,False,True,False,True,False,True,-1.0,True,-1.0,-1.0,-1.0,171.0,0.45,,0,True,True,False,False,False,Q3,0.15-0.30R,10:30-11:00,mid,Mon
2022-04-26,down,True,5,0.023851590106007067,0.6768086544962812,2,False,False,,0.5706713780918727,True,5.0,True,True,10.0,True,True,140.0,False,False,False,False,False,False,True,1.0252951096121417,True,1.0,1.1219081272084805,-1.0,283.0,0.95,,1,True,True,False,False,False,Q1_weak,<0.05R,10:30-11:00,widest,Tue
2022-04-28,down,True,0,0.07825086306098965,0.6166666666666667,3,False,True,0.238204833141542,0.14039125431530494,True,5.0,True,True,20.0,True,True,35.0,True,True,True,True,True,False,False,-1.0,True,-1.0,-1.0,0.7447183098591549,217.25,0.75,,3,False,False,False,False,False,Q1_weak,0.05-0.15R,10:30-11:00,wide,Thu
2022-04-28,up,False,125,0.05408515535097814,0.591861898890259,6,True,True,0.10356731875719218,1.2025316455696202,False,,False,False,,False,False,,False,False,False,False,False,False,True,1.7071651090342679,False,,,,217.25,0.75,,3,True,True,True,False,False,Q1_weak,0.05-0.15R,12:00-13:30,wide,Thu
2022-04-29,down,True,10,0.02768166089965398,0.3433667781493869,9,False,False,,1.7739331026528258,True,15.0,True,True,60.0,True,False,,False,False,False,False,False,False,True,1.842622950819672,True,1.0,2.0,,216.75,0.725,,4,True,True,True,True,False,Q1_weak,<0.05R,10:30-11:00,wide,Fri
2022-05-02,up,True,0,0.08449304174950298,0.7635829662261381,4,False,True,0.21272365805168986,0.3489065606361829,True,5.0,True,True,10.0,True,True,145.0,True,True,True,True,True,False,True,-1.0,True,-1.0,-1.0,0.28844114528101805,251.5,0.9,,0,True,False,False,False,False,Q1_weak,0.05-0.15R,10:30-11:00,widest,Mon
2022-05-02,down,False,225,0.04671968190854871,0.539906103286385,3,True,True,0.15606361829025844,0.1312127236580517,True,5.0,True,True,5.0,True,True,50.0,True,True,True,True,True,False,False,-1.0,True,-1.0,-1.0,0.9825783972125436,251.5,0.9,,0,False,False,False,False,False,Q1_weak,<0.05R,after 13:30,widest,Mon
2022-05-03,up,True,185,0.055782312925170066,1.021505376344086,2,False,False,,0.17142857142857143,True,5.0,True,True,15.0,True,True,25.0,True,False,True,False,False,False,False,-1.0,True,-1.0,-1.0,0.23684210526315788,183.75,0.5333333333333333,,1,False,False,False,False,False,Q2,0.05-0.15R,after 13:30,mid,Tue
2022-05-04,down,True,30,0.12687585266030013,1.5914163090128755,1,False,False,,0.26193724420190995,True,45.0,False,True,45.0,True,True,45.0,True,True,True,True,False,False,False,-1.0,True,-1.0,-1.0,2.4774436090225564,183.25,0.5166666666666667,,2,True,False,False,False,False,Q3,0.05-0.15R,10:30-11:00,mid,Wed
2022-05-04,up,False,150,0.034106412005457026,1.1585365853658538,3,True,True,0.06412005457025921,2.4065484311050476,True,5.0,True,True,5.0,True,True,90.0,True,False,True,False,True,True,True,-1.0,True,1.0,-1.0,-1.0,183.25,0.5166666666666667,,2,True,True,True,True,True,Q2,<0.05R,12:00-13:30,mid,Wed
2022-05-05,down,True,0,0.051207022677395755,0.9581749049429659,4,False,True,0.008778346744696415,0.8756400877834675,False,,False,False,,False,False,,False,False,False,False,False,False,True,0.6808228268082283,False,,,,341.75,0.9833333333333333,,3,True,True,False,False,False,Q2,0.05-0.15R,10:30-11:00,widest,Thu
2022-05-06,up,True,40,0.003110419906687403,0.958193469636863,2,False,True,0.04121306376360809,0.2744945567651633,True,5.0,True,True,20.0,True,True,20.0,True,False,True,False,True,False,False,-1.0,True,-1.0,-1.0,0.7252747252747253,321.5,0.9666666666666667,,4,True,False,False,False,False,Q2,<0.05R,11:00-12:00,widest,Fri
2022-05-09,down,True,0,0.060859188544152745,0.3947858472998138,4,False,True,0.10381861575178998,1.0071599045346062,True,5.0,True,True,15.0,True,False,,False,False,False,False,True,False,True,1.674468085106383,True,1.0,2.0,,209.5,0.65,,0,True,True,True,False,False,Q1_weak,0.05-0.15R,10:30-11:00,wide,Mon
2022-05-10,down,True,15,0.23487544483985764,2.061295106277805,6,False,True,0.08659549228944247,0.7888493475682088,True,160.0,False,True,160.0,False,True,180.0,True,False,True,False,True,False,False,-1.0,True,-1.0,-1.0,-0.47924528301886793,210.75,0.65,,1,True,True,False,False,False,Q3,0.15-0.30R,10:30-11:00,wide,Tue
2022-05-11,down,True,145,0.031578947368421054,0.8950086058519793,2,False,True,0.06390977443609022,0.6240601503759399,True,105.0,True,True,105.0,True,False,,False,False,False,False,True,True,True,0.9094766619519095,True,1.0,1.0300751879699248,,332.5,0.9666666666666667,,2,True,True,False,False,False,Q1_weak,<0.05R,12:00-13:30,widest,Wed
2022-05-12,up,True,25,0.08575478384124734,0.7443272611057846,3,False,True,0.14245216158752658,0.24592487597448617,True,5.0,True,True,25.0,True,True,50.0,True,True,True,True,True,False,False,-1.0,True,-1.0,-1.0,1.133495145631068,352.75,0.9833333333333333,,3,False,False,False,False,False,Q1_weak,0.05-0.15R,10:30-11:00,widest,Thu
2022-05-13,up,True,55,0.05018248175182482,0.9265536723163842,2,False,True,0.004562043795620438,0.3403284671532847,True,5.0,True,True,135.0,True,True,155.0,False,False,False,False,True,False,True,0.21227197346600332,True,0.33394160583941607,0.33394160583941607,-1.0,274.0,0.8666666666666667,,4,True,False,False,False,False,Q1_weak,0.05-0.15R,11:00-12:00,widest,Fri
2022-05-16,up,True,235,0.036390101892285295,1.3413715146948004,3,True,True,0.07132459970887918,0.1615720524017467,True,10.0,False,True,15.0,True,True,40.0,True,False,True,False,True,False,False,-1.0,True,-1.0,-1.0,1.27007299270073,171.75,0.31666666666666665,,0,False,False,False,False,False,Q2,<0.05R,after 13:30,narrow,Mon
2022-05-17,down,True,5,0.27547169811320754,1.982648401826484,1,False,True,0.22075471698113208,0.5641509433962264,True,40.0,False,True,45.0,False,True,45.0,True,True,True,True,True,False,False,-1.0,True,-1.0,-1.0,1.3352112676056338,132.5,0.15,,1,True,True,False,False,False,Q3,0.15-0.30R,10:30-11:00,narrowest,Tue
2022-05-17,up,False,255,0.009433962264150943,3.0779848171152517,3,True,True,0.20943396226415095,0.31886792452830187,True,5.0,True,True,5.0,True,False,,False,False,False,False,True,False,True,0.3888888888888889,True,0.41509433962264153,0.41509433962264153,,132.5,0.15,,1,True,False,False,False,False,Q4_strong,<0.05R,after 13:30,narrowest,Tue
2022-05-18,down,True,0,0.03409090909090909,0.6723507917174177,4,False,True,0.08863636363636364,3.6568181818181817,True,15.0,True,True,15.0,True,False,,False,False,False,False,True,False,True,1.8085106382978724,True,1.0,2.0,,110.0,0.05,,2,True,True,True,True,True,Q1_weak,<0.05R,10:30-11:00,narrowest,Wed
2022-05-19,up,True,65,0.10397196261682243,1.2966252220248669,2,False,True,0.1530373831775701,0.31542056074766356,True,20.0,False,True,45.0,True,True,65.0,True,False,True,False,True,False,False,-1.0,True,-1.0,-1.0,0.25508607198748046,214.0,0.65,,3,True,False,False,False,False,Q2,0.05-0.15R,11:00-12:00,wide,Thu
2022-05-20,down,True,20,0.23554301833568406,2.479025710419486,2,False,True,0.21156558533145275,2.1692524682651624,False,,False,False,,False,False,,False,False,False,False,False,False,True,1.0393096836049855,False,,,,177.25,0.4,,4,True,True,True,True,True,Q4_strong,0.15-0.30R,10:30-11:00,mid,Fri
2022-05-23,up,True,60,0.11870967741935484,2.0806100217864922,3,False,True,0.12645161290322582,0.39483870967741935,True,15.0,True,True,15.0,True,False,,False,False,False,False,True,False,True,0.2857142857142857,True,0.5909677419354838,0.5909677419354838,,193.75,0.5416666666666666,,0,True,False,False,False,False,Q3,0.05-0.15R,11:00-12:00,mid,Mon
2022-05-25,up,True,0,0.1600547195622435,1.0285714285714285,5,False,True,0.07523939808481532,0.7948016415868673,True,10.0,True,True,10.0,True,False,,True,False,False,False,True,False,True,-1.0,True,-1.0,-1.0,,182.75,0.4,,2,True,True,False,False,False,Q2,0.15-0.30R,10:30-11:00,mid,Wed
2022-05-26,up,True,30,0.10362257792754845,1.354368932038835,4,False,True,0.051390058972198824,0.4962089300758214,True,30.0,True,True,30.0,True,False,,False,False,False,False,True,False,True,0.27076064200976974,True,0.5341196293176074,0.5341196293176074,,296.75,0.9,,3,True,False,False,False,False,Q2,0.05-0.15R,10:30-11:00,widest,Thu
2022-05-27,up,True,75,0.037396121883656507,0.8585858585858586,2,False,True,0.00554016620498615,0.5581717451523546,True,10.0,True,True,35.0,True,True,60.0,False,False,False,False,True,False,True,0.9587628865979382,True,1.0,1.105263157894737,-1.0,180.5,0.38333333333333336,,4,True,True,False,False,False,Q1_weak,<0.05R,11:00-12:00,mid,Fri
2022-05-31,up,True,80,0.04927884615384615,1.640378548895899,8,False,True,0.12379807692307693,0.3870192307692308,True,25.0,True,True,30.0,True,False,,False,False,False,False,True,False,False,-0.4638949671772429,True,-0.4110576923076923,-0.4110576923076923,,208.0,0.5833333333333334,,1,True,False,False,False,False,Q3,<0.05R,11:00-12:00,wide,Tue
2022-06-01,down,True,0,0.08840413318025259,0.8507765023632681,2,False,True,0.02066590126291619,0.6934557979334098,True,10.0,True,True,10.0,True,True,20.0,False,False,False,False,True,False,True,0.2848780487804878,True,1.0,0.5120551090700345,-1.0,217.75,0.7333333333333333,,2,True,True,False,False,False,Q1_weak,0.05-0.15R,10:30-11:00,wide,Wed
2022-06-02,up,True,30,0.015789473684210527,1.450777202072539,2,False,True,0.10921052631578948,1.4039473684210526,True,5.0,True,False,,False,False,,False,False,False,False,True,True,True,1.9081632653061225,True,1.0,2.0,,190.0,0.5166666666666667,,3,True,True,True,False,False,Q2,<0.05R,10:30-11:00,mid,Thu
2022-06-03,down,True,5,0.23565573770491804,2.6576032225579054,8,False,True,0.12704918032786885,0.8709016393442623,True,10.0,True,True,145.0,False,False,,False,False,False,False,True,False,True,0.29526462395543174,True,1.0,0.9057377049180327,,122.0,0.08333333333333333,,4,True,True,False,False,False,Q4_strong,0.15-0.30R,10:30-11:00,narrowest,Fri
2022-06-06,down,True,45,0.2600732600732601,3.3057851239669422,4,False,True,0.23626373626373626,1.031135531135531,True,30.0,True,True,160.0,False,False,,False,False,False,False,False,False,True,0.9734939759036144,True,1.0,2.0,,136.5,0.18333333333333332,,0,True,True,True,False,False,Q4_strong,0.15-0.30R,11:00-12:00,narrow,Mon
2022-06-07,up,True,0,0.14913448735019974,2.203473945409429,5,False,True,0.12383488681757657,0.7456724367509987,True,55.0,True,True,55.0,False,False,,False,False,False,False,True,True,True,0.683076923076923,True,1.0,1.18508655126498,,187.75,0.5,,1,True,True,False,False,False,Q3,0.05-0.15R,10:30-11:00,mid,Tue
2022-06-08,down,True,125,0.00482315112540193,2.440737489025461,5,False,True,0.06591639871382636,0.3102893890675241,True,5.0,True,True,10.0,True,False,,False,False,False,False,True,False,True,0.09872611464968153,True,0.10932475884244373,0.10932475884244373,,155.5,0.21666666666666667,,2,True,False,False,False,False,Q4_strong,<0.05R,12:00-13:30,narrow,Wed
2022-06-09,up,True,5,0.03872053872053872,0.7479970866715222,1,False,False,,0.0707070707070707,True,5.0,False,True,5.0,True,True,5.0,True,True,True,True,False,False,False,-1.0,True,-1.0,-1.0,3.326530612244898,148.5,0.2,,3,False,False,False,False,False,Q1_weak,<0.05R,10:30-11:00,narrow,Thu
2022-06-09,down,False,230,0.07575757575757576,2.2691879866518354,5,True,False,,1.5892255892255893,True,5.0,True,True,5.0,True,False,,False,False,False,False,False,False,True,1.605263157894737,True,1.0,2.0,,148.5,0.2,,3,True,True,True,True,False,Q3,0.05-0.15R,after 13:30,narrow,Thu
2022-06-10,down,True,40,0.014736842105263158,0.3058438012015292,2,False,True,0.009473684210526316,0.12421052631578948,True,5.0,True,True,5.0,True,True,5.0,True,False,True,False,True,False,True,-1.0,True,-1.0,-1.0,-1.0,237.5,0.7833333333333333,,4,False,False,False,False,False,Q1_weak,<0.05R,11:00-12:00,wide,Fri
2022-06-13,down,True,10,0.13802083333333334,2.0541484716157203,2,False,True,0.15625,0.6627604166666666,True,35.0,True,True,35.0,True,True,40.0,True,False,True,False,True,False,True,-1.0,True,-1.0,-1.0,-1.0,192.0,0.55,,0,True,True,False,False,False,Q3,0.05-0.15R,10:30-11:00,mid,Mon
2022-06-14,down,True,10,0.006688963210702341,1.0265995686556433,1,False,False,,0.3779264214046823,True,5.0,True,True,5.0,True,True,5.0,True,True,True,True,False,False,False,-1.0,True,-1.0,-1.0,0.6887254901960784,149.5,0.23333333333333334,,1,True,False,False,False,False,Q2,<0.05R,10:30-11:00,narrow,Tue
2022-06-15,down,True,240,0.3347921225382932,2.236340533672173,3,True,False,,0.774617067833698,True,5.0,False,True,5.0,False,True,5.0,True,True,True,True,False,False,False,-1.0,True,-1.0,-1.0,0.03974358974358974,114.25,0.08333333333333333,,2,True,True,False,False,False,Q3,>0.30R,after 13:30,narrowest,Wed
2022-06-15,up,False,250,1.2669584245076586,5.632502308402586,2,True,True,0.44638949671772427,1.9277899343544858,True,15.0,True,False,,False,False,,False,False,False,False,False,False,True,-0.15108359133126936,True,1.0,2.0,,114.25,0.08333333333333333,,2,True,True,True,True,False,Q4_strong,>0.30R,after 13:30,narrowest,Wed
2022-06-16,down,True,5,0.0919931856899489,1.7882096069868993,2,False,True,0.19591141396933562,0.9165247018739353,True,35.0,True,True,35.0,False,False,,False,False,False,False,True,True,True,0.27050359712230215,True,1.0,0.504258943781942,,146.75,0.21666666666666667,,3,True,True,False,False,False,Q3,0.05-0.15R,10:30-11:00,narrow,Thu
2022-06-17,down,True,0,0.1686746987951807,1.6256372906045156,1,False,True,0.03614457831325301,0.3825301204819277,True,25.0,False,True,30.0,True,True,30.0,True,True,True,True,True,False,False,-1.0,True,-1.0,-1.0,1.6303724928366763,166.0,0.3333333333333333,,4,True,False,False,False,False,Q3,0.15-0.30R,10:30-11:00,narrow,Fri
2022-06-17,up,False,155,0.09487951807228916,2.8213166144200628,3,True,True,0.15813253012048192,0.286144578313253,True,5.0,True,True,40.0,True,False,,False,False,False,False,True,False,False,-0.7291139240506329,True,-0.677710843373494,-0.677710843373494,,166.0,0.3333333333333333,,4,True,False,False,False,False,Q4_strong,0.05-0.15R,12:00-13:30,narrow,Fri
2022-06-21,up,True,20,0.010498687664041995,0.4339457567804024,2,False,False,,0.06299212598425197,True,5.0,True,True,20.0,True,True,45.0,True,False,True,False,False,False,False,-1.0,True,-1.0,-1.0,1.1576086956521738,190.5,0.5833333333333334,,1,False,False,False,False,False,Q1_weak,<0.05R,10:30-11:00,wide,Tue
2022-06-22,up,True,5,0.09006499535747446,1.3053941908713693,7,False,False,,0.11049210770659239,True,5.0,False,True,10.0,True,True,90.0,True,False,True,False,False,False,False,-1.0,True,-1.0,-1.0,0.10294117647058823,269.25,0.85,,2,False,False,False,False,False,Q2,0.05-0.15R,10:30-11:00,widest,Wed
2022-06-23,up,True,10,0.10590277777777778,0.6479049405878674,3,False,True,0.06597222222222222,0.5538194444444444,True,20.0,True,True,20.0,True,True,75.0,True,False,True,False,True,False,True,-1.0,True,-1.0,-1.0,-1.0,144.0,0.16666666666666666,,3,True,True,False,False,False,Q1_weak,0.05-0.15R,10:30-11:00,narrowest,Thu
2022-06-24,up,True,320,0.13230769230769232,8.28125,1,False,True,0.13333333333333333,0.26974358974358975,False,,False,False,,False,False,,False,False,False,False,True,False,True,0.2141119221411192,False,,,,243.75,0.8,,4,True,False,False,False,False,Q4_strong,0.05-0.15R,after 13:30,wide,Fri
2022-06-27,down,True,270,0.009162303664921465,3.041825095057034,3,False,True,0.04712041884816754,0.1400523560209424,True,5.0,True,True,5.0,True,False,,False,False,False,False,True,False,False,-0.2622107969151671,True,-0.2486910994764398,-0.2486910994764398,,191.0,0.55,,0,False,False,False,False,False,Q4_strong,<0.05R,after 13:30,mid,Mon
2022-06-28,down,True,0,0.23156342182890854,2.0955882352941178,4,False,True,0.12536873156342182,1.9896755162241888,False,,False,False,,False,False,,False,False,False,False,False,False,True,1.0504032258064515,False,,,,169.5,0.3,,1,True,True,True,True,False,Q3,0.15-0.30R,10:30-11:00,narrow,Tue
2022-06-30,up,True,80,0.015822784810126583,0.3453689167974882,2,False,False,,0.4092827004219409,True,5.0,True,True,10.0,True,True,15.0,False,False,False,False,False,False,False,-0.4396728016359918,True,-0.4219409282700422,-0.4219409282700422,-1.0,237.0,0.7666666666666667,,3,True,False,False,False,False,Q1_weak,<0.05R,11:00-12:00,wide,Thu
2022-07-01,down,True,5,0.011235955056179775,0.5515665796344648,4,False,True,0.004993757802746567,0.07990012484394507,True,5.0,True,True,5.0,True,True,30.0,True,True,True,True,True,False,False,-1.0,True,-1.0,-1.0,1.1788413098236776,200.25,0.6,,4,False,False,False,False,False,Q1_weak,<0.05R,10:30-11:00,wide,Fri
2022-07-01,up,False,315,0.01373283395755306,0.7251908396946565,1,True,False,,0.062421972534332085,True,5.0,True,True,5.0,True,True,5.0,False,False,False,False,False,False,False,-0.07290400972053462,True,-0.04744069912609238,-0.04744069912609238,-0.4152542372881356,200.25,0.6,,4,False,False,False,False,False,Q1_weak,<0.05R,after 13:30,wide,Fri
2022-07-05,up,True,5,0.5375722543352601,2.9036496350364964,2,False,True,0.21772639691714837,2.279383429672447,True,15.0,True,True,25.0,False,True,30.0,False,False,False,False,True,True,True,0.4456824512534819,True,1.0,2.0,-1.0,129.75,0.06666666666666667,,1,True,True,True,True,True,Q4_strong,>0.30R,10:30-11:00,narrowest,Tue
2022-07-06,up,True,240,0.12840466926070038,1.7787913340935004,3,True,True,0.26264591439688717,0.7140077821011673,True,5.0,True,True,80.0,False,False,,False,False,False,False,True,False,True,-0.16408668730650156,True,1.0,0.05058365758754864,,128.5,0.06666666666666667,,2,True,True,False,False,False,Q3,0.05-0.15R,after 13:30,narrowest,Wed
2022-07-07,up,True,20,0.09737827715355805,1.1,4,False,False,,0.8745318352059925,True,5.0,True,True,5.0,True,False,,False,False,False,False,False,False,True,0.8934169278996865,True,1.0,1.2621722846441947,,133.5,0.11666666666666667,,3,True,True,False,False,False,Q2,0.05-0.15R,10:30-11:00,narrowest,Thu
2022-07-08,up,True,0,0.023931623931623933,0.42748091603053434,3,False,True,0.2188034188034188,0.5914529914529915,True,5.0,True,True,20.0,True,True,150.0,True,False,True,False,True,True,True,-1.0,True,1.0,-1.0,-0.6579352850539292,146.25,0.16666666666666666,,4,True,True,False,False,False,Q1_weak,<0.05R,10:30-11:00,narrowest,Fri
2022-07-12,down,True,270,0.10430839002267574,5.757575757575758,3,False,True,0.1621315192743764,0.4217687074829932,False,,False,False,,False,False,,False,False,False,False,False,False,True,0.028142589118198873,False,,,,220.5,0.7333333333333333,,1,True,False,False,False,False,Q4_strong,0.05-0.15R,after 13:30,wide,Tue
2022-07-13,up,True,0,0.05352112676056338,1.0456176319835981,3,False,True,0.3436619718309859,0.8704225352112676,True,5.0,True,False,,False,False,,False,False,False,False,True,False,True,0.4681933842239186,True,1.0,0.6253521126760564,,177.5,0.36666666666666664,,2,True,True,False,False,False,Q2,0.05-0.15R,10:30-11:00,narrow,Wed
2022-07-14,up,True,70,0.0707070707070707,3.032659409020218,2,False,True,0.15151515151515152,0.8686868686868687,True,5.0,True,True,25.0,True,True,65.0,False,False,False,False,True,False,True,1.0391908975979773,True,1.0,1.3275613275613276,-1.0,173.25,0.3333333333333333,,3,True,True,False,False,False,Q4_strong,0.05-0.15R,11:00-12:00,narrow,Thu
2022-07-15,up,True,50,0.01098901098901099,0.47509578544061304,1,False,False,,0.17032967032967034,True,5.0,True,True,5.0,True,True,5.0,False,False,False,False,False,False,True,0.25089605734767023,True,0.2783882783882784,0.2783882783882784,-1.0,136.5,0.14166666666666666,,4,False,False,False,False,False,Q1_weak,<0.05R,11:00-12:00,narrowest,Fri
2022-07-18,down,True,180,0.1731266149870801,7.2760511882998165,1,False,True,0.3695090439276486,2.405684754521964,False,,False,False,,False,False,,False,False,False,False,False,False,True,1.2284069097888675,False,,,,96.75,0.016666666666666666,,0,True,True,True,True,True,Q4_strong,0.15-0.30R,12:00-13:30,narrowest,Mon
2022-07-19,up,True,10,0.07073170731707316,1.0151515151515151,2,False,True,0.15609756097560976,1.8682926829268294,False,,False,False,,False,False,,False,False,False,False,True,True,True,1.6282051282051282,False,,,,102.5,0.03333333333333333,,1,True,True,True,True,False,Q2,0.05-0.15R,10:30-11:00,narrowest,Tue
2022-07-20,up,True,0,0.1798165137614679,1.5524475524475525,3,False,True,0.1926605504587156,0.908256880733945,True,155.0,False,True,160.0,False,False,,False,False,False,False,True,True,True,0.5155195681511471,True,1.0,1.0605504587155963,,136.25,0.16666666666666666,,2,True,True,False,False,False,Q3,0.15-0.30R,10:30-11:00,narrowest,Wed
2022-07-21,up,True,90,0.12369597615499255,1.9047619047619047,3,False,True,0.09687034277198212,0.624441132637854,False,,False,False,,False,False,,False,False,False,False,True,True,True,0.7933094384707288,False,,,,167.75,0.3333333333333333,,3,True,True,False,False,False,Q3,0.05-0.15R,11:00-12:00,narrow,Thu
2022-07-22,down,True,30,0.07223113964686999,2.4572564612326047,2,False,True,0.21669341894060995,1.2776886035313002,True,5.0,True,True,10.0,True,False,,False,False,False,False,False,False,True,1.6213183730715288,True,1.0,2.0,,155.75,0.31666666666666665,,4,True,True,True,False,False,Q4_strong,0.05-0.15R,10:30-11:00,narrow,Fri
2022-07-25,down,True,270,0.07692307692307693,1.9277108433734937,4,False,True,0.00641025641025641,0.13782051282051283,True,15.0,False,True,20.0,True,True,50.0,False,False,False,False,True,False,False,-0.8833333333333333,True,-0.8653846153846154,-0.8653846153846154,0.29927007299270075,156.0,0.3333333333333333,,0,False,False,False,False,False,Q3,0.05-0.15R,after 13:30,narrow,Mon
2022-07-26,down,True,0,0.08482142857142858,1.0834473324213407,6,False,False,,0.9330357142857143,True,5.0,True,True,15.0,True,False,,False,False,False,False,False,False,True,0.9083969465648855,True,1.0,1.2321428571428572,,112.0,0.06666666666666667,,1,True,True,False,False,False,Q2,0.05-0.15R,10:30-11:00,narrowest,Tue
2022-07-27,up,True,30,0.0015822784810126582,0.63016157989228,4,False,True,0.004746835443037975,1.6170886075949367,True,5.0,True,True,5.0,True,False,,False,False,False,False,True,False,True,1.9905362776025237,True,1.0,2.0,,158.0,0.36666666666666664,,2,True,True,True,True,False,Q1_weak,<0.05R,10:30-11:00,narrow,Wed
2022-07-28,up,True,55,0.05693069306930693,1.0602094240837696,2,True,True,0.06064356435643564,0.5470297029702971,True,5.0,True,True,50.0,True,False,,False,False,False,False,True,True,True,0.6511111111111111,True,1.0,0.8391089108910891,,202.0,0.7,,3,True,True,False,False,False,Q2,0.05-0.15R,11:00-12:00,wide,Thu
2022-07-29,up,True,200,0.0013404825737265416,1.0309278350515463,5,False,True,0.013404825737265416,0.435656836461126,True,5.0,True,True,5.0,True,False,,False,False,False,False,True,False,True,0.4385026737967914,True,0.44235924932975873,0.44235924932975873,,186.5,0.5666666666666667,,4,True,False,False,False,False,Q2,<0.05R,after 13:30,mid,Fri
2022-08-01,up,True,15,0.010392609699769052,0.845360824742268,4,False,True,0.08545034642032333,0.18706697459584296,True,15.0,False,True,20.0,True,True,135.0,True,False,True,False,True,False,False,-1.0,True,-1.0,-1.0,0.06581352833638025,216.5,0.7833333333333333,,0,False,False,False,False,False,Q1_weak,<0.05R,10:30-11:00,wide,Mon
2022-08-02,up,True,20,0.29981718464351004,2.1219022103148024,4,False,True,0.08592321755027423,1.0255941499085923,True,15.0,True,True,20.0,True,False,,False,False,False,False,True,False,False,0.8754285714285714,True,1.0,2.0,,136.75,0.23333333333333334,,1,True,True,True,False,False,Q3,0.15-0.30R,10:30-11:00,narrow,Tue
2022-08-03,up,True,40,0.013605442176870748,0.9343065693430657,2,False,True,0.00816326530612245,0.745578231292517,True,5.0,True,True,5.0,True,False,,False,False,False,False,True,True,True,1.0225165562913907,True,1.0,1.0775510204081633,,183.75,0.5666666666666667,,2,True,True,False,False,False,Q1_weak,<0.05R,11:00-12:00,mid,Wed
2022-08-04,down,True,0,0.23953488372093024,1.721261444557477,2,False,True,0.22325581395348837,0.43488372093023253,True,15.0,False,True,15.0,True,True,75.0,True,True,True,True,True,False,False,-1.0,True,-1.0,-1.0,0.9839228295819936,107.5,0.05,,3,True,False,False,False,False,Q3,0.15-0.30R,10:30-11:00,narrowest,Thu
2022-08-04,up,False,285,0.027906976744186046,0.48929663608562685,4,True,True,0.06976744186046512,0.07209302325581396,True,5.0,False,True,5.0,True,True,15.0,False,False,False,False,True,False,False,-0.19823788546255505,True,-0.15348837209302327,-0.15348837209302327,-0.5114503816793893,107.5,0.05,,3,False,False,False,False,False,Q1_weak,<0.05R,after 13:30,narrowest,Thu
2022-08-05,down,True,55,0.12020460358056266,1.8154311649016643,10,False,True,0.12148337595907928,0.15089514066496162,True,5.0,True,True,5.0,True,False,,True,False,False,False,True,False,False,-1.0,True,-1.0,-1.0,,195.5,0.7166666666666667,,4,False,False,False,False,False,Q3,0.05-0.15R,11:00-12:00,wide,Fri
2022-08-08,down,True,70,0.13351134846461948,2.336,2,False,True,0.15220293724966621,0.595460614152203,True,10.0,True,True,10.0,True,False,,False,False,False,False,False,False,True,0.21285563751317177,True,1.0,0.5367156208277704,,187.25,0.6166666666666667,,0,True,True,False,False,False,Q3,0.05-0.15R,11:00-12:00,wide,Mon
2022-08-09,down,True,115,0.050359712230215826,1.1607142857142858,5,False,False,,0.07194244604316546,True,5.0,False,True,5.0,True,True,90.0,True,False,True,False,False,False,False,-1.0,True,-1.0,-1.0,0.13168724279835392,139.0,0.26666666666666666,,1,False,False,False,False,False,Q2,0.05-0.15R,12:00-13:30,narrow,Tue
2022-08-10,up,True,30,0.11513859275053305,2.0014727540500736,3,False,True,0.21961620469083157,0.4520255863539446,True,10.0,True,True,10.0,True,False,,False,False,False,False,True,False,True,0.3466204506065858,True,0.6567164179104478,0.6567164179104478,,117.25,0.11666666666666667,,2,True,False,False,False,False,Q3,0.05-0.15R,10:30-11:00,narrowest,Wed
2022-08-11,down,True,35,0.32217573221757323,2.6248995983935743,3,False,True,0.26359832635983266,1.4267782426778242,False,,False,False,,False,False,,False,False,False,False,False,False,True,0.8244274809160306,False,,,,119.5,0.13333333333333333,,3,True,True,True,False,False,Q4_strong,>0.30R,11:00-12:00,narrowest,Thu
2022-08-12,up,True,45,0.0847457627118644,1.0835214446952595,2,False,True,0.12832929782082325,1.1694915254237288,True,35.0,True,True,40.0,True,False,,False,False,False,False,True,False,True,1.565217391304348,True,1.0,2.0,,103.25,0.05,,4,True,True,True,False,False,Q2,0.05-0.15R,11:00-12:00,narrowest,Fri
2022-08-15,up,True,70,0.0199501246882793,1.1016144349477683,6,False,True,0.12718204488778054,0.713216957605985,False,,False,False,,False,False,,False,False,False,False,True,True,True,0.935251798561151,False,,,,100.25,0.03333333333333333,,0,True,True,False,False,False,Q2,<0.05R,11:00-12:00,narrowest,Mon
2022-08-16,down,True,0,0.3250620347394541,4.0,5,False,True,0.14640198511166252,0.3548387096774194,True,10.0,False,True,10.0,True,True,40.0,True,True,True,True,True,False,False,-1.0,True,-1.0,-1.0,0.801980198019802,100.75,0.05,,1,True,False,False,False,False,Q4_strong,>0.30R,10:30-11:00,narrowest,Tue
2022-08-16,up,False,80,0.12655086848635236,1.6403162055335967,2,True,True,0.004962779156327543,0.8089330024813896,True,20.0,True,True,35.0,True,True,50.0,True,False,True,False,True,False,False,-1.0,True,1.0,-1.0,-1.0,100.75,0.05,,1,True,True,False,False,False,Q3,0.05-0.15R,11:00-12:00,narrowest,Tue
2022-08-17,down,True,5,0.14214463840399003,2.485617597292724,2,False,True,0.26683291770573564,0.5910224438902744,True,5.0,True,True,5.0,True,True,170.0,True,True,True,True,True,False,False,-1.0,True,1.0,-1.0,0.7673130193905817,100.25,0.041666666666666664,,2,True,True,False,False,False,Q4_strong,0.05-0.15R,10:30-11:00,narrowest,Wed
2022-08-17,up,False,220,0.1371571072319202,2.592592592592593,3,True,False,,0.5012468827930174,True,5.0,True,True,5.0,True,False,,True,False,False,False,False,False,False,-1.0,True,1.0,-1.0,,100.25,0.041666666666666664,,2,True,True,False,False,False,Q4_strong,0.05-0.15R,after 13:30,narrowest,Wed
2022-08-18,up,True,10,0.05642633228840126,1.0438596491228072,3,False,True,0.08150470219435736,0.9184952978056427,True,5.0,True,True,20.0,True,False,,False,False,False,False,True,True,True,0.49577464788732395,True,1.0,0.664576802507837,,79.75,0.016666666666666666,,3,True,True,False,False,False,Q2,0.05-0.15R,10:30-11:00,narrowest,Thu
2022-08-19,down,True,20,0.008665511265164644,2.118022328548644,1,False,True,0.060658578856152515,0.36221837088388215,True,5.0,True,True,55.0,True,True,130.0,False,False,False,False,True,False,True,0.22487223168654175,True,0.24610051993067592,0.24610051993067592,-1.0,144.25,0.38333333333333336,,4,True,False,False,False,False,Q3,<0.05R,10:30-11:00,mid,Fri
2022-08-22,down,True,25,0.10392156862745099,1.1965665236051501,2,False,True,0.06862745098039216,0.707843137254902,True,5.0,True,True,5.0,True,True,85.0,False,False,False,False,True,False,True,0.4577922077922078,True,1.0,0.7607843137254902,-1.0,127.5,0.23333333333333334,,0,True,True,False,False,False,Q2,0.05-0.15R,10:30-11:00,narrow,Mon
2022-08-24,up,True,40,0.1969309462915601,2.1611001964636545,2,False,True,0.1969309462915601,0.6342710997442456,True,90.0,False,True,90.0,False,True,130.0,False,False,False,False,True,True,False,-0.5027522935779817,True,-0.3069053708439898,-0.3069053708439898,-0.06948640483383686,97.75,0.05,,2,True,True,False,False,False,Q3,0.15-0.30R,11:00-12:00,narrowest,Wed
2022-08-25,up,True,5,0.034050179211469536,0.7058080808080809,4,False,False,,0.43010752688172044,True,10.0,True,True,15.0,True,True,35.0,True,False,True,False,False,False,True,-1.0,True,-1.0,-1.0,-1.0,139.5,0.4,,3,True,False,False,False,False,Q1_weak,<0.05R,10:30-11:00,mid,Thu
2022-08-26,down,True,0,0.11134453781512606,1.1161572052401747,5,False,True,0.15756302521008403,1.4464285714285714,False,,False,False,,False,False,,False,False,False,False,False,False,True,1.4536082474226804,False,,,,238.0,0.9666666666666667,,4,True,True,True,False,False,Q2,0.05-0.15R,10:30-11:00,widest,Fri
2022-08-29,down,True,20,0.053231939163498096,1.7013291634089132,2,False,True,0.16539923954372623,0.23193916349809887,True,10.0,True,True,10.0,True,True,70.0,True,False,True,False,True,False,False,-1.0,True,-1.0,-1.0,-0.5326633165829145,131.5,0.3,,0,False,False,False,False,False,Q3,0.05-0.15R,10:30-11:00,narrow,Mon
2022-08-30,down,True,0,0.25153374233128833,4.367758186397984,1,False,True,0.26380368098159507,0.6674846625766871,True,105.0,True,False,,False,False,,False,False,False,False,True,False,True,-0.13877551020408163,True,1.0,0.294478527607362,,203.75,0.8666666666666667,,1,True,True,False,False,False,Q4_strong,0.15-0.30R,10:30-11:00,widest,Tue
2022-08-31,down,True,5,0.08695652173913043,0.6364365971107545,5,False,False,,0.7155797101449275,True,5.0,True,True,5.0,True,False,,False,False,False,False,False,False,True,1.0061728395061729,True,1.0,1.355072463768116,,138.0,0.36666666666666664,,2,True,True,False,False,False,Q1_weak,0.05-0.15R,10:30-11:00,narrow,Wed
2022-09-01,down,True,10,0.12475633528265107,0.7116759332803813,3,False,True,0.24171539961013644,0.6081871345029239,True,55.0,True,True,160.0,False,True,225.0,True,True,True,True,True,False,False,-1.0,True,1.0,-1.0,0.32,128.25,0.25,,3,True,True,False,False,False,Q1_weak,0.05-0.15R,10:30-11:00,narrow,Thu
2022-09-01,up,False,275,0.04873294346978557,3.0327056491575815,2,True,False,,0.5886939571150097,True,5.0,True,True,10.0,True,False,,False,False,False,False,False,False,True,0.7815275310834814,True,1.0,0.9551656920077972,,128.25,0.25,,3,True,True,False,False,False,Q4_strong,<0.05R,after 13:30,narrow,Thu
2022-09-02,up,True,0,0.12105263157894737,0.8123324396782842,2,False,True,0.17017543859649123,0.3263157894736842,True,20.0,False,True,20.0,True,True,105.0,True,True,True,True,True,False,False,-1.0,True,-1.0,-1.0,0.8712871287128713,142.5,0.43333333333333335,,4,True,False,False,False,False,Q1_weak,0.05-0.15R,10:30-11:00,mid,Fri
2022-09-02,down,False,125,0.03333333333333333,1.625,9,True,True,0.07719298245614035,1.6298245614035087,True,5.0,True,False,,False,False,,False,False,False,False,False,False,True,1.8125,True,1.0,2.0,,142.5,0.43333333333333335,,4,True,True,True,True,False,Q3,<0.05R,12:00-13:30,mid,Fri
2022-09-07,up,True,40,0.1189873417721519,1.3803680981595092,3,False,True,0.0810126582278481,1.8025316455696203,True,5.0,True,True,15.0,True,False,,False,False,False,False,True,True,True,1.4233128834355828,True,1.0,2.0,,98.75,0.06666666666666667,,2,True,True,True,True,False,Q2,0.05-0.15R,11:00-12:00,narrowest,Wed
2022-09-08,up,True,5,0.0804093567251462,0.8627577319587628,3,False,True,0.04678362573099415,0.5423976608187134,True,85.0,False,True,85.0,False,True,85.0,True,False,True,False,True,True,True,-1.0,True,-1.0,-1.0,-0.6314878892733564,171.0,0.6666666666666666,,3,True,True,False,False,False,Q1_weak,0.05-0.15R,10:30-11:00,wide,Thu
2022-09-09,up,True,5,0.01348747591522158,0.7136706135629709,3,False,True,0.06551059730250482,0.5279383429672447,True,10.0,True,True,30.0,True,False,,False,False,False,False,True,False,True,0.6416510318949343,True,1.0,0.6859344894026975,,129.75,0.30833333333333335,,4,True,True,False,False,False,Q1_weak,<0.05R,10:30-11:00,narrow,Fri
2022-09-13,down,True,5,0.14023372287145242,1.4015401540154016,2,False,True,0.07178631051752922,1.8464106844741235,False,,False,False,,False,False,,False,False,False,False,False,False,True,1.3428943937418514,False,,,,149.75,0.5333333333333333,,1,True,True,True,True,False,Q2,0.05-0.15R,10:30-11:00,mid,Tue
2022-09-14,up,True,20,0.0824295010845987,1.399768250289687,1,True,True,0.09327548806941431,0.3383947939262473,True,5.0,True,True,10.0,True,True,175.0,True,True,True,True,True,False,True,-1.0,True,-1.0,-1.0,0.5048780487804878,115.25,0.2,,2,True,False,False,False,False,Q2,0.05-0.15R,10:30-11:00,narrow,Wed
2022-09-15,down,True,0,0.009823182711198428,0.31929046563192903,3,False,True,0.1650294695481336,1.3300589390962672,True,5.0,True,True,5.0,True,False,,False,False,False,False,True,False,True,1.9421965317919074,True,1.0,2.0,,127.25,0.26666666666666666,,3,True,True,True,False,False,Q1_weak,<0.05R,10:30-11:00,narrow,Thu
2022-09-16,up,True,0,0.12259615384615384,2.3355704697986575,1,False,True,0.04567307692307692,0.6009615384615384,True,5.0,True,True,10.0,True,True,15.0,True,True,True,True,True,False,True,-1.0,True,-1.0,-1.0,0.6402439024390244,104.0,0.16666666666666666,,4,True,True,False,False,False,Q3,0.05-0.15R,10:30-11:00,narrowest,Fri
2022-09-19,up,True,5,0.08958333333333333,1.8317560462670872,1,False,True,0.15416666666666667,0.7916666666666666,True,20.0,True,True,45.0,True,True,50.0,True,False,True,False,True,False,True,-1.0,True,-1.0,-1.0,-1.0,120.0,0.2833333333333333,,0,True,True,False,False,False,Q3,0.05-0.15R,10:30-11:00,narrow,Mon
2022-09-20,up,True,20,0.08196721311475409,1.1116625310173698,3,False,True,0.036885245901639344,1.2336065573770492,True,5.0,True,True,100.0,False,True,145.0,True,True,True,True,True,False,False,1.5774647887323943,True,1.0,2.0,0.1670235546038544,61.0,0.016666666666666666,,1,True,True,True,False,False,Q2,0.05-0.15R,10:30-11:00,narrowest,Tue
2022-09-20,down,False,175,0.07377049180327869,2.8974358974358974,1,True,True,0.27459016393442626,0.9631147540983607,True,55.0,False,True,55.0,False,True,95.0,True,True,True,True,True,False,False,-1.0,True,1.0,-1.0,0.4427710843373494,61.0,0.016666666666666666,,1,True,True,False,False,False,Q4_strong,0.05-0.15R,12:00-13:30,narrowest,Tue
2022-09-21,up,True,120,0.0860655737704918,2.0545073375262053,6,False,True,0.036885245901639344,2.319672131147541,True,5.0,True,True,5.0,True,True,90.0,True,True,True,True,True,False,False,-1.0,True,-1.0,-1.0,-0.541704857928506,61.0,0.025,,2,True,True,True,True,True,Q3,0.05-0.15R,12:00-13:30,narrowest,Wed
2022-09-21,down,False,210,2.4221311475409837,32.93515358361775,1,True,True,1.6762295081967213,3.8524590163934427,True,30.0,True,True,30.0,False,True,40.0,True,True,True,True,True,False,True,-0.48667601683029454,True,-1.0,-1.0,-0.25806451612903225,61.0,0.025,,2,True,True,True,True,True,Q4_strong,>0.30R,after 13:30,narrowest,Wed
2022-09-22,down,True,20,0.08620689655172414,1.4288240495137048,3,False,True,0.008620689655172414,0.4849137931034483,True,5.0,True,True,55.0,True,True,250.0,True,True,True,True,True,False,True,-1.0,True,-1.0,-1.0,0.7225,116.0,0.26666666666666666,,3,True,False,False,False,False,Q2,0.05-0.15R,10:30-11:00,narrow,Thu
2022-09-23,down,True,95,0.02448210922787194,1.2238805970149254,3,False,False,,0.8229755178907722,True,5.0,True,True,45.0,True,True,70.0,False,False,False,False,False,False,False,-0.5565529622980251,True,1.0,-0.5348399246704332,-1.0,132.75,0.4666666666666667,,4,True,True,False,False,False,Q2,<0.05R,12:00-13:30,mid,Fri
2022-09-26,down,True,115,0.06914212548015365,1.0,2,False,True,0.1702944942381562,0.2535211267605634,True,20.0,True,True,25.0,True,True,145.0,False,False,False,False,True,False,True,0.09673790776152981,True,0.24839948783610755,0.24839948783610755,-0.75,195.25,0.85,,0,True,False,False,False,False,Q2,0.05-0.15R,12:00-13:30,widest,Mon
2022-09-27,down,True,55,0.15644171779141106,1.4752370916754478,4,False,True,0.08895705521472393,1.053680981595092,True,10.0,True,False,,False,False,,False,False,False,False,False,False,True,1.2850467289719627,True,1.0,2.0,,163.0,0.7333333333333333,,1,True,True,True,False,False,Q2,0.15-0.30R,11:00-12:00,wide,Tue
2022-09-28,up,True,15,0.08551483420593368,0.587149187592319,2,False,False,,1.425828970331588,True,5.0,True,True,10.0,True,False,,False,False,False,False,False,False,True,1.5618479880774963,True,1.0,2.0,,143.25,0.6,,2,True,True,True,False,False,Q1_weak,0.05-0.15R,10:30-11:00,wide,Wed
2022-09-29,down,True,200,0.07091469681397738,1.897810218978102,4,False,True,0.06372045220966084,0.2774922918807811,True,45.0,False,True,80.0,True,True,100.0,False,False,False,False,True,False,False,-0.648064806480648,True,-0.5981500513874615,-0.5981500513874615,0.3886138613861386,243.25,1.0,,3,True,False,False,False,False,Q3,0.05-0.15R,after 13:30,widest,Thu
2022-09-30,up,True,0,0.17580340264650285,1.9456066945606694,4,False,True,0.11720226843100189,0.6200378071833649,True,15.0,True,True,70.0,False,True,90.0,True,True,True,True,True,True,False,-1.0,True,1.0,-1.0,0.6417624521072797,132.25,0.43333333333333335,,4,True,True,False,False,False,Q3,0.15-0.30R,10:30-11:00,mid,Fri
2022-09-30,down,False,250,0.003780718336483932,1.9811320754716981,2,True,True,0.07750472589792061,0.8979206049149339,True,5.0,True,True,20.0,True,False,,False,False,False,False,True,False,True,1.6848030018761726,True,1.0,1.7051039697542534,,132.25,0.43333333333333335,,4,True,True,False,False,False,Q3,<0.05R,after 13:30,mid,Fri
2022-10-03,up,True,10,0.027259684361549498,0.43322475570032576,1,False,False,,0.8278335724533716,True,5.0,True,True,10.0,True,True,15.0,False,False,False,False,False,False,True,0.7836734693877551,True,1.0,0.8809182209469153,-1.0,174.25,0.7666666666666667,,0,True,True,False,False,False,Q1_weak,<0.05R,10:30-11:00,wide,Mon
2022-10-04,up,True,25,0.014705882352941176,0.521860465116279,2,False,False,,0.049019607843137254,True,5.0,True,True,5.0,True,True,5.0,True,False,True,False,False,False,False,-1.0,True,-1.0,-1.0,0.19230769230769232,153.0,0.65,,1,False,False,False,False,False,Q1_weak,<0.05R,10:30-11:00,wide,Tue
2022-10-05,down,True,0,0.0630048465266559,0.4738197424892704,4,False,False,,0.1147011308562197,True,5.0,False,True,5.0,True,True,50.0,True,True,True,True,False,False,False,-1.0,True,-1.0,-1.0,1.5650557620817844,154.75,0.6666666666666666,,2,False,False,False,False,False,Q1_weak,0.05-0.15R,10:30-11:00,wide,Wed
2022-10-05,up,False,135,0.13731825525040386,2.602996254681648,3,True,True,0.16155088852988692,1.111470113085622,True,10.0,True,False,,False,False,,False,False,False,False,True,True,True,1.3536121673003803,True,1.0,2.0,,154.75,0.6666666666666666,,2,True,True,True,False,False,Q4_strong,0.05-0.15R,12:00-13:30,wide,Wed
2022-10-07,down,True,45,0.05154639175257732,1.662631154156578,3,False,True,0.05154639175257732,1.1082474226804124,True,10.0,True,True,10.0,True,False,,False,False,False,False,True,False,True,1.719626168224299,True,1.0,2.0,,145.5,0.6166666666666667,,4,True,True,True,False,False,Q3,0.05-0.15R,11:00-12:00,wide,Fri
2022-10-10,down,True,5,0.1993006993006993,2.5064935064935066,2,False,True,0.21678321678321677,0.743006993006993,True,45.0,True,True,70.0,True,True,195.0,True,False,True,False,True,False,True,-1.0,True,1.0,-1.0,-0.4355495251017639,143.0,0.5666666666666667,,0,True,True,False,False,False,Q4_strong,0.15-0.30R,10:30-11:00,mid,Mon
2022-10-11,up,True,70,0.1728,2.3083264633140974,7,False,False,,0.6064,True,20.0,True,True,20.0,True,True,185.0,True,True,True,True,False,False,False,-1.0,True,1.0,-1.0,0.5469953775038521,156.25,0.7166666666666667,,1,True,True,False,False,False,Q3,0.15-0.30R,11:00-12:00,wide,Tue
2022-10-13,up,True,35,0.3404004711425206,3.9381818181818184,2,False,True,0.3392226148409894,2.100117785630153,False,,False,False,,False,False,,False,False,False,False,True,True,True,0.7848633496846531,False,,,,212.25,0.9333333333333333,,3,True,True,True,True,True,Q4_strong,>0.30R,11:00-12:00,widest,Thu
2022-10-14,down,True,10,0.0007194244604316547,1.4591937069813177,1,False,True,0.010071942446043165,0.3834532374100719,True,5.0,True,True,5.0,True,True,15.0,False,False,False,False,True,False,True,0.6422413793103449,True,0.6446043165467625,0.6446043165467625,-1.0,347.5,1.0,,4,True,False,False,False,False,Q2,<0.05R,10:30-11:00,widest,Fri
2022-10-18,down,True,0,0.017316017316017316,0.30703624733475476,5,False,True,0.0836940836940837,1.0216450216450217,True,5.0,True,True,15.0,True,False,,False,False,False,False,False,False,True,1.899581589958159,True,1.0,2.0,,173.25,0.75,,1,True,True,True,False,False,Q1_weak,<0.05R,10:30-11:00,wide,Tue
2022-10-19,down,True,150,0.2630057803468208,4.228250701590271,2,True,True,0.1416184971098266,0.35260115606936415,True,60.0,False,True,60.0,True,True,65.0,False,False,False,False,True,False,False,-0.6818181818181818,True,-0.5144508670520231,-0.5144508670520231,0.3146417445482866,173.0,0.7333333333333333,,2,True,False,False,False,False,Q4_strong,0.15-0.30R,12:00-13:30,wide,Wed
2022-10-20,down,True,195,0.010515247108307046,3.032258064516129,2,False,True,0.04416403785488959,0.2092534174553102,True,5.0,True,True,10.0,True,False,,False,False,False,False,True,False,True,0.006179196704428424,True,0.027339642481598318,0.027339642481598318,,237.75,0.9333333333333333,,3,False,False,False,False,False,Q4_strong,<0.05R,after 13:30,widest,Thu
2022-10-21,up,True,90,0.06630434782608696,1.2716763005780347,2,False,True,0.04456521739130435,0.6478260869565218,True,5.0,True,True,5.0,True,False,,False,False,False,False,True,False,True,0.8714011516314779,True,1.0,1.1195652173913044,,230.0,0.9166666666666666,,4,True,True,False,False,False,Q2,0.05-0.15R,11:00-12:00,widest,Fri
2022-10-24,up,True,105,0.07331042382588775,1.2867898699520877,3,False,True,0.013745704467353952,0.41122565864833904,True,5.0,True,True,15.0,True,True,65.0,False,False,False,False,True,False,True,0.2997002997002997,True,0.49026345933562426,0.49026345933562426,-1.0,218.25,0.9,,0,True,False,False,False,False,Q2,0.05-0.15R,12:00-13:30,widest,Mon
2022-10-25,up,True,35,0.04006677796327212,1.802304964539007,2,False,True,0.028380634390651086,0.41903171953255425,True,5.0,True,True,5.0,True,True,130.0,False,False,False,False,True,False,True,0.5162287480680062,True,0.6377295492487479,0.6377295492487479,-1.0,149.75,0.6083333333333333,,1,True,False,False,False,False,Q3,<0.05R,11:00-12:00,wide,Tue
2022-10-26,up,True,5,0.14790996784565916,1.1633109619686801,3,False,True,0.1414790996784566,0.7395498392282959,True,135.0,False,True,135.0,False,True,165.0,True,False,True,False,True,True,False,-1.0,True,-1.0,-1.0,0.2619647355163728,155.5,0.6666666666666666,,2,True,True,False,False,False,Q2,0.05-0.15R,10:30-11:00,wide,Wed
2022-10-27,down,True,115,0.07116104868913857,2.1069182389937104,4,False,True,0.0299625468164794,0.21722846441947566,True,5.0,True,True,5.0,True,True,40.0,False,False,False,False,True,False,True,0.08306010928961749,True,0.23720349563046192,0.23720349563046192,-1.0,200.25,0.85,,3,False,False,False,False,False,Q3,0.05-0.15R,12:00-13:30,widest,Thu
2022-10-28,up,True,5,0.07115135834411385,1.2,5,False,True,0.07373868046571798,1.0659767141009056,False,,False,False,,False,False,,False,False,False,False,True,True,True,1.6262740656851642,False,,,,193.25,0.7833333333333333,,4,True,True,True,False,False,Q2,0.05-0.15R,10:30-11:00,wide,Fri
2022-10-31,down,True,0,0.020522388059701493,0.56,3,False,False,,0.15858208955223882,True,5.0,True,True,5.0,True,True,35.0,True,False,True,False,False,False,False,-1.0,True,-1.0,-1.0,0.2413793103448276,134.0,0.4,,0,False,False,False,False,False,Q1_weak,<0.05R,10:30-11:00,mid,Mon
2022-11-01,down,True,10,0.012307692307692308,1.1715976331360947,2,False,True,0.048205128205128206,0.2441025641025641,True,5.0,True,True,10.0,True,False,,False,False,False,False,True,False,True,0.3383383383383383,True,0.3712820512820513,0.3712820512820513,,243.75,0.9833333333333333,,1,False,False,False,False,False,Q2,<0.05R,10:30-11:00,widest,Tue
2022-11-02,down,True,40,0.25846153846153846,2.0681551116333727,4,False,True,0.15384615384615385,3.9753846153846153,True,160.0,True,True,170.0,False,True,170.0,True,True,True,True,True,False,True,-1.0,True,-1.0,-1.0,-0.28825622775800713,81.25,0.06666666666666667,,2,True,True,True,True,True,Q3,0.15-0.30R,11:00-12:00,narrowest,Wed
2022-11-02,up,False,210,0.7476923076923077,20.442176870748302,1,True,True,1.356923076923077,1.4646153846153847,True,15.0,True,True,35.0,False,True,50.0,True,True,True,True,True,True,False,0.20221948212083848,True,1.0,2.0,-0.3297071129707113,81.25,0.06666666666666667,,2,True,True,True,False,False,Q4_strong,>0.30R,after 13:30,narrowest,Wed
2022-11-03,up,True,15,0.17615658362989323,1.7670416942422236,3,False,True,0.10142348754448399,0.2846975088967972,True,10.0,True,True,20.0,True,True,40.0,True,False,True,False,True,False,False,-1.0,True,-1.0,-1.0,0.47191011235955055,140.5,0.48333333333333334,,3,True,False,False,False,False,Q3,0.15-0.30R,10:30-11:00,mid,Thu
2022-11-04,down,True,80,0.014629049111807733,1.2710280373831775,6,True,True,0.04179728317659352,0.258098223615465,True,5.0,True,True,15.0,True,True,245.0,True,False,True,False,True,False,False,-1.0,True,-1.0,-1.0,,239.25,0.95,,4,True,False,False,False,False,Q2,<0.05R,11:00-12:00,widest,Fri
2022-11-07,up,True,225,0.1934156378600823,3.531409168081494,2,False,True,0.13786008230452676,0.5740740740740741,False,,False,False,,False,False,,False,False,False,False,True,True,True,0.26409495548961426,False,,,,121.5,0.25,,0,True,True,False,False,False,Q4_strong,0.15-0.30R,after 13:30,narrow,Mon
2022-11-08,up,True,5,0.021479713603818614,0.22707423580786026,2,False,True,0.028639618138424822,1.1431980906921242,True,5.0,True,True,170.0,False,True,200.0,True,True,True,True,True,False,False,1.8764302059496567,True,1.0,2.0,0.19256308100929614,104.75,0.16666666666666666,,1,True,True,True,False,False,Q1_weak,<0.05R,10:30-11:00,narrowest,Tue
2022-11-08,down,False,230,0.3341288782816229,3.2550607287449393,2,True,True,0.45346062052505964,0.7446300715990454,True,20.0,False,True,20.0,False,True,40.0,True,True,True,True,True,False,False,-1.0,True,-1.0,-1.0,0.4361493123772102,104.75,0.16666666666666666,,1,True,True,False,False,False,Q4_strong,>0.30R,after 13:30,narrowest,Tue
2022-11-09,down,True,20,0.08,1.3048543689320389,1,False,False,,1.5914285714285714,True,5.0,True,True,10.0,True,True,15.0,True,False,True,False,False,False,True,-1.0,True,-1.0,-1.0,-1.0,87.5,0.08333333333333333,,2,True,True,True,True,False,Q2,0.05-0.15R,10:30-11:00,narrowest,Wed
2022-11-10,up,True,60,0.02753441802252816,1.0684039087947883,3,False,True,0.05006257822277847,0.8798498122653317,True,5.0,True,True,10.0,True,True,65.0,False,False,False,False,True,False,True,1.4638196915776986,True,1.0,1.599499374217772,-1.0,199.75,0.8,,3,True,True,False,False,False,Q2,<0.05R,11:00-12:00,wide,Thu
2022-11-11,up,True,15,0.06640625,1.7647058823529411,2,False,True,0.11067708333333333,0.6015625,True,10.0,True,True,10.0,True,True,20.0,True,False,True,False,True,False,True,-1.0,True,-1.0,-1.0,-1.0,192.0,0.7333333333333333,,4,True,True,False,False,False,Q3,0.05-0.15R,10:30-11:00,wide,Fri
2022-11-14,up,True,75,0.017543859649122806,1.8545837723919916,2,False,True,0.05482456140350877,0.7236842105263158,True,5.0,True,True,5.0,True,True,235.0,True,False,True,False,True,False,False,-1.0,True,1.0,-1.0,0.44341801385681295,114.0,0.15,,0,True,True,False,False,False,Q3,<0.05R,11:00-12:00,narrowest,Mon
2022-11-15,down,True,165,0.417910447761194,6.346433770014555,3,False,True,0.4054726368159204,1.9751243781094527,False,,False,False,,False,False,,False,False,False,False,False,False,True,0.6341463414634146,False,,,,100.5,0.11666666666666667,,1,True,True,True,True,False,Q4_strong,>0.30R,12:00-13:30,narrowest,Tue
2022-11-16,down,True,20,0.12249443207126949,1.8280922431865827,4,False,True,0.08463251670378619,0.155902004454343,True,10.0,False,True,10.0,True,True,100.0,True,False,True,False,True,False,False,-1.0,True,-1.0,-1.0,-0.5294117647058824,112.25,0.16666666666666666,,2,False,False,False,False,False,Q3,0.05-0.15R,10:30-11:00,narrowest,Wed
2022-11-17,up,True,85,0.2771317829457364,4.865979381443299,2,False,True,0.3313953488372093,0.7926356589147286,True,160.0,False,True,190.0,False,True,195.0,False,False,False,False,True,True,True,0.03740648379052369,True,0.6124031007751938,0.6124031007751938,-0.5068762278978389,129.0,0.3,,3,True,True,False,False,False,Q4_strong,0.15-0.30R,11:00-12:00,narrow,Thu
2022-11-18,down,True,25,0.017991004497751123,2.149954832881662,2,False,True,0.10944527736131934,0.4122938530734633,True,5.0,True,True,15.0,True,True,20.0,False,False,False,False,True,False,False,-0.402315484804631,True,-0.3808095952023988,-0.3808095952023988,-1.0,166.75,0.65,,4,True,False,False,False,False,Q3,<0.05R,10:30-11:00,wide,Fri
2022-11-21,down,True,15,0.04888888888888889,0.7073509015256587,2,False,True,0.03777777777777778,0.30444444444444446,True,5.0,True,True,5.0,True,True,20.0,False,False,False,False,True,False,False,-0.08906882591093117,True,-0.0,-0.0,-1.0,112.5,0.16666666666666666,,0,True,False,False,False,False,Q1_weak,<0.05R,10:30-11:00,narrowest,Mon
2022-11-22,up,True,15,0.13613861386138615,2.4182242990654204,2,False,True,0.25495049504950495,1.297029702970297,True,30.0,True,False,,False,False,,False,False,False,False,True,True,True,1.3579766536964981,True,1.0,2.0,,101.0,0.11666666666666667,,1,True,True,True,False,False,Q4_strong,0.05-0.15R,10:30-11:00,narrowest,Tue
2022-11-23,up,True,0,0.052845528455284556,1.1534883720930234,1,False,True,0.008130081300813009,0.1991869918699187,True,10.0,True,True,15.0,True,True,60.0,True,True,True,True,True,False,True,-1.0,True,-1.0,-1.0,3.2720588235294117,123.0,0.3,,2,False,False,False,False,False,Q2,0.05-0.15R,10:30-11:00,narrow,Wed
2022-11-28,down,True,95,0.0585480093676815,1.8495297805642634,3,False,False,,0.9976580796252927,True,5.0,True,True,10.0,True,True,30.0,False,False,False,False,False,False,True,1.0775681341719077,True,1.0,1.3208430913348945,-1.0,106.75,0.16666666666666666,,0,True,True,False,False,False,Q3,0.05-0.15R,12:00-13:30,narrowest,Mon
2022-11-29,down,True,30,0.25842696629213485,4.54390243902439,1,True,True,0.6441947565543071,1.4419475655430711,False,,False,False,,False,False,,False,False,False,False,False,False,True,0.9777777777777777,False,,,,66.75,0.05,,1,True,True,True,False,False,Q4_strong,0.15-0.30R,10:30-11:00,narrowest,Tue
2022-11-30,down,True,30,0.06772908366533864,0.9634255129348795,1,False,False,,0.33067729083665337,True,5.0,True,True,5.0,True,True,5.0,True,True,True,True,False,False,False,-1.0,True,-1.0,-1.0,-1.0,62.75,0.05,,2,True,False,False,False,False,Q2,0.05-0.15R,10:30-11:00,narrowest,Wed
2022-11-30,up,False,180,0.40239043824701193,5.833333333333333,3,True,True,0.6812749003984063,7.52589641434263,False,,False,False,,False,False,,False,False,False,False,True,True,True,0.6622516556291391,False,,,,62.75,0.05,,2,True,True,True,True,True,Q4_strong,>0.30R,12:00-13:30,narrowest,Wed
2022-12-02,up,True,70,0.06277056277056277,1.745635910224439,1,False,True,0.05844155844155844,0.8203463203463204,True,5.0,True,True,10.0,True,True,55.0,False,False,False,False,True,False,True,0.8269230769230769,True,1.0,1.0562770562770563,-1.0,115.5,0.26666666666666666,,4,True,True,False,False,False,Q3,0.05-0.15R,11:00-12:00,narrow,Fri
2022-12-05,down,True,60,0.011574074074074073,2.1600771456123433,5,False,True,0.12268518518518519,1.099537037037037,True,5.0,True,True,5.0,True,False,,False,False,False,False,False,False,True,1.9321266968325792,True,1.0,2.0,,108.0,0.2,,0,True,True,True,False,False,Q3,<0.05R,11:00-12:00,narrow,Mon
2022-12-06,down,True,30,0.029525032092426188,0.3846838824577026,3,False,False,,0.5596919127086007,True,5.0,True,True,10.0,True,True,20.0,False,False,False,False,False,False,True,0.41454545454545455,True,1.0,0.4980744544287548,-1.0,194.75,0.8083333333333333,,1,True,True,False,False,False,Q1_weak,<0.05R,10:30-11:00,widest,Tue
2022-12-08,up,True,185,0.04825737265415549,1.5580286168521462,5,False,True,0.022788203753351208,0.11796246648793565,True,15.0,False,True,15.0,True,True,25.0,False,False,False,False,True,False,False,-0.26894865525672373,True,-0.19839142091152814,-0.19839142091152814,-0.46357615894039733,186.5,0.7333333333333333,,3,False,False,False,False,False,Q3,<0.05R,after 13:30,wide,Thu
2022-12-09,up,True,5,0.06997742663656885,1.4566265060240964,3,False,True,0.022573363431151242,0.5191873589164786,True,5.0,True,True,5.0,True,True,305.0,True,False,True,False,True,False,False,-1.0,True,1.0,-1.0,0.2748917748917749,110.75,0.21666666666666667,,4,True,True,False,False,False,Q2,0.05-0.15R,10:30-11:00,narrow,Fri
2022-12-12,down,True,15,0.033707865168539325,1.8852459016393444,1,False,False,,0.16853932584269662,True,5.0,True,True,5.0,True,True,15.0,True,True,True,True,False,False,False,-1.0,True,-1.0,-1.0,0.5678391959798995,66.75,0.075,,0,False,False,False,False,False,Q3,<0.05R,10:30-11:00,narrowest,Mon
2022-12-12,up,False,195,0.0149812734082397,2.0869565217391304,2,True,True,0.018726591760299626,1.6329588014981273,True,5.0,True,True,5.0,True,True,20.0,False,False,False,False,True,False,True,1.9127272727272728,True,1.0,2.0,-1.0,66.75,0.075,,0,True,True,True,True,False,Q3,<0.05R,after 13:30,narrowest,Mon
2022-12-13,down,True,5,0.26134969325153373,3.5798507462686566,1,False,False,,1.2417177914110429,True,10.0,True,True,35.0,True,False,,False,False,False,False,False,False,True,0.9701853344077357,True,1.0,2.0,,203.75,0.8666666666666667,,1,True,True,True,False,False,Q4_strong,0.15-0.30R,10:30-11:00,widest,Tue
2022-12-14,up,True,30,0.015350877192982455,1.4588235294117646,2,False,False,,0.2236842105263158,True,5.0,True,True,5.0,True,True,5.0,True,True,True,True,False,False,False,-1.0,True,-1.0,-1.0,-1.0,114.0,0.275,,2,False,False,False,False,False,Q2,<0.05R,10:30-11:00,narrow,Wed
2022-12-14,down,False,210,0.22587719298245615,18.099547511312217,2,True,True,1.1842105263157894,1.763157894736842,True,70.0,False,True,70.0,False,False,,True,False,False,False,False,False,True,1.066465256797583,True,-1.0,-1.0,,114.0,0.275,,2,True,True,True,True,False,Q4_strong,0.15-0.30R,after 13:30,narrow,Wed
2022-12-15,down,True,25,0.05026455026455026,0.6437177280550774,4,False,True,0.07407407407407407,0.6481481481481481,True,5.0,True,False,,False,False,,False,False,False,False,True,False,True,0.5432692307692307,True,1.0,0.6984126984126984,,189.0,0.7333333333333333,,3,True,True,False,False,False,Q1_weak,0.05-0.15R,10:30-11:00,wide,Thu
2022-12-16,down,True,0,0.07154471544715447,0.5742771684945165,3,False,False,,0.40487804878048783,True,5.0,True,True,5.0,True,True,300.0,False,False,False,False,False,False,False,-0.1763869132290185,True,-0.05853658536585366,-0.05853658536585366,-0.36428571428571427,153.75,0.5333333333333333,,4,True,False,False,False,False,Q1_weak,0.05-0.15R,10:30-11:00,mid,Fri
2022-12-19,down,True,30,0.09902912621359224,1.1509769094138542,3,False,True,0.06019417475728155,0.7650485436893204,True,10.0,True,True,15.0,True,False,,False,False,False,False,True,False,True,0.3824959481361426,True,1.0,0.6563106796116505,,128.75,0.31666666666666665,,0,True,True,False,False,False,Q2,0.05-0.15R,10:30-11:00,narrow,Mon
2022-12-20,up,True,0,0.049099836333878884,0.7688787185354692,5,False,True,0.03600654664484452,0.18003273322422259,True,10.0,False,True,25.0,True,True,40.0,True,False,True,False,True,False,False,-1.0,True,-1.0,-1.0,-0.1488095238095238,152.75,0.5,,1,False,False,False,False,False,Q1_weak,<0.05R,10:30-11:00,mid,Tue
2022-12-21,up,True,0,0.16393442622950818,1.5313807531380752,2,False,True,0.19262295081967212,0.7110655737704918,False,,False,False,,False,False,,False,False,False,False,True,True,True,0.16358024691358025,False,,,,122.0,0.3,,2,True,True,False,False,False,Q2,0.15-0.30R,10:30-11:00,narrow,Wed
2022-12-22,down,True,0,0.11621621621621622,1.193782383419689,3,False,True,0.05405405405405406,0.8256756756756757,True,15.0,True,True,15.0,True,True,320.0,False,False,False,False,True,False,False,-0.4649122807017544,True,1.0,-0.34054054054054056,0.0027210884353741495,185.0,0.7,,3,True,True,False,False,False,Q2,0.05-0.15R,10:30-11:00,wide,Thu
2022-12-23,up,True,0,0.11573236889692586,1.3150684931506849,2,False,True,0.019891500904159132,0.352622061482821,True,15.0,False,True,15.0,True,True,20.0,True,False,True,False,True,False,True,-1.0,True,-1.0,-1.0,-0.6910299003322259,138.25,0.4166666666666667,,4,True,False,False,False,False,Q2,0.05-0.15R,10:30-11:00,mid,Fri
2022-12-28,down,True,25,0.2504638218923933,2.1232539030402626,2,False,True,0.17810760667903525,0.764378478664193,True,120.0,True,True,125.0,False,False,,False,False,False,False,True,False,True,0.5710754017305315,True,1.0,1.3580705009276437,,134.75,0.4,,2,True,True,False,False,False,Q3,0.15-0.30R,10:30-11:00,mid,Wed
2022-12-29,up,True,5,0.0405616224648986,0.8166666666666667,2,False,True,0.0234009360374415,0.3416536661466459,True,10.0,True,True,10.0,True,False,,False,False,False,False,True,False,True,0.10101010101010101,True,0.19032761310452417,0.19032761310452417,,160.25,0.65,,3,True,False,False,False,False,Q1_weak,<0.05R,10:30-11:00,wide,Thu
2022-12-30,up,True,15,0.1978319783197832,1.9813953488372091,3,False,False,,0.8482384823848238,True,5.0,True,True,5.0,True,True,30.0,True,False,True,False,False,False,True,-1.0,True,-1.0,-1.0,-1.0,92.25,0.1,,4,True,True,False,False,False,Q3,0.15-0.30R,10:30-11:00,narrowest,Fri
2023-01-03,down,True,0,0.016553067185978577,1.1488250652741514,2,False,False,,0.31353456669912366,True,5.0,True,True,5.0,True,True,15.0,False,False,False,False,False,False,False,-0.16399622997172478,True,-0.13631937682570594,-0.13631937682570594,-1.0,256.75,0.9833333333333333,,1,True,False,False,False,False,Q2,<0.05R,10:30-11:00,widest,Tue
2023-01-04,up,True,65,0.06147540983606557,1.3852140077821011,3,False,True,0.2062841530054645,0.12021857923497267,True,15.0,True,True,25.0,True,True,150.0,True,False,True,False,True,False,False,-1.0,True,-1.0,-1.0,-0.31516587677725116,183.0,0.7,,2,False,False,False,False,False,Q2,0.05-0.15R,11:00-12:00,wide,Wed
2023-01-05,down,True,320,0.08666666666666667,2.1635220125786163,3,False,False,,0.08666666666666667,True,5.0,False,True,5.0,True,False,,False,False,False,False,False,False,False,-0.22727272727272727,True,-0.09333333333333334,-0.09333333333333334,,112.5,0.24166666666666667,,3,False,False,False,False,False,Q3,0.05-0.15R,after 13:30,narrow,Thu
2023-01-06,up,True,5,0.05314685314685315,0.9302325581395349,2,False,True,0.06293706293706294,1.234965034965035,True,5.0,True,True,5.0,True,False,,False,False,False,False,True,True,True,1.7117572692793932,True,1.0,2.0,,178.75,0.6833333333333333,,4,True,True,True,False,False,Q1_weak,0.05-0.15R,10:30-11:00,wide,Fri
2023-01-09,up,True,0,0.0345489443378119,2.0357142857142856,2,False,True,0.13051823416506717,0.46449136276391556,True,185.0,False,True,185.0,True,True,190.0,True,True,True,True,True,False,False,-1.0,True,-1.0,-1.0,0.9715762273901809,130.25,0.4,,0,True,False,False,False,False,Q3,<0.05R,10:30-11:00,mid,Mon
2023-01-09,down,False,315,0.015355086372360844,2.3624161073825505,1,True,False,,0.2687140115163148,True,5.0,True,False,,False,False,,False,False,False,False,False,False,True,0.07076350093109869,True,0.1036468330134357,0.1036468330134357,,130.25,0.4,,0,True,False,False,False,False,Q4_strong,<0.05R,after 13:30,mid,Mon
2023-01-10,down,True,10,0.04819277108433735,1.4597620713785864,1,False,False,,0.11876075731497418,True,5.0,True,True,5.0,True,True,10.0,True,True,True,True,False,False,False,-1.0,True,-1.0,-1.0,1.4074074074074074,145.25,0.5,,1,False,False,False,False,False,Q2,<0.05R,10:30-11:00,mid,Tue
2023-01-10,up,False,325,0.0189328743545611,5.743589743589744,3,True,True,0.025817555938037865,0.0,False,,False,False,,False,False,,False,False,False,False,False,False,False,,False,,,,145.25,0.5,,1,False,False,False,False,False,Q4_strong,<0.05R,after 13:30,mid,Tue
2023-01-11,up,True,100,0.11597938144329897,1.4305364511691885,3,False,True,0.059278350515463915,0.9432989690721649,True,65.0,True,False,,False,False,,False,False,False,False,True,True,True,1.292887029288703,True,1.0,1.824742268041237,,97.0,0.11666666666666667,,2,True,True,False,False,False,Q2,0.05-0.15R,12:00-13:30,narrowest,Wed
2023-01-12,up,True,105,0.01566265060240964,0.6605019815059445,3,False,True,0.004819277108433735,0.26987951807228916,True,5.0,True,True,70.0,True,True,70.0,False,False,False,False,True,False,True,0.09579439252336448,True,0.13012048192771083,0.13012048192771083,-1.0,207.5,0.9,,3,True,False,False,False,False,Q1_weak,<0.05R,12:00-13:30,widest,Thu
2023-01-13,up,True,15,0.07505518763796909,1.7012448132780082,3,False,False,,0.8609271523178808,True,5.0,True,True,5.0,True,True,25.0,True,False,True,False,False,False,True,-1.0,True,-1.0,-1.0,-1.0,113.25,0.2833333333333333,,4,True,True,False,False,False,Q3,0.05-0.15R,10:30-11:00,narrow,Fri
2023-01-18,down,True,5,0.19197707736389685,2.861516034985423,2,False,True,0.1977077363896848,2.312320916905444,False,,False,False,,False,False,,False,False,False,False,False,False,True,1.1677018633540373,False,,,,87.25,0.08333333333333333,,2,True,True,True,True,True,Q4_strong,0.15-0.30R,10:30-11:00,narrowest,Wed
2023-01-19,down,True,20,0.061381074168797956,0.463960231980116,3,False,True,0.05370843989769821,0.4117647058823529,True,10.0,True,True,15.0,True,True,160.0,True,True,True,True,True,False,False,-1.0,True,-1.0,-1.0,0.903448275862069,97.75,0.15,,3,True,False,False,False,False,Q1_weak,0.05-0.15R,10:30-11:00,narrowest,Thu
2023-01-20,up,True,30,0.011547344110854504,2.6580310880829017,1,False,True,0.08775981524249422,1.8013856812933025,True,5.0,True,False,,False,False,,False,False,False,False,True,True,True,1.9322799097065462,True,1.0,2.0,,108.25,0.25,,4,True,True,True,True,False,Q4_strong,<0.05R,10:30-11:00,narrow,Fri
2023-01-23,up,True,0,0.002663115845539281,0.5308498253783469,1,False,True,0.02130492676431425,0.6577896138482024,True,5.0,True,True,5.0,True,False,,False,False,False,False,True,False,True,0.7576158940397351,True,1.0,0.7669773635153129,,187.75,0.8,,0,True,True,False,False,False,Q1_weak,<0.05R,10:30-11:00,wide,Mon
2023-01-25,up,True,45,0.05263157894736842,1.641025641025641,2,True,True,0.13958810068649885,1.643020594965675,True,5.0,True,True,5.0,True,False,,False,False,False,False,False,False,True,1.7142857142857142,True,1.0,2.0,,109.25,0.26666666666666666,,2,True,True,True,True,False,Q3,0.05-0.15R,11:00-12:00,narrow,Wed
2023-01-26,down,True,20,0.087890625,2.7503410641200547,1,False,True,0.244140625,0.333984375,True,10.0,True,True,20.0,True,True,75.0,True,True,True,True,True,False,False,-1.0,True,-1.0,-1.0,0.7694300518134715,128.0,0.48333333333333334,,3,True,False,False,False,False,Q4_strong,0.05-0.15R,10:30-11:00,mid,Thu
2023-01-26,up,False,290,0.044921875,1.8494623655913978,3,True,True,0.044921875,0.283203125,True,10.0,True,True,20.0,True,False,,False,False,False,False,True,False,True,0.34767025089605735,True,0.46875,0.46875,,128.0,0.48333333333333334,,3,True,False,False,False,False,Q3,<0.05R,after 13:30,mid,Thu
2023-01-27,up,True,70,0.01155115511551155,1.2417685794920037,1,False,False,,0.7607260726072608,True,5.0,True,True,20.0,True,False,,False,False,False,False,False,False,True,0.36451612903225805,True,1.0,0.39603960396039606,,151.5,0.65,,4,True,True,False,False,False,Q2,<0.05R,11:00-12:00,wide,Fri
2023-01-30,down,True,5,0.17062634989200864,1.1840375586854461,7,False,True,0.10583153347732181,0.5831533477321814,True,20.0,True,True,30.0,True,False,,False,False,False,False,True,False,True,0.47342995169082125,True,1.0,0.9762419006479481,,115.75,0.43333333333333335,,0,True,True,False,False,False,Q2,0.15-0.30R,10:30-11:00,mid,Mon
2023-01-31,up,True,0,0.010810810810810811,0.175,2,False,False,,1.0216216216216216,True,5.0,True,True,5.0,True,False,,False,False,False,False,False,False,True,1.9365079365079365,True,1.0,2.0,,92.5,0.13333333333333333,,1,True,True,True,False,False,Q1_weak,<0.05R,10:30-11:00,narrowest,Tue
2023-02-01,down,True,20,0.022026431718061675,1.3976531942633637,4,False,True,0.10572687224669604,0.8105726872246696,True,5.0,True,True,20.0,True,True,160.0,True,True,True,True,True,False,False,-1.0,True,-1.0,-1.0,0.09060402684563758,56.75,0.016666666666666666,,2,True,True,False,False,False,Q2,<0.05R,10:30-11:00,narrowest,Wed
2023-02-01,up,False,215,0.3700440528634361,10.454545454545455,1,True,True,0.31277533039647576,6.312775330396476,True,10.0,True,True,20.0,False,True,25.0,True,True,True,True,True,True,True,-1.0,True,1.0,-1.0,-1.0,56.75,0.016666666666666666,,2,True,True,True,True,True,Q4_strong,>0.30R,after 13:30,narrowest,Wed
2023-02-02,up,True,0,0.4183168316831683,3.885877318116976,2,False,True,0.39603960396039606,1.8440594059405941,True,255.0,False,True,265.0,False,True,265.0,True,False,True,False,True,True,True,0.633423180592992,True,-1.0,-1.0,-0.6305361305361306,101.0,0.20833333333333334,,3,True,True,True,True,False,Q4_strong,>0.30R,10:30-11:00,narrow,Thu
2023-02-03,up,True,5,0.017241379310344827,0.648854961832061,2,False,True,0.0054446460980036296,0.15970961887477314,True,5.0,True,True,15.0,True,True,140.0,True,False,True,False,True,False,False,-1.0,True,-1.0,-1.0,0.6928213689482471,275.5,1.0,,4,False,False,False,False,False,Q1_weak,<0.05R,10:30-11:00,widest,Fri
2023-02-07,up,True,40,0.016181229773462782,0.2254791431792559,3,False,True,0.20064724919093851,3.4207119741100325,True,5.0,True,True,5.0,True,True,140.0,True,True,True,True,True,True,True,1.9059561128526645,True,1.0,2.0,-0.04739336492890995,77.25,0.08333333333333333,,1,True,True,True,True,True,Q1_weak,<0.05R,11:00-12:00,narrowest,Tue
2023-02-07,down,False,180,0.1941747572815534,3.784378437843784,7,True,True,0.6019417475728155,0.2297734627831715,True,5.0,True,True,5.0,True,True,115.0,True,True,True,True,True,False,False,-1.0,True,-1.0,-1.0,-0.6721311475409836,77.25,0.08333333333333333,,1,False,False,False,False,False,Q4_strong,0.15-0.30R,12:00-13:30,narrowest,Tue
2023-02-08,down,True,0,0.4418604651162791,3.0,3,False,True,0.17571059431524547,1.4728682170542635,False,,False,False,,False,False,,False,False,False,False,False,False,True,0.5925925925925926,False,,,,96.75,0.15,,2,True,True,True,False,False,Q4_strong,>0.30R,10:30-11:00,narrowest,Wed
2023-02-09,down,True,30,0.12669683257918551,2.5010526315789474,1,False,True,0.027149321266968326,2.276018099547511,True,5.0,True,True,10.0,True,False,,False,False,False,False,True,True,True,1.3935018050541517,True,1.0,2.0,,110.5,0.31666666666666665,,3,True,True,True,True,True,Q4_strong,0.05-0.15R,10:30-11:00,narrow,Thu
2023-02-10,down,True,85,0.014545454545454545,2.3209876543209877,4,False,True,0.04727272727272727,0.3,True,5.0,True,True,55.0,True,True,75.0,True,False,True,False,True,False,False,-1.0,True,-1.0,-1.0,0.31309904153354634,137.5,0.65,,4,True,False,False,False,False,Q3,<0.05R,11:00-12:00,wide,Fri
2023-02-13,up,True,15,0.10743801652892562,1.9016817593790427,2,False,True,0.1487603305785124,0.7768595041322314,False,,False,False,,False,False,,False,False,False,False,True,True,True,0.7993197278911565,False,,,,121.0,0.5,,0,True,True,False,False,False,Q3,0.05-0.15R,10:30-11:00,mid,Mon
2023-02-15,up,True,55,0.009324009324009324,1.6872727272727273,2,False,True,0.1445221445221445,0.9603729603729604,True,5.0,True,True,5.0,True,False,,False,False,False,False,True,False,True,1.8581235697940504,True,1.0,1.9114219114219113,,107.25,0.25,,2,True,True,False,False,False,Q3,<0.05R,11:00-12:00,narrow,Wed
2023-02-16,up,True,0,0.02982107355864811,0.9137055837563451,4,False,False,,0.5725646123260437,True,5.0,True,True,105.0,True,True,285.0,True,True,True,True,False,False,False,-1.0,True,1.0,-1.0,0.5038022813688213,125.75,0.5333333333333333,,3,True,True,False,False,False,Q1_weak,<0.05R,10:30-11:00,mid,Thu
2023-02-16,down,False,325,0.11928429423459244,2.1281216069489686,2,True,False,,0.0,False,,False,False,,False,False,,False,False,False,False,False,False,False,,False,,,,125.75,0.5333333333333333,,3,False,False,False,False,False,Q3,0.05-0.15R,after 13:30,mid,Thu
2023-02-17,down,True,50,0.0058823529411764705,1.3198757763975155,2,False,True,0.047058823529411764,0.23921568627450981,True,5.0,True,True,15.0,True,True,45.0,True,False,True,False,True,False,False,-1.0,True,-1.0,-1.0,-1.0,127.5,0.55,,4,False,False,False,False,False,Q2,<0.05R,11:00-12:00,mid,Fri
2023-02-21,down,True,35,0.07621247113163972,1.4313487241798297,1,False,True,0.03464203233256351,0.8452655889145496,True,5.0,True,True,5.0,True,False,,False,False,False,False,True,True,True,1.2104208416833668,True,1.0,1.5473441108545034,,108.25,0.2916666666666667,,1,True,True,False,False,False,Q2,0.05-0.15R,11:00-12:00,narrow,Tue
2023-02-22,down,True,0,0.011152416356877323,1.1617473435655254,2,False,False,,0.04460966542750929,True,5.0,False,True,5.0,True,True,15.0,True,True,True,True,False,False,False,-1.0,True,-1.0,-1.0,1.942408376963351,134.5,0.6,,2,False,False,False,False,False,Q2,<0.05R,10:30-11:00,wide,Wed
2023-02-23,down,True,15,0.5078947368421053,3.7935483870967746,3,False,True,0.4131578947368421,1.4342105263157894,True,210.0,False,True,210.0,False,True,225.0,True,False,True,False,True,False,False,0.48825065274151436,True,-1.0,-1.0,0.009943181818181818,95.0,0.15,,3,True,True,True,False,False,Q4_strong,>0.30R,10:30-11:00,narrowest,Thu
2023-02-24,down,True,20,0.03669724770642202,0.912751677852349,2,False,True,0.01834862385321101,0.10091743119266056,True,5.0,True,True,5.0,True,True,25.0,True,False,True,False,True,False,False,-1.0,True,-1.0,-1.0,1.4193548387096775,109.0,0.3,,4,False,False,False,False,False,Q1_weak,<0.05R,10:30-11:00,narrow,Fri
2023-02-27,down,True,5,0.02702702702702703,4.2463503649635035,4,False,True,0.3813813813813814,0.5735735735735735,True,10.0,True,True,30.0,True,False,,False,False,False,False,True,False,True,0.45584045584045585,True,1.0,0.5345345345345346,,83.25,0.08333333333333333,,0,True,True,False,False,False,Q4_strong,<0.05R,10:30-11:00,narrowest,Mon
2023-02-28,up,True,135,0.012121212121212121,1.8052256532066508,2,False,True,0.21515151515151515,0.5909090909090909,True,5.0,True,True,135.0,False,True,135.0,True,False,True,False,True,True,False,-1.0,True,1.0,-1.0,0.8504273504273504,82.5,0.06666666666666667,,1,True,True,False,False,False,Q3,<0.05R,12:00-13:30,narrowest,Tue
2023-03-01,down,True,35,0.09288537549407115,2.0253067484662575,4,False,True,0.25691699604743085,0.22332015810276679,True,20.0,False,True,20.0,True,False,,True,False,False,False,True,False,False,-1.0,True,-1.0,-1.0,,126.5,0.5333333333333333,,2,False,False,False,False,False,Q3,0.05-0.15R,11:00-12:00,mid,Wed
2023-03-02,up,True,185,0.2735294117647059,4.948453608247423,2,False,True,0.20294117647058824,1.9411764705882353,False,,False,False,,False,False,,False,False,False,False,True,True,True,0.9391634980988594,False,,,,85.0,0.1,,3,True,True,True,True,False,Q4_strong,0.15-0.30R,after 13:30,narrowest,Thu
2023-03-03,up,True,100,0.06140350877192982,1.30879345603272,2,False,False,,0.8399122807017544,True,10.0,True,True,20.0,True,False,,False,False,False,False,False,False,True,1.25,True,1.0,1.5263157894736843,,114.0,0.425,,4,True,True,False,False,False,Q2,0.05-0.15R,12:00-13:30,mid,Fri
2023-03-06,up,True,5,0.005263157894736842,0.557427258805513,2,False,True,0.10789473684210527,0.4631578947368421,True,5.0,True,True,115.0,True,True,120.0,True,True,True,True,True,False,False,-1.0,True,-1.0,-1.0,1.376068376068376,95.0,0.175,,0,True,False,False,False,False,Q1_weak,<0.05R,10:30-11:00,narrow,Mon
2023-03-06,down,False,255,0.02894736842105263,3.597430406852248,1,True,True,0.007894736842105263,0.3473684210526316,True,5.0,True,True,5.0,True,False,,False,False,False,False,True,False,True,0.4129353233830846,True,0.49473684210526314,0.49473684210526314,,95.0,0.175,,0,True,False,False,False,False,Q4_strong,<0.05R,after 13:30,narrow,Mon
2023-03-07,down,True,195,0.03424657534246575,1.7857142857142856,4,False,True,0.11095890410958904,0.20821917808219179,True,5.0,True,True,10.0,True,False,,False,False,False,False,False,False,True,0.05128205128205128,True,0.1232876712328767,0.1232876712328767,,182.5,0.8333333333333334,,1,False,False,False,False,False,Q3,<0.05R,after 13:30,widest,Tue
2023-03-08,up,True,0,0.009280742459396751,2.1049475262368813,1,False,True,0.018561484918793503,0.35730858468677495,True,5.0,True,True,5.0,True,True,15.0,True,False,True,False,True,False,True,-1.0,True,-1.0,-1.0,-1.0,107.75,0.2833333333333333,,2,True,False,False,False,False,Q3,<0.05R,10:30-11:00,narrow,Wed
2023-03-09,down,True,135,0.06680161943319839,2.0094562647754137,4,False,True,0.07894736842105263,2.0445344129554655,True,5.0,True,True,5.0,True,False,,False,False,False,False,False,False,True,1.6464285714285714,True,1.0,2.0,,123.5,0.5333333333333333,,3,True,True,True,True,True,Q3,0.05-0.15R,12:00-13:30,mid,Thu
2023-03-10,up,True,55,0.10615384615384615,1.5135135135135136,2,False,True,0.10923076923076923,0.32,True,20.0,False,True,20.0,True,True,30.0,True,True,True,True,True,False,False,-1.0,True,-1.0,-1.0,1.009367681498829,162.5,0.8166666666666667,,4,True,False,False,False,False,Q2,0.05-0.15R,11:00-12:00,widest,Fri
2023-03-10,down,False,175,0.10461538461538461,1.4298480786416443,4,True,True,0.08,0.4307692307692308,True,40.0,False,True,40.0,True,False,,False,False,False,False,True,False,True,0.06870229007633588,True,0.2923076923076923,0.2923076923076923,,162.5,0.8166666666666667,,4,True,False,False,False,False,Q2,0.05-0.15R,12:00-13:30,widest,Fri
2023-03-13,up,True,30,0.07019328585961343,0.5684210526315789,2,False,True,0.09053916581892167,0.5930824008138352,True,5.0,True,True,150.0,False,False,,False,False,False,False,True,False,False,-0.21944692239072258,True,1.0,-0.10986775178026449,,245.75,0.95,,0,True,True,False,False,False,Q1_weak,0.05-0.15R,10:30-11:00,widest,Mon
2023-03-14,up,True,0,0.08735632183908046,0.8546511627906976,3,False,True,0.06666666666666667,0.432183908045977,True,5.0,True,True,10.0,True,True,165.0,True,True,True,True,True,False,True,-1.0,True,-1.0,-1.0,0.6015424164524421,108.75,0.31666666666666665,,1,True,False,False,False,False,Q1_weak,0.05-0.15R,10:30-11:00,narrow,Tue
2023-03-14,down,False,275,0.0022988505747126436,3.3234421364985165,1,True,True,0.2827586206896552,0.296551724137931,True,10.0,True,True,10.0,True,True,35.0,True,True,True,True,True,False,False,-1.0,True,-1.0,-1.0,0.6347826086956522,108.75,0.31666666666666665,,1,True,False,False,False,False,Q4_strong,<0.05R,after 13:30,narrow,Tue
2023-03-15,down,True,0,0.10106382978723404,1.2434017595307918,3,False,False,,0.3191489361702128,True,5.0,True,True,5.0,True,True,25.0,True,True,True,True,False,False,False,-1.0,True,-1.0,-1.0,0.5746031746031746,94.0,0.15,,2,True,False,False,False,False,Q2,0.05-0.15R,10:30-11:00,narrowest,Wed
2023-03-15,up,False,75,0.24468085106382978,1.9081272084805654,2,True,True,0.18617021276595744,1.3962765957446808,True,5.0,True,True,5.0,True,True,20.0,True,False,True,False,True,False,True,-1.0,True,-1.0,-1.0,-1.0,94.0,0.15,,2,True,True,True,False,False,Q3,0.15-0.30R,11:00-12:00,narrowest,Wed
2023-03-16,up,True,10,0.0743801652892562,1.8374142997061704,2,False,True,0.24173553719008264,2.4855371900826446,False,,False,False,,False,False,,False,False,False,False,True,True,True,1.6115107913669064,False,,,,121.0,0.5083333333333333,,3,True,True,True,True,True,Q3,0.05-0.15R,10:30-11:00,mid,Thu
2023-03-17,down,True,0,0.13427561837455831,1.5403295750216826,6,False,True,0.030035335689045935,0.7084805653710248,True,120.0,False,True,160.0,False,False,,False,False,False,False,True,False,True,0.036211699164345405,True,1.0,0.31448763250883394,,141.5,0.7333333333333333,,4,True,True,False,False,False,Q3,0.05-0.15R,10:30-11:00,wide,Fri
2023-03-20,up,True,15,0.021739130434782608,1.7891097666378564,2,False,True,0.024154589371980676,0.7246376811594203,True,5.0,True,True,5.0,True,False,,True,False,False,False,True,True,True,-1.0,True,1.0,-1.0,,103.5,0.26666666666666666,,0,True,True,False,False,False,Q3,<0.05R,10:30-11:00,narrow,Mon
2023-03-21,down,True,20,0.11380145278450363,3.096774193548387,1,False,True,0.13801452784503632,0.20823244552058112,True,5.0,True,True,15.0,True,True,20.0,True,True,True,True,True,False,False,-1.0,True,-1.0,-1.0,-1.0,103.25,0.26666666666666666,,1,False,False,False,False,False,Q4_strong,0.05-0.15R,10:30-11:00,narrow,Tue
2023-03-21,up,False,265,0.026634382566585957,1.4225941422594144,4,True,True,0.048426150121065374,0.5907990314769975,False,,False,False,,False,False,,False,False,False,False,True,True,True,0.6850574712643678,False,,,,103.25,0.26666666666666666,,1,True,True,False,False,False,Q2,<0.05R,after 13:30,narrow,Tue
2023-03-22,up,True,65,0.005698005698005698,1.302170283806344,2,False,True,0.019943019943019943,1.6296296296296295,True,5.0,True,True,5.0,True,True,30.0,True,True,True,True,True,False,False,-1.0,True,-1.0,-1.0,-1.0,87.75,0.11666666666666667,,2,True,True,True,True,False,Q2,<0.05R,11:00-12:00,narrowest,Wed
2023-03-22,down,False,315,0.3504273504273504,0.9417871709306638,4,True,True,0.48717948717948717,1.7692307692307692,False,,False,False,,False,False,,False,False,False,False,True,True,True,0.7638190954773869,False,,,,87.75,0.11666666666666667,,2,True,True,True,True,False,Q1_weak,>0.30R,after 13:30,narrowest,Wed
2023-03-23,up,True,10,0.011235955056179775,1.3346855983772818,2,False,True,0.24269662921348314,0.651685393258427,True,5.0,True,True,145.0,False,True,150.0,True,True,True,True,True,True,False,-1.0,True,1.0,-1.0,0.7970660146699267,111.25,0.45,,3,True,True,False,False,False,Q2,<0.05R,10:30-11:00,mid,Thu
2023-03-23,down,False,235,0.30112359550561796,3.99548532731377,3,True,True,0.18651685393258427,1.0224719101123596,True,35.0,True,True,80.0,False,False,,True,False,False,False,True,True,False,0.8723702664796634,True,1.0,2.0,,111.25,0.45,,3,True,True,True,False,False,Q4_strong,>0.30R,after 13:30,mid,Thu
2023-03-24,up,True,240,0.04838709677419355,1.9550858652575958,2,True,True,0.0069124423963133645,0.47235023041474655,True,5.0,True,True,20.0,True,False,,False,False,False,False,True,False,True,0.7478991596638656,True,0.9170506912442397,0.9170506912442397,,108.5,0.38333333333333336,,4,True,False,False,False,False,Q3,<0.05R,after 13:30,mid,Fri
2023-03-27,down,True,10,0.014792899408284023,0.29619181946403383,1,False,True,0.08284023668639054,1.363905325443787,True,5.0,True,True,10.0,True,True,10.0,False,False,False,False,True,False,True,1.9137931034482758,True,1.0,2.0,-1.0,84.5,0.08333333333333333,,0,True,True,True,False,False,Q1_weak,<0.05R,10:30-11:00,narrowest,Mon
2023-03-28,down,True,0,0.21103117505995203,3.5783633841886267,3,False,True,0.2565947242206235,0.37170263788968827,True,30.0,True,True,30.0,True,True,325.0,True,False,True,False,True,False,False,-1.0,True,-1.0,-1.0,,104.25,0.3333333333333333,,1,True,False,False,False,False,Q4_strong,0.15-0.30R,10:30-11:00,narrow,Tue
2023-03-29,down,True,5,0.12560386473429952,1.2341772151898736,4,False,False,,0.5120772946859904,True,5.0,True,True,30.0,False,True,70.0,True,True,True,True,False,False,False,-1.0,True,1.0,-1.0,0.2880658436213992,51.75,0.016666666666666666,,2,True,True,False,False,False,Q2,0.05-0.15R,10:30-11:00,narrowest,Wed
2023-03-29,up,False,175,0.04830917874396135,1.0652920962199313,2,True,False,,1.183574879227053,True,5.0,True,True,5.0,True,True,5.0,True,False,True,False,False,False,True,-1.0,True,-1.0,-1.0,-1.0,51.75,0.016666666666666666,,2,True,True,True,False,False,Q2,<0.05R,12:00-13:30,narrowest,Wed
2023-03-30,down,True,185,0.05647840531561462,2.099009900990099,5,True,True,0.08305647840531562,0.22591362126245848,True,15.0,False,True,15.0,True,True,50.0,True,False,True,False,True,False,False,-1.0,True,-1.0,-1.0,0.4230769230769231,75.25,0.05,,3,False,False,False,False,False,Q3,0.05-0.15R,after 13:30,narrowest,Thu
2023-03-31,up,True,0,0.06060606060606061,2.727272727272727,5,False,True,0.08181818181818182,1.803030303030303,False,,False,False,,False,False,,False,False,False,False,True,True,True,1.6756756756756757,False,,,,82.5,0.09166666666666666,,4,True,True,True,True,False,Q4_strong,0.05-0.15R,10:30-11:00,narrowest,Fri
2023-04-03,down,True,20,0.11071428571428571,1.1476091476091477,4,False,True,0.2892857142857143,0.6321428571428571,True,75.0,False,True,80.0,False,True,305.0,True,True,True,True,True,False,False,-1.0,True,1.0,-1.0,,70.0,0.05,,0,True,True,False,False,False,Q2,0.05-0.15R,10:30-11:00,narrowest,Mon
2023-04-03,up,False,325,0.0035714285714285713,1.895734597156398,2,True,False,,0.0,False,,False,False,,False,False,,False,False,False,False,False,False,False,,False,,,,70.0,0.05,,0,False,False,False,False,False,Q3,<0.05R,after 13:30,narrowest,Mon
2023-04-04,down,True,45,0.1343669250645995,1.6369529983792543,1,False,False,,0.6382428940568475,True,10.0,True,True,10.0,True,True,35.0,False,False,False,False,False,False,True,-0.10590631364562118,True,1.0,0.1343669250645995,-1.0,96.75,0.2916666666666667,,1,True,True,False,False,False,Q3,0.05-0.15R,11:00-12:00,narrow,Tue
2023-04-05,down,True,0,0.05851063829787234,0.5185185185185185,2,False,True,0.10904255319148937,0.8723404255319149,True,5.0,True,True,320.0,False,False,,False,False,False,False,True,False,True,0.05714285714285714,True,1.0,0.18085106382978725,,94.0,0.24166666666666667,,2,True,True,False,False,False,Q1_weak,0.05-0.15R,10:30-11:00,narrow,Wed
2023-04-06,up,True,35,0.03722084367245657,1.0609137055837563,2,False,True,0.11662531017369727,1.3598014888337469,False,,False,False,,False,False,,False,False,False,False,False,False,True,1.792147806004619,False,,,,100.75,0.36666666666666664,,3,True,True,True,False,False,Q2,<0.05R,11:00-12:00,narrow,Thu
2023-04-10,up,True,35,0.021148036253776436,1.0816831683168318,2,False,True,0.0755287009063444,1.3836858006042296,True,55.0,True,True,55.0,True,False,,False,False,False,False,True,False,True,1.8782608695652174,True,1.0,2.0,,82.75,0.13333333333333333,,0,True,True,True,False,False,Q2,<0.05R,11:00-12:00,narrowest,Mon
2023-04-11,down,True,25,0.043478260869565216,0.86608442503639,2,False,True,0.02717391304347826,0.16304347826086957,True,5.0,True,True,15.0,True,True,15.0,True,False,True,False,True,False,False,-1.0,True,-1.0,-1.0,-1.0,92.0,0.23333333333333334,,1,False,False,False,False,False,Q1_weak,<0.05R,10:30-11:00,narrow,Tue
2023-04-12,down,True,25,0.16666666666666666,1.9849874895746455,2,False,True,0.13435374149659865,0.6513605442176871,True,45.0,True,True,45.0,True,True,60.0,True,False,True,False,True,False,True,-1.0,True,-1.0,-1.0,-1.0,147.0,0.8833333333333333,,2,True,True,False,False,False,Q3,0.15-0.30R,10:30-11:00,widest,Wed
2023-04-13,up,True,85,0.008438818565400843,2.7807486631016043,1,False,True,0.08860759493670886,0.7573839662447257,True,10.0,True,True,15.0,True,False,,False,False,False,False,True,True,True,1.170124481327801,True,1.0,1.2067510548523206,,118.5,0.6833333333333333,,3,True,True,False,False,False,Q4_strong,<0.05R,11:00-12:00,wide,Thu
2023-04-14,down,True,20,0.06938775510204082,1.0993500464252552,1,False,False,,0.6081632653061224,True,5.0,True,True,5.0,True,True,5.0,False,False,False,False,False,False,False,-0.8172043010752689,True,1.0,-0.7918367346938775,-1.0,122.5,0.7333333333333333,,4,True,True,False,False,False,Q2,0.05-0.15R,10:30-11:00,wide,Fri
2023-04-17,down,True,5,0.11070110701107011,1.8009554140127388,3,False,True,0.13284132841328414,0.9077490774907749,True,20.0,True,True,20.0,True,True,315.0,True,False,True,False,True,False,False,-1.0,True,1.0,-1.0,0.022675736961451247,67.75,0.05,,0,True,True,False,False,False,Q3,0.05-0.15R,10:30-11:00,narrowest,Mon
2023-04-18,down,True,0,0.0497131931166348,1.0523560209424083,3,False,True,0.1931166347992352,0.22179732313575526,True,5.0,True,True,5.0,True,False,,False,False,False,False,False,False,False,-0.4,True,-0.3403441682600382,-0.3403441682600382,,130.75,0.8166666666666667,,1,False,False,False,False,False,Q2,<0.05R,10:30-11:00,widest,Tue
2023-04-19,up,True,5,0.05741626794258373,1.3993055555555556,3,False,True,0.009569377990430622,1.799043062200957,True,5.0,True,True,10.0,True,False,,False,False,False,False,True,True,True,1.6909871244635193,True,1.0,2.0,,52.25,0.03333333333333333,,2,True,True,True,True,False,Q2,0.05-0.15R,10:30-11:00,narrowest,Wed
2023-04-20,up,True,120,0.04265402843601896,1.3291139240506329,2,False,True,0.06398104265402843,0.45734597156398105,True,5.0,True,True,5.0,True,True,105.0,True,True,True,True,True,False,False,-1.0,True,-1.0,-1.0,1.2122302158273381,105.5,0.4666666666666667,,3,True,False,False,False,False,Q2,<0.05R,12:00-13:30,mid,Thu
2023-04-20,down,False,285,0.06635071090047394,1.1955168119551682,2,True,True,0.06635071090047394,0.23222748815165878,True,15.0,False,True,20.0,True,True,40.0,False,False,False,False,True,False,False,-0.6317991631799164,True,-0.5829383886255924,-0.5829383886255924,,105.5,0.4666666666666667,,3,False,False,False,False,False,Q2,0.05-0.15R,after 13:30,mid,Thu
2023-04-21,up,True,85,0.022670025188916875,1.6380182002022243,2,False,True,0.09571788413098237,0.40554156171284633,True,5.0,True,True,5.0,True,False,,False,False,False,False,True,False,True,0.0819277108433735,True,0.1309823677581864,0.1309823677581864,,99.25,0.38333333333333336,,4,True,False,False,False,False,Q3,<0.05R,11:00-12:00,mid,Fri
2023-04-24,down,True,5,0.284375,3.244556113902848,3,False,True,0.384375,1.084375,True,205.0,False,True,215.0,False,False,,False,False,False,False,False,False,False,0.9123505976095617,True,-0.13125,-0.13125,,80.0,0.13333333333333333,,0,True,True,True,False,False,Q4_strong,0.15-0.30R,10:30-11:00,narrowest,Mon
2023-04-25,down,True,0,0.01910828025477707,1.5797468354430382,1,False,False,,1.6687898089171975,True,5.0,True,True,5.0,True,True,15.0,False,False,False,False,False,False,True,1.8895705521472392,True,1.0,2.0,-1.0,78.5,0.13333333333333333,,1,True,True,True,True,False,Q3,<0.05R,10:30-11:00,narrowest,Tue
2023-04-26,up,True,35,0.035211267605633804,0.7977720651242503,3,False,True,0.05985915492957746,0.6302816901408451,True,5.0,True,True,90.0,False,True,160.0,True,True,True,True,True,False,False,-1.0,True,1.0,-1.0,0.24797843665768193,71.0,0.1,,2,True,True,False,False,False,Q1_weak,<0.05R,11:00-12:00,narrowest,Wed
2023-04-26,down,False,245,0.007042253521126761,1.3261648745519714,2,True,True,0.11971830985915492,0.4612676056338028,True,5.0,True,False,,False,False,,False,False,False,False,False,False,True,0.375,True,0.39436619718309857,0.39436619718309857,,71.0,0.1,,2,True,False,False,False,False,Q2,<0.05R,after 13:30,narrowest,Wed
2023-04-27,up,True,0,0.09872611464968153,1.3806818181818183,2,False,True,0.17197452229299362,2.054140127388535,True,25.0,True,True,25.0,True,False,,False,False,False,False,True,True,True,1.5053191489361701,True,1.0,2.0,,78.5,0.15833333333333333,,3,True,True,True,True,True,Q2,0.05-0.15R,10:30-11:00,narrowest,Thu
2023-04-28,up,True,280,0.0020833333333333333,0.12219959266802444,1,False,False,,0.26666666666666666,True,5.0,True,True,10.0,True,True,10.0,False,False,False,False,False,False,True,0.5186721991701245,True,0.525,0.525,-1.0,120.0,0.7166666666666667,,4,True,False,False,False,False,Q1_weak,<0.05R,after 13:30,wide,Fri
2023-05-01,down,True,45,0.015384615384615385,2.1333333333333333,4,True,True,0.27692307692307694,0.4256410256410256,True,5.0,True,True,25.0,True,True,75.0,True,True,True,True,True,False,False,-1.0,True,-1.0,-1.0,-0.08250825082508251,48.75,0.016666666666666666,,0,True,False,False,False,False,Q3,<0.05R,11:00-12:00,narrowest,Mon
2023-05-01,up,False,120,0.1282051282051282,2.2846441947565546,11,True,True,0.19487179487179487,0.7230769230769231,True,15.0,True,True,115.0,False,False,,True,False,False,False,True,True,False,-1.0,True,1.0,-1.0,,48.75,0.016666666666666666,,0,True,True,False,False,False,Q3,0.05-0.15R,12:00-13:30,narrowest,Mon
2023-05-02,down,True,0,0.13852813852813853,2.3877551020408165,1,False,True,0.06060606060606061,0.7575757575757576,True,185.0,False,True,195.0,False,True,200.0,False,False,False,False,True,False,True,-0.04067796610169491,True,0.22510822510822512,0.22510822510822512,-0.2660098522167488,115.5,0.6833333333333333,,1,True,True,False,False,False,Q4_strong,0.05-0.15R,10:30-11:00,wide,Tue
2023-05-03,down,True,55,0.009216589861751152,1.0741687979539642,2,False,True,0.1336405529953917,1.7557603686635945,True,10.0,True,True,10.0,True,True,30.0,True,True,True,True,True,False,True,-1.0,True,-1.0,-1.0,0.738255033557047,54.25,0.06666666666666667,,2,True,True,True,True,False,Q2,<0.05R,11:00-12:00,narrowest,Wed
2023-05-03,up,False,225,0.22119815668202766,4.251207729468599,2,True,True,0.2857142857142857,1.327188940092166,True,15.0,True,True,15.0,False,True,50.0,True,True,True,True,True,True,False,-1.0,True,1.0,-1.0,0.04771784232365145,54.25,0.06666666666666667,,2,True,True,True,False,False,Q4_strong,0.15-0.30R,after 13:30,narrowest,Wed
2023-05-04,up,True,35,0.037037037037037035,3.9838709677419355,2,True,True,0.22839506172839505,0.558641975308642,True,5.0,True,True,10.0,True,True,60.0,True,False,True,False,True,False,False,-1.0,True,-1.0,-1.0,-1.0,81.0,0.2,,3,True,True,False,False,False,Q4_strong,<0.05R,11:00-12:00,narrow,Thu
2023-05-05,up,True,0,0.09129511677282377,1.9423503325942348,2,False,True,0.09766454352441614,0.9936305732484076,True,45.0,True,False,,False,False,,False,False,False,False,True,True,True,1.0233393177737882,True,1.0,1.3927813163481952,,117.75,0.7,,4,True,True,False,False,False,Q3,0.05-0.15R,10:30-11:00,wide,Fri
2023-05-08,down,True,0,0.025510204081632654,1.5083798882681565,3,False,False,,0.1377551020408163,True,5.0,True,True,5.0,True,True,15.0,True,True,True,True,False,False,False,-1.0,True,-1.0,-1.0,0.5170068027210885,49.0,0.03333333333333333,,0,False,False,False,False,False,Q2,<0.05R,10:30-11:00,narrowest,Mon
2023-05-08,up,False,80,0.2193877551020408,1.9066937119675458,5,True,False,,1.1785714285714286,True,25.0,True,True,135.0,False,False,,False,False,False,False,False,False,True,1.0851063829787233,True,1.0,2.0,,49.0,0.03333333333333333,,0,True,True,True,False,False,Q3,0.15-0.30R,11:00-12:00,narrowest,Mon
2023-05-09,down,True,80,0.046511627906976744,1.1059907834101383,2,False,True,0.09302325581395349,0.5581395348837209,True,55.0,True,True,60.0,True,True,65.0,False,False,False,False,True,False,True,0.26595744680851063,True,1.0,0.38372093023255816,-1.0,43.0,0.016666666666666666,,1,True,True,False,False,False,Q2,<0.05R,11:00-12:00,narrowest,Tue
2023-05-10,down,True,165,0.1,3.828828828828829,2,False,True,0.15555555555555556,0.5244444444444445,True,45.0,False,True,45.0,False,True,50.0,True,True,True,True,True,True,False,-1.0,True,-1.0,-1.0,1.0725075528700907,112.5,0.6833333333333333,,2,True,True,False,False,False,Q4_strong,0.05-0.15R,12:00-13:30,wide,Wed
2023-05-10,up,False,290,0.0044444444444444444,1.8641810918774968,7,True,True,0.10222222222222223,0.11555555555555555,True,5.0,True,True,5.0,True,False,,False,False,False,False,True,False,False,-0.4185022026431718,True,-0.41333333333333333,-0.41333333333333333,,112.5,0.6833333333333333,,2,False,False,False,False,False,Q3,<0.05R,after 13:30,wide,Wed
2023-05-11,down,True,5,0.020491803278688523,0.4107142857142857,2,False,True,0.27049180327868855,0.1762295081967213,True,5.0,True,True,5.0,True,True,10.0,True,True,True,True,True,False,False,-1.0,True,-1.0,-1.0,0.6494252873563219,61.0,0.11666666666666667,,3,False,False,False,False,False,Q1_weak,<0.05R,10:30-11:00,narrowest,Thu
2023-05-11,up,False,55,0.020491803278688523,1.598984771573604,2,True,True,0.11885245901639344,0.6065573770491803,True,10.0,True,True,10.0,True,True,140.0,True,False,True,False,True,False,True,-1.0,True,-1.0,-1.0,-1.0,61.0,0.11666666666666667,,3,True,True,False,False,False,Q3,<0.05R,11:00-12:00,narrowest,Thu
2023-05-12,down,True,0,0.12941176470588237,1.2967741935483872,2,False,True,0.014705882352941176,1.0794117647058823,True,5.0,True,True,10.0,True,False,,False,False,False,False,True,False,True,1.3831775700934579,True,1.0,2.0,,85.0,0.35833333333333334,,4,True,True,True,False,False,Q2,0.05-0.15R,10:30-11:00,narrow,Fri
2023-05-15,up,True,50,0.048859934853420196,0.5773672055427252,5,False,True,0.10423452768729642,0.6742671009771987,True,5.0,True,True,20.0,True,False,,False,False,False,False,True,True,True,0.9495548961424333,True,1.0,1.1400651465798046,,76.75,0.2,,0,True,True,False,False,False,Q1_weak,<0.05R,11:00-12:00,narrow,Mon
2023-05-16,up,True,25,0.046153846153846156,0.9844097995545658,4,False,True,0.036923076923076927,0.47692307692307695,True,5.0,True,True,35.0,True,True,300.0,False,False,False,False,True,False,False,-0.8394366197183099,True,-0.8246153846153846,-0.8246153846153846,,81.25,0.2833333333333333,,1,True,False,False,False,False,Q2,<0.05R,10:30-11:00,narrow,Tue
2023-05-17,up,True,65,0.011627906976744186,0.547945205479452,3,False,True,0.05426356589147287,2.0,True,5.0,True,False,,False,False,,False,False,False,False,True,False,True,1.9318181818181819,True,1.0,2.0,,64.5,0.13333333333333333,,2,True,True,True,True,True,Q1_weak,<0.05R,11:00-12:00,narrowest,Wed
2023-05-18,up,True,0,0.11178861788617886,1.3837837837837839,4,False,True,0.036585365853658534,1.0203252032520325,True,10.0,True,True,10.0,True,False,,False,False,False,False,True,False,True,1.451827242524917,True,1.0,2.0,,123.0,0.8666666666666667,,3,True,True,True,False,False,Q2,0.05-0.15R,10:30-11:00,widest,Thu
2023-05-19,down,True,55,0.10780669144981413,2.6837806301050176,1,False,True,0.21933085501858737,0.7063197026022305,True,5.0,True,True,20.0,False,False,,False,False,False,False,True,False,True,-0.09174311926605505,True,1.0,0.10408921933085502,,67.25,0.15,,4,True,True,False,False,False,Q4_strong,0.05-0.15R,11:00-12:00,narrowest,Fri
2023-05-23,down,True,125,0.3004484304932735,3.4115138592750536,3,False,True,0.2914798206278027,2.013452914798206,False,,False,False,,False,False,,False,False,False,False,False,False,True,0.8739495798319328,False,,,,55.75,0.11666666666666667,,1,True,True,True,True,True,Q4_strong,>0.30R,12:00-13:30,narrowest,Tue
2023-05-24,down,True,20,0.1348314606741573,1.4257425742574257,4,False,False,,0.21910112359550563,True,15.0,False,True,15.0,True,True,30.0,True,True,True,True,False,False,False,-1.0,True,-1.0,-1.0,1.320855614973262,89.0,0.45,,2,False,False,False,False,False,Q2,0.05-0.15R,10:30-11:00,mid,Wed
2023-05-24,up,False,290,0.025280898876404494,1.7579250720461093,4,True,True,0.3146067415730337,0.3455056179775281,True,15.0,False,True,20.0,True,False,,False,False,False,False,True,False,False,-0.5240641711229946,True,-0.5,-0.5,,89.0,0.45,,2,True,False,False,False,False,Q3,<0.05R,after 13:30,mid,Wed
2023-05-25,up,True,40,0.09388646288209607,1.4015748031496063,10,False,True,0.11353711790393013,0.5720524017467249,True,5.0,True,True,5.0,True,False,,False,False,False,False,True,False,True,0.025735294117647058,True,1.0,0.2183406113537118,,114.5,0.7666666666666667,,3,True,True,False,False,False,Q2,0.05-0.15R,11:00-12:00,wide,Thu
2023-05-26,up,True,0,0.01576872536136662,0.332892998678996,7,False,True,0.04993429697766097,0.859395532194481,True,5.0,True,False,,False,False,,False,False,False,False,False,False,True,1.2738853503184713,True,1.0,1.3455978975032852,,190.25,0.9833333333333333,,4,True,True,False,False,False,Q1_weak,<0.05R,10:30-11:00,widest,Fri
2023-05-30,down,True,175,0.08307210031347963,3.2012678288431062,3,False,True,0.08150470219435736,0.39655172413793105,True,60.0,False,True,60.0,True,True,75.0,False,False,False,False,True,False,True,-0.11021505376344086,True,0.03761755485893417,0.03761755485893417,-0.41362530413625304,159.5,0.9333333333333333,,1,True,False,False,False,False,Q4_strong,0.05-0.15R,12:00-13:30,widest,Tue
2023-05-31,down,True,45,0.005434782608695652,1.1711711711711712,5,False,True,0.016304347826086956,0.16666666666666666,True,5.0,True,True,5.0,True,True,135.0,True,False,True,False,True,False,False,-1.0,True,-1.0,-1.0,-0.37267080745341613,138.0,0.8833333333333333,,2,False,False,False,False,False,Q2,<0.05R,11:00-12:00,widest,Wed
2023-06-01,up,True,10,0.20277777777777778,3.1514324693042295,2,False,True,0.3611111111111111,2.0694444444444446,False,,False,False,,False,False,,False,False,False,False,True,True,True,1.134387351778656,False,,,,90.0,0.45,,3,True,True,True,True,True,Q4_strong,0.15-0.30R,10:30-11:00,mid,Thu
2023-06-05,up,True,20,0.05325443786982249,1.238390092879257,3,False,False,,0.5029585798816568,True,10.0,True,True,10.0,True,True,220.0,True,True,True,True,False,False,False,-1.0,True,1.0,-1.0,-0.1056338028169014,84.5,0.39166666666666666,,0,True,True,False,False,False,Q2,0.05-0.15R,10:30-11:00,mid,Mon
2023-06-05,down,False,240,0.17751479289940827,6.675427069645204,2,True,True,0.3165680473372781,0.2869822485207101,True,5.0,True,True,10.0,True,False,,True,False,False,False,True,False,False,-1.0,True,-1.0,-1.0,,84.5,0.39166666666666666,,0,True,False,False,False,False,Q4_strong,0.15-0.30R,after 13:30,mid,Mon
2023-06-06,up,True,15,0.24919093851132687,1.9321329639889198,3,False,True,0.1262135922330097,0.5436893203883495,True,10.0,True,True,35.0,True,True,40.0,True,False,True,False,True,False,True,-1.0,True,-1.0,-1.0,-1.0,77.25,0.26666666666666666,,1,True,True,False,False,False,Q3,0.15-0.30R,10:30-11:00,narrow,Tue
2023-06-07,down,True,5,0.06260869565217392,0.7456978967495219,6,False,True,0.06608695652173913,1.5704347826086957,False,,False,False,,False,False,,False,False,False,False,False,False,True,1.6661514683153014,False,,,,143.75,0.9333333333333333,,2,True,True,True,True,False,Q1_weak,0.05-0.15R,10:30-11:00,widest,Wed
2023-06-08,up,True,10,0.10236220472440945,1.9656160458452723,1,False,True,0.09973753280839895,1.05249343832021,True,185.0,False,False,,False,False,,False,False,False,False,True,True,True,1.4901960784313726,True,1.0,1.6062992125984252,,95.25,0.55,,3,True,True,True,False,False,Q3,0.05-0.15R,10:30-11:00,mid,Thu
2023-06-09,down,True,55,0.0421455938697318,3.3174603174603177,3,False,True,0.3218390804597701,0.46551724137931033,True,10.0,True,True,15.0,True,False,,False,False,False,False,True,False,True,-0.0706713780918728,True,0.007662835249042145,0.007662835249042145,,130.5,0.8666666666666667,,4,True,False,False,False,False,Q4_strong,<0.05R,11:00-12:00,widest,Fri
2023-06-12,up,True,15,0.06334841628959276,0.9446564885496184,3,False,False,,3.1040723981900453,True,5.0,True,True,5.0,True,True,10.0,True,False,True,False,False,False,True,-1.0,True,-1.0,-1.0,-1.0,55.25,0.11666666666666667,,0,True,True,True,True,True,Q1_weak,0.05-0.15R,10:30-11:00,narrowest,Mon
2023-06-14,up,True,15,0.008385744234800839,0.463235294117647,4,False,False,,0.3710691823899371,True,5.0,True,True,5.0,True,True,15.0,True,True,True,True,False,False,True,-1.0,True,-1.0,-1.0,-1.0,119.25,0.8,,2,True,False,False,False,False,Q1_weak,<0.05R,10:30-11:00,wide,Wed
2023-06-14,down,False,215,0.20125786163522014,2.5916870415647923,4,True,True,0.6163522012578616,0.6415094339622641,True,5.0,False,True,30.0,False,True,35.0,True,True,True,True,True,False,False,-1.0,True,1.0,-1.0,0.18636363636363637,119.25,0.8,,2,True,True,False,False,False,Q4_strong,0.15-0.30R,after 13:30,wide,Wed
2023-06-15,up,True,15,0.009630818619582664,1.3910761154855642,2,False,True,0.024077046548956663,1.0963081861958266,True,5.0,True,True,5.0,True,False,,False,False,False,False,True,True,True,1.9433070866141733,True,1.0,2.0,,155.75,0.9333333333333333,,3,True,True,True,False,False,Q2,<0.05R,10:30-11:00,widest,Thu
2023-06-16,down,True,240,0.014035087719298246,2.955665024630542,2,False,True,0.0017543859649122807,0.5228070175438596,True,5.0,True,True,5.0,True,False,,False,False,False,False,False,False,True,0.7679180887372014,True,1.0,0.8175438596491228,,142.5,0.8833333333333333,,4,True,True,False,False,False,Q4_strong,<0.05R,after 13:30,widest,Fri
2023-06-21,down,True,10,0.029668411867364748,2.5291607396870552,2,False,True,0.04712041884816754,0.5148342059336823,True,5.0,True,True,95.0,False,True,215.0,True,False,True,False,True,True,True,-1.0,True,1.0,-1.0,-0.639412997903564,143.25,0.8666666666666667,,2,True,True,False,False,False,Q4_strong,<0.05R,10:30-11:00,widest,Wed
2023-06-22,up,True,70,0.11486486486486487,1.9230769230769231,3,False,True,0.1,0.372972972972973,True,15.0,True,True,20.0,True,True,80.0,False,False,False,False,True,False,True,0.3802197802197802,True,0.6972972972972973,0.6972972972972973,-1.0,185.0,0.9833333333333333,,3,True,False,False,False,False,Q3,0.05-0.15R,11:00-12:00,widest,Thu
2023-06-23,up,True,105,0.14878048780487804,2.5400739827373613,4,False,True,0.12682926829268293,0.6585365853658537,True,140.0,False,True,140.0,False,True,160.0,True,False,True,False,True,True,False,-1.0,True,-1.0,-1.0,-0.04987531172069826,102.5,0.6,,4,True,True,False,False,False,Q4_strong,0.05-0.15R,12:00-13:30,wide,Fri
2023-06-26,down,True,40,0.005859375,0.31852472757753564,4,False,True,0.08203125,1.3359375,True,5.0,True,False,,False,False,,False,False,False,False,True,False,True,1.9652509652509653,True,1.0,2.0,,128.0,0.7666666666666667,,0,True,True,True,False,False,Q1_weak,<0.05R,11:00-12:00,wide,Mon
2023-06-27,up,True,55,0.03571428571428571,3.146067415730337,4,False,True,0.22252747252747251,1.760989010989011,True,5.0,True,False,,False,False,,False,False,False,False,True,True,True,1.8,True,1.0,2.0,,91.0,0.45,,1,True,True,True,True,False,Q4_strong,<0.05R,11:00-12:00,mid,Tue
2023-06-28,up,True,0,0.15932914046121593,1.0989473684210527,2,False,True,0.15932914046121593,0.6226415094339622,True,40.0,True,True,50.0,False,True,130.0,True,False,True,False,True,True,False,-1.0,True,1.0,-1.0,-0.39543726235741444,119.25,0.6916666666666667,,2,True,True,False,False,False,Q2,0.15-0.30R,10:30-11:00,wide,Wed
2023-07-05,up,True,5,0.011450381679389313,0.7911184210526316,2,False,False,,0.0648854961832061,True,5.0,False,True,5.0,True,True,5.0,True,False,True,False,False,False,False,-1.0,True,-1.0,-1.0,1.9489795918367347,131.0,0.7833333333333333,,2,False,False,False,False,False,Q1_weak,<0.05R,10:30-11:00,wide,Wed
2023-07-06,up,True,145,0.012165450121654502,1.044546850998464,1,False,False,,0.36739659367396593,True,5.0,True,True,30.0,True,True,35.0,False,False,False,False,False,False,True,0.3847980997624703,True,0.41849148418491483,0.41849148418491483,-1.0,102.75,0.5166666666666667,,3,True,False,False,False,False,Q2,<0.05R,12:00-13:30,mid,Thu
2023-07-07,down,True,0,0.04481792717086835,2.7573529411764706,4,False,True,0.014005602240896359,0.18487394957983194,True,5.0,True,True,5.0,True,True,75.0,True,True,True,True,True,False,True,-1.0,True,-1.0,-1.0,0.15542521994134897,89.25,0.38333333333333336,,4,False,False,False,False,False,Q4_strong,<0.05R,10:30-11:00,mid,Fri
2023-07-07,up,False,85,0.025210084033613446,1.2878787878787878,5,True,True,0.10084033613445378,0.9159663865546218,True,200.0,False,True,205.0,False,True,225.0,True,True,True,True,True,True,False,-1.0,True,-1.0,-1.0,0.22800718132854578,89.25,0.38333333333333336,,4,True,True,False,False,False,Q2,<0.05R,11:00-12:00,mid,Fri
2023-07-10,down,True,95,0.10444874274661509,1.4599824098504837,3,False,True,0.15667311411992263,0.172147001934236,True,10.0,True,True,15.0,True,True,40.0,True,False,True,False,True,False,False,-1.0,True,-1.0,-1.0,0.6843853820598007,129.25,0.7333333333333333,,0,False,False,False,False,False,Q2,0.05-0.15R,12:00-13:30,wide,Mon
2023-07-11,up,True,85,0.018145161290322582,2.272727272727273,3,False,True,0.2056451612903226,0.3649193548387097,True,10.0,True,True,10.0,True,True,145.0,True,False,True,False,True,False,True,-1.0,True,-1.0,-1.0,-1.0,124.0,0.7166666666666667,,1,True,False,False,False,False,Q3,<0.05R,11:00-12:00,wide,Tue
2023-07-12,down,True,70,0.3123425692695214,3.0171428571428573,5,False,True,0.22921914357682618,0.6498740554156172,True,55.0,False,True,55.0,False,False,,True,False,False,False,True,False,False,-1.0,True,-1.0,-1.0,,99.25,0.4583333333333333,,2,True,True,False,False,False,Q4_strong,>0.30R,11:00-12:00,mid,Wed
2023-07-13,up,True,85,0.1407942238267148,1.0403120936280883,2,False,True,0.0036101083032490976,1.7292418772563176,False,,False,False,,False,False,,False,False,False,False,True,True,True,1.3408450704225352,False,,,,69.25,0.2,,3,True,True,True,True,False,Q2,0.05-0.15R,11:00-12:00,narrow,Thu
2023-07-14,down,True,235,0.02394106813996317,1.4148681055155874,4,False,True,0.10865561694290976,0.430939226519337,True,5.0,True,True,25.0,True,False,,False,False,False,False,False,False,True,0.21441124780316345,True,0.27255985267034993,0.27255985267034993,,135.75,0.8,,4,True,False,False,False,False,Q2,<0.05R,after 13:30,wide,Fri
2023-07-17,up,True,60,0.037800687285223365,0.49261083743842365,3,False,True,0.15120274914089346,1.3917525773195876,True,5.0,True,True,50.0,True,False,,False,False,False,False,True,True,True,1.7891373801916932,True,1.0,2.0,,72.75,0.21666666666666667,,0,True,True,True,False,False,Q1_weak,<0.05R,11:00-12:00,narrow,Mon
2023-07-18,up,True,70,0.18373493975903615,2.371794871794872,3,False,True,0.3102409638554217,2.575301204819277,False,,False,False,,False,False,,False,False,False,False,True,True,True,1.1938325991189427,False,,,,83.0,0.3333333333333333,,1,True,True,True,True,True,Q4_strong,0.15-0.30R,11:00-12:00,narrow,Tue
2023-07-19,up,True,40,0.07575757575757576,2.2745901639344264,4,False,True,0.2689393939393939,0.39015151515151514,True,5.0,True,True,10.0,True,True,70.0,True,True,True,True,True,False,False,-1.0,True,-1.0,-1.0,0.16507936507936508,66.0,0.15,,2,True,False,False,False,False,Q3,0.05-0.15R,11:00-12:00,narrowest,Wed
2023-07-19,down,False,125,0.16666666666666666,2.4829157175398633,1,True,False,,0.9053030303030303,True,10.0,True,True,15.0,True,True,160.0,False,False,False,False,False,False,True,0.06818181818181818,True,1.0,0.42424242424242425,-0.42990654205607476,66.0,0.15,,2,True,True,False,False,False,Q4_strong,0.15-0.30R,12:00-13:30,narrowest,Wed
2023-07-20,down,True,0,0.18363939899833054,2.2216624685138537,4,False,True,0.14357262103505844,1.323873121869783,True,30.0,True,True,30.0,True,False,,False,False,False,False,True,False,True,1.1941391941391941,True,1.0,2.0,,149.75,0.8833333333333333,,3,True,True,True,False,False,Q3,0.15-0.30R,10:30-11:00,widest,Thu
2023-07-21,down,True,275,0.08148148148148149,2.0773480662983426,4,False,True,0.12444444444444444,0.1674074074074074,True,15.0,False,True,20.0,True,False,,False,False,False,False,True,False,True,-0.007643312101910828,True,0.15407407407407409,0.15407407407407409,,168.75,0.95,,4,False,False,False,False,False,Q3,0.05-0.15R,after 13:30,widest,Fri
2023-07-25,up,True,70,0.10355029585798817,0.9054593874833556,3,False,True,0.07988165680473373,0.757396449704142,True,10.0,True,True,10.0,True,False,,False,False,False,False,True,False,False,-0.24019607843137256,True,1.0,-0.08284023668639054,,84.5,0.325,,1,True,True,False,False,False,Q1_weak,0.05-0.15R,11:00-12:00,narrow,Tue
2023-07-26,down,True,25,0.3890784982935154,2.7411598302687414,3,False,True,0.3412969283276451,0.6962457337883959,True,35.0,False,True,40.0,False,True,220.0,True,True,True,True,True,False,False,-1.0,True,-1.0,-1.0,-0.1371527777777778,73.25,0.21666666666666667,,2,True,True,False,False,False,Q4_strong,>0.30R,10:30-11:00,narrow,Wed
2023-07-26,up,False,245,0.2696245733788396,13.136531365313653,2,True,True,0.7610921501706485,0.6177474402730375,True,10.0,False,True,10.0,False,True,30.0,True,True,True,True,True,True,False,-1.0,True,-1.0,-1.0,-0.15053763440860216,73.25,0.21666666666666667,,2,True,True,False,False,False,Q4_strong,0.15-0.30R,after 13:30,narrow,Wed
2023-07-27,down,True,165,0.03745318352059925,4.625850340136054,1,False,True,0.1947565543071161,1.9419475655430711,False,,False,False,,False,False,,False,False,False,False,False,False,True,1.7909407665505226,False,,,,133.5,0.7333333333333333,,3,True,True,True,True,False,Q4_strong,<0.05R,12:00-13:30,wide,Thu
2023-07-28,up,True,0,0.06167400881057269,2.387676508344031,1,False,False,,0.5881057268722467,True,5.0,True,True,5.0,True,True,5.0,False,False,False,False,False,False,True,0.21176470588235294,True,1.0,0.36123348017621143,-1.0,113.5,0.5333333333333333,,4,True,True,False,False,False,Q4_strong,0.05-0.15R,10:30-11:00,mid,Fri
2023-08-01,up,True,15,0.10632183908045977,1.3522884882108182,1,False,False,,0.39080459770114945,True,10.0,True,True,15.0,True,True,15.0,False,False,False,False,False,False,True,-0.14691943127962084,True,0.034482758620689655,0.034482758620689655,-1.0,87.0,0.3333333333333333,,1,True,False,False,False,False,Q2,0.05-0.15R,10:30-11:00,narrow,Tue
2023-08-02,down,True,15,0.08838821490467938,1.4797507788161992,3,False,True,0.03119584055459272,0.7660311958405546,True,5.0,True,False,,False,False,,False,False,False,False,False,False,True,0.5125184094256259,True,1.0,0.779896013864818,,144.25,0.85,,2,True,True,False,False,False,Q2,0.05-0.15R,10:30-11:00,widest,Wed
2023-08-03,up,True,45,0.05194805194805195,1.3633169360505972,5,False,True,0.07792207792207792,0.49134199134199136,True,5.0,True,True,10.0,True,False,,False,False,False,False,True,False,False,-0.6666666666666666,True,-0.6320346320346321,-0.6320346320346321,,115.5,0.5666666666666667,,3,True,False,False,False,False,Q2,0.05-0.15R,11:00-12:00,mid,Thu
2023-08-04,up,True,115,0.03800786369593709,1.8576598311218333,2,False,True,0.057667103538663174,0.1402359108781127,True,5.0,True,True,35.0,True,True,55.0,True,True,True,True,True,False,False,-1.0,True,-1.0,-1.0,3.5789473684210527,190.75,1.0,,4,False,False,False,False,False,Q3,<0.05R,12:00-13:30,widest,Fri
2023-08-04,down,False,245,0.0327653997378768,2.644964394710071,2,True,True,0.002621231979030144,0.2948885976408912,True,5.0,True,True,5.0,True,False,,False,False,False,False,True,False,True,0.28044280442804426,True,0.36435124508519,0.36435124508519,,190.75,1.0,,4,True,False,False,False,False,Q4_strong,<0.05R,after 13:30,widest,Fri
2023-08-07,down,True,45,0.12258064516129032,2.3457730388423457,1,False,False,,0.1956989247311828,True,5.0,True,True,10.0,True,True,35.0,True,True,True,True,False,False,False,-1.0,True,-1.0,-1.0,1.3559322033898304,116.25,0.55,,0,False,False,False,False,False,Q4_strong,0.05-0.15R,11:00-12:00,mid,Mon
2023-08-07,up,False,325,0.11397849462365592,1.8661971830985917,3,True,True,0.03655913978494624,0.0,False,,False,False,,False,False,,False,False,False,False,False,False,False,,False,,,,116.25,0.55,,0,False,False,False,False,False,Q3,0.05-0.15R,after 13:30,mid,Mon
2023-08-08,down,True,25,0.09040590405904059,2.099802371541502,1,False,True,0.04428044280442804,0.1918819188191882,True,15.0,True,True,20.0,True,True,40.0,True,False,True,False,True,False,False,-1.0,True,-1.0,-1.0,-1.0,135.5,0.7166666666666667,,1,False,False,False,False,False,Q3,0.05-0.15R,10:30-11:00,wide,Tue
2023-08-09,down,True,20,0.2853932584269663,2.508641975308642,3,False,True,0.21348314606741572,0.9955056179775281,True,160.0,False,True,165.0,False,True,200.0,False,False,False,False,True,False,True,0.5178826895565093,True,1.0,1.3842696629213482,-0.7423664122137404,111.25,0.4666666666666667,,2,True,True,False,False,False,Q4_strong,0.15-0.30R,10:30-11:00,mid,Wed
2023-08-10,down,True,50,0.008875739644970414,1.026438569206843,3,False,True,0.03254437869822485,0.8121301775147929,True,5.0,True,True,5.0,True,True,10.0,False,False,False,False,True,False,True,0.8284883720930233,True,1.0,0.8609467455621301,-1.0,169.0,0.9333333333333333,,3,True,True,False,False,False,Q2,<0.05R,11:00-12:00,widest,Thu
2023-08-11,down,True,60,0.08997955010224949,1.097770154373928,6,False,False,,0.12065439672801637,True,5.0,False,True,5.0,True,True,40.0,True,False,True,False,False,False,False,-1.0,True,-1.0,-1.0,-0.1326530612244898,122.25,0.55,,4,False,False,False,False,False,Q2,0.05-0.15R,11:00-12:00,mid,Fri
2023-08-14,up,True,0,0.03985507246376811,2.826168224299065,1,False,True,0.07971014492753623,0.7282608695652174,True,110.0,True,False,,False,False,,False,False,False,False,True,True,True,1.261744966442953,True,1.0,1.4420289855072463,,138.0,0.725,,0,True,True,False,False,False,Q4_strong,<0.05R,10:30-11:00,wide,Mon
2023-08-15,down,True,295,0.1641025641025641,5.848670756646217,2,False,True,0.13333333333333333,0.26153846153846155,True,30.0,False,False,,False,False,,False,False,False,False,False,False,True,-0.16731016731016732,True,0.10598290598290598,0.10598290598290598,,146.25,0.8166666666666667,,1,True,False,False,False,False,Q4_strong,0.15-0.30R,after 13:30,widest,Tue
2023-08-16,down,True,85,0.06989247311827956,1.316348195329087,1,False,True,0.10215053763440861,1.2123655913978495,True,5.0,True,True,110.0,False,True,145.0,False,False,False,False,True,False,True,1.6320754716981132,True,1.0,2.0,-1.0,93.0,0.2833333333333333,,2,True,True,True,False,False,Q2,0.05-0.15R,11:00-12:00,narrow,Wed
2023-08-17,down,True,0,0.15139442231075698,1.993150684931507,5,False,True,0.043824701195219126,1.0159362549800797,True,15.0,True,True,15.0,True,True,110.0,True,False,True,False,True,False,True,-1.0,True,-1.0,-1.0,-1.0,125.5,0.55,,3,True,True,True,False,False,Q3,0.15-0.30R,10:30-11:00,mid,Thu
2023-08-18,up,True,30,0.09686609686609686,1.6054054054054054,2,False,False,,1.205128205128205,True,5.0,True,True,5.0,True,False,,True,False,False,False,False,False,True,-1.0,True,-1.0,-1.0,,87.75,0.2,,4,True,True,True,False,False,Q3,0.05-0.15R,10:30-11:00,narrow,Fri
2023-08-21,down,True,70,0.08070866141732283,1.5192507804370448,2,False,False,,0.13188976377952755,True,5.0,True,True,5.0,True,True,30.0,True,True,True,True,False,False,False,-1.0,True,-1.0,-1.0,2.0585106382978724,127.0,0.55,,0,False,False,False,False,False,Q2,0.05-0.15R,11:00-12:00,mid,Mon
2023-08-21,up,False,180,0.07283464566929133,0.8866995073891625,4,True,False,,0.639763779527559,False,,False,False,,False,False,,False,False,False,False,False,False,True,0.6219931271477663,False,,,,127.0,0.55,,0,True,True,False,False,False,Q1_weak,0.05-0.15R,12:00-13:30,mid,Mon
2023-08-22,down,True,0,0.23015873015873015,2.2351387054161163,3,False,True,0.0582010582010582,0.6957671957671958,True,5.0,True,True,10.0,True,True,25.0,True,False,True,False,True,False,True,-1.0,True,-1.0,-1.0,-1.0,94.5,0.26666666666666666,,1,True,True,False,False,False,Q3,0.15-0.30R,10:30-11:00,narrow,Tue
2023-08-23,up,True,10,0.0859106529209622,1.909090909090909,1,False,True,0.048109965635738834,0.6701030927835051,False,,False,False,,False,False,,False,False,False,False,True,True,True,0.4750733137829912,False,,,,145.5,0.8,,2,True,True,False,False,False,Q3,0.05-0.15R,10:30-11:00,wide,Wed
2023-08-24,down,True,0,0.026119402985074626,0.32326530612244897,7,False,True,0.043843283582089554,0.8097014925373134,True,5.0,True,True,5.0,True,False,,False,False,False,False,False,False,True,1.4574468085106382,True,1.0,1.585820895522388,,268.0,1.0,,3,True,True,False,False,False,Q1_weak,<0.05R,10:30-11:00,widest,Thu
2023-08-25,down,True,5,0.03496503496503497,0.2781228433402346,5,False,True,0.0951048951048951,0.6615384615384615,True,5.0,True,True,60.0,False,True,280.0,True,False,True,False,True,False,False,-1.0,True,1.0,-1.0,-0.11122047244094488,178.75,0.9333333333333333,,4,True,True,False,False,False,Q1_weak,<0.05R,10:30-11:00,widest,Fri
2023-08-28,down,True,70,0.020491803278688523,2.9375764993880047,1,False,True,0.1557377049180328,0.1721311475409836,True,5.0,True,True,15.0,True,True,60.0,True,False,True,False,True,False,False,-1.0,True,-1.0,-1.0,0.967741935483871,122.0,0.48333333333333334,,0,False,False,False,False,False,Q4_strong,<0.05R,11:00-12:00,mid,Mon
2023-08-29,up,True,0,0.08732694355697551,1.1888888888888889,7,False,True,0.012779552715654952,0.5665601703940362,True,5.0,True,False,,False,False,,False,False,False,False,True,True,True,0.6926563916591115,True,1.0,0.9882854100106496,,234.75,0.9833333333333333,,1,True,True,False,False,False,Q2,0.05-0.15R,10:30-11:00,widest,Tue
2023-08-30,up,True,105,0.03213610586011342,1.365979381443299,1,False,False,,0.11720226843100189,True,5.0,True,True,5.0,True,True,35.0,False,False,False,False,False,False,False,-0.1349911190053286,True,-0.07939508506616257,-0.07939508506616257,-0.2719298245614035,132.25,0.6166666666666667,,2,False,False,False,False,False,Q2,<0.05R,12:00-13:30,wide,Wed
2023-08-31,up,True,0,0.06872037914691943,0.5679389312977099,2,False,False,,0.11848341232227488,True,5.0,True,True,10.0,True,True,20.0,True,False,True,False,False,False,False,-1.0,True,-1.0,-1.0,0.9866666666666667,105.5,0.3333333333333333,,3,False,False,False,False,False,Q1_weak,0.05-0.15R,10:30-11:00,narrow,Thu
2023-09-01,down,True,25,0.024350649350649352,0.6415094339622642,4,False,False,,0.2905844155844156,True,5.0,True,True,5.0,True,False,,False,False,False,False,False,False,False,-0.30959752321981426,True,-0.275974025974026,-0.275974025974026,,154.0,0.8333333333333334,,4,True,False,False,False,False,Q1_weak,<0.05R,10:30-11:00,widest,Fri
2023-09-05,up,True,20,0.058823529411764705,0.5420944558521561,4,False,True,0.2755417956656347,0.7832817337461301,True,5.0,True,True,5.0,True,False,,False,False,False,False,True,False,True,0.12188365650969529,True,1.0,0.25386996904024767,,80.75,0.1,,1,True,True,False,False,False,Q1_weak,0.05-0.15R,10:30-11:00,narrowest,Tue
2023-09-06,down,True,25,0.08155339805825243,1.7246376811594202,1,False,True,0.02330097087378641,0.5825242718446602,True,30.0,True,True,30.0,True,False,,False,False,False,False,True,False,False,-0.3071786310517529,True,1.0,-0.1941747572815534,,128.75,0.55,,2,True,True,False,False,False,Q3,0.05-0.15R,10:30-11:00,mid,Wed
2023-09-07,up,True,10,0.3592814371257485,1.5514511873350925,2,False,True,0.25449101796407186,0.8473053892215568,True,10.0,True,True,10.0,True,False,,True,False,False,False,True,False,True,-1.0,True,-1.0,-1.0,,83.5,0.13333333333333333,,3,True,True,False,False,False,Q3,>0.30R,10:30-11:00,narrowest,Thu
2023-09-08,down,True,270,0.033126293995859216,0.5205479452054794,4,False,True,0.010351966873706004,0.11801242236024845,True,5.0,False,True,5.0,True,False,,False,False,False,False,True,False,False,-0.45436893203883494,True,-0.41821946169772256,-0.41821946169772256,,120.75,0.45,,4,False,False,False,False,False,Q1_weak,<0.05R,after 13:30,mid,Fri
2023-09-11,up,True,180,0.00684931506849315,1.6140350877192982,4,False,True,0.06621004566210045,0.4497716894977169,True,5.0,True,False,,False,False,,False,False,False,False,False,False,True,0.4774774774774775,True,0.4977168949771689,0.4977168949771689,,109.5,0.3416666666666667,,0,True,False,False,False,False,Q3,<0.05R,12:00-13:30,narrow,Mon
2023-09-12,down,True,5,0.05732484076433121,1.2413194444444444,1,False,True,0.15286624203821655,1.2292993630573248,True,5.0,True,True,165.0,False,True,165.0,False,False,False,False,True,False,True,1.6914285714285715,True,1.0,2.0,-1.0,78.5,0.08333333333333333,,1,True,True,True,False,False,Q2,0.05-0.15R,10:30-11:00,narrowest,Tue
2023-09-13,up,True,30,0.1864801864801865,1.4304635761589404,3,False,True,0.10256410256410256,0.5431235431235432,True,50.0,True,True,50.0,True,True,230.0,False,False,False,False,True,False,False,-0.366723259762309,True,1.0,-0.13053613053613053,-0.20909090909090908,107.25,0.35,,2,True,True,False,False,False,Q2,0.15-0.30R,10:30-11:00,narrow,Wed
2023-09-14,up,True,10,0.06264501160092807,1.901776384535005,5,False,True,0.24129930394431554,0.703016241299304,True,60.0,True,True,60.0,False,False,,False,False,False,False,True,True,True,0.44536082474226807,True,1.0,0.6264501160092807,,107.75,0.36666666666666664,,3,True,True,False,False,False,Q3,0.05-0.15R,10:30-11:00,narrow,Thu
2023-09-15,down,True,20,0.21642969984202212,3.676595744680851,4,False,True,0.11216429699842022,0.7109004739336493,False,,False,False,,False,False,,False,False,False,False,True,False,True,0.39029768467475195,False,,,,158.25,0.8833333333333333,,4,True,True,False,False,False,Q4_strong,0.15-0.30R,10:30-11:00,widest,Fri
2023-09-18,up,True,70,0.0025906735751295338,1.2332439678284184,1,False,False,,0.22279792746113988,True,5.0,True,True,5.0,True,True,185.0,True,False,True,False,False,False,False,-1.0,True,-1.0,-1.0,0.24025974025974026,96.5,0.26666666666666666,,0,False,False,False,False,False,Q2,<0.05R,11:00-12:00,narrow,Mon
2023-09-19,down,True,5,0.18703241895261846,2.3421487603305784,3,False,True,0.09975062344139651,0.24438902743142144,True,10.0,False,True,35.0,True,True,145.0,True,True,True,True,True,False,False,-1.0,True,-1.0,-1.0,0.8145454545454546,100.25,0.31666666666666665,,1,False,False,False,False,False,Q3,0.15-0.30R,10:30-11:00,narrow,Tue
2023-09-19,up,False,200,0.04987531172069826,0.9309791332263243,5,True,True,0.1596009975062344,0.34663341645885287,True,5.0,True,True,5.0,True,False,,False,False,False,False,True,False,True,-0.018140589569160998,True,0.0798004987531172,0.0798004987531172,,100.25,0.31666666666666665,,1,True,False,False,False,False,Q1_weak,<0.05R,after 13:30,narrow,Tue
2023-09-20,down,True,30,0.07744107744107744,0.7962466487935657,2,False,True,0.11447811447811448,2.8754208754208754,True,5.0,True,True,5.0,True,True,55.0,False,False,False,False,True,False,True,1.597667638483965,True,1.0,2.0,-1.0,74.25,0.08333333333333333,,2,True,True,True,True,True,Q1_weak,0.05-0.15R,10:30-11:00,narrowest,Wed
2023-09-21,down,True,275,0.03950617283950617,2.9683698296836982,1,False,True,0.0345679012345679,0.5901234567901235,False,,False,False,,False,False,,False,False,False,False,True,False,True,0.9748283752860412,False,,,,101.25,0.35,,3,True,True,False,False,False,Q4_strong,<0.05R,after 13:30,narrow,Thu
2023-09-22,up,True,0,0.3815789473684211,2.7288135593220337,1,False,True,0.4243421052631579,0.8355263157894737,True,165.0,False,True,170.0,False,True,170.0,True,True,True,True,True,True,False,-1.0,True,-1.0,-1.0,0.7884615384615384,76.0,0.1,,4,True,True,False,False,False,Q4_strong,>0.30R,10:30-11:00,narrowest,Fri
2023-09-22,down,False,220,0.09210526315789473,4.822134387351778,4,True,True,0.21052631578947367,0.46710526315789475,True,5.0,True,True,10.0,True,True,55.0,True,True,True,True,True,False,True,-1.0,True,-1.0,-1.0,0.08913649025069638,76.0,0.1,,4,True,False,False,False,False,Q4_strong,0.05-0.15R,after 13:30,narrowest,Fri
2023-09-25,up,True,45,0.14912280701754385,2.2337662337662336,4,False,True,0.13157894736842105,0.375,True,10.0,True,True,45.0,True,False,,False,False,False,False,True,False,True,0.3141891891891892,True,0.706140350877193,0.706140350877193,,114.0,0.5,,0,True,False,False,False,False,Q3,0.05-0.15R,11:00-12:00,mid,Mon
2023-09-26,down,True,185,0.06981519507186858,2.6644736842105265,5,False,True,0.13141683778234087,0.4784394250513347,True,15.0,True,True,15.0,True,False,,False,False,False,False,True,False,True,0.1045045045045045,True,0.2587268993839836,0.2587268993839836,,121.75,0.55,,1,True,False,False,False,False,Q4_strong,0.05-0.15R,after 13:30,mid,Tue
2023-09-27,down,True,20,0.0925,3.108481262327416,1,False,True,0.2125,1.2,True,10.0,True,True,15.0,True,True,250.0,True,True,True,True,True,False,False,1.5316455696202531,True,1.0,2.0,0.14732724902216426,100.0,0.3333333333333333,,2,True,True,True,False,False,Q4_strong,0.05-0.15R,10:30-11:00,narrow,Wed
2023-09-28,up,True,15,0.010845986984815618,0.974025974025974,3,False,True,0.18655097613882862,1.5119305856832972,True,5.0,True,True,15.0,True,False,,False,False,False,False,False,False,True,1.9363057324840764,True,1.0,2.0,,115.25,0.5166666666666667,,3,True,True,True,True,False,Q2,<0.05R,10:30-11:00,mid,Thu
2023-09-29,down,True,55,0.1763085399449036,3.965351299326275,1,False,True,0.1652892561983471,1.7520661157024793,False,,False,False,,False,False,,False,False,False,False,False,False,True,1.2179226069246436,False,,,,90.75,0.25,,4,True,True,True,True,False,Q4_strong,0.15-0.30R,11:00-12:00,narrow,Fri
2023-10-02,up,True,45,0.08131487889273356,0.9505208333333334,2,False,True,0.17128027681660898,0.3719723183391003,True,20.0,False,True,25.0,True,True,30.0,True,False,True,False,True,False,False,-1.0,True,-1.0,-1.0,-0.38786279683377306,144.5,0.8166666666666667,,0,True,False,False,False,False,Q1_weak,0.05-0.15R,11:00-12:00,widest,Mon
2023-10-03,down,True,5,0.023284313725490197,1.1227773073666385,1,False,False,,0.5845588235294118,True,5.0,True,True,5.0,True,False,,False,False,False,False,False,False,True,0.43559718969555034,True,1.0,0.5024509803921569,,204.0,0.9666666666666667,,1,True,True,False,False,False,Q2,<0.05R,10:30-11:00,widest,Tue
2023-10-04,up,True,45,0.1075,1.7088607594936709,5,False,True,0.06,1.215,True,5.0,True,True,5.0,True,False,,False,False,False,False,True,True,True,1.4691358024691359,True,1.0,2.0,,100.0,0.3416666666666667,,2,True,True,True,False,False,Q3,0.05-0.15R,11:00-12:00,narrow,Wed
2023-10-05,down,True,5,0.19478527607361965,2.4820415879017013,2,False,True,0.25306748466257667,0.2898773006134969,True,45.0,False,True,60.0,True,True,95.0,True,False,True,False,True,False,False,-1.0,True,-1.0,-1.0,0.5558441558441558,163.0,0.8833333333333333,,3,True,False,False,False,False,Q4_strong,0.15-0.30R,10:30-11:00,widest,Thu
2023-10-06,up,True,0,0.1912280701754386,1.2868352223190933,3,False,True,0.11578947368421053,2.2140350877192985,False,,False,False,,False,False,,False,False,False,False,False,False,True,1.1700507614213198,False,,,,142.5,0.75,,4,True,True,True,True,True,Q2,0.15-0.30R,10:30-11:00,wide,Fri
2023-10-09,up,True,105,0.06609808102345416,1.6572077185017027,1,False,True,0.07036247334754797,1.2452025586353945,True,10.0,True,True,10.0,True,True,25.0,False,False,False,False,True,False,True,1.6497175141242937,True,1.0,2.0,-1.0,117.25,0.5333333333333333,,0,True,True,True,False,False,Q3,0.05-0.15R,12:00-13:30,mid,Mon
2023-10-10,up,True,0,0.10652173913043478,1.3640856672158155,5,False,True,0.09565217391304348,0.7695652173913043,True,155.0,False,True,155.0,False,False,,False,False,False,False,True,True,False,-0.5304659498207885,True,-0.43043478260869567,-0.43043478260869567,,115.0,0.4666666666666667,,1,True,True,False,False,False,Q2,0.05-0.15R,10:30-11:00,mid,Tue
2023-10-11,down,True,70,0.023121387283236993,1.0821643286573146,2,False,False,,0.5520231213872833,True,5.0,True,True,5.0,True,True,160.0,True,False,True,False,False,False,False,-1.0,True,1.0,-1.0,0.6478405315614618,86.5,0.15,,2,True,True,False,False,False,Q2,<0.05R,11:00-12:00,narrowest,Wed
2023-10-12,up,True,115,0.013157894736842105,0.2947845804988662,3,False,False,,0.060526315789473685,True,5.0,False,True,5.0,True,True,35.0,True,True,True,True,False,False,False,-1.0,True,-1.0,-1.0,0.30844155844155846,95.0,0.23333333333333334,,3,False,False,False,False,False,Q1_weak,<0.05R,12:00-13:30,narrow,Thu
2023-10-12,down,False,155,0.02368421052631579,2.2727272727272725,3,True,True,0.3526315789473684,1.5763157894736841,True,5.0,True,False,,False,False,,False,False,False,False,False,False,True,1.864321608040201,True,1.0,2.0,,95.0,0.23333333333333334,,3,True,True,True,True,False,Q3,<0.05R,12:00-13:30,narrow,Thu
2023-10-13,down,True,15,0.12935323383084577,1.786649214659686,1,False,True,0.39054726368159204,2.029850746268657,False,,False,False,,False,False,,False,False,False,False,True,True,True,1.383399209486166,False,,,,100.5,0.3333333333333333,,4,True,True,True,True,True,Q3,0.05-0.15R,10:30-11:00,narrow,Fri
2023-10-16,up,True,0,0.058823529411764705,0.5472747497219133,6,False,True,0.06641366223908918,0.27514231499051234,True,5.0,True,True,20.0,True,False,,True,False,False,False,True,False,False,-1.0,True,-1.0,-1.0,,131.75,0.6833333333333333,,0,True,False,False,False,False,Q1_weak,0.05-0.15R,10:30-11:00,wide,Mon
2023-10-17,up,True,5,0.08441558441558442,0.7647058823529412,2,False,True,0.01461038961038961,0.6818181818181818,True,10.0,True,True,15.0,True,False,,False,False,False,False,True,False,True,0.2638888888888889,True,1.0,0.4772727272727273,,154.0,0.8583333333333333,,1,True,True,False,False,False,Q1_weak,0.05-0.15R,10:30-11:00,widest,Tue
2023-10-18,down,True,5,0.024509803921568627,0.5258899676375405,3,False,True,0.18872549019607843,1.3970588235294117,True,5.0,True,True,5.0,True,False,,True,False,False,False,True,False,True,-1.0,True,-1.0,-1.0,,102.0,0.35,,2,True,True,True,False,False,Q1_weak,<0.05R,10:30-11:00,narrow,Wed
2023-10-19,down,True,40,0.04245283018867924,0.8,2,False,True,0.04481132075471698,1.4221698113207548,True,15.0,True,True,15.0,True,True,25.0,True,True,True,True,True,False,True,-1.0,True,-1.0,-1.0,1.4194915254237288,106.0,0.36666666666666664,,3,True,True,True,False,False,Q1_weak,<0.05R,11:00-12:00,narrow,Thu
2023-10-19,up,False,110,0.05660377358490566,1.8458933107535986,2,True,True,0.17688679245283018,0.2759433962264151,True,5.0,False,True,5.0,True,True,5.0,True,True,True,True,True,False,False,-1.0,True,-1.0,-1.0,0.33251231527093594,106.0,0.36666666666666664,,3,True,False,False,False,False,Q3,0.05-0.15R,12:00-13:30,narrow,Thu
2023-10-20,down,True,5,0.14910536779324055,1.6180257510729614,1,False,True,0.0775347912524851,0.8628230616302187,True,140.0,True,True,140.0,False,True,140.0,False,False,False,False,True,False,True,0.9831546707503829,True,1.0,1.5745526838966202,-1.0,125.75,0.65,,4,True,True,False,False,False,Q3,0.05-0.15R,10:30-11:00,wide,Fri
2023-10-23,up,True,10,0.012968299711815562,0.7475728155339806,2,False,False,,0.9567723342939481,True,5.0,True,True,5.0,True,False,,False,False,False,False,False,False,True,0.18258426966292135,True,1.0,0.2132564841498559,,173.5,0.9166666666666666,,0,True,True,False,False,False,Q1_weak,<0.05R,10:30-11:00,widest,Mon
2023-10-24,up,True,5,0.17307692307692307,0.8179775280898877,1,False,False,,0.3131868131868132,True,5.0,True,True,15.0,True,True,15.0,True,True,True,True,False,False,False,-1.0,True,-1.0,-1.0,2.006289308176101,91.0,0.16666666666666666,,1,True,False,False,False,False,Q1_weak,0.15-0.30R,10:30-11:00,narrowest,Tue
2023-10-24,down,False,110,0.01098901098901099,1.4511041009463723,5,True,True,0.18956043956043955,0.5769230769230769,True,5.0,True,True,60.0,False,True,140.0,True,True,True,True,True,False,False,-1.0,True,1.0,-1.0,0.1762295081967213,91.0,0.16666666666666666,,1,True,True,False,False,False,Q2,<0.05R,12:00-13:30,narrowest,Tue
2023-10-25,down,True,80,0.040983606557377046,0.5731080088170463,3,False,True,0.01639344262295082,0.9540983606557377,False,,False,False,,False,False,,False,False,False,False,False,False,True,1.3848484848484848,False,,,,152.5,0.8166666666666667,,2,True,True,False,False,False,Q1_weak,<0.05R,11:00-12:00,widest,Wed
2023-10-26,down,True,50,0.02509907529722589,0.8187134502923977,1,False,False,,0.6842800528401585,True,5.0,True,True,190.0,False,True,210.0,False,False,False,False,False,False,True,0.7094339622641509,True,1.0,0.7952443857331571,-0.6681957186544343,189.25,0.9333333333333333,,3,True,True,False,False,False,Q1_weak,<0.05R,11:00-12:00,widest,Thu
2023-10-27,down,True,10,0.1751592356687898,1.2119741100323624,2,False,True,0.06369426751592357,1.035031847133758,True,5.0,True,True,5.0,True,True,15.0,True,True,True,True,True,False,True,-1.0,True,-1.0,-1.0,0.5219123505976095,78.5,0.058333333333333334,,4,True,True,True,False,False,Q2,0.15-0.30R,10:30-11:00,narrowest,Fri
2023-10-27,up,False,40,0.07006369426751592,0.7733491969066032,2,True,True,0.12738853503184713,0.4872611464968153,True,20.0,False,True,20.0,True,True,90.0,True,True,True,True,True,False,False,-1.0,True,-1.0,-1.0,0.49201277955271566,78.5,0.058333333333333334,,4,True,False,False,False,False,Q1_weak,0.05-0.15R,11:00-12:00,narrowest,Fri
2023-10-30,down,True,10,0.12006861063464837,1.1042253521126761,7,False,False,,0.1680960548885077,True,5.0,True,True,5.0,True,True,245.0,True,False,True,False,False,False,False,-1.0,True,-1.0,-1.0,-0.19642857142857142,145.75,0.7833333333333333,,0,False,False,False,False,False,Q2,0.05-0.15R,10:30-11:00,wide,Mon
2023-10-31,up,True,135,0.059574468085106386,0.6752730883813307,6,False,False,,0.6382978723404256,True,5.0,True,True,5.0,True,False,,False,False,False,False,False,False,True,0.8174904942965779,True,1.0,1.0340425531914894,,117.5,0.5166666666666667,,1,True,True,False,False,False,Q1_weak,0.05-0.15R,12:00-13:30,mid,Tue
2023-11-01,up,True,10,0.034482758620689655,0.4151838671411625,2,False,False,,1.002028397565923,True,5.0,True,True,5.0,True,True,5.0,True,False,True,False,False,False,True,-1.0,True,-1.0,-1.0,-1.0,123.25,0.6,,2,True,True,True,False,False,Q1_weak,<0.05R,10:30-11:00,wide,Wed
2023-11-02,up,True,20,0.030120481927710843,0.833939393939394,4,False,True,0.07228915662650602,0.6746987951807228,True,10.0,True,True,20.0,True,False,,False,False,False,False,True,False,True,1.0113636363636365,True,1.0,1.1325301204819278,,83.0,0.1,,3,True,True,False,False,False,Q1_weak,<0.05R,10:30-11:00,narrowest,Thu
2023-11-03,up,True,105,0.06720977596741344,1.095890410958904,3,False,True,0.048879837067209775,0.5315682281059063,True,65.0,True,True,65.0,True,False,,False,False,False,False,True,True,True,0.04308797127468582,True,1.0,0.18329938900203666,,122.75,0.6,,4,True,True,False,False,False,Q2,0.05-0.15R,12:00-13:30,wide,Fri
2023-11-06,down,True,155,0.03793103448275862,2.2270742358078603,2,False,True,0.19655172413793104,0.6482758620689655,True,5.0,True,True,95.0,False,True,110.0,True,False,True,False,True,False,False,-1.0,True,1.0,-1.0,0.38267148014440433,72.5,0.016666666666666666,,0,True,True,False,False,False,Q3,<0.05R,12:00-13:30,narrowest,Mon
2023-11-07,up,True,0,0.05197505197505198,0.7075471698113207,5,False,True,0.13721413721413722,0.5654885654885655,True,105.0,True,False,,False,False,,False,False,False,False,True,True,True,0.3728813559322034,True,1.0,0.5155925155925156,,120.25,0.55,,1,True,True,False,False,False,Q1_weak,0.05-0.15R,10:30-11:00,mid,Tue
2023-11-08,down,True,85,0.02572347266881029,2.3548387096774195,3,False,True,0.10289389067524116,0.6816720257234726,True,5.0,True,True,65.0,False,True,105.0,True,False,True,False,True,True,False,-1.0,True,1.0,-1.0,0.2721311475409836,77.75,0.06666666666666667,,2,True,True,False,False,False,Q4_strong,<0.05R,11:00-12:00,narrowest,Wed
2023-11-09,up,True,80,0.1838006230529595,1.969904240766074,3,True,True,0.13707165109034267,0.2616822429906542,True,5.0,False,True,10.0,True,True,20.0,True,True,True,True,True,False,False,-1.0,True,-1.0,-1.0,1.3546511627906976,80.25,0.11666666666666667,,3,True,False,False,False,False,Q3,0.15-0.30R,11:00-12:00,narrowest,Thu
2023-11-09,down,False,150,0.08411214953271028,7.190721649484536,1,True,True,0.632398753894081,1.442367601246106,True,5.0,True,True,10.0,False,False,,True,False,False,False,False,False,True,-1.0,True,1.0,-1.0,,80.25,0.11666666666666667,,3,True,True,True,False,False,Q4_strong,0.05-0.15R,12:00-13:30,narrowest,Thu
2023-11-10,up,True,30,0.15835777126099707,2.5106861642294716,6,False,True,0.34310850439882695,2.5073313782991202,False,,False,False,,False,False,,False,False,False,False,True,True,True,1.2783964365256124,False,,,,85.25,0.18333333333333332,,4,True,True,True,True,True,Q4_strong,0.15-0.30R,10:30-11:00,narrow,Fri
2023-11-13,up,True,20,0.05084745762711865,1.3740902474526928,1,False,False,,0.6847457627118644,True,5.0,True,True,5.0,True,False,,False,False,False,False,False,False,True,0.12307692307692308,True,1.0,0.23728813559322035,,73.75,0.03333333333333333,,0,True,True,False,False,False,Q2,0.05-0.15R,10:30-11:00,narrowest,Mon
2023-11-14,up,True,0,0.08740359897172237,0.8767908309455588,3,False,True,0.08997429305912596,0.3213367609254499,True,5.0,True,True,20.0,True,True,80.0,True,False,True,False,True,False,False,-1.0,True,-1.0,-1.0,-1.0,97.25,0.31666666666666665,,1,True,False,False,False,False,Q1_weak,0.05-0.15R,10:30-11:00,narrow,Tue
2023-11-15,down,True,80,0.14814814814814814,2.8767123287671232,1,True,True,0.10740740740740741,1.0888888888888888,True,10.0,True,True,35.0,True,True,165.0,False,False,False,False,True,False,True,1.3142857142857143,True,1.0,2.0,-0.3712737127371274,67.5,0.016666666666666666,,2,True,True,True,False,False,Q4_strong,0.05-0.15R,11:00-12:00,narrowest,Wed
2023-11-16,down,True,50,0.09627329192546584,0.7797270955165693,2,False,False,,0.35403726708074534,True,10.0,True,True,25.0,True,True,45.0,True,True,True,True,False,False,False,-1.0,True,-1.0,-1.0,0.744,80.5,0.16666666666666666,,3,True,False,False,False,False,Q1_weak,0.05-0.15R,11:00-12:00,narrowest,Thu
2023-11-17,up,True,90,0.05581395348837209,0.600375234521576,3,True,True,0.023255813953488372,1.1023255813953488,True,20.0,True,True,20.0,True,False,,False,False,False,False,True,False,True,1.698744769874477,True,1.0,2.0,,53.75,0.016666666666666666,,4,True,True,True,False,False,Q1_weak,0.05-0.15R,11:00-12:00,narrowest,Fri
2023-11-20,up,True,30,0.12325581395348838,1.2631578947368423,6,False,True,0.11395348837209303,1.0651162790697675,True,10.0,True,False,,False,False,,False,False,False,False,False,False,True,1.4067164179104477,True,1.0,2.0,,107.5,0.5166666666666667,,0,True,True,True,False,False,Q2,0.05-0.15R,10:30-11:00,mid,Mon
2023-11-27,up,True,80,0.03125,1.009009009009009,2,False,True,0.01875,0.4875,True,10.0,True,True,140.0,True,True,145.0,True,False,True,False,True,False,False,-1.0,True,-1.0,-1.0,0.5352112676056338,80.0,0.16666666666666666,,0,True,False,False,False,False,Q2,<0.05R,11:00-12:00,narrowest,Mon
2023-11-28,up,True,5,0.0663265306122449,2.0846846846846847,2,False,True,0.39285714285714285,1.3061224489795917,True,20.0,True,True,145.0,False,True,155.0,True,False,True,False,True,True,True,1.6486486486486487,True,1.0,2.0,-0.7410468319559229,49.0,0.016666666666666666,,1,True,True,True,False,False,Q3,0.05-0.15R,10:30-11:00,narrowest,Tue
2023-11-29,down,True,40,0.1396761133603239,1.9917864476386036,3,False,True,0.15587044534412955,0.5789473684210527,True,75.0,True,True,75.0,True,False,,False,False,False,False,False,False,True,0.5284810126582279,True,1.0,0.9554655870445344,,123.5,0.7666666666666667,,2,True,True,False,False,False,Q3,0.05-0.15R,11:00-12:00,wide,Wed
2023-11-30,down,True,5,0.04331450094161959,2.4078578110383537,1,False,True,0.15819209039548024,0.4726930320150659,True,20.0,True,True,20.0,True,True,315.0,True,False,True,False,True,False,False,-1.0,True,-1.0,-1.0,0.12612612612612611,132.75,0.8166666666666667,,3,True,False,False,False,False,Q4_strong,<0.05R,10:30-11:00,widest,Thu
2023-12-01,up,True,40,0.14444444444444443,2.791586998087954,7,True,True,0.10555555555555556,0.9611111111111111,True,5.0,True,True,5.0,True,False,,False,False,False,False,True,False,True,0.8362068965517241,True,1.0,1.3666666666666667,,90.0,0.3,,4,True,True,False,False,False,Q4_strong,0.05-0.15R,11:00-12:00,narrow,Fri
2023-12-04,down,True,0,0.07707129094412331,0.8827586206896552,6,False,False,,0.19653179190751446,True,5.0,True,True,10.0,True,True,145.0,True,True,True,True,False,False,False,-1.0,True,-1.0,-1.0,0.0913884007029877,129.75,0.7833333333333333,,0,False,False,False,False,False,Q1_weak,0.05-0.15R,10:30-11:00,wide,Mon
2023-12-05,up,True,15,0.09283387622149837,1.2801204819277108,4,False,True,0.0781758957654723,0.15798045602605862,True,25.0,False,True,25.0,True,True,30.0,True,False,True,False,True,False,False,-1.0,True,-1.0,-1.0,-0.46301369863013697,153.5,0.8833333333333333,,1,False,False,False,False,False,Q2,0.05-0.15R,10:30-11:00,widest,Tue
2023-12-06,down,True,70,0.035493827160493825,0.9215686274509803,1,False,False,,0.45524691358024694,True,5.0,True,True,5.0,True,True,5.0,False,False,False,False,False,False,True,0.6340057636887608,True,0.75,0.75,-1.0,162.0,0.9166666666666666,,2,True,False,False,False,False,Q1_weak,<0.05R,11:00-12:00,widest,Wed
2023-12-07,up,True,5,0.0730593607305936,1.1014120667522465,1,False,False,,0.6301369863013698,True,5.0,True,True,15.0,True,True,35.0,True,False,True,False,False,False,True,-1.0,True,-1.0,-1.0,-1.0,109.5,0.55,,3,True,True,False,False,False,Q2,0.05-0.15R,10:30-11:00,mid,Thu
2023-12-08,up,True,255,0.006015037593984963,1.0610079575596816,3,False,False,,0.031578947368421054,True,5.0,True,True,5.0,True,False,,False,False,False,False,False,False,False,-0.18722139673105498,True,-0.1774436090225564,-0.1774436090225564,,166.25,0.9333333333333333,,4,False,False,False,False,False,Q2,<0.05R,after 13:30,widest,Fri
2023-12-11,up,True,15,0.10849056603773585,2.983870967741935,1,False,True,0.18396226415094338,0.6792452830188679,True,15.0,True,True,20.0,True,True,20.0,True,False,True,False,True,False,True,-1.0,True,-1.0,-1.0,-1.0,106.0,0.49166666666666664,,0,True,True,False,False,False,Q4_strong,0.05-0.15R,10:30-11:00,mid,Mon
2023-12-12,up,True,25,0.06933333333333333,1.5909090909090908,2,False,True,0.13866666666666666,0.9546666666666667,True,15.0,True,True,60.0,True,True,70.0,False,False,False,False,True,False,True,1.5128805620608898,True,1.0,1.8613333333333333,-1.0,93.75,0.31666666666666665,,1,True,True,False,False,False,Q3,0.05-0.15R,10:30-11:00,narrow,Tue
2023-12-13,down,True,90,0.0125,1.0451306413301662,2,False,False,,0.3541666666666667,True,5.0,True,True,5.0,True,True,120.0,True,True,True,True,False,False,False,-1.0,True,-1.0,-1.0,-0.11684782608695653,60.0,0.05,,2,True,False,False,False,False,Q2,<0.05R,11:00-12:00,narrowest,Wed
2023-12-13,up,False,210,0.17916666666666667,19.122257053291538,1,True,True,0.925,2.4875,False,,False,False,,False,False,,False,False,False,False,True,True,True,1.2085889570552146,False,,,,60.0,0.05,,2,True,True,True,True,True,Q4_strong,0.15-0.30R,after 13:30,narrowest,Wed
2023-12-14,down,True,5,0.1726027397260274,2.8359872611464967,1,False,False,,1.7315068493150685,True,5.0,True,True,15.0,True,True,15.0,False,False,False,False,False,False,True,1.230142566191446,True,1.0,2.0,-1.0,91.25,0.3333333333333333,,3,True,True,True,True,False,Q4_strong,0.15-0.30R,10:30-11:00,narrow,Thu
2023-12-15,up,True,20,0.04941860465116279,1.266490765171504,2,False,False,,0.24709302325581395,True,5.0,True,True,5.0,True,True,105.0,True,True,True,True,False,False,False,-1.0,True,-1.0,-1.0,1.2227979274611398,86.0,0.25,,4,False,False,False,False,False,Q2,<0.05R,10:30-11:00,narrow,Fri
2023-12-15,down,False,190,0.023255813953488372,4.722662440570523,2,True,True,0.18023255813953487,0.20348837209302326,True,5.0,True,True,5.0,True,True,130.0,True,True,True,True,True,False,False,-1.0,True,-1.0,-1.0,0.0048543689320388345,86.0,0.25,,4,False,False,False,False,False,Q4_strong,<0.05R,after 13:30,narrow,Fri
2023-12-18,up,True,60,0.02054794520547945,0.782122905027933,2,False,True,0.003424657534246575,0.9383561643835616,True,5.0,True,True,20.0,True,False,,False,False,False,False,True,True,True,0.8223684210526315,True,1.0,0.8972602739726028,,73.0,0.1,,0,True,True,False,False,False,Q1_weak,<0.05R,11:00-12:00,narrowest,Mon
2023-12-19,up,True,0,0.004694835680751174,0.6952789699570815,2,False,True,0.107981220657277,0.5586854460093896,True,5.0,True,True,5.0,True,True,5.0,True,False,True,False,True,False,True,-1.0,True,-1.0,-1.0,-1.0,53.25,0.03333333333333333,,1,True,True,False,False,False,Q1_weak,<0.05R,10:30-11:00,narrowest,Tue
2023-12-20,up,True,0,0.10479041916167664,1.76,4,False,True,0.005988023952095809,0.2275449101796407,True,10.0,False,True,15.0,True,True,60.0,True,True,True,True,True,False,False,-1.0,True,-1.0,-1.0,1.411764705882353,83.5,0.25,,2,False,False,False,False,False,Q3,0.05-0.15R,10:30-11:00,narrow,Wed
2023-12-20,down,False,245,0.05389221556886228,5.384615384615385,5,True,True,0.30538922155688625,2.5239520958083834,True,5.0,True,False,,False,False,,False,False,False,False,True,False,True,1.7081081081081082,True,1.0,2.0,,83.5,0.25,,2,True,True,True,True,True,Q4_strong,0.05-0.15R,after 13:30,narrow,Wed
2023-12-21,down,True,95,0.09307359307359307,0.859504132231405,4,False,True,0.08874458874458875,0.24458874458874458,True,5.0,True,True,15.0,True,True,195.0,True,True,True,True,True,False,False,-1.0,True,-1.0,-1.0,0.45202020202020204,115.5,0.6166666666666667,,3,False,False,False,False,False,Q1_weak,0.05-0.15R,12:00-13:30,wide,Thu
2023-12-22,down,True,30,0.03827751196172249,1.2203389830508475,4,False,True,0.24401913875598086,1.784688995215311,True,5.0,True,True,5.0,True,False,,True,False,False,False,True,False,True,-1.0,True,-1.0,-1.0,,52.25,0.03333333333333333,,4,True,True,True,True,False,Q2,<0.05R,10:30-11:00,narrowest,Fri
2023-12-26,up,True,5,0.009708737864077669,1.3356164383561644,2,False,False,,1.0533980582524272,True,5.0,True,True,5.0,True,True,10.0,True,False,True,False,False,False,True,-1.0,True,-1.0,-1.0,-1.0,51.5,0.03333333333333333,,1,True,True,True,False,False,Q2,<0.05R,10:30-11:00,narrowest,Tue
2023-12-28,down,True,280,0.08444444444444445,2.5268817204301075,1,False,False,,0.4444444444444444,True,5.0,True,True,5.0,True,True,30.0,False,False,False,False,False,False,True,0.22053231939163498,True,0.4266666666666667,0.4266666666666667,-1.0,56.25,0.1,,3,True,False,False,False,False,Q4_strong,0.05-0.15R,after 13:30,narrowest,Thu
2023-12-29,down,True,5,0.3925925925925926,2.5387205387205385,2,False,True,0.5703703703703704,4.014814814814815,False,,False,False,,False,False,,False,False,False,False,True,True,True,0.6804979253112033,False,,,,33.75,0.016666666666666666,,4,True,True,True,True,True,Q4_strong,>0.30R,10:30-11:00,narrowest,Fri
2024-01-02,down,True,0,0.07177033492822966,0.7948482060717572,2,False,True,0.06220095693779904,0.6012759170653907,True,10.0,True,True,30.0,True,True,55.0,False,False,False,False,True,False,False,-0.17294281729428174,True,1.0,-0.05422647527910686,-1.0,156.75,0.9,,1,True,True,False,False,False,Q1_weak,0.05-0.15R,10:30-11:00,widest,Tue
2024-01-03,down,True,5,0.08505154639175258,2.2413793103448274,2,False,False,,0.3556701030927835,True,5.0,True,True,5.0,True,True,20.0,True,False,True,False,False,False,True,-1.0,True,-1.0,-1.0,-1.0,97.0,0.48333333333333334,,2,True,False,False,False,False,Q3,0.05-0.15R,10:30-11:00,mid,Wed
2024-01-04,up,True,15,0.022222222222222223,0.9210526315789473,2,False,False,,0.5611111111111111,True,5.0,True,True,10.0,True,True,80.0,True,True,True,True,False,False,False,-1.0,True,1.0,-1.0,0.9719298245614035,90.0,0.4083333333333333,,3,True,True,False,False,False,Q1_weak,<0.05R,10:30-11:00,mid,Thu
2024-01-05,up,True,0,0.029723991507430998,1.1254396248534584,3,False,True,0.027600849256900213,0.18683651804670912,True,5.0,True,True,5.0,True,True,55.0,True,True,True,True,True,False,False,-1.0,True,-1.0,-1.0,1.3888888888888888,117.75,0.7,,4,False,False,False,False,False,Q2,<0.05R,10:30-11:00,wide,Fri
2024-01-05,down,False,165,0.040339702760084924,0.6813186813186813,2,True,False,,0.28662420382165604,True,5.0,True,True,5.0,True,True,10.0,True,False,True,False,False,False,False,-1.0,True,-1.0,-1.0,-1.0,117.75,0.7,,4,True,False,False,False,False,Q1_weak,<0.05R,12:00-13:30,wide,Fri
2024-01-08,up,True,0,0.07014388489208633,0.8559670781893004,2,False,False,,1.1996402877697843,True,5.0,True,False,,False,False,,False,False,False,False,False,False,True,1.6309148264984228,True,1.0,2.0,,139.0,0.8333333333333334,,0,True,True,True,False,False,Q1_weak,0.05-0.15R,10:30-11:00,widest,Mon
2024-01-09,up,True,15,0.014450867052023121,0.21712907117008445,1,False,False,,1.4046242774566473,True,5.0,True,True,5.0,True,True,5.0,False,False,False,False,False,False,True,1.9157303370786516,True,1.0,2.0,-1.0,86.5,0.38333333333333336,,1,True,True,True,False,False,Q1_weak,<0.05R,10:30-11:00,mid,Tue
2024-01-10,up,True,10,0.15862068965517243,1.878048780487805,4,False,True,0.1,1.5034482758620689,True,30.0,True,True,30.0,True,False,,False,False,False,False,True,False,True,1.2774869109947644,True,1.0,2.0,,72.5,0.19166666666666668,,2,True,True,True,True,False,Q3,0.15-0.30R,10:30-11:00,narrow,Wed
2024-01-11,down,True,40,0.1689497716894977,2.2991202346041058,3,False,True,0.15753424657534246,0.3264840182648402,True,90.0,False,True,90.0,True,True,110.0,True,False,True,False,True,False,False,-1.0,True,-1.0,-1.0,0.88470066518847,219.0,1.0,,3,True,False,False,False,False,Q3,0.15-0.30R,11:00-12:00,widest,Thu
2024-01-12,down,True,15,0.02564102564102564,1.8686868686868687,1,False,False,,0.20279720279720279,True,5.0,True,True,10.0,True,True,20.0,True,False,True,False,False,False,False,-1.0,True,-1.0,-1.0,-0.07114624505928854,107.25,0.6,,4,False,False,False,False,False,Q3,<0.05R,10:30-11:00,wide,Fri
2024-01-16,up,True,10,0.043697478991596636,0.8583509513742072,1,False,True,0.023529411764705882,0.20168067226890757,True,20.0,False,True,20.0,True,True,20.0,True,False,True,False,True,False,False,-1.0,True,-1.0,-1.0,-0.060714285714285714,148.75,0.85,,1,False,False,False,False,False,Q1_weak,<0.05R,10:30-11:00,widest,Tue
2024-01-17,up,True,315,0.014634146341463415,0.8008898776418242,1,False,True,0.08130081300813008,0.2731707317073171,False,,False,False,,False,False,,False,False,False,False,True,False,True,0.296998420221169,False,,,,153.75,0.8833333333333333,,2,True,False,False,False,False,Q1_weak,<0.05R,after 13:30,widest,Wed
2024-01-18,up,True,5,0.0661764705882353,1.638474295190713,4,False,False,,1.0514705882352942,True,5.0,True,True,25.0,True,True,95.0,True,True,True,True,False,False,True,-1.0,True,1.0,-1.0,0.29608938547486036,68.0,0.16666666666666666,,3,True,True,True,False,False,Q3,0.05-0.15R,10:30-11:00,narrowest,Thu
2024-01-18,down,False,150,0.1323529411764706,2.165745856353591,3,True,True,0.1323529411764706,0.6433823529411765,True,35.0,False,True,35.0,False,True,60.0,True,True,True,True,True,False,False,-1.0,True,-1.0,-1.0,0.24860335195530725,68.0,0.16666666666666666,,3,True,True,False,False,False,Q3,0.05-0.15R,12:00-13:30,narrowest,Thu
2024-01-19,up,True,35,0.19548872180451127,1.2049830124575311,4,False,True,0.13157894736842105,3.236842105263158,True,30.0,True,False,,False,False,,False,False,False,False,True,True,True,1.1567567567567567,True,1.0,2.0,,66.5,0.15,,4,True,True,True,True,True,Q2,0.15-0.30R,11:00-12:00,narrowest,Fri
2024-01-22,down,True,0,0.10319410319410319,0.6630434782608695,4,False,True,0.11056511056511056,0.48402948402948404,True,5.0,True,True,5.0,True,False,,False,False,False,False,True,False,True,0.1955193482688391,True,0.44226044226044225,0.44226044226044225,,101.75,0.5833333333333334,,0,True,False,False,False,False,Q1_weak,0.05-0.15R,10:30-11:00,wide,Mon
2024-01-23,up,True,145,0.01910828025477707,1.4606741573033708,3,False,True,0.14331210191082802,0.6496815286624203,True,5.0,True,True,5.0,True,False,,False,False,False,False,True,False,True,0.9815950920245399,True,1.0,1.0573248407643312,,78.5,0.30833333333333335,,1,True,True,False,False,False,Q2,<0.05R,12:00-13:30,narrow,Tue
2024-01-24,up,True,0,0.024539877300613498,0.3722304283604136,6,False,True,0.147239263803681,0.9141104294478528,True,5.0,True,True,35.0,False,True,230.0,True,True,True,True,True,True,False,-1.0,True,1.0,-1.0,0.03826955074875208,81.5,0.38333333333333336,,2,True,True,False,False,False,Q1_weak,<0.05R,10:30-11:00,mid,Wed
2024-01-24,down,False,285,0.19938650306748465,2.0129870129870127,2,True,True,0.3128834355828221,0.4110429447852761,True,5.0,True,True,5.0,True,False,,False,False,False,False,False,False,True,-0.06140350877192982,True,0.3128834355828221,0.3128834355828221,,81.5,0.38333333333333336,,2,True,False,False,False,False,Q3,0.15-0.30R,after 13:30,mid,Wed
2024-01-25,up,True,75,0.005847953216374269,1.800219538968167,1,False,True,0.14912280701754385,0.20175438596491227,True,10.0,False,True,10.0,True,True,15.0,True,True,True,True,True,False,False,-1.0,True,-1.0,-1.0,1.270718232044199,85.5,0.45,,3,False,False,False,False,False,Q3,<0.05R,11:00-12:00,mid,Thu
2024-01-25,down,False,135,0.0029239766081871343,1.701534170153417,1,True,True,0.011695906432748537,1.2543859649122806,True,5.0,True,True,10.0,True,False,,False,False,False,False,True,False,True,1.9825581395348837,True,1.0,2.0,,85.5,0.45,,3,True,True,True,False,False,Q3,<0.05R,12:00-13:30,mid,Thu
2024-01-26,up,True,0,0.16987179487179488,1.0205278592375366,3,False,True,0.20833333333333334,0.6410256410256411,True,70.0,True,True,120.0,False,True,135.0,True,True,True,True,True,True,False,-1.0,True,1.0,-1.0,0.16099773242630386,78.0,0.3,,4,True,True,False,False,False,Q2,0.15-0.30R,10:30-11:00,narrow,Fri
2024-01-29,up,True,100,0.008695652173913044,0.6451612903225806,2,True,False,,2.3086956521739133,True,5.0,True,True,5.0,True,False,,False,False,False,False,False,False,True,1.9487179487179487,True,1.0,2.0,,57.5,0.13333333333333333,,0,True,True,True,True,True,Q1_weak,<0.05R,12:00-13:30,narrowest,Mon
2024-01-30,down,True,105,0.04395604395604396,2.8747433264887063,3,False,True,0.15018315018315018,1.0,True,5.0,True,False,,False,False,,False,False,False,False,False,False,True,1.7575757575757576,True,1.0,2.0,,68.25,0.21666666666666667,,1,True,True,True,False,False,Q4_strong,<0.05R,12:00-13:30,narrow,Tue
2024-01-31,down,True,0,0.08525345622119816,0.9138576779026217,3,False,True,0.05069124423963134,0.8064516129032258,True,30.0,True,True,30.0,True,True,90.0,True,True,True,True,True,False,True,-1.0,True,-1.0,-1.0,0.9003322259136213,108.5,0.7166666666666667,,2,True,True,False,False,False,Q1_weak,0.05-0.15R,10:30-11:00,wide,Wed
2024-01-31,up,False,250,0.2903225806451613,2.4113475177304964,5,True,True,0.4078341013824885,0.5299539170506913,True,10.0,False,True,10.0,False,True,20.0,True,True,True,True,True,False,False,-1.0,True,-1.0,-1.0,-0.14871794871794872,108.5,0.7166666666666667,,2,True,True,False,False,False,Q4_strong,0.15-0.30R,after 13:30,wide,Wed
2024-02-01,up,True,95,0.15365239294710328,2.4319066147859925,2,True,True,0.20151133501259447,0.8463476070528967,True,10.0,True,True,10.0,True,False,,False,False,False,False,True,True,True,0.859344894026975,True,1.0,1.4307304785894206,,99.25,0.6333333333333333,,3,True,True,False,False,False,Q4_strong,0.15-0.30R,12:00-13:30,wide,Thu
2024-02-02,up,True,10,0.1861198738170347,2.20021528525296,3,False,True,0.167192429022082,0.9558359621451105,True,20.0,True,True,20.0,True,False,,False,False,False,False,True,True,True,0.7011494252873564,True,1.0,1.334384858044164,,158.5,0.9333333333333333,,4,True,True,False,False,False,Q3,0.15-0.30R,10:30-11:00,widest,Fri
2024-02-05,down,True,10,0.25824175824175827,2.3918757467144562,3,False,True,0.11721611721611722,0.34065934065934067,True,25.0,False,True,25.0,True,True,35.0,True,True,True,True,True,False,False,-1.0,True,-1.0,-1.0,1.5241379310344827,136.5,0.8333333333333334,,0,True,False,False,False,False,Q4_strong,0.15-0.30R,10:30-11:00,widest,Mon
2024-02-05,up,False,255,0.038461538461538464,0.5932203389830508,6,True,False,,0.06043956043956044,True,5.0,False,True,10.0,True,True,25.0,False,False,False,False,False,False,False,-0.6156462585034014,True,-0.5860805860805861,-0.5860805860805861,-0.20901639344262296,136.5,0.8333333333333334,,0,False,False,False,False,False,Q1_weak,<0.05R,after 13:30,widest,Mon
2024-02-06,down,True,75,0.02654867256637168,3.3962264150943398,4,False,True,0.12831858407079647,0.22123893805309736,True,5.0,True,True,40.0,True,True,250.0,False,False,False,False,True,False,False,-0.7619047619047619,True,-0.7492625368731564,-0.7492625368731564,,169.5,0.9833333333333333,,1,False,False,False,False,False,Q4_strong,<0.05R,11:00-12:00,widest,Tue
2024-02-08,up,True,15,0.20689655172413793,2.25,2,False,True,0.2629310344827586,0.5258620689655172,True,40.0,True,True,40.0,True,True,200.0,True,False,True,False,True,True,False,-1.0,True,1.0,-1.0,-0.37373737373737376,58.0,0.15,,3,True,True,False,False,False,Q3,0.15-0.30R,10:30-11:00,narrowest,Thu
2024-02-09,up,True,0,0.09498680738786279,0.8372093023255814,4,False,True,0.055408970976253295,1.0686015831134565,True,65.0,True,False,,False,False,,False,False,False,False,True,True,True,1.5210643015521064,True,1.0,2.0,,94.75,0.5333333333333333,,4,True,True,True,False,False,Q1_weak,0.05-0.15R,10:30-11:00,mid,Fri
2024-02-12,up,True,10,0.18857142857142858,1.0,5,False,True,0.21714285714285714,1.6114285714285714,True,170.0,False,True,170.0,False,True,175.0,True,True,True,True,True,False,False,1.1784232365145229,True,-1.0,-1.0,0.013303769401330377,43.75,0.03333333333333333,,0,True,True,True,True,False,Q2,0.15-0.30R,10:30-11:00,narrowest,Mon
2024-02-12,down,False,190,0.045714285714285714,0.37283621837549935,6,True,True,0.4685714285714286,1.6228571428571428,True,5.0,True,True,5.0,True,False,,True,False,False,False,False,False,True,-1.0,True,-1.0,-1.0,,43.75,0.03333333333333333,,0,True,True,True,True,False,Q1_weak,<0.05R,after 13:30,narrowest,Mon
2024-02-13,up,True,0,0.030448717948717948,0.3054545454545455,4,False,True,0.15705128205128205,0.3141025641025641,True,5.0,True,True,25.0,True,True,210.0,True,True,True,True,True,False,False,-1.0,True,-1.0,-1.0,0.25,156.0,0.8833333333333333,,1,True,False,False,False,False,Q1_weak,<0.05R,10:30-11:00,widest,Tue
2024-02-13,down,False,260,0.035256410256410256,2.3905325443786984,3,True,True,0.1330128205128205,0.28685897435897434,True,5.0,True,True,40.0,True,True,65.0,True,False,True,False,True,False,False,-1.0,True,-1.0,-1.0,,156.0,0.8833333333333333,,1,True,False,False,False,False,Q4_strong,<0.05R,after 13:30,widest,Tue
2024-02-14,down,True,30,0.19230769230769232,1.2592592592592593,3,False,True,0.25,0.5072115384615384,True,20.0,True,True,20.0,True,True,155.0,True,True,True,True,True,False,False,-1.0,True,1.0,-1.0,0.3227848101265823,104.0,0.6,,2,True,True,False,False,False,Q2,0.15-0.30R,10:30-11:00,wide,Wed
2024-02-14,up,False,305,0.036057692307692304,1.975609756097561,1,True,True,0.052884615384615384,0.38461538461538464,False,,False,False,,False,False,,False,False,False,False,True,False,True,0.33183856502242154,False,,,,104.0,0.6,,2,True,False,False,False,False,Q3,<0.05R,after 13:30,wide,Wed
2024-02-15,down,True,35,0.09647058823529411,1.2785046728971963,3,False,True,0.16941176470588235,0.15529411764705883,True,5.0,False,True,5.0,True,True,65.0,True,True,True,True,True,False,False,-1.0,True,-1.0,-1.0,0.8118081180811808,106.25,0.6166666666666667,,3,False,False,False,False,False,Q2,0.05-0.15R,11:00-12:00,wide,Thu
2024-02-15,up,False,165,0.12705882352941175,3.7001594896331738,4,True,True,0.05411764705882353,0.28,True,25.0,False,True,35.0,True,False,,False,False,False,False,True,False,True,-0.04127579737335835,True,0.2023529411764706,0.2023529411764706,,106.25,0.6166666666666667,,3,True,False,False,False,False,Q4_strong,0.05-0.15R,12:00-13:30,wide,Thu
2024-02-20,down,True,90,0.04195011337868481,1.065217391304348,4,False,True,0.047619047619047616,0.23129251700680273,True,45.0,False,True,50.0,True,True,165.0,True,False,True,False,True,False,False,-1.0,True,-1.0,-1.0,0.3559322033898305,220.5,1.0,,1,False,False,False,False,False,Q2,<0.05R,11:00-12:00,widest,Tue
2024-02-21,down,True,115,0.032362459546925564,0.33678756476683935,2,False,False,,0.9773462783171522,True,5.0,True,True,10.0,True,True,10.0,True,True,True,True,False,False,False,-1.0,True,-1.0,-1.0,-1.0,77.25,0.2833333333333333,,2,True,True,False,False,False,Q1_weak,<0.05R,12:00-13:30,narrow,Wed
2024-02-21,up,False,325,0.1488673139158576,1.4922480620155039,10,True,True,0.17475728155339806,0.0,False,,False,False,,False,False,,False,False,False,False,False,False,False,,False,,,,77.25,0.2833333333333333,,2,False,False,False,False,False,Q2,0.05-0.15R,after 13:30,narrow,Wed
2024-02-22,up,True,45,0.009411764705882352,1.054172767203514,6,False,True,0.042352941176470586,1.0988235294117648,True,5.0,True,True,10.0,True,False,,False,False,False,False,True,True,True,1.9445727482678983,True,1.0,2.0,,106.25,0.6083333333333333,,3,True,True,True,False,False,Q2,<0.05R,11:00-12:00,wide,Thu
2024-02-23,down,True,10,0.16336633663366337,2.442953020134228,1,False,True,0.07425742574257425,0.9678217821782178,True,5.0,True,True,80.0,False,False,,False,False,False,False,True,False,True,0.6082089552238806,True,1.0,1.1336633663366336,,101.0,0.5333333333333333,,4,True,True,False,False,False,Q4_strong,0.15-0.30R,10:30-11:00,mid,Fri
2024-02-26,up,True,80,0.05604719764011799,1.3642960812772131,6,False,True,0.0029498525073746312,0.10324483775811209,True,5.0,True,True,5.0,True,True,95.0,True,False,True,False,True,False,False,-1.0,True,-1.0,-1.0,0.36666666666666664,84.75,0.35,,0,False,False,False,False,False,Q2,0.05-0.15R,11:00-12:00,narrow,Mon
2024-02-27,down,True,140,0.02459016393442623,1.3755158184319118,2,False,True,0.09836065573770492,0.3524590163934426,True,10.0,True,True,20.0,True,True,30.0,True,False,True,False,True,False,False,-1.0,True,-1.0,-1.0,1.1691542288557213,91.5,0.4666666666666667,,1,True,False,False,False,False,Q2,<0.05R,12:00-13:30,mid,Tue
2024-02-28,up,True,30,0.06382978723404255,2.7437185929648242,3,False,True,0.1773049645390071,0.40425531914893614,True,5.0,True,True,5.0,True,True,90.0,True,False,True,False,True,False,False,-1.0,True,-1.0,-1.0,-0.1417910447761194,70.5,0.23333333333333334,,2,True,False,False,False,False,Q4_strong,0.05-0.15R,10:30-11:00,narrow,Wed
2024-02-29,down,True,55,0.01366120218579235,1.3617021276595744,3,False,True,0.18032786885245902,0.9043715846994536,True,5.0,True,True,30.0,False,True,85.0,True,True,True,True,True,False,False,-1.0,True,1.0,-1.0,0.4581589958158996,91.5,0.475,,3,True,True,False,False,False,Q2,<0.05R,11:00-12:00,mid,Thu
2024-02-29,up,False,320,0.04371584699453552,0.9968847352024922,2,True,False,,0.40437158469945356,True,5.0,True,True,5.0,True,False,,False,False,False,False,False,False,False,-0.19095477386934673,True,-0.12021857923497267,-0.12021857923497267,,91.5,0.475,,3,True,False,False,False,False,Q2,<0.05R,after 13:30,mid,Thu
2024-03-01,up,True,30,0.19174757281553398,1.9236641221374047,6,False,True,0.03640776699029126,1.7087378640776698,False,,False,False,,False,False,,False,False,False,False,True,True,True,1.168421052631579,False,,,,103.0,0.6,,4,True,True,True,True,False,Q3,0.15-0.30R,10:30-11:00,wide,Fri
2024-03-04,down,True,170,0.12385321100917432,4.026845637583892,1,False,False,,0.5137614678899083,True,5.0,True,True,5.0,True,True,20.0,True,True,True,True,False,False,True,-1.0,True,-1.0,-1.0,1.1322314049586777,54.5,0.1,,0,True,True,False,False,False,Q4_strong,0.05-0.15R,12:00-13:30,narrowest,Mon
2024-03-04,up,False,245,0.13761467889908258,5.16260162601626,2,True,True,0.18807339449541285,0.21559633027522937,True,5.0,False,True,5.0,True,True,65.0,True,True,True,True,True,False,False,-1.0,True,-1.0,-1.0,0.19369369369369369,54.5,0.1,,0,False,False,False,False,False,Q4_strong,0.05-0.15R,after 13:30,narrowest,Mon
2024-03-05,down,True,0,0.03415300546448088,0.7672327672327672,1,False,False,,0.6543715846994536,True,5.0,True,True,50.0,True,True,115.0,False,False,False,False,False,False,True,0.14578005115089515,True,1.0,0.22404371584699453,-1.0,183.0,0.95,,1,True,True,False,False,False,Q1_weak,<0.05R,10:30-11:00,widest,Tue
2024-03-06,up,True,90,0.032208588957055216,0.9134615384615384,4,False,True,0.05521472392638037,0.2929447852760736,True,5.0,True,True,50.0,True,True,90.0,True,False,True,False,True,False,False,-1.0,True,-1.0,-1.0,0.4942528735632184,163.0,0.9,,2,True,False,False,False,False,Q1_weak,<0.05R,11:00-12:00,widest,Wed
2024-03-07,up,True,5,0.11458333333333333,1.3284671532846715,1,False,True,0.058333333333333334,1.0104166666666667,True,20.0,True,False,,False,False,,False,False,False,False,True,True,True,1.4406779661016949,True,1.0,2.0,,120.0,0.7666666666666667,,3,True,True,True,False,False,Q2,0.05-0.15R,10:30-11:00,wide,Thu
2024-03-08,down,True,35,0.14480408858603067,2.379647749510763,2,True,True,0.3373083475298126,1.877342419080068,True,5.0,True,True,5.0,True,False,,False,False,False,False,False,False,True,1.3262879788639366,True,1.0,2.0,,146.75,0.8,,4,True,True,True,True,False,Q4_strong,0.05-0.15R,11:00-12:00,wide,Fri
2024-03-11,up,True,20,0.05656108597285068,1.4850828729281769,3,False,True,0.2420814479638009,0.20588235294117646,True,5.0,True,True,5.0,True,True,35.0,True,False,True,False,True,False,False,-1.0,True,-1.0,-1.0,-1.0,110.5,0.7,,0,False,False,False,False,False,Q2,0.05-0.15R,10:30-11:00,wide,Mon
2024-03-12,up,True,0,0.15523932729624837,1.3164556962025316,4,False,True,0.12289780077619664,0.6403622250970246,True,125.0,True,True,125.0,True,False,,False,False,False,False,True,False,True,0.6199407699901284,True,1.0,1.1228978007761967,,193.25,0.95,,1,True,True,False,False,False,Q2,0.15-0.30R,10:30-11:00,widest,Tue
2024-03-13,down,True,70,0.031496062992125984,1.2206572769953052,2,False,True,0.0610236220472441,0.16535433070866143,True,5.0,False,True,5.0,True,True,15.0,True,False,True,False,True,False,False,-1.0,True,-1.0,-1.0,-0.08018867924528301,127.0,0.7333333333333333,,2,False,False,False,False,False,Q2,<0.05R,11:00-12:00,wide,Wed
2024-03-14,down,True,275,0.023106546854942234,3.114035087719298,4,False,True,0.09242618741976893,0.21566110397946084,True,5.0,True,True,35.0,True,False,,False,False,False,False,True,False,False,-0.7803680981595092,True,-0.7702182284980744,-0.7702182284980744,,194.75,0.95,,3,False,False,False,False,False,Q4_strong,<0.05R,after 13:30,widest,Thu
2024-03-15,down,True,140,0.08934707903780069,2.5,3,False,True,0.12886597938144329,0.1563573883161512,True,15.0,False,True,15.0,True,True,30.0,True,False,True,False,True,False,False,-1.0,True,-1.0,-1.0,-0.14344262295081966,145.5,0.75,,4,False,False,False,False,False,Q4_strong,0.05-0.15R,12:00-13:30,wide,Fri
2024-03-18,down,True,140,0.14009661835748793,1.8876941457586618,2,False,True,0.17632850241545894,0.5652173913043478,True,30.0,True,True,30.0,True,True,95.0,False,False,False,False,True,False,True,0.5056603773584906,True,1.0,0.927536231884058,-1.0,103.5,0.5333333333333333,,0,True,True,False,False,False,Q3,0.05-0.15R,12:00-13:30,mid,Mon
2024-03-19,up,True,60,0.0025188916876574307,1.952861952861953,2,False,True,0.10831234256926953,1.3778337531486147,True,5.0,True,True,5.0,True,False,,False,False,False,False,True,False,True,1.9849624060150375,True,1.0,2.0,,99.25,0.4583333333333333,,1,True,True,True,False,False,Q3,<0.05R,11:00-12:00,mid,Tue
2024-03-20,up,True,210,0.30704225352112674,13.100917431192661,4,True,True,0.5295774647887324,1.8394366197183099,True,5.0,True,True,5.0,False,False,,True,False,False,False,True,True,True,-1.0,True,1.0,-1.0,,88.75,0.36666666666666664,,2,True,True,True,True,False,Q4_strong,>0.30R,after 13:30,narrow,Wed
2024-03-21,down,True,35,0.02108433734939759,0.9697542533081286,4,False,False,,0.8855421686746988,True,5.0,True,True,5.0,True,True,30.0,True,False,True,False,False,False,True,-1.0,True,-1.0,-1.0,-1.0,83.0,0.3,,3,True,True,False,False,False,Q2,<0.05R,11:00-12:00,narrow,Thu
2024-03-22,up,True,140,0.17692307692307693,2.058319039451115,4,False,True,0.11923076923076924,0.9384615384615385,True,140.0,False,True,140.0,False,False,,False,False,False,False,True,True,True,-0.10227272727272728,True,1.0,0.2153846153846154,,65.0,0.11666666666666667,,4,True,True,False,False,False,Q3,0.15-0.30R,12:00-13:30,narrowest,Fri
2024-03-25,up,True,75,0.05893909626719057,1.6260162601626016,1,False,False,,0.2337917485265226,True,5.0,True,True,10.0,True,True,15.0,False,False,False,False,False,False,False,-0.562390158172232,True,-0.5108055009823183,-0.5108055009823183,-1.0,127.25,0.7,,0,False,False,False,False,False,Q3,0.05-0.15R,11:00-12:00,wide,Mon
2024-03-26,down,True,10,0.08264462809917356,1.0753323485967505,1,False,False,,1.7975206611570247,True,5.0,True,True,10.0,True,True,15.0,True,False,True,False,False,False,True,-1.0,True,-1.0,-1.0,-1.0,60.5,0.1,,1,True,True,True,True,False,Q2,0.05-0.15R,10:30-11:00,narrowest,Tue
2024-03-28,down,True,250,0.024539877300613498,2.418032786885246,3,False,False,,0.09815950920245399,True,5.0,False,True,5.0,True,True,10.0,True,False,True,False,False,False,False,-1.0,True,-1.0,-1.0,-0.5217391304347826,81.5,0.25833333333333336,,3,False,False,False,False,False,Q4_strong,<0.05R,after 13:30,narrow,Thu
2024-04-01,down,True,20,0.0642570281124498,0.9627507163323782,2,False,True,0.020080321285140562,0.5461847389558233,True,5.0,True,True,110.0,False,False,,False,False,False,False,True,True,False,-0.29537366548042704,True,1.0,-0.20481927710843373,,124.5,0.6666666666666666,,0,True,True,False,False,False,Q2,0.05-0.15R,10:30-11:00,wide,Mon
2024-04-02,up,True,150,0.024861878453038673,0.7809110629067245,2,False,True,0.03314917127071823,0.6077348066298343,True,5.0,True,True,5.0,True,True,15.0,False,False,False,False,True,False,True,0.7631578947368421,True,1.0,0.850828729281768,-1.0,90.5,0.36666666666666664,,1,True,True,False,False,False,Q1_weak,<0.05R,12:00-13:30,narrow,Tue
2024-04-03,up,True,25,0.06005586592178771,0.8246808510638297,2,False,True,0.03770949720670391,0.1857541899441341,True,55.0,False,True,55.0,True,True,55.0,True,False,True,False,True,False,False,-1.0,True,-1.0,-1.0,0.8571428571428571,179.0,0.8833333333333333,,2,False,False,False,False,False,Q1_weak,0.05-0.15R,10:30-11:00,widest,Wed
2024-04-04,down,True,40,0.033846153846153845,1.9798657718120805,3,False,True,0.018461538461538463,5.138461538461539,True,5.0,True,True,10.0,True,True,15.0,True,False,True,False,True,False,True,-1.0,True,-1.0,-1.0,-1.0,81.25,0.25,,3,True,True,True,True,True,Q3,<0.05R,11:00-12:00,narrow,Thu
2024-04-05,up,True,15,0.10833333333333334,1.8274111675126905,2,False,True,0.165,1.0383333333333333,True,30.0,True,False,,False,False,,False,False,False,False,True,True,True,1.4657534246575343,True,1.0,2.0,,150.0,0.7833333333333333,,4,True,True,True,False,False,Q3,0.05-0.15R,10:30-11:00,wide,Fri
2024-04-08,up,True,0,0.1614457831325301,1.0895522388059702,3,False,True,0.15180722891566265,0.3349397590361446,True,10.0,True,True,55.0,True,True,80.0,True,False,True,False,True,False,False,-1.0,True,-1.0,-1.0,0.0429042904290429,103.75,0.5166666666666667,,0,True,False,False,False,False,Q2,0.15-0.30R,10:30-11:00,mid,Mon
2024-04-09,down,True,0,0.22490706319702602,2.005970149253731,2,False,True,0.4479553903345725,0.8159851301115242,True,75.0,False,True,95.0,False,True,325.0,True,False,True,False,True,False,False,-1.0,True,-1.0,-1.0,,134.5,0.7,,1,True,True,False,False,False,Q3,0.15-0.30R,10:30-11:00,wide,Tue
2024-04-10,up,True,5,0.12967581047381546,0.9898477157360406,3,False,False,,0.2593516209476309,True,5.0,False,True,5.0,True,True,15.0,True,False,True,False,False,False,False,-1.0,True,-1.0,-1.0,-0.47530864197530864,100.25,0.45,,2,True,False,False,False,False,Q2,0.05-0.15R,10:30-11:00,mid,Wed
2024-04-11,up,True,80,0.0430622009569378,0.7722007722007722,2,False,True,0.1937799043062201,2.3421052631578947,False,,False,False,,False,False,,False,False,False,False,True,True,True,1.7621145374449338,False,,,,104.5,0.5666666666666667,,3,True,True,True,True,True,Q1_weak,<0.05R,11:00-12:00,mid,Thu
2024-04-12,down,True,5,0.3076923076923077,2.074074074074074,4,False,True,0.21597633136094674,1.6390532544378698,True,50.0,True,True,50.0,False,False,,False,False,False,False,True,False,True,0.8571428571428571,True,1.0,2.0,,84.5,0.3,,4,True,True,True,True,False,Q3,>0.30R,10:30-11:00,narrow,Fri
2024-04-15,down,True,20,0.07432432432432433,1.9716902581182347,1,False,False,,2.3614864864864864,True,5.0,True,True,35.0,True,True,60.0,False,False,False,False,False,False,True,1.611764705882353,True,1.0,2.0,-1.0,148.0,0.7833333333333333,,0,True,True,True,True,True,Q3,0.05-0.15R,10:30-11:00,wide,Mon
2024-04-16,up,True,80,0.0136986301369863,2.735229759299781,1,False,True,0.00684931506849315,0.5159817351598174,True,5.0,True,True,5.0,True,True,5.0,True,True,True,True,True,False,False,-1.0,True,-1.0,-1.0,1.4891304347826086,109.5,0.6166666666666667,,1,True,True,False,False,False,Q4_strong,<0.05R,11:00-12:00,wide,Tue
2024-04-17,down,True,20,0.2231404958677686,5.4297872340425535,1,False,True,0.12231404958677686,1.2760330578512398,True,10.0,True,True,10.0,True,False,,False,False,False,False,True,False,True,1.0742857142857143,True,1.0,2.0,,151.25,0.8166666666666667,,2,True,True,True,False,False,Q4_strong,0.15-0.30R,10:30-11:00,widest,Wed
2024-04-18,up,True,5,0.027613412228796843,0.2507716049382716,3,False,False,,0.5305719921104537,True,5.0,True,True,95.0,False,True,130.0,True,True,True,True,False,False,False,-1.0,True,1.0,-1.0,0.6371308016877637,126.75,0.65,,3,True,True,False,False,False,Q1_weak,<0.05R,10:30-11:00,wide,Thu
2024-04-18,down,False,170,0.09467455621301775,2.6149131767109295,3,True,False,,0.2406311637080868,True,5.0,True,True,5.0,True,False,,False,False,False,False,False,False,True,-0.06633499170812604,True,0.11045364891518737,0.11045364891518737,,126.75,0.65,,3,False,False,False,False,False,Q4_strong,0.05-0.15R,12:00-13:30,wide,Thu
2024-04-19,down,True,45,0.007102272727272727,1.1853573503776875,2,False,True,0.056818181818181816,1.2940340909090908,True,5.0,True,False,,False,False,,False,False,False,False,False,False,True,1.9579831932773109,True,1.0,2.0,,176.0,0.8833333333333333,,4,True,True,True,False,False,Q2,<0.05R,11:00-12:00,widest,Fri
2024-04-22,down,True,20,0.051926298157453935,2.281219272369715,2,False,True,0.09882747068676717,0.22613065326633167,True,5.0,True,True,5.0,True,True,45.0,True,True,True,True,True,False,False,-1.0,True,-1.0,-1.0,1.103448275862069,149.25,0.7666666666666667,,0,False,False,False,False,False,Q3,0.05-0.15R,10:30-11:00,wide,Mon
2024-04-22,up,False,175,0.08375209380234507,2.606451612903226,2,True,True,0.1507537688442211,0.7805695142378559,True,135.0,False,False,,False,False,,False,False,False,False,True,True,True,0.0746054519368723,True,0.254606365159129,0.254606365159129,,149.25,0.7666666666666667,,0,True,True,False,False,False,Q4_strong,0.05-0.15R,12:00-13:30,wide,Mon
2024-04-23,up,True,0,0.1624203821656051,1.9575596816976126,4,False,True,0.12420382165605096,0.5509554140127388,True,15.0,True,True,15.0,True,False,,False,False,False,False,True,True,True,0.10336538461538461,True,1.0,0.46178343949044587,,157.0,0.8166666666666667,,1,True,True,False,False,False,Q3,0.15-0.30R,10:30-11:00,widest,Tue
2024-04-24,down,True,5,0.01488095238095238,0.991389913899139,3,False,False,,1.7172619047619047,True,5.0,True,True,10.0,True,False,,False,False,False,False,False,False,True,1.9132947976878614,True,1.0,2.0,,84.0,0.2,,2,True,True,True,True,False,Q2,<0.05R,10:30-11:00,narrow,Wed
2024-04-25,up,True,110,0.043243243243243246,1.5496809480401093,2,False,True,0.032432432432432434,1.1387387387387387,True,10.0,True,False,,False,False,,False,False,False,False,True,True,True,1.7611940298507462,True,1.0,2.0,,138.75,0.6666666666666666,,3,True,True,True,False,False,Q3,<0.05R,12:00-13:30,wide,Thu
2024-04-26,up,True,15,0.03918722786647315,1.1408016443987667,4,False,False,,0.35413642960812775,True,5.0,True,True,25.0,True,False,,False,False,False,False,False,False,False,-0.08613728129205922,True,-0.01451378809869376,-0.01451378809869376,,172.25,0.8666666666666667,,4,True,False,False,False,False,Q2,<0.05R,10:30-11:00,widest,Fri
2024-04-29,down,True,270,0.11554621848739496,9.965156794425088,1,False,True,0.3907563025210084,0.32563025210084034,True,5.0,True,True,10.0,True,True,50.0,True,False,True,False,True,False,False,-1.0,True,-1.0,-1.0,0.10436893203883495,119.0,0.5166666666666667,,0,True,False,False,False,False,Q4_strong,0.05-0.15R,after 13:30,mid,Mon
2024-04-30,down,True,30,0.09824561403508772,1.713325867861142,3,False,True,0.14736842105263157,3.656140350877193,True,5.0,True,False,,False,False,,False,False,False,False,True,True,True,1.5073313782991202,True,1.0,2.0,,71.25,0.11666666666666667,,1,True,True,True,True,True,Q3,0.05-0.15R,10:30-11:00,narrowest,Tue
2024-05-01,down,True,45,0.05722070844686648,3.2162162162162162,5,False,False,,0.2888283378746594,True,5.0,True,True,5.0,True,True,165.0,True,True,True,True,False,False,False,-1.0,True,-1.0,-1.0,-0.004210526315789474,91.75,0.31666666666666665,,2,True,False,False,False,False,Q4_strong,0.05-0.15R,11:00-12:00,narrow,Wed
2024-05-01,up,False,210,0.005449591280653951,6.170886075949367,1,True,True,0.05994550408719346,3.005449591280654,True,5.0,True,True,5.0,True,True,110.0,True,True,True,True,True,True,False,-1.0,True,-1.0,-1.0,0.13076923076923078,91.75,0.31666666666666665,,2,True,True,True,True,True,Q4_strong,<0.05R,after 13:30,narrow,Wed
2024-05-02,up,True,175,0.010404624277456647,1.8203592814371257,7,False,False,,0.3838150289017341,True,5.0,True,True,5.0,True,False,,False,False,False,False,False,False,True,0.3941109852774632,True,0.423121387283237,0.423121387283237,,216.25,0.9833333333333333,,3,True,False,False,False,False,Q3,<0.05R,12:00-13:30,widest,Thu
2024-05-06,up,True,145,0.006734006734006734,3.645320197044335,1,False,True,0.1447811447811448,1.0942760942760943,True,5.0,True,True,5.0,True,False,,False,False,False,False,True,False,True,1.9601328903654485,True,1.0,2.0,,74.25,0.11666666666666667,,0,True,True,True,False,False,Q4_strong,<0.05R,12:00-13:30,narrowest,Mon
2024-05-07,up,True,25,0.2626728110599078,1.6597633136094674,6,False,True,0.15668202764976957,0.5576036866359447,True,35.0,True,True,35.0,False,True,200.0,True,True,True,True,True,True,False,-1.0,True,1.0,-1.0,-0.0,54.25,0.03333333333333333,,1,True,True,False,False,False,Q3,0.15-0.30R,10:30-11:00,narrowest,Tue
2024-05-07,down,False,240,0.1336405529953917,1.3867488443759628,1,True,False,,0.28110599078341014,True,5.0,True,True,10.0,True,True,10.0,True,False,True,False,False,False,False,-1.0,True,-1.0,-1.0,0.21212121212121213,54.25,0.03333333333333333,,1,True,False,False,False,False,Q2,0.05-0.15R,after 13:30,narrowest,Tue
2024-05-08,up,True,10,0.05849056603773585,1.6590909090909092,1,False,True,0.0830188679245283,0.2358490566037736,True,20.0,False,True,25.0,True,True,30.0,True,False,True,False,True,False,False,-1.0,True,-1.0,-1.0,0.20918367346938777,132.5,0.6333333333333333,,2,False,False,False,False,False,Q3,0.05-0.15R,10:30-11:00,wide,Wed
2024-05-09,up,True,5,0.007874015748031496,1.9041850220264318,2,False,True,0.1732283464566929,0.3700787401574803,True,5.0,True,True,5.0,True,False,,False,False,False,False,True,False,True,0.22739018087855298,True,0.24671916010498687,0.24671916010498687,,95.25,0.3333333333333333,,3,True,False,False,False,False,Q3,<0.05R,10:30-11:00,narrow,Thu
2024-05-10,down,True,20,0.24897959183673468,3.048458149779736,2,False,True,0.03877551020408163,0.3020408163265306,True,10.0,False,True,10.0,True,True,115.0,False,False,False,False,True,False,False,-0.6457765667574932,True,-0.46938775510204084,-0.46938775510204084,0.09583333333333334,122.5,0.5666666666666667,,4,True,False,False,False,False,Q4_strong,0.15-0.30R,10:30-11:00,mid,Fri
2024-05-14,up,True,220,0.047505938242280284,5.796344647519582,4,False,True,0.19239904988123516,0.5914489311163895,True,20.0,True,False,,False,False,,False,False,False,False,True,True,True,0.6160520607375272,True,1.0,0.7695961995249406,,105.25,0.48333333333333334,,1,True,True,False,False,False,Q4_strong,<0.05R,after 13:30,mid,Tue
2024-05-15,up,True,0,0.04177545691906005,1.2620689655172412,1,False,True,0.02610966057441253,1.7180156657963446,True,5.0,True,False,,False,False,,False,False,False,False,True,True,True,1.7686746987951807,True,1.0,2.0,,95.75,0.36666666666666664,,2,True,True,True,True,False,Q2,<0.05R,10:30-11:00,narrow,Wed
2024-05-16,up,True,10,0.0392156862745098,1.2765957446808511,2,False,True,0.19607843137254902,0.7401960784313726,True,5.0,True,True,95.0,False,True,160.0,True,True,True,True,True,False,False,-1.0,True,1.0,-1.0,0.12341772151898735,51.0,0.016666666666666666,,3,True,True,False,False,False,Q2,<0.05R,10:30-11:00,narrowest,Thu
2024-05-16,down,False,220,0.10294117647058823,1.8911917098445594,3,True,True,0.12745098039215685,0.553921568627451,True,5.0,True,True,5.0,True,False,,True,False,False,False,True,False,True,-1.0,True,-1.0,-1.0,,51.0,0.016666666666666666,,3,True,True,False,False,False,Q3,0.05-0.15R,after 13:30,narrowest,Thu
2024-05-17,up,True,0,0.1595744680851064,1.0020366598778006,3,False,True,0.10638297872340426,0.20212765957446807,True,5.0,True,True,5.0,True,True,70.0,True,True,True,True,True,False,False,-1.0,True,-1.0,-1.0,0.24175824175824176,47.0,0.016666666666666666,,4,False,False,False,False,False,Q2,0.15-0.30R,10:30-11:00,narrowest,Fri
2024-05-17,down,False,165,0.1276595744680851,3.0641821946169774,4,True,True,0.13829787234042554,1.6063829787234043,True,5.0,True,True,10.0,True,False,,False,False,False,False,True,False,False,1.3898305084745763,True,1.0,2.0,,47.0,0.016666666666666666,,4,True,True,True,True,False,Q4_strong,0.05-0.15R,12:00-13:30,narrowest,Fri
2024-05-20,up,True,15,0.060851926977687626,0.975609756097561,3,False,False,,0.2920892494929006,True,5.0,True,True,5.0,True,True,10.0,False,False,False,False,False,False,True,0.003616636528028933,True,0.1257606490872211,0.1257606490872211,-1.0,123.25,0.6,,0,True,False,False,False,False,Q2,0.05-0.15R,10:30-11:00,wide,Mon
2024-05-21,up,True,0,0.2102803738317757,1.3584905660377358,4,False,True,0.14485981308411214,1.4439252336448598,True,80.0,True,False,,False,False,,False,False,False,False,True,True,True,1.111842105263158,True,1.0,2.0,,53.5,0.05,,1,True,True,True,False,False,Q2,0.15-0.30R,10:30-11:00,narrowest,Tue
2024-05-22,up,True,40,0.045454545454545456,0.7748184019370461,1,False,False,,0.13068181818181818,True,5.0,True,True,30.0,True,True,35.0,True,True,True,True,False,False,False,-1.0,True,-1.0,-1.0,2.9019607843137254,44.0,0.016666666666666666,,2,False,False,False,False,False,Q1_weak,<0.05R,11:00-12:00,narrowest,Wed
2024-05-22,down,False,185,0.21022727272727273,6.445012787723785,3,True,True,0.48295454545454547,2.375,True,140.0,False,True,140.0,False,False,,False,False,False,False,False,False,False,1.112,True,1.0,-0.22727272727272727,,44.0,0.016666666666666666,,2,True,True,True,True,True,Q4_strong,0.15-0.30R,after 13:30,narrowest,Wed
2024-05-23,down,True,20,0.02249134948096886,1.631578947368421,3,False,True,0.16262975778546712,1.4982698961937717,True,5.0,True,True,10.0,True,True,45.0,True,False,True,False,True,False,True,-1.0,True,-1.0,-1.0,-1.0,144.5,0.7166666666666667,,3,True,True,True,False,False,Q3,<0.05R,10:30-11:00,wide,Thu
2024-05-24,up,True,15,0.04028436018957346,1.5354330708661417,1,False,True,0.14454976303317535,0.8341232227488151,True,5.0,True,False,,False,False,,False,False,False,False,True,False,True,0.5614035087719298,True,1.0,0.6872037914691943,,105.5,0.48333333333333334,,4,True,True,False,False,False,Q2,<0.05R,10:30-11:00,mid,Fri
2024-05-28,up,True,180,0.005128205128205128,1.6778523489932886,2,False,True,0.07435897435897436,0.09230769230769231,True,5.0,True,True,10.0,True,True,15.0,True,True,True,True,True,False,True,-1.0,True,-1.0,-1.0,2.7017543859649122,97.5,0.36666666666666664,,1,False,False,False,False,False,Q3,<0.05R,12:00-13:30,narrow,Tue
2024-05-28,down,False,245,0.08461538461538462,1.6350710900473933,6,True,True,0.2794871794871795,0.2,True,5.0,False,True,15.0,True,True,80.0,True,True,True,True,True,False,False,-1.0,True,-1.0,-1.0,,97.5,0.36666666666666664,,1,False,False,False,False,False,Q3,0.05-0.15R,after 13:30,narrow,Tue
2024-05-29,up,True,0,0.00234192037470726,1.0391061452513968,1,False,False,,0.11241217798594848,True,5.0,True,True,10.0,True,True,35.0,True,False,True,False,False,False,False,-1.0,True,-1.0,-1.0,0.559322033898305,106.75,0.48333333333333334,,2,False,False,False,False,False,Q2,<0.05R,10:30-11:00,mid,Wed
2024-05-30,down,True,5,0.187683284457478,1.5036603221083455,3,False,True,0.12903225806451613,1.6187683284457477,True,55.0,True,True,55.0,False,False,,True,False,False,False,True,False,True,-1.0,True,-1.0,-1.0,,85.25,0.26666666666666666,,3,True,True,True,True,False,Q2,0.15-0.30R,10:30-11:00,narrow,Thu
2024-05-31,down,True,0,0.15242494226327943,1.6699375557537912,1,False,True,0.09468822170900693,0.8025404157043879,True,290.0,False,True,290.0,False,True,300.0,True,False,True,False,True,False,False,-1.0,True,-1.0,-1.0,0.9129852744310576,216.5,1.0,,4,True,True,False,False,False,Q3,0.15-0.30R,10:30-11:00,widest,Fri
2024-06-03,down,True,15,0.33636363636363636,3.4980237154150196,4,False,True,0.3068181818181818,1.9068181818181817,True,310.0,False,True,310.0,False,False,,False,False,False,False,True,False,False,0.7934782608695652,True,-0.1318181818181818,-0.1318181818181818,,110.0,0.5333333333333333,,0,True,True,True,True,False,Q4_strong,>0.30R,10:30-11:00,mid,Mon
2024-06-04,up,True,225,0.2727272727272727,2.6143790849673203,4,False,True,0.2701298701298701,0.9272727272727272,True,45.0,False,True,45.0,False,False,,False,False,False,False,True,True,True,0.1546218487394958,True,1.0,0.7844155844155845,,96.25,0.36666666666666664,,1,True,True,False,False,False,Q4_strong,0.15-0.30R,after 13:30,narrow,Tue
2024-06-05,up,True,0,0.3803191489361702,2.577524893314367,5,False,True,0.19680851063829788,1.9734042553191489,False,,False,False,,False,False,,False,False,False,False,True,True,True,0.7039274924471299,False,,,,94.0,0.3333333333333333,,2,True,True,True,True,False,Q4_strong,>0.30R,10:30-11:00,narrow,Wed
2024-06-06,down,True,215,0.0748502994011976,3.9563862928348907,3,False,True,0.17065868263473055,0.17964071856287425,True,5.0,True,True,5.0,True,False,,True,False,False,False,True,False,False,-1.0,True,-1.0,-1.0,,83.5,0.21666666666666667,,3,False,False,False,False,False,Q4_strong,0.05-0.15R,after 13:30,narrow,Thu
2024-06-07,up,True,5,0.1206896551724138,2.0847201210287443,2,False,True,0.3448275862068966,1.2413793103448276,True,20.0,True,True,25.0,False,True,30.0,True,False,True,False,True,True,False,-1.0,True,-1.0,-1.0,-1.0,72.5,0.15,,4,True,True,True,False,False,Q3,0.05-0.15R,10:30-11:00,narrowest,Fri
2024-06-10,up,True,5,0.02092050209205021,1.3,1,False,False,,1.5439330543933054,True,5.0,True,True,5.0,True,False,,False,False,False,False,False,False,True,1.8795180722891567,True,1.0,2.0,,59.75,0.1,,0,True,True,True,True,False,Q2,<0.05R,10:30-11:00,narrowest,Mon
2024-06-11,up,True,5,0.00516795865633075,0.6755386565272496,1,False,True,0.082687338501292,1.6149870801033592,True,5.0,True,True,65.0,True,True,75.0,False,False,False,False,True,False,True,1.969309462915601,True,1.0,2.0,-1.0,96.75,0.45,,1,True,True,True,True,False,Q1_weak,<0.05R,10:30-11:00,mid,Tue
2024-06-12,up,True,280,0.0723781388478582,1.7133706965572457,1,False,True,0.053175775480059084,0.26440177252584934,True,10.0,True,True,10.0,True,True,10.0,True,False,True,False,True,False,False,-1.0,True,-1.0,-1.0,0.24516129032258063,169.25,0.9,,2,True,False,False,False,False,Q3,0.05-0.15R,after 13:30,widest,Wed
2024-06-13,down,True,110,0.05825242718446602,1.1256281407035176,2,False,True,0.05436893203883495,0.26990291262135924,True,10.0,True,True,10.0,True,True,50.0,True,False,True,False,True,False,False,-1.0,True,-1.0,-1.0,0.2847222222222222,128.75,0.7166666666666667,,3,True,False,False,False,False,Q2,0.05-0.15R,12:00-13:30,wide,Thu
2024-06-14,up,True,160,0.038356164383561646,0.7416563658838071,2,False,False,,0.4821917808219178,True,5.0,True,True,55.0,True,False,,False,False,False,False,False,False,True,0.72264631043257,True,0.8547945205479452,0.8547945205479452,,91.25,0.35,,4,True,False,False,False,False,Q1_weak,<0.05R,12:00-13:30,narrow,Fri
2024-06-17,up,True,30,0.109375,1.2064864864864866,3,False,True,0.18125,3.590625,False,,False,False,,False,False,,False,False,False,False,True,True,True,1.4615384615384615,False,,,,80.0,0.2,,0,True,True,True,True,True,Q2,0.05-0.15R,10:30-11:00,narrow,Mon
2024-06-18,down,True,25,0.0273972602739726,0.18994413407821228,2,False,False,,0.680365296803653,True,5.0,True,True,45.0,False,True,45.0,True,True,True,True,False,False,False,-1.0,True,1.0,-1.0,0.9574468085106383,54.75,0.1,,1,True,True,False,False,False,Q1_weak,<0.05R,10:30-11:00,narrowest,Tue
2024-06-18,up,False,195,0.1232876712328767,2.760416666666667,2,True,False,,0.1917808219178082,True,5.0,True,True,5.0,True,True,10.0,True,True,True,True,False,False,False,-1.0,True,-1.0,-1.0,1.4166666666666667,54.75,0.1,,1,False,False,False,False,False,Q4_strong,0.05-0.15R,after 13:30,narrowest,Tue
2024-06-20,down,True,110,0.19170984455958548,4.143947655398037,2,False,True,0.14680483592400692,1.1070811744386875,False,,False,False,,False,False,,False,False,False,False,True,True,True,1.1685393258426966,False,,,,144.75,0.7833333333333333,,3,True,True,True,False,False,Q4_strong,0.15-0.30R,12:00-13:30,wide,Thu
2024-06-21,up,True,45,0.04835164835164835,1.2008281573498965,2,False,False,,0.3934065934065934,True,5.0,True,True,5.0,True,True,10.0,True,False,True,False,False,False,False,-1.0,True,-1.0,-1.0,-1.0,113.75,0.6,,4,True,False,False,False,False,Q2,<0.05R,11:00-12:00,wide,Fri
2024-06-24,down,True,10,0.04660194174757282,2.5388601036269427,1,False,True,0.2524271844660194,0.9805825242718447,True,5.0,True,True,15.0,True,False,,True,False,False,False,True,False,True,-1.0,True,-1.0,-1.0,,128.75,0.7083333333333334,,0,True,True,False,False,False,Q4_strong,<0.05R,10:30-11:00,wide,Mon
2024-06-25,up,True,40,0.2198581560283688,2.6321467098166127,4,False,True,0.08983451536643026,0.7872340425531915,True,80.0,True,True,80.0,False,True,110.0,True,False,True,False,True,True,True,-1.0,True,-1.0,-1.0,-1.0,105.75,0.5333333333333333,,1,True,True,False,False,False,Q4_strong,0.15-0.30R,11:00-12:00,mid,Tue
2024-06-26,up,True,80,0.02386634844868735,2.4701195219123506,4,True,True,0.18854415274463007,0.03818615751789976,True,5.0,True,True,5.0,True,True,55.0,True,False,True,False,True,False,False,-1.0,True,-1.0,-1.0,-0.7120743034055728,104.75,0.5,,2,False,False,False,False,False,Q4_strong,<0.05R,11:00-12:00,mid,Wed
2024-06-27,down,True,60,0.17913385826771652,2.1599169262720666,3,False,True,0.09055118110236221,0.281496062992126,True,10.0,False,True,30.0,True,True,50.0,True,False,True,False,True,False,False,-1.0,True,-1.0,-1.0,0.23278688524590163,127.0,0.6833333333333333,,3,True,False,False,False,False,Q3,0.15-0.30R,11:00-12:00,wide,Thu
2024-06-28,down,True,105,0.005341880341880342,1.2241379310344827,5,False,True,0.018162393162393164,0.5683760683760684,True,5.0,True,True,5.0,True,False,,False,False,False,False,True,False,True,0.8921775898520085,True,1.0,0.9123931623931624,,234.0,1.0,,4,True,True,False,False,False,Q2,<0.05R,12:00-13:30,widest,Fri
2024-07-01,up,True,95,0.10344827586206896,2.398223538119911,1,False,True,0.041666666666666664,0.507183908045977,True,75.0,True,False,,False,False,,False,False,False,False,True,True,True,0.42857142857142855,True,1.0,0.7241379310344828,,174.0,0.9333333333333333,,0,True,True,False,False,False,Q4_strong,0.05-0.15R,12:00-13:30,widest,Mon
2024-07-02,up,True,20,0.12577319587628866,1.4193548387096775,2,False,True,0.09690721649484536,1.3298969072164948,True,30.0,True,True,65.0,True,True,80.0,False,False,False,False,True,False,True,1.3970345963756179,True,1.0,2.0,-1.0,121.25,0.6166666666666667,,1,True,True,True,False,False,Q2,0.05-0.15R,10:30-11:00,wide,Tue
2024-07-05,up,True,40,0.16163793103448276,1.5972812234494478,2,False,True,0.03879310344827586,0.8211206896551724,True,10.0,True,False,,False,False,,False,False,False,False,False,False,True,0.7654723127035831,True,1.0,1.3362068965517242,,116.0,0.5833333333333334,,4,True,True,False,False,False,Q3,0.15-0.30R,11:00-12:00,wide,Fri
2024-07-08,up,True,50,0.08370044052863436,2.8294573643410854,8,True,True,0.1145374449339207,0.6079295154185022,True,5.0,True,True,15.0,True,False,,True,False,False,False,True,False,True,-1.0,True,-1.0,-1.0,,56.75,0.11666666666666667,,0,True,True,False,False,False,Q4_strong,0.05-0.15R,11:00-12:00,narrowest,Mon
2024-07-09,down,True,50,0.11464968152866242,1.5127919911012235,3,False,False,,0.9872611464968153,True,10.0,True,True,10.0,True,True,35.0,False,False,False,False,False,False,True,0.09844559585492228,True,1.0,0.3503184713375796,-1.0,78.5,0.2,,1,True,True,False,False,False,Q2,0.05-0.15R,11:00-12:00,narrow,Tue
2024-07-10,down,True,30,0.013333333333333334,0.8415584415584415,3,False,True,0.06666666666666667,0.24666666666666667,True,5.0,False,True,5.0,True,True,30.0,True,True,True,True,True,False,False,-1.0,True,-1.0,-1.0,0.5982905982905983,75.0,0.2,,2,False,False,False,False,False,Q1_weak,<0.05R,10:30-11:00,narrow,Wed
2024-07-10,up,False,110,0.12666666666666668,3.433333333333333,2,True,True,0.22333333333333333,1.6033333333333333,False,,False,False,,False,False,,False,False,False,False,True,True,True,1.3936170212765957,False,,,,75.0,0.2,,2,True,True,True,True,False,Q4_strong,0.05-0.15R,12:00-13:30,narrow,Wed
2024-07-11,down,True,10,0.03873598369011213,1.1838926174496645,1,False,True,0.0835881753312946,1.1406727828746177,True,5.0,True,False,,False,False,,False,False,False,False,True,False,True,1.7842951750236518,True,1.0,2.0,,245.25,1.0,,3,True,True,True,False,False,Q2,<0.05R,10:30-11:00,widest,Thu
2024-07-12,up,True,0,0.06800618238021638,3.2758620689655173,1,False,True,0.16228748068006182,0.9520865533230294,True,5.0,True,True,95.0,True,True,325.0,False,False,False,False,True,True,False,-0.6258503401360545,True,1.0,-0.5749613601236476,,161.75,0.8666666666666667,,4,True,True,False,False,False,Q4_strong,0.05-0.15R,10:30-11:00,widest,Fri
2024-07-15,up,True,0,0.07801418439716312,0.9292389853137517,3,False,True,0.07092198581560284,1.0354609929078014,True,75.0,False,True,80.0,False,True,100.0,True,True,True,True,True,True,False,1.5950920245398772,True,-1.0,-1.0,0.33695652173913043,105.75,0.5083333333333333,,0,True,True,True,False,False,Q1_weak,0.05-0.15R,10:30-11:00,mid,Mon
2024-07-15,down,False,180,0.054373522458628844,1.6703952274422074,2,True,True,0.0425531914893617,0.7139479905437353,True,5.0,True,True,50.0,True,False,,True,False,False,False,True,False,False,-1.0,True,-1.0,-1.0,,105.75,0.5083333333333333,,0,True,True,False,False,False,Q3,0.05-0.15R,12:00-13:30,mid,Mon
2024-07-16,down,True,120,0.05527638190954774,0.9099018733273863,6,False,False,,0.10552763819095477,True,5.0,False,True,5.0,True,True,125.0,True,False,True,False,False,False,False,-1.0,True,-1.0,-1.0,0.2646370023419204,199.0,0.9333333333333333,,1,False,False,False,False,False,Q1_weak,0.05-0.15R,12:00-13:30,widest,Tue
2024-07-17,down,True,70,0.08707482993197278,1.5545395166557805,3,False,True,0.06938775510204082,0.5986394557823129,False,,False,False,,False,False,,False,False,False,False,False,False,True,0.831981460023175,False,,,,183.75,0.9166666666666666,,2,True,True,False,False,False,Q3,0.05-0.15R,11:00-12:00,widest,Wed
2024-07-18,down,True,0,0.4517374517374517,3.241706161137441,2,False,True,0.4826254826254826,2.0154440154440154,True,20.0,True,False,,False,False,,False,False,False,False,False,False,True,0.5760649087221096,True,1.0,2.0,,129.5,0.7166666666666667,,3,True,True,True,True,True,Q4_strong,>0.30R,10:30-11:00,wide,Thu
2024-07-19,down,True,0,0.06610407876230662,0.4886128364389234,3,False,True,0.11673699015471167,0.8143459915611815,True,5.0,True,True,5.0,True,False,,False,False,False,False,True,False,True,0.7478260869565218,True,1.0,0.9789029535864979,,177.75,0.9,,4,True,True,False,False,False,Q1_weak,0.05-0.15R,10:30-11:00,widest,Fri
2024-07-22,down,True,45,0.010416666666666666,1.518987341772152,1,False,False,,0.5069444444444444,True,5.0,True,True,60.0,False,True,90.0,True,True,True,True,False,False,False,-1.0,True,1.0,-1.0,0.7606490872210954,144.0,0.7666666666666667,,0,True,True,False,False,False,Q2,<0.05R,11:00-12:00,wide,Mon
2024-07-22,up,False,215,0.019097222222222224,2.2818791946308723,2,True,False,,0.125,True,5.0,True,True,5.0,True,True,80.0,False,False,False,False,False,False,False,-0.4180602006688963,True,-0.3958333333333333,-0.3958333333333333,-0.07920792079207921,144.0,0.7666666666666667,,0,False,False,False,False,False,Q3,<0.05R,after 13:30,wide,Mon
2024-07-23,up,True,40,0.045951859956236324,2.1087533156498672,4,True,True,0.32166301969365424,0.3238512035010941,True,30.0,False,True,40.0,True,True,115.0,True,True,True,True,True,False,False,-1.0,True,-1.0,-1.0,0.044905008635578586,114.25,0.5666666666666667,,1,True,False,False,False,False,Q3,<0.05R,11:00-12:00,mid,Tue
2024-07-23,down,False,320,0.2210065645514223,5.495376486129458,1,True,True,0.07221006564551423,0.25820568927789933,False,,False,False,,False,False,,False,False,False,False,False,False,True,-0.20030349013657056,False,,,,114.25,0.5666666666666667,,1,True,False,False,False,False,Q4_strong,0.15-0.30R,after 13:30,mid,Tue
2024-07-24,down,True,5,0.06533333333333333,1.0833333333333333,2,False,True,0.04533333333333334,1.5866666666666667,True,5.0,True,False,,False,False,,False,False,False,False,True,False,True,1.653301886792453,True,1.0,2.0,,187.5,0.9166666666666666,,2,True,True,True,True,False,Q2,0.05-0.15R,10:30-11:00,widest,Wed
2024-07-25,up,True,40,0.05822416302765648,2.043132803632236,2,False,True,0.12445414847161572,0.47671033478893743,True,10.0,True,True,10.0,True,True,215.0,True,False,True,False,True,False,False,-1.0,True,-1.0,-1.0,0.5380173243503369,343.5,1.0,,3,True,False,False,False,False,Q3,0.05-0.15R,11:00-12:00,widest,Thu
2024-07-26,up,True,90,0.13435374149659865,1.3923227065712427,2,True,True,0.10714285714285714,0.717687074829932,True,95.0,False,True,95.0,False,True,95.0,True,False,True,False,True,True,False,-1.0,True,-1.0,-1.0,-0.13427561837455831,147.0,0.7833333333333333,,4,True,True,False,False,False,Q2,0.05-0.15R,11:00-12:00,wide,Fri
2024-07-29,down,True,30,0.09178743961352658,0.5299586776859504,4,False,True,0.0966183574879227,0.7004830917874396,True,5.0,True,True,45.0,False,True,70.0,True,False,True,False,True,False,True,-1.0,True,1.0,-1.0,-0.5277435265104808,155.25,0.7833333333333333,,0,True,True,False,False,False,Q1_weak,0.05-0.15R,10:30-11:00,wide,Mon
2024-07-30,down,True,0,0.05754276827371695,1.0245795601552392,5,False,True,0.013996889580093312,2.214618973561431,True,15.0,True,False,,False,False,,False,False,False,False,True,True,True,1.6903765690376569,True,1.0,2.0,,160.75,0.8,,1,True,True,True,True,True,Q2,0.05-0.15R,10:30-11:00,wide,Tue
2024-07-31,up,True,0,0.015527950310559006,1.1082251082251082,1,False,True,0.09937888198757763,0.6304347826086957,True,5.0,True,True,10.0,True,True,20.0,True,False,True,False,True,False,True,-1.0,True,-1.0,-1.0,-1.0,161.0,0.8166666666666667,,2,True,True,False,False,False,Q2,<0.05R,10:30-11:00,widest,Wed
2024-08-01,down,True,5,0.03375527426160337,0.8584905660377359,1,False,True,0.020042194092827006,2.4335443037974684,True,5.0,True,False,,False,False,,False,False,False,False,True,True,True,1.8102766798418972,True,1.0,2.0,,237.0,0.9666666666666667,,3,True,True,True,True,True,Q1_weak,<0.05R,10:30-11:00,widest,Thu
2024-08-05,up,True,40,0.04931620389556569,0.6294117647058823,2,False,True,0.1317861583091587,0.2925818483215914,True,15.0,True,True,15.0,True,True,210.0,False,False,False,False,True,False,False,-0.36439079592606566,True,-0.3016991297140489,-0.3016991297140489,-0.25435540069686413,603.25,1.0,,0,True,False,False,False,False,Q1_weak,<0.05R,11:00-12:00,widest,Mon
2024-08-06,up,True,10,0.0966824644549763,0.8325709057639524,3,False,True,0.0938388625592417,0.9611374407582939,True,45.0,True,True,45.0,True,False,,False,False,False,False,True,False,False,-0.5289912629070691,True,1.0,-0.437914691943128,,263.75,0.95,,1,True,True,False,False,False,Q1_weak,0.05-0.15R,10:30-11:00,widest,Tue
2024-08-07,down,True,70,0.10638297872340426,2.3682983682983685,2,False,True,0.33387888707037644,2.972176759410802,True,15.0,True,False,,False,False,,False,False,False,False,False,False,True,1.4736842105263157,True,1.0,2.0,,152.75,0.7,,2,True,True,True,True,True,Q4_strong,0.05-0.15R,11:00-12:00,wide,Wed
2024-08-08,up,True,15,0.11435149654643131,2.017299107142857,1,False,False,,0.5072908672294705,True,10.0,True,True,25.0,True,True,25.0,False,False,False,False,False,False,True,0.45971267957526546,True,1.0,0.7935533384497314,-1.0,325.75,0.95,,3,True,True,False,False,False,Q3,0.05-0.15R,10:30-11:00,widest,Thu
2024-08-09,up,True,160,0.1388888888888889,2.5565217391304347,4,False,True,0.2175925925925926,0.6666666666666666,True,85.0,False,False,,False,False,,False,False,False,False,True,True,True,0.20048309178743962,True,0.5339506172839507,0.5339506172839507,,162.0,0.75,,4,True,True,False,False,False,Q4_strong,0.05-0.15R,12:00-13:30,wide,Fri
2024-08-12,up,True,5,0.0024449877750611247,0.4222929936305732,2,False,False,,0.1821515892420538,True,5.0,True,True,5.0,True,True,45.0,True,False,True,False,False,False,False,-1.0,True,-1.0,-1.0,-0.31721194879089615,204.5,0.85,,0,False,False,False,False,False,Q1_weak,<0.05R,10:30-11:00,widest,Mon
2024-08-13,up,True,15,0.23294117647058823,2.9421768707482996,3,False,True,0.16,1.7882352941176471,False,,False,False,,False,False,,False,False,False,False,True,True,True,1.0465489566613162,False,,,,106.25,0.38333333333333336,,1,True,True,True,True,False,Q4_strong,0.15-0.30R,10:30-11:00,mid,Tue
2024-08-14,down,True,0,0.1575178997613365,3.3753527751646284,2,False,False,,0.19331742243436753,True,5.0,True,True,5.0,True,True,15.0,True,True,True,True,False,False,False,-1.0,True,-1.0,-1.0,1.331002331002331,209.5,0.85,,2,False,False,False,False,False,Q4_strong,0.15-0.30R,10:30-11:00,widest,Wed
2024-08-14,up,False,80,0.0011933174224343676,1.3040969417195614,2,True,True,0.10620525059665871,0.13365155131264916,True,5.0,True,True,15.0,True,True,25.0,True,False,True,False,True,False,False,-1.0,True,-1.0,-1.0,0.15615615615615616,209.5,0.85,,2,False,False,False,False,False,Q2,<0.05R,11:00-12:00,widest,Wed
2024-08-15,up,True,5,0.04071661237785016,0.5864661654135338,6,False,True,0.009771986970684038,0.739413680781759,True,5.0,True,True,15.0,True,False,,False,False,False,False,True,False,True,1.0993975903614457,True,1.0,1.270358306188925,,153.5,0.6333333333333333,,3,True,True,False,False,False,Q1_weak,<0.05R,10:30-11:00,wide,Thu
2024-08-16,up,True,100,0.14757281553398058,2.229806598407281,2,False,True,0.1029126213592233,0.5398058252427185,True,120.0,False,True,210.0,False,False,,False,False,False,False,True,True,True,-0.08095952023988005,True,0.19029126213592232,0.19029126213592232,,128.75,0.5,,4,True,True,False,False,False,Q3,0.05-0.15R,12:00-13:30,mid,Fri
2024-08-19,up,True,20,0.2979274611398964,1.670731707317073,2,False,True,0.11398963730569948,2.44300518134715,True,65.0,True,False,,False,False,,False,False,False,False,True,True,True,0.8798701298701299,True,1.0,2.0,,96.5,0.23333333333333334,,0,True,True,True,True,True,Q3,0.15-0.30R,10:30-11:00,narrow,Mon
2024-08-20,down,True,5,0.3347022587268994,3.116255144032922,6,False,True,0.1540041067761807,0.4948665297741273,True,10.0,False,True,15.0,True,False,,True,False,False,False,True,False,False,-1.0,True,-1.0,-1.0,,121.75,0.45,,1,True,False,False,False,False,Q4_strong,>0.30R,10:30-11:00,mid,Tue
2024-08-21,up,True,5,0.2035623409669211,3.78239608801956,1,False,True,0.4529262086513995,0.7175572519083969,True,10.0,False,True,10.0,False,True,15.0,True,True,True,True,True,True,False,-1.0,True,1.0,-1.0,0.013513513513513514,98.25,0.26666666666666666,,2,True,True,False,False,False,Q4_strong,0.15-0.30R,10:30-11:00,narrow,Wed
2024-08-21,down,False,90,0.3231552162849873,1.997703788748565,5,True,True,0.04071246819338423,0.4223918575063613,True,10.0,False,True,10.0,True,True,40.0,True,True,True,True,True,False,False,-1.0,True,-1.0,-1.0,0.6297376093294461,98.25,0.26666666666666666,,2,True,False,False,False,False,Q3,>0.30R,11:00-12:00,narrow,Wed
2024-08-22,down,True,15,0.13380281690140844,1.5693832599118944,2,False,False,,2.403169014084507,True,5.0,True,True,5.0,True,False,,False,False,False,False,False,False,True,1.3666666666666667,True,1.0,2.0,,142.0,0.55,,3,True,True,True,True,True,Q3,0.05-0.15R,10:30-11:00,mid,Thu
2024-08-23,down,True,15,0.14791403286978508,5.900990099009901,1,False,True,0.49810366624525915,0.5802781289506953,True,10.0,True,True,10.0,True,False,,True,False,False,False,True,False,False,-1.0,True,-1.0,-1.0,,197.75,0.8,,4,True,True,False,False,False,Q4_strong,0.05-0.15R,10:30-11:00,wide,Fri
2024-08-26,down,True,0,0.27331606217616583,3.1416309012875536,2,False,True,0.22927461139896374,0.533678756476684,True,30.0,False,True,30.0,False,True,130.0,False,False,False,False,True,False,True,-0.25125628140703515,True,0.15803108808290156,0.15803108808290156,-0.314453125,193.0,0.7833333333333333,,0,True,True,False,False,False,Q4_strong,0.15-0.30R,10:30-11:00,wide,Mon
2024-08-27,up,True,0,0.02727272727272727,0.45901639344262296,7,False,True,0.04155844155844156,0.312987012987013,True,5.0,True,True,55.0,True,False,,False,False,False,False,True,False,True,0.11822660098522167,True,0.17922077922077922,0.17922077922077922,,192.5,0.7666666666666667,,1,True,False,False,False,False,Q1_weak,<0.05R,10:30-11:00,wide,Tue
2024-08-28,down,True,10,0.06631762652705062,3.86552217453505,3,False,True,0.2774869109947644,1.638743455497382,False,,False,False,,False,False,,False,False,False,False,False,False,True,1.6486902927580893,False,,,,143.25,0.5166666666666667,,2,True,True,True,True,False,Q4_strong,0.05-0.15R,10:30-11:00,mid,Wed
2024-08-29,down,True,240,0.0773881499395405,2.07942238267148,2,True,True,0.24667472793228537,0.6831922611850061,False,,False,False,,False,False,,False,False,False,False,False,False,True,0.5759162303664922,False,,,,206.75,0.85,,3,True,True,False,False,False,Q3,0.05-0.15R,after 13:30,widest,Thu
2024-08-30,down,True,25,0.39433551198257083,4.014084507042254,2,False,True,0.3093681917211329,1.2505446623093681,True,225.0,False,True,230.0,False,True,295.0,True,True,True,True,True,False,False,0.6772228989037758,True,-1.0,-1.0,0.17253121452894438,114.75,0.3333333333333333,,4,True,True,True,False,False,Q4_strong,>0.30R,10:30-11:00,narrow,Fri
2024-09-03,down,True,0,0.12609238451935081,2.280673616680032,1,False,True,0.19350811485642946,1.857677902621723,False,,False,False,,False,False,,False,False,False,False,False,False,True,1.3958125623130608,False,,,,200.25,0.8166666666666667,,1,True,True,True,True,False,Q3,0.05-0.15R,10:30-11:00,widest,Tue
2024-09-04,up,True,0,0.216793893129771,1.4007782101167314,3,False,True,0.13129770992366413,0.6885496183206107,True,60.0,False,True,65.0,False,True,265.0,True,False,True,False,True,True,False,-1.0,True,1.0,-1.0,-0.11251758087201125,163.75,0.65,,2,True,True,False,False,False,Q2,0.15-0.30R,10:30-11:00,wide,Wed
2024-09-05,down,True,55,0.06120527306967985,2.069297401347449,2,False,True,0.09981167608286252,0.16195856873822975,True,10.0,False,True,35.0,True,True,75.0,True,False,True,False,True,False,False,-1.0,True,-1.0,-1.0,0.20270270270270271,265.5,0.9333333333333333,,3,False,False,False,False,False,Q3,0.05-0.15R,11:00-12:00,widest,Thu
2024-09-06,down,True,0,0.08326967150496563,0.8080330773774365,3,False,True,0.07639419404125286,0.6409472880061116,True,30.0,True,False,,False,False,,False,False,False,False,True,False,True,0.8094302554027505,True,1.0,1.1107715813598167,,327.25,0.95,,4,True,True,False,False,False,Q1_weak,0.05-0.15R,10:30-11:00,widest,Fri
2024-09-09,down,True,0,0.1875,2.2052505966587113,4,False,True,0.16163793103448276,0.9267241379310345,True,70.0,False,True,75.0,False,True,135.0,True,True,True,True,True,False,False,-1.0,True,-1.0,-1.0,0.09157509157509157,116.0,0.275,,0,True,True,False,False,False,Q3,0.15-0.30R,10:30-11:00,narrow,Mon
2024-09-09,up,False,155,0.02586206896551724,1.0583153347732182,6,True,False,,0.07974137931034483,True,5.0,True,True,5.0,True,True,35.0,True,True,True,True,False,False,False,-1.0,True,-1.0,-1.0,0.5607476635514018,116.0,0.275,,0,False,False,False,False,False,Q2,<0.05R,12:00-13:30,narrow,Mon
2024-09-10,down,True,80,0.12777777777777777,1.9672131147540983,5,False,True,0.21296296296296297,0.7185185185185186,True,50.0,False,True,55.0,False,True,120.0,True,True,True,True,True,False,False,-1.0,True,-1.0,-1.0,0.1806615776081425,135.0,0.4166666666666667,,1,True,True,False,False,False,Q3,0.05-0.15R,11:00-12:00,mid,Tue
2024-09-10,up,False,220,0.06666666666666667,0.7950530035335689,1,True,False,,0.4203703703703704,True,10.0,True,True,10.0,True,False,,False,False,False,False,False,False,True,0.3235294117647059,True,0.5,0.5,,135.0,0.4166666666666667,,1,True,False,False,False,False,Q1_weak,0.05-0.15R,after 13:30,mid,Tue
2024-09-11,down,True,0,0.11787072243346007,1.6389776357827477,2,False,True,0.021863117870722433,0.3669201520912547,True,5.0,True,True,40.0,True,True,40.0,True,True,True,True,True,False,False,-1.0,True,-1.0,-1.0,1.5541740674955595,263.0,0.8833333333333333,,2,True,False,False,False,False,Q3,0.05-0.15R,10:30-11:00,widest,Wed
2024-09-11,up,False,115,0.028517110266159697,1.041998936735779,1,True,False,,1.4714828897338403,True,5.0,True,True,5.0,True,True,20.0,False,False,False,False,False,False,True,1.8381294964028776,True,1.0,2.0,-1.0,263.0,0.8833333333333333,,2,True,True,True,False,False,Q2,<0.05R,12:00-13:30,widest,Wed
2024-09-12,up,True,0,0.05303030303030303,0.9834254143646409,2,False,False,,0.8090909090909091,True,5.0,True,True,5.0,True,True,5.0,True,False,True,False,False,False,True,-1.0,True,-1.0,-1.0,-1.0,165.0,0.6166666666666667,,3,True,True,False,False,False,Q2,0.05-0.15R,10:30-11:00,wide,Thu
2024-09-13,up,True,75,0.019083969465648856,0.8473221422861711,2,False,False,,0.366412213740458,True,5.0,True,True,20.0,True,True,25.0,False,False,False,False,False,False,False,-0.0661764705882353,True,-0.030534351145038167,-0.030534351145038167,-1.0,131.0,0.36666666666666664,,4,True,False,False,False,False,Q1_weak,<0.05R,11:00-12:00,narrow,Fri
2024-09-16,down,True,0,0.13761467889908258,2.8725868725868726,4,False,True,0.08440366972477065,0.23669724770642203,True,5.0,True,True,5.0,True,False,,True,False,False,False,True,False,False,-1.0,True,-1.0,-1.0,,136.25,0.38333333333333336,,0,False,False,False,False,False,Q4_strong,0.05-0.15R,10:30-11:00,mid,Mon
2024-09-17,up,True,15,0.081419624217119,1.285282258064516,3,False,True,0.12317327766179541,0.17954070981210857,True,5.0,False,True,5.0,True,True,10.0,True,True,True,True,True,False,False,-1.0,True,-1.0,-1.0,0.7492260061919505,119.75,0.25,,1,False,False,False,False,False,Q2,0.05-0.15R,10:30-11:00,narrow,Tue
2024-09-17,down,False,110,0.3653444676409186,3.0731306491372226,5,True,True,0.24634655532359082,1.1231732776617953,False,,False,False,,False,False,,False,False,False,False,False,False,True,0.7334137515078407,False,,,,119.75,0.25,,1,True,True,True,False,False,Q4_strong,>0.30R,12:00-13:30,narrow,Tue
2024-09-18,down,True,50,0.055865921787709494,1.6809933142311366,4,False,False,,0.994413407821229,True,5.0,True,True,5.0,True,True,95.0,True,True,True,True,False,False,True,-1.0,True,1.0,-1.0,0.24390243902439024,89.5,0.06666666666666667,,2,True,True,False,False,False,Q3,0.05-0.15R,11:00-12:00,narrowest,Wed
2024-09-18,up,False,210,0.7011173184357542,9.317365269461078,2,True,True,0.5139664804469274,1.8268156424581006,True,10.0,False,True,10.0,False,True,60.0,True,True,True,True,True,True,False,0.24883720930232558,True,-1.0,-1.0,0.045454545454545456,89.5,0.06666666666666667,,2,True,True,True,True,False,Q4_strong,>0.30R,after 13:30,narrowest,Wed
2024-09-19,up,True,0,0.06976744186046512,1.0076335877862594,5,False,True,0.18895348837209303,0.38953488372093026,True,5.0,True,True,10.0,True,False,,True,False,False,False,True,False,False,-1.0,True,-1.0,-1.0,,172.0,0.6166666666666667,,3,True,False,False,False,False,Q2,0.05-0.15R,10:30-11:00,wide,Thu
2024-09-20,down,True,15,0.013605442176870748,1.8031704095112284,2,False,True,0.11337868480725624,1.018140589569161,True,5.0,True,True,55.0,False,True,95.0,True,True,True,True,True,True,False,1.9205298013245033,True,1.0,2.0,0.4542483660130719,110.25,0.16666666666666666,,4,True,True,True,False,False,Q3,<0.05R,10:30-11:00,narrowest,Fri
2024-09-24,up,True,75,0.05,1.4381591562799616,8,True,True,0.0868421052631579,0.31973684210526315,True,75.0,False,True,155.0,True,False,,False,False,False,False,True,False,True,0.0645933014354067,True,0.17105263157894737,0.17105263157894737,,190.0,0.6833333333333333,,1,True,False,False,False,False,Q2,<0.05R,11:00-12:00,wide,Tue
2024-09-26,down,True,0,0.0599721059972106,1.2338028169014086,7,False,True,0.11715481171548117,0.8382147838214784,True,5.0,True,True,5.0,True,False,,False,False,False,False,False,False,False,-0.13947696139476962,True,1.0,-0.03626220362622036,,179.25,0.65,,3,True,True,False,False,False,Q2,0.05-0.15R,10:30-11:00,wide,Thu
2024-09-27,down,True,0,0.04603580562659847,1.8593563766388557,1,False,False,,1.1483375959079285,True,5.0,True,True,5.0,True,True,5.0,False,False,False,False,False,False,True,1.7470725995316159,True,1.0,2.0,-1.0,97.75,0.11666666666666667,,4,True,True,True,False,False,Q3,<0.05R,10:30-11:00,narrowest,Fri
2024-09-30,down,True,225,0.13518518518518519,5.357142857142857,4,False,True,0.2851851851851852,0.5296296296296297,True,20.0,False,True,20.0,False,True,90.0,True,True,True,True,True,False,False,-1.0,True,-1.0,-1.0,0.36981757877280264,135.0,0.35833333333333334,,0,True,True,False,False,False,Q4_strong,0.05-0.15R,after 13:30,narrow,Mon
2024-09-30,up,False,325,0.05740740740740741,0.8321775312066575,5,True,True,0.2037037037037037,0.0,False,,False,False,,False,False,,False,False,False,False,False,False,False,,False,,,,135.0,0.35833333333333334,,0,False,False,False,False,False,Q1_weak,0.05-0.15R,after 13:30,narrow,Mon
2024-10-01,down,True,35,0.10677083333333333,1.889376996805112,2,False,True,0.13020833333333334,0.16666666666666666,True,20.0,False,True,20.0,True,True,30.0,True,False,True,False,True,False,False,-1.0,True,-1.0,-1.0,0.3081632653061224,384.0,0.9833333333333333,,1,False,False,False,False,False,Q3,0.05-0.15R,11:00-12:00,widest,Tue
2024-10-02,up,True,15,0.20275862068965517,1.5705882352941176,1,False,False,,0.416551724137931,True,5.0,True,True,5.0,True,True,5.0,False,False,False,False,False,False,False,-0.3258096172718351,True,-0.05241379310344828,-0.05241379310344828,-1.0,181.25,0.6333333333333333,,2,True,False,False,False,False,Q3,0.15-0.30R,10:30-11:00,wide,Wed
2024-10-07,down,True,240,0.22788203753351208,4.368794326241135,4,True,True,0.34584450402144773,1.5067024128686326,False,,False,False,,False,False,,False,False,False,False,True,True,True,1.0607734806629834,False,,,,93.25,0.05,,0,True,True,True,True,False,Q4_strong,0.15-0.30R,after 13:30,narrowest,Mon
2024-10-08,up,True,0,0.03766478342749529,1.4330708661417322,2,False,True,0.12994350282485875,0.9566854990583804,True,5.0,True,True,155.0,False,False,,False,False,False,False,True,False,True,1.295971978984238,True,1.0,1.4689265536723164,,132.75,0.2833333333333333,,1,True,True,False,False,False,Q2,<0.05R,10:30-11:00,narrow,Tue
2024-10-09,up,True,25,0.05591397849462366,3.544581618655693,1,False,True,0.1935483870967742,1.1010752688172043,False,,False,False,,False,False,,False,False,False,False,True,True,True,1.6982591876208897,False,,,,116.25,0.2,,2,True,True,True,False,False,Q4_strong,0.05-0.15R,10:30-11:00,narrow,Wed
2024-10-10,up,True,40,0.05689277899343545,1.019108280254777,4,False,True,0.09846827133479212,0.8096280087527352,True,10.0,True,True,190.0,False,False,,False,False,False,False,True,False,True,0.11394891944990176,True,1.0,0.24070021881838075,,114.25,0.15833333333333333,,3,True,True,False,False,False,Q2,0.05-0.15R,11:00-12:00,narrowest,Thu
2024-10-11,up,True,280,0.03153153153153153,1.2550607287449393,2,False,True,0.006006006006006006,0.07807807807807808,True,5.0,True,True,25.0,True,True,45.0,False,False,False,False,True,False,False,-0.4152542372881356,True,-0.3783783783783784,-0.3783783783783784,,166.5,0.5833333333333334,,4,False,False,False,False,False,Q2,<0.05R,after 13:30,wide,Fri
2024-10-15,down,True,0,0.46140939597315433,4.243727598566308,6,False,True,0.4161073825503356,1.7197986577181208,False,,False,False,,False,False,,False,False,False,False,False,False,True,0.5602094240837696,False,,,,149.0,0.45,,1,True,True,True,True,False,Q4_strong,>0.30R,10:30-11:00,mid,Tue
2024-10-16,up,True,230,0.13245033112582782,4.120171673819742,3,False,True,0.06456953642384106,0.1456953642384106,True,5.0,True,True,60.0,True,False,,False,False,False,False,True,False,False,-0.32460732984293195,True,-0.1456953642384106,-0.1456953642384106,,151.0,0.45,,2,False,False,False,False,False,Q4_strong,0.05-0.15R,after 13:30,mid,Wed
2024-10-17,down,True,305,0.016706443914081145,1.5025906735751295,1,False,False,,0.060859188544152745,True,5.0,False,True,5.0,True,False,,False,False,False,False,False,False,True,-0.009237875288683603,True,0.02386634844868735,0.02386634844868735,,209.5,0.7916666666666666,,3,False,False,False,False,False,Q2,<0.05R,after 13:30,wide,Thu
2024-10-21,down,True,30,0.17267552182163187,1.9328859060402686,1,False,True,0.09487666034155598,0.5901328273244781,True,45.0,False,True,45.0,False,True,45.0,True,False,True,False,True,False,False,-1.0,True,-1.0,-1.0,1.0347826086956522,131.75,0.3,,0,True,True,False,False,False,Q3,0.15-0.30R,10:30-11:00,narrow,Mon
2024-10-22,up,True,185,0.10465116279069768,1.9817470664928292,5,False,True,0.09302325581395349,0.5465116279069767,True,80.0,False,False,,False,False,,False,False,False,False,True,True,True,0.04395604395604396,True,0.26245847176079734,0.26245847176079734,,150.5,0.4666666666666667,,1,True,True,False,False,False,Q3,0.05-0.15R,after 13:30,mid,Tue
2024-10-23,down,True,40,0.07922912205567452,2.8419654714475433,2,False,True,0.33190578158458245,2.2869379014989293,True,5.0,True,True,45.0,True,False,,False,False,False,False,False,False,True,1.5896487985212568,True,1.0,2.0,,116.75,0.23333333333333334,,2,True,True,True,True,True,Q4_strong,0.05-0.15R,11:00-12:00,narrow,Wed
2024-10-24,down,True,75,0.3100303951367781,3.330638641875505,3,False,True,0.1094224924012158,0.4194528875379939,True,5.0,True,True,5.0,True,True,45.0,True,True,True,True,True,False,False,-1.0,True,-1.0,-1.0,0.31179775280898875,82.25,0.016666666666666666,,3,True,False,False,False,False,Q4_strong,>0.30R,11:00-12:00,narrowest,Thu
2024-10-24,up,False,190,0.03343465045592705,0.96579476861167,2,True,False,,0.364741641337386,True,5.0,True,True,5.0,True,True,15.0,True,False,True,False,False,False,True,-1.0,True,-1.0,-1.0,-1.0,82.25,0.016666666666666666,,3,True,False,False,False,False,Q2,<0.05R,after 13:30,narrowest,Thu
2024-10-25,down,True,190,0.014976958525345621,5.665859564164649,1,False,True,0.08064516129032258,0.13940092165898618,True,5.0,True,True,5.0,True,True,5.0,False,False,False,False,True,False,False,-0.07158836689038031,True,-0.04377880184331797,-0.04377880184331797,-1.0,217.0,0.8333333333333334,,4,False,False,False,False,False,Q4_strong,<0.05R,after 13:30,widest,Fri
2024-10-28,down,True,125,0.07633587786259542,1.8015665796344649,3,False,True,0.07124681933842239,0.43256997455470736,True,5.0,True,True,5.0,True,False,,False,False,False,False,True,False,True,0.3620309050772627,True,0.5699745547073791,0.5699745547073791,,98.25,0.14166666666666666,,0,True,False,False,False,False,Q3,0.05-0.15R,12:00-13:30,narrowest,Mon
2024-10-29,up,True,65,0.005856515373352855,0.9423076923076923,1,False,False,,0.8404099560761347,True,5.0,True,True,15.0,True,False,,False,False,False,False,False,False,True,1.0535455861070913,True,1.0,1.0775988286969254,,170.75,0.65,,1,True,True,False,False,False,Q1_weak,<0.05R,11:00-12:00,wide,Tue
2024-10-30,down,True,320,0.017543859649122806,2.72,1,False,True,0.07974481658692185,0.17862838915470494,True,5.0,True,False,,False,False,,False,False,False,False,False,False,True,0.06779661016949153,True,0.10526315789473684,0.10526315789473684,,156.75,0.5833333333333334,,2,False,False,False,False,False,Q4_strong,<0.05R,after 13:30,wide,Wed
2024-10-31,down,True,15,0.12487512487512488,1.4008179959100204,2,False,True,0.060939060939060936,0.4385614385614386,True,300.0,False,True,300.0,True,False,,False,False,False,False,True,False,True,0.4892086330935252,True,0.8611388611388612,0.8611388611388612,,250.25,0.9166666666666666,,3,True,False,False,False,False,Q2,0.05-0.15R,10:30-11:00,widest,Thu
2024-11-01,up,True,55,0.05620608899297424,0.7881773399014778,2,False,False,,0.07962529274004684,True,5.0,False,True,5.0,True,True,10.0,True,False,True,False,False,False,False,-1.0,True,-1.0,-1.0,3.7796610169491527,213.5,0.8666666666666667,,4,False,False,False,False,False,Q1_weak,0.05-0.15R,11:00-12:00,widest,Fri
2024-11-04,up,True,15,0.018300653594771243,0.9104367135455219,2,False,False,,0.11764705882352941,True,5.0,True,True,5.0,True,True,45.0,True,False,True,False,False,False,False,-1.0,True,-1.0,-1.0,0.7632398753894081,191.25,0.7166666666666667,,0,False,False,False,False,False,Q1_weak,<0.05R,10:30-11:00,wide,Mon
2024-11-05,up,True,60,0.05164992826398852,2.1894005212858385,1,False,True,0.03730272596843615,0.29555236728837875,True,5.0,True,True,10.0,True,True,200.0,False,False,False,False,True,False,True,0.11443433029908973,True,0.22955523672883787,0.22955523672883787,-0.597444089456869,174.25,0.6666666666666666,,1,True,False,False,False,False,Q3,0.05-0.15R,11:00-12:00,wide,Tue
2024-11-06,up,True,100,0.043410852713178294,1.0043290043290043,2,False,False,,0.7798449612403101,True,5.0,True,True,5.0,True,True,25.0,False,False,False,False,False,False,True,0.9300998573466477,True,1.0,1.0976744186046512,-1.0,161.25,0.5666666666666667,,2,True,True,False,False,False,Q2,<0.05R,12:00-13:30,mid,Wed
2024-11-07,up,True,15,0.16766467065868262,2.57085020242915,3,False,True,0.16966067864271456,0.9880239520958084,True,25.0,True,False,,False,False,,False,False,False,False,True,True,True,0.8550074738415545,True,1.0,1.4770459081836327,,125.25,0.3,,3,True,True,False,False,False,Q4_strong,0.15-0.30R,10:30-11:00,narrow,Thu
2024-11-08,up,True,175,0.0035211267605633804,0.5405405405405406,2,False,True,0.08450704225352113,0.4612676056338028,True,5.0,True,True,95.0,True,True,120.0,False,False,False,False,True,False,True,0.04195804195804196,True,0.04929577464788732,0.04929577464788732,-0.30337078651685395,71.0,0.016666666666666666,,4,True,False,False,False,False,Q1_weak,<0.05R,12:00-13:30,narrowest,Fri
2024-11-11,down,True,150,0.17636363636363636,3.0835734870317,2,False,True,0.18181818181818182,0.41454545454545455,True,35.0,False,True,35.0,True,True,45.0,False,False,False,False,True,False,False,-0.9596774193548387,True,-0.9454545454545454,-0.9454545454545454,0.5061728395061729,137.5,0.45,,0,True,False,False,False,False,Q4_strong,0.15-0.30R,12:00-13:30,mid,Mon
2024-11-12,down,True,40,0.09688581314878893,0.6735266604303086,2,False,False,,1.726643598615917,True,5.0,True,True,5.0,True,True,270.0,False,False,False,False,False,False,False,1.5130434782608695,True,1.0,2.0,-0.11544991511035653,72.25,0.03333333333333333,,1,True,True,True,True,False,Q1_weak,0.05-0.15R,11:00-12:00,narrowest,Tue
2024-11-13,up,True,100,0.0859375,0.976491862567812,2,False,True,0.048828125,0.65625,True,10.0,True,True,10.0,True,True,170.0,False,False,False,False,True,False,False,-0.49,True,1.0,-0.40234375,0.04028436018957346,128.0,0.31666666666666665,,2,True,True,False,False,False,Q2,0.05-0.15R,12:00-13:30,narrow,Wed
2024-11-14,down,True,135,0.13966480446927373,5.6498673740053045,2,False,False,,0.515828677839851,True,5.0,True,True,5.0,True,True,10.0,True,False,True,False,False,False,True,-1.0,True,-1.0,-1.0,-1.0,134.25,0.38333333333333336,,3,True,True,False,False,False,Q4_strong,0.05-0.15R,12:00-13:30,mid,Thu
2024-11-15,down,True,10,0.011780104712041885,0.5146088595664468,2,False,False,,0.9293193717277487,True,5.0,True,False,,False,False,,False,False,False,False,False,False,True,0.907928388746803,True,1.0,0.9528795811518325,,191.0,0.7333333333333333,,4,True,True,False,False,False,Q1_weak,<0.05R,10:30-11:00,wide,Fri
2024-11-18,up,True,0,0.25,1.7207122774133083,5,False,True,0.16282894736842105,0.46875,True,80.0,False,True,95.0,True,False,,False,False,False,False,True,False,False,-0.5197368421052632,True,-0.27960526315789475,-0.27960526315789475,,152.0,0.55,,0,True,False,False,False,False,Q3,0.15-0.30R,10:30-11:00,mid,Mon
2024-11-19,up,True,0,0.07731958762886598,0.6804979253112033,4,False,True,0.05154639175257732,1.9329896907216495,False,,False,False,,False,False,,False,False,False,False,False,False,True,1.5982142857142858,False,,,,97.0,0.13333333333333333,,1,True,True,True,True,False,Q1_weak,0.05-0.15R,10:30-11:00,narrowest,Tue
2024-11-25,down,True,100,0.1357733175914994,2.450592885375494,4,False,True,0.11097992916174734,0.4203069657615112,True,50.0,False,True,55.0,True,False,,False,False,False,False,True,False,False,-0.2785515320334262,True,-0.08264462809917356,-0.08264462809917356,,211.75,0.8166666666666667,,0,True,False,False,False,False,Q4_strong,0.05-0.15R,12:00-13:30,widest,Mon
2024-11-26,down,True,230,0.10451306413301663,1.564245810055866,4,False,True,0.1543942992874109,0.1496437054631829,True,5.0,True,True,5.0,True,True,85.0,True,False,True,False,True,False,False,-1.0,True,-1.0,-1.0,0.05521472392638037,105.25,0.18333333333333332,,1,False,False,False,False,False,Q3,0.05-0.15R,after 13:30,narrow,Tue
2024-11-27,down,True,5,0.1752873563218391,1.947970863683663,4,False,False,,0.5201149425287356,True,5.0,True,True,5.0,True,True,215.0,False,False,False,False,False,False,False,-0.6914893617021277,True,1.0,-0.5833333333333334,-0.03418803418803419,174.0,0.6833333333333333,,2,True,True,False,False,False,Q3,0.15-0.30R,10:30-11:00,wide,Wed
2024-12-02,up,True,0,0.0014705882352941176,0.7228915662650602,3,False,False,,0.3720588235294118,True,5.0,True,True,5.0,True,True,25.0,False,False,False,False,False,False,True,0.2375366568914956,True,0.2411764705882353,0.2411764705882353,-1.0,170.0,0.65,,0,True,False,False,False,False,Q1_weak,<0.05R,10:30-11:00,wide,Mon
2024-12-03,up,True,55,0.17042606516290726,2.126514131897712,3,False,False,,0.5588972431077694,True,5.0,True,True,10.0,True,True,10.0,False,False,False,False,False,False,True,0.41869158878504675,True,1.0,0.9022556390977443,-1.0,99.75,0.18333333333333332,,1,True,True,False,False,False,Q3,0.15-0.30R,11:00-12:00,narrow,Tue
2024-12-04,up,True,0,0.16776315789473684,1.8,2,False,True,0.11842105263157894,1.1085526315789473,True,15.0,True,True,60.0,True,False,,False,False,False,False,True,False,True,1.2463054187192117,True,1.0,2.0,,76.0,0.05,,2,True,True,True,False,False,Q3,0.15-0.30R,10:30-11:00,narrowest,Wed
2024-12-05,up,True,100,0.14883720930232558,2.549371633752244,4,True,True,0.13488372093023257,0.2930232558139535,True,5.0,True,True,50.0,True,True,70.0,True,True,True,True,True,False,False,-1.0,True,-1.0,-1.0,-0.10610932475884244,53.75,0.016666666666666666,,3,True,False,False,False,False,Q4_strong,0.05-0.15R,12:00-13:30,narrowest,Thu
2024-12-05,down,False,170,0.15348837209302327,5.503875968992248,3,True,True,0.3627906976744186,0.7209302325581395,True,5.0,True,True,5.0,True,False,,False,False,False,False,True,False,True,0.398576512455516,True,1.0,0.827906976744186,,53.75,0.016666666666666666,,3,True,True,False,False,False,Q4_strong,0.15-0.30R,12:00-13:30,narrowest,Thu
2024-12-06,up,True,155,0.023547880690737835,1.6243654822335025,2,False,True,0.07378335949764521,0.15070643642072212,True,25.0,False,True,55.0,True,False,,False,False,False,False,True,False,True,0.11394302848575712,True,0.1664050235478807,0.1664050235478807,,159.25,0.6166666666666667,,4,False,False,False,False,False,Q3,<0.05R,12:00-13:30,wide,Fri
2024-12-09,down,True,5,0.15903614457831325,1.6552217453505007,7,False,False,,1.0506024096385542,True,5.0,True,True,190.0,False,False,,False,False,False,False,False,False,True,1.2760511882998171,True,1.0,2.0,,103.75,0.23333333333333334,,0,True,True,True,False,False,Q3,0.15-0.30R,10:30-11:00,narrow,Mon
2024-12-10,down,True,25,0.0024691358024691358,1.1190261496844003,5,False,True,0.14320987654320988,1.508641975308642,True,5.0,True,True,5.0,True,False,,False,False,False,False,False,False,True,1.9852579852579852,True,1.0,2.0,,101.25,0.23333333333333334,,1,True,True,True,True,False,Q2,<0.05R,10:30-11:00,narrow,Tue
2024-12-11,up,True,40,0.03828483920367534,1.3153724247226624,4,False,True,0.05972434915773354,0.5130168453292496,True,5.0,True,False,,False,False,,False,False,False,False,False,False,True,0.5604551920341394,True,1.0,0.6799387442572741,,163.25,0.65,,2,True,True,False,False,False,Q2,<0.05R,11:00-12:00,wide,Wed
2024-12-12,up,True,25,0.026455026455026454,0.5629139072847682,1,False,False,,0.2724867724867725,True,5.0,True,True,30.0,True,True,35.0,True,False,True,False,False,False,False,-1.0,True,-1.0,-1.0,-1.0,94.5,0.16666666666666666,,3,True,False,False,False,False,Q1_weak,<0.05R,10:30-11:00,narrowest,Thu
2024-12-13,down,True,10,0.3813559322033898,2.7747747747747744,2,False,True,0.15466101694915255,1.0466101694915255,True,220.0,False,True,220.0,False,True,290.0,False,False,False,False,True,False,False,0.7019230769230769,True,-0.1271186440677966,-0.1271186440677966,-0.15755627009646303,118.0,0.35,,4,True,True,True,False,False,Q4_strong,>0.30R,10:30-11:00,narrow,Fri
2024-12-16,up,True,0,0.20551378446115287,1.224787363304982,3,False,True,0.05513784461152882,1.5714285714285714,True,10.0,True,True,15.0,True,False,,False,False,False,False,True,False,True,1.1261101243339253,True,1.0,2.0,,99.75,0.225,,0,True,True,True,True,False,Q2,0.15-0.30R,10:30-11:00,narrow,Mon
2024-12-17,up,True,65,0.10408163265306122,1.1111111111111112,4,False,True,0.0163265306122449,0.15714285714285714,True,10.0,False,True,10.0,True,True,25.0,True,False,True,False,True,False,False,-1.0,True,-1.0,-1.0,-0.11838006230529595,122.5,0.36666666666666664,,1,False,False,False,False,False,Q2,0.05-0.15R,11:00-12:00,narrow,Tue
2024-12-18,up,True,5,0.002386634844868735,0.7085308056872038,1,False,True,0.11217183770883055,0.3412887828162291,True,5.0,True,True,35.0,True,True,35.0,True,True,True,True,True,False,False,-1.0,True,-1.0,-1.0,1.5898617511520738,104.75,0.26666666666666666,,2,True,False,False,False,False,Q1_weak,<0.05R,10:30-11:00,narrow,Wed
2024-12-18,down,False,215,1.0023866348448687,11.578947368421053,3,True,True,0.6205250596658711,7.458233890214797,False,,False,False,,False,False,,False,False,False,False,False,False,True,-0.0015885623510722795,False,,,,104.75,0.26666666666666666,,2,True,True,True,True,True,Q4_strong,>0.30R,after 13:30,narrow,Wed
2024-12-19,down,True,0,0.0547945205479452,0.4169298799747316,4,False,True,0.05977584059775841,0.6674968866749689,True,5.0,True,True,5.0,True,False,,True,False,False,False,True,False,True,-1.0,True,-1.0,-1.0,,200.75,0.8333333333333334,,3,True,True,False,False,False,Q1_weak,0.05-0.15R,10:30-11:00,widest,Thu
2024-12-20,up,True,0,0.13881961762261014,0.9912321181356714,5,False,True,0.2227763923524522,1.167082294264339,False,,False,False,,False,False,,False,False,False,False,False,False,True,1.3480806766428106,False,,,,300.75,0.9666666666666667,,4,True,True,True,False,False,Q2,0.05-0.15R,10:30-11:00,widest,Fri
2024-12-23,up,True,80,0.026415094339622643,0.6051873198847262,1,False,False,,0.5094339622641509,True,5.0,True,True,20.0,True,True,25.0,False,False,False,False,False,False,True,0.7144563918757467,True,1.0,0.8050314465408805,-1.0,198.75,0.8,,0,True,True,False,False,False,Q1_weak,<0.05R,11:00-12:00,wide,Mon
2024-12-26,up,True,40,0.030852994555353903,0.2857142857142857,2,False,False,,0.4954627949183303,True,10.0,True,True,10.0,True,True,10.0,False,False,False,False,False,False,False,-0.06837606837606838,True,-0.010889292196007259,-0.010889292196007259,-1.0,137.75,0.48333333333333334,,3,True,False,False,False,False,Q1_weak,<0.05R,11:00-12:00,mid,Thu
2024-12-30,up,True,65,0.09969325153374232,0.6184629376989541,3,False,True,0.05214723926380368,0.950920245398773,True,10.0,True,True,260.0,False,False,,False,False,False,False,False,False,False,-0.20971867007672634,True,1.0,-0.05214723926380368,,163.0,0.6333333333333333,,0,True,True,False,False,False,Q1_weak,0.05-0.15R,11:00-12:00,wide,Mon
2024-12-31,down,True,30,0.03225806451612903,1.6111111111111112,2,False,True,0.1967741935483871,0.9774193548387097,True,5.0,True,True,5.0,True,False,,False,False,False,False,False,False,True,1.312121212121212,True,1.0,1.461290322580645,,155.0,0.5833333333333334,,1,True,True,False,False,False,Q3,<0.05R,10:30-11:00,wide,Tue
2025-01-02,down,True,115,0.05405405405405406,3.2439446366782008,3,False,True,0.3144144144144144,0.6585585585585586,True,165.0,False,True,210.0,False,False,,False,False,False,False,False,False,False,-0.11382113821138211,True,-0.018018018018018018,-0.018018018018018018,,277.5,0.9333333333333333,,3,True,True,False,False,False,Q4_strong,0.05-0.15R,12:00-13:30,widest,Thu
2025-01-03,up,True,60,0.06555090655509066,1.1731843575418994,5,False,True,0.0794979079497908,0.6610878661087866,True,5.0,True,False,,False,False,,False,False,False,False,False,False,True,0.5499383477188656,True,1.0,0.7531380753138075,,179.25,0.7666666666666667,,4,True,True,False,False,False,Q2,0.05-0.15R,11:00-12:00,wide,Fri
2025-01-06,up,True,55,0.013782542113323124,2.2685788787483703,1,False,False,,0.03522205206738132,True,5.0,False,True,5.0,True,True,15.0,True,True,True,True,False,False,False,-1.0,True,-1.0,-1.0,4.878260869565217,163.25,0.6583333333333333,,0,False,False,False,False,False,Q3,<0.05R,11:00-12:00,wide,Mon
2025-01-06,down,False,195,0.030627871362940276,3.5635359116022096,4,True,True,0.01225114854517611,0.46401225114854516,True,5.0,True,True,5.0,True,False,,False,False,False,False,True,False,False,-0.3694083694083694,True,-0.33078101071975496,-0.33078101071975496,,163.25,0.6583333333333333,,0,True,False,False,False,False,Q4_strong,<0.05R,after 13:30,wide,Mon
2025-01-07,down,True,0,0.06322350845948353,1.8741573033707863,2,False,True,0.20213713268032057,0.8753339269813001,True,25.0,True,True,25.0,True,False,,False,False,False,False,False,False,True,0.9391304347826087,True,1.0,1.1843276936776492,,280.75,0.95,,1,True,True,False,False,False,Q3,0.05-0.15R,10:30-11:00,widest,Tue
2025-01-08,up,True,70,0.021398002853067047,0.6555863342566944,3,False,True,0.03851640513552068,0.14550641940085593,True,5.0,True,True,5.0,True,True,25.0,True,True,True,True,True,False,False,-1.0,True,-1.0,-1.0,1.021505376344086,175.25,0.7333333333333333,,2,False,False,False,False,False,Q1_weak,<0.05R,11:00-12:00,wide,Wed
2025-01-08,down,False,115,0.23109843081312412,2.7753578095830744,6,True,True,0.10841654778887304,0.369472182596291,True,15.0,False,True,15.0,True,True,100.0,True,True,True,True,True,False,False,-1.0,True,-1.0,-1.0,0.06904231625835189,175.25,0.7333333333333333,,2,True,False,False,False,False,Q4_strong,0.15-0.30R,12:00-13:30,wide,Wed
2025-01-13,up,True,15,0.1465798045602606,0.76592082616179,4,False,True,0.07654723127035831,0.7100977198697068,True,5.0,True,True,5.0,True,False,,True,False,False,False,True,False,True,-1.0,True,-1.0,-1.0,,153.5,0.5166666666666667,,0,True,True,False,False,False,Q1_weak,0.05-0.15R,10:30-11:00,mid,Mon
2025-01-14,down,True,5,0.06574923547400612,1.3760445682451252,5,False,True,0.013761467889908258,1.1788990825688073,True,5.0,True,True,5.0,True,False,,False,False,False,False,True,False,True,1.6513513513513514,True,1.0,2.0,,163.5,0.6333333333333333,,1,True,True,True,False,False,Q2,0.05-0.15R,10:30-11:00,wide,Tue
2025-01-15,up,True,235,0.03954802259887006,2.5798525798525795,1,False,True,0.04858757062146893,0.20225988700564973,True,20.0,True,True,85.0,True,False,,False,False,False,False,True,False,False,-0.17591623036649215,True,-0.11073446327683616,-0.11073446327683616,,221.25,0.8666666666666667,,2,False,False,False,False,False,Q4_strong,<0.05R,after 13:30,widest,Wed
2025-01-16,down,True,180,0.03245749613601236,1.209964412811388,2,False,True,0.13446676970633695,0.5734157650695518,True,35.0,True,True,40.0,True,True,95.0,False,False,False,False,True,False,True,0.9637155297532656,True,1.0,1.0911901081916537,-1.0,161.75,0.55,,3,True,True,False,False,False,Q2,<0.05R,12:00-13:30,mid,Thu
2025-01-17,up,True,160,0.020289855072463767,1.6908850726552178,6,False,True,0.03768115942028986,0.10579710144927536,True,15.0,False,True,15.0,True,True,65.0,False,False,False,False,True,False,False,-0.6295264623955432,True,-0.6144927536231884,-0.6144927536231884,0.2445414847161572,172.5,0.6666666666666666,,4,False,False,False,False,False,Q3,<0.05R,12:00-13:30,wide,Fri
2025-01-21,up,True,135,0.00909090909090909,0.3268641470888662,6,False,True,0.03636363636363636,0.2792207792207792,True,90.0,False,True,110.0,True,False,,False,False,False,False,True,False,False,-0.05612244897959184,True,-0.03896103896103896,-0.03896103896103896,,192.5,0.7666666666666667,,1,True,False,False,False,False,Q1_weak,<0.05R,12:00-13:30,wide,Tue
2025-01-22,up,True,10,0.013011152416356878,0.2869692532942899,4,False,False,,0.4200743494423792,True,5.0,True,True,5.0,True,True,15.0,False,False,False,False,False,False,False,-0.5942028985507246,True,-0.5836431226765799,-0.5836431226765799,-1.0,134.5,0.35,,2,True,False,False,False,False,Q1_weak,<0.05R,10:30-11:00,narrow,Wed
2025-01-23,up,True,0,0.04807692307692308,1.8704453441295548,1,False,True,0.15865384615384615,2.418269230769231,True,5.0,True,True,120.0,False,False,,False,False,False,False,True,True,True,1.736842105263158,True,1.0,2.0,,52.0,0.016666666666666666,,3,True,True,True,True,True,Q3,<0.05R,10:30-11:00,narrowest,Thu
2025-01-24,down,True,25,0.008241758241758242,0.6546091015169194,2,False,False,,1.5741758241758241,True,5.0,True,True,10.0,True,True,30.0,True,False,True,False,False,False,True,-1.0,True,-1.0,-1.0,-1.0,91.0,0.11666666666666667,,4,True,True,True,True,False,Q1_weak,<0.05R,10:30-11:00,narrowest,Fri
2025-01-27,up,True,0,0.12344497607655502,0.8472012102874432,3,False,True,0.11866028708133972,0.184688995215311,True,5.0,True,True,15.0,True,True,50.0,True,True,True,True,True,False,False,-1.0,True,-1.0,-1.0,0.5810983397190294,261.25,0.8833333333333333,,0,False,False,False,False,False,Q1_weak,0.05-0.15R,10:30-11:00,widest,Mon
2025-01-28,up,True,90,0.04422032583397983,1.0896309314586996,4,False,True,0.0721489526764934,0.44763382467028706,False,,False,False,,False,False,,False,False,False,False,True,False,True,0.4533143264433357,False,,,,322.25,0.95,,1,True,False,False,False,False,Q2,<0.05R,11:00-12:00,widest,Tue
2025-01-29,down,True,10,0.04970178926441352,1.5145454545454546,2,False,False,,0.9025844930417495,True,5.0,True,True,5.0,True,True,10.0,True,False,True,False,False,False,False,-1.0,True,-1.0,-1.0,-1.0,125.75,0.3,,2,True,True,False,False,False,Q2,<0.05R,10:30-11:00,narrow,Wed
2025-01-30,down,True,20,0.05402425578831312,1.6353808353808355,1,False,True,0.1466372657111356,0.4520396912899669,True,30.0,False,True,30.0,True,True,55.0,True,False,True,False,True,False,False,-1.0,True,-1.0,-1.0,0.4010327022375215,226.75,0.8333333333333334,,3,True,False,False,False,False,Q3,0.05-0.15R,10:30-11:00,widest,Thu
2025-01-31,up,True,0,0.02365930599369085,2.0585774058577404,1,False,True,0.08990536277602523,0.26813880126182965,True,5.0,True,True,10.0,True,True,70.0,True,True,True,True,True,False,False,-1.0,True,-1.0,-1.0,1.851063829787234,158.5,0.4666666666666667,,4,True,False,False,False,False,Q3,<0.05R,10:30-11:00,mid,Fri
2025-01-31,down,False,180,0.12145110410094637,5.545545545545545,2,True,True,0.1750788643533123,1.446372239747634,True,5.0,True,True,5.0,True,False,,False,False,False,False,True,True,True,1.4137055837563453,True,1.0,2.0,,158.5,0.4666666666666667,,4,True,True,True,False,False,Q4_strong,0.05-0.15R,12:00-13:30,mid,Fri
2025-02-03,up,True,0,0.03009027081243731,0.3382294561333863,3,False,False,,0.6308926780341023,True,5.0,True,True,130.0,True,False,,False,False,False,False,False,False,True,0.27436140018921473,True,1.0,0.3510531594784353,,249.25,0.85,,0,True,True,False,False,False,Q1_weak,<0.05R,10:30-11:00,widest,Mon
2025-02-04,up,True,5,0.00968054211035818,1.0017123287671235,2,False,True,0.005808325266214908,0.1181026137463698,True,5.0,True,True,5.0,True,True,20.0,False,False,False,False,True,False,True,0.017094017094017096,True,0.036786060019361085,0.036786060019361085,-1.0,258.25,0.85,,1,False,False,False,False,False,Q2,<0.05R,10:30-11:00,widest,Tue
2025-02-05,up,True,35,0.09090909090909091,1.9568106312292357,4,False,False,,1.376940133037694,True,5.0,True,True,5.0,True,True,10.0,False,False,False,False,False,False,True,1.5384615384615385,True,1.0,2.0,-1.0,112.75,0.25,,2,True,True,True,False,False,Q3,0.05-0.15R,11:00-12:00,narrow,Wed
2025-02-06,down,True,240,0.06108597285067873,9.449378330373003,3,False,True,0.2579185520361991,0.2420814479638009,True,5.0,False,True,5.0,True,True,75.0,True,True,True,True,True,False,False,-1.0,True,-1.0,-1.0,0.1781115879828326,110.5,0.25,,3,False,False,False,False,False,Q4_strong,0.05-0.15R,after 13:30,narrow,Thu
2025-02-06,up,False,320,0.1515837104072398,2.9423076923076925,10,True,True,0.20588235294117646,0.3031674208144796,False,,False,False,,False,False,,False,False,False,False,True,False,True,0.07291666666666667,False,,,,110.5,0.25,,3,True,False,False,False,False,Q4_strong,0.15-0.30R,after 13:30,narrow,Thu
2025-02-07,down,True,20,0.1374113475177305,4.1375186846038865,1,False,True,0.02925531914893617,0.4725177304964539,True,5.0,True,True,5.0,True,False,,False,False,False,False,True,False,True,0.3282336578581363,True,0.6932624113475178,0.6932624113475178,,282.0,0.9166666666666666,,4,True,False,False,False,False,Q4_strong,0.05-0.15R,10:30-11:00,widest,Fri
2025-02-10,up,True,5,0.013513513513513514,0.38235294117647056,10,False,False,,0.1583011583011583,True,5.0,True,True,15.0,True,False,,False,False,False,False,False,False,False,-0.47368421052631576,True,-0.4594594594594595,-0.4594594594594595,,129.5,0.35,,0,False,False,False,False,False,Q1_weak,<0.05R,10:30-11:00,narrow,Mon
2025-02-11,up,True,10,0.0328719723183391,1.2233009708737863,2,False,True,0.06920415224913495,0.18166089965397925,True,15.0,False,True,15.0,True,True,45.0,True,False,True,False,True,False,False,-1.0,True,-1.0,-1.0,0.6597938144329897,144.5,0.4166666666666667,,1,False,False,False,False,False,Q2,<0.05R,10:30-11:00,mid,Tue
2025-02-12,up,True,5,0.04797047970479705,1.2942295497780596,2,False,False,,0.48954489544895446,True,5.0,True,True,5.0,True,True,35.0,False,False,False,False,False,False,True,0.47362514029180697,True,0.6150061500615006,0.6150061500615006,-1.0,203.25,0.75,,2,True,False,False,False,False,Q2,<0.05R,10:30-11:00,wide,Wed
2025-02-13,up,True,5,0.21792890262751158,1.3348214285714286,2,False,True,0.20865533230293662,0.7882534775888718,True,55.0,True,True,60.0,True,True,80.0,True,False,True,False,True,False,True,-1.0,True,-1.0,-1.0,-1.0,161.75,0.5083333333333333,,3,True,True,False,False,False,Q2,0.15-0.30R,10:30-11:00,mid,Thu
2025-02-14,up,True,25,0.07142857142857142,1.0275952693823915,3,False,True,0.17857142857142858,0.9285714285714286,True,5.0,True,True,5.0,True,True,85.0,True,False,True,False,True,False,True,-1.0,True,-1.0,-1.0,-1.0,70.0,0.05,,4,True,True,False,False,False,Q2,0.05-0.15R,10:30-11:00,narrowest,Fri
2025-02-18,down,True,215,0.11070780399274047,6.728624535315985,1,False,True,0.15063520871143377,0.1996370235934664,True,5.0,False,True,15.0,True,True,25.0,True,False,True,False,True,False,False,-1.0,True,-1.0,-1.0,1.2024291497975708,137.75,0.35833333333333334,,1,False,False,False,False,False,Q4_strong,0.05-0.15R,after 13:30,narrow,Tue
2025-02-19,up,True,70,0.1570048309178744,1.8324022346368716,2,False,True,0.014492753623188406,0.7560386473429952,True,10.0,True,True,40.0,True,True,50.0,False,False,False,False,True,False,True,0.13602941176470587,True,1.0,0.4927536231884058,-1.0,103.5,0.18333333333333332,,2,True,True,False,False,False,Q3,0.15-0.30R,11:00-12:00,narrow,Wed
2025-02-21,down,True,0,0.0038314176245210726,0.88,5,False,False,,1.6845466155810984,True,5.0,True,True,5.0,True,False,,False,False,False,False,False,False,True,1.9771863117870723,True,1.0,2.0,,195.75,0.6833333333333333,,4,True,True,True,True,False,Q1_weak,<0.05R,10:30-11:00,wide,Fri
2025-02-24,down,True,325,0.041723666210670314,1.793960923623446,2,False,True,0.1484268125854993,0.0,False,,False,False,,False,False,,False,False,False,False,False,False,False,,False,,,,365.5,0.9833333333333333,,0,False,False,False,False,False,Q3,<0.05R,after 13:30,widest,Mon
2025-02-26,up,True,35,0.06114130434782609,0.9377203290246768,3,False,True,0.04076086956521739,0.19701086956521738,True,10.0,True,True,20.0,True,True,90.0,True,True,True,True,True,False,False,-1.0,True,-1.0,-1.0,1.6377245508982037,184.0,0.65,,2,False,False,False,False,False,Q1_weak,0.05-0.15R,11:00-12:00,wide,Wed
2025-02-26,down,False,175,0.09239130434782608,4.048387096774194,1,True,True,0.07201086956521739,0.6766304347826086,True,5.0,True,True,5.0,True,False,,False,False,False,False,True,False,False,-0.17660550458715596,True,1.0,-0.024456521739130436,,184.0,0.65,,2,True,True,False,False,False,Q4_strong,0.05-0.15R,12:00-13:30,wide,Wed
2025-02-27,down,True,240,0.12686952037132543,3.550877192982456,8,False,True,0.06859205776173286,0.6157813305827746,False,,False,False,,False,False,,False,False,False,False,False,False,True,0.7453722747840394,False,,,,484.75,1.0,,3,True,True,False,False,False,Q4_strong,0.05-0.15R,after 13:30,widest,Thu
2025-02-28,up,True,25,0.0050335570469798654,0.6555765595463138,2,False,False,,0.6233221476510067,True,5.0,True,True,5.0,True,True,20.0,True,False,True,False,False,False,True,-1.0,True,-1.0,-1.0,-1.0,298.0,0.8833333333333333,,4,True,True,False,False,False,Q1_weak,<0.05R,10:30-11:00,widest,Fri
2025-03-03,down,True,155,0.04155124653739612,3.5857056329497277,5,False,True,0.1994459833795014,1.2278393351800554,True,15.0,True,True,55.0,True,False,,False,False,False,False,True,False,True,1.7698209718670077,True,1.0,2.0,,361.0,0.95,,0,True,True,True,False,False,Q4_strong,<0.05R,12:00-13:30,widest,Mon
2025-03-04,up,True,160,0.142353770260747,2.4263604593110335,3,False,True,0.11909795630725863,0.8527131782945736,True,5.0,True,True,5.0,True,False,,False,False,False,False,True,True,False,-0.3642347778387274,True,1.0,-0.1832276250880902,,354.75,0.9333333333333333,,1,True,True,False,False,False,Q4_strong,0.05-0.15R,12:00-13:30,widest,Tue
2025-03-05,down,True,60,0.14002205071664828,1.8956254796623175,2,False,False,,0.24366041896361632,True,5.0,True,True,25.0,True,True,25.0,True,True,True,True,False,False,False,-1.0,True,-1.0,-1.0,1.2926829268292683,226.75,0.7083333333333334,,2,False,False,False,False,False,Q3,0.05-0.15R,11:00-12:00,wide,Wed
2025-03-05,up,False,125,0.015435501653803748,0.8687863860277653,5,True,True,0.17199558985667035,1.0055126791620728,True,5.0,True,True,5.0,True,False,,False,False,False,False,True,False,True,1.9101604278074866,True,1.0,2.0,,226.75,0.7083333333333334,,2,True,True,True,False,False,Q1_weak,<0.05R,12:00-13:30,wide,Wed
2025-03-06,up,True,5,0.03718199608610567,2.183727034120735,1,False,False,,0.11545988258317025,True,5.0,True,True,10.0,True,True,15.0,True,True,True,True,False,False,False,-1.0,True,-1.0,-1.0,1.6697892271662764,255.5,0.7333333333333333,,3,False,False,False,False,False,Q3,<0.05R,10:30-11:00,wide,Thu
2025-03-06,down,False,90,0.15851272015655576,2.2164726175075464,6,True,True,0.10371819960861056,0.8816046966731899,True,20.0,True,False,,False,False,,False,False,False,False,False,False,True,0.5705794947994056,True,1.0,1.0684931506849316,,255.5,0.7333333333333333,,3,True,True,False,False,False,Q3,0.15-0.30R,11:00-12:00,wide,Thu
2025-03-07,down,True,0,0.32531500572737687,2.6140440799589952,2,False,True,0.3997709049255441,1.1832760595647194,True,15.0,True,True,15.0,False,True,185.0,True,True,True,True,True,False,False,0.8174878556557946,True,1.0,2.0,0.2732130928523714,218.25,0.65,,4,True,True,True,False,False,Q4_strong,>0.30R,10:30-11:00,wide,Fri
2025-03-07,up,False,230,0.12371134020618557,1.5774647887323943,3,True,True,0.10080183276059565,0.2027491408934708,True,5.0,True,True,20.0,True,False,,True,False,False,False,True,False,False,-1.0,True,-1.0,-1.0,,218.25,0.65,,4,False,False,False,False,False,Q3,0.05-0.15R,after 13:30,wide,Fri
2025-03-10,down,True,0,0.07192807192807193,0.8372093023255813,2,False,False,,1.5264735264735265,True,5.0,True,True,5.0,True,False,,False,False,False,False,False,False,True,1.6227074235807861,True,1.0,2.0,,250.25,0.7166666666666667,,0,True,True,True,True,False,Q1_weak,0.05-0.15R,10:30-11:00,wide,Mon
2025-03-11,down,True,5,0.0723793677204659,0.7110378912685338,1,False,False,,0.37437603993344426,True,5.0,True,True,5.0,True,True,15.0,True,True,True,True,False,False,False,-1.0,True,-1.0,-1.0,-1.0,300.5,0.85,,1,True,False,False,False,False,Q1_weak,0.05-0.15R,10:30-11:00,widest,Tue
2025-03-11,up,False,255,0.03161397670549085,0.802390098164746,3,True,True,0.1638935108153078,0.2420965058236273,True,5.0,True,True,15.0,True,True,65.0,True,False,True,False,True,False,False,-1.0,True,-1.0,-1.0,0.3888888888888889,300.5,0.85,,1,False,False,False,False,False,Q1_weak,<0.05R,after 13:30,widest,Tue
2025-03-12,down,True,0,0.14538558786346398,2.609406952965235,1,False,True,0.14412136536030343,0.934260429835651,True,65.0,False,True,75.0,False,True,85.0,True,False,True,False,True,False,False,-1.0,True,-1.0,-1.0,-0.10094637223974763,197.75,0.55,,2,True,True,False,False,False,Q4_strong,0.05-0.15R,10:30-11:00,mid,Wed
2025-03-13,down,True,65,0.11386138613861387,2.044806517311609,1,False,True,0.01881188118811881,0.6118811881188119,True,5.0,True,True,5.0,True,True,10.0,False,False,False,False,True,False,True,0.2854838709677419,True,1.0,0.5782178217821782,-1.0,252.5,0.7,,3,True,True,False,False,False,Q3,0.05-0.15R,11:00-12:00,wide,Thu
2025-03-14,up,True,30,0.07472826086956522,0.865213082259663,2,False,True,0.1480978260869565,0.6616847826086957,True,5.0,True,True,5.0,True,False,,False,False,False,False,True,True,True,0.6690307328605201,True,1.0,0.9184782608695652,,184.0,0.475,,4,True,True,False,False,False,Q1_weak,0.05-0.15R,10:30-11:00,mid,Fri
2025-03-17,down,True,30,0.09422492401215805,0.5721649484536082,4,False,False,,0.331306990881459,True,5.0,True,True,10.0,True,True,145.0,True,True,True,True,False,False,False,-1.0,True,-1.0,-1.0,0.6497175141242938,164.5,0.4,,0,True,False,False,False,False,Q1_weak,0.05-0.15R,10:30-11:00,mid,Mon
2025-03-17,up,False,220,0.17477203647416414,2.0895522388059704,3,True,True,0.10030395136778116,0.6778115501519757,True,105.0,False,True,105.0,False,False,,False,False,False,False,True,True,False,-0.40315315315315314,True,-0.1945288753799392,-0.1945288753799392,,164.5,0.4,,0,True,True,False,False,False,Q3,0.15-0.30R,after 13:30,mid,Mon
2025-03-18,down,True,30,0.02916274694261524,1.9373420919656392,2,False,True,0.05832549388523048,0.11382878645343368,True,5.0,True,True,10.0,True,True,35.0,True,False,True,False,True,False,False,-1.0,True,-1.0,-1.0,0.1270718232044199,265.75,0.75,,1,False,False,False,False,False,Q3,<0.05R,10:30-11:00,wide,Tue
2025-03-19,up,True,75,0.010282776349614395,0.14139827179890024,2,False,True,0.015424164524421594,1.2455012853470437,True,25.0,True,True,25.0,True,True,50.0,True,False,True,False,True,False,True,-1.0,True,-1.0,-1.0,-1.0,194.5,0.48333333333333334,,2,True,True,True,False,False,Q1_weak,<0.05R,11:00-12:00,mid,Wed
2025-03-20,up,True,10,0.012849584278155708,1.199438202247191,2,False,False,,0.05517762660619804,True,5.0,True,True,10.0,True,True,20.0,True,False,True,False,False,False,False,-1.0,True,-1.0,-1.0,1.7538461538461538,330.75,0.9,,3,False,False,False,False,False,Q2,<0.05R,10:30-11:00,widest,Thu
2025-03-21,up,True,25,0.12198795180722892,2.948547717842324,1,False,True,0.17921686746987953,1.2078313253012047,True,15.0,True,True,15.0,True,True,20.0,True,False,True,False,True,False,True,-1.0,True,-1.0,-1.0,-1.0,166.0,0.36666666666666664,,4,True,True,True,False,False,Q4_strong,0.05-0.15R,10:30-11:00,narrow,Fri
2025-03-24,up,True,15,0.07822410147991543,1.3896457765667574,2,False,True,0.080338266384778,0.5243128964059197,True,10.0,True,True,50.0,True,True,150.0,False,False,False,False,True,False,True,0.1316270566727605,True,1.0,0.3086680761099366,-1.0,118.25,0.11666666666666667,,0,True,True,False,False,False,Q2,0.05-0.15R,10:30-11:00,narrowest,Mon
2025-03-25,up,True,5,0.08333333333333333,2.02027027027027,1,False,True,0.09408602150537634,0.43548387096774194,True,60.0,False,True,75.0,True,True,110.0,True,False,True,False,True,False,True,-1.0,True,-1.0,-1.0,-0.8818897637795275,93.0,0.06666666666666667,,1,True,False,False,False,False,Q3,0.05-0.15R,10:30-11:00,narrowest,Tue
2025-03-26,down,True,80,0.07762096774193548,2.415291051259774,4,False,True,0.1159274193548387,0.7338709677419355,False,,False,False,,False,False,,False,False,False,False,False,False,True,0.6649214659685864,False,,,,248.0,0.6333333333333333,,2,True,True,False,False,False,Q4_strong,0.05-0.15R,11:00-12:00,wide,Wed
2025-03-27,up,True,0,0.035182679296346414,0.2857142857142857,2,False,True,0.058186738836265225,0.41948579161028415,True,60.0,False,True,60.0,True,True,75.0,True,False,True,False,True,False,False,-1.0,True,-1.0,-1.0,0.4162348877374784,184.75,0.48333333333333334,,3,True,False,False,False,False,Q1_weak,<0.05R,10:30-11:00,mid,Thu
2025-03-28,down,True,0,0.043513295729250605,0.6079613992762365,9,False,True,0.0346494762288477,0.6760676873489122,True,5.0,True,True,5.0,True,False,,False,False,False,False,False,False,True,0.9266123054114158,True,1.0,1.0942788074133762,,310.25,0.8666666666666667,,4,True,True,False,False,False,Q1_weak,<0.05R,10:30-11:00,widest,Fri
2025-03-31,up,True,50,0.1127906976744186,1.875,2,False,True,0.06744186046511629,1.386046511627907,True,5.0,True,True,5.0,True,False,,False,False,False,False,True,True,True,1.4478178368121442,True,1.0,2.0,,215.0,0.55,,0,True,True,True,False,False,Q3,0.05-0.15R,11:00-12:00,mid,Mon
2025-04-01,up,True,20,0.15403726708074533,1.8009478672985781,5,False,True,0.05714285714285714,0.901863354037267,True,190.0,False,True,190.0,False,False,,False,False,False,False,True,True,True,0.835707502374169,True,1.0,1.4012422360248447,,201.25,0.5333333333333333,,1,True,True,False,False,False,Q3,0.15-0.30R,10:30-11:00,mid,Tue
2025-04-02,up,True,25,0.038619556285949055,1.0682226211849193,1,False,False,,0.885784716516023,True,5.0,True,True,15.0,True,True,15.0,False,False,False,False,False,False,True,0.6956521739130435,True,1.0,0.8266228430566968,-1.0,304.25,0.85,,2,True,True,False,False,False,Q2,<0.05R,10:30-11:00,widest,Wed
2025-04-03,down,True,10,0.010321100917431193,0.4348632359758924,3,False,True,0.17087155963302753,0.8784403669724771,True,5.0,True,True,50.0,False,True,90.0,True,False,True,False,True,True,True,-1.0,True,1.0,-1.0,-1.0,218.0,0.55,,3,True,True,False,False,False,Q1_weak,<0.05R,10:30-11:00,mid,Thu
2025-04-04,down,True,0,0.10416666666666667,0.7306008754476722,3,False,True,0.003720238095238095,1.1436011904761905,True,30.0,True,True,30.0,False,True,30.0,True,False,True,False,True,False,True,-1.0,True,-1.0,-1.0,-1.0,336.0,0.9166666666666666,,4,True,True,True,False,False,Q1_weak,0.05-0.15R,10:30-11:00,widest,Fri
2025-04-08,down,True,40,0.01929530201342282,1.5926291543270814,2,False,True,0.03859060402684564,3.6434563758389262,True,5.0,True,True,25.0,True,False,,False,False,False,False,True,False,True,1.888529886914378,True,1.0,2.0,,298.0,0.7916666666666666,,1,True,True,True,True,True,Q3,<0.05R,11:00-12:00,wide,Tue
2025-04-09,up,True,150,0.2428842504743833,4.5394045534150615,1,False,True,0.3763440860215054,4.526881720430108,True,5.0,True,True,5.0,True,False,,False,False,False,False,True,False,True,1.0191570881226053,True,1.0,2.0,,395.25,0.9666666666666667,,2,True,True,True,True,True,Q4_strong,0.15-0.30R,12:00-13:30,widest,Wed
2025-04-10,down,True,45,0.06683168316831684,0.7130972189208462,2,False,True,0.06848184818481848,2.1435643564356437,True,165.0,False,True,165.0,False,False,,False,False,False,False,True,False,True,1.6462882096069869,True,1.0,2.0,,303.0,0.8,,3,True,True,True,True,True,Q1_weak,0.05-0.15R,11:00-12:00,wide,Thu
2025-04-11,up,True,120,0.04640215198386012,3.1290849673202614,1,True,True,0.19435104236718226,0.6072629455279085,True,45.0,True,True,55.0,True,False,,False,False,False,False,True,True,True,0.7113846153846154,True,1.0,0.8702084734364492,,371.75,0.95,,4,True,True,False,False,False,Q4_strong,<0.05R,12:00-13:30,widest,Fri
2025-04-14,down,True,55,0.15823970037453183,2.806699864191942,2,False,True,0.1151685393258427,0.9372659176029963,True,5.0,True,True,175.0,False,True,220.0,False,False,False,False,True,False,True,0.01849217638691323,True,1.0,0.3408239700374532,-0.39956011730205276,267.0,0.6833333333333333,,0,True,True,False,False,False,Q4_strong,0.15-0.30R,11:00-12:00,wide,Mon
2025-04-15,down,True,200,0.03859250851305335,3.4612700628053035,1,False,False,,0.18274687854710556,True,5.0,True,True,5.0,True,True,80.0,False,False,False,False,False,False,False,-0.3667017913593256,True,-0.3178206583427923,-0.3178206583427923,-0.28162291169451076,220.25,0.5,,1,False,False,False,False,False,Q4_strong,<0.05R,after 13:30,mid,Tue
2025-04-16,up,True,50,0.14684287812041116,3.888280394304491,1,False,True,0.368575624082232,0.32599118942731276,True,10.0,False,True,15.0,True,True,30.0,True,True,True,True,True,False,False,-1.0,True,-1.0,-1.0,0.7265774378585086,170.25,0.3,,2,True,False,False,False,False,Q4_strong,0.05-0.15R,11:00-12:00,narrow,Wed
2025-04-16,down,False,180,0.23494860499265785,8.09563066776587,1,True,True,0.29515418502202645,2.3083700440528636,False,,False,False,,False,False,,False,False,False,False,False,False,True,1.040959040959041,False,,,,170.25,0.3,,2,True,True,True,True,True,Q4_strong,0.15-0.30R,12:00-13:30,narrow,Wed
2025-04-17,down,True,0,0.05019305019305019,0.5871559633027523,8,False,True,0.07850707850707851,0.2767052767052767,True,10.0,False,True,10.0,True,True,210.0,True,True,True,True,True,False,False,-1.0,True,-1.0,-1.0,0.09492273730684327,194.25,0.35,,3,True,False,False,False,False,Q1_weak,0.05-0.15R,10:30-11:00,narrow,Thu
2025-04-17,up,False,230,0.015444015444015444,0.5539853024307518,2,True,False,,0.08494208494208494,True,5.0,True,True,5.0,True,True,25.0,True,False,True,False,False,False,False,-1.0,True,-1.0,-1.0,1.396078431372549,194.25,0.35,,3,False,False,False,False,False,Q1_weak,<0.05R,after 13:30,narrow,Thu
2025-04-21,down,True,40,0.03770028275212064,1.4583333333333333,1,False,False,,0.7530631479736098,True,5.0,True,True,5.0,True,False,,False,False,False,False,False,False,False,-0.22787028921998248,True,1.0,-0.1696512723845429,,265.25,0.65,,0,True,True,False,False,False,Q2,<0.05R,11:00-12:00,wide,Mon
2025-04-22,up,True,5,0.0340632603406326,1.0649446494464945,2,False,True,0.051094890510948905,1.0121654501216546,True,5.0,True,True,65.0,True,True,170.0,False,False,False,False,True,True,True,1.8086560364464692,True,1.0,2.0,-0.47502448579823703,205.5,0.4166666666666667,,1,True,True,True,False,False,Q2,<0.05R,10:30-11:00,mid,Tue
2025-04-23,down,True,55,0.005482456140350877,2.1608757734412185,3,True,True,0.11403508771929824,0.819078947368421,True,5.0,True,True,5.0,True,False,,False,False,False,False,False,False,True,1.1019522776572668,True,1.0,1.125,,228.0,0.5333333333333333,,2,True,True,False,False,False,Q3,<0.05R,11:00-12:00,mid,Wed
2025-04-24,up,True,0,0.03800675675675676,0.5786802030456852,4,False,True,0.0008445945945945946,0.6613175675675675,True,5.0,True,True,10.0,True,False,,False,False,False,False,True,False,True,1.042386185243328,True,1.0,1.197635135135135,,296.0,0.7333333333333333,,3,True,True,False,False,False,Q1_weak,<0.05R,10:30-11:00,wide,Thu
2025-04-25,up,True,110,0.08676470588235294,2.1715328467153285,5,True,True,0.10441176470588236,0.8735294117647059,True,90.0,False,True,90.0,False,False,,False,False,False,False,True,True,True,1.0977443609022557,True,1.0,1.4617647058823529,,170.0,0.23333333333333334,,4,True,True,False,False,False,Q3,0.05-0.15R,12:00-13:30,narrow,Fri
2025-04-28,down,True,35,0.06851119894598155,1.8372849837284984,1,False,True,0.21870882740447958,0.927536231884058,True,5.0,True,True,5.0,True,True,240.0,True,False,True,False,True,False,False,-1.0,True,1.0,-1.0,0.23583815028901733,189.75,0.31666666666666665,,0,True,True,False,False,False,Q3,0.05-0.15R,11:00-12:00,narrow,Mon
2025-04-29,up,True,190,0.015189873417721518,0.9261576971214017,3,False,True,0.13670886075949368,0.4417721518987342,True,5.0,True,False,,False,False,,False,False,False,False,True,False,True,0.39803439803439805,True,0.44050632911392407,0.44050632911392407,,197.5,0.36666666666666664,,1,True,False,False,False,False,Q1_weak,<0.05R,after 13:30,narrow,Tue
2025-04-30,up,True,0,0.033136094674556214,0.35789473684210527,7,False,True,0.004733727810650888,1.8970414201183432,True,5.0,True,True,5.0,True,False,,False,False,False,False,True,True,True,1.8135405105438402,True,1.0,2.0,,211.25,0.45,,2,True,True,True,True,False,Q1_weak,<0.05R,10:30-11:00,mid,Wed
2025-05-01,up,True,5,0.1563573883161512,1.004964539007092,6,False,True,0.07731958762886598,0.8264604810996563,True,75.0,False,True,75.0,False,True,320.0,True,True,True,True,True,True,False,-1.0,True,-1.0,-1.0,,145.5,0.16666666666666666,,3,True,True,False,False,False,Q2,0.15-0.30R,10:30-11:00,narrowest,Thu
2025-05-02,up,True,70,0.024922118380062305,0.8228980322003578,3,False,True,0.03426791277258567,0.6012461059190031,True,10.0,True,True,10.0,True,False,,False,False,False,False,True,False,True,0.017804154302670624,True,1.0,0.06853582554517133,,160.5,0.16666666666666666,,4,True,True,False,False,False,Q1_weak,<0.05R,11:00-12:00,narrowest,Fri
2025-05-05,up,True,30,0.03578528827037773,0.6850202429149798,6,False,False,,0.6401590457256461,True,5.0,True,True,5.0,True,False,,True,False,False,False,False,False,False,-1.0,True,1.0,-1.0,,125.75,0.08333333333333333,,0,True,True,False,False,False,Q1_weak,<0.05R,10:30-11:00,narrowest,Mon
2025-05-06,up,True,5,0.020527859237536656,0.1835066864784547,5,False,False,,0.6847507331378299,True,5.0,True,True,15.0,True,False,,False,False,False,False,False,False,False,-0.4197183098591549,True,1.0,-0.39589442815249265,,170.5,0.26666666666666666,,1,True,True,False,False,False,Q1_weak,<0.05R,10:30-11:00,narrow,Tue
2025-05-07,down,True,20,0.07322175732217573,4.213683223992502,5,True,True,0.4560669456066946,1.49581589958159,True,5.0,True,True,110.0,False,True,290.0,True,True,True,True,True,False,False,-1.0,True,1.0,-1.0,-0.02293202293202293,119.5,0.08333333333333333,,2,True,True,True,False,False,Q4_strong,0.05-0.15R,10:30-11:00,narrowest,Wed
2025-05-07,up,False,310,0.058577405857740586,5.105386416861827,2,True,True,0.5690376569037657,0.6401673640167364,True,5.0,False,True,5.0,False,False,,True,True,False,False,True,False,False,-1.0,True,-1.0,-1.0,,119.5,0.08333333333333333,,2,True,True,False,False,False,Q4_strong,0.05-0.15R,after 13:30,narrowest,Wed
2025-05-08,down,True,20,0.0050335570469798654,1.1377245508982037,2,False,False,,0.3087248322147651,True,5.0,True,True,15.0,True,True,20.0,True,True,True,True,False,False,False,-1.0,True,-1.0,-1.0,0.8352941176470589,149.0,0.15,,3,True,False,False,False,False,Q2,<0.05R,10:30-11:00,narrowest,Thu
2025-05-08,up,False,60,0.12416107382550336,0.9384164222873901,6,True,True,0.46308724832214765,1.0956375838926173,True,265.0,False,True,265.0,False,False,,False,False,False,False,True,False,False,1.403225806451613,True,-0.29194630872483224,-0.29194630872483224,,149.0,0.15,,3,True,True,True,False,False,Q1_weak,0.05-0.15R,11:00-12:00,narrowest,Thu
2025-05-09,down,True,5,0.19791666666666666,2.372623574144487,6,False,True,0.03125,0.31994047619047616,True,5.0,False,True,10.0,True,False,,False,False,False,False,True,False,False,-0.4925373134328358,True,-0.2916666666666667,-0.2916666666666667,,168.0,0.23333333333333334,,4,True,False,False,False,False,Q4_strong,0.15-0.30R,10:30-11:00,narrow,Fri
2025-05-12,down,True,0,0.021383647798742137,0.7105263157894737,4,False,True,0.2679245283018868,0.16855345911949685,True,5.0,False,True,5.0,True,True,130.0,True,True,True,True,True,False,False,-1.0,True,-1.0,-1.0,0.45839874411302983,198.75,0.43333333333333335,,0,False,False,False,False,False,Q1_weak,<0.05R,10:30-11:00,mid,Mon
2025-05-12,up,False,155,0.033962264150943396,3.7995337995337994,6,True,True,0.08930817610062892,0.1610062893081761,True,5.0,True,True,5.0,True,False,,False,False,False,False,True,False,True,0.1955241460541814,True,0.27672955974842767,0.27672955974842767,,198.75,0.43333333333333335,,0,False,False,False,False,False,Q4_strong,<0.05R,12:00-13:30,mid,Mon
2025-05-13,up,True,25,0.015525114155251141,0.6043872919818457,3,False,True,0.058447488584474884,0.365296803652968,True,5.0,True,True,10.0,True,False,,False,False,False,False,True,False,True,0.141718334809566,True,0.1771689497716895,0.1771689497716895,,273.75,0.7,,1,True,False,False,False,False,Q1_weak,<0.05R,10:30-11:00,wide,Tue
2025-05-14,up,True,120,0.053231939163498096,2.256728778467909,3,False,True,0.022813688212927757,0.10836501901140684,True,5.0,False,True,5.0,True,True,10.0,True,False,True,False,True,False,False,-1.0,True,-1.0,-1.0,-0.5522388059701493,131.5,0.1,,2,False,False,False,False,False,Q3,0.05-0.15R,12:00-13:30,narrowest,Wed
2025-05-15,up,True,30,0.1468354430379747,1.2286282306163023,3,False,True,0.17974683544303796,1.8556962025316455,True,265.0,False,True,265.0,False,False,,False,False,False,False,True,True,True,1.3189823874755382,True,1.0,1.478481012658228,,98.75,0.03333333333333333,,3,True,True,True,True,False,Q2,0.05-0.15R,10:30-11:00,narrowest,Thu
2025-05-16,down,True,5,0.1437308868501529,0.8540145985401459,4,False,True,0.19571865443425077,0.8318042813455657,True,15.0,False,True,15.0,False,True,160.0,True,True,True,True,True,False,False,-1.0,True,-1.0,-1.0,0.06964285714285715,81.75,0.016666666666666666,,4,True,True,False,False,False,Q1_weak,0.05-0.15R,10:30-11:00,narrowest,Fri
2025-05-16,up,False,180,0.027522935779816515,1.7956656346749227,2,True,True,0.03363914373088685,0.5137614678899083,True,5.0,True,True,5.0,True,True,10.0,False,False,False,False,True,False,True,0.7768115942028986,True,1.0,0.8746177370030581,-1.0,81.75,0.016666666666666666,,4,True,True,False,False,False,Q3,<0.05R,12:00-13:30,narrowest,Fri
2025-05-19,up,True,115,0.0345821325648415,1.7227722772277227,2,False,False,,0.3150816522574448,True,5.0,True,True,5.0,True,False,,False,False,False,False,False,False,True,0.3719676549865229,True,0.4668587896253602,0.4668587896253602,,260.25,0.65,,0,True,False,False,False,False,Q3,<0.05R,12:00-13:30,wide,Mon
2025-05-20,up,True,10,0.061764705882352944,0.29326047358834245,3,False,True,0.3352941176470588,0.40588235294117647,True,5.0,True,True,10.0,True,True,220.0,True,True,True,True,True,False,True,-1.0,True,-1.0,-1.0,0.41002949852507375,85.0,0.03333333333333333,,1,True,False,False,False,False,Q1_weak,0.05-0.15R,10:30-11:00,narrowest,Tue
2025-05-20,down,False,235,0.05588235294117647,4.434907010014306,3,True,True,0.09705882352941177,0.6676470588235294,True,5.0,True,True,5.0,True,True,90.0,True,True,True,True,True,False,False,-1.0,True,1.0,-1.0,,85.0,0.03333333333333333,,1,True,True,False,False,False,Q4_strong,0.05-0.15R,after 13:30,narrowest,Tue
2025-05-21,up,True,25,0.0943683409436834,3.1131351869606902,3,False,True,0.1354642313546423,0.7138508371385084,True,140.0,False,True,140.0,False,True,140.0,True,True,True,True,True,True,False,-1.0,True,-1.0,-1.0,0.5488308115543329,164.25,0.2,,2,True,True,False,False,False,Q4_strong,0.05-0.15R,10:30-11:00,narrow,Wed
2025-05-21,down,False,170,0.0334855403348554,6.671974522292994,7,True,True,0.3987823439878234,1.243531202435312,True,5.0,True,True,15.0,False,False,,False,False,False,False,False,False,True,1.81169757489301,True,1.0,2.0,,164.25,0.2,,2,True,True,True,False,False,Q4_strong,<0.05R,12:00-13:30,narrow,Wed
2025-05-23,up,True,140,0.039301310043668124,0.48401037165082106,2,False,True,0.008733624454148471,0.5167394468704513,True,5.0,True,True,5.0,True,True,185.0,False,False,False,False,True,False,False,-0.242914979757085,True,1.0,-0.18340611353711792,,171.75,0.31666666666666665,,4,True,True,False,False,False,Q1_weak,<0.05R,12:00-13:30,narrow,Fri
2025-05-27,up,True,50,0.020969855832241154,0.5069124423963134,3,False,False,,0.5504587155963303,True,10.0,True,True,15.0,True,False,,False,False,False,False,False,False,True,0.7949685534591195,True,1.0,0.8702490170380078,,190.75,0.38333333333333336,,1,True,True,False,False,False,Q1_weak,<0.05R,11:00-12:00,mid,Tue
2025-05-28,down,True,25,0.04448742746615087,0.4766355140186916,2,False,False,,0.690522243713733,True,5.0,True,True,5.0,True,True,5.0,True,False,True,False,False,False,True,-1.0,True,-1.0,-1.0,-1.0,129.25,0.13333333333333333,,2,True,True,False,False,False,Q1_weak,<0.05R,10:30-11:00,narrowest,Wed
2025-05-29,down,True,85,0.1060985797827903,4.633540372670807,1,False,True,0.18880534670008353,0.2656641604010025,True,15.0,False,True,15.0,True,True,45.0,False,False,False,False,True,False,False,-0.3459682977257064,True,-0.2071846282372598,-0.2071846282372598,-0.2521150592216582,299.25,0.85,,3,True,False,False,False,False,Q4_strong,0.05-0.15R,11:00-12:00,widest,Thu
2025-05-30,up,True,5,0.014240506329113924,1.0,1,False,False,,0.2579113924050633,True,5.0,True,True,5.0,True,True,5.0,True,True,True,True,False,False,False,-1.0,True,-1.0,-1.0,4.584745762711864,158.0,0.2,,4,True,False,False,False,False,Q2,<0.05R,10:30-11:00,narrow,Fri
2025-05-30,down,False,115,0.375,4.43363446838082,4,True,True,0.40822784810126583,1.0332278481012658,True,100.0,False,True,105.0,False,True,165.0,True,True,True,True,True,False,False,0.7142857142857143,True,-1.0,-1.0,0.19423791821561337,158.0,0.2,,4,True,True,True,False,False,Q4_strong,>0.30R,12:00-13:30,narrow,Fri
2025-06-02,up,True,150,0.0011198208286674132,0.975609756097561,1,False,True,0.006718924972004479,0.3840985442329227,True,5.0,True,True,10.0,True,True,40.0,False,False,False,False,True,False,True,0.6793296089385474,True,0.683090705487122,0.683090705487122,-1.0,223.25,0.65,,0,True,False,False,False,False,Q2,<0.05R,12:00-13:30,wide,Mon
2025-06-03,up,True,20,0.02912621359223301,0.6785009861932939,2,False,True,0.09514563106796116,0.941747572815534,True,200.0,False,False,,False,False,,False,False,False,False,True,True,True,0.9137614678899083,True,1.0,1.025242718446602,,128.75,0.13333333333333333,,1,True,True,False,False,False,Q1_weak,<0.05R,10:30-11:00,narrowest,Tue
2025-06-04,up,True,235,0.0180623973727422,1.8823529411764706,4,False,False,,0.06403940886699508,True,5.0,True,True,5.0,True,True,30.0,False,False,False,False,False,False,False,-0.49128367670364503,True,-0.4729064039408867,-0.4729064039408867,1.2592592592592593,152.25,0.21666666666666667,,2,False,False,False,False,False,Q3,<0.05R,after 13:30,narrow,Wed
2025-06-05,up,True,25,0.11577181208053691,0.7200584225900681,2,False,True,0.12080536912751678,0.6342281879194631,True,80.0,False,True,100.0,False,True,105.0,True,True,True,True,True,True,False,-1.0,True,-1.0,-1.0,0.8273921200750469,149.0,0.20833333333333334,,3,True,True,False,False,False,Q1_weak,0.05-0.15R,10:30-11:00,narrow,Thu
2025-06-05,down,False,145,0.028523489932885907,2.125984251968504,6,True,False,,1.261744966442953,True,5.0,True,True,5.0,True,False,,True,False,False,False,False,False,True,-1.0,True,-1.0,-1.0,,149.0,0.20833333333333334,,3,True,True,True,False,False,Q3,<0.05R,12:00-13:30,narrow,Thu
2025-06-06,down,True,130,0.017241379310344827,1.4155712841253791,2,True,False,,0.4014778325123153,True,5.0,True,True,5.0,True,True,40.0,True,True,True,True,False,False,False,-1.0,True,-1.0,-1.0,0.9093959731543624,101.5,0.08333333333333333,,4,True,False,False,False,False,Q2,<0.05R,12:00-13:30,narrowest,Fri
2025-06-09,up,True,0,0.10606060606060606,1.629242819843342,1,False,False,,0.21212121212121213,True,5.0,False,True,10.0,True,True,15.0,False,False,False,False,False,False,False,-0.8535714285714285,True,-0.8225108225108225,-0.8225108225108225,0.7560975609756098,115.5,0.1,,0,False,False,False,False,False,Q3,0.05-0.15R,10:30-11:00,narrowest,Mon
2025-06-10,down,True,60,0.53156146179402,10.191693290734824,3,False,True,0.5083056478405316,1.0,True,10.0,False,True,10.0,False,True,30.0,True,True,True,True,True,False,False,-1.0,True,-1.0,-1.0,-0.009868421052631578,75.25,0.016666666666666666,,1,True,True,True,False,False,Q4_strong,>0.30R,11:00-12:00,narrowest,Tue
2025-06-10,up,False,90,0.019933554817275746,1.407725321888412,6,True,True,0.2159468438538206,1.3156146179401993,True,5.0,True,True,85.0,False,False,,True,False,False,False,True,True,True,-1.0,True,1.0,-1.0,,75.25,0.016666666666666666,,1,True,True,True,False,False,Q2,<0.05R,11:00-12:00,narrowest,Tue
2025-06-11,up,True,0,0.01568627450980392,0.3904881101376721,7,False,False,,0.1803921568627451,True,5.0,True,True,5.0,True,True,95.0,True,True,True,True,False,False,False,-1.0,True,-1.0,-1.0,0.6314363143631436,127.5,0.18333333333333332,,2,False,False,False,False,False,Q1_weak,<0.05R,10:30-11:00,narrow,Wed
2025-06-11,down,False,210,0.45098039215686275,4.791878172588833,7,True,True,0.10588235294117647,0.9803921568627451,False,,False,False,,False,False,,False,False,False,False,True,False,True,-0.24329896907216494,False,,,,127.5,0.18333333333333332,,2,True,True,False,False,False,Q4_strong,>0.30R,after 13:30,narrow,Wed
2025-06-12,up,True,5,0.033482142857142856,1.119205298013245,7,False,True,0.060267857142857144,0.4174107142857143,True,20.0,True,True,40.0,True,False,,False,False,False,False,True,False,True,0.03765690376569038,True,0.10714285714285714,0.10714285714285714,,112.0,0.11666666666666667,,3,True,False,False,False,False,Q2,<0.05R,10:30-11:00,narrowest,Thu
2025-06-13,up,True,55,0.01828410689170183,1.0043668122270741,6,False,True,0.01828410689170183,0.33755274261603374,True,5.0,True,True,105.0,True,True,165.0,True,True,True,True,True,False,False,-1.0,True,-1.0,-1.0,0.9853862212943633,177.75,0.48333333333333334,,4,True,False,False,False,False,Q2,<0.05R,11:00-12:00,mid,Fri
2025-06-16,up,True,0,0.012,0.3054989816700611,2,False,True,0.005333333333333333,0.10933333333333334,True,5.0,True,True,5.0,True,True,20.0,False,False,False,False,True,False,False,-0.2890625,True,-0.272,-0.272,-1.0,187.5,0.5166666666666667,,0,False,False,False,False,False,Q1_weak,<0.05R,10:30-11:00,mid,Mon
2025-06-17,down,True,175,0.10697674418604651,1.9259259259259258,3,True,True,0.04883720930232558,1.083720930232558,True,5.0,True,True,5.0,True,False,,False,False,False,False,True,False,True,1.471264367816092,True,1.0,2.0,,107.5,0.11666666666666667,,1,True,True,True,False,False,Q3,0.05-0.15R,12:00-13:30,narrowest,Tue
2025-06-18,up,True,0,0.03827751196172249,0.9443099273607749,7,False,False,,0.09409888357256778,True,5.0,True,True,15.0,True,True,170.0,True,True,True,True,False,False,False,-1.0,True,-1.0,-1.0,0.698019801980198,156.75,0.3333333333333333,,2,False,False,False,False,False,Q1_weak,<0.05R,10:30-11:00,narrow,Wed
2025-06-18,down,False,265,0.05582137161084529,2.7888446215139444,3,True,True,0.18181818181818182,0.2807017543859649,True,5.0,True,True,5.0,True,False,,True,False,False,False,True,False,False,-1.0,True,-1.0,-1.0,,156.75,0.3333333333333333,,2,True,False,False,False,False,Q4_strong,0.05-0.15R,after 13:30,narrow,Wed
2025-06-20,down,True,10,0.03305785123966942,3.053728949478749,1,False,True,0.1828512396694215,0.5103305785123967,True,50.0,True,True,50.0,True,False,,False,False,False,False,False,False,True,0.2926356589147287,True,1.0,0.378099173553719,,242.0,0.75,,4,True,True,False,False,False,Q4_strong,<0.05R,10:30-11:00,wide,Fri
2025-06-23,up,True,175,0.024630541871921183,1.9146482122260668,6,True,True,0.14285714285714285,0.31822660098522165,False,,False,False,,False,False,,False,False,False,False,True,False,True,0.40751173708920185,False,,,,253.75,0.7666666666666667,,0,True,False,False,False,False,Q3,<0.05R,12:00-13:30,wide,Mon
2025-06-24,up,True,10,0.03741496598639456,2.297709923664122,1,False,False,,1.5612244897959184,True,5.0,True,True,5.0,True,False,,False,False,False,False,False,False,True,1.7911392405063291,True,1.0,2.0,,73.5,0.016666666666666666,,1,True,True,True,True,False,Q3,<0.05R,10:30-11:00,narrowest,Tue
2025-06-25,down,True,35,0.08284023668639054,0.6841563786008231,2,False,True,0.10946745562130178,0.8905325443786982,True,5.0,True,False,,False,False,,False,False,False,False,False,False,True,-0.1319796954314721,True,1.0,0.011834319526627219,,84.5,0.06666666666666667,,2,True,True,False,False,False,Q1_weak,0.05-0.15R,11:00-12:00,narrowest,Wed
2025-06-26,up,True,0,0.05555555555555555,0.7613793103448276,1,False,False,,1.202020202020202,True,5.0,True,True,10.0,True,True,10.0,False,False,False,False,False,False,True,1.7,True,1.0,2.0,-1.0,99.0,0.11666666666666667,,3,True,True,True,False,False,Q1_weak,0.05-0.15R,10:30-11:00,narrowest,Thu
2025-06-27,down,True,235,0.13725490196078433,2.726176115802171,1,False,True,0.053475935828877004,0.6078431372549019,True,60.0,False,True,65.0,False,True,70.0,True,False,True,False,True,False,False,-1.0,True,-1.0,-1.0,0.5510204081632653,140.25,0.3,,4,True,True,False,False,False,Q4_strong,0.05-0.15R,after 13:30,narrow,Fri
2025-06-30,up,True,290,0.04,2.6100151745068283,1,True,True,0.10153846153846154,0.7292307692307692,True,5.0,True,True,15.0,True,False,,False,False,False,False,True,True,True,0.15384615384615385,True,1.0,0.24615384615384617,,81.25,0.05,,0,True,True,False,False,False,Q4_strong,<0.05R,after 13:30,narrowest,Mon
2025-07-01,down,True,0,0.10552763819095477,2.026431718061674,4,False,True,0.09045226130653267,1.550251256281407,True,5.0,True,False,,False,False,,False,False,False,False,True,True,True,1.4771784232365146,True,1.0,2.0,,99.5,0.15,,1,True,True,True,True,False,Q3,0.05-0.15R,10:30-11:00,narrowest,Tue
2025-07-02,up,True,0,0.022108843537414966,0.6848249027237354,7,False,True,0.141156462585034,0.3792517006802721,True,5.0,True,True,10.0,True,False,,False,False,False,False,True,False,True,0.5602605863192183,True,0.6292517006802721,0.6292517006802721,,147.0,0.36666666666666664,,2,True,False,False,False,False,Q1_weak,<0.05R,10:30-11:00,narrow,Wed
2025-07-07,down,True,25,0.06493506493506493,1.1289910600255426,2,False,True,0.016233766233766232,1.5681818181818181,True,5.0,True,True,10.0,True,True,60.0,True,False,True,False,True,False,True,-1.0,True,-1.0,-1.0,-1.0,77.0,0.05,,0,True,True,True,True,False,Q2,0.05-0.15R,10:30-11:00,narrowest,Mon
2025-07-08,up,True,110,0.037037037037037035,2.2457627118644066,3,True,True,0.2222222222222222,0.2037037037037037,True,10.0,False,True,10.0,True,True,45.0,True,False,True,False,True,False,False,-1.0,True,-1.0,-1.0,0.2033898305084746,94.5,0.13333333333333333,,1,False,False,False,False,False,Q3,<0.05R,12:00-13:30,narrowest,Tue
2025-07-09,down,True,10,0.0018656716417910447,1.784795321637427,1,False,True,0.061567164179104475,0.43470149253731344,True,5.0,True,True,45.0,True,True,205.0,True,False,True,False,True,False,False,-1.0,True,-1.0,-1.0,0.4664804469273743,134.0,0.36666666666666664,,2,True,False,False,False,False,Q3,<0.05R,10:30-11:00,narrow,Wed
2025-07-11,up,True,150,0.024734982332155476,0.5128205128205129,4,False,False,,0.12014134275618374,True,20.0,False,True,20.0,True,True,35.0,True,False,True,False,False,False,False,-1.0,True,-1.0,-1.0,0.34517766497461927,141.5,0.4,,4,False,False,False,False,False,Q1_weak,<0.05R,12:00-13:30,mid,Fri
2025-07-14,up,True,25,0.015306122448979591,0.7571839080459771,2,False,True,0.04591836734693878,0.5255102040816326,True,5.0,True,False,,False,False,,False,False,False,False,True,True,True,0.5643564356435643,True,1.0,0.6122448979591837,,147.0,0.44166666666666665,,0,True,True,False,False,False,Q1_weak,<0.05R,10:30-11:00,mid,Mon
2025-07-15,down,True,25,0.20537897310513448,1.636271529888551,2,False,True,0.14180929095354522,0.6894865525672371,True,5.0,True,True,10.0,True,True,30.0,True,False,True,False,True,False,True,-1.0,True,-1.0,-1.0,-1.0,102.25,0.21666666666666667,,1,True,True,False,False,False,Q3,0.15-0.30R,10:30-11:00,narrow,Tue
2025-07-16,down,True,45,0.055062166962699825,7.046450482033304,1,False,True,0.42451154529307283,0.8046181172291297,True,5.0,True,True,10.0,True,True,100.0,True,True,True,True,True,False,False,-1.0,True,1.0,-1.0,0.2080856123662307,140.75,0.4166666666666667,,2,True,True,False,False,False,Q4_strong,0.05-0.15R,11:00-12:00,mid,Wed
2025-07-16,up,False,310,0.023090586145648313,1.0485436893203883,2,True,True,0.07460035523978685,0.07460035523978685,True,5.0,False,True,10.0,True,False,,False,False,False,False,True,False,False,-0.24787775891341257,True,-0.21314387211367672,-0.21314387211367672,,140.75,0.4166666666666667,,2,False,False,False,False,False,Q2,<0.05R,after 13:30,mid,Wed
2025-07-17,up,True,15,0.15753424657534246,1.357308584686775,2,False,True,0.13470319634703196,0.954337899543379,False,,False,False,,False,False,,False,False,False,False,True,False,True,0.90625,False,,,,109.5,0.25,,3,True,True,False,False,False,Q2,0.15-0.30R,10:30-11:00,narrow,Thu
2025-07-18,down,True,150,0.010141987829614604,0.21875,2,False,False,,0.11967545638945233,True,5.0,False,True,5.0,True,True,10.0,False,False,False,False,False,False,False,-0.6520874751491054,True,-0.6450304259634888,-0.6450304259634888,0.676923076923077,123.25,0.31666666666666665,,4,False,False,False,False,False,Q1_weak,<0.05R,12:00-13:30,narrow,Fri
2025-07-21,up,True,180,0.009146341463414634,0.4990403071017274,2,False,False,,0.025914634146341462,True,5.0,False,True,5.0,True,True,5.0,True,False,True,False,False,False,False,-1.0,True,-1.0,-1.0,7.75,164.0,0.6333333333333333,,0,False,False,False,False,False,Q1_weak,<0.05R,12:00-13:30,wide,Mon
2025-07-23,up,True,210,0.057692307692307696,1.1416490486257929,2,False,True,0.06623931623931624,0.5213675213675214,False,,False,False,,False,False,,False,False,False,False,True,False,True,0.8275862068965517,False,,,,117.0,0.3,,2,True,True,False,False,False,Q2,0.05-0.15R,after 13:30,narrow,Wed
2025-07-24,up,True,160,0.09732360097323602,3.111111111111111,5,False,True,0.12165450121654502,0.22871046228710462,True,5.0,True,True,15.0,True,False,,False,False,False,False,True,False,False,-0.5580448065173116,True,-0.4720194647201946,-0.4720194647201946,,102.75,0.23333333333333334,,3,False,False,False,False,False,Q4_strong,0.05-0.15R,12:00-13:30,narrow,Thu
2025-07-25,up,True,55,0.0469208211143695,0.8678500986193294,4,False,False,,0.7038123167155426,True,5.0,True,True,10.0,True,False,,False,False,False,False,False,False,True,0.05361930294906166,True,1.0,0.15249266862170088,,85.25,0.13333333333333333,,4,True,True,False,False,False,Q1_weak,<0.05R,11:00-12:00,narrowest,Fri
2025-07-28,down,True,45,0.07782101167315175,4.5724907063197024,2,False,True,0.22568093385214008,0.4357976653696498,True,5.0,True,True,5.0,True,True,60.0,True,False,True,False,True,False,False,-1.0,True,-1.0,-1.0,-0.10204081632653061,64.25,0.016666666666666666,,0,True,False,False,False,False,Q4_strong,0.05-0.15R,11:00-12:00,narrowest,Mon
2025-07-29,down,True,20,0.10329670329670329,2.3686502177068216,3,False,True,0.11648351648351649,1.032967032967033,True,10.0,True,False,,False,False,,False,False,False,False,False,False,True,1.4863387978142077,True,1.0,2.0,,113.75,0.3333333333333333,,1,True,True,True,False,False,Q4_strong,0.05-0.15R,10:30-11:00,narrow,Tue
2025-07-30,up,True,20,0.08278145695364239,1.9357277882797732,1,False,False,,0.8377483443708609,True,5.0,True,True,5.0,True,True,5.0,True,True,True,True,False,False,False,-1.0,True,-1.0,-1.0,-1.0,75.5,0.06666666666666667,,2,True,True,False,False,False,Q3,0.05-0.15R,10:30-11:00,narrowest,Wed
2025-07-30,down,False,265,0.5033112582781457,6.212952799121845,3,True,True,0.7251655629139073,1.2483443708609272,True,15.0,False,True,55.0,False,False,,True,False,False,False,True,False,False,0.49504950495049505,True,1.0,-1.0,,75.5,0.06666666666666667,,2,True,True,True,False,False,Q4_strong,>0.30R,after 13:30,narrowest,Wed
2025-07-31,down,True,15,0.043782837127845885,0.9556786703601108,2,False,True,0.0595446584938704,2.12784588441331,True,5.0,True,False,,False,False,,False,False,False,False,True,True,True,1.7584541062801933,True,1.0,2.0,,142.75,0.5833333333333334,,3,True,True,True,True,True,Q2,<0.05R,10:30-11:00,wide,Thu
2025-08-04,up,True,105,0.019943019943019943,0.8390022675736961,1,False,False,,0.245014245014245,True,5.0,True,True,10.0,True,True,165.0,False,False,False,False,False,False,True,0.3178082191780822,True,0.37037037037037035,0.37037037037037035,-1.0,175.5,0.7666666666666667,,0,False,False,False,False,False,Q1_weak,<0.05R,12:00-13:30,wide,Mon
2025-08-05,down,True,0,0.07749077490774908,1.7566539923954372,1,False,True,0.26752767527675275,1.0940959409594095,False,,False,False,,False,False,,False,False,False,False,True,False,True,1.597444089456869,False,,,,135.5,0.5,,1,True,True,True,False,False,Q3,0.05-0.15R,10:30-11:00,mid,Tue
2025-08-06,up,True,35,0.03296703296703297,0.7265774378585086,1,False,True,0.023809523809523808,1.173992673992674,True,5.0,True,False,,False,False,,False,False,False,False,True,False,True,1.8144329896907216,True,1.0,2.0,,136.5,0.5166666666666667,,2,True,True,True,False,False,Q1_weak,<0.05R,11:00-12:00,mid,Wed
2025-08-07,down,True,25,0.033073929961089495,0.8546617915904935,3,False,False,,1.66147859922179,True,5.0,True,True,25.0,True,False,,False,False,False,False,False,False,True,1.813868613138686,True,1.0,2.0,,128.5,0.43333333333333335,,3,True,True,True,True,False,Q1_weak,<0.05R,10:30-11:00,mid,Thu
2025-08-08,up,True,0,0.06840390879478828,1.103448275862069,4,False,True,0.02768729641693811,0.26384364820846906,True,10.0,True,True,20.0,True,True,65.0,False,False,False,False,True,False,True,0.2349570200573066,True,0.40390879478827363,0.40390879478827363,-1.0,153.5,0.6833333333333333,,4,True,False,False,False,False,Q2,0.05-0.15R,10:30-11:00,wide,Fri
2025-08-11,up,True,95,0.3631123919308357,3.8793103448275867,6,False,True,0.17579250720461095,0.4265129682997118,True,30.0,False,True,35.0,True,True,90.0,True,True,True,True,True,False,False,-1.0,True,-1.0,-1.0,0.3235294117647059,86.75,0.18333333333333332,,0,True,False,False,False,False,Q4_strong,>0.30R,12:00-13:30,narrow,Mon
2025-08-11,down,False,230,0.040345821325648415,1.33587786259542,2,True,False,,1.07492795389049,True,5.0,True,True,5.0,True,True,15.0,False,False,False,False,False,False,True,1.776,True,1.0,2.0,-1.0,86.75,0.18333333333333332,,0,True,True,True,False,False,Q2,<0.05R,after 13:30,narrow,Mon
2025-08-12,up,True,35,0.009395973154362415,0.9475703324808185,5,False,True,0.08053691275167785,0.7610738255033557,False,,False,False,,False,False,,False,False,False,False,True,True,True,1.3122529644268774,False,,,,186.25,0.8166666666666667,,1,True,True,False,False,False,Q1_weak,<0.05R,11:00-12:00,widest,Tue
2025-08-13,down,True,30,0.09259259259259259,2.151670951156812,1,False,True,0.0823045267489712,0.5020576131687243,True,20.0,True,True,40.0,True,False,,False,False,False,False,True,False,True,-0.10069444444444445,True,1.0,0.06584362139917696,,121.5,0.4,,2,True,True,False,False,False,Q3,0.05-0.15R,10:30-11:00,mid,Wed
2025-08-14,up,True,0,0.10714285714285714,1.3945945945945946,2,False,True,0.052521008403361345,0.39915966386554624,True,25.0,False,True,25.0,True,True,40.0,True,False,True,False,True,False,False,-1.0,True,-1.0,-1.0,0.1993006993006993,119.0,0.38333333333333336,,3,True,False,False,False,False,Q2,0.05-0.15R,10:30-11:00,mid,Thu
2025-08-15,down,True,70,0.2024866785079929,2.583170254403131,2,False,True,0.13676731793960922,0.2539964476021314,True,5.0,False,True,5.0,True,True,70.0,True,False,True,False,True,False,False,-1.0,True,-1.0,-1.0,-0.08917197452229299,140.75,0.575,,4,True,False,False,False,False,Q4_strong,0.15-0.30R,11:00-12:00,wide,Fri
2025-08-19,down,True,5,0.1135593220338983,1.2348284960422165,1,False,True,0.006779661016949152,1.335593220338983,False,,False,False,,False,False,,False,False,False,False,True,True,True,1.4447513812154695,False,,,,147.5,0.6666666666666666,,1,True,True,True,False,False,Q2,0.05-0.15R,10:30-11:00,wide,Tue
2025-08-20,down,True,15,0.015603799185888738,0.3626943005181347,3,False,False,,0.0773405698778833,True,5.0,True,True,15.0,True,True,20.0,True,False,True,False,False,False,False,-1.0,True,-1.0,-1.0,2.28328611898017,368.5,1.0,,2,False,False,False,False,False,Q1_weak,<0.05R,10:30-11:00,widest,Wed
2025-08-21,down,True,160,0.007802340702210663,1.9039595619208087,1,False,True,0.0741222366710013,0.19245773732119636,True,5.0,True,True,20.0,True,True,25.0,True,False,True,False,True,False,False,-1.0,True,-1.0,-1.0,0.29180327868852457,192.25,0.8833333333333333,,3,False,False,False,False,False,Q3,<0.05R,12:00-13:30,widest,Thu
2025-08-22,up,True,30,0.0304093567251462,1.122509225092251,1,False,False,,0.03976608187134503,True,5.0,False,True,5.0,True,True,45.0,False,False,False,False,False,False,False,-0.3572216097023153,True,-0.31812865497076026,-0.31812865497076026,0.42857142857142855,427.5,1.0,,4,False,False,False,False,False,Q2,<0.05R,10:30-11:00,widest,Fri
2025-08-25,up,True,15,0.09129511677282377,2.324455205811138,1,False,False,,0.4692144373673036,True,5.0,True,True,5.0,True,True,310.0,True,False,True,False,False,False,False,-1.0,True,-1.0,-1.0,,117.75,0.38333333333333336,,0,True,False,False,False,False,Q3,0.05-0.15R,10:30-11:00,mid,Mon
2025-08-26,up,True,105,0.008264462809917356,0.4964539007092199,2,False,True,0.045454545454545456,0.4297520661157025,True,5.0,True,True,5.0,True,True,30.0,True,False,True,False,True,False,True,-1.0,True,-1.0,-1.0,-1.0,121.0,0.4166666666666667,,1,True,False,False,False,False,Q1_weak,<0.05R,12:00-13:30,mid,Tue
2025-08-27,up,True,5,0.04411764705882353,0.6553133514986377,3,False,False,,0.42857142857142855,True,5.0,True,True,5.0,True,True,25.0,True,False,True,False,False,False,True,-1.0,True,-1.0,-1.0,-1.0,119.0,0.4083333333333333,,2,True,False,False,False,False,Q1_weak,<0.05R,10:30-11:00,mid,Wed
2025-08-28,up,True,115,0.07511045655375552,1.7726798748696557,2,False,False,,0.36229749631811486,True,5.0,True,True,5.0,True,False,,False,False,False,False,False,False,True,0.1203585147247119,True,0.28865979381443296,0.28865979381443296,,169.75,0.8,,3,True,False,False,False,False,Q3,0.05-0.15R,12:00-13:30,wide,Thu
2025-08-29,down,True,160,0.035416666666666666,2.1485714285714286,1,False,False,,0.12708333333333333,True,10.0,False,True,10.0,True,True,35.0,False,False,False,False,False,False,False,-0.42023346303501946,True,-0.37916666666666665,-0.37916666666666665,0.31601731601731603,240.0,0.9,,4,False,False,False,False,False,Q3,<0.05R,12:00-13:30,widest,Fri
2025-09-03,up,True,0,0.029339853300733496,2.0324543610547665,1,False,True,0.10513447432762836,0.5183374083129584,True,5.0,True,True,50.0,False,True,55.0,True,True,True,True,True,False,False,-1.0,True,1.0,-1.0,0.5409429280397022,102.25,0.25833333333333336,,2,True,True,False,False,False,Q3,<0.05R,10:30-11:00,narrow,Wed
2025-09-03,down,False,205,0.05134474327628362,1.5836526181353767,2,True,True,0.10024449877750612,0.5061124694376528,True,95.0,False,True,95.0,False,True,105.0,True,False,True,False,True,False,False,-1.0,True,-1.0,-1.0,0.7070063694267515,102.25,0.25833333333333336,,2,True,True,False,False,False,Q3,0.05-0.15R,after 13:30,narrow,Wed
2025-09-04,up,True,80,0.023508137432188065,0.8695652173913043,3,False,True,0.0216998191681736,0.9547920433996383,True,5.0,True,True,5.0,True,True,35.0,False,False,False,False,True,False,True,1.5889464594127807,True,1.0,1.7106690777576854,-1.0,138.25,0.5666666666666667,,3,True,True,False,False,False,Q1_weak,<0.05R,11:00-12:00,mid,Thu
2025-09-05,down,True,5,0.04113345521023766,1.2042755344418052,10,False,False,,0.4515539305301645,True,5.0,True,True,15.0,True,False,,False,False,False,False,False,False,False,-0.4983108108108108,True,-0.4570383912248629,-0.4570383912248629,,273.5,0.95,,4,True,False,False,False,False,Q2,<0.05R,10:30-11:00,widest,Fri
2025-09-08,up,True,10,0.045454545454545456,0.46339017051153464,2,False,False,,0.11244019138755981,True,5.0,True,True,10.0,True,True,35.0,True,True,True,True,False,False,False,-1.0,True,-1.0,-1.0,1.9807692307692308,104.5,0.26666666666666666,,0,False,False,False,False,False,Q1_weak,<0.05R,10:30-11:00,narrow,Mon
2025-09-08,down,False,280,0.014354066985645933,2.8389830508474576,5,True,True,0.10287081339712918,0.11244019138755981,True,5.0,True,True,25.0,True,True,35.0,False,False,False,False,True,False,False,-0.6232558139534884,True,-0.6124401913875598,-0.6124401913875598,-0.14215686274509803,104.5,0.26666666666666666,,0,False,False,False,False,False,Q4_strong,<0.05R,after 13:30,narrow,Mon
2025-09-09,down,True,0,0.3562091503267974,4.404567699836868,2,False,True,0.49019607843137253,0.7222222222222222,True,20.0,False,True,20.0,False,True,100.0,True,True,True,True,True,False,False,-1.0,True,1.0,-1.0,0.4053333333333333,76.5,0.06666666666666667,,1,True,True,False,False,False,Q4_strong,>0.30R,10:30-11:00,narrowest,Tue
2025-09-09,up,False,300,0.013071895424836602,0.5013927576601671,4,True,True,0.016339869281045753,0.4215686274509804,True,5.0,True,True,5.0,True,False,,False,False,False,False,True,False,True,0.22929936305732485,True,0.26143790849673204,0.26143790849673204,,76.5,0.06666666666666667,,1,True,False,False,False,False,Q1_weak,<0.05R,after 13:30,narrowest,Tue
2025-09-10,down,True,170,0.02743142144638404,1.8679549114331722,3,False,True,0.12967581047381546,1.1496259351620948,True,15.0,True,True,25.0,True,False,,False,False,False,False,False,False,True,1.8439716312056738,True,1.0,2.0,,100.25,0.23333333333333334,,2,True,True,True,False,False,Q3,<0.05R,12:00-13:30,narrow,Wed
2025-09-11,up,True,5,0.08488063660477453,0.8449258836944127,2,False,True,0.259946949602122,0.44562334217506633,True,10.0,True,True,15.0,True,False,,False,False,False,False,True,False,True,-0.009070294784580499,True,0.15915119363395225,0.15915119363395225,,94.25,0.18333333333333332,,3,True,False,False,False,False,Q1_weak,0.05-0.15R,10:30-11:00,narrow,Thu
2025-09-12,up,True,0,0.05016722408026756,0.7540394973070018,4,False,True,0.05351170568561873,1.1070234113712374,True,10.0,True,False,,False,False,,False,False,False,False,True,False,True,1.7264437689969605,True,1.0,2.0,,74.75,0.05,,4,True,True,True,False,False,Q1_weak,0.05-0.15R,10:30-11:00,narrowest,Fri
2025-09-15,up,True,30,0.0026246719160104987,0.3245192307692308,3,False,True,0.007874015748031496,0.5118110236220472,True,5.0,True,True,5.0,True,False,,False,False,False,False,True,False,True,0.9399477806788512,True,1.0,0.9501312335958005,,95.25,0.23333333333333334,,0,True,True,False,False,False,Q1_weak,<0.05R,10:30-11:00,narrow,Mon
2025-09-16,down,True,30,0.05329153605015674,2.31044776119403,2,False,True,0.06269592476489028,0.26959247648902823,True,5.0,True,True,5.0,True,True,240.0,True,False,True,False,True,False,False,-1.0,True,-1.0,-1.0,-0.5073891625615764,79.75,0.11666666666666667,,1,True,False,False,False,False,Q3,0.05-0.15R,10:30-11:00,narrowest,Tue
2025-09-17,down,True,10,0.10501193317422435,1.5336463223787167,2,False,False,,1.8520286396181385,True,15.0,True,True,35.0,True,True,195.0,True,True,True,True,False,False,False,-1.0,True,1.0,-1.0,-1.0,104.75,0.38333333333333336,,2,True,True,True,True,False,Q2,0.05-0.15R,10:30-11:00,mid,Wed
2025-09-18,up,True,45,0.10276679841897234,1.7094017094017093,4,False,True,0.026350461133069828,0.14492753623188406,True,10.0,False,True,10.0,True,True,50.0,False,False,False,False,True,False,False,-0.9595628415300547,True,-0.9512516469038208,-0.9512516469038208,0.36127167630057805,189.75,0.8666666666666667,,3,False,False,False,False,False,Q3,0.05-0.15R,11:00-12:00,widest,Thu
2025-09-19,down,True,40,0.028125,0.644361833952912,3,False,False,,0.36875,True,5.0,True,True,5.0,True,True,40.0,True,True,True,True,False,False,False,-1.0,True,-1.0,-1.0,0.9295154185022027,80.0,0.11666666666666667,,4,True,False,False,False,False,Q1_weak,<0.05R,11:00-12:00,narrowest,Fri
2025-09-19,up,False,115,0.003125,0.8450704225352114,11,True,False,,0.88125,True,5.0,True,True,5.0,True,False,,False,False,False,False,False,False,True,1.062111801242236,True,1.0,1.075,,80.0,0.11666666666666667,,4,True,True,False,False,False,Q1_weak,<0.05R,12:00-13:30,narrowest,Fri
2025-09-22,up,True,5,0.02452316076294278,0.8925373134328358,1,False,True,0.04632152588555858,1.3215258855585832,True,40.0,True,True,55.0,True,False,,False,False,False,False,True,False,True,1.8597402597402597,True,1.0,2.0,,91.75,0.2,,0,True,True,True,False,False,Q1_weak,<0.05R,10:30-11:00,narrow,Mon
2025-09-23,down,True,95,0.09034267912772585,2.796116504854369,4,False,True,0.09345794392523364,1.8566978193146417,True,5.0,True,True,5.0,True,False,,False,False,False,False,True,False,True,1.5408970976253298,True,1.0,2.0,,80.25,0.13333333333333333,,1,True,True,True,True,False,Q4_strong,0.05-0.15R,12:00-13:30,narrowest,Tue
2025-09-24,down,True,40,0.054466230936819175,0.9478672985781991,1,False,False,,1.3725490196078431,True,5.0,True,True,5.0,True,True,5.0,False,False,False,False,False,False,True,1.7053045186640472,True,1.0,2.0,-1.0,114.75,0.43333333333333335,,2,True,True,True,False,False,Q1_weak,0.05-0.15R,11:00-12:00,mid,Wed
2025-09-25,up,True,15,0.059293044469783354,0.8388157894736843,1,False,False,,0.2508551881413911,True,5.0,True,True,5.0,True,True,5.0,True,False,True,False,False,False,False,-1.0,True,-1.0,-1.0,-1.0,219.25,0.8833333333333333,,3,True,False,False,False,False,Q1_weak,0.05-0.15R,10:30-11:00,widest,Thu
2025-09-29,down,True,80,0.021611001964636542,0.3343782654127482,2,False,False,,0.5324165029469549,True,5.0,True,True,5.0,True,False,,False,False,False,False,False,False,True,0.12429378531073447,True,1.0,0.17288801571709234,,127.25,0.5333333333333333,,0,True,True,False,False,False,Q1_weak,<0.05R,11:00-12:00,mid,Mon
2025-09-30,up,True,25,0.10344827586206896,0.5761056863871339,1,False,True,0.034482758620689655,0.7609195402298851,True,15.0,True,True,15.0,True,True,20.0,True,False,True,False,True,False,True,-1.0,True,-1.0,-1.0,-1.0,108.75,0.35,,1,True,True,False,False,False,Q1_weak,0.05-0.15R,10:30-11:00,narrow,Tue
2025-10-01,up,True,0,0.023952095808383235,0.48372093023255813,5,False,True,0.004491017964071856,0.8607784431137725,True,10.0,True,True,10.0,True,False,,False,False,False,False,True,False,True,1.3114285714285714,True,1.0,1.4221556886227544,,167.0,0.75,,2,True,True,False,False,False,Q1_weak,<0.05R,10:30-11:00,wide,Wed
2025-10-02,down,True,30,0.12258064516129032,1.4835164835164836,5,False,False,,0.13064516129032258,True,5.0,False,True,5.0,True,True,150.0,True,False,True,False,False,False,False,-1.0,True,-1.0,-1.0,0.2025974025974026,155.0,0.7166666666666667,,3,False,False,False,False,False,Q2,0.05-0.15R,10:30-11:00,wide,Thu
2025-10-03,down,True,165,0.03632478632478633,3.5789473684210527,1,False,True,0.004273504273504274,1.0918803418803418,True,5.0,True,False,,False,False,,False,False,False,False,True,True,True,1.796812749003984,True,1.0,2.0,,117.0,0.4083333333333333,,4,True,True,True,False,False,Q4_strong,<0.05R,12:00-13:30,mid,Fri
2025-10-06,up,True,170,0.03333333333333333,4.206185567010309,3,True,True,0.15,0.29523809523809524,True,5.0,True,True,5.0,True,True,155.0,False,False,False,False,True,False,False,-0.7321428571428571,True,-0.7142857142857143,-0.7142857142857143,,105.0,0.3333333333333333,,0,True,False,False,False,False,Q4_strong,<0.05R,12:00-13:30,narrow,Mon
2025-10-07,down,True,5,0.1615720524017467,2.7671840354767183,1,False,True,0.004366812227074236,3.890829694323144,True,5.0,True,False,,False,False,,False,False,False,False,False,False,True,1.2673267326732673,True,1.0,2.0,,57.25,0.016666666666666666,,1,True,True,True,True,True,Q4_strong,0.15-0.30R,10:30-11:00,narrowest,Tue
2025-10-08,up,True,55,0.03343949044585987,1.2189054726368158,2,False,True,0.028662420382165606,0.7213375796178344,True,5.0,True,False,,False,False,,False,False,False,False,True,True,True,1.1194029850746268,True,1.0,1.2611464968152866,,157.0,0.7333333333333333,,2,True,True,False,False,False,Q2,<0.05R,11:00-12:00,wide,Wed
2025-10-09,down,True,0,0.17679558011049723,1.6941176470588235,2,False,True,0.15469613259668508,0.9226519337016574,True,25.0,True,True,25.0,False,True,305.0,True,False,True,False,True,False,False,-1.0,True,1.0,-1.0,0.16052060737527116,90.5,0.2,,3,True,True,False,False,False,Q3,0.15-0.30R,10:30-11:00,narrow,Thu
2025-10-10,down,True,25,1.0476190476190477,10.843544857768052,2,False,True,1.417989417989418,9.621693121693122,False,,False,False,,False,False,,False,False,False,False,False,False,True,-0.03076923076923077,False,,,,94.5,0.25,,4,True,True,True,True,True,Q4_strong,>0.30R,10:30-11:00,narrow,Fri
2025-10-13,up,True,105,0.01455026455026455,0.7780013413816231,2,False,False,,0.2724867724867725,True,5.0,True,True,5.0,True,True,165.0,False,False,False,False,False,False,True,0.043701799485861184,True,0.07407407407407407,0.07407407407407407,-0.40268456375838924,189.0,0.8166666666666667,,0,True,False,False,False,False,Q1_weak,<0.05R,12:00-13:30,widest,Mon
2025-10-14,up,True,5,0.012335526315789474,0.6967648478995654,1,False,False,,0.7319078947368421,True,5.0,True,True,5.0,True,True,20.0,False,False,False,False,False,False,True,0.18298555377207062,True,1.0,0.21217105263157895,-1.0,304.0,0.9666666666666667,,1,True,True,False,False,False,Q1_weak,<0.05R,10:30-11:00,widest,Tue
2025-10-15,down,True,150,0.2138728323699422,3.1161048689138577,5,True,True,0.17109826589595376,1.0809248554913296,True,50.0,False,True,50.0,False,True,115.0,False,False,False,False,True,True,False,1.1012145748987854,True,-0.2543352601156069,-0.2543352601156069,-0.09836065573770492,216.25,0.8666666666666667,,2,True,True,True,False,False,Q4_strong,0.15-0.30R,12:00-13:30,widest,Wed
2025-10-16,up,True,5,0.0022371364653243847,0.809433962264151,2,False,True,0.10961968680089486,0.48322147651006714,True,5.0,True,True,20.0,True,True,50.0,True,True,True,True,True,False,False,-1.0,True,-1.0,-1.0,0.17553191489361702,111.75,0.4,,3,True,False,False,False,False,Q1_weak,<0.05R,10:30-11:00,mid,Thu
2025-10-16,down,False,70,0.14093959731543623,2.693096377306903,2,True,True,0.3087248322147651,3.3131991051454137,True,10.0,True,False,,False,False,,False,False,False,False,False,False,True,1.3403141361256545,True,1.0,2.0,,111.75,0.4,,3,True,True,True,True,True,Q4_strong,0.05-0.15R,11:00-12:00,mid,Thu
2025-10-17,up,True,215,0.023417172593235037,1.0584958217270195,2,False,True,0.08326105810928014,0.3295750216825672,True,5.0,True,False,,False,False,,False,False,False,False,True,False,True,0.14250207125103562,True,0.19601040763226366,0.19601040763226366,,288.25,0.9333333333333333,,4,True,False,False,False,False,Q2,<0.05R,after 13:30,widest,Fri
2025-10-20,up,True,5,0.013333333333333334,0.719600725952813,1,False,True,0.04296296296296296,0.42074074074074075,True,5.0,True,False,,False,False,,False,False,False,False,True,False,True,0.1673881673881674,True,0.1985185185185185,0.1985185185185185,,168.75,0.7166666666666667,,0,True,False,False,False,False,Q1_weak,<0.05R,10:30-11:00,wide,Mon
2025-10-21,up,True,75,0.04030226700251889,1.9854280510018216,2,True,True,0.15365239294710328,0.4433249370277078,True,65.0,True,True,65.0,True,True,75.0,True,False,True,False,True,False,False,-1.0,True,-1.0,-1.0,-0.277602523659306,99.25,0.25,,1,True,False,False,False,False,Q3,<0.05R,11:00-12:00,narrow,Tue
2025-10-22,down,True,5,0.12142857142857143,0.8139963167587477,4,False,False,,1.7685714285714285,True,5.0,True,True,15.0,True,False,,False,False,False,False,False,False,True,1.4137931034482758,True,1.0,2.0,,175.0,0.7333333333333333,,2,True,True,True,True,False,Q1_weak,0.05-0.15R,10:30-11:00,wide,Wed
2025-10-23,up,True,5,0.03872752420470263,1.0225856697819313,2,False,False,,0.598893499308437,True,5.0,True,True,5.0,True,True,65.0,False,False,False,False,False,False,True,0.6803594351732991,True,1.0,0.8105117565698479,-1.0,180.75,0.75,,3,True,True,False,False,False,Q2,<0.05R,10:30-11:00,wide,Thu
2025-10-24,up,True,140,0.029411764705882353,0.4718693284936479,2,False,True,0.07563025210084033,0.18487394957983194,True,5.0,True,True,20.0,True,True,185.0,False,False,False,False,True,False,False,-0.6785714285714286,True,-0.6596638655462185,-0.6596638655462185,,119.0,0.43333333333333335,,4,False,False,False,False,False,Q1_weak,<0.05R,12:00-13:30,mid,Fri
2025-10-27,up,True,5,0.07255520504731862,0.8080438756855576,4,False,True,0.022082018927444796,1.3312302839116719,True,10.0,True,True,10.0,True,False,,False,False,False,False,True,False,True,1.6198347107438016,True,1.0,2.0,,79.25,0.06666666666666667,,0,True,True,True,False,False,Q1_weak,0.05-0.15R,10:30-11:00,narrowest,Mon
2025-10-28,down,True,5,0.03065134099616858,0.5954198473282443,5,False,False,,0.36015325670498083,True,5.0,True,True,10.0,True,True,90.0,True,True,True,True,False,False,False,-1.0,True,-1.0,-1.0,0.11635220125786164,65.25,0.03333333333333333,,1,True,False,False,False,False,Q1_weak,<0.05R,10:30-11:00,narrowest,Tue
2025-10-28,up,False,120,0.21839080459770116,1.8406593406593408,4,True,True,0.03065134099616858,2.0957854406130267,True,5.0,True,False,,False,False,,False,False,False,False,True,False,True,1.088,True,1.0,2.0,,65.25,0.03333333333333333,,1,True,True,True,True,True,Q3,0.15-0.30R,12:00-13:30,narrowest,Tue
2025-10-29,down,True,55,0.020905923344947737,1.7380660954712361,1,False,True,0.0627177700348432,2.8641114982578397,True,5.0,True,True,85.0,False,True,270.0,False,False,False,False,True,True,False,1.879598662207358,True,1.0,2.0,,71.75,0.05,,2,True,True,True,True,True,Q3,<0.05R,11:00-12:00,narrowest,Wed
2025-10-30,down,True,285,0.006243496357960458,0.8172531214528945,5,False,True,0.03329864724245578,0.3048907388137357,True,15.0,True,False,,False,False,,False,False,False,False,True,False,True,0.5652620760534429,True,0.5848074921956296,0.5848074921956296,,240.25,0.9,,3,True,False,False,False,False,Q1_weak,<0.05R,after 13:30,widest,Thu
2025-10-31,down,True,85,0.05555555555555555,1.8683996750609262,1,False,True,0.021505376344086023,1.2275985663082438,True,205.0,False,True,205.0,False,True,210.0,False,False,False,False,True,False,True,1.7,True,0.96415770609319,0.96415770609319,-0.47275031685678076,139.5,0.5833333333333334,,4,True,True,True,False,False,Q3,0.05-0.15R,11:00-12:00,wide,Fri
2025-11-03,down,True,0,0.008583690987124463,0.6925638179800222,4,False,True,0.15879828326180256,0.07510729613733906,True,5.0,True,True,5.0,True,True,100.0,True,False,True,False,True,False,False,-1.0,True,-1.0,-1.0,-0.18843683083511778,233.0,0.8666666666666667,,0,False,False,False,False,False,Q1_weak,<0.05R,10:30-11:00,widest,Mon
2025-11-04,down,True,105,0.03470715835140998,3.3949579831932772,5,False,False,,0.5162689804772235,True,5.0,True,True,5.0,True,False,,False,False,False,False,False,False,True,0.6247464503042597,True,1.0,0.737527114967462,,230.5,0.85,,1,True,True,False,False,False,Q4_strong,<0.05R,12:00-13:30,widest,Tue
2025-11-05,up,True,25,0.005422993492407809,0.6263157894736842,1,False,False,,0.7006507592190889,True,5.0,True,True,5.0,True,True,15.0,False,False,False,False,False,False,True,0.18240343347639484,True,1.0,0.19522776572668113,-1.0,230.5,0.8416666666666667,,2,True,True,False,False,False,Q1_weak,<0.05R,10:30-11:00,widest,Wed
2025-11-06,down,True,5,0.1537777777777778,2.096774193548387,3,False,True,0.22844444444444445,0.7351111111111112,True,210.0,False,True,230.0,False,False,,False,False,False,False,True,False,True,0.5601631543167913,True,1.0,1.04,,281.25,0.9333333333333333,,3,True,True,False,False,False,Q3,0.15-0.30R,10:30-11:00,widest,Thu
2025-11-07,down,True,10,0.05240174672489083,0.438821752265861,3,False,True,0.010917030567685589,0.7543668122270742,True,5.0,True,True,160.0,False,True,230.0,True,True,True,True,True,False,False,-1.0,True,1.0,-1.0,0.36417657045840407,229.0,0.8,,4,True,True,False,False,False,Q1_weak,0.05-0.15R,10:30-11:00,wide,Fri
2025-11-07,up,False,265,0.010917030567685589,0.6781545302946081,2,True,False,,0.27074235807860264,True,5.0,True,True,5.0,True,True,20.0,False,False,False,False,False,False,True,0.4337606837606838,True,0.4650655021834061,0.4650655021834061,-1.0,229.0,0.8,,4,True,False,False,False,False,Q1_weak,<0.05R,after 13:30,wide,Fri
2025-11-10,down,True,25,0.008849557522123894,1.8591549295774648,5,False,True,0.27964601769911507,0.5185840707964602,True,5.0,True,True,65.0,False,True,155.0,True,True,True,True,True,False,False,-1.0,True,1.0,-1.0,0.06056860321384425,141.25,0.55,,0,True,True,False,False,False,Q3,<0.05R,10:30-11:00,mid,Mon
2025-11-10,up,False,185,0.01415929203539823,0.9658617818484596,2,True,False,,0.6654867256637168,True,5.0,True,True,20.0,True,False,,False,False,False,False,False,False,True,0.612736660929432,True,1.0,0.6584070796460177,,141.25,0.55,,0,True,True,False,False,False,Q2,<0.05R,after 13:30,mid,Mon
2025-11-11,down,True,0,0.1456953642384106,1.5397667020148462,2,False,True,0.0706401766004415,0.47902869757174393,True,10.0,True,True,10.0,True,True,50.0,True,True,True,True,True,False,False,-1.0,True,-1.0,-1.0,-1.0,113.25,0.38333333333333336,,1,True,False,False,False,False,Q3,0.05-0.15R,10:30-11:00,mid,Tue
2025-11-11,up,False,165,0.10154525386313466,2.4970828471411903,2,True,False,,0.44370860927152317,True,5.0,True,True,10.0,True,False,,False,False,False,False,False,False,True,-0.15412844036697249,True,0.017660044150110375,0.017660044150110375,,113.25,0.38333333333333336,,1,True,False,False,False,False,Q4_strong,0.05-0.15R,12:00-13:30,mid,Tue
2025-11-12,down,True,20,0.05701254275940707,0.7623172712506767,2,False,False,,0.33181299885974913,True,5.0,True,True,35.0,True,True,105.0,False,False,False,False,False,False,False,-0.6243602865916069,True,-0.5815279361459521,-0.5815279361459521,0.128099173553719,219.25,0.775,,2,True,False,False,False,False,Q1_weak,0.05-0.15R,10:30-11:00,wide,Wed
2025-11-13,down,True,15,0.17700112739571588,1.2734157034675169,2,False,True,0.17700112739571588,1.2525366403607667,False,,False,False,,False,False,,False,False,False,False,False,False,True,1.215653621981682,False,,,,221.75,0.8,,3,True,True,True,False,False,Q2,0.15-0.30R,10:30-11:00,wide,Thu
2025-11-14,up,True,5,0.11677018633540373,1.3802083333333333,1,False,True,0.07577639751552795,0.6577639751552795,False,,False,False,,False,False,,False,False,False,False,True,True,True,0.11983887210473314,False,,,,402.5,0.9833333333333333,,4,True,True,False,False,False,Q2,0.05-0.15R,10:30-11:00,widest,Fri
2025-11-17,down,True,205,0.19983277591973245,3.9166666666666665,2,False,True,0.17642140468227424,0.7466555183946488,False,,False,False,,False,False,,False,False,False,False,False,False,True,0.03345280764635603,False,,,,299.0,0.9666666666666667,,0,True,True,False,False,False,Q4_strong,0.15-0.30R,after 13:30,widest,Mon
2025-11-18,down,True,30,0.03109452736318408,1.1471610660486673,2,False,False,,0.13370646766169153,True,5.0,False,True,5.0,True,True,5.0,True,False,True,False,False,False,False,-1.0,True,-1.0,-1.0,0.5784499054820416,402.0,0.9833333333333333,,1,False,False,False,False,False,Q2,<0.05R,10:30-11:00,widest,Tue
2025-11-19,down,True,120,0.0018050541516245488,2.7391058290888513,1,False,True,0.019253910950661854,0.15764139590854392,True,5.0,True,True,10.0,True,True,20.0,True,False,True,False,True,False,False,-1.0,True,-1.0,-1.0,0.6673040152963671,415.5,1.0,,2,False,False,False,False,False,Q4_strong,<0.05R,12:00-13:30,widest,Wed
2025-11-20,down,True,30,0.3073170731707317,2.5657015590200447,4,True,True,0.3252032520325203,6.816260162601626,False,,False,False,,False,False,,False,False,False,False,True,True,True,0.8580060422960725,False,,,,153.75,0.5166666666666667,,3,True,True,True,True,True,Q4_strong,>0.30R,10:30-11:00,mid,Thu
2025-11-21,down,True,0,0.018467220683287166,0.4897959183673469,2,False,True,0.01569713758079409,0.36934441366574333,True,10.0,False,True,10.0,True,True,55.0,True,True,True,True,True,False,False,-1.0,True,-1.0,-1.0,0.4919517102615694,270.75,0.8666666666666667,,4,True,False,False,False,False,Q1_weak,<0.05R,10:30-11:00,widest,Fri
2025-11-21,up,False,85,0.2742382271468144,2.056419720537833,5,True,True,0.06925207756232687,1.1015697137580793,True,65.0,True,True,65.0,True,False,,False,False,False,False,True,False,True,0.9373881932021467,True,1.0,2.0,,270.75,0.8666666666666667,,4,True,True,True,False,False,Q3,0.15-0.30R,11:00-12:00,widest,Fri
2025-11-24,up,True,5,0.08893280632411067,0.8762506582411796,4,False,True,0.06225296442687747,0.8843873517786561,True,20.0,True,False,,False,False,,False,False,False,False,True,True,True,0.959731543624161,True,1.0,1.308300395256917,,253.0,0.8333333333333334,,0,True,True,False,False,False,Q1_weak,0.05-0.15R,10:30-11:00,widest,Mon
2025-11-25,up,True,80,0.06486486486486487,1.9542619542619541,1,False,True,0.05855855855855856,0.9216216216216216,False,,False,False,,False,False,,False,False,False,False,True,True,True,1.164274322169059,False,,,,277.5,0.8833333333333333,,1,True,True,False,False,False,Q3,0.05-0.15R,11:00-12:00,widest,Tue
2025-11-26,up,True,30,0.07679180887372014,0.9092884302009778,3,False,True,0.12286689419795221,0.6535836177474402,False,,False,False,,False,False,,False,False,False,False,True,True,True,0.05917159763313609,False,,,,146.5,0.5,,2,True,True,False,False,False,Q1_weak,0.05-0.15R,10:30-11:00,mid,Wed
2025-12-01,up,True,20,0.11543810848400557,2.618181818181818,2,False,True,0.2573018080667594,0.5938803894297635,True,15.0,True,True,15.0,True,False,,False,False,False,False,True,True,True,-0.06779661016949153,True,1.0,0.1474269819193324,,179.75,0.6,,0,True,True,False,False,False,Q4_strong,0.05-0.15R,10:30-11:00,wide,Mon
2025-12-02,down,True,50,0.047683923705722074,3.152941176470588,6,True,True,0.164850136239782,0.30926430517711173,True,5.0,True,True,15.0,True,False,,True,False,False,False,True,False,False,-1.0,True,-1.0,-1.0,,183.5,0.6333333333333333,,1,True,False,False,False,False,Q4_strong,<0.05R,11:00-12:00,wide,Tue
2025-12-03,up,True,0,0.02249134948096886,2.2569832402234637,1,False,False,,0.7664359861591695,True,5.0,True,True,5.0,True,False,,False,False,False,False,False,False,True,1.0562913907284768,True,1.0,1.1487889273356402,,144.5,0.4666666666666667,,2,True,True,False,False,False,Q3,<0.05R,10:30-11:00,mid,Wed
2025-12-04,down,True,230,0.04415584415584416,3.2019704433497536,3,False,True,0.18051948051948052,0.16493506493506493,True,5.0,False,True,5.0,True,True,95.0,True,False,True,False,True,False,False,-1.0,True,-1.0,-1.0,,192.5,0.6666666666666666,,3,False,False,False,False,False,Q4_strong,<0.05R,after 13:30,wide,Thu
2025-12-08,down,True,30,0.06625766871165645,1.063699155794321,3,False,True,0.001226993865030675,0.452760736196319,True,10.0,True,True,20.0,True,False,,False,False,False,False,True,False,False,-0.218851570964247,True,-0.11533742331288344,-0.11533742331288344,,203.75,0.6666666666666666,,0,True,False,False,False,False,Q2,0.05-0.15R,10:30-11:00,wide,Mon
2025-12-09,up,True,10,0.09090909090909091,1.976470588235294,1,False,True,0.015909090909090907,0.5977272727272728,True,5.0,True,True,5.0,True,True,5.0,False,False,False,False,True,False,True,0.35384615384615387,True,1.0,0.6,-1.0,110.0,0.26666666666666666,,1,True,True,False,False,False,Q3,0.05-0.15R,10:30-11:00,narrow,Tue
2025-12-10,down,True,25,0.0023752969121140144,0.38955087076076994,2,False,True,0.030878859857482184,0.36342042755344417,True,5.0,True,True,10.0,True,True,20.0,True,True,True,True,True,False,False,-1.0,True,-1.0,-1.0,0.3195402298850575,105.25,0.23333333333333334,,2,True,False,False,False,False,Q1_weak,<0.05R,10:30-11:00,narrow,Wed
2025-12-10,up,False,215,0.4584323040380047,5.110047846889952,3,True,True,0.28028503562945367,1.8859857482185274,True,15.0,True,True,15.0,False,False,,True,False,False,False,True,True,True,0.5650557620817844,True,1.0,2.0,,105.25,0.23333333333333334,,2,True,True,True,True,False,Q4_strong,>0.30R,after 13:30,narrow,Wed
2025-12-11,up,True,185,0.052884615384615384,2.6539462272333045,2,False,True,0.12596153846153846,0.27884615384615385,True,15.0,True,True,15.0,True,False,,False,False,False,False,True,False,True,0.35304347826086957,True,0.49615384615384617,0.49615384615384617,,260.0,0.85,,3,True,False,False,False,False,Q4_strong,0.05-0.15R,after 13:30,widest,Thu
2025-12-12,down,True,25,0.24466338259441708,2.5810008481764206,2,False,True,0.17323481116584566,0.6469622331691297,True,135.0,False,True,135.0,False,False,,False,False,False,False,True,False,True,0.13671444321940462,True,1.0,0.6929392446633826,,304.5,0.95,,4,True,True,False,False,False,Q4_strong,0.15-0.30R,10:30-11:00,widest,Fri
2025-12-16,up,True,305,0.05537459283387622,1.3914265635980323,5,True,True,0.09011943539630836,0.15200868621064062,True,5.0,True,True,10.0,True,False,,False,False,False,False,True,False,False,-0.3870967741935484,True,-0.31921824104234525,-0.31921824104234525,,230.25,0.7166666666666667,,1,False,False,False,False,False,Q2,0.05-0.15R,after 13:30,wide,Tue
2025-12-17,down,True,5,0.26328800988875156,2.435158501440922,2,False,True,0.207663782447466,1.76885043263288,False,,False,False,,False,False,,False,False,False,False,False,False,True,0.9651821862348178,False,,,,202.25,0.5833333333333334,,2,True,True,True,True,False,Q4_strong,0.15-0.30R,10:30-11:00,wide,Wed
2025-12-18,up,True,0,0.1501416430594901,1.2538461538461538,3,False,True,0.1388101983002833,0.4235127478753541,True,95.0,False,True,95.0,True,False,,True,False,False,False,True,False,False,-1.0,True,-1.0,-1.0,,176.5,0.4666666666666667,,3,True,False,False,False,False,Q2,0.15-0.30R,10:30-11:00,mid,Thu
2025-12-22,down,True,5,0.19183673469387755,1.2023809523809523,3,False,True,0.0836734693877551,0.36122448979591837,True,5.0,False,True,5.0,True,True,35.0,False,False,False,False,True,False,False,-0.46607669616519176,True,-0.2612244897959184,-0.2612244897959184,-0.23003194888178913,122.5,0.26666666666666666,,0,True,False,False,False,False,Q2,0.15-0.30R,10:30-11:00,narrow,Mon
2025-12-23,up,True,70,0.0040650406504065045,1.1682242990654206,1,False,True,0.06910569105691057,0.5630081300813008,True,5.0,True,False,,False,False,,False,False,False,False,True,True,True,0.9596774193548387,True,1.0,0.975609756097561,,123.0,0.2833333333333333,,1,True,True,False,False,False,Q2,<0.05R,11:00-12:00,narrow,Tue
2025-12-29,down,True,115,0.022257551669316374,1.7679558011049723,5,False,False,,0.08744038155802862,True,5.0,False,True,5.0,True,True,25.0,True,False,True,False,False,False,False,-1.0,True,-1.0,-1.0,0.7630331753554502,157.25,0.4166666666666667,,0,False,False,False,False,False,Q3,<0.05R,12:00-13:30,mid,Mon
2025-12-30,up,True,50,0.07462686567164178,1.2236710130391173,3,False,True,0.03731343283582089,0.1890547263681592,True,5.0,False,True,5.0,True,True,15.0,True,True,True,True,True,False,False,-1.0,True,-1.0,-1.0,1.39,100.5,0.13333333333333333,,1,False,False,False,False,False,Q2,0.05-0.15R,11:00-12:00,narrowest,Tue
2025-12-31,down,True,20,0.010080645161290322,1.5766423357664234,2,False,True,0.05443548387096774,0.9959677419354839,True,5.0,True,True,25.0,True,True,35.0,True,False,True,False,True,False,True,-1.0,True,-1.0,-1.0,-1.0,124.0,0.31666666666666665,,2,True,True,False,False,False,Q3,<0.05R,10:30-11:00,narrow,Wed
2026-01-02,down,True,25,0.23737373737373738,2.8436363636363637,3,False,True,0.18253968253968253,0.5541125541125541,False,,False,False,,False,False,,False,False,False,False,True,False,True,-0.0410958904109589,False,,,,346.5,0.9333333333333333,,4,True,True,False,False,False,Q4_strong,0.15-0.30R,10:30-11:00,widest,Fri
2026-01-05,up,True,0,0.0068846815834767644,0.5472312703583062,4,False,True,0.0189328743545611,0.16695352839931152,True,5.0,True,True,5.0,True,True,110.0,True,False,True,False,True,False,False,-1.0,True,-1.0,-1.0,0.5849673202614379,145.25,0.35,,0,False,False,False,False,False,Q1_weak,<0.05R,10:30-11:00,narrow,Mon
2026-01-06,up,True,190,0.027777777777777776,2.4715909090909087,2,False,True,0.07602339181286549,0.3435672514619883,False,,False,False,,False,False,,False,False,False,False,True,False,True,0.3296398891966759,False,,,,171.0,0.43333333333333335,,1,True,False,False,False,False,Q4_strong,<0.05R,after 13:30,mid,Tue
2026-01-07,up,True,0,0.022935779816513763,1.2712680577849118,3,False,True,0.17660550458715596,1.06651376146789,True,5.0,True,True,5.0,True,True,305.0,True,False,True,False,True,False,False,-1.0,True,-1.0,-1.0,-0.0746054519368723,109.0,0.16666666666666666,,2,True,True,True,False,False,Q2,<0.05R,10:30-11:00,narrowest,Wed
2026-01-09,up,True,0,0.0163098878695209,0.2497522299306244,5,False,True,0.06829765545361875,0.508664627930683,True,5.0,True,True,5.0,True,False,,False,False,False,False,True,False,True,0.5409674234945706,True,1.0,0.5912334352701325,,245.25,0.7666666666666667,,4,True,True,False,False,False,Q1_weak,<0.05R,10:30-11:00,wide,Fri
2026-01-12,up,True,40,0.06973684210526315,1.119157340355497,2,False,True,0.07763157894736843,0.45789473684210524,True,10.0,True,True,30.0,True,False,,False,False,False,False,True,False,True,0.050808314087759814,True,0.19736842105263158,0.19736842105263158,,190.0,0.5,,0,True,False,False,False,False,Q2,0.05-0.15R,11:00-12:00,mid,Mon
2026-01-14,down,True,15,0.18286814244465832,1.8048289738430585,2,False,True,0.19345524542829645,0.4225216554379211,True,15.0,True,True,15.0,True,True,290.0,False,False,False,False,True,False,False,-0.8653981677237491,True,-0.8161693936477382,-0.8161693936477382,0.04353083434099154,259.75,0.8,,2,True,False,False,False,False,Q3,0.15-0.30R,10:30-11:00,wide,Wed
2026-01-15,down,True,15,0.16404494382022472,1.3190661478599222,3,False,True,0.2876404494382023,1.4831460674157304,True,5.0,True,True,10.0,True,True,15.0,True,False,True,False,True,False,True,-1.0,True,-1.0,-1.0,-1.0,111.25,0.16666666666666666,,3,True,True,True,False,False,Q2,0.15-0.30R,10:30-11:00,narrowest,Thu
2026-01-16,down,True,0,0.025302530253025302,0.3610916724982505,2,False,True,0.050605060506050605,0.3179317931793179,True,25.0,False,True,25.0,True,True,70.0,False,False,False,False,True,False,False,-0.22198952879581152,True,-0.18261826182618263,-0.18261826182618263,-0.3641025641025641,227.25,0.6166666666666667,,4,True,False,False,False,False,Q1_weak,<0.05R,10:30-11:00,wide,Fri
2026-01-20,up,True,0,0.12430426716141002,0.634777715250422,3,False,False,,0.45454545454545453,True,5.0,True,True,15.0,True,True,170.0,True,True,True,True,False,False,False,-1.0,True,-1.0,-1.0,0.12482065997130559,134.75,0.26666666666666666,,1,True,False,False,False,False,Q1_weak,0.05-0.15R,10:30-11:00,narrow,Tue
2026-01-20,down,False,180,0.04638218923933209,1.3061224489795917,4,True,True,0.04638218923933209,1.007421150278293,True,5.0,True,False,,False,False,,False,False,False,False,False,False,True,1.7453310696095077,True,1.0,2.0,,134.75,0.26666666666666666,,1,True,True,True,False,False,Q2,<0.05R,12:00-13:30,narrow,Tue
2026-01-21,up,True,0,0.09643201542912247,1.4445497630331752,5,False,True,0.085824493731919,1.0289296046287368,True,65.0,True,True,65.0,True,True,70.0,True,False,True,False,True,False,True,-1.0,True,-1.0,-1.0,-1.0,259.25,0.8,,2,True,True,True,False,False,Q2,0.05-0.15R,10:30-11:00,wide,Wed
2026-01-23,up,True,0,0.043532338308457715,1.0142259414225943,1,False,True,0.05721393034825871,0.4092039800995025,True,60.0,False,True,130.0,True,True,130.0,False,False,False,False,True,False,False,-0.33638443935926776,True,-0.27860696517412936,-0.27860696517412936,-0.047516198704103674,201.0,0.5166666666666667,,4,True,False,False,False,False,Q2,<0.05R,10:30-11:00,mid,Fri
2026-01-26,up,True,20,0.006858710562414266,0.8851063829787233,2,False,True,0.013717421124828532,0.27434842249657065,True,5.0,True,True,5.0,True,False,,False,False,False,False,True,False,False,-0.462787550744249,True,-0.4554183813443073,-0.4554183813443073,,182.25,0.4166666666666667,,0,True,False,False,False,False,Q1_weak,<0.05R,10:30-11:00,mid,Mon
2026-01-27,up,True,5,0.0380952380952381,0.35546875,2,False,True,0.08095238095238096,0.2507936507936508,True,15.0,True,True,15.0,True,False,,False,False,False,False,True,False,True,-0.05604719764011799,True,0.015873015873015872,0.015873015873015872,,157.5,0.35,,1,True,False,False,False,False,Q1_weak,<0.05R,10:30-11:00,narrow,Tue
2026-01-28,down,True,0,0.09635416666666667,1.2815533980582525,2,False,False,,1.0859375,True,5.0,True,True,5.0,True,False,,False,False,False,False,False,False,True,1.51528384279476,True,1.0,2.0,,96.0,0.03333333333333333,,2,True,True,True,False,False,Q2,0.05-0.15R,10:30-11:00,narrowest,Wed
2026-01-29,down,True,0,0.042692939244663386,0.7198027937551356,2,False,True,0.052545155993431854,0.39901477832512317,True,70.0,False,True,90.0,True,True,100.0,True,False,True,False,True,False,False,-1.0,True,-1.0,-1.0,0.7286527514231499,456.75,1.0,,3,True,False,False,False,False,Q1_weak,<0.05R,10:30-11:00,widest,Thu
2026-01-30,down,True,45,0.021775544388609715,1.622590766472434,1,False,True,0.1390284757118928,1.4874371859296482,True,5.0,True,True,10.0,True,True,25.0,False,False,False,False,True,False,True,1.8747993579454254,True,1.0,2.0,-1.0,149.25,0.3,,4,True,True,True,False,False,Q3,<0.05R,11:00-12:00,narrow,Fri
2026-02-02,up,True,90,0.022818791946308724,1.6415662650602407,3,False,True,0.020134228187919462,0.1,True,5.0,True,True,10.0,True,True,175.0,False,False,False,False,True,False,False,-0.3299101412066752,True,-0.2993288590604027,-0.2993288590604027,-0.09268292682926829,372.5,0.9166666666666666,,0,False,False,False,False,False,Q3,<0.05R,11:00-12:00,widest,Mon
2026-02-03,down,True,100,0.10580912863070539,3.7955271565495208,1,False,True,0.026970954356846474,0.5212655601659751,False,,False,False,,False,False,,False,False,False,False,False,False,True,-0.0898972602739726,False,,,,482.0,1.0,,1,True,True,False,False,False,Q4_strong,0.05-0.15R,12:00-13:30,widest,Tue
2026-02-04,down,True,30,0.125,1.7859594383775352,2,False,True,0.08599290780141844,1.150709219858156,True,10.0,True,True,10.0,True,False,,False,False,False,False,True,False,True,1.4,True,1.0,2.0,,282.0,0.8333333333333334,,2,True,True,True,False,False,Q3,0.05-0.15R,10:30-11:00,widest,Wed
2026-02-06,up,True,40,0.06619593998234775,0.6190777005685407,4,False,True,0.05030891438658429,0.8402471315092674,True,5.0,True,False,,False,False,,False,False,False,False,False,False,True,0.8978955572876072,True,1.0,1.1491615180935568,,283.25,0.8166666666666667,,4,True,True,False,False,False,Q1_weak,0.05-0.15R,11:00-12:00,widest,Fri
2026-02-09,up,True,10,0.035175879396984924,0.5572139303482587,3,False,True,0.03768844221105527,0.585427135678392,False,,False,False,,False,False,,False,False,False,False,True,True,True,0.458528951486698,False,,,,298.5,0.8166666666666667,,0,True,True,False,False,False,Q1_weak,<0.05R,10:30-11:00,widest,Mon
2026-02-10,down,True,280,0.022193211488250653,1.595505617977528,3,False,False,,0.3002610966057441,True,5.0,True,True,5.0,True,False,,False,False,False,False,False,False,True,0.3175,True,0.37597911227154046,0.37597911227154046,,191.5,0.43333333333333335,,1,True,False,False,False,False,Q3,<0.05R,after 13:30,mid,Tue
2026-02-12,down,True,5,0.16049382716049382,1.5029900332225914,2,False,True,0.15937149270482603,2.0123456790123457,False,,False,False,,False,False,,False,False,False,False,False,False,True,1.2710280373831775,False,,,,222.75,0.55,,3,True,True,True,True,True,Q2,0.15-0.30R,10:30-11:00,mid,Thu
2026-02-13,up,True,0,0.1268209083119109,1.4029850746268657,3,False,True,0.12510711225364182,0.4284490145672665,True,5.0,True,True,5.0,True,True,15.0,True,False,True,False,True,False,False,-1.0,True,-1.0,-1.0,-1.0,291.75,0.7833333333333333,,4,True,False,False,False,False,Q2,0.05-0.15R,10:30-11:00,wide,Fri
2026-02-17,down,True,5,0.014144271570014143,0.11422902494331066,4,False,False,,0.019801980198019802,True,5.0,False,True,5.0,True,True,25.0,True,True,True,True,False,False,False,-1.0,True,-1.0,-1.0,0.8346055979643766,353.5,0.8666666666666667,,1,False,False,False,False,False,Q1_weak,<0.05R,10:30-11:00,widest,Tue
2026-02-17,up,False,185,0.009900990099009901,1.1116389548693586,4,True,True,0.038896746817538894,0.20933521923620935,True,5.0,True,True,80.0,True,False,,False,False,False,False,True,False,False,-0.23439667128987518,True,-0.21923620933521923,-0.21923620933521923,,353.5,0.8666666666666667,,1,False,False,False,False,False,Q2,<0.05R,after 13:30,widest,Tue
2026-02-18,up,True,20,0.03260869565217391,0.36293436293436293,4,False,False,,0.16847826086956522,True,60.0,True,True,60.0,True,True,180.0,True,False,True,False,False,False,False,-1.0,True,-1.0,-1.0,0.6108490566037735,322.0,0.8333333333333334,,2,False,False,False,False,False,Q1_weak,<0.05R,10:30-11:00,widest,Wed
2026-02-19,down,True,245,0.014211886304909561,3.179856115107914,1,True,True,0.0917312661498708,0.059431524547803614,True,5.0,True,True,5.0,True,True,70.0,True,False,True,False,True,False,False,-1.0,True,-1.0,-1.0,0.37846153846153846,193.5,0.45,,3,False,False,False,False,False,Q4_strong,<0.05R,after 13:30,mid,Thu
2026-02-20,up,True,20,0.0754017305315204,0.8703170028818443,4,False,False,,0.13967861557478367,True,20.0,False,True,20.0,True,True,85.0,True,False,True,False,False,False,False,-1.0,True,-1.0,-1.0,-0.6956521739130435,404.5,0.9333333333333333,,4,False,False,False,False,False,Q1_weak,0.05-0.15R,10:30-11:00,widest,Fri
2026-02-23,down,True,10,0.05889724310776942,0.6056737588652482,5,False,True,0.16040100250626566,0.8646616541353384,True,5.0,True,False,,False,False,,False,False,False,False,True,False,True,0.5448430493273543,True,1.0,0.7268170426065163,,199.5,0.48333333333333334,,0,True,True,False,False,False,Q1_weak,0.05-0.15R,10:30-11:00,mid,Mon
2026-02-24,up,True,10,0.00859375,0.3768581759742869,1,False,False,,0.20078125,True,5.0,True,True,5.0,True,True,10.0,False,False,False,False,False,False,True,0.07834101382488479,True,0.096875,0.096875,-1.0,320.0,0.8333333333333334,,1,False,False,False,False,False,Q1_weak,<0.05R,10:30-11:00,widest,Tue
2026-02-25,up,True,210,0.00975609756097561,3.272727272727273,1,False,True,0.02804878048780488,0.16951219512195123,True,5.0,True,True,90.0,True,False,,False,False,False,False,True,False,True,0.19856459330143542,True,0.22195121951219512,0.22195121951219512,,205.0,0.55,,2,False,False,False,False,False,Q4_strong,<0.05R,after 13:30,mid,Wed
2026-02-26,down,True,0,0.030087527352297593,1.6651685393258426,1,False,False,,0.05087527352297593,True,5.0,False,True,5.0,True,True,5.0,False,False,False,False,False,False,False,-0.8751289989680082,True,-0.8676148796498906,-0.8676148796498906,0.9515418502202643,457.0,0.9833333333333333,,3,False,False,False,False,False,Q3,<0.05R,10:30-11:00,widest,Thu
2026-02-27,up,True,10,0.004640371229698376,0.8091068301225919,2,False,False,,0.18213457076566125,True,5.0,True,True,5.0,True,True,10.0,True,False,True,False,False,False,True,-1.0,True,-1.0,-1.0,-1.0,215.5,0.55,,4,False,False,False,False,False,Q1_weak,<0.05R,10:30-11:00,mid,Fri
2026-03-02,up,True,35,0.087527352297593,1.3135276532137519,3,False,True,0.08169219547775347,0.4471188913202042,True,10.0,True,True,10.0,True,True,20.0,False,False,False,False,True,False,True,0.22594661700806953,True,0.44055433989788473,0.44055433989788473,-1.0,342.75,0.8333333333333334,,0,True,False,False,False,False,Q2,0.05-0.15R,11:00-12:00,widest,Mon
2026-03-03,up,True,75,0.09377526273241714,1.4138923140156185,3,False,True,0.03799514955537591,0.6103476151980598,True,10.0,True,True,20.0,True,False,,False,False,False,False,True,False,True,0.3648740639891082,True,1.0,0.6208569118835894,,309.25,0.7833333333333333,,1,True,True,False,False,False,Q2,0.05-0.15R,11:00-12:00,wide,Tue
2026-03-04,up,True,70,0.04215456674473068,1.6014558689717924,1,False,True,0.02498048399687744,0.2232630757220921,True,10.0,True,True,15.0,True,False,,False,False,False,False,True,False,False,-0.22894168466522677,True,-0.16393442622950818,-0.16393442622950818,,320.25,0.8,,2,False,False,False,False,False,Q3,<0.05R,11:00-12:00,wide,Wed
2026-03-05,down,True,0,0.045657015590200446,0.8840219014435042,4,False,True,0.043429844097995544,0.9476614699331849,True,5.0,True,True,5.0,True,False,,True,False,False,False,True,False,False,-1.0,True,-1.0,-1.0,,224.5,0.5166666666666667,,3,True,True,False,False,False,Q1_weak,<0.05R,10:30-11:00,mid,Thu
2026-03-06,up,True,0,0.09988649262202043,0.896551724137931,3,False,True,0.07037457434733257,0.44154370034052215,True,10.0,True,True,15.0,True,True,125.0,True,True,True,True,True,False,False,-1.0,True,-1.0,-1.0,1.0922570016474464,220.25,0.48333333333333334,,4,True,False,False,False,False,Q1_weak,0.05-0.15R,10:30-11:00,mid,Fri
2026-03-09,up,True,10,0.048292108362779744,1.1383429672447014,3,False,True,0.11307420494699646,2.5100117785630154,False,,False,False,,False,False,,False,False,False,False,True,True,True,1.7357679914070892,False,,,,212.25,0.45,,0,True,True,True,True,True,Q2,<0.05R,10:30-11:00,mid,Mon
2026-03-10,up,True,5,0.051451187335092345,1.2913907284768211,6,False,True,0.06992084432717678,0.716358839050132,True,5.0,True,True,215.0,False,False,,True,False,False,False,True,False,False,-1.0,True,1.0,-1.0,,189.5,0.3,,1,True,True,False,False,False,Q2,0.05-0.15R,10:30-11:00,narrow,Tue
2026-03-11,down,True,0,0.043478260869565216,2.103186646433991,1,False,False,,0.5229813664596273,True,5.0,True,True,5.0,True,True,10.0,True,False,True,False,False,False,False,-1.0,True,-1.0,-1.0,-1.0,201.25,0.4,,2,True,True,False,False,False,Q3,<0.05R,10:30-11:00,mid,Wed
2026-03-12,down,True,0,0.05166475315729047,0.33293978748524206,4,False,True,0.14006888633754305,0.33983926521239954,True,5.0,True,True,10.0,True,False,,True,False,False,False,True,False,True,-1.0,True,-1.0,-1.0,,217.75,0.48333333333333334,,3,True,False,False,False,False,Q1_weak,0.05-0.15R,10:30-11:00,mid,Thu
2026-03-13,down,True,10,0.07979407979407979,2.4844804318488527,2,False,True,0.21235521235521235,1.341055341055341,False,,False,False,,False,False,,False,False,False,False,False,False,True,1.5871254162042174,False,,,,194.25,0.35,,4,True,True,True,False,False,Q4_strong,0.05-0.15R,10:30-11:00,narrow,Fri
2026-03-16,up,True,275,0.15156794425087108,10.757097791798108,1,True,False,,0.3832752613240418,True,5.0,True,True,5.0,True,True,10.0,True,False,True,False,False,False,False,-1.0,True,-1.0,-1.0,0.21862348178137653,143.5,0.16666666666666666,,0,True,False,False,False,False,Q4_strong,0.15-0.30R,after 13:30,narrowest,Mon
2026-03-18,down,True,160,0.0388739946380697,0.5882352941176471,4,False,False,,0.9115281501340483,True,5.0,True,True,5.0,True,True,40.0,True,False,True,False,False,False,True,-1.0,True,-1.0,-1.0,-1.0,186.5,0.31666666666666665,,2,True,True,False,False,False,Q1_weak,<0.05R,12:00-13:30,narrow,Wed
2026-03-19,up,True,40,0.03295454545454545,0.8699551569506726,3,False,False,,0.6579545454545455,True,5.0,True,True,5.0,True,True,5.0,True,False,True,False,False,False,True,-1.0,True,-1.0,-1.0,-1.0,220.0,0.5333333333333333,,3,True,True,False,False,False,Q1_weak,<0.05R,11:00-12:00,mid,Thu
2026-03-20,down,True,20,0.013958125623130608,1.7707509881422925,1,False,False,,1.073778664007976,True,5.0,True,True,5.0,True,True,20.0,False,False,False,False,False,False,True,1.9185257032007759,True,1.0,2.0,-1.0,250.75,0.6666666666666666,,4,True,True,True,False,False,Q3,<0.05R,10:30-11:00,wide,Fri
2026-03-23,down,True,85,0.19941348973607037,2.2854387656702024,7,True,True,0.15640273704789834,0.48484848484848486,True,10.0,True,True,10.0,True,False,,False,False,False,False,True,False,True,-0.09643605870020965,True,0.26392961876832843,0.26392961876832843,,255.75,0.6666666666666666,,0,True,False,False,False,False,Q3,0.15-0.30R,11:00-12:00,wide,Mon
2026-03-24,up,True,45,0.08991825613079019,0.6891211769260549,4,False,False,,0.3692098092643052,True,5.0,True,True,40.0,True,True,105.0,True,False,True,False,False,False,False,-1.0,True,-1.0,-1.0,0.01529051987767584,183.5,0.26666666666666666,,1,True,False,False,False,False,Q1_weak,0.05-0.15R,11:00-12:00,narrow,Tue
2026-03-25,down,True,45,0.05163727959697733,3.1370328425821064,6,False,True,0.08942065491183879,0.20654911838790932,True,5.0,False,True,5.0,True,False,,True,False,False,False,True,False,False,-1.0,True,-1.0,-1.0,,198.5,0.38333333333333336,,2,False,False,False,False,False,Q4_strong,0.05-0.15R,11:00-12:00,mid,Wed
2026-03-26,down,True,60,0.0056022408963585435,1.0017472335468842,2,False,False,,1.619047619047619,True,5.0,True,True,5.0,True,True,15.0,False,False,False,False,False,False,True,1.9667590027700832,True,1.0,2.0,-1.0,178.5,0.21666666666666667,,3,True,True,True,True,False,Q2,<0.05R,11:00-12:00,narrow,Thu
2026-03-27,down,True,165,0.08175355450236967,1.7659727207465898,2,False,True,0.08886255924170616,0.8720379146919431,False,,False,False,,False,False,,False,False,False,False,False,False,True,1.034623217922607,False,,,,211.0,0.45,,4,True,True,False,False,False,Q3,0.05-0.15R,12:00-13:30,mid,Fri
2026-03-30,down,True,10,0.07535641547861507,1.4838265657260838,2,False,False,,1.0926680244399185,True,5.0,True,True,5.0,True,True,10.0,True,False,True,False,False,False,True,-1.0,True,-1.0,-1.0,-1.0,245.5,0.6333333333333333,,0,True,True,True,False,False,Q2,0.05-0.15R,10:30-11:00,wide,Mon
2026-03-31,up,True,125,0.43564356435643564,5.684813753581662,1,True,True,0.5544554455445545,1.952970297029703,False,,False,False,,False,False,,False,False,False,False,True,True,True,0.6031746031746031,False,,,,202.0,0.4166666666666667,,1,True,True,True,True,False,Q4_strong,>0.30R,12:00-13:30,mid,Tue
2026-04-01,up,True,5,0.014925373134328358,2.0492610837438425,1,False,False,,0.8208955223880597,True,5.0,True,True,5.0,True,True,225.0,True,False,True,False,False,False,False,-1.0,True,1.0,-1.0,-0.24936386768447838,167.5,0.15,,2,True,True,False,False,False,Q3,<0.05R,10:30-11:00,narrowest,Wed
2026-04-02,up,True,0,0.03908045977011494,1.8575089697590978,1,False,True,0.281992337164751,0.8045977011494253,False,,False,False,,False,False,,False,False,False,False,True,True,True,1.1584932480454868,False,,,,326.25,0.85,,3,True,True,False,False,False,Q3,<0.05R,10:30-11:00,widest,Thu
2026-04-06,down,True,160,0.09079903147699758,4.766248574686431,1,False,True,0.015738498789346248,0.20823244552058112,True,5.0,False,True,5.0,True,True,10.0,True,False,True,False,True,False,False,-1.0,True,-1.0,-1.0,0.8295454545454546,206.5,0.4166666666666667,,0,False,False,False,False,False,Q4_strong,0.05-0.15R,12:00-13:30,mid,Mon
2026-04-07,down,True,30,0.054140127388535034,1.1140350877192982,3,False,True,0.10270700636942676,0.16719745222929935,True,10.0,False,True,10.0,True,True,50.0,True,True,True,True,True,False,False,-1.0,True,-1.0,-1.0,1.540727902946274,314.0,0.7833333333333333,,1,False,False,False,False,False,Q2,0.05-0.15R,10:30-11:00,wide,Tue
2026-04-07,up,False,320,0.04777070063694268,1.6637781629116117,3,True,True,0.08917197452229299,0.23248407643312102,False,,False,False,,False,False,,False,False,False,False,False,False,True,0.2703488372093023,False,,,,314.0,0.7833333333333333,,1,False,False,False,False,False,Q3,<0.05R,after 13:30,wide,Tue
2026-04-08,down,True,10,0.047044632086851626,0.6316652994257589,4,False,False,,0.5597104945717732,True,20.0,False,True,55.0,False,True,65.0,True,False,True,False,False,False,False,-1.0,True,-1.0,-1.0,0.006557377049180328,207.25,0.43333333333333335,,2,True,True,False,False,False,Q1_weak,<0.05R,10:30-11:00,mid,Wed
2026-04-09,up,True,60,0.0727580372250423,3.7399561723886046,1,True,True,0.018612521150592216,1.0710659898477157,True,5.0,True,True,5.0,True,False,,False,False,False,False,True,False,True,1.6189069423929099,True,1.0,2.0,,147.75,0.08333333333333333,,3,True,True,True,False,False,Q4_strong,0.05-0.15R,11:00-12:00,narrowest,Thu
2026-04-10,up,True,40,0.0049382716049382715,0.9369951534733442,2,False,True,0.04197530864197531,0.2345679012345679,True,5.0,True,True,15.0,True,True,20.0,True,True,True,True,True,False,False,-1.0,True,-1.0,-1.0,1.127659574468085,101.25,0.03333333333333333,,4,False,False,False,False,False,Q1_weak,<0.05R,11:00-12:00,narrowest,Fri
2026-04-10,down,False,85,0.0345679012345679,1.008849557522124,3,True,True,0.08395061728395062,0.45185185185185184,True,5.0,True,True,15.0,True,False,,False,False,False,False,True,False,False,-0.3648960739030023,True,-0.32098765432098764,-0.32098765432098764,,101.25,0.03333333333333333,,4,True,False,False,False,False,Q2,<0.05R,11:00-12:00,narrowest,Fri
2026-04-13,up,True,25,0.10838150289017341,1.1003636363636364,2,False,False,,1.2557803468208093,True,5.0,True,True,5.0,True,True,65.0,False,False,False,False,False,False,True,1.4655581947743468,True,1.0,2.0,-1.0,173.0,0.18333333333333332,,0,True,True,True,False,False,Q2,0.05-0.15R,10:30-11:00,narrow,Mon
2026-04-14,up,True,20,0.07653910149750416,0.9759704251386322,2,False,False,,1.3111480865224625,True,5.0,True,True,5.0,True,True,10.0,False,False,False,False,False,False,True,1.6017316017316017,True,1.0,2.0,-1.0,150.25,0.11666666666666667,,1,True,True,True,False,False,Q2,0.05-0.15R,10:30-11:00,narrowest,Tue
2026-04-15,up,True,0,0.013157894736842105,0.12435233160621761,3,False,True,0.029605263157894735,1.600328947368421,True,5.0,True,True,5.0,True,False,,False,False,False,False,True,False,True,1.9230769230769231,True,1.0,2.0,,152.0,0.13333333333333333,,2,True,True,True,True,False,Q1_weak,<0.05R,10:30-11:00,narrowest,Wed
2026-04-16,up,True,35,0.06610407876230662,1.0084077771939044,2,False,True,0.08720112517580872,0.6230661040787623,True,25.0,True,True,125.0,False,True,195.0,True,False,True,False,True,True,True,-1.0,True,1.0,-1.0,-0.5767690253671562,177.75,0.2,,3,True,True,False,False,False,Q2,0.05-0.15R,11:00-12:00,narrow,Thu
2026-04-17,up,True,0,0.11604095563139932,3.9812206572769955,2,False,True,0.13651877133105803,0.742320819112628,True,5.0,True,True,170.0,False,False,,False,False,False,False,True,True,True,0.37950138504155123,True,1.0,0.6996587030716723,,146.5,0.06666666666666667,,4,True,True,False,False,False,Q4_strong,0.05-0.15R,10:30-11:00,narrowest,Fri
2026-04-20,down,True,10,0.17857142857142858,1.575601374570447,1,False,True,0.10714285714285714,1.3125,True,5.0,True,True,185.0,False,True,215.0,False,False,False,False,True,False,False,1.2105263157894737,True,1.0,2.0,0.09597523219814241,112.0,0.05,,0,True,True,True,False,False,Q3,0.15-0.30R,10:30-11:00,narrowest,Mon
2026-04-21,down,True,30,0.222397476340694,2.2855181880576527,7,False,True,0.1498422712933754,1.1041009463722398,True,5.0,True,True,5.0,True,False,,False,False,False,False,True,False,True,1.0764192139737991,True,1.0,2.0,,158.5,0.2,,1,True,True,True,False,False,Q3,0.15-0.30R,10:30-11:00,narrow,Tue
2026-04-22,up,True,5,0.02364394993045897,1.3789664551223937,1,False,False,,0.5660639777468707,True,5.0,True,True,5.0,True,True,25.0,False,False,False,False,False,False,True,0.897742363877822,True,1.0,0.9874826147426982,-1.0,179.75,0.2833333333333333,,2,True,True,False,False,False,Q2,<0.05R,10:30-11:00,narrow,Wed
2026-04-23,up,True,30,0.018148820326678767,0.5793413173652694,5,False,True,0.1306715063520871,0.38475499092558985,True,5.0,True,True,45.0,True,True,120.0,True,True,True,True,True,False,False,-1.0,True,-1.0,-1.0,0.3504424778761062,137.75,0.06666666666666667,,3,True,False,False,False,False,Q1_weak,<0.05R,10:30-11:00,narrowest,Thu
2026-04-23,down,False,155,0.07622504537205081,3.405483405483406,5,True,True,0.4246823956442831,2.056261343012704,True,5.0,True,False,,False,False,,False,False,False,False,False,False,True,1.6031496062992125,True,1.0,2.0,,137.75,0.06666666666666667,,3,True,True,True,True,True,Q4_strong,0.05-0.15R,12:00-13:30,narrowest,Thu
2026-04-24,up,True,25,0.1678832116788321,1.1871186440677965,5,False,True,0.04562043795620438,1.4251824817518248,False,,False,False,,False,False,,False,False,False,False,True,True,True,1.2459016393442623,False,,,,137.0,0.05,,4,True,True,True,False,False,Q2,0.15-0.30R,10:30-11:00,narrowest,Fri
2026-04-27,up,True,180,0.02197802197802198,2.9722222222222223,3,False,True,0.02197802197802198,0.1446886446886447,True,5.0,True,True,5.0,True,False,,False,False,False,False,True,False,True,0.09824561403508772,True,0.14652014652014653,0.14652014652014653,,136.5,0.05,,0,False,False,False,False,False,Q4_strong,<0.05R,12:00-13:30,narrowest,Mon
