date,direction,is_first,minutes_after_ib,close_through,disp_ratio,impulse_bars,opposite_touched_first,fvg_present,fvg_size,mfe,retest,retest_minutes,resumed_after_retest,failed,failed_minutes,failed_before_05,cisd,cisd_minutes,reached_mid_after,reached_opposite_after,cisd_then_mid,cisd_then_opposite,fvg_revisited,fvg_held,eod_beyond_edge,s1_breakout_r,s2_retest_filled,s2_retest_r05,s2_retest_r10,s3_cisd_fade_r,ib_range,ib_range_pctile,gap_dir,dow,ext_0.25,ext_0.5,ext_1.0,ext_1.5,ext_2.0,disp_q,close_through_b,time_b,ib_width_q,dow_name
2021-04-29,down,True,4,0.03231597845601436,1.0633946830265848,2,False,True,0.06463195691202872,0.7396768402154399,True,9.0,True,True,10.0,True,True,31.0,False,False,False,False,True,False,False,-0.5126475548060708,True,1.0,-0.48114901256732495,-1.0,139.25,1.0,,3,True,True,False,False,False,Q1_weak,<0.05R,10:30-11:00,widest,Thu
2021-04-30,up,True,3,0.0070921985815602835,0.9921671018276763,1,False,True,0.009456264775413711,0.09929078014184398,True,1.0,True,True,1.0,True,True,4.0,True,True,True,True,True,False,False,-1.0,True,-1.0,-1.0,3.9468085106382977,105.75,0.7619047619047619,,4,False,False,False,False,False,Q1_weak,<0.05R,10:30-11:00,wide,Fri
2021-04-30,down,False,203,0.054373522458628844,3.6842105263157894,2,True,True,0.04964539007092199,0.14657210401891252,True,1.0,True,True,7.0,True,True,18.0,False,False,False,False,True,False,False,-0.44776119402985076,True,-0.3877068557919622,-0.3877068557919622,0.152,105.75,0.7619047619047619,,4,False,False,False,False,False,Q4_strong,0.05-0.15R,after 13:30,wide,Fri
2021-05-03,down,True,23,0.06994818652849741,1.8454935622317596,3,False,True,0.14766839378238342,0.8186528497409327,True,1.0,True,True,3.0,True,False,,False,False,False,False,False,False,True,0.9772727272727273,True,1.0,1.2538860103626943,,96.5,0.6818181818181818,,0,True,True,False,False,False,Q2,0.05-0.15R,10:30-11:00,wide,Mon
2021-05-04,down,True,18,0.02702702702702703,2.380952380952381,7,False,True,0.038083538083538086,0.5515970515970516,True,3.0,True,True,4.0,True,True,311.0,False,False,False,False,True,False,False,-0.5198135198135199,True,1.0,-0.49385749385749383,,203.5,1.0,,1,True,True,False,False,False,Q3,<0.05R,10:30-11:00,widest,Tue
2021-05-05,down,True,272,0.06422018348623854,6.564885496183206,2,False,True,0.09174311926605505,0.48807339449541287,True,3.0,True,True,3.0,True,False,,False,False,False,False,False,False,True,0.34471544715447155,True,0.5174311926605505,0.5174311926605505,,136.25,0.9166666666666666,,2,True,False,False,False,False,Q4_strong,0.05-0.15R,after 13:30,widest,Wed
2021-05-06,up,True,64,0.12058212058212059,2.8190476190476192,3,False,True,0.1392931392931393,0.7879417879417879,True,129.0,True,True,138.0,False,True,174.0,False,False,False,False,True,True,True,0.9782244556113903,True,1.0,1.4553014553014554,-1.0,120.25,0.8,,3,True,True,False,False,False,Q3,0.05-0.15R,11:00-12:00,wide,Thu
2021-05-10,down,True,0,0.017684887459807074,3.1155778894472363,3,False,True,0.06270096463022508,0.9630225080385852,True,1.0,True,True,2.0,True,True,94.0,False,False,False,False,True,False,True,1.779503105590062,True,1.0,1.8778135048231512,-1.0,155.5,0.9629629629629629,,0,True,True,False,False,False,Q4_strong,<0.05R,10:30-11:00,widest,Mon
2021-05-11,up,True,53,0.01287001287001287,0.4864091559370529,3,False,True,0.0489060489060489,0.4980694980694981,True,1.0,True,True,21.0,True,True,87.0,False,False,False,False,True,False,True,0.6273525721455459,True,0.6692406692406693,0.6692406692406693,-1.0,194.25,0.9642857142857143,,1,True,False,False,False,False,Q1_weak,<0.05R,11:00-12:00,widest,Tue
2021-05-12,down,True,3,0.0735009671179884,1.2662337662337662,2,False,True,0.029013539651837523,1.1025145067698259,True,2.0,True,True,4.0,True,False,,False,False,False,False,True,False,True,1.615514333895447,True,1.0,2.0,,129.25,0.7931034482758621,,2,True,True,True,False,False,Q1_weak,0.05-0.15R,10:30-11:00,wide,Wed
2021-05-13,up,True,25,0.045275590551181105,2.8727272727272726,4,False,True,0.08858267716535433,0.07874015748031496,True,1.0,True,True,2.0,True,True,9.0,True,True,True,True,True,False,False,-1.0,True,-1.0,-1.0,1.2833333333333334,127.0,0.7666666666666667,,3,False,False,False,False,False,Q3,<0.05R,10:30-11:00,wide,Thu
2021-05-13,down,False,73,0.1062992125984252,3.300198807157058,5,True,True,0.11614173228346457,0.7047244094488189,True,6.0,True,True,7.0,True,True,32.0,True,False,True,False,True,False,False,-1.0,True,1.0,-1.0,-1.0,127.0,0.7666666666666667,,3,True,True,False,False,False,Q4_strong,0.05-0.15R,11:00-12:00,wide,Thu
2021-05-14,up,True,4,0.0199501246882793,1.158690176322418,5,False,False,,1.1695760598503742,True,1.0,True,True,1.0,True,True,9.0,False,False,False,False,False,False,True,1.8848920863309353,True,1.0,2.0,-1.0,100.25,0.5161290322580645,,4,True,True,True,False,False,Q1_weak,<0.05R,10:30-11:00,mid,Fri
2021-05-17,down,True,81,0.011848341232227487,2.535211267605634,6,False,True,0.07345971563981042,0.518957345971564,True,2.0,True,True,3.0,True,True,194.0,True,False,True,False,True,False,False,-1.0,True,1.0,-1.0,0.34794520547945207,105.5,0.5625,,0,True,True,False,False,False,Q3,<0.05R,11:00-12:00,mid,Mon
2021-05-18,up,True,0,0.0696969696969697,1.1764705882352942,4,False,True,0.0696969696969697,0.1696969696969697,True,1.0,True,True,11.0,True,True,60.0,True,True,True,True,True,False,False,-1.0,True,-1.0,-1.0,1.9922480620155039,82.5,0.36363636363636365,,1,False,False,False,False,False,Q1_weak,0.05-0.15R,10:30-11:00,narrow,Tue
2021-05-18,down,False,243,0.07878787878787878,3.333333333333333,3,True,True,0.15454545454545454,1.1666666666666667,True,58.0,True,True,58.0,False,False,,False,False,False,False,True,True,True,1.5916230366492146,True,1.0,2.0,,82.5,0.36363636363636365,,1,True,True,True,False,False,Q4_strong,0.05-0.15R,after 13:30,narrow,Tue
2021-05-19,up,True,20,0.08317214700193423,3.3846153846153846,1,False,True,0.08897485493230174,1.11605415860735,True,6.0,True,True,9.0,True,True,13.0,False,False,False,False,True,False,True,1.572139303482587,True,1.0,2.0,-1.0,129.25,0.8088235294117647,,2,True,True,True,False,False,Q4_strong,0.05-0.15R,10:30-11:00,widest,Wed
2021-05-20,up,True,0,0.0017761989342806395,0.5857740585774059,4,False,True,0.04085257548845471,0.7158081705150977,True,1.0,True,True,1.0,True,False,,False,False,False,False,True,False,True,0.9097345132743363,True,1.0,0.91651865008881,,140.75,0.8857142857142857,,3,True,True,False,False,False,Q1_weak,<0.05R,10:30-11:00,widest,Thu
2021-05-21,down,True,7,0.09840425531914894,2.584493041749503,3,False,True,0.13829787234042554,0.8537234042553191,True,6.0,True,True,34.0,True,False,,False,False,False,False,False,False,True,1.0266666666666666,True,1.0,1.425531914893617,,94.0,0.4166666666666667,,4,True,True,False,False,False,Q3,0.05-0.15R,10:30-11:00,mid,Fri
2021-05-24,up,True,5,0.010362694300518135,1.5139442231075697,1,False,False,,0.3298791018998273,True,1.0,True,True,1.0,True,True,14.0,False,False,False,False,False,False,False,-0.030456852791878174,True,-0.010362694300518135,-0.010362694300518135,-1.0,144.75,0.8918918918918919,,0,True,False,False,False,False,Q2,<0.05R,10:30-11:00,widest,Mon
2021-05-25,down,True,4,0.0625,1.1498973305954825,4,False,False,,0.4289772727272727,True,1.0,True,True,4.0,True,True,14.0,False,False,False,False,False,False,False,-0.3484848484848485,True,-0.26704545454545453,-0.26704545454545453,-1.0,88.0,0.3684210526315789,,1,True,False,False,False,False,Q1_weak,0.05-0.15R,10:30-11:00,mid,Tue
2021-05-26,up,True,27,0.02843601895734597,2.146892655367232,2,False,True,0.004739336492890996,0.3033175355450237,True,1.0,True,True,1.0,True,True,3.0,True,False,True,False,True,False,False,-1.0,True,-1.0,-1.0,-1.0,52.75,0.02564102564102564,,2,True,False,False,False,False,Q3,<0.05R,10:30-11:00,narrowest,Wed
2021-05-27,up,True,2,0.11587982832618025,2.297872340425532,3,False,True,0.017167381974248927,0.31759656652360513,True,18.0,False,True,18.0,True,True,18.0,True,False,True,False,True,False,False,-1.0,True,-1.0,-1.0,1.3025210084033614,58.25,0.05,,3,True,False,False,False,False,Q3,0.05-0.15R,10:30-11:00,narrowest,Thu
2021-05-28,up,True,71,0.09392265193370165,4.2105263157894735,4,False,True,0.12154696132596685,0.5248618784530387,True,95.0,False,True,95.0,False,True,100.0,True,True,True,True,True,True,False,-1.0,True,-1.0,-1.0,1.2439024390243902,45.25,0.024390243902439025,,4,True,True,False,False,False,Q4_strong,0.05-0.15R,11:00-12:00,narrowest,Fri
2021-05-28,down,False,325,0.2154696132596685,2.9104477611940296,2,True,True,0.2265193370165746,0.27624309392265195,True,4.0,True,False,,False,False,,False,False,False,False,False,False,True,-0.1776061776061776,True,0.17679558011049723,0.17679558011049723,,45.25,0.024390243902439025,,4,True,False,False,False,False,Q3,0.15-0.30R,after 13:30,narrowest,Fri
2021-06-01,down,True,20,0.025996533795493933,1.2919896640826873,3,False,True,0.019064124783362217,0.2530329289428076,True,21.0,False,True,21.0,True,True,45.0,False,False,False,False,True,False,False,-0.342668863261944,True,-0.30849220103986136,-0.30849220103986136,-0.11654135338345864,144.25,0.8809523809523809,,1,True,False,False,False,False,Q1_weak,<0.05R,10:30-11:00,widest,Tue
2021-06-02,down,True,172,0.1277533039647577,4.141414141414141,5,True,True,0.18061674008810572,0.8546255506607929,True,142.0,False,True,142.0,False,True,148.0,False,False,False,False,True,False,False,-0.8350877192982457,True,-0.7929515418502202,-0.7929515418502202,0.08812260536398467,56.75,0.06976744186046512,,2,True,True,False,False,False,Q4_strong,0.05-0.15R,12:00-13:30,narrowest,Wed
2021-06-03,up,True,29,0.08372093023255814,2.0123203285420943,5,False,True,0.053488372093023255,0.3697674418604651,True,20.0,False,True,20.0,True,True,49.0,False,False,False,False,True,False,False,-0.8047808764940239,True,-0.772093023255814,-0.772093023255814,0.10921501706484642,107.5,0.6136363636363636,,3,True,False,False,False,False,Q2,0.05-0.15R,10:30-11:00,wide,Thu
2021-06-04,up,True,18,0.0034423407917383822,1.3235294117647058,2,False,True,0.0378657487091222,0.22719449225473323,True,1.0,True,True,1.0,True,True,9.0,False,False,False,False,True,False,True,0.20854700854700856,True,0.21686746987951808,0.21686746987951808,-1.0,145.25,0.9111111111111111,,4,False,False,False,False,False,Q2,<0.05R,10:30-11:00,widest,Fri
2021-06-07,up,True,264,0.052884615384615384,1.7322834645669292,3,False,True,0.10576923076923077,0.8461538461538461,False,,False,False,,False,False,,False,False,False,False,True,False,True,1.2260869565217392,False,,,,52.0,0.043478260869565216,,0,True,True,False,False,False,Q2,0.05-0.15R,after 13:30,narrowest,Mon
2021-06-08,down,True,1,0.07407407407407407,2.993197278911565,5,False,True,0.03968253968253968,0.8571428571428571,True,6.0,True,True,9.0,True,False,,False,False,False,False,True,False,True,0.12442396313364056,True,1.0,0.291005291005291,,94.5,0.46808510638297873,,1,True,True,False,False,False,Q3,0.05-0.15R,10:30-11:00,mid,Tue
2021-06-09,down,True,86,0.02531645569620253,2.5,6,False,False,,0.2120253164556962,True,1.0,True,True,1.0,True,True,17.0,True,False,True,False,False,False,True,-1.0,True,-1.0,-1.0,-1.0,79.0,0.3333333333333333,,2,False,False,False,False,False,Q3,<0.05R,11:00-12:00,narrow,Wed
2021-06-11,down,True,33,0.10734463276836158,2.598425196850394,2,False,True,0.15254237288135594,0.2033898305084746,True,2.0,False,True,2.0,True,True,3.0,True,True,True,True,True,False,False,-1.0,True,-1.0,-1.0,1.7307692307692308,44.25,0.02,,4,False,False,False,False,False,Q3,0.05-0.15R,11:00-12:00,narrowest,Fri
2021-06-11,up,False,324,0.022598870056497175,4.37956204379562,3,True,True,0.10734463276836158,0.2655367231638418,True,1.0,True,False,,False,False,,False,False,False,False,True,False,True,0.34594594594594597,True,0.4067796610169492,0.4067796610169492,,44.25,0.02,,4,True,False,False,False,False,Q4_strong,<0.05R,after 13:30,narrowest,Fri
2021-06-14,up,True,94,0.043478260869565216,3.3333333333333335,2,False,True,0.043478260869565216,1.0683229813664596,True,26.0,True,True,26.0,True,False,,False,False,False,False,True,False,True,1.76,True,1.0,2.0,,80.5,0.35294117647058826,,0,True,True,True,False,False,Q4_strong,<0.05R,12:00-13:30,narrow,Mon
2021-06-15,down,True,13,0.055970149253731345,1.9259259259259258,4,False,True,0.014925373134328358,0.8171641791044776,True,1.0,True,True,1.0,True,True,25.0,False,False,False,False,True,False,True,0.6577181208053692,True,1.0,0.8432835820895522,-1.0,67.0,0.22115384615384615,,1,True,True,False,False,False,Q2,0.05-0.15R,10:30-11:00,narrow,Tue
2021-06-16,down,True,63,0.04225352112676056,2.4516129032258065,2,False,True,0.06103286384976526,3.9859154929577465,False,,False,False,,False,False,,False,False,False,False,True,False,True,1.7662337662337662,False,,,,53.25,0.09433962264150944,,2,True,True,True,True,True,Q3,<0.05R,11:00-12:00,narrowest,Wed
2021-06-17,up,True,0,0.07446808510638298,4.093567251461988,1,False,True,0.0486322188449848,0.6231003039513677,True,26.0,True,True,26.0,True,True,26.0,False,False,False,False,True,False,True,0.5026455026455027,True,1.0,0.7264437689969605,-1.0,164.5,0.9629629629629629,,3,True,True,False,False,False,Q4_strong,0.05-0.15R,10:30-11:00,widest,Thu
2021-06-18,down,True,42,0.020114942528735632,2.4096385542168677,5,False,True,0.12931034482758622,0.39655172413793105,True,4.0,True,True,4.0,True,True,57.0,True,False,True,False,True,False,True,-1.0,True,-1.0,-1.0,-0.5096525096525096,87.0,0.43636363636363634,,4,True,False,False,False,False,Q3,<0.05R,11:00-12:00,mid,Fri
2021-06-21,up,True,7,0.043478260869565216,0.9486166007905138,2,False,True,0.08281573498964803,0.5362318840579711,True,2.0,True,False,,False,False,,False,False,False,False,False,False,True,0.6666666666666666,True,1.0,0.8115942028985508,,120.75,0.6964285714285714,,0,True,True,False,False,False,Q1_weak,<0.05R,10:30-11:00,wide,Mon
2021-06-22,up,True,1,0.036101083032490974,1.8367346938775508,5,False,True,0.05415162454873646,1.48014440433213,True,1.0,True,True,1.0,True,True,13.0,False,False,False,False,True,False,True,1.797979797979798,True,1.0,2.0,-1.0,69.25,0.24561403508771928,,1,True,True,True,False,False,Q2,<0.05R,10:30-11:00,narrow,Tue
2021-06-23,down,True,34,0.024291497975708502,2.4691358024691357,5,False,True,0.008097165991902834,0.3603238866396761,True,1.0,True,True,1.0,True,True,36.0,True,False,True,False,True,False,False,-1.0,True,-1.0,-1.0,-1.0,61.75,0.13793103448275862,,2,True,False,False,False,False,Q3,<0.05R,11:00-12:00,narrowest,Wed
2021-06-24,up,True,3,0.02100840336134454,1.0126582278481013,1,False,False,,0.31092436974789917,True,1.0,True,True,14.0,True,True,15.0,True,True,True,True,False,False,False,-1.0,True,-1.0,-1.0,-1.0,59.5,0.13559322033898305,,3,True,False,False,False,False,Q1_weak,<0.05R,10:30-11:00,narrowest,Thu
2021-06-24,down,False,194,0.025210084033613446,1.2734082397003745,2,True,True,0.004201680672268907,0.2815126050420168,True,1.0,True,True,2.0,True,True,14.0,True,False,True,False,True,False,False,-1.0,True,-1.0,-1.0,-0.03571428571428571,59.5,0.13559322033898305,,3,True,False,False,False,False,Q1_weak,<0.05R,after 13:30,narrowest,Thu
2021-06-28,up,True,97,0.0027397260273972603,1.8897637795275593,2,False,False,,0.4136986301369863,True,1.0,True,True,1.0,True,True,7.0,False,False,False,False,False,False,True,0.6321525885558583,True,0.6410958904109589,0.6410958904109589,-1.0,91.25,0.5,,0,True,False,False,False,False,Q2,<0.05R,12:00-13:30,mid,Mon
2021-06-29,up,True,108,0.01694915254237288,1.2413793103448276,1,False,True,0.029661016949152543,0.6313559322033898,False,,False,False,,False,False,,False,False,False,False,True,True,True,1.098360655737705,False,,,,59.0,0.13333333333333333,,1,True,True,False,False,False,Q1_weak,<0.05R,12:00-13:30,narrowest,Tue
2021-06-30,up,True,30,0.009478672985781991,1.1029411764705883,3,False,False,,0.08056872037914692,True,1.0,True,True,1.0,True,True,3.0,True,True,True,True,False,False,False,-1.0,True,-1.0,-1.0,4.3023255813953485,52.75,0.075,,2,False,False,False,False,False,Q1_weak,<0.05R,10:30-11:00,narrowest,Wed
2021-07-01,down,True,38,0.05241935483870968,2.2878228782287824,5,False,True,0.06451612903225806,0.5967741935483871,True,1.0,True,True,1.0,True,True,178.0,True,False,True,False,True,False,False,-1.0,True,1.0,-1.0,0.228,62.0,0.2,,3,True,True,False,False,False,Q3,0.05-0.15R,11:00-12:00,narrow,Thu
2021-07-02,up,True,84,0.10326086956521739,3.2653061224489797,6,False,True,0.125,1.3858695652173914,True,10.0,True,True,10.0,True,True,17.0,False,False,False,False,True,False,True,1.4864864864864864,True,1.0,2.0,-1.0,46.0,0.05,,4,True,True,True,False,False,Q4_strong,0.05-0.15R,11:00-12:00,narrowest,Fri
2021-07-06,down,True,3,0.014423076923076924,1.9653179190751444,4,False,True,0.22596153846153846,2.168269230769231,True,5.0,True,True,9.0,True,True,288.0,True,False,True,False,True,False,False,1.9158878504672898,True,1.0,2.0,0.05400696864111498,52.0,0.075,,1,True,True,True,True,True,Q2,<0.05R,10:30-11:00,narrowest,Tue
2021-07-07,down,True,8,0.04785894206549118,2.297872340425532,1,False,True,0.030226700251889168,0.5869017632241813,True,22.0,False,True,65.0,False,True,66.0,False,False,False,False,True,True,False,-0.41379310344827586,True,-0.35768261964735515,-0.35768261964735515,0.07420494699646643,99.25,0.6,,2,True,True,False,False,False,Q3,<0.05R,10:30-11:00,wide,Wed
2021-07-08,up,True,69,0.08558558558558559,2.742857142857143,3,False,True,0.13288288288288289,0.9324324324324325,True,2.0,True,False,,False,False,,False,False,False,False,False,False,True,0.95,True,1.0,1.2837837837837838,,111.0,0.6666666666666666,,3,True,True,False,False,False,Q3,0.05-0.15R,11:00-12:00,wide,Thu
2021-07-09,up,True,14,0.04868913857677903,2.6666666666666665,4,False,False,,1.4569288389513109,True,1.0,True,True,1.0,True,False,,False,False,False,False,False,False,True,1.733788395904437,True,1.0,2.0,,66.75,0.3,,4,True,True,True,False,False,Q3,<0.05R,10:30-11:00,narrow,Fri
2021-07-13,up,True,2,0.05739514348785872,2.3580786026200875,2,False,True,0.024282560706401765,0.3465783664459161,True,11.0,True,True,11.0,True,True,11.0,True,True,True,True,True,False,False,-1.0,True,-1.0,-1.0,-1.0,113.25,0.6666666666666666,,1,True,False,False,False,False,Q3,0.05-0.15R,10:30-11:00,wide,Tue
2021-07-13,down,False,213,0.0684326710816777,3.407079646017699,2,True,True,0.059602649006622516,0.0772626931567329,True,1.0,False,True,2.0,True,True,6.0,True,False,True,False,True,False,False,-1.0,True,-1.0,-1.0,0.024193548387096774,113.25,0.6666666666666666,,1,False,False,False,False,False,Q4_strong,0.05-0.15R,after 13:30,wide,Tue
2021-07-14,down,True,58,0.3483606557377049,6.64259927797834,2,False,True,0.26229508196721313,1.1967213114754098,True,73.0,False,True,73.0,False,False,,False,False,False,False,True,False,True,0.7681159420289855,True,1.0,1.3278688524590163,,61.0,0.21666666666666667,,2,True,True,True,False,False,Q4_strong,>0.30R,11:00-12:00,narrow,Wed
2021-07-15,down,True,16,0.032188841201716736,0.7571801566579635,1,False,False,,0.6652360515021459,True,2.0,True,True,5.0,True,True,10.0,False,False,False,False,False,False,False,-0.13709677419354838,True,1.0,-0.0815450643776824,-1.0,116.5,0.6833333333333333,,3,True,True,False,False,False,Q1_weak,<0.05R,10:30-11:00,wide,Thu
2021-07-16,down,True,34,0.032692307692307694,2.428940568475452,2,False,True,0.038461538461538464,0.6423076923076924,True,1.0,True,True,3.0,True,True,73.0,False,False,False,False,True,False,True,0.8953068592057761,True,1.0,1.0192307692307692,-1.0,130.0,0.8,,4,True,True,False,False,False,Q3,<0.05R,11:00-12:00,wide,Fri
2021-07-19,down,True,5,0.008528784648187633,2.333825701624815,7,False,True,0.11727078891257996,0.09594882729211088,True,1.0,True,True,2.0,True,True,24.0,True,True,True,True,True,False,False,-1.0,True,-1.0,-1.0,0.7972027972027972,117.25,0.7,,0,False,False,False,False,False,Q3,<0.05R,10:30-11:00,wide,Mon
2021-07-20,up,True,11,0.1189873417721519,3.186274509803922,2,False,True,0.08860759493670886,1.691139240506329,False,,False,False,,False,False,,False,False,False,False,True,True,True,1.4233128834355828,False,,,,98.75,0.5333333333333333,,1,True,True,True,True,False,Q4_strong,0.05-0.15R,10:30-11:00,mid,Tue
2021-07-21,up,True,30,0.06622516556291391,2.7376425855513307,2,False,True,0.026490066225165563,0.8576158940397351,True,33.0,True,True,40.0,True,True,43.0,False,False,False,False,True,False,True,1.2923976608187135,True,1.0,1.596026490066225,-1.0,75.5,0.31666666666666665,,2,True,True,False,False,False,Q3,0.05-0.15R,10:30-11:00,narrow,Wed
2021-07-22,up,True,6,0.028985507246376812,1.8050541516245489,1,False,True,0.03260869565217391,0.322463768115942,True,24.0,True,True,30.0,True,True,30.0,True,False,True,False,True,False,True,-1.0,True,-1.0,-1.0,-1.0,69.0,0.3,,3,True,False,False,False,False,Q2,<0.05R,10:30-11:00,narrow,Thu
2021-07-23,up,True,2,0.0035460992907801418,0.7801418439716312,1,False,False,,1.5957446808510638,True,1.0,True,True,1.0,True,True,1.0,False,False,False,False,False,False,True,1.9788732394366197,True,1.0,2.0,-1.0,70.5,0.3333333333333333,,4,True,True,True,True,False,Q1_weak,<0.05R,10:30-11:00,narrow,Fri
2021-07-26,up,True,6,0.032467532467532464,0.9917355371900827,4,False,True,0.003246753246753247,0.21753246753246752,True,1.0,True,True,1.0,True,True,7.0,False,False,False,False,True,False,False,-0.06707317073170732,True,-0.006493506493506494,-0.006493506493506494,-1.0,77.0,0.36666666666666664,,0,False,False,False,False,False,Q1_weak,<0.05R,10:30-11:00,narrow,Mon
2021-07-27,down,True,2,0.016051364365971106,0.8978328173374613,5,False,True,0.04654895666131621,1.1364365971107544,True,327.0,False,False,,False,False,,False,False,False,False,False,False,True,1.9066874027993779,True,0.012841091492776886,0.012841091492776886,,155.75,0.95,,1,True,True,True,False,False,Q1_weak,<0.05R,10:30-11:00,widest,Tue
2021-07-28,up,True,1,0.006134969325153374,0.25594149908592323,2,False,False,,0.06134969325153374,True,1.0,True,True,1.0,True,True,4.0,True,False,True,False,False,False,False,-1.0,True,-1.0,-1.0,1.9782608695652173,163.0,0.95,,2,False,False,False,False,False,Q1_weak,<0.05R,10:30-11:00,widest,Wed
2021-07-29,up,True,31,0.02313624678663239,3.3636363636363638,4,False,False,,0.04627249357326478,True,1.0,False,True,1.0,True,True,30.0,True,False,True,False,False,False,False,-1.0,True,-1.0,-1.0,1.7464788732394365,97.25,0.55,,3,False,False,False,False,False,Q4_strong,<0.05R,11:00-12:00,mid,Thu
2021-08-02,up,True,52,0.022988505747126436,1.263157894736842,1,False,False,,0.06436781609195402,True,1.0,True,True,1.0,True,True,1.0,True,True,True,True,False,False,False,-1.0,True,-1.0,-1.0,-1.0,108.75,0.65,,0,False,False,False,False,False,Q1_weak,<0.05R,11:00-12:00,wide,Mon
2021-08-03,down,True,55,0.06153846153846154,2.9961089494163424,2,False,False,,0.09230769230769231,True,1.0,False,True,1.0,True,True,2.0,True,True,True,True,False,False,False,-1.0,True,-1.0,-1.0,3.953488372093023,146.25,0.9,,1,False,False,False,False,False,Q3,0.05-0.15R,11:00-12:00,widest,Tue
2021-08-03,up,False,87,0.05299145299145299,2.857142857142857,4,True,True,0.03418803418803419,0.28205128205128205,True,1.0,True,True,3.0,True,False,,False,False,False,False,True,False,True,0.3400309119010819,True,0.48205128205128206,0.48205128205128206,,146.25,0.9,,1,True,False,False,False,False,Q3,0.05-0.15R,11:00-12:00,widest,Tue
2021-08-04,up,True,150,0.01893939393939394,2.3711340206185567,5,True,True,0.07196969696969698,0.5833333333333334,True,130.0,False,True,131.0,False,False,,False,False,False,False,True,True,False,-0.051094890510948905,True,-0.015151515151515152,-0.015151515151515152,,66.0,0.26666666666666666,,2,True,True,False,False,False,Q3,<0.05R,12:00-13:30,narrow,Wed
2021-08-05,up,True,21,0.175,4.1441441441441444,3,False,True,0.16666666666666666,0.6541666666666667,False,,False,False,,False,False,,False,False,False,False,True,True,True,0.5617283950617284,False,,,,60.0,0.21666666666666667,,3,True,True,False,False,False,Q4_strong,0.15-0.30R,10:30-11:00,narrow,Thu
2021-08-06,down,True,18,0.12385321100917432,3.088803088803089,5,False,True,0.11009174311926606,0.8853211009174312,True,70.0,False,True,70.0,False,False,,False,False,False,False,True,False,False,-0.22058823529411764,True,-0.027522935779816515,-0.027522935779816515,,54.5,0.15,,4,True,True,False,False,False,Q4_strong,0.05-0.15R,10:30-11:00,narrowest,Fri
2021-08-09,up,True,241,0.03225806451612903,2.8865979381443303,9,False,True,0.04659498207885305,0.0967741935483871,True,9.0,False,True,9.0,True,True,77.0,False,False,False,False,True,False,False,-0.49158249158249157,True,-0.45878136200716846,-0.45878136200716846,-0.07142857142857142,69.75,0.38333333333333336,,0,False,False,False,False,False,Q3,<0.05R,after 13:30,mid,Mon
2021-08-10,down,True,0,0.29838709677419356,4.952978056426333,4,False,True,0.2701612903225806,1.625,False,,False,False,,False,False,,False,False,False,False,False,False,True,0.8787878787878788,False,,,,62.0,0.2916666666666667,,1,True,True,True,True,False,Q4_strong,0.15-0.30R,10:30-11:00,narrow,Tue
2021-08-11,down,True,4,0.014534883720930232,0.37037037037037035,4,False,True,0.005813953488372093,0.813953488372093,True,1.0,True,True,3.0,True,False,,False,False,False,False,True,False,True,0.22598870056497175,True,1.0,0.2616279069767442,,86.0,0.5333333333333333,,2,True,True,False,False,False,Q1_weak,<0.05R,10:30-11:00,mid,Wed
2021-08-12,up,True,0,0.06853582554517133,1.6842105263157894,3,False,True,0.0529595015576324,0.8598130841121495,False,,False,False,,False,False,,False,False,False,False,False,False,True,1.0794520547945206,False,,,,80.25,0.5,,3,True,True,False,False,False,Q2,0.05-0.15R,10:30-11:00,mid,Thu
2021-08-16,down,True,0,0.024963289280469897,2.4607329842931933,4,False,False,,0.14537444933920704,True,1.0,False,True,1.0,True,True,2.0,True,True,True,True,False,False,False,-1.0,True,-1.0,-1.0,3.262295081967213,170.25,1.0,,0,False,False,False,False,False,Q3,<0.05R,10:30-11:00,widest,Mon
2021-08-16,up,False,293,0.007342143906020558,3.28125,1,True,True,0.007342143906020558,0.14537444933920704,True,1.0,True,True,3.0,True,True,12.0,False,False,False,False,True,False,True,0.23733719247467439,True,0.2555066079295154,0.2555066079295154,-1.0,170.25,1.0,,0,False,False,False,False,False,Q4_strong,<0.05R,after 13:30,widest,Mon
2021-08-17,up,True,13,0.06648936170212766,1.6981132075471699,2,False,True,0.09308510638297872,0.1675531914893617,True,7.0,True,True,11.0,True,True,14.0,True,True,True,True,True,False,False,-1.0,True,-1.0,-1.0,2.351145038167939,94.0,0.6333333333333333,,1,False,False,False,False,False,Q2,0.05-0.15R,10:30-11:00,wide,Tue
2021-08-17,down,False,85,0.026595744680851064,2.1634615384615383,2,True,True,0.07446808510638298,0.5452127659574468,True,1.0,True,True,2.0,True,True,33.0,True,False,True,False,True,False,False,-1.0,True,1.0,-1.0,-1.0,94.0,0.6333333333333333,,1,True,True,False,False,False,Q3,<0.05R,11:00-12:00,wide,Tue
2021-08-18,down,True,66,0.07612456747404844,3.0508474576271185,3,False,True,0.05190311418685121,1.698961937716263,True,1.0,True,True,2.0,True,True,8.0,True,False,True,False,True,False,True,-1.0,True,-1.0,-1.0,-1.0,72.25,0.43333333333333335,,2,True,True,True,True,False,Q4_strong,0.05-0.15R,11:00-12:00,mid,Wed
2021-08-19,up,True,26,0.049079754601226995,1.5294117647058822,6,False,True,0.09406952965235174,0.9243353783231084,True,213.0,False,True,213.0,False,False,,False,False,False,False,True,False,True,0.5512104283054003,True,1.0,0.7034764826175869,,122.25,0.85,,3,True,True,False,False,False,Q2,<0.05R,10:30-11:00,widest,Thu
2021-08-20,up,True,6,0.016981132075471698,0.4444444444444444,5,False,True,0.04716981132075472,0.06415094339622641,True,1.0,True,True,1.0,True,True,15.0,True,False,True,False,True,False,False,-1.0,True,-1.0,-1.0,-1.0,132.5,0.8666666666666667,,4,False,False,False,False,False,Q1_weak,<0.05R,10:30-11:00,widest,Fri
2021-08-23,up,True,4,0.015473887814313346,0.5577689243027888,4,False,True,0.01160541586073501,0.6460348162475822,True,1.0,True,False,,False,False,,False,False,False,False,True,True,True,0.7542213883677298,True,1.0,0.8085106382978723,,129.25,0.8333333333333334,,0,True,True,False,False,False,Q1_weak,<0.05R,10:30-11:00,widest,Mon
2021-08-24,up,True,4,0.02643171806167401,2.24,2,False,True,0.004405286343612335,0.1894273127753304,True,1.0,True,True,13.0,True,True,13.0,True,False,True,False,True,False,False,-1.0,True,-1.0,-1.0,0.2727272727272727,56.75,0.14166666666666666,,1,False,False,False,False,False,Q3,<0.05R,10:30-11:00,narrowest,Tue
2021-08-25,down,True,2,0.09302325581395349,1.9780219780219779,2,False,True,0.13372093023255813,0.4883720930232558,True,3.0,True,True,5.0,True,True,71.0,True,False,True,False,True,False,False,-1.0,True,-1.0,-1.0,-0.08527131782945736,43.0,0.016666666666666666,,2,True,False,False,False,False,Q2,0.05-0.15R,10:30-11:00,narrowest,Wed
2021-08-26,down,True,31,0.05426356589147287,2.914798206278027,3,False,True,0.10077519379844961,0.1343669250645995,True,1.0,True,True,2.0,True,True,10.0,True,False,True,False,True,False,False,-1.0,True,-1.0,-1.0,-0.5595238095238095,96.75,0.6333333333333333,,3,False,False,False,False,False,Q3,0.05-0.15R,11:00-12:00,wide,Thu
2021-08-27,up,True,171,0.011764705882352941,2.9059829059829063,3,False,True,0.023529411764705882,0.10084033613445378,True,41.0,True,True,41.0,True,True,55.0,False,False,False,False,True,False,False,-0.07881773399014778,True,-0.05714285714285714,-0.05714285714285714,-1.0,148.75,0.9166666666666666,,4,False,False,False,False,False,Q3,<0.05R,12:00-13:30,widest,Fri
2021-08-30,up,True,1,0.03177966101694915,1.1764705882352942,4,False,True,0.023305084745762712,0.3771186440677966,True,13.0,True,True,14.0,True,True,47.0,False,False,False,False,True,False,True,0.3545816733067729,True,0.4406779661016949,0.4406779661016949,-1.0,118.0,0.8,,0,True,False,False,False,False,Q1_weak,<0.05R,10:30-11:00,wide,Mon
2021-09-01,down,True,313,0.1038961038961039,4.119850187265918,1,False,True,0.048701298701298704,0.24675324675324675,True,2.0,True,True,2.0,True,True,4.0,False,False,False,False,True,False,True,0.053763440860215055,True,0.2727272727272727,0.2727272727272727,-1.0,77.0,0.44166666666666665,,2,False,False,False,False,False,Q4_strong,0.05-0.15R,after 13:30,mid,Wed
2021-09-02,down,True,107,0.0149812734082397,4.189189189189189,2,False,True,0.0749063670411985,0.951310861423221,True,1.0,True,True,11.0,True,False,,False,False,False,False,True,False,True,0.2690909090909091,True,1.0,0.30711610486891383,,66.75,0.2916666666666667,,3,True,True,False,False,False,Q4_strong,<0.05R,12:00-13:30,narrow,Thu
2021-09-07,up,True,20,0.09274193548387097,2.1052631578947367,4,False,False,,0.5282258064516129,True,12.0,True,True,12.0,True,True,18.0,True,False,True,False,False,False,True,-1.0,True,-1.0,-1.0,-1.0,62.0,0.23333333333333334,,1,True,True,False,False,False,Q3,0.05-0.15R,10:30-11:00,narrow,Tue
2021-09-08,down,True,2,0.08597285067873303,5.829596412556054,7,False,True,0.23076923076923078,1.5972850678733033,True,198.0,False,True,211.0,False,False,,False,False,False,False,True,False,False,1.5598455598455598,True,-0.3891402714932127,-0.3891402714932127,,55.25,0.11666666666666667,,2,True,True,True,True,False,Q4_strong,0.05-0.15R,10:30-11:00,narrowest,Wed
2021-09-09,down,True,56,0.06976744186046512,3.2323232323232323,8,False,True,0.013953488372093023,1.241860465116279,True,1.0,True,True,1.0,True,False,,False,False,False,False,True,False,True,1.6326530612244898,True,1.0,2.0,,53.75,0.1,,3,True,True,True,False,False,Q4_strong,0.05-0.15R,11:00-12:00,narrowest,Thu
2021-09-10,down,True,0,0.08856088560885608,3.9087947882736156,3,False,True,0.17343173431734318,2.4612546125461257,True,24.0,True,True,164.0,False,False,,False,False,False,False,False,False,True,1.54858934169279,True,1.0,2.0,,67.75,0.3333333333333333,,4,True,True,True,True,True,Q4_strong,0.05-0.15R,10:30-11:00,narrow,Fri
2021-09-13,down,True,45,0.0025,1.867219917012448,8,False,True,0.04875,0.07375,True,2.0,True,True,3.0,True,True,101.0,False,False,False,False,True,False,False,-0.736318407960199,True,-0.735,-0.735,-1.0,200.0,1.0,,0,False,False,False,False,False,Q2,<0.05R,11:00-12:00,widest,Mon
2021-09-14,down,True,9,0.05230125523012552,2.7358490566037736,5,False,True,0.09832635983263599,0.50418410041841,True,1.0,True,True,2.0,True,True,45.0,True,False,True,False,True,False,True,-1.0,True,-1.0,-1.0,-1.0,119.5,0.8166666666666667,,1,True,True,False,False,False,Q3,0.05-0.15R,10:30-11:00,widest,Tue
2021-09-15,up,True,145,0.03180914512922465,3.6144578313253013,2,False,True,0.06759443339960239,0.6441351888667992,False,,False,False,,False,False,,False,False,False,False,True,True,True,0.8934579439252337,False,,,,125.75,0.85,,2,True,True,False,False,False,Q4_strong,<0.05R,12:00-13:30,widest,Wed
2021-09-16,down,True,50,0.0045662100456621,1.095890410958904,8,False,True,0.00228310502283105,0.0410958904109589,True,1.0,True,True,2.0,True,True,39.0,True,True,True,True,True,False,False,-1.0,True,-1.0,-1.0,1.5054945054945055,109.5,0.6833333333333333,,3,False,False,False,False,False,Q1_weak,<0.05R,11:00-12:00,wide,Thu
2021-09-16,up,False,220,0.1324200913242009,4.895104895104895,4,True,True,0.1187214611872146,0.545662100456621,True,10.0,True,True,18.0,True,False,,False,False,False,False,True,True,True,0.33212996389891697,True,1.0,0.684931506849315,,109.5,0.6833333333333333,,3,True,True,False,False,False,Q4_strong,0.05-0.15R,after 13:30,wide,Thu
2021-09-17,down,True,6,0.09631147540983606,4.92462311557789,3,False,True,0.15368852459016394,0.7110655737704918,True,124.0,True,False,,False,False,,False,False,False,False,False,False,True,0.4020618556701031,True,1.0,0.6721311475409836,,122.0,0.8166666666666667,,4,True,True,False,False,False,Q4_strong,0.05-0.15R,10:30-11:00,widest,Fri
2021-09-20,down,True,11,0.06159420289855073,1.8003273322422257,2,False,True,0.04528985507246377,1.4909420289855073,True,1.0,True,True,7.0,True,False,,False,False,False,False,True,False,True,1.6709677419354838,True,1.0,2.0,,138.0,0.9,,0,True,True,True,False,False,Q2,0.05-0.15R,10:30-11:00,widest,Mon
2021-09-21,down,True,18,0.04669260700389105,2.1105527638190953,2,False,True,0.08365758754863813,0.2237354085603113,True,10.0,False,True,17.0,True,True,18.0,True,False,True,False,True,False,False,-1.0,True,-1.0,-1.0,-0.29880478087649404,128.5,0.8333333333333334,,1,False,False,False,False,False,Q3,<0.05R,10:30-11:00,widest,Tue
2021-09-22,up,True,30,0.04068522483940043,1.780415430267062,1,False,False,,0.8179871520342612,True,11.0,True,True,135.0,False,True,136.0,False,False,False,False,False,False,True,0.403960396039604,True,1.0,0.5182012847965739,-1.0,116.75,0.7166666666666667,,2,True,True,False,False,False,Q2,<0.05R,10:30-11:00,wide,Wed
2021-09-23,up,True,181,0.004792332268370607,1.6560509554140128,6,False,True,0.011182108626198083,0.054313099041533544,True,1.0,True,True,12.0,True,True,39.0,False,False,False,False,True,False,False,-0.5031645569620253,True,-0.4984025559105431,-0.4984025559105431,0.9587628865979382,156.5,0.95,,3,False,False,False,False,False,Q2,<0.05R,after 13:30,widest,Thu
2021-09-24,up,True,103,0.06164383561643835,2.5339366515837103,2,False,True,0.0821917808219178,0.9794520547945206,True,2.0,True,True,106.0,True,False,,False,False,False,False,True,True,True,1.1829268292682926,True,1.0,1.452054794520548,,73.0,0.35,,4,True,True,False,False,False,Q3,0.05-0.15R,12:00-13:30,narrow,Fri
2021-09-27,up,True,34,0.05363984674329502,4.666666666666667,5,False,True,0.09195402298850575,0.12452107279693486,True,1.0,True,True,3.0,True,True,22.0,True,False,True,False,True,False,False,-1.0,True,-1.0,-1.0,-1.0,130.5,0.85,,0,False,False,False,False,False,Q4_strong,0.05-0.15R,11:00-12:00,widest,Mon
2021-09-28,down,True,28,0.019851116625310174,0.9602649006622517,3,False,False,,0.4305210918114144,True,1.0,True,True,1.0,True,True,80.0,False,False,False,False,False,False,True,0.5656324582338902,True,0.6277915632754343,0.6277915632754343,-1.0,201.5,1.0,,1,True,False,False,False,False,Q1_weak,<0.05R,10:30-11:00,widest,Tue
2021-09-29,down,True,65,0.05052631578947368,3.7822349570200573,4,False,True,0.12842105263157894,0.6442105263157895,True,12.0,True,True,12.0,True,True,155.0,True,False,True,False,True,False,True,-1.0,True,1.0,-1.0,-0.7037914691943128,118.75,0.7,,2,True,True,False,False,False,Q4_strong,0.05-0.15R,11:00-12:00,wide,Wed
2021-09-30,down,True,0,0.03367003367003367,3.365079365079365,2,False,True,0.18855218855218855,1.8080808080808082,True,1.0,True,True,1.0,True,True,47.0,False,False,False,False,True,False,True,1.8107255520504733,True,1.0,2.0,-1.0,74.25,0.3333333333333333,,3,True,True,True,True,False,Q4_strong,<0.05R,10:30-11:00,narrow,Thu
2021-10-01,down,True,9,0.01034928848641656,1.7457886676875958,2,False,False,,0.027166882276843468,True,1.0,True,True,1.0,True,True,1.0,True,True,True,True,False,False,False,-1.0,True,-1.0,-1.0,4.1558441558441555,193.25,0.9666666666666667,,4,False,False,False,False,False,Q2,<0.05R,10:30-11:00,widest,Fri
2021-10-01,up,False,199,0.02199223803363519,1.4239482200647249,4,True,True,0.015523932729624839,0.4269081500646831,True,1.0,True,True,1.0,True,False,,False,False,False,False,True,False,True,0.3048327137546468,True,0.36222509702457956,0.36222509702457956,,193.25,0.9666666666666667,,4,True,False,False,False,False,Q2,<0.05R,after 13:30,widest,Fri
2021-10-04,down,True,0,0.09058402860548272,3.6363636363636362,2,False,True,0.041716328963051254,0.6793802145411204,False,,False,False,,False,False,,False,False,False,False,True,False,True,0.18768920282542886,False,,,,209.75,1.0,,0,True,True,False,False,False,Q4_strong,0.05-0.15R,10:30-11:00,widest,Mon
2021-10-05,up,True,0,0.008992805755395683,1.3032581453634087,2,False,True,0.00539568345323741,0.8507194244604317,True,1.0,True,True,2.0,True,True,2.0,False,False,False,False,True,False,True,0.29328621908127206,True,1.0,0.31654676258992803,-1.0,139.0,0.8333333333333334,,1,True,True,False,False,False,Q1_weak,<0.05R,10:30-11:00,widest,Tue
2021-10-06,up,True,0,0.0620782726045884,2.7152988855116513,2,False,True,0.032388663967611336,0.5182186234817814,True,1.0,True,True,1.0,True,True,7.0,True,False,True,False,True,False,True,-1.0,True,-1.0,-1.0,-1.0,185.25,0.9333333333333333,,2,True,True,False,False,False,Q3,0.05-0.15R,10:30-11:00,widest,Wed
2021-10-07,up,True,7,0.011131725417439703,0.8982035928143713,1,False,False,,0.05380333951762523,True,1.0,True,True,1.0,True,True,1.0,True,False,True,False,False,False,False,-1.0,True,-1.0,-1.0,-1.0,134.75,0.7833333333333333,,3,False,False,False,False,False,Q1_weak,<0.05R,10:30-11:00,wide,Thu
2021-10-08,down,True,10,0.07455012853470437,4.172335600907029,5,False,True,0.12853470437017994,0.5655526992287918,True,8.0,True,True,8.0,True,False,,False,False,False,False,True,False,True,0.49217002237136465,True,1.0,0.7146529562982005,,97.25,0.4583333333333333,,4,True,True,False,False,False,Q4_strong,0.05-0.15R,10:30-11:00,mid,Fri
2021-10-11,down,True,321,0.03566333808844508,3.6514522821576763,3,False,True,0.0456490727532097,0.14693295292439373,True,3.0,True,False,,False,False,,False,False,False,False,False,False,True,0.170439414114514,True,0.25392296718972895,0.25392296718972895,,175.25,0.9166666666666666,,0,False,False,False,False,False,Q4_strong,<0.05R,after 13:30,widest,Mon
2021-10-12,down,True,22,0.06666666666666667,2.685025817555938,1,False,False,,0.23529411764705882,True,1.0,True,True,8.0,True,True,8.0,True,False,True,False,False,False,True,-1.0,True,-1.0,-1.0,-1.0,127.5,0.6833333333333333,,1,False,False,False,False,False,Q3,0.05-0.15R,10:30-11:00,wide,Tue
2021-10-13,up,True,211,0.03355704697986577,12.282608695652176,2,True,True,0.0738255033557047,0.15212527964205816,True,1.0,False,True,1.0,True,True,2.0,True,False,True,False,True,False,False,-1.0,True,-1.0,-1.0,-0.44339622641509435,111.75,0.5166666666666667,,2,False,False,False,False,False,Q4_strong,<0.05R,after 13:30,mid,Wed
2021-10-14,up,True,20,0.014492753623188406,1.511111111111111,3,False,True,0.007246376811594203,0.5289855072463768,True,1.0,True,True,2.0,True,True,7.0,False,False,False,False,True,False,True,0.7793427230046949,True,1.0,0.8309178743961353,-1.0,103.5,0.4666666666666667,,3,True,True,False,False,False,Q2,<0.05R,10:30-11:00,mid,Thu
2021-10-15,up,True,27,0.023474178403755867,0.8835341365461847,3,False,True,0.056338028169014086,0.7230046948356808,True,24.0,True,True,39.0,True,True,40.0,True,False,True,False,True,False,True,-1.0,True,-1.0,-1.0,-1.0,53.25,0.03333333333333333,,4,True,True,False,False,False,Q1_weak,<0.05R,10:30-11:00,narrowest,Fri
2021-10-18,up,True,20,0.041379310344827586,2.3225806451612905,3,False,True,0.041379310344827586,1.2275862068965517,True,1.0,True,True,1.0,True,False,,False,False,False,False,False,False,True,1.7707006369426752,True,1.0,2.0,,108.75,0.475,,0,True,True,True,False,False,Q3,<0.05R,10:30-11:00,mid,Mon
2021-10-19,up,True,25,0.058577405857740586,2.926829268292683,2,False,True,0.1297071129707113,0.702928870292887,True,22.0,True,False,,False,False,,False,False,False,False,True,True,True,1.0411985018726593,True,1.0,1.2803347280334727,,59.75,0.11666666666666667,,1,True,True,False,False,False,Q3,0.05-0.15R,10:30-11:00,narrowest,Tue
2021-10-20,up,True,1,0.059322033898305086,2.276923076923077,1,False,False,,0.1271186440677966,True,2.0,True,True,6.0,True,True,8.0,True,True,True,True,False,False,False,-1.0,True,-1.0,-1.0,2.2439024390243905,59.0,0.11666666666666667,,2,False,False,False,False,False,Q3,0.05-0.15R,10:30-11:00,narrowest,Wed
2021-10-20,down,False,153,0.0211864406779661,4.455445544554456,1,True,True,0.029661016949152543,1.0338983050847457,True,1.0,True,True,125.0,False,False,,False,False,False,False,True,False,False,1.8780487804878048,True,1.0,2.0,,59.0,0.11666666666666667,,2,True,True,True,False,False,Q4_strong,<0.05R,12:00-13:30,narrowest,Wed
2021-10-21,up,True,13,0.034574468085106384,1.5483870967741935,2,False,True,0.005319148936170213,0.5930851063829787,True,16.0,True,True,35.0,True,True,35.0,False,False,False,False,True,False,True,0.8756218905472637,True,1.0,1.0053191489361701,-1.0,94.0,0.4083333333333333,,3,True,True,False,False,False,Q2,<0.05R,10:30-11:00,mid,Thu
2021-10-22,down,True,45,0.00964630225080386,1.6339869281045751,2,True,True,0.19292604501607716,1.437299035369775,True,1.0,True,False,,False,False,,False,False,False,False,True,True,True,1.9432176656151419,True,1.0,2.0,,77.75,0.35,,4,True,True,True,False,False,Q2,<0.05R,11:00-12:00,narrow,Fri
2021-10-25,up,True,86,0.042505592841163314,3.0837004405286343,1,False,True,0.03803131991051454,0.959731543624161,True,3.0,True,False,,False,False,,False,False,False,False,True,True,True,1.0309278350515463,True,1.0,1.203579418344519,,111.75,0.5583333333333333,,0,True,True,False,False,False,Q4_strong,<0.05R,11:00-12:00,mid,Mon
2021-10-26,up,True,22,0.006342494714587738,0.6101694915254238,1,False,False,,0.023255813953488372,True,1.0,True,True,1.0,True,True,1.0,True,True,True,True,False,False,False,-1.0,True,-1.0,-1.0,20.043478260869566,118.25,0.6166666666666667,,1,False,False,False,False,False,Q1_weak,<0.05R,10:30-11:00,wide,Tue
2021-10-26,down,False,94,0.08668076109936575,3.315217391304348,3,True,True,0.08668076109936575,0.6511627906976745,True,7.0,True,True,7.0,True,True,9.0,False,False,False,False,True,False,True,0.3567567567567568,True,1.0,0.5919661733615222,-1.0,118.25,0.6166666666666667,,1,True,True,False,False,False,Q4_strong,0.05-0.15R,12:00-13:30,wide,Tue
2021-10-27,up,True,24,0.0056022408963585435,4.636871508379889,3,False,True,0.20448179271708683,0.7787114845938375,True,1.0,True,True,3.0,True,True,3.0,True,False,True,False,True,False,False,-1.0,True,1.0,-1.0,-1.0,89.25,0.4,,2,True,True,False,False,False,Q4_strong,<0.05R,10:30-11:00,mid,Wed
2021-10-28,up,True,7,0.016778523489932886,1.684981684981685,1,False,True,0.010067114093959731,0.8322147651006712,True,4.0,True,True,23.0,False,True,140.0,False,False,False,False,True,True,True,1.3051948051948052,True,1.0,1.3825503355704698,-1.0,74.5,0.31666666666666665,,3,True,True,False,False,False,Q2,<0.05R,10:30-11:00,narrow,Thu
2021-10-29,up,True,39,0.00821917808219178,0.30303030303030304,3,False,True,0.010958904109589041,1.5315068493150685,False,,False,False,,False,False,,False,False,False,False,True,True,True,1.9514824797843666,False,,,,91.25,0.4,,4,True,True,True,True,False,Q1_weak,<0.05R,11:00-12:00,mid,Fri
2021-11-01,up,True,153,0.0075,1.6,2,False,False,,0.305,True,1.0,True,True,1.0,True,True,6.0,True,False,True,False,False,False,True,-1.0,True,-1.0,-1.0,-1.0,100.0,0.48333333333333334,,0,True,False,False,False,False,Q2,<0.05R,12:00-13:30,mid,Mon
2021-11-02,up,True,74,0.03357314148681055,6.553672316384181,5,False,True,0.1342925659472422,0.11510791366906475,True,3.0,False,True,4.0,True,True,7.0,True,False,True,False,True,False,False,-1.0,True,-1.0,-1.0,-0.46715328467153283,104.25,0.5,,1,False,False,False,False,False,Q4_strong,<0.05R,11:00-12:00,mid,Tue
2021-11-03,up,True,210,0.12903225806451613,16.8,1,False,True,0.43951612903225806,2.3951612903225805,True,1.0,True,True,2.0,False,False,,False,False,False,False,True,True,True,1.3846153846153846,True,1.0,2.0,,62.0,0.14166666666666666,,2,True,True,True,True,True,Q4_strong,0.05-0.15R,after 13:30,narrowest,Wed
2021-11-04,up,True,0,0.0392156862745098,1.833810888252149,3,False,True,0.0481283422459893,0.5614973262032086,True,32.0,True,True,32.0,True,True,51.0,False,False,False,False,True,False,True,0.42644628099173554,True,1.0,0.5383244206773619,-1.0,140.25,0.85,,3,True,True,False,False,False,Q2,<0.05R,10:30-11:00,widest,Thu
2021-11-05,down,True,147,0.0847457627118644,3.650793650793651,4,False,True,0.12203389830508475,1.1220338983050848,True,1.0,True,True,2.0,True,False,,False,False,False,False,True,False,True,1.565217391304348,True,1.0,2.0,,73.75,0.25,,4,True,True,True,False,False,Q4_strong,0.05-0.15R,12:00-13:30,narrow,Fri
2021-11-08,down,True,10,0.11400651465798045,2.1370967741935485,5,False,True,0.12052117263843648,0.19218241042345277,True,4.0,False,True,5.0,True,True,41.0,True,False,True,False,True,False,False,-1.0,True,-1.0,-1.0,-0.5091743119266054,76.75,0.2833333333333333,,0,False,False,False,False,False,Q3,0.05-0.15R,10:30-11:00,narrow,Mon
2021-11-09,down,True,188,0.002472187886279357,2.751677852348993,1,False,True,0.019777503090234856,0.14585908529048208,True,1.0,True,True,7.0,True,True,29.0,False,False,False,False,True,False,False,-0.28044280442804426,True,-0.276885043263288,-0.276885043263288,0.44654088050314467,202.25,0.9833333333333333,,1,False,False,False,False,False,Q3,<0.05R,after 13:30,widest,Tue
2021-11-10,down,True,165,0.044630404463040445,1.62748643761302,4,False,True,0.03207810320781032,0.810320781032078,True,1.0,True,True,1.0,True,False,,False,False,False,False,True,False,True,0.5710627400768246,True,1.0,0.7112970711297071,,179.25,0.9,,2,True,True,False,False,False,Q2,<0.05R,12:00-13:30,widest,Wed
2021-11-11,down,True,106,0.10830324909747292,3.642172523961661,1,False,True,0.12274368231046931,0.5342960288808665,True,4.0,True,True,4.0,True,True,18.0,True,False,True,False,True,False,True,-1.0,True,-1.0,-1.0,-1.0,69.25,0.2,,3,True,True,False,False,False,Q4_strong,0.05-0.15R,12:00-13:30,narrow,Thu
2021-11-12,up,True,16,0.09180327868852459,1.5977961432506889,4,False,True,0.07868852459016394,1.7737704918032786,False,,False,False,,False,False,,False,False,False,False,False,False,True,1.5346260387811634,False,,,,76.25,0.2833333333333333,,4,True,True,True,True,False,Q2,0.05-0.15R,10:30-11:00,narrow,Fri
2021-11-15,down,True,10,0.09114583333333333,2.0048899755501224,3,False,True,0.020833333333333332,0.7916666666666666,True,1.0,True,True,1.0,True,True,9.0,False,False,False,False,True,False,False,-0.6828193832599119,True,1.0,-0.625,-1.0,96.0,0.4166666666666667,,0,True,True,False,False,False,Q2,0.05-0.15R,10:30-11:00,mid,Mon
2021-11-16,up,True,40,0.009029345372460496,2.3487544483985765,3,False,True,0.06997742663656885,0.5756207674943566,False,,False,False,,False,False,,False,False,False,False,True,True,True,0.7804878048780488,False,,,,110.75,0.55,,1,True,True,False,False,False,Q3,<0.05R,11:00-12:00,mid,Tue
2021-11-17,up,True,9,0.30701754385964913,8.991596638655462,2,False,True,0.40350877192982454,1.219298245614035,True,18.0,True,True,18.0,True,True,109.0,True,False,True,False,True,True,False,0.8586956521739131,True,1.0,2.0,0.015151515151515152,57.0,0.08333333333333333,,2,True,True,True,False,False,Q4_strong,>0.30R,10:30-11:00,narrowest,Wed
2021-11-18,up,True,64,0.08297872340425531,3.8509316770186333,5,False,True,0.10638297872340426,0.7,True,2.0,True,True,146.0,False,False,,False,False,False,False,True,True,True,0.7335766423357665,True,1.0,1.0212765957446808,,117.5,0.6166666666666667,,3,True,True,False,False,False,Q4_strong,0.05-0.15R,11:00-12:00,wide,Thu
2021-11-19,up,True,67,0.08684863523573201,3.3714285714285714,4,False,True,0.02481389578163772,0.1141439205955335,True,1.0,True,True,3.0,True,True,43.0,True,False,True,False,True,False,False,-1.0,True,-1.0,-1.0,-1.0,100.75,0.45,,4,False,False,False,False,False,Q4_strong,0.05-0.15R,11:00-12:00,mid,Fri
2021-11-22,down,True,52,0.0735009671179884,2.7184466019417473,2,False,True,0.05415860735009671,2.021276595744681,True,2.0,True,False,,False,False,,False,False,False,False,False,False,True,1.615514333895447,True,1.0,2.0,,129.25,0.7666666666666667,,0,True,True,True,True,True,Q3,0.05-0.15R,11:00-12:00,wide,Mon
2021-11-23,down,True,8,0.009615384615384616,0.6294706723891272,2,False,False,,0.6497252747252747,True,1.0,True,True,1.0,True,True,47.0,False,False,False,False,False,False,False,-0.7628032345013477,True,1.0,-0.7582417582417582,-1.0,182.0,0.9,,1,True,True,False,False,False,Q1_weak,<0.05R,10:30-11:00,widest,Tue
2021-11-24,up,True,6,0.04823151125401929,1.7744916820702403,2,False,True,0.02572347266881029,0.7138263665594855,True,1.0,True,True,1.0,True,True,8.0,False,False,False,False,True,False,True,1.1407624633431086,True,1.0,1.347266881028939,-1.0,155.5,0.8333333333333334,,2,True,True,False,False,False,Q2,<0.05R,10:30-11:00,widest,Wed
2021-11-29,up,True,60,0.028368794326241134,6.567164179104478,1,False,True,0.09219858156028368,1.1678486997635933,True,1.0,True,True,1.0,True,False,,False,False,False,False,True,True,True,1.8389261744966443,True,1.0,2.0,,105.75,0.4666666666666667,,0,True,True,True,False,False,Q4_strong,<0.05R,11:00-12:00,mid,Mon
2021-11-30,down,True,17,0.07285974499089254,1.3543307086614174,6,False,True,0.1493624772313297,1.8233151183970857,False,,False,False,,False,False,,False,False,False,False,True,True,True,1.618441971383148,False,,,,137.25,0.7666666666666667,,1,True,True,True,True,False,Q2,0.05-0.15R,10:30-11:00,wide,Tue
2021-12-01,up,True,40,0.12383177570093458,4.050632911392405,1,False,True,0.15654205607476634,0.4672897196261682,True,28.0,False,True,44.0,True,True,45.0,True,True,True,True,True,False,False,-1.0,True,-1.0,-1.0,1.3609022556390977,107.0,0.4666666666666667,,2,True,False,False,False,False,Q4_strong,0.05-0.15R,11:00-12:00,mid,Wed
2021-12-01,down,False,148,0.1378504672897196,2.3255813953488373,2,True,True,0.014018691588785047,3.850467289719626,True,3.0,True,True,3.0,True,True,4.0,False,False,False,False,True,False,True,1.3516483516483517,True,1.0,2.0,-1.0,107.0,0.4666666666666667,,2,True,True,True,True,True,Q3,0.05-0.15R,12:00-13:30,mid,Wed
2021-12-02,down,True,14,0.05870020964360587,1.415929203539823,4,False,True,0.02620545073375262,0.10796645702306079,True,2.0,False,True,2.0,True,True,3.0,True,True,True,True,True,False,False,-1.0,True,-1.0,-1.0,2.4655737704918033,238.5,1.0,,3,False,False,False,False,False,Q2,0.05-0.15R,10:30-11:00,widest,Thu
2021-12-02,up,False,111,0.0870020964360587,2.9100529100529102,2,True,True,0.025157232704402517,0.16457023060796647,True,10.0,True,True,10.0,True,True,14.0,False,False,False,False,True,False,False,-0.4089285714285714,True,-0.3060796645702306,-0.3060796645702306,-1.0,238.5,1.0,,3,False,False,False,False,False,Q3,0.05-0.15R,12:00-13:30,widest,Thu
2021-12-03,down,True,5,0.011888111888111888,0.6886657101865136,2,False,True,0.07342657342657342,0.5454545454545454,True,1.0,True,True,1.0,True,False,,False,False,False,False,True,False,True,0.06967213114754098,True,1.0,0.0951048951048951,,357.5,1.0,,4,True,True,False,False,False,Q1_weak,<0.05R,10:30-11:00,widest,Fri
2021-12-06,up,True,121,0.007650273224043716,0.8163265306122449,2,False,True,0.007650273224043716,0.47759562841530057,True,1.0,True,True,1.0,True,True,12.0,False,False,False,False,True,False,True,0.4564047362755651,True,0.4786885245901639,0.4786885245901639,-1.0,228.75,0.9666666666666667,,0,True,False,False,False,False,Q1_weak,<0.05R,12:00-13:30,widest,Mon
2021-12-07,up,True,5,0.06208053691275168,3.1666666666666665,2,False,True,0.05704697986577181,0.511744966442953,True,24.0,True,True,294.0,False,True,315.0,False,False,False,False,True,True,True,0.5283582089552239,True,1.0,0.7181208053691275,-0.7753086419753087,149.0,0.7666666666666667,,1,True,True,False,False,False,Q4_strong,0.05-0.15R,10:30-11:00,wide,Tue
2021-12-08,up,True,191,0.0498812351543943,2.905027932960894,3,False,True,0.0332541567695962,0.38954869358669836,True,18.0,True,True,18.0,True,True,31.0,False,False,False,False,True,False,True,0.46652267818574517,True,0.6128266033254157,0.6128266033254157,-1.0,105.25,0.38333333333333336,,2,True,False,False,False,False,Q3,<0.05R,after 13:30,mid,Wed
2021-12-09,down,True,7,0.03281519861830743,0.821529745042493,2,False,True,0.0017271157167530224,0.8998272884283247,True,1.0,True,True,3.0,True,True,4.0,True,False,True,False,True,False,True,-1.0,True,-1.0,-1.0,-1.0,144.75,0.7666666666666667,,3,True,True,False,False,False,Q1_weak,<0.05R,10:30-11:00,wide,Thu
2021-12-10,down,True,16,0.01,0.3007518796992481,3,False,True,0.09,0.538,True,1.0,True,True,10.0,True,True,57.0,True,True,True,True,True,False,False,-1.0,True,1.0,-1.0,0.9617346938775511,125.0,0.6,,4,True,True,False,False,False,Q1_weak,<0.05R,10:30-11:00,wide,Fri
2021-12-13,down,True,2,0.039723661485319514,0.9808612440191389,3,False,False,,0.844559585492228,True,1.0,True,True,2.0,True,True,5.0,False,False,False,False,False,False,True,1.2992,True,1.0,1.4818652849740932,-1.0,144.75,0.7583333333333333,,0,True,True,False,False,False,Q1_weak,<0.05R,10:30-11:00,wide,Mon
2021-12-14,down,True,17,0.051457975986277875,1.7699115044247788,3,False,True,0.018867924528301886,0.8164665523156089,True,237.0,False,True,237.0,False,True,238.0,True,False,True,False,True,False,False,-1.0,True,-1.0,-1.0,0.4419475655430712,145.75,0.7666666666666667,,1,True,True,False,False,False,Q2,0.05-0.15R,10:30-11:00,wide,Tue
2021-12-15,down,True,60,0.06224066390041494,2.872628726287263,2,False,True,0.06224066390041494,0.5560165975103735,True,98.0,False,True,99.0,False,True,122.0,True,True,True,True,True,False,False,-1.0,True,-1.0,-1.0,1.4193548387096775,120.5,0.5666666666666667,,2,True,True,False,False,False,Q3,0.05-0.15R,11:00-12:00,mid,Wed
2021-12-15,up,False,215,0.16597510373443983,2.2884770346494765,5,True,True,0.07053941908713693,3.0684647302904566,True,1.0,True,True,2.0,True,False,,False,False,False,False,True,True,True,1.2523364485981308,True,1.0,2.0,,120.5,0.5666666666666667,,2,True,True,True,True,True,Q3,0.15-0.30R,after 13:30,mid,Wed
2021-12-16,down,True,31,0.050746268656716415,3.6681222707423577,2,False,True,0.09154228855721393,1.1850746268656716,False,,False,False,,False,False,,False,False,False,False,False,False,True,1.7235772357723578,False,,,,251.25,0.9833333333333333,,3,True,True,True,False,False,Q4_strong,0.05-0.15R,11:00-12:00,widest,Thu
2021-12-17,up,True,15,0.011764705882352941,2.2808510638297874,1,False,True,0.050980392156862744,0.5934640522875817,True,1.0,True,True,50.0,False,True,58.0,True,False,True,False,True,True,False,-1.0,True,1.0,-1.0,0.109717868338558,191.25,0.8666666666666667,,4,True,True,False,False,False,Q3,<0.05R,10:30-11:00,widest,Fri
2021-12-20,down,True,28,0.08639308855291576,2.4857142857142858,3,False,True,0.08207343412526998,0.4406047516198704,True,1.0,True,True,1.0,True,True,60.0,True,False,True,False,True,False,False,-1.0,True,-1.0,-1.0,0.6388888888888888,115.75,0.5,,0,True,False,False,False,False,Q3,0.05-0.15R,10:30-11:00,mid,Mon
2021-12-21,down,True,4,0.023035230352303523,1.4908579465541492,4,False,True,0.016260162601626018,0.04742547425474255,True,1.0,True,True,1.0,True,True,10.0,True,True,True,True,True,False,False,-1.0,True,-1.0,-1.0,4.1879194630872485,184.5,0.8333333333333334,,1,False,False,False,False,False,Q2,<0.05R,10:30-11:00,widest,Tue
2021-12-21,up,False,101,0.04742547425474255,3.2093023255813953,1,True,True,0.04065040650406504,1.024390243902439,False,,False,False,,False,False,,False,False,False,False,True,True,True,1.74009900990099,False,,,,184.5,0.8333333333333334,,1,True,True,True,False,False,Q4_strong,<0.05R,12:00-13:30,widest,Tue
2021-12-22,up,True,8,0.15695067264573992,3.247863247863248,3,False,True,0.13901345291479822,1.1905829596412556,True,182.0,True,True,182.0,False,False,,False,False,False,False,True,True,True,1.2832764505119454,True,1.0,2.0,,111.5,0.45,,2,True,True,True,False,False,Q4_strong,0.15-0.30R,10:30-11:00,mid,Wed
2021-12-23,up,True,18,0.007792207792207792,0.7588075880758808,1,False,False,,0.8649350649350649,True,1.0,True,False,,False,False,,False,False,False,False,False,False,True,0.4143222506393862,True,1.0,0.43636363636363634,,96.25,0.2833333333333333,,3,True,True,False,False,False,Q1_weak,<0.05R,10:30-11:00,narrow,Thu
2021-12-27,up,True,3,0.032357473035439135,2.2508038585209,2,False,True,0.030816640986132512,0.349768875192604,True,13.0,True,True,13.0,True,True,47.0,False,False,False,False,True,False,True,0.5615050651230101,True,0.662557781201849,0.662557781201849,-1.0,162.25,0.7833333333333333,,0,True,False,False,False,False,Q3,<0.05R,10:30-11:00,wide,Mon
2021-12-28,down,True,122,0.08333333333333333,3.0466830466830466,2,False,True,0.07692307692307693,0.33547008547008544,True,19.0,True,True,19.0,True,True,190.0,False,False,False,False,True,False,False,-0.19047619047619047,True,-0.05555555555555555,-0.05555555555555555,-0.3795620437956204,117.0,0.5166666666666667,,1,True,False,False,False,False,Q4_strong,0.05-0.15R,12:00-13:30,mid,Tue
2021-12-30,down,True,315,0.006342494714587738,3.586206896551724,2,False,True,0.023255813953488372,0.321353065539112,True,1.0,True,True,1.0,True,False,,False,False,False,False,True,False,True,0.33402922755741127,True,0.35095137420718814,0.35095137420718814,,118.25,0.5583333333333333,,3,True,False,False,False,False,Q4_strong,<0.05R,after 13:30,mid,Thu
2021-12-31,down,True,108,0.020454545454545454,2.7777777777777777,4,False,True,0.01818181818181818,0.3659090909090909,True,1.0,True,True,2.0,True,True,8.0,False,False,False,False,True,False,True,0.4672489082969432,True,0.5272727272727272,0.5272727272727272,-1.0,110.0,0.43333333333333335,,4,True,False,False,False,False,Q3,<0.05R,12:00-13:30,mid,Fri
2022-01-03,up,True,254,0.02464332036316472,2.317596566523605,2,False,True,0.019455252918287938,0.06874189364461739,True,7.0,False,True,7.0,True,True,15.0,False,False,False,False,True,False,True,-0.004944375772558714,True,0.04409857328145266,0.04409857328145266,-0.625,192.75,0.9166666666666666,,0,False,False,False,False,False,Q3,<0.05R,after 13:30,widest,Mon
2022-01-04,down,True,4,0.022146507666098807,1.4084507042253522,5,False,True,0.07836456558773425,1.5383304940374787,True,1.0,True,False,,False,False,,False,False,False,False,True,False,True,1.8727569331158238,True,1.0,2.0,,146.75,0.75,,1,True,True,True,True,False,Q2,<0.05R,10:30-11:00,wide,Tue
2022-01-05,down,True,123,0.008665511265164644,2.0640569395017794,1,False,True,0.05199306759098787,2.38474870017331,True,1.0,True,True,1.0,True,False,,False,False,False,False,True,False,True,1.948892674616695,True,1.0,2.0,,144.25,0.6833333333333333,,2,True,True,True,True,True,Q2,<0.05R,12:00-13:30,wide,Wed
2022-01-06,up,True,27,0.06349206349206349,4.028629856850716,1,False,True,0.12400793650793651,0.17956349206349206,True,2.0,True,True,2.0,True,True,28.0,True,False,True,False,True,False,False,-1.0,True,-1.0,-1.0,0.5521126760563381,252.0,0.9833333333333333,,3,False,False,False,False,False,Q4_strong,0.05-0.15R,10:30-11:00,widest,Thu
2022-01-07,down,True,6,0.037815126050420166,0.912751677852349,4,False,True,0.046218487394957986,0.7801120448179272,True,73.0,False,True,73.0,False,True,78.0,False,False,False,False,True,False,True,0.5989583333333334,True,1.0,0.7198879551820728,-0.5356037151702786,178.5,0.8166666666666667,,4,True,True,False,False,False,Q1_weak,<0.05R,10:30-11:00,widest,Fri
2022-01-10,down,True,6,0.05568181818181818,1.2681912681912682,5,False,True,0.013636363636363636,0.19318181818181818,True,3.0,True,True,22.0,True,True,35.0,True,True,True,True,True,False,False,-1.0,True,-1.0,-1.0,1.830188679245283,220.0,0.9166666666666666,,0,False,False,False,False,False,Q1_weak,0.05-0.15R,10:30-11:00,widest,Mon
2022-01-10,up,False,201,0.0011363636363636363,0.5429864253393666,2,True,True,0.0375,0.9181818181818182,True,1.0,True,True,5.0,True,False,,False,False,False,False,True,True,True,1.7120181405895691,True,1.0,1.7181818181818183,,220.0,0.9166666666666666,,0,True,True,False,False,False,Q1_weak,<0.05R,after 13:30,widest,Mon
2022-01-11,up,True,42,0.13783403656821377,3.694779116465863,1,False,True,0.11954992967651196,1.0421940928270041,False,,False,False,,False,False,,False,False,False,False,True,True,True,1.3517089305402425,False,,,,177.75,0.7833333333333333,,1,True,True,True,False,False,Q4_strong,0.05-0.15R,11:00-12:00,wide,Tue
2022-01-12,down,True,11,0.10420841683366733,3.011015911872705,1,False,False,,0.6993987975951904,True,1.0,True,True,3.0,True,True,5.0,True,False,True,False,False,False,False,-1.0,True,1.0,-1.0,-1.0,124.75,0.55,,2,True,True,False,False,False,Q4_strong,0.05-0.15R,10:30-11:00,mid,Wed
2022-01-13,down,True,2,0.06565656565656566,2.1951219512195124,2,False,True,0.10437710437710437,2.5117845117845117,True,4.0,True,True,4.0,True,False,,False,False,False,False,False,False,True,1.6517857142857142,True,1.0,2.0,,148.5,0.7,,3,True,True,True,True,True,Q3,0.05-0.15R,10:30-11:00,wide,Thu
2022-01-14,up,True,315,0.004530011325028313,1.3707165109034267,3,False,False,,0.02944507361268403,True,1.0,False,True,1.0,True,True,1.0,False,False,False,False,False,False,False,-0.08305274971941638,True,-0.07474518686296716,-0.07474518686296716,-0.609271523178808,220.75,0.9166666666666666,,4,False,False,False,False,False,Q2,<0.05R,after 13:30,widest,Fri
2022-01-18,down,True,61,0.06134969325153374,3.9682539682539684,3,False,True,0.11503067484662577,0.6196319018404908,True,4.0,True,True,4.0,True,True,6.0,True,False,True,False,True,False,True,-1.0,True,-1.0,-1.0,-1.0,163.0,0.75,,1,True,True,False,False,False,Q4_strong,0.05-0.15R,11:00-12:00,wide,Tue
2022-01-19,down,True,2,0.016563146997929608,2.0,2,False,True,0.09316770186335403,1.8778467908902692,True,1.0,True,True,1.0,True,True,112.0,True,False,True,False,True,False,True,1.9038076152304608,True,1.0,2.0,-1.0,120.75,0.48333333333333334,,2,True,True,True,True,False,Q2,<0.05R,10:30-11:00,mid,Wed
2022-01-20,up,True,1,0.024390243902439025,1.288659793814433,3,False,True,0.0525328330206379,0.350844277673546,True,4.0,True,True,7.0,True,True,71.0,True,True,True,True,True,False,False,-1.0,True,-1.0,-1.0,1.2085889570552146,133.25,0.5333333333333333,,3,True,False,False,False,False,Q1_weak,<0.05R,10:30-11:00,mid,Thu
2022-01-20,down,False,223,0.0450281425891182,1.5022091310751102,4,True,True,0.22889305816135083,2.579737335834897,True,5.0,True,True,8.0,True,False,,False,False,False,False,False,False,True,1.7521514629948365,True,1.0,2.0,,133.25,0.5333333333333333,,3,True,True,True,True,True,Q2,<0.05R,after 13:30,mid,Thu
2022-01-21,up,True,51,0.08820960698689956,4.246823956442831,2,False,True,0.15196506550218342,0.13973799126637554,True,5.0,False,True,5.0,True,True,10.0,True,True,True,True,True,False,False,-1.0,True,-1.0,-1.0,3.0153846153846153,286.25,0.9833333333333333,,4,False,False,False,False,False,Q4_strong,0.05-0.15R,11:00-12:00,widest,Fri
2022-01-21,down,False,267,0.0017467248908296944,2.5830258302583022,5,True,True,0.05502183406113537,0.41135371179039304,True,4.0,True,True,43.0,True,True,43.0,False,False,False,False,True,False,True,0.8076588337684943,True,0.8139737991266376,0.8139737991266376,-1.0,286.25,0.9833333333333333,,4,True,False,False,False,False,Q3,<0.05R,after 13:30,widest,Fri
2022-01-24,down,True,67,0.11867364746945899,4.184008762322016,2,False,True,0.07242582897033159,0.9458987783595113,True,89.0,False,True,89.0,False,True,90.0,True,True,True,True,True,False,False,-1.0,True,-1.0,-1.0,0.7911646586345381,286.5,0.9833333333333333,,0,True,True,False,False,False,Q4_strong,0.05-0.15R,11:00-12:00,widest,Mon
2022-01-24,up,False,285,0.04537521815008726,2.1642266072565244,2,True,True,0.11867364746945899,0.9022687609075044,True,2.0,True,True,2.0,True,True,4.0,False,False,False,False,True,False,True,1.432,True,1.0,1.6527050610820244,-1.0,286.5,0.9833333333333333,,0,True,True,False,False,False,Q3,<0.05R,after 13:30,widest,Mon
2022-01-25,down,True,68,0.048462255358807084,0.9965635738831614,6,False,True,0.028890959925442685,0.08387698042870456,True,1.0,True,True,3.0,True,True,16.0,True,True,True,True,True,False,False,-1.0,True,-1.0,-1.0,2.276056338028169,268.25,0.95,,1,False,False,False,False,False,Q1_weak,<0.05R,11:00-12:00,widest,Tue
2022-01-25,up,False,230,0.03821062441752097,1.5803814713896456,1,True,False,,0.3560111835973905,True,4.0,True,True,5.0,True,True,13.0,True,False,True,False,False,False,False,-1.0,True,-1.0,-1.0,-1.0,268.25,0.95,,1,True,False,False,False,False,Q2,<0.05R,after 13:30,widest,Tue
2022-01-26,down,True,14,0.018209408194233688,1.7437722419928825,3,False,True,0.09559939301972686,2.2701062215478,True,1.0,True,True,6.0,True,True,25.0,True,True,True,True,True,False,True,-1.0,True,-1.0,-1.0,1.5317725752508362,164.75,0.7,,2,True,True,True,True,True,Q2,<0.05R,10:30-11:00,wide,Wed
2022-01-26,up,False,128,0.009104704097116844,1.7250673854447438,6,True,True,0.006069802731411229,0.7572078907435509,True,1.0,True,True,1.0,True,True,24.0,True,True,True,True,True,False,False,-1.0,True,1.0,-1.0,-1.0,164.75,0.7,,2,True,True,False,False,False,Q2,<0.05R,12:00-13:30,wide,Wed
2022-01-27,down,True,1,0.08039492242595205,3.293310463121784,1,False,True,0.07334273624823695,1.619181946403385,True,1.0,True,True,3.0,True,True,26.0,True,False,True,False,True,False,True,-1.0,True,-1.0,-1.0,-1.0,177.25,0.7,,3,True,True,True,True,False,Q4_strong,0.05-0.15R,10:30-11:00,wide,Thu
2022-01-28,up,True,24,0.030991735537190084,1.0633307271305708,3,False,True,0.026859504132231406,1.3884297520661157,True,1.0,True,True,1.0,True,False,,False,False,False,False,True,True,True,1.8249027237354085,True,1.0,2.0,,242.0,0.9,,4,True,True,True,False,False,Q1_weak,<0.05R,10:30-11:00,widest,Fri
2022-01-31,up,True,30,0.008921330089213302,1.304893350062735,2,False,True,0.0056772100567721,0.6171938361719383,True,1.0,True,True,5.0,True,True,9.0,False,False,False,False,True,False,True,1.091633466135458,True,1.0,1.1289537712895377,-1.0,308.25,0.9833333333333333,,0,True,True,False,False,False,Q1_weak,<0.05R,10:30-11:00,widest,Mon
2022-02-01,up,True,300,0.04152637485970819,3.324675324675325,3,False,True,0.04713804713804714,0.30303030303030304,True,8.0,True,True,8.0,True,True,9.0,False,False,False,False,True,False,True,0.25077720207253884,True,0.3546576879910213,0.3546576879910213,-1.0,222.75,0.8333333333333334,,1,True,False,False,False,False,Q4_strong,<0.05R,after 13:30,widest,Tue
2022-02-02,down,True,32,0.006611570247933884,0.8216216216216217,3,False,False,,0.5636363636363636,True,1.0,True,True,3.0,True,True,71.0,True,False,True,False,False,False,False,-1.0,True,1.0,-1.0,0.358974358974359,151.25,0.55,,2,True,True,False,False,False,Q1_weak,<0.05R,11:00-12:00,mid,Wed
2022-02-03,up,True,0,0.04361873990306947,1.3602550478214666,2,False,False,,0.06623586429725363,True,1.0,False,True,1.0,True,True,1.0,True,True,True,True,False,False,False,-1.0,True,-1.0,-1.0,2.5294117647058822,154.75,0.55,,3,False,False,False,False,False,Q2,<0.05R,10:30-11:00,mid,Thu
2022-02-03,down,False,89,0.07269789983844911,4.112554112554112,6,True,True,0.1098546042003231,1.4297253634894993,True,1.0,True,True,15.0,True,False,,False,False,False,False,True,False,True,1.619181946403385,True,1.0,2.0,,154.75,0.55,,3,True,True,True,False,False,Q4_strong,0.05-0.15R,11:00-12:00,mid,Thu
2022-02-04,up,True,150,0.050213675213675216,3.8061041292639137,2,False,True,0.0876068376068376,0.6527777777777778,False,,False,False,,False,False,,False,False,False,False,True,True,True,0.013592233009708738,False,,,,234.0,0.85,,4,True,True,False,False,False,Q4_strong,0.05-0.15R,12:00-13:30,widest,Fri
2022-02-07,down,True,47,0.10642201834862386,3.4482758620689653,3,False,True,0.04954128440366973,1.163302752293578,True,2.0,True,True,2.0,True,True,192.0,False,False,False,False,True,False,True,1.4735249621785174,True,1.0,2.0,-1.0,136.25,0.38333333333333336,,0,True,True,True,False,False,Q4_strong,0.05-0.15R,11:00-12:00,mid,Mon
2022-02-08,up,True,16,0.058091286307053944,2.4,6,False,True,0.13692946058091288,1.5601659751037344,True,4.0,True,False,,False,False,,False,False,False,False,False,False,True,1.687732342007435,True,1.0,2.0,,120.5,0.2916666666666667,,1,True,True,True,True,False,Q3,0.05-0.15R,10:30-11:00,narrow,Tue
2022-02-09,up,True,30,0.09948979591836735,2.5174825174825175,6,False,True,0.061224489795918366,0.9489795918367347,True,2.0,True,True,7.0,True,False,,False,False,False,False,True,False,True,1.4,True,1.0,1.8775510204081634,,98.0,0.08333333333333333,,2,True,True,False,False,False,Q3,0.05-0.15R,10:30-11:00,narrowest,Wed
2022-02-10,up,True,8,0.009765625,3.288135593220339,2,False,True,0.056640625,0.1494140625,True,1.0,True,True,7.0,True,True,13.0,True,True,True,True,True,False,False,-1.0,True,-1.0,-1.0,3.218637992831541,256.0,0.9166666666666666,,3,False,False,False,False,False,Q4_strong,<0.05R,10:30-11:00,widest,Thu
2022-02-10,down,False,226,0.001953125,0.8870967741935483,3,True,True,0.0146484375,0.44140625,True,1.0,True,True,1.0,True,True,10.0,False,False,False,False,True,False,True,0.245136186770428,True,0.25,0.25,-1.0,256.0,0.9166666666666666,,3,True,False,False,False,False,Q1_weak,<0.05R,after 13:30,widest,Thu
2022-02-11,down,True,44,0.026874115983026876,1.3504074505238648,1,False,True,0.007072135785007072,2.314002828854314,True,1.0,True,True,6.0,True,False,,False,False,False,False,True,False,True,1.8469798657718122,True,1.0,2.0,,176.75,0.6333333333333333,,4,True,True,True,True,True,Q2,<0.05R,11:00-12:00,wide,Fri
2022-02-14,up,True,49,0.02127659574468085,0.8312342569269521,5,False,True,0.016366612111292964,0.3878887070376432,True,1.0,True,True,1.0,True,True,146.0,True,True,True,True,True,False,False,-1.0,True,-1.0,-1.0,0.6892430278884463,152.75,0.5166666666666667,,0,True,False,False,False,False,Q1_weak,<0.05R,11:00-12:00,mid,Mon
2022-02-14,down,False,204,0.088379705400982,2.5872093023255816,3,True,True,0.088379705400982,0.5237315875613748,True,1.0,True,True,34.0,False,True,40.0,True,False,True,False,True,False,False,-1.0,True,1.0,-1.0,0.27593360995850624,152.75,0.5166666666666667,,0,True,True,False,False,False,Q3,0.05-0.15R,after 13:30,mid,Mon
2022-02-15,up,True,11,0.045454545454545456,1.8726591760299627,5,False,True,0.06493506493506493,1.2045454545454546,True,1.0,True,True,15.0,True,True,97.0,True,True,True,True,True,True,True,-1.0,True,1.0,-1.0,0.4797507788161994,77.0,0.016666666666666666,,1,True,True,True,False,False,Q2,<0.05R,10:30-11:00,narrowest,Tue
2022-02-15,down,False,137,0.016233766233766232,4.107142857142857,2,True,True,0.16558441558441558,0.22727272727272727,True,1.0,True,True,4.0,True,True,13.0,True,True,True,True,True,False,False,-1.0,True,-1.0,-1.0,1.197674418604651,77.0,0.016666666666666666,,1,False,False,False,False,False,Q4_strong,<0.05R,12:00-13:30,narrowest,Tue
2022-02-16,up,True,231,0.10845588235294118,2.3255813953488373,5,False,True,0.21323529411764705,0.9411764705882353,False,,False,False,,False,False,,False,False,False,False,True,True,True,0.8429003021148036,False,,,,136.0,0.3333333333333333,,2,True,True,False,False,False,Q3,0.05-0.15R,after 13:30,narrow,Wed
2022-02-17,down,True,21,0.09235668789808917,3.473684210526316,2,False,False,,1.2101910828025477,True,1.0,True,True,2.0,True,True,3.0,False,False,False,False,False,False,True,1.532258064516129,True,1.0,2.0,-1.0,157.0,0.55,,3,True,True,True,False,False,Q4_strong,0.05-0.15R,10:30-11:00,mid,Thu
2022-02-18,down,True,0,0.13148148148148148,2.423603793466807,4,False,True,0.13703703703703704,1.3296296296296297,True,238.0,False,True,240.0,False,True,241.0,False,False,False,False,True,False,True,1.3753665689149561,True,1.0,1.1962962962962962,-0.5292014302741359,135.0,0.3,,4,True,True,True,False,False,Q3,0.05-0.15R,10:30-11:00,narrow,Fri
2022-02-22,down,True,83,0.013211382113821139,2.3248407643312103,3,True,True,0.046747967479674794,0.6148373983739838,True,1.0,True,True,6.0,True,True,179.0,True,False,True,False,True,False,False,-1.0,True,1.0,-1.0,-0.23921085080147966,246.0,0.8666666666666667,,1,True,True,False,False,False,Q3,<0.05R,11:00-12:00,widest,Tue
2022-02-23,down,True,0,0.009523809523809525,0.9988901220865706,2,False,False,,1.270899470899471,True,1.0,True,True,1.0,True,True,1.0,False,False,False,False,False,False,True,1.9439252336448598,True,1.0,2.0,-1.0,236.25,0.8166666666666667,,2,True,True,True,False,False,Q1_weak,<0.05R,10:30-11:00,widest,Wed
2022-02-24,up,True,39,0.012933568489124045,0.6451612903225806,6,False,True,0.006466784244562022,1.1757789535567313,True,1.0,True,True,1.0,True,True,74.0,False,False,False,False,True,False,True,1.9243553008595988,True,1.0,2.0,-1.0,425.25,1.0,,3,True,True,True,False,False,Q1_weak,<0.05R,11:00-12:00,widest,Thu
2022-02-25,up,True,13,0.048143053645116916,1.513622603430878,5,False,True,0.08528198074277854,0.9546079779917469,False,,False,False,,False,False,,False,False,False,False,True,True,True,1.6085319949811794,False,,,,181.75,0.65,,4,True,True,False,False,False,Q2,<0.05R,10:30-11:00,wide,Fri
2022-02-28,up,True,8,0.09423076923076923,1.9106699751861043,1,False,True,0.08846153846153847,1.0384615384615385,True,94.0,False,True,94.0,False,True,94.0,True,True,True,True,True,True,True,1.5242718446601942,True,-1.0,-1.0,0.8596491228070176,130.0,0.25,,0,True,True,True,False,False,Q2,0.05-0.15R,10:30-11:00,narrow,Mon
2022-02-28,down,False,218,0.075,2.6537997587454765,2,True,True,0.12692307692307692,0.2423076923076923,True,6.0,True,True,6.0,True,True,36.0,True,True,True,True,True,False,False,-1.0,True,-1.0,-1.0,1.298932384341637,130.0,0.25,,0,False,False,False,False,False,Q3,0.05-0.15R,after 13:30,narrow,Mon
2022-03-01,down,True,27,0.07341269841269842,1.9858156028368794,2,False,False,,1.9603174603174602,True,1.0,True,True,1.0,True,True,6.0,True,False,True,False,False,False,True,-1.0,True,-1.0,-1.0,-1.0,126.0,0.25,,1,True,True,True,True,False,Q2,0.05-0.15R,10:30-11:00,narrow,Tue
2022-03-02,up,True,36,0.07692307692307693,1.336996336996337,1,False,False,,0.8965034965034965,False,,False,False,,False,False,,False,False,False,False,False,False,True,0.9090909090909091,False,,,,178.75,0.6666666666666666,,2,True,True,False,False,False,Q2,0.05-0.15R,11:00-12:00,wide,Wed
2022-03-03,down,True,7,0.05908096280087528,2.569105691056911,2,False,True,0.0525164113785558,0.7527352297592997,True,66.0,True,True,66.0,True,True,116.0,False,False,False,False,True,False,True,0.6105675146771037,True,1.0,0.8008752735229759,-1.0,228.5,0.8,,3,True,True,False,False,False,Q3,0.05-0.15R,10:30-11:00,wide,Thu
2022-03-04,down,True,15,0.02295918367346939,1.7577197149643704,2,False,False,,0.3354591836734694,True,1.0,True,True,1.0,True,True,86.0,True,False,True,False,False,False,False,-1.0,True,-1.0,-1.0,-0.07407407407407407,196.0,0.7333333333333333,,4,True,False,False,False,False,Q2,<0.05R,10:30-11:00,wide,Fri
2022-03-07,down,True,12,0.029983792544570502,2.7777777777777777,2,False,True,0.04781199351701783,0.8346839546191248,True,1.0,True,True,3.0,True,True,23.0,False,False,False,False,True,False,True,1.4785932721712538,True,1.0,1.627228525121556,-1.0,308.5,0.9833333333333333,,0,True,True,False,False,False,Q3,<0.05R,10:30-11:00,widest,Mon
2022-03-08,down,True,4,0.01164021164021164,0.719225449515906,4,False,True,0.013756613756613757,0.08253968253968254,True,1.0,True,True,1.0,True,True,20.0,True,True,True,True,True,False,False,-1.0,True,-1.0,-1.0,-1.0,236.25,0.8083333333333333,,1,False,False,False,False,False,Q1_weak,<0.05R,10:30-11:00,widest,Tue
2022-03-08,up,False,100,0.0010582010582010583,1.9305019305019306,1,True,True,0.027513227513227514,1.235978835978836,True,1.0,True,True,108.0,False,True,110.0,True,False,True,False,True,True,False,1.993664202745512,True,1.0,2.0,0.2632386799693016,236.25,0.8083333333333333,,1,True,True,True,False,False,Q2,<0.05R,12:00-13:30,widest,Tue
2022-03-09,up,True,5,0.018092105263157895,1.7496962332928312,2,False,True,0.008223684210526315,0.9720394736842105,True,1.0,True,True,1.0,True,True,36.0,False,False,False,False,True,False,True,1.1555555555555554,True,1.0,1.2335526315789473,-1.0,152.0,0.4166666666666667,,2,True,True,False,False,False,Q2,<0.05R,10:30-11:00,mid,Wed
2022-03-10,down,True,3,0.05976095617529881,2.4041450777202074,2,False,True,0.20916334661354583,0.7171314741035857,True,3.0,True,True,8.0,True,True,196.0,True,True,True,True,True,False,False,-1.0,True,1.0,-1.0,0.6082089552238806,125.5,0.21666666666666667,,3,True,True,False,False,False,Q3,0.05-0.15R,10:30-11:00,narrow,Thu
2022-03-10,up,False,258,0.043824701195219126,3.7358490566037736,2,True,True,0.14940239043824702,0.19322709163346613,True,7.0,False,True,12.0,True,True,18.0,False,False,False,False,True,False,False,-0.38095238095238093,True,-0.32669322709163345,-0.32669322709163345,-0.2868525896414343,125.5,0.21666666666666667,,3,False,False,False,False,False,Q4_strong,<0.05R,after 13:30,narrow,Thu
2022-03-11,down,True,36,0.0011627906976744186,2.2635658914728682,4,False,True,0.05465116279069768,1.0546511627906976,True,1.0,True,True,1.0,True,False,,False,False,False,False,False,False,True,1.9930394431554523,True,1.0,2.0,,215.0,0.7,,4,True,True,True,False,False,Q3,<0.05R,11:00-12:00,wide,Fri
2022-03-14,down,True,73,0.04491413474240423,3.347826086956522,4,False,True,0.03830911492734478,0.9749009247027741,True,3.0,True,False,,False,False,,False,False,False,False,False,False,True,1.3866666666666667,True,1.0,1.6010568031704095,,189.25,0.6333333333333333,,0,True,True,False,False,False,Q4_strong,<0.05R,11:00-12:00,wide,Mon
2022-03-15,up,True,0,0.05747126436781609,1.296829971181556,4,False,True,0.07183908045977011,1.293103448275862,True,229.0,True,False,,False,False,,False,False,False,False,True,True,True,1.690721649484536,True,1.0,2.0,,174.0,0.5166666666666667,,1,True,True,True,False,False,Q1_weak,0.05-0.15R,10:30-11:00,mid,Tue
2022-03-16,up,True,1,0.023333333333333334,1.1838790931989924,2,False,True,0.02,0.5344444444444445,True,1.0,True,True,6.0,True,True,11.0,True,True,True,True,True,False,True,-1.0,True,-1.0,-1.0,3.460526315789474,225.0,0.7666666666666667,,2,True,True,False,False,False,Q1_weak,<0.05R,10:30-11:00,wide,Wed
2022-03-16,down,False,215,0.013333333333333334,1.9304347826086956,3,True,False,,0.6633333333333333,True,1.0,True,True,1.0,True,True,48.0,True,True,True,True,False,False,False,-1.0,True,1.0,-1.0,0.497,225.0,0.7666666666666667,,2,True,True,False,False,False,Q2,<0.05R,after 13:30,wide,Wed
2022-03-17,up,True,176,0.027096774193548386,4.2639593908629445,2,False,True,0.08645161290322581,0.5638709677419355,True,106.0,True,True,106.0,True,False,,False,False,False,False,True,True,True,0.9938800489596084,True,1.0,1.1019354838709678,,193.75,0.6666666666666666,,3,True,True,False,False,False,Q4_strong,<0.05R,12:00-13:30,wide,Thu
2022-03-18,up,True,36,0.006993006993006993,1.9307832422586522,1,False,True,0.007992007992007992,0.7142857142857143,True,1.0,True,True,3.0,True,True,10.0,False,False,False,False,True,False,True,1.2866995073891625,True,1.0,1.3186813186813187,-1.0,250.25,0.8666666666666667,,4,True,True,False,False,False,Q2,<0.05R,11:00-12:00,widest,Fri
2022-03-21,down,True,165,0.03664921465968586,1.6368286445012787,2,False,True,0.0062827225130890054,0.18534031413612564,True,1.0,True,True,16.0,True,True,18.0,True,False,True,False,True,False,False,-1.0,True,-1.0,-1.0,1.9189189189189189,238.75,0.8166666666666667,,0,False,False,False,False,False,Q2,<0.05R,12:00-13:30,widest,Mon
2022-03-22,up,True,0,0.02883506343713956,2.204724409448819,2,False,True,0.0196078431372549,0.461361014994233,True,112.0,True,True,112.0,True,True,116.0,False,False,False,False,True,False,True,0.5059978189749182,True,0.5928489042675894,0.5928489042675894,-1.0,216.75,0.6666666666666666,,1,True,False,False,False,False,Q3,<0.05R,10:30-11:00,wide,Tue
2022-03-23,up,True,3,0.022263450834879406,1.2628865979381445,2,False,True,0.0055658627087198514,0.6437847866419295,True,1.0,True,True,1.0,True,True,9.0,True,True,True,True,True,False,False,-1.0,True,-1.0,-1.0,-1.0,134.75,0.21666666666666667,,2,True,True,False,False,False,Q1_weak,<0.05R,10:30-11:00,narrow,Wed
2022-03-23,down,False,327,0.05380333951762523,1.0483870967741935,2,True,True,0.016697588126159554,0.14656771799628943,False,,False,False,,False,False,,False,False,False,False,False,False,True,0.1273031825795645,False,,,,134.75,0.21666666666666667,,2,False,False,False,False,False,Q1_weak,0.05-0.15R,after 13:30,narrow,Wed
2022-03-24,down,True,0,0.02927927927927928,1.1936339522546418,2,False,False,,0.1036036036036036,True,1.0,False,True,1.0,True,True,2.0,True,True,True,True,False,False,False,-1.0,True,-1.0,-1.0,0.9838056680161943,111.0,0.06666666666666667,,3,False,False,False,False,False,Q1_weak,<0.05R,10:30-11:00,narrowest,Thu
2022-03-24,up,False,35,0.05405405405405406,2.348008385744235,2,True,True,0.06756756756756757,1.9166666666666667,True,3.0,True,True,3.0,True,True,3.0,False,False,False,False,True,False,True,1.7073170731707317,True,1.0,2.0,-1.0,111.0,0.06666666666666667,,3,True,True,True,True,False,Q3,0.05-0.15R,11:00-12:00,narrowest,Thu
2022-03-25,up,True,6,0.002652519893899204,0.1457725947521866,7,False,True,0.10079575596816977,0.20689655172413793,True,1.0,True,True,2.0,True,True,19.0,True,True,True,True,True,False,False,-1.0,True,-1.0,-1.0,0.4918032786885246,94.25,0.03333333333333333,,4,False,False,False,False,False,Q1_weak,<0.05R,10:30-11:00,narrowest,Fri
2022-03-25,down,False,38,0.1246684350132626,2.7374301675977657,2,True,True,0.21220159151193635,1.2917771883289124,True,166.0,False,True,168.0,False,True,175.0,True,False,True,False,True,True,False,1.4012738853503184,True,-1.0,-1.0,0.17903225806451614,94.25,0.03333333333333333,,4,True,True,True,False,False,Q3,0.05-0.15R,11:00-12:00,narrowest,Fri
2022-03-28,down,True,78,0.006153846153846154,2.229965156794425,1,False,True,0.06153846153846154,0.3,True,1.0,True,True,13.0,True,True,56.0,True,True,True,True,True,False,False,-1.0,True,-1.0,-1.0,2.2007575757575757,162.5,0.4166666666666667,,0,True,False,False,False,False,Q3,<0.05R,11:00-12:00,mid,Mon
2022-03-28,up,False,265,0.018461538461538463,2.633744855967078,1,True,True,0.03538461538461538,0.46615384615384614,True,1.0,True,False,,False,False,,False,False,False,False,True,False,True,0.8545994065281899,True,0.9230769230769231,0.9230769230769231,,162.5,0.4166666666666667,,0,True,False,False,False,False,Q3,<0.05R,after 13:30,mid,Mon
2022-03-29,up,True,258,0.014705882352941176,2.084942084942085,2,False,True,0.012032085561497326,0.26336898395721925,True,1.0,True,True,1.0,True,False,,False,False,False,False,True,False,True,0.2,True,0.23529411764705882,0.23529411764705882,,187.0,0.5666666666666667,,1,True,False,False,False,False,Q3,<0.05R,after 13:30,mid,Tue
2022-03-30,up,True,6,0.03380281690140845,5.4822335025380715,1,False,True,0.16338028169014085,0.05352112676056338,True,1.0,True,True,1.0,True,True,13.0,True,True,True,True,True,False,False,-1.0,True,-1.0,-1.0,2.0161290322580645,88.75,0.03333333333333333,,2,False,False,False,False,False,Q4_strong,<0.05R,10:30-11:00,narrowest,Wed
2022-03-30,down,False,35,0.061971830985915494,1.4588235294117646,3,True,True,0.04788732394366197,1.4535211267605634,True,29.0,True,True,29.0,False,True,56.0,True,False,True,False,True,False,True,-1.0,True,-1.0,-1.0,-1.0,88.75,0.03333333333333333,,2,True,True,True,False,False,Q2,0.05-0.15R,11:00-12:00,narrowest,Wed
2022-03-31,down,True,302,0.018145161290322582,1.6826923076923077,3,True,True,0.06854838709677419,0.8911290322580645,True,4.0,True,True,4.0,True,False,,False,False,False,False,True,False,True,1.4591439688715953,True,1.0,1.5483870967741935,,124.0,0.13333333333333333,,3,True,True,False,False,False,Q2,<0.05R,after 13:30,narrowest,Thu
2022-04-01,down,True,65,0.07768924302788845,3.249427917620137,3,False,True,0.13745019920318724,0.649402390438247,True,19.0,True,True,150.0,False,True,175.0,True,False,True,False,True,False,False,-1.0,True,1.0,-1.0,0.29256594724220625,125.5,0.175,,4,True,True,False,False,False,Q4_strong,0.05-0.15R,11:00-12:00,narrow,Fri
2022-04-04,up,True,30,0.021592442645074223,2.481012658227848,2,False,True,0.02564102564102564,0.5303643724696356,True,190.0,True,False,,False,False,,False,False,False,False,True,True,True,0.9521345407503234,True,1.0,1.0364372469635628,,185.25,0.5833333333333334,,0,True,True,False,False,False,Q3,<0.05R,10:30-11:00,mid,Mon
2022-04-05,down,True,8,0.06218905472636816,2.504230118443316,2,False,True,0.06467661691542288,0.7711442786069652,True,7.0,True,True,7.0,True,True,15.0,False,False,False,False,True,False,True,0.8075221238938053,True,1.0,1.0323383084577114,-1.0,201.0,0.65,,1,True,True,False,False,False,Q3,0.05-0.15R,10:30-11:00,wide,Tue
2022-04-06,down,True,39,0.009345794392523364,1.6438356164383563,5,False,False,,0.32843791722296395,True,1.0,True,True,1.0,True,True,14.0,True,True,True,True,False,False,False,-1.0,True,-1.0,-1.0,-1.0,187.25,0.6,,2,True,False,False,False,False,Q2,<0.05R,11:00-12:00,wide,Wed
2022-04-07,down,True,10,0.008403361344537815,2.7861771058315337,4,False,True,0.1865546218487395,0.9563025210084034,True,3.0,True,True,10.0,True,True,255.0,True,True,True,True,True,False,False,-1.0,True,1.0,-1.0,0.2449197860962567,148.75,0.3333333333333333,,3,True,True,False,False,False,Q3,<0.05R,10:30-11:00,narrow,Thu
2022-04-07,up,False,281,0.02689075630252101,0.7972270363951472,4,True,True,0.013445378151260505,0.173109243697479,True,7.0,False,True,8.0,True,True,12.0,True,False,True,False,True,False,False,-1.0,True,-1.0,-1.0,0.7416267942583732,148.75,0.3333333333333333,,3,False,False,False,False,False,Q1_weak,<0.05R,after 13:30,narrow,Thu
2022-04-08,up,True,31,0.015220700152207,1.7050691244239633,1,False,True,0.0395738203957382,0.1308980213089802,True,1.0,True,True,5.0,True,True,5.0,True,True,True,True,True,False,False,-1.0,True,-1.0,-1.0,-1.0,164.25,0.45,,4,False,False,False,False,False,Q2,<0.05R,11:00-12:00,mid,Fri
2022-04-11,down,True,10,0.012987012987012988,2.2743682310469313,6,False,True,0.03525046382189239,0.575139146567718,True,1.0,True,True,16.0,True,True,140.0,True,False,True,False,True,False,True,-1.0,True,-1.0,-1.0,-1.0,134.75,0.24166666666666667,,0,True,True,False,False,False,Q3,<0.05R,10:30-11:00,narrow,Mon
2022-04-12,down,True,18,0.013677811550151976,5.205479452054794,2,False,True,0.1762917933130699,1.4088145896656534,True,4.0,True,True,8.0,True,True,32.0,True,False,True,False,True,False,True,-1.0,True,-1.0,-1.0,-1.0,164.5,0.4666666666666667,,1,True,True,True,False,False,Q4_strong,<0.05R,10:30-11:00,mid,Tue
2022-04-13,up,True,0,0.049575070821529746,5.252525252525253,1,False,True,0.09631728045325778,0.9575070821529745,True,2.0,True,True,2.0,True,True,7.0,False,False,False,False,True,False,True,1.190721649484536,True,1.0,1.4079320113314449,-1.0,176.5,0.5,,2,True,True,False,False,False,Q4_strong,<0.05R,10:30-11:00,mid,Wed
2022-04-14,down,True,8,0.05269320843091335,5.530434782608696,6,False,True,0.08079625292740047,0.6920374707259953,True,1.0,True,True,1.0,True,True,46.0,False,False,False,False,True,False,True,1.0889830508474576,True,1.0,1.3091334894613582,-1.0,213.5,0.6833333333333333,,3,True,True,False,False,False,Q4_strong,0.05-0.15R,10:30-11:00,wide,Thu
2022-04-18,down,True,103,0.009971509971509971,0.783289817232376,1,False,False,,0.2336182336182336,True,1.0,True,True,54.0,True,True,54.0,True,False,True,False,False,False,False,-1.0,True,-1.0,-1.0,1.8950276243093922,175.5,0.4666666666666667,,0,False,False,False,False,False,Q1_weak,<0.05R,12:00-13:30,mid,Mon
2022-04-19,up,True,8,0.041666666666666664,6.188679245283019,1,False,True,0.07196969696969698,0.5473484848484849,False,,False,False,,False,False,,False,False,False,False,True,True,True,0.7255244755244755,False,,,,264.0,0.9166666666666666,,1,True,True,False,False,False,Q4_strong,<0.05R,10:30-11:00,widest,Tue
2022-04-20,down,True,49,0.013963480128893663,0.48048048048048053,2,False,True,0.015037593984962405,0.3469387755102041,True,1.0,True,True,1.0,True,True,11.0,False,False,False,False,True,False,True,0.2549634273772205,True,0.2900107411385607,0.2900107411385607,-1.0,232.75,0.7833333333333333,,2,True,False,False,False,False,Q1_weak,<0.05R,11:00-12:00,wide,Wed
2022-04-21,down,True,17,0.08370702541106129,2.2290076335877864,3,False,True,0.07623318385650224,2.6053811659192827,True,25.0,True,False,,False,False,,False,False,False,False,True,False,True,1.5697823303457106,True,1.0,2.0,,167.25,0.45,,3,True,True,True,True,True,Q3,0.05-0.15R,10:30-11:00,mid,Thu
2022-04-22,down,True,67,0.014120667522464698,1.8224299065420562,3,False,True,0.03465982028241335,1.2477535301668805,False,,False,False,,False,False,,False,False,False,False,False,False,True,1.9176029962546817,False,,,,194.75,0.65,,4,True,True,True,False,False,Q2,<0.05R,11:00-12:00,wide,Fri
2022-04-25,up,True,0,0.01023391812865497,1.1120615911035072,2,False,True,0.09649122807017543,0.7967836257309941,True,10.0,True,True,10.0,True,True,21.0,True,False,True,False,True,False,True,-1.0,True,-1.0,-1.0,-1.0,171.0,0.45,,0,True,True,False,False,False,Q1_weak,<0.05R,10:30-11:00,mid,Mon
2022-04-26,down,True,8,0.05035335689045936,3.534777651083238,1,False,False,,0.5706713780918727,True,1.0,True,True,5.0,True,True,108.0,False,False,False,False,False,False,True,0.92776886035313,True,1.0,1.1219081272084805,-1.0,283.0,0.95,,1,True,True,False,False,False,Q4_strong,0.05-0.15R,10:30-11:00,widest,Tue
2022-04-27,down,True,1,0.008071025020177562,1.5665399239543727,1,False,False,,0.04923325262308313,True,1.0,True,True,1.0,True,True,3.0,True,False,True,False,False,False,False,-1.0,True,-1.0,-1.0,0.32407407407407407,309.75,0.9833333333333333,,2,False,False,False,False,False,Q2,<0.05R,10:30-11:00,widest,Wed
2022-04-28,down,True,3,0.04257767548906789,1.0176125244618395,2,False,False,,0.14039125431530494,True,1.0,True,True,4.0,True,True,4.0,True,True,True,True,False,False,False,-1.0,True,-1.0,-1.0,-1.0,217.25,0.75,,3,False,False,False,False,False,Q1_weak,<0.05R,10:30-11:00,wide,Thu
2022-04-28,up,False,125,0.02186421173762946,0.8247422680412371,9,True,True,0.018411967779056387,1.2025316455696202,True,1.0,True,False,,False,False,,False,False,False,False,True,True,True,1.8743109151047408,True,1.0,2.0,,217.25,0.75,,3,True,True,True,False,False,Q1_weak,<0.05R,12:00-13:30,wide,Thu
2022-04-29,down,True,5,0.02306805074971165,1.4645308924485125,3,False,True,0.04382929642445214,1.7739331026528258,True,3.0,True,True,3.0,True,False,,False,False,False,False,True,False,True,1.8676957001102537,True,1.0,2.0,,216.75,0.725,,4,True,True,True,True,False,Q2,<0.05R,10:30-11:00,wide,Fri
2022-05-02,up,True,0,0.08946322067594434,2.4193548387096775,3,False,True,0.09045725646123261,0.3489065606361829,True,5.0,True,True,6.0,True,True,17.0,True,True,True,True,True,False,True,-1.0,True,-1.0,-1.0,2.155844155844156,251.5,0.9,,0,True,False,False,False,False,Q3,0.05-0.15R,10:30-11:00,widest,Mon
2022-05-02,down,False,225,0.036779324055666,0.77502691065662,5,True,False,,0.1312127236580517,True,1.0,True,True,6.0,True,True,38.0,True,True,True,True,False,False,False,-1.0,True,-1.0,-1.0,1.722488038277512,251.5,0.9,,0,False,False,False,False,False,Q1_weak,<0.05R,after 13:30,widest,Mon
2022-05-03,up,True,167,0.012244897959183673,1.045045045045045,4,False,False,,0.17142857142857143,True,1.0,True,True,1.0,True,True,10.0,True,False,True,False,False,False,False,-1.0,True,-1.0,-1.0,-1.0,183.75,0.5333333333333333,,1,False,False,False,False,False,Q1_weak,<0.05R,12:00-13:30,mid,Tue
2022-05-04,down,True,21,0.001364256480218281,0.8721804511278195,4,False,True,0.027285129604365622,0.26193724420190995,True,1.0,True,True,3.0,True,True,82.0,True,True,True,True,True,False,False,-1.0,True,-1.0,-1.0,1.5837988826815643,183.25,0.5166666666666667,,2,True,False,False,False,False,Q1_weak,<0.05R,10:30-11:00,mid,Wed
2022-05-04,up,False,151,0.02592087312414734,1.9903691813804174,6,True,True,0.020463847203274217,2.4065484311050476,True,1.0,True,True,4.0,True,True,66.0,True,False,True,False,True,False,True,-1.0,True,1.0,-1.0,-1.0,183.25,0.5166666666666667,,2,True,True,True,True,True,Q2,<0.05R,12:00-13:30,mid,Wed
2022-05-05,down,True,2,0.03950256035113387,1.7016806722689075,2,False,True,0.023408924652523776,0.8756400877834675,False,,False,False,,False,False,,False,False,False,False,True,False,True,0.7172881355932204,False,,,,341.75,0.9833333333333333,,3,True,True,False,False,False,Q2,<0.05R,10:30-11:00,widest,Thu
2022-05-06,up,True,27,0.015552099533437015,1.5141242937853108,1,False,False,,0.2744945567651633,True,1.0,True,True,2.0,True,True,6.0,True,False,True,False,False,False,False,-1.0,True,-1.0,-1.0,-1.0,321.5,0.9666666666666667,,4,True,False,False,False,False,Q2,<0.05R,10:30-11:00,widest,Fri
2022-05-09,down,True,0,0.010739856801909307,0.2660217654171705,5,False,True,0.02028639618138425,1.0071599045346062,True,5.0,True,True,15.0,True,True,100.0,False,False,False,False,True,False,True,1.9369158878504673,True,1.0,2.0,-1.0,209.5,0.65,,0,True,True,True,False,False,Q1_weak,<0.05R,10:30-11:00,wide,Mon
2022-05-10,down,True,12,0.022538552787663108,0.7662835249042145,8,False,True,0.03202846975088968,0.7888493475682088,True,1.0,True,True,1.0,True,True,175.0,True,False,True,False,True,False,False,-1.0,True,1.0,-1.0,-0.30303030303030304,210.75,0.65,,1,True,True,False,False,False,Q1_weak,<0.05R,10:30-11:00,wide,Tue
2022-05-11,down,True,146,0.009022556390977444,2.355828220858896,1,False,True,0.0443609022556391,0.6240601503759399,True,3.0,True,True,108.0,True,False,,False,False,False,False,True,False,True,0.9940915805022157,True,1.0,1.0300751879699248,,332.5,0.9666666666666667,,2,True,True,False,False,False,Q3,<0.05R,12:00-13:30,widest,Wed
2022-05-12,up,True,25,0.009922041105598866,0.4034969737726967,3,False,True,0.01771793054571226,0.24592487597448617,True,3.0,True,True,6.0,True,True,36.0,True,True,True,True,True,False,False,-1.0,True,-1.0,-1.0,2.21978021978022,352.75,0.9833333333333333,,3,False,False,False,False,False,Q1_weak,<0.05R,10:30-11:00,widest,Thu
2022-05-12,down,False,253,0.001417434443656981,1.1067193675889326,3,True,False,,0.012048192771084338,True,1.0,True,True,1.0,True,True,1.0,True,False,True,False,False,False,False,-1.0,True,-1.0,-1.0,12.813333333333333,352.75,0.9833333333333333,,3,False,False,False,False,False,Q1_weak,<0.05R,after 13:30,widest,Thu
2022-05-13,up,True,56,0.0036496350364963502,0.7770961145194274,2,False,True,0.024635036496350366,0.3403284671532847,True,5.0,True,True,7.0,True,True,134.0,False,False,False,False,True,False,True,0.3242753623188406,True,0.33394160583941607,0.33394160583941607,-1.0,274.0,0.8666666666666667,,4,True,False,False,False,False,Q1_weak,<0.05R,11:00-12:00,widest,Fri
2022-05-16,down,True,30,0.018922852983988356,1.2224108658743633,3,False,False,,0.07714701601164484,True,1.0,True,True,1.0,True,True,11.0,True,True,True,True,False,False,False,-1.0,True,-1.0,-1.0,2.425925925925926,171.75,0.31666666666666665,,0,False,False,False,False,False,Q1_weak,<0.05R,10:30-11:00,narrow,Mon
2022-05-16,up,False,238,0.03056768558951965,1.2072434607645874,3,True,True,0.02911208151382824,0.1615720524017467,True,1.0,True,True,8.0,True,True,20.0,True,False,True,False,True,False,False,-1.0,True,-1.0,-1.0,2.0792079207920793,171.75,0.31666666666666665,,0,False,False,False,False,False,Q1_weak,<0.05R,after 13:30,narrow,Mon
2022-05-17,down,True,5,0.11320754716981132,2.385861561119293,3,False,True,0.045283018867924525,0.5641509433962264,True,43.0,False,True,43.0,False,True,48.0,True,True,True,True,True,False,False,-1.0,True,-1.0,-1.0,1.2047872340425532,132.5,0.15,,1,True,True,False,False,False,Q3,0.05-0.15R,10:30-11:00,narrowest,Tue
2022-05-17,up,False,259,0.009433962264150943,1.5441176470588236,6,True,True,0.026415094339622643,0.31886792452830187,True,1.0,True,True,1.0,True,False,,False,False,False,False,True,False,True,0.3888888888888889,True,0.41509433962264153,0.41509433962264153,,132.5,0.15,,1,True,False,False,False,False,Q2,<0.05R,after 13:30,narrowest,Tue
2022-05-18,down,True,4,0.03409090909090909,0.9734513274336284,1,False,False,,3.6568181818181817,True,12.0,True,True,13.0,True,True,14.0,False,False,False,False,False,False,True,1.8085106382978724,True,1.0,2.0,-1.0,110.0,0.05,,2,True,True,True,True,True,Q1_weak,<0.05R,10:30-11:00,narrowest,Wed
2022-05-19,up,True,66,0.009345794392523364,0.8913649025069639,4,False,True,0.018691588785046728,0.31542056074766356,True,1.0,True,True,44.0,True,True,60.0,True,False,True,False,True,False,False,-1.0,True,-1.0,-1.0,0.8310502283105022,214.0,0.65,,3,True,False,False,False,False,Q1_weak,<0.05R,11:00-12:00,wide,Thu
2022-05-20,down,True,20,0.00846262341325811,1.902097902097902,2,False,True,0.10860366713681241,2.1692524682651624,True,1.0,True,False,,False,False,,False,False,False,False,True,True,True,1.9500693481276006,True,1.0,2.0,,177.25,0.4,,4,True,True,True,True,True,Q2,<0.05R,10:30-11:00,mid,Fri
2022-05-23,up,True,63,0.07483870967741936,2.7019089574155655,6,False,True,0.05548387096774193,0.39483870967741935,True,15.0,True,True,15.0,True,True,107.0,False,False,False,False,True,False,True,0.3838383838383838,True,0.5909677419354838,0.5909677419354838,-1.0,193.75,0.5416666666666666,,0,True,False,False,False,False,Q3,0.05-0.15R,11:00-12:00,mid,Mon
2022-05-25,up,True,3,0.03967168262653899,1.2765957446808511,3,False,True,0.07113543091655267,0.7948016415868673,True,8.0,True,True,8.0,True,True,8.0,True,False,True,False,True,False,True,-1.0,True,-1.0,-1.0,-1.0,182.75,0.4,,2,True,True,False,False,False,Q1_weak,<0.05R,10:30-11:00,mid,Wed
2022-05-26,up,True,30,0.03454085930918281,1.834061135371179,3,False,True,0.018534119629317607,0.4962089300758214,True,33.0,True,True,33.0,True,False,,False,False,False,False,True,False,True,0.43498817966903075,True,0.5341196293176074,0.5341196293176074,,296.75,0.9,,3,True,False,False,False,False,Q2,<0.05R,10:30-11:00,widest,Thu
2022-05-27,up,True,5,0.01662049861495845,1.4723926380368098,2,False,True,0.01662049861495845,0.5581717451523546,True,4.0,True,True,4.0,True,True,5.0,False,False,False,False,True,False,True,1.0375335120643432,True,1.0,1.105263157894737,-1.0,180.5,0.38333333333333336,,4,True,True,False,False,False,Q2,<0.05R,10:30-11:00,mid,Fri
2022-05-31,up,True,81,0.040865384615384616,3.5636363636363635,8,False,True,0.04447115384615385,0.3870192307692308,True,1.0,True,True,1.0,True,True,183.0,False,False,False,False,True,False,False,-0.45555555555555555,True,-0.4110576923076923,-0.4110576923076923,-0.14558058925476602,208.0,0.5833333333333334,,1,True,False,False,False,False,Q4_strong,<0.05R,11:00-12:00,mid,Tue
2022-06-01,down,True,2,0.018369690011481057,2.074074074074074,2,False,True,0.07003444316877153,0.6934557979334098,True,1.0,True,True,1.0,True,True,22.0,False,False,False,False,True,False,True,0.4584717607973422,True,1.0,0.5120551090700345,-1.0,217.75,0.7333333333333333,,2,True,True,False,False,False,Q3,<0.05R,10:30-11:00,wide,Wed
2022-06-02,up,True,32,0.02368421052631579,2.0,3,False,True,0.07368421052631578,1.4039473684210526,True,3.0,True,True,3.0,True,False,,False,False,False,False,True,True,True,1.864321608040201,True,1.0,2.0,,190.0,0.5166666666666667,,3,True,True,True,False,False,Q2,<0.05R,11:00-12:00,mid,Thu
2022-06-03,down,True,6,0.14344262295081966,2.38353196099675,2,False,True,0.15778688524590165,0.8709016393442623,True,10.0,True,True,12.0,True,True,146.0,False,False,False,False,True,False,True,0.48089171974522293,True,1.0,0.9057377049180327,-0.6091954022988506,122.0,0.08333333333333333,,4,True,True,False,False,False,Q3,0.05-0.15R,10:30-11:00,narrowest,Fri
2022-06-06,down,True,46,0.07509157509157509,2.990033222591362,3,False,True,0.12637362637362637,1.031135531135531,True,29.0,True,True,29.0,True,False,,False,False,False,False,True,False,True,1.60828025477707,True,1.0,2.0,,136.5,0.18333333333333332,,0,True,True,True,False,False,Q3,0.05-0.15R,11:00-12:00,narrow,Mon
2022-06-07,up,True,2,0.08122503328894808,2.8770949720670393,2,False,True,0.07456724367509987,0.7456724367509987,True,57.0,True,True,57.0,False,True,65.0,False,False,False,False,True,True,True,0.8797250859106529,True,1.0,1.18508655126498,-1.0,187.75,0.5,,1,True,True,False,False,False,Q3,0.05-0.15R,10:30-11:00,mid,Tue
2022-06-08,down,True,129,0.00482315112540193,3.1597222222222223,2,False,True,0.0594855305466238,0.3102893890675241,True,1.0,True,True,1.0,True,False,,False,False,False,False,True,False,True,0.09872611464968153,True,0.10932475884244373,0.10932475884244373,,155.5,0.21666666666666667,,2,True,False,False,False,False,Q4_strong,<0.05R,12:00-13:30,narrow,Wed
2022-06-09,up,True,0,0.02356902356902357,1.185897435897436,5,False,True,0.04713804713804714,0.12626262626262627,True,2.0,True,True,2.0,True,True,16.0,True,True,True,True,True,False,False,-1.0,True,-1.0,-1.0,1.4327272727272726,148.5,0.2,,3,False,False,False,False,False,Q1_weak,<0.05R,10:30-11:00,narrow,Thu
2022-06-09,down,False,222,0.011784511784511785,1.9948849104859334,6,True,True,0.015151515151515152,1.5892255892255893,True,1.0,True,True,1.0,True,False,,False,False,False,False,True,False,True,1.930921052631579,True,1.0,2.0,,148.5,0.2,,3,True,True,True,True,False,Q2,<0.05R,after 13:30,narrow,Thu
2022-06-10,down,True,35,0.03263157894736842,3.143350604490501,2,False,True,0.028421052631578948,0.12421052631578948,True,1.0,True,True,1.0,True,True,15.0,True,False,True,False,True,False,True,-1.0,True,-1.0,-1.0,-1.0,237.5,0.7833333333333333,,4,False,False,False,False,False,Q4_strong,<0.05R,11:00-12:00,wide,Fri
2022-06-13,down,True,12,0.09375,4.217391304347826,4,False,True,0.10026041666666667,0.6627604166666666,True,37.0,True,True,37.0,True,True,42.0,True,False,True,False,True,False,True,-1.0,True,-1.0,-1.0,-1.0,192.0,0.55,,0,True,True,False,False,False,Q4_strong,0.05-0.15R,10:30-11:00,mid,Mon
2022-06-14,down,True,12,0.09866220735785954,2.97423887587822,2,False,True,0.1705685618729097,0.3779264214046823,True,3.0,True,True,3.0,True,True,4.0,True,True,True,True,True,False,False,-1.0,True,-1.0,-1.0,1.6398467432950192,149.5,0.23333333333333334,,1,True,False,False,False,False,Q3,0.05-0.15R,10:30-11:00,narrow,Tue
2022-06-14,up,False,172,0.05351170568561873,2.2961730449251245,2,True,True,0.05351170568561873,0.08862876254180602,True,2.0,False,True,2.0,True,True,3.0,True,True,True,True,True,False,False,-1.0,True,-1.0,-1.0,4.972477064220183,149.5,0.23333333333333334,,1,False,False,False,False,False,Q3,0.05-0.15R,12:00-13:30,narrow,Tue
2022-06-15,up,True,210,0.13129102844638948,2.5830258302583022,3,False,False,,1.9277899343544858,True,1.0,True,True,1.0,False,True,1.0,True,True,True,True,False,False,True,-1.0,True,-1.0,-1.0,0.7264150943396226,114.25,0.08333333333333333,,2,True,True,True,True,False,Q3,0.05-0.15R,after 13:30,narrowest,Wed
2022-06-15,down,False,216,0.4179431072210066,3.845410628019324,6,True,False,,0.774617067833698,True,1.0,True,True,3.0,True,True,32.0,True,True,True,True,False,False,False,-1.0,True,-1.0,-1.0,-0.17075664621676892,114.25,0.08333333333333333,,2,True,True,False,False,False,Q4_strong,>0.30R,after 13:30,narrowest,Wed
2022-06-16,down,True,6,0.030664395229982964,0.8801213960546281,3,False,True,0.044293015332197615,0.9165247018739353,True,1.0,True,True,1.0,True,True,51.0,False,False,False,False,True,False,True,0.4173354735152488,True,1.0,0.504258943781942,-1.0,146.75,0.21666666666666667,,3,True,True,False,False,False,Q1_weak,<0.05R,10:30-11:00,narrow,Thu
2022-06-17,down,True,3,0.11746987951807229,2.920245398773006,1,False,True,0.10843373493975904,0.3825301204819277,True,23.0,False,True,29.0,True,True,29.0,True,True,True,True,True,False,False,-1.0,True,-1.0,-1.0,1.970873786407767,166.0,0.3333333333333333,,4,True,False,False,False,False,Q3,0.05-0.15R,10:30-11:00,narrow,Fri
2022-06-17,up,False,159,0.09487951807228916,2.467289719626168,3,True,True,0.0286144578313253,0.286144578313253,True,1.0,True,True,22.0,True,True,37.0,False,False,False,False,True,False,False,-0.7291139240506329,True,-0.677710843373494,-0.677710843373494,0.3696369636963696,166.0,0.3333333333333333,,4,True,False,False,False,False,Q3,0.05-0.15R,12:00-13:30,narrow,Fri
2022-06-21,up,True,20,0.023622047244094488,1.7748917748917747,1,False,False,,0.06299212598425197,True,1.0,True,True,10.0,True,True,21.0,True,False,True,False,False,False,False,-1.0,True,-1.0,-1.0,4.438356164383562,190.5,0.5833333333333334,,1,False,False,False,False,False,Q2,<0.05R,10:30-11:00,mid,Tue
2022-06-22,up,True,2,0.008356545961002786,0.5426356589147286,2,False,False,,0.11049210770659239,True,1.0,True,True,1.0,True,True,14.0,True,False,True,False,False,False,False,-1.0,True,-1.0,-1.0,2.409090909090909,269.25,0.85,,2,False,False,False,False,False,Q1_weak,<0.05R,10:30-11:00,widest,Wed
2022-06-23,up,True,10,0.1736111111111111,2.6904761904761907,2,False,True,0.11979166666666667,0.5538194444444444,True,24.0,True,True,24.0,True,True,56.0,True,False,True,False,True,False,True,-1.0,True,-1.0,-1.0,-1.0,144.0,0.16666666666666666,,3,True,True,False,False,False,Q3,0.15-0.30R,10:30-11:00,narrowest,Thu
2022-06-24,up,True,321,0.03794871794871795,4.705882352941177,3,False,True,0.03487179487179487,0.26974358974358975,False,,False,False,,False,False,,False,False,False,False,False,False,True,0.4270734032411821,False,,,,243.75,0.8,,4,True,False,False,False,False,Q4_strong,<0.05R,after 13:30,wide,Fri
2022-06-27,down,True,274,0.009162303664921465,1.14713216957606,4,False,False,,0.1400523560209424,True,3.0,True,True,4.0,True,True,9.0,False,False,False,False,False,False,False,-0.2622107969151671,True,-0.2486910994764398,-0.2486910994764398,-1.0,191.0,0.55,,0,False,False,False,False,False,Q1_weak,<0.05R,after 13:30,mid,Mon
2022-06-28,down,True,0,0.08259587020648967,3.670103092783505,3,False,True,0.10029498525073746,1.9896755162241888,False,,False,False,,False,False,,False,False,False,False,False,False,True,1.5746835443037974,False,,,,169.5,0.3,,1,True,True,True,True,False,Q4_strong,0.05-0.15R,10:30-11:00,narrow,Tue
2022-06-30,up,True,57,0.020042194092827006,0.45801526717557256,3,False,True,0.11708860759493671,0.4092827004219409,True,1.0,True,True,1.0,True,True,8.0,False,False,False,False,True,False,False,-0.44421906693711966,True,-0.4219409282700422,-0.4219409282700422,-1.0,237.0,0.7666666666666667,,3,True,False,False,False,False,Q1_weak,<0.05R,11:00-12:00,wide,Thu
2022-07-01,down,True,7,0.006242197253433208,1.1914893617021276,3,False,False,,0.07990012484394507,True,1.0,True,True,4.0,True,True,7.0,True,True,True,True,False,False,False,-1.0,True,-1.0,-1.0,5.503759398496241,200.25,0.6,,4,False,False,False,False,False,Q1_weak,<0.05R,10:30-11:00,wide,Fri
2022-07-01,up,False,312,0.008739076154806492,1.7191977077363898,1,True,False,,0.062421972534332085,True,1.0,True,True,1.0,True,True,1.0,False,False,False,False,False,False,False,-0.0638036809815951,True,-0.04744069912609238,-0.04744069912609238,-1.0,200.25,0.6,,4,False,False,False,False,False,Q2,<0.05R,after 13:30,wide,Fri
2022-07-05,up,True,2,0.028901734104046242,2.8862973760932946,2,False,True,0.03275529865125241,2.279383429672447,True,1.0,True,True,1.0,True,True,30.0,False,False,False,False,True,False,True,1.8360655737704918,True,1.0,2.0,-1.0,129.75,0.06666666666666667,,1,True,True,True,True,True,Q3,<0.05R,10:30-11:00,narrowest,Tue
2022-07-06,up,True,216,0.027237354085603113,2.6217228464419478,3,True,True,0.1245136186770428,0.7140077821011673,True,3.0,True,True,3.0,True,True,5.0,True,False,True,False,True,False,True,-1.0,True,-1.0,-1.0,-1.0,128.5,0.06666666666666667,,2,True,True,False,False,False,Q3,<0.05R,after 13:30,narrowest,Wed
2022-07-07,up,True,17,0.04307116104868914,2.4271844660194173,2,False,True,0.013108614232209739,0.8745318352059925,True,1.0,True,True,1.0,True,True,39.0,False,False,False,False,True,False,True,1.0827586206896551,True,1.0,1.2621722846441947,-1.0,133.5,0.11666666666666667,,3,True,True,False,False,False,Q3,<0.05R,10:30-11:00,narrowest,Thu
2022-07-08,up,True,0,0.022222222222222223,1.3290113452188006,1,False,True,0.041025641025641026,0.5914529914529915,True,2.0,True,True,2.0,True,True,23.0,True,False,True,False,True,False,True,-1.0,True,1.0,-1.0,-1.0,146.25,0.16666666666666666,,4,True,True,False,False,False,Q2,<0.05R,10:30-11:00,narrowest,Fri
2022-07-12,down,True,271,0.0011337868480725624,3.405572755417957,2,False,True,0.04308390022675737,0.4217687074829932,True,1.0,True,False,,False,False,,False,False,False,False,False,False,True,0.2398190045248869,True,0.24263038548752835,0.24263038548752835,,220.5,0.7333333333333333,,1,True,False,False,False,False,Q4_strong,<0.05R,after 13:30,wide,Tue
2022-07-13,up,True,1,0.0014084507042253522,3.500491642084562,1,False,True,0.14929577464788732,0.8704225352112676,True,1.0,True,False,,False,False,,False,False,False,False,True,True,True,0.6207865168539326,True,1.0,0.6253521126760564,,177.5,0.36666666666666664,,2,True,True,False,False,False,Q4_strong,<0.05R,10:30-11:00,narrow,Wed
2022-07-14,up,True,71,0.005772005772005772,3.4057971014492754,2,False,True,0.05772005772005772,0.8686868686868687,True,1.0,True,True,4.0,True,True,66.0,False,False,False,False,True,False,True,1.3009985734664764,True,1.0,1.3275613275613276,-1.0,173.25,0.3333333333333333,,3,True,True,False,False,False,Q4_strong,<0.05R,11:00-12:00,narrow,Thu
2022-07-15,up,True,45,0.0347985347985348,1.456953642384106,3,False,True,0.045787545787545784,0.17032967032967034,True,1.0,True,True,2.0,True,True,15.0,False,False,False,False,True,False,True,0.1952054794520548,True,0.2783882783882784,0.2783882783882784,-1.0,136.5,0.14166666666666666,,4,False,False,False,False,False,Q2,<0.05R,11:00-12:00,narrowest,Fri
2022-07-18,down,True,183,0.04909560723514212,3.866171003717472,4,False,True,0.05426356589147287,2.405684754521964,False,,False,False,,False,False,,False,False,False,False,False,False,True,1.7317647058823529,False,,,,96.75,0.016666666666666666,,0,True,True,True,True,True,Q4_strong,<0.05R,after 13:30,narrowest,Mon
2022-07-19,up,True,13,0.09268292682926829,2.798833819241983,2,False,True,0.05121951219512195,1.8682926829268294,False,,False,False,,False,False,,False,False,False,False,True,True,True,1.5308641975308641,False,,,,102.5,0.03333333333333333,,1,True,True,True,True,False,Q3,0.05-0.15R,10:30-11:00,narrowest,Tue
2022-07-20,up,True,1,0.08440366972477065,2.4578313253012047,14,False,True,0.04954128440366973,0.908256880733945,True,158.0,False,True,159.0,False,False,,False,False,False,False,True,True,True,0.7629513343799058,True,1.0,1.0605504587155963,,136.25,0.16666666666666666,,2,True,True,False,False,False,Q3,0.05-0.15R,10:30-11:00,narrowest,Wed
2022-07-21,up,True,92,0.06855439642324888,4.682274247491639,3,False,True,0.01788375558867362,0.624441132637854,False,,False,False,,False,False,,False,False,False,False,True,True,True,0.9672346002621232,False,,,,167.75,0.3333333333333333,,3,True,True,False,False,False,Q4_strong,0.05-0.15R,12:00-13:30,narrow,Thu
2022-07-22,down,True,34,0.07223113964686999,2.162162162162162,7,False,True,0.15890850722311398,1.2776886035313002,True,2.0,True,True,6.0,True,False,,False,False,False,False,False,False,True,1.6213183730715288,True,1.0,2.0,,155.75,0.31666666666666665,,4,True,True,True,False,False,Q3,0.05-0.15R,11:00-12:00,narrow,Fri
2022-07-25,down,True,273,0.01282051282051282,3.25,1,False,True,0.02564102564102564,0.13782051282051283,True,1.0,True,True,17.0,True,True,37.0,False,False,False,False,True,False,False,-0.86875,True,-0.8653846153846154,-0.8653846153846154,1.389261744966443,156.0,0.3333333333333333,,0,False,False,False,False,False,Q4_strong,<0.05R,after 13:30,narrow,Mon
2022-07-26,down,True,0,0.07366071428571429,2.741573033707865,1,False,False,,0.9330357142857143,True,1.0,True,True,15.0,True,True,20.0,False,False,False,False,False,False,True,0.9455252918287937,True,1.0,1.2321428571428572,-1.0,112.0,0.06666666666666667,,1,True,True,False,False,False,Q3,0.05-0.15R,10:30-11:00,narrowest,Tue
2022-07-27,up,True,31,0.05379746835443038,4.444444444444445,5,False,True,0.06329113924050633,1.6170886075949367,True,3.0,True,True,7.0,True,True,23.0,False,False,False,False,True,False,True,1.7085714285714286,True,1.0,2.0,-1.0,158.0,0.36666666666666664,,2,True,True,True,True,False,Q4_strong,0.05-0.15R,11:00-12:00,narrow,Wed
2022-07-28,up,True,57,0.03341584158415842,1.0053859964093357,7,True,False,,0.5470297029702971,True,1.0,True,True,4.0,True,False,,False,False,False,False,False,False,True,0.7238979118329466,True,1.0,0.8391089108910891,,202.0,0.7,,3,True,True,False,False,False,Q1_weak,<0.05R,11:00-12:00,wide,Thu
2022-07-29,up,True,204,0.0013404825737265416,0.0,3,False,False,,0.435656836461126,True,2.0,True,True,2.0,True,True,3.0,False,False,False,False,False,False,True,0.4385026737967914,True,0.44235924932975873,0.44235924932975873,-1.0,186.5,0.5666666666666667,,4,True,False,False,False,False,Q1_weak,<0.05R,after 13:30,mid,Fri
2022-08-01,up,True,19,0.010392609699769052,0.7903780068728522,2,False,True,0.025404157043879907,0.18706697459584296,True,13.0,False,True,16.0,True,True,17.0,True,False,True,False,True,False,False,-1.0,True,-1.0,-1.0,1.6143497757847534,216.5,0.7833333333333333,,0,False,False,False,False,False,Q1_weak,<0.05R,10:30-11:00,wide,Mon
2022-08-02,up,True,20,0.003656307129798903,1.0666666666666667,2,False,True,0.10968921389396709,1.0255941499085923,True,1.0,True,True,17.0,True,True,30.0,False,False,False,False,True,False,False,1.9782214156079856,True,1.0,2.0,-1.0,136.75,0.23333333333333334,,1,True,True,True,False,False,Q1_weak,<0.05R,10:30-11:00,narrow,Tue
2022-08-03,up,True,42,0.012244897959183673,2.0,2,False,True,0.04217687074829932,0.745578231292517,True,7.0,True,True,7.0,True,False,,False,False,False,False,True,False,True,1.0278884462151394,True,1.0,1.0775510204081633,,183.75,0.5666666666666667,,2,True,True,False,False,False,Q2,<0.05R,11:00-12:00,mid,Wed
2022-08-04,down,True,0,0.03953488372093023,1.55148095909732,4,False,True,0.053488372093023255,0.43488372093023253,True,1.0,True,True,1.0,True,True,80.0,True,True,True,True,True,False,False,-1.0,True,-1.0,-1.0,0.8308605341246291,107.5,0.05,,3,True,False,False,False,False,Q2,<0.05R,10:30-11:00,narrowest,Thu
2022-08-04,up,False,285,0.053488372093023255,2.42152466367713,1,True,True,0.004651162790697674,0.07209302325581396,True,2.0,False,True,2.0,True,True,2.0,False,False,False,False,True,False,False,-0.23529411764705882,True,-0.15348837209302327,-0.15348837209302327,0.6842105263157895,107.5,0.05,,3,False,False,False,False,False,Q3,0.05-0.15R,after 13:30,narrowest,Thu
2022-08-05,down,True,56,0.00639386189258312,0.35714285714285715,7,False,True,0.011508951406649617,0.15089514066496162,True,1.0,True,True,6.0,True,True,49.0,True,False,True,False,True,False,False,-1.0,True,-1.0,-1.0,0.8770764119601329,195.5,0.7166666666666667,,4,False,False,False,False,False,Q1_weak,<0.05R,11:00-12:00,wide,Fri
2022-08-08,down,True,72,0.037383177570093455,2.4652087475149105,2,False,True,0.06942590120160214,0.595460614152203,True,9.0,True,True,9.0,True,True,12.0,False,False,False,False,True,False,True,0.4298136645962733,True,1.0,0.5367156208277704,-1.0,187.25,0.6166666666666667,,0,True,True,False,False,False,Q3,<0.05R,11:00-12:00,wide,Mon
2022-08-09,down,True,118,0.0035971223021582736,0.2141327623126338,2,False,True,0.05575539568345324,0.07194244604316546,True,1.0,True,True,3.0,True,True,10.0,True,False,True,False,True,False,False,-1.0,True,-1.0,-1.0,1.7227722772277227,139.0,0.26666666666666666,,1,False,False,False,False,False,Q1_weak,<0.05R,12:00-13:30,narrow,Tue
2022-08-10,up,True,32,0.023454157782515993,0.6753246753246753,3,False,True,0.06609808102345416,0.4520255863539446,True,1.0,True,True,10.0,True,True,78.0,False,False,False,False,True,False,True,0.5824847250509165,True,0.6567164179104478,0.6567164179104478,-1.0,117.25,0.11666666666666667,,2,True,False,False,False,False,Q1_weak,<0.05R,11:00-12:00,narrowest,Wed
2022-08-11,down,True,35,0.0899581589958159,2.723214285714286,4,False,True,0.15271966527196654,1.4267782426778242,False,,False,False,,False,False,,False,False,False,False,True,False,True,1.5425531914893618,False,,,,119.5,0.13333333333333333,,3,True,True,True,False,False,Q3,0.05-0.15R,11:00-12:00,narrowest,Thu
2022-08-12,up,True,46,0.043583535108958835,2.349869451697128,3,False,True,0.07263922518159806,1.1694915254237288,True,35.0,True,True,35.0,True,False,,False,False,False,False,True,True,True,1.7594654788418709,True,1.0,2.0,,103.25,0.05,,4,True,True,True,False,False,Q3,<0.05R,11:00-12:00,narrowest,Fri
2022-08-15,up,True,74,0.0199501246882793,1.7419354838709677,3,False,True,0.0399002493765586,0.713216957605985,False,,False,False,,False,False,,False,False,False,False,True,True,True,0.935251798561151,False,,,,100.25,0.03333333333333333,,0,True,True,False,False,False,Q2,<0.05R,11:00-12:00,narrowest,Mon
2022-08-16,down,True,0,0.08188585607940446,2.62582056892779,2,False,True,0.0967741935483871,0.3548387096774194,True,13.0,False,True,14.0,True,True,17.0,True,True,True,True,True,False,False,-1.0,True,-1.0,-1.0,1.73,100.75,0.05,,1,True,False,False,False,False,Q3,0.05-0.15R,10:30-11:00,narrowest,Tue
2022-08-16,up,False,83,0.02481389578163772,1.0,3,True,True,0.017369727047146403,0.8089330024813896,True,19.0,True,True,34.0,True,True,46.0,True,False,True,False,True,False,False,-1.0,True,1.0,-1.0,-1.0,100.75,0.05,,1,True,True,False,False,False,Q1_weak,<0.05R,11:00-12:00,narrowest,Tue
2022-08-17,down,True,5,0.029925187032418952,3.285024154589372,1,False,True,0.0798004987531172,0.5910224438902744,True,7.0,True,True,7.0,True,True,10.0,True,True,True,True,True,False,False,-1.0,True,1.0,-1.0,-1.0,100.25,0.041666666666666664,,2,True,True,False,False,False,Q4_strong,<0.05R,10:30-11:00,narrowest,Wed
2022-08-17,up,False,224,0.1371571072319202,2.586826347305389,4,True,True,0.11970074812967581,0.5012468827930174,True,2.0,True,True,2.0,True,True,9.0,True,False,True,False,True,False,False,-1.0,True,1.0,-1.0,-1.0,100.25,0.041666666666666664,,2,True,True,False,False,False,Q3,0.05-0.15R,after 13:30,narrowest,Wed
2022-08-18,up,True,10,0.15987460815047022,5.343915343915344,5,False,True,0.1755485893416928,0.9184952978056427,True,6.0,True,True,6.0,True,False,,False,False,False,False,True,True,True,0.26128266033254155,True,1.0,0.664576802507837,,79.75,0.016666666666666666,,3,True,True,False,False,False,Q4_strong,0.15-0.30R,10:30-11:00,narrowest,Thu
2022-08-19,down,True,22,0.0415944540727903,3.0144927536231885,4,False,True,0.0034662045060658577,0.36221837088388215,True,1.0,True,True,54.0,True,True,125.0,False,False,False,False,True,False,True,0.1504,True,0.24610051993067592,0.24610051993067592,-1.0,144.25,0.38333333333333336,,4,True,False,False,False,False,Q4_strong,<0.05R,10:30-11:00,mid,Fri
2022-08-22,down,True,26,0.021568627450980392,1.1622276029055691,2,False,True,0.01568627450980392,0.707843137254902,True,6.0,True,True,7.0,True,True,24.0,False,False,False,False,True,False,True,0.6879699248120301,True,1.0,0.7607843137254902,-1.0,127.5,0.23333333333333334,,0,True,True,False,False,False,Q1_weak,<0.05R,10:30-11:00,narrow,Mon
2022-08-24,up,True,43,0.03580562659846547,1.2461059190031152,3,False,True,0.1483375959079284,0.6342710997442456,True,91.0,False,True,91.0,False,True,98.0,False,False,False,False,True,True,False,-0.3532219570405728,True,-0.3069053708439898,-0.3069053708439898,0.037037037037037035,97.75,0.05,,2,True,True,False,False,False,Q1_weak,<0.05R,11:00-12:00,narrowest,Wed
2022-08-25,up,True,0,0.026881720430107527,2.021505376344086,4,False,True,0.0017921146953405018,0.43010752688172044,True,1.0,True,True,2.0,True,True,24.0,True,False,True,False,True,False,True,-1.0,True,-1.0,-1.0,-1.0,139.5,0.4,,3,True,False,False,False,False,Q2,<0.05R,10:30-11:00,mid,Thu
2022-08-26,down,True,0,0.11554621848739496,3.1494920174165455,2,False,True,0.13130252100840337,1.4464285714285714,False,,False,False,,False,False,,False,False,False,False,False,False,True,1.4368600682593857,False,,,,238.0,0.9666666666666667,,4,True,True,True,False,False,Q4_strong,0.05-0.15R,10:30-11:00,widest,Fri
2022-08-29,down,True,23,0.08555133079847908,1.4454277286135693,4,False,True,0.04752851711026616,0.23193916349809887,True,8.0,True,True,8.0,True,True,43.0,True,False,True,False,True,False,False,-1.0,True,-1.0,-1.0,-0.2345679012345679,131.5,0.3,,0,False,False,False,False,False,Q2,0.05-0.15R,10:30-11:00,narrow,Mon
2022-08-30,down,True,1,0.0736196319018405,6.763485477178423,1,False,True,0.10797546012269939,0.6674846625766871,True,104.0,True,True,104.0,False,False,,False,False,False,False,False,False,True,0.12834224598930483,True,1.0,0.294478527607362,,203.75,0.8666666666666667,,1,True,True,False,False,False,Q4_strong,0.05-0.15R,10:30-11:00,widest,Tue
2022-08-31,down,True,3,0.03985507246376811,1.2471655328798186,3,False,False,,0.7155797101449275,True,1.0,True,True,1.0,True,True,2.0,False,False,False,False,False,False,True,1.1812080536912752,True,1.0,1.355072463768116,-1.0,138.0,0.36666666666666664,,2,True,True,False,False,False,Q1_weak,<0.05R,10:30-11:00,narrow,Wed
2022-09-01,down,True,12,0.04678362573099415,1.3643926788685523,2,False,True,0.025341130604288498,0.6081871345029239,True,1.0,True,True,162.0,False,True,162.0,True,True,True,True,True,False,False,-1.0,True,1.0,-1.0,1.3706896551724137,128.25,0.25,,3,True,True,False,False,False,Q2,<0.05R,10:30-11:00,narrow,Thu
2022-09-01,up,False,277,0.011695906432748537,1.536050156739812,3,True,True,0.07602339181286549,0.5886939571150097,True,2.0,True,True,3.0,True,True,28.0,False,False,False,False,True,False,True,0.9104761904761904,True,1.0,0.9551656920077972,-1.0,128.25,0.25,,3,True,True,False,False,False,Q2,<0.05R,after 13:30,narrow,Thu
2022-09-02,up,True,0,0.017543859649122806,1.1522633744855966,2,False,True,0.07017543859649122,0.3263157894736842,True,22.0,False,True,22.0,True,True,24.0,True,True,True,True,True,False,False,-1.0,True,-1.0,-1.0,1.749090909090909,142.5,0.43333333333333335,,4,True,False,False,False,False,Q1_weak,<0.05R,10:30-11:00,mid,Fri
2022-09-02,down,False,127,0.14210526315789473,2.798092209856916,3,True,True,0.021052631578947368,1.6298245614035087,True,1.0,True,True,1.0,True,False,,False,False,False,False,False,False,True,1.3360655737704918,True,1.0,2.0,,142.5,0.43333333333333335,,4,True,True,True,True,False,Q3,0.05-0.15R,12:00-13:30,mid,Fri
2022-09-07,up,True,42,0.1189873417721519,2.4578313253012047,3,False,True,0.06329113924050633,1.8025316455696203,True,3.0,True,True,5.0,True,True,68.0,False,False,False,False,True,False,True,1.4233128834355828,True,1.0,2.0,-1.0,98.75,0.06666666666666667,,2,True,True,True,True,False,Q3,0.05-0.15R,11:00-12:00,narrowest,Wed
2022-09-08,up,True,8,0.09064327485380116,1.796042617960426,3,False,True,0.04678362573099415,0.5423976608187134,True,83.0,False,True,83.0,False,True,84.0,True,False,True,False,True,True,True,-1.0,True,-1.0,-1.0,-0.5399568034557235,171.0,0.6666666666666666,,3,True,True,False,False,False,Q2,0.05-0.15R,10:30-11:00,wide,Thu
2022-09-09,up,True,8,0.03275529865125241,1.1553784860557768,1,False,True,0.04816955684007707,0.5279383429672447,True,10.0,True,True,25.0,True,True,31.0,False,False,False,False,True,False,True,0.5822784810126582,True,1.0,0.6859344894026975,-1.0,129.75,0.30833333333333335,,4,True,True,False,False,False,Q1_weak,<0.05R,10:30-11:00,narrow,Fri
2022-09-13,down,True,6,0.05676126878130217,1.186161449752883,3,False,False,,1.8464106844741235,False,,False,False,,False,False,,False,False,False,False,False,False,True,1.6941529235382309,False,,,,149.75,0.5333333333333333,,1,True,True,True,True,False,Q1_weak,0.05-0.15R,10:30-11:00,mid,Tue
2022-09-14,up,True,24,0.0824295010845987,1.694915254237288,2,True,True,0.03470715835140998,0.3383947939262473,True,1.0,True,True,1.0,True,True,9.0,True,True,True,True,True,False,True,-1.0,True,-1.0,-1.0,-1.0,115.25,0.2,,2,True,False,False,False,False,Q2,0.05-0.15R,10:30-11:00,narrow,Wed
2022-09-14,down,False,287,0.01735357917570499,0.9815950920245399,8,True,True,0.0824295010845987,0.052060737527114966,True,1.0,True,True,1.0,True,True,29.0,True,True,True,True,True,False,False,-1.0,True,-1.0,-1.0,0.62751677852349,115.25,0.2,,2,False,False,False,False,False,Q1_weak,<0.05R,after 13:30,narrow,Wed
2022-09-15,down,True,2,0.06483300589390963,2.040268456375839,2,False,True,0.047151277013752456,1.3300589390962672,True,1.0,True,True,1.0,True,True,6.0,False,False,False,False,True,False,True,1.6556521739130434,True,1.0,2.0,-1.0,127.25,0.26666666666666666,,3,True,True,True,False,False,Q2,0.05-0.15R,10:30-11:00,narrow,Thu
2022-09-16,up,True,2,0.04807692307692308,1.421911421911422,3,False,True,0.038461538461538464,0.6009615384615384,True,1.0,True,True,1.0,True,True,15.0,True,True,True,True,True,False,True,-1.0,True,-1.0,-1.0,0.8487972508591065,104.0,0.16666666666666666,,4,True,True,False,False,False,Q2,<0.05R,10:30-11:00,narrowest,Fri
2022-09-16,down,False,117,0.004807692307692308,1.7727272727272727,2,True,False,,0.03365384615384615,True,1.0,False,True,1.0,True,True,4.0,True,True,True,True,False,False,False,-1.0,True,-1.0,-1.0,3.3434343434343434,104.0,0.16666666666666666,,4,False,False,False,False,False,Q2,<0.05R,12:00-13:30,narrowest,Fri
2022-09-19,up,True,5,0.03333333333333333,3.9703153988868274,4,False,True,0.16875,0.7916666666666666,True,2.0,True,True,46.0,True,True,56.0,True,False,True,False,True,False,True,-1.0,True,-1.0,-1.0,-1.0,120.0,0.2833333333333333,,0,True,True,False,False,False,Q4_strong,<0.05R,10:30-11:00,narrow,Mon
2022-09-20,up,True,21,0.1557377049180328,1.869158878504673,3,False,True,0.00819672131147541,1.2336065573770492,True,4.0,True,True,10.0,True,True,139.0,True,True,True,True,True,True,False,1.2875,True,1.0,2.0,0.40102827763496146,61.0,0.016666666666666666,,1,True,True,True,False,False,Q2,0.15-0.30R,10:30-11:00,narrowest,Tue
2022-09-20,down,False,179,0.07377049180327869,3.6912751677852347,5,True,True,0.27049180327868855,0.9631147540983607,True,52.0,False,True,52.0,False,True,77.0,True,True,True,True,True,True,False,-1.0,True,1.0,-1.0,0.3884057971014493,61.0,0.016666666666666666,,1,True,True,False,False,False,Q4_strong,0.05-0.15R,12:00-13:30,narrowest,Tue
2022-09-21,up,True,124,0.0860655737704918,2.1333333333333333,4,False,True,0.045081967213114756,2.319672131147541,True,4.0,True,True,4.0,True,True,21.0,True,True,True,True,True,False,False,-1.0,True,-1.0,-1.0,-1.0,61.0,0.025,,2,True,True,True,True,True,Q3,0.05-0.15R,12:00-13:30,narrowest,Wed
2022-09-21,down,False,210,1.0368852459016393,36.34782608695652,1,True,True,1.4508196721311475,3.8524590163934427,True,34.0,True,True,34.0,False,True,43.0,True,True,True,True,True,False,True,-0.024,True,-1.0,-1.0,-0.20756302521008405,61.0,0.025,,2,True,True,True,True,True,Q4_strong,>0.30R,after 13:30,narrowest,Wed
2022-09-22,down,True,21,0.040948275862068964,0.8549618320610687,2,False,True,0.008620689655172414,0.4849137931034483,True,4.0,True,True,55.0,True,True,55.0,True,True,True,True,True,False,True,-1.0,True,-1.0,-1.0,1.2154340836012862,116.0,0.26666666666666666,,3,True,False,False,False,False,Q1_weak,<0.05R,10:30-11:00,narrow,Thu
2022-09-23,down,True,97,0.05649717514124294,2.67639902676399,3,False,True,0.06591337099811675,0.8229755178907722,True,2.0,True,True,43.0,True,True,47.0,False,False,False,False,True,False,False,-0.5820642978003384,True,1.0,-0.5348399246704332,-1.0,132.75,0.4666666666666667,,4,True,True,False,False,False,Q3,0.05-0.15R,12:00-13:30,mid,Fri
2022-09-26,down,True,115,0.029449423815621,2.096774193548387,8,False,True,0.07298335467349552,0.2535211267605634,True,1.0,True,True,23.0,True,True,147.0,False,False,False,False,True,False,True,0.17896009673518742,True,0.24839948783610755,0.24839948783610755,-0.7560386473429952,195.25,0.85,,0,True,False,False,False,False,Q3,<0.05R,12:00-13:30,widest,Mon
2022-09-27,down,True,55,0.009202453987730062,1.5357766143106457,1,False,True,0.04754601226993865,1.053680981595092,True,14.0,True,False,,False,False,,False,False,False,False,False,False,True,1.9457831325301205,True,1.0,2.0,,163.0,0.7333333333333333,,1,True,True,True,False,False,Q2,<0.05R,11:00-12:00,wide,Tue
2022-09-28,up,True,7,0.05235602094240838,1.8335684062059237,2,False,False,,1.425828970331588,True,1.0,True,True,1.0,True,True,1.0,False,False,False,False,False,False,True,1.7156398104265402,True,1.0,2.0,-1.0,143.25,0.6,,2,True,True,True,False,False,Q2,0.05-0.15R,10:30-11:00,wide,Wed
2022-09-29,down,True,200,0.0041109969167523125,0.7854984894259819,2,False,True,0.007194244604316547,0.2774922918807811,True,1.0,True,True,84.0,True,True,86.0,False,False,False,False,True,False,False,-0.601427115188583,True,-0.5981500513874615,-0.5981500513874615,0.5758426966292135,243.25,1.0,,3,True,False,False,False,False,Q1_weak,<0.05R,after 13:30,widest,Thu
2022-09-30,up,True,2,0.07561436672967864,1.3169642857142858,4,False,True,0.043478260869565216,0.6200378071833649,True,15.0,True,True,15.0,True,True,79.0,True,True,True,True,True,False,False,-1.0,True,1.0,-1.0,0.8118393234672304,132.25,0.43333333333333335,,4,True,True,False,False,False,Q1_weak,0.05-0.15R,10:30-11:00,mid,Fri
2022-09-30,down,False,253,0.07372400756143667,2.423076923076923,4,True,True,0.01890359168241966,0.8979206049149339,True,1.0,True,True,19.0,True,False,,False,False,False,False,True,False,True,1.3574958813838551,True,1.0,1.7051039697542534,,132.25,0.43333333333333335,,4,True,True,False,False,False,Q3,0.05-0.15R,after 13:30,mid,Fri
2022-10-03,up,True,0,0.011477761836441894,1.8380743982494527,1,False,False,,0.8278335724533716,True,1.0,True,True,2.0,True,True,8.0,False,False,False,False,False,False,True,0.8387096774193549,True,1.0,0.8809182209469153,-1.0,174.25,0.7666666666666667,,0,True,True,False,False,False,Q2,<0.05R,10:30-11:00,wide,Mon
2022-10-04,up,True,13,0.026143790849673203,0.972972972972973,4,False,False,,0.05065359477124183,True,1.0,False,True,1.0,True,True,3.0,True,False,True,False,False,False,False,-1.0,True,-1.0,-1.0,0.45348837209302323,153.0,0.65,,1,False,False,False,False,False,Q1_weak,<0.05R,10:30-11:00,wide,Tue
2022-10-05,down,True,2,0.050080775444264945,2.0872865275142316,2,False,True,0.022617124394184167,0.1147011308562197,True,2.0,False,True,5.0,True,True,6.0,True,True,True,True,True,False,False,-1.0,True,-1.0,-1.0,4.897435897435898,154.75,0.6666666666666666,,2,False,False,False,False,False,Q3,0.05-0.15R,10:30-11:00,wide,Wed
2022-10-05,up,False,137,0.051696284329563816,4.277456647398844,2,True,True,0.08723747980613894,1.111470113085622,True,12.0,True,False,,False,False,,False,False,False,False,True,True,True,1.718887262079063,True,1.0,2.0,,154.75,0.6666666666666666,,2,True,True,True,False,False,Q4_strong,0.05-0.15R,12:00-13:30,wide,Wed
2022-10-07,down,True,49,0.05154639175257732,4.2328042328042335,2,False,True,0.08762886597938144,1.1082474226804124,True,7.0,True,True,7.0,True,False,,False,False,False,False,True,False,True,1.719626168224299,True,1.0,2.0,,145.5,0.6166666666666667,,4,True,True,True,False,False,Q4_strong,0.05-0.15R,11:00-12:00,wide,Fri
2022-10-10,down,True,7,0.033216783216783216,2.339181286549708,2,False,True,0.0979020979020979,0.743006993006993,True,45.0,True,True,45.0,True,True,73.0,True,False,True,False,True,False,True,-1.0,True,1.0,-1.0,-1.0,143.0,0.5666666666666667,,0,True,True,False,False,False,Q3,<0.05R,10:30-11:00,mid,Mon
2022-10-11,up,True,66,0.0288,1.4080459770114944,5,False,True,0.0288,0.6064,True,2.0,True,True,2.0,True,True,189.0,True,True,True,True,True,False,False,-1.0,True,1.0,-1.0,0.8766355140186916,156.25,0.7166666666666667,,1,True,True,False,False,False,Q2,<0.05R,11:00-12:00,wide,Tue
2022-10-11,down,False,280,0.0192,2.052877138413686,3,True,True,0.048,0.136,True,1.0,True,True,2.0,True,True,12.0,False,False,False,False,True,False,False,-0.7211093990755008,True,-0.7104,-0.7104,0.4212962962962963,156.25,0.7166666666666667,,1,False,False,False,False,False,Q2,<0.05R,after 13:30,wide,Tue
2022-10-13,up,True,35,0.01060070671378092,1.417142857142857,3,False,True,0.08833922261484099,2.100117785630153,True,1.0,True,False,,False,False,,False,False,False,False,True,False,True,1.9377162629757785,True,1.0,2.0,,212.25,0.9333333333333333,,3,True,True,True,True,True,Q2,<0.05R,11:00-12:00,widest,Thu
2022-10-14,down,True,14,0.0007194244604316547,1.3029989658738366,4,False,True,0.008633093525179856,0.3834532374100719,True,1.0,True,True,2.0,True,True,13.0,False,False,False,False,True,False,True,0.6422413793103449,True,0.6446043165467625,0.6446043165467625,-1.0,347.5,1.0,,4,True,False,False,False,False,Q1_weak,<0.05R,10:30-11:00,widest,Fri
2022-10-17,up,True,201,0.00931098696461825,2.383419689119171,1,False,False,,0.09683426443202979,True,1.0,True,True,1.0,True,True,4.0,False,False,False,False,False,False,False,-0.340036563071298,True,-0.32774674115456237,-0.32774674115456237,-1.0,134.25,0.43333333333333335,,0,False,False,False,False,False,Q3,<0.05R,after 13:30,mid,Mon
2022-10-18,down,True,0,0.011544011544011544,0.7476635514018691,2,False,True,0.002886002886002886,1.0216450216450217,True,5.0,True,True,17.0,True,True,18.0,False,False,False,False,True,False,True,1.9322990126939352,True,1.0,2.0,-1.0,173.25,0.75,,1,True,True,True,False,False,Q1_weak,<0.05R,10:30-11:00,wide,Tue
2022-10-19,down,True,152,0.11849710982658959,9.185667752442997,2,True,True,0.12283236994219653,0.35260115606936415,True,61.0,False,True,61.0,True,True,66.0,False,False,False,False,True,False,False,-0.6074766355140186,True,-0.5144508670520231,-0.5144508670520231,0.2057142857142857,173.0,0.7333333333333333,,2,True,False,False,False,False,Q4_strong,0.05-0.15R,12:00-13:30,wide,Wed
2022-10-20,down,True,199,0.010515247108307046,1.3636363636363635,6,False,True,0.03470031545741325,0.2092534174553102,True,1.0,True,True,2.0,True,False,,False,False,False,False,True,False,True,0.006179196704428424,True,0.027339642481598318,0.027339642481598318,,237.75,0.9333333333333333,,3,False,False,False,False,False,Q2,<0.05R,after 13:30,widest,Thu
2022-10-21,up,True,90,0.005434782608695652,1.9182948490230907,8,False,True,0.05652173913043478,0.6478260869565218,True,5.0,True,True,6.0,True,False,,False,False,False,False,True,False,True,1.096774193548387,True,1.0,1.1195652173913044,,230.0,0.9166666666666666,,4,True,True,False,False,False,Q2,<0.05R,11:00-12:00,widest,Fri
2022-10-24,up,True,108,0.08018327605956473,4.259740259740259,2,False,True,0.06414662084765177,0.41122565864833904,True,2.0,True,True,13.0,True,True,15.0,False,False,False,False,True,False,True,0.2843040473840079,True,0.49026345933562426,0.49026345933562426,-1.0,218.25,0.9,,0,True,False,False,False,False,Q4_strong,0.05-0.15R,12:00-13:30,widest,Mon
2022-10-25,up,True,39,0.04006677796327212,3.533834586466165,4,False,True,0.045075125208681135,0.41903171953255425,True,2.0,True,True,2.0,True,True,114.0,False,False,False,False,True,False,True,0.5162287480680062,True,0.6377295492487479,0.6377295492487479,-1.0,149.75,0.6083333333333333,,1,True,False,False,False,False,Q4_strong,<0.05R,11:00-12:00,wide,Tue
2022-10-26,up,True,7,0.04340836012861737,1.6666666666666667,2,False,True,0.0594855305466238,0.7395498392282959,True,135.0,False,True,137.0,False,True,139.0,True,False,True,False,True,True,False,-1.0,True,-1.0,-1.0,0.7924865831842576,155.5,0.6666666666666666,,2,True,True,False,False,False,Q2,<0.05R,10:30-11:00,wide,Wed
2022-10-27,down,True,118,0.02871410736579276,2.494887525562372,2,False,True,0.039950062421972535,0.21722846441947566,True,1.0,True,True,2.0,True,True,8.0,False,False,False,False,True,False,True,0.17001180637544275,True,0.23720349563046192,0.23720349563046192,-1.0,200.25,0.85,,3,False,False,False,False,False,Q3,<0.05R,12:00-13:30,widest,Thu
2022-10-28,up,True,0,0.03363518758085381,2.186147186147186,1,False,True,0.03492884864165589,1.0659767141009056,True,3.0,True,True,3.0,True,False,,False,False,False,False,True,False,True,1.8109090909090908,True,1.0,2.0,,193.25,0.7833333333333333,,4,True,True,True,False,False,Q3,<0.05R,10:30-11:00,wide,Fri
2022-10-31,down,True,4,0.020522388059701493,0.5994550408719346,4,False,True,0.029850746268656716,0.15858208955223882,True,1.0,True,True,5.0,True,True,6.0,True,False,True,False,True,False,False,-1.0,True,-1.0,-1.0,1.677685950413223,134.0,0.4,,0,False,False,False,False,False,Q1_weak,<0.05R,10:30-11:00,mid,Mon
2022-11-01,down,True,11,0.005128205128205128,0.40660736975857686,5,False,True,0.03487179487179487,0.2441025641025641,True,1.0,True,True,1.0,True,False,,False,False,False,False,True,False,True,0.35736040609137054,True,0.3712820512820513,0.3712820512820513,,243.75,0.9833333333333333,,1,False,False,False,False,False,Q1_weak,<0.05R,10:30-11:00,widest,Tue
2022-11-02,down,True,5,0.06153846153846154,1.8235294117647058,2,False,False,,3.9753846153846153,True,1.0,True,True,1.0,True,True,2.0,True,True,True,True,False,False,True,-1.0,True,1.0,-1.0,-1.0,81.25,0.06666666666666667,,2,True,True,True,True,True,Q2,0.05-0.15R,10:30-11:00,narrowest,Wed
2022-11-02,up,False,210,0.16615384615384615,23.146067415730336,3,True,True,1.1353846153846154,1.4646153846153847,True,17.0,True,True,17.0,False,True,37.0,True,True,True,True,True,True,False,1.251732101616628,True,1.0,2.0,-0.13029315960912052,81.25,0.06666666666666667,,2,True,True,True,False,False,Q4_strong,0.15-0.30R,after 13:30,narrowest,Wed
2022-11-03,up,True,17,0.10854092526690391,1.488833746898263,3,False,True,0.07295373665480427,0.2846975088967972,True,8.0,True,True,19.0,True,True,21.0,True,False,True,False,True,False,False,-1.0,True,-1.0,-1.0,1.7291666666666667,140.5,0.48333333333333334,,3,True,False,False,False,False,Q2,0.05-0.15R,10:30-11:00,mid,Thu
2022-11-04,down,True,81,0.030303030303030304,2.205607476635514,8,True,True,0.04911180773249739,0.258098223615465,True,3.0,True,True,4.0,True,True,26.0,True,False,True,False,True,False,False,-1.0,True,-1.0,-1.0,-1.0,239.25,0.95,,4,True,False,False,False,False,Q3,<0.05R,11:00-12:00,widest,Fri
2022-11-07,up,True,225,0.09259259259259259,4.545454545454546,8,False,True,0.053497942386831275,0.5740740740740741,False,,False,False,,False,False,,False,False,False,False,True,True,True,0.4791666666666667,False,,,,121.5,0.25,,0,True,True,False,False,False,Q4_strong,0.05-0.15R,after 13:30,narrow,Mon
2022-11-08,up,True,6,0.03341288782816229,1.3394919168591224,1,False,False,,1.1431980906921242,True,1.0,True,True,171.0,False,True,171.0,True,True,True,True,False,False,False,1.8120805369127517,True,1.0,2.0,0.7607843137254902,104.75,0.16666666666666666,,1,True,True,True,False,False,Q2,<0.05R,10:30-11:00,narrowest,Tue
2022-11-08,down,False,231,0.15035799522673032,3.13915857605178,3,True,True,0.12171837708830549,0.7446300715990454,True,20.0,False,True,20.0,False,True,26.0,True,True,True,True,True,False,False,-1.0,True,-1.0,-1.0,0.6921296296296297,104.75,0.16666666666666666,,1,True,True,False,False,False,Q4_strong,0.15-0.30R,after 13:30,narrowest,Tue
2022-11-09,down,True,11,0.06,1.7751479289940828,1,False,False,,1.5914285714285714,True,1.0,True,True,3.0,True,True,4.0,True,False,True,False,False,False,True,-1.0,True,-1.0,-1.0,-1.0,87.5,0.08333333333333333,,2,True,True,True,True,False,Q2,0.05-0.15R,10:30-11:00,narrowest,Wed
2022-11-10,up,True,61,0.02753441802252816,2.4229074889867843,4,False,True,0.04881101376720901,0.8798498122653317,True,3.0,True,True,11.0,True,True,60.0,False,False,False,False,True,False,True,1.4638196915776986,True,1.0,1.599499374217772,-1.0,199.75,0.8,,3,True,True,False,False,False,Q3,<0.05R,11:00-12:00,wide,Thu
2022-11-11,up,True,18,0.022135416666666668,2.034548944337812,7,False,True,0.033854166666666664,0.6015625,True,7.0,True,True,7.0,True,True,21.0,True,False,True,False,True,False,True,-1.0,True,-1.0,-1.0,-1.0,192.0,0.7333333333333333,,4,True,True,False,False,False,Q2,<0.05R,10:30-11:00,wide,Fri
2022-11-14,up,True,76,0.05263157894736842,3.440453686200378,2,False,True,0.02850877192982456,0.7236842105263158,True,1.0,True,True,1.0,True,True,7.0,True,False,True,False,True,False,False,-1.0,True,1.0,-1.0,-1.0,114.0,0.15,,0,True,True,False,False,False,Q4_strong,0.05-0.15R,11:00-12:00,narrowest,Mon
2022-11-15,down,True,31,0.04228855721393035,2.2801302931596092,4,False,True,0.1318407960199005,1.9751243781094527,True,2.0,True,True,2.0,True,True,13.0,True,False,True,False,True,False,True,-1.0,True,-1.0,-1.0,-1.0,100.5,0.11666666666666667,,1,True,True,True,True,False,Q3,<0.05R,11:00-12:00,narrowest,Tue
2022-11-16,down,True,21,0.0467706013363029,2.632696390658174,2,False,True,0.0556792873051225,0.155902004454343,True,1.0,True,True,9.0,True,True,15.0,True,False,True,False,True,False,False,-1.0,True,-1.0,-1.0,0.0625,112.25,0.16666666666666666,,2,False,False,False,False,False,Q3,<0.05R,10:30-11:00,narrowest,Wed
2022-11-17,up,True,85,0.10271317829457365,9.965870307167235,3,False,True,0.1937984496124031,0.7926356589147286,True,161.0,False,True,170.0,False,True,200.0,False,False,False,False,True,True,True,0.33762057877813506,True,0.6124031007751938,0.6124031007751938,-0.5290806754221389,129.0,0.3,,3,True,True,False,False,False,Q4_strong,0.05-0.15R,11:00-12:00,narrow,Thu
2022-11-18,down,True,26,0.06446776611694154,4.057971014492754,3,False,True,0.10494752623688156,0.4122938530734633,True,4.0,True,True,18.0,True,True,283.0,False,False,False,False,True,False,False,-0.45152722443559096,True,-0.3808095952023988,-0.3808095952023988,-0.1222707423580786,166.75,0.65,,4,True,False,False,False,False,Q4_strong,0.05-0.15R,10:30-11:00,wide,Fri
2022-11-21,down,True,15,0.035555555555555556,1.794871794871795,1,False,False,,0.30444444444444446,True,3.0,True,True,9.0,True,True,10.0,False,False,False,False,False,False,False,-0.06639004149377593,True,-0.0,-0.0,-1.0,112.5,0.16666666666666666,,0,True,False,False,False,False,Q2,<0.05R,10:30-11:00,narrowest,Mon
2022-11-22,up,True,18,0.07178217821782178,1.5384615384615383,4,False,True,0.13366336633663367,1.297029702970297,True,28.0,True,True,45.0,True,False,,False,False,False,False,True,True,True,1.6233766233766234,True,1.0,2.0,,101.0,0.11666666666666667,,1,True,True,True,False,False,Q2,0.05-0.15R,10:30-11:00,narrowest,Tue
2022-11-23,up,True,2,0.05894308943089431,2.6027397260273974,2,False,True,0.042682926829268296,0.1991869918699187,True,9.0,True,True,14.0,True,True,54.0,True,True,True,True,True,False,True,-1.0,True,-1.0,-1.0,3.120567375886525,123.0,0.3,,2,False,False,False,False,False,Q3,0.05-0.15R,10:30-11:00,narrow,Wed
2022-11-28,down,True,38,0.03981264637002342,2.3863636363636362,1,False,False,,0.9976580796252927,True,1.0,True,True,1.0,True,True,3.0,False,False,False,False,False,False,True,1.1496746203904555,True,1.0,1.3208430913348945,-1.0,106.75,0.16666666666666666,,0,True,True,False,False,False,Q3,<0.05R,11:00-12:00,narrowest,Mon
2022-11-29,up,True,20,0.018726591760299626,1.5037593984962405,1,False,False,,0.04119850187265917,True,1.0,False,True,1.0,True,True,1.0,True,True,True,True,False,False,False,-1.0,True,-1.0,-1.0,2.1235955056179776,66.75,0.05,,1,False,False,False,False,False,Q2,<0.05R,10:30-11:00,narrowest,Tue
2022-11-29,down,False,33,0.10861423220973783,3.7327188940092166,5,True,True,0.26217228464419473,1.4419475655430711,False,,False,False,,False,False,,False,False,False,False,False,False,True,1.4646153846153847,False,,,,66.75,0.05,,1,True,True,True,False,False,Q4_strong,0.05-0.15R,11:00-12:00,narrowest,Tue
2022-11-30,down,True,34,0.06772908366533864,1.752577319587629,2,False,False,,0.33067729083665337,True,1.0,True,True,1.0,True,True,2.0,True,True,True,True,False,False,False,-1.0,True,-1.0,-1.0,-1.0,62.75,0.05,,2,True,False,False,False,False,Q2,0.05-0.15R,11:00-12:00,narrowest,Wed
2022-11-30,up,False,180,0.6733067729083665,30.487804878048784,1,True,True,0.896414342629482,7.52589641434263,False,,False,False,,False,False,,False,False,False,False,True,True,True,0.27843803056027167,False,,,,62.75,0.05,,2,True,True,True,True,True,Q4_strong,>0.30R,12:00-13:30,narrowest,Wed
2022-12-01,down,True,0,0.04509283819628647,1.44,4,False,True,0.038461538461538464,0.07029177718832891,True,1.0,False,True,1.0,True,True,15.0,True,False,True,False,True,False,False,-1.0,True,-1.0,-1.0,0.9704641350210971,188.5,0.7666666666666667,,3,False,False,False,False,False,Q2,<0.05R,10:30-11:00,wide,Thu
2022-12-02,up,True,71,0.07575757575757576,2.4466019417475726,2,False,True,0.006493506493506494,0.8203463203463204,True,1.0,True,True,1.0,True,True,56.0,False,False,False,False,True,False,True,0.7857142857142857,True,1.0,1.0562770562770563,-1.0,115.5,0.26666666666666666,,4,True,True,False,False,False,Q3,0.05-0.15R,11:00-12:00,narrow,Fri
2022-12-05,down,True,64,0.011574074074074073,0.6486486486486487,5,False,True,0.027777777777777776,1.099537037037037,True,4.0,True,True,4.0,True,False,,False,False,False,False,True,False,True,1.9321266968325792,True,1.0,2.0,,108.0,0.2,,0,True,True,True,False,False,Q1_weak,<0.05R,11:00-12:00,narrow,Mon
2022-12-06,down,True,8,0.008985879332477536,3.1075697211155378,2,False,True,0.04236200256739409,0.5596919127086007,True,1.0,True,True,1.0,True,True,53.0,False,False,False,False,True,False,True,0.47162673392181587,True,1.0,0.4980744544287548,-1.0,194.75,0.8083333333333333,,1,True,True,False,False,False,Q4_strong,<0.05R,10:30-11:00,widest,Tue
2022-12-08,up,True,180,0.002680965147453083,2.804878048780488,2,False,True,0.03753351206434316,0.11796246648793565,True,1.0,True,True,1.0,True,True,30.0,False,False,False,False,True,False,False,-0.20266666666666666,True,-0.19839142091152814,-0.19839142091152814,-0.0847457627118644,186.5,0.7333333333333333,,3,False,False,False,False,False,Q3,<0.05R,12:00-13:30,wide,Thu
2022-12-09,up,True,1,0.022573363431151242,0.6658446362515413,4,False,True,0.22121896162528218,0.5191873589164786,True,1.0,True,True,2.0,True,True,310.0,True,False,True,False,True,True,False,-1.0,True,1.0,-1.0,0.2973568281938326,110.75,0.21666666666666667,,4,True,True,False,False,False,Q1_weak,<0.05R,10:30-11:00,narrow,Fri
2022-12-12,down,True,19,0.033707865168539325,3.2762836185819073,1,False,True,0.13857677902621723,0.16853932584269662,True,2.0,False,True,4.0,True,True,10.0,True,True,True,True,True,False,False,-1.0,True,-1.0,-1.0,1.6666666666666667,66.75,0.075,,0,False,False,False,False,False,Q4_strong,<0.05R,10:30-11:00,narrowest,Mon
2022-12-12,up,False,150,0.07865168539325842,7.209302325581396,1,True,False,,1.6329588014981273,True,1.0,True,True,1.0,True,True,3.0,True,False,True,False,False,False,True,-1.0,True,-1.0,-1.0,-1.0,66.75,0.075,,0,True,True,True,True,False,Q4_strong,0.05-0.15R,12:00-13:30,narrowest,Mon
2022-12-13,down,True,1,0.018404907975460124,0.758082497212932,2,False,False,,1.2417177914110429,True,1.0,True,True,1.0,True,True,2.0,False,False,False,False,False,False,True,1.893491124260355,True,1.0,2.0,-1.0,203.75,0.8666666666666667,,1,True,True,True,False,False,Q1_weak,<0.05R,10:30-11:00,widest,Tue
2022-12-14,up,True,33,0.07017543859649122,4.796747967479675,6,False,True,0.02631578947368421,0.2236842105263158,True,1.0,True,True,2.0,True,True,5.0,True,True,True,True,True,False,False,-1.0,True,-1.0,-1.0,-1.0,114.0,0.275,,2,False,False,False,False,False,Q4_strong,0.05-0.15R,11:00-12:00,narrow,Wed
2022-12-14,down,False,211,0.16447368421052633,6.923076923076923,4,True,True,0.6447368421052632,1.763157894736842,True,3.0,True,True,69.0,False,False,,True,False,False,False,False,False,True,1.2574257425742574,True,1.0,2.0,,114.0,0.275,,2,True,True,True,True,False,Q4_strong,0.15-0.30R,after 13:30,narrow,Wed
2022-12-15,down,True,1,0.011904761904761904,0.6060606060606061,4,False,True,0.08068783068783068,0.6481481481481481,True,1.0,True,True,1.0,True,False,,False,False,False,False,True,False,True,0.6589147286821705,True,1.0,0.6984126984126984,,189.0,0.7333333333333333,,3,True,True,False,False,False,Q1_weak,<0.05R,10:30-11:00,wide,Thu
2022-12-16,down,True,3,0.07317073170731707,2.1923076923076925,3,False,True,0.06016260162601626,0.40487804878048783,True,5.0,True,True,6.0,True,True,9.0,False,False,False,False,True,False,False,-0.17872340425531916,True,-0.05853658536585366,-0.05853658536585366,-1.0,153.75,0.5333333333333333,,4,True,False,False,False,False,Q3,0.05-0.15R,10:30-11:00,mid,Fri
2022-12-19,down,True,30,0.013592233009708738,1.9377162629757787,4,False,True,0.03495145631067961,0.7650485436893204,True,12.0,True,True,17.0,True,False,,False,False,False,False,True,False,True,0.6124763705103969,True,1.0,0.6563106796116505,,128.75,0.31666666666666665,,0,True,True,False,False,False,Q2,<0.05R,10:30-11:00,narrow,Mon
2022-12-20,up,True,0,0.01800327332242226,1.2171052631578947,4,False,True,0.054009819967266774,0.18003273322422259,True,1.0,True,True,11.0,True,True,29.0,True,False,True,False,True,False,False,-1.0,True,-1.0,-1.0,0.3,152.75,0.5,,1,False,False,False,False,False,Q1_weak,<0.05R,10:30-11:00,mid,Tue
2022-12-21,up,True,2,0.10450819672131148,4.852459016393443,7,False,True,0.11065573770491803,0.7110655737704918,False,,False,False,,False,False,,False,False,False,False,True,True,True,0.27796610169491526,False,,,,122.0,0.3,,2,True,True,False,False,False,Q4_strong,0.05-0.15R,10:30-11:00,narrow,Wed
2022-12-22,down,True,0,0.0972972972972973,4.120603015075377,3,False,True,0.04864864864864865,0.8256756756756757,True,17.0,True,True,17.0,True,True,296.0,False,False,False,False,True,False,False,-0.4479638009049774,True,1.0,-0.34054054054054056,0.06349206349206349,185.0,0.7,,3,True,True,False,False,False,Q4_strong,0.05-0.15R,10:30-11:00,wide,Thu
2022-12-23,up,True,0,0.03074141048824593,1.5598290598290598,2,False,True,0.06329113924050633,0.352622061482821,True,1.0,True,True,17.0,True,True,22.0,True,False,True,False,True,False,True,-1.0,True,-1.0,-1.0,-0.7056962025316456,138.25,0.4166666666666667,,4,True,False,False,False,False,Q2,<0.05R,10:30-11:00,mid,Fri
2022-12-28,down,True,25,0.01855287569573284,1.1587982832618025,2,False,True,0.055658627087198514,0.764378478664193,True,1.0,True,True,126.0,False,True,129.0,False,False,False,False,True,False,True,1.2737030411449015,True,1.0,1.3580705009276437,-1.0,134.75,0.4,,2,True,True,False,False,False,Q1_weak,<0.05R,10:30-11:00,mid,Wed
2022-12-29,up,True,5,0.031201248049921998,1.8181818181818183,2,False,True,0.0093603744149766,0.3416536661466459,True,1.0,True,True,1.0,True,False,,False,False,False,False,True,False,True,0.12041116005873716,True,0.19032761310452417,0.19032761310452417,,160.25,0.65,,3,True,False,False,False,False,Q2,<0.05R,10:30-11:00,wide,Thu
2022-12-30,up,True,17,0.056910569105691054,3.6180904522613067,1,False,True,0.12737127371273713,0.8482384823848238,True,4.0,True,True,4.0,True,True,10.0,True,False,True,False,True,False,True,-1.0,True,-1.0,-1.0,-1.0,92.25,0.1,,4,True,True,False,False,False,Q4_strong,0.05-0.15R,10:30-11:00,narrowest,Fri
2023-01-03,down,True,0,0.03602726387536514,3.8291605301914577,1,False,True,0.014605647517039922,0.31353456669912366,True,1.0,True,True,1.0,True,True,10.0,False,False,False,False,True,False,False,-0.1943687556766576,True,-0.13631937682570594,-0.13631937682570594,-1.0,256.75,0.9833333333333333,,1,True,False,False,False,False,Q4_strong,<0.05R,10:30-11:00,widest,Tue
2023-01-04,up,True,67,0.017759562841530054,0.7672634271099744,1,False,True,0.01366120218579235,0.12021857923497267,True,14.0,True,True,24.0,True,True,24.0,True,False,True,False,True,False,False,-1.0,True,-1.0,-1.0,1.8058252427184467,183.0,0.7,,2,False,False,False,False,False,Q1_weak,<0.05R,11:00-12:00,wide,Wed
2023-01-05,down,True,320,0.0044444444444444444,3.072100313479624,1,False,False,,0.08666666666666667,True,1.0,True,True,1.0,True,False,,False,False,False,False,False,False,False,-0.1013215859030837,True,-0.09333333333333334,-0.09333333333333334,,112.5,0.24166666666666667,,3,False,False,False,False,False,Q4_strong,<0.05R,after 13:30,narrow,Thu
2023-01-06,up,True,7,0.06853146853146853,1.466275659824047,5,False,True,0.06153846153846154,1.234965034965035,True,7.0,True,True,7.0,True,False,,False,False,False,False,True,True,True,1.6383763837638377,True,1.0,2.0,,178.75,0.6833333333333333,,4,True,True,True,False,False,Q2,0.05-0.15R,10:30-11:00,wide,Fri
2023-01-09,up,True,3,0.06333973128598848,1.8494623655913978,4,False,True,0.04798464491362764,0.46449136276391556,True,183.0,False,True,183.0,True,True,190.0,True,True,True,True,True,False,False,-1.0,True,-1.0,-1.0,1.1077348066298343,130.25,0.4,,0,True,False,False,False,False,Q2,0.05-0.15R,10:30-11:00,mid,Mon
2023-01-09,down,False,317,0.05566218809980806,2.0792079207920793,3,True,True,0.04222648752399232,0.2687140115163148,True,3.0,True,True,3.0,True,False,,False,False,False,False,True,False,True,-0.0069084628670120895,True,0.1036468330134357,0.1036468330134357,,130.25,0.4,,0,True,False,False,False,False,Q3,0.05-0.15R,after 13:30,mid,Mon
2023-01-10,down,True,14,0.04819277108433735,1.8611521418020678,5,False,True,0.08089500860585198,0.11876075731497418,True,2.0,False,True,2.0,True,True,7.0,True,True,True,True,True,False,False,-1.0,True,-1.0,-1.0,1.5590551181102361,145.25,0.5,,1,False,False,False,False,False,Q2,<0.05R,10:30-11:00,mid,Tue
2023-01-10,up,False,329,0.0189328743545611,2.3529411764705883,3,True,False,,0.0,False,,False,False,,False,False,,False,False,False,False,False,False,False,,False,,,,145.25,0.5,,1,False,False,False,False,False,Q3,<0.05R,after 13:30,mid,Tue
2023-01-11,up,True,97,0.002577319587628866,1.075268817204301,1,False,True,0.02577319587628866,0.9432989690721649,True,1.0,True,True,1.0,True,False,,False,False,False,False,True,False,True,1.8102564102564103,True,1.0,1.824742268041237,,97.0,0.11666666666666667,,2,True,True,False,False,False,Q1_weak,<0.05R,12:00-13:30,narrowest,Wed
2023-01-12,up,True,107,0.030120481927710843,1.787709497206704,3,False,True,0.010843373493975903,0.26987951807228916,True,4.0,True,True,4.0,True,True,70.0,False,False,False,False,True,False,True,0.0659090909090909,True,0.13012048192771083,0.13012048192771083,-1.0,207.5,0.9,,3,True,False,False,False,False,Q2,<0.05R,12:00-13:30,widest,Thu
2023-01-13,up,True,0,0.004415011037527594,0.5857740585774059,2,False,False,,0.8609271523178808,True,1.0,True,True,1.0,True,True,1.0,True,False,True,False,False,False,True,-1.0,True,-1.0,-1.0,-1.0,113.25,0.2833333333333333,,4,True,True,False,False,False,Q1_weak,<0.05R,10:30-11:00,narrow,Fri
2023-01-18,down,True,7,0.0028653295128939827,2.3728813559322033,1,False,True,0.08882521489971347,2.312320916905444,True,1.0,True,False,,False,False,,False,False,False,False,True,True,True,1.982905982905983,True,1.0,2.0,,87.25,0.08333333333333333,,2,True,True,True,True,True,Q3,<0.05R,10:30-11:00,narrowest,Wed
2023-01-19,down,True,16,0.0076726342710997444,2.0717131474103585,2,False,False,,0.4117647058823529,True,1.0,True,True,1.0,True,True,24.0,True,True,True,True,False,False,False,-1.0,True,-1.0,-1.0,-1.0,97.75,0.15,,3,True,False,False,False,False,Q3,<0.05R,10:30-11:00,narrowest,Thu
2023-01-19,up,False,256,0.0076726342710997444,0.7486631016042781,2,True,False,,0.0792838874680307,True,1.0,False,True,1.0,True,True,1.0,True,False,True,False,False,False,False,-1.0,True,-1.0,-1.0,5.944444444444445,97.75,0.15,,3,False,False,False,False,False,Q1_weak,<0.05R,after 13:30,narrowest,Thu
2023-01-20,up,True,0,0.03002309468822171,1.273100616016427,4,False,True,0.13163972286374134,1.8013856812933025,True,1.0,True,True,1.0,True,False,,False,False,False,False,True,False,True,1.8300653594771241,True,1.0,2.0,,108.25,0.25,,4,True,True,True,True,False,Q1_weak,<0.05R,10:30-11:00,narrow,Fri
2023-01-23,up,True,1,0.014647137150466045,0.7334963325183375,2,False,False,,0.6577896138482024,True,1.0,True,True,1.0,True,True,11.0,False,False,False,False,False,False,True,0.7166882276843467,True,1.0,0.7669773635153129,-1.0,187.75,0.8,,0,True,True,False,False,False,Q1_weak,<0.05R,10:30-11:00,wide,Mon
2023-01-25,down,True,7,0.08237986270022883,2.0408163265306123,2,False,True,0.02745995423340961,0.09382151029748284,True,2.0,False,True,2.0,True,True,4.0,True,True,True,True,True,False,False,-1.0,True,-1.0,-1.0,3.509433962264151,109.25,0.26666666666666666,,2,False,False,False,False,False,Q2,0.05-0.15R,10:30-11:00,narrow,Wed
2023-01-25,up,False,49,0.05263157894736842,6.847290640394088,1,True,True,0.11212814645308924,1.643020594965675,True,1.0,True,True,5.0,True,False,,False,False,False,False,True,True,True,1.7142857142857142,True,1.0,2.0,,109.25,0.26666666666666666,,2,True,True,True,True,False,Q4_strong,0.05-0.15R,11:00-12:00,narrow,Wed
2023-01-26,down,True,24,0.087890625,4.328859060402684,5,False,True,0.2421875,0.333984375,True,9.0,True,True,20.0,True,True,75.0,True,True,True,True,True,False,False,-1.0,True,-1.0,-1.0,0.7694300518134715,128.0,0.48333333333333334,,3,True,False,False,False,False,Q4_strong,0.05-0.15R,10:30-11:00,mid,Thu
2023-01-26,up,False,294,0.044921875,4.29042904290429,1,True,True,0.02734375,0.283203125,True,7.0,True,True,18.0,True,False,,False,False,False,False,True,False,True,0.34767025089605735,True,0.46875,0.46875,,128.0,0.48333333333333334,,3,True,False,False,False,False,Q4_strong,<0.05R,after 13:30,mid,Thu
2023-01-27,up,True,72,0.0165016501650165,1.529745042492918,3,False,True,0.0033003300330033004,0.7607260726072608,True,3.0,True,True,3.0,True,False,,False,False,False,False,True,False,True,0.3514376996805112,True,1.0,0.39603960396039606,,151.5,0.65,,4,True,True,False,False,False,Q2,<0.05R,11:00-12:00,wide,Fri
2023-01-30,down,True,6,0.0755939524838013,1.9224283305227656,1,False,True,0.04967602591792657,0.5831533477321814,True,23.0,True,True,33.0,True,True,34.0,False,False,False,False,True,False,True,0.7166979362101313,True,1.0,0.9762419006479481,-1.0,115.75,0.43333333333333335,,0,True,True,False,False,False,Q2,0.05-0.15R,10:30-11:00,mid,Mon
2023-01-31,up,True,0,0.005405405405405406,0.5084745762711864,4,False,True,0.14054054054054055,1.0216216216216216,True,1.0,True,True,1.0,True,False,,False,False,False,False,True,True,True,1.967914438502674,True,1.0,2.0,,92.5,0.13333333333333333,,1,True,True,True,False,False,Q1_weak,<0.05R,10:30-11:00,narrowest,Tue
2023-02-01,down,True,21,0.039647577092511016,1.1616161616161615,3,False,True,0.07488986784140969,0.8105726872246696,True,3.0,True,True,19.0,True,True,30.0,True,True,True,True,True,False,False,-1.0,True,-1.0,-1.0,0.625,56.75,0.016666666666666666,,2,True,True,False,False,False,Q1_weak,<0.05R,10:30-11:00,narrowest,Wed
2023-02-01,up,False,217,0.2599118942731278,4.0661938534278965,1,True,True,0.44493392070484583,6.312775330396476,True,10.0,True,True,10.0,False,True,24.0,True,True,True,True,True,True,True,-1.0,True,-1.0,-1.0,-0.004819277108433735,56.75,0.016666666666666666,,2,True,True,True,True,True,Q4_strong,0.15-0.30R,after 13:30,narrowest,Wed
2023-02-02,up,True,0,0.18316831683168316,3.6514522821576767,1,False,True,0.13861386138613863,1.8440594059405941,True,257.0,False,True,257.0,False,True,268.0,True,False,True,False,True,True,True,1.1956521739130435,True,-1.0,-1.0,-0.6148238153098421,101.0,0.20833333333333334,,3,True,True,True,True,False,Q4_strong,0.15-0.30R,10:30-11:00,narrow,Thu
2023-02-03,up,True,7,0.0009074410163339383,0.39766081871345027,2,False,False,,0.15970961887477314,True,1.0,True,True,3.0,True,True,17.0,True,False,True,False,False,False,False,-1.0,True,-1.0,-1.0,-1.0,275.5,1.0,,4,False,False,False,False,False,Q1_weak,<0.05R,10:30-11:00,widest,Fri
2023-02-06,down,True,1,0.04842105263157895,1.6103059581320451,5,False,True,0.042105263157894736,0.14947368421052631,True,2.0,False,True,3.0,True,True,10.0,True,True,True,True,True,False,False,-1.0,True,-1.0,-1.0,1.9836065573770492,118.75,0.48333333333333334,,0,False,False,False,False,False,Q2,<0.05R,10:30-11:00,mid,Mon
2023-02-06,up,False,57,0.04,2.6804123711340204,1,True,True,0.042105263157894736,0.1368421052631579,True,1.0,True,True,2.0,True,True,10.0,True,True,True,True,True,False,False,-1.0,True,-1.0,-1.0,3.6153846153846154,118.75,0.48333333333333334,,0,False,False,False,False,False,Q3,<0.05R,11:00-12:00,mid,Mon
2023-02-07,up,True,42,0.022653721682847898,1.6216216216216217,1,False,False,,3.4207119741100325,True,1.0,True,True,6.0,True,True,11.0,True,True,True,True,False,False,True,1.869969040247678,True,1.0,2.0,-1.0,77.25,0.08333333333333333,,1,True,True,True,True,True,Q2,<0.05R,11:00-12:00,narrowest,Tue
2023-02-07,down,False,184,0.1941747572815534,1.4617486338797814,3,True,False,,0.2297734627831715,True,1.0,True,True,2.0,True,True,7.0,True,True,True,True,False,False,False,-1.0,True,-1.0,-1.0,0.17647058823529413,77.25,0.08333333333333333,,1,False,False,False,False,False,Q2,0.15-0.30R,after 13:30,narrowest,Tue
2023-02-08,down,True,0,0.21705426356589147,5.674603174603175,1,False,True,0.25064599483204136,1.4728682170542635,False,,False,False,,False,False,,False,False,False,False,False,False,True,1.0918918918918918,False,,,,96.75,0.15,,2,True,True,True,False,False,Q4_strong,0.15-0.30R,10:30-11:00,narrowest,Wed
2023-02-09,down,True,32,0.006787330316742082,2.4539877300613497,3,False,True,0.11764705882352941,2.276018099547511,True,7.0,True,True,9.0,True,False,,False,False,False,False,False,False,True,1.9598214285714286,True,1.0,2.0,,110.5,0.31666666666666665,,3,True,True,True,True,True,Q3,<0.05R,11:00-12:00,narrow,Thu
2023-02-10,down,True,88,0.025454545454545455,2.506811989100817,3,False,True,0.03090909090909091,0.3,True,1.0,True,True,44.0,True,True,63.0,True,False,True,False,True,False,False,-1.0,True,-1.0,-1.0,0.5278810408921933,137.5,0.65,,4,True,False,False,False,False,Q3,<0.05R,11:00-12:00,wide,Fri
2023-02-13,up,True,19,0.10743801652892562,3.2225063938618925,8,False,True,0.08884297520661157,0.7768595041322314,False,,False,False,,False,False,,False,False,False,False,True,True,True,0.7993197278911565,False,,,,121.0,0.5,,0,True,True,False,False,False,Q4_strong,0.05-0.15R,10:30-11:00,mid,Mon
2023-02-15,up,True,59,0.009324009324009324,3.4316353887399464,1,False,True,0.030303030303030304,0.9603729603729604,True,1.0,True,True,1.0,True,True,2.0,False,False,False,False,True,False,True,1.8581235697940504,True,1.0,1.9114219114219113,-1.0,107.25,0.25,,2,True,True,False,False,False,Q4_strong,<0.05R,11:00-12:00,narrow,Wed
2023-02-16,up,True,2,0.0019880715705765406,0.22838499184339317,5,False,False,,0.5725646123260437,True,1.0,True,True,1.0,True,True,282.0,True,True,True,True,False,False,False,-1.0,True,1.0,-1.0,1.0127226463104326,125.75,0.5333333333333333,,3,True,True,False,False,False,Q1_weak,<0.05R,10:30-11:00,mid,Thu
2023-02-16,down,False,302,0.003976143141153081,0.06389776357827476,7,True,True,0.04572564612326044,0.16500994035785288,True,1.0,True,True,1.0,True,False,,False,False,False,False,True,False,True,0.22879684418145957,True,0.23856858846918488,0.23856858846918488,,125.75,0.5333333333333333,,3,False,False,False,False,False,Q1_weak,<0.05R,after 13:30,mid,Thu
2023-02-17,down,True,54,0.0058823529411764705,2.1006564551422318,1,False,False,,0.23921568627450981,True,1.0,True,True,1.0,True,True,20.0,True,False,True,False,False,False,False,-1.0,True,-1.0,-1.0,-1.0,127.5,0.55,,4,False,False,False,False,False,Q3,<0.05R,11:00-12:00,mid,Fri
2023-02-21,down,True,37,0.004618937644341801,0.19292604501607716,5,False,True,0.009237875288683603,0.8452655889145496,True,1.0,True,True,7.0,True,False,,False,False,False,False,True,False,True,1.5240274599542334,True,1.0,1.5473441108545034,,108.25,0.2916666666666667,,1,True,True,False,False,False,Q1_weak,<0.05R,11:00-12:00,narrow,Tue
2023-02-22,down,True,2,0.027881040892193308,1.3419913419913418,5,False,True,0.03531598513011153,0.04460966542750929,True,1.0,True,True,3.0,True,True,22.0,True,True,True,True,True,False,False,-1.0,True,-1.0,-1.0,1.3416666666666666,134.5,0.6,,2,False,False,False,False,False,Q2,<0.05R,10:30-11:00,wide,Wed
2023-02-22,up,False,216,0.08921933085501858,3.9344262295081966,1,True,True,0.00929368029739777,0.11895910780669144,True,1.0,True,True,1.0,True,True,1.0,True,False,True,False,True,False,False,-1.0,True,-1.0,-1.0,1.631578947368421,134.5,0.6,,2,False,False,False,False,False,Q4_strong,0.05-0.15R,after 13:30,wide,Wed
2023-02-23,down,True,1,0.007894736842105263,2.6236559139784945,3,False,True,0.10263157894736842,1.4342105263157894,True,1.0,True,True,1.0,True,True,3.0,True,False,True,False,True,False,False,1.9533678756476685,True,1.0,2.0,-1.0,95.0,0.15,,3,True,True,True,False,False,Q3,<0.05R,10:30-11:00,narrowest,Thu
2023-02-24,down,True,22,0.03211009174311927,1.3526570048309179,1,False,False,,0.10091743119266056,True,1.0,True,True,1.0,True,True,15.0,True,False,True,False,False,False,False,-1.0,True,-1.0,-1.0,2.7037037037037037,109.0,0.3,,4,False,False,False,False,False,Q2,<0.05R,10:30-11:00,narrow,Fri
2023-02-27,down,True,9,0.02702702702702703,1.0884353741496597,5,False,True,0.003003003003003003,0.5735735735735735,True,7.0,True,True,21.0,True,False,,False,False,False,False,True,False,True,0.45584045584045585,True,1.0,0.5345345345345346,,83.25,0.08333333333333333,,0,True,True,False,False,False,Q1_weak,<0.05R,10:30-11:00,narrowest,Mon
2023-02-28,up,True,111,0.0030303030303030303,3.1531531531531534,4,False,True,0.01818181818181818,0.5909090909090909,True,1.0,True,True,1.0,True,True,176.0,True,False,True,False,True,False,False,-1.0,True,1.0,-1.0,0.6339622641509434,82.5,0.06666666666666667,,1,True,True,False,False,False,Q4_strong,<0.05R,12:00-13:30,narrowest,Tue
2023-03-01,down,True,38,0.06521739130434782,5.280898876404494,9,False,True,0.15612648221343872,0.22332015810276679,True,17.0,False,True,17.0,True,True,42.0,True,False,True,False,True,False,False,-1.0,True,-1.0,-1.0,-0.5178571428571429,126.5,0.5333333333333333,,2,False,False,False,False,False,Q4_strong,0.05-0.15R,11:00-12:00,mid,Wed
2023-03-02,up,True,121,0.011764705882352941,4.026402640264027,2,False,True,0.10588235294117647,1.9411764705882353,True,1.0,True,True,1.0,True,True,18.0,False,False,False,False,True,False,True,1.9310344827586208,True,1.0,2.0,-1.0,85.0,0.1,,3,True,True,True,True,False,Q4_strong,<0.05R,12:00-13:30,narrowest,Thu
2023-03-03,up,True,2,0.03508771929824561,1.36,2,False,False,,0.8399122807017544,True,1.0,True,True,1.0,True,True,1.0,False,False,False,False,False,False,True,1.360655737704918,True,1.0,1.5263157894736843,-1.0,114.0,0.425,,4,True,True,False,False,False,Q2,<0.05R,10:30-11:00,mid,Fri
2023-03-06,up,True,8,0.010526315789473684,0.5833333333333334,2,False,True,0.06842105263157895,0.4631578947368421,True,1.0,True,True,70.0,True,True,117.0,True,True,True,True,True,False,False,-1.0,True,-1.0,-1.0,1.5740740740740742,95.0,0.175,,0,True,False,False,False,False,Q1_weak,<0.05R,10:30-11:00,narrow,Mon
2023-03-06,down,False,258,0.03684210526315789,2.8458498023715415,4,True,True,0.039473684210526314,0.3473684210526316,True,1.0,True,True,6.0,True,False,,False,False,False,False,True,False,True,0.39215686274509803,True,0.49473684210526314,0.49473684210526314,,95.0,0.175,,0,True,False,False,False,False,Q3,<0.05R,after 13:30,narrow,Mon
2023-03-07,down,True,198,0.03424657534246575,3.0921052631578947,1,False,True,0.03424657534246575,0.20821917808219179,True,3.0,True,True,3.0,True,True,10.0,False,False,False,False,True,False,True,0.05128205128205128,True,0.1232876712328767,0.1232876712328767,-1.0,182.5,0.8333333333333334,,1,False,False,False,False,False,Q4_strong,<0.05R,after 13:30,widest,Tue
2023-03-08,up,True,3,0.016241299303944315,1.5315315315315317,4,False,True,0.04408352668213457,0.35730858468677495,True,1.0,True,True,3.0,True,True,16.0,True,False,True,False,True,False,True,-1.0,True,-1.0,-1.0,-1.0,107.75,0.2833333333333333,,2,True,False,False,False,False,Q2,<0.05R,10:30-11:00,narrow,Wed
2023-03-09,down,True,138,0.07489878542510121,3.5230352303523036,1,False,True,0.06882591093117409,2.0445344129554655,True,3.0,True,True,5.0,True,True,8.0,False,False,False,False,True,False,True,1.6091549295774648,True,1.0,2.0,-1.0,123.5,0.5333333333333333,,3,True,True,True,True,True,Q4_strong,0.05-0.15R,12:00-13:30,mid,Thu
2023-03-10,up,True,56,0.08307692307692308,3.0420711974110035,2,False,True,0.06,0.32,True,19.0,False,True,19.0,True,True,20.0,True,True,True,True,True,False,False,-1.0,True,-1.0,-1.0,1.5309734513274336,162.5,0.8166666666666667,,4,True,False,False,False,False,Q4_strong,0.05-0.15R,11:00-12:00,widest,Fri
2023-03-10,down,False,175,0.004615384615384616,0.8356545961002786,2,True,True,0.036923076923076927,0.4307692307692308,True,1.0,True,True,44.0,True,True,45.0,False,False,False,False,True,False,True,0.2804878048780488,True,0.2923076923076923,0.2923076923076923,-0.4376899696048632,162.5,0.8166666666666667,,4,True,False,False,False,False,Q1_weak,<0.05R,12:00-13:30,widest,Fri
2023-03-13,up,True,28,0.012207527975584944,0.599250936329588,1,False,False,,0.5930824008138352,True,1.0,True,True,1.0,True,True,297.0,False,False,False,False,False,False,False,-0.13108242303872888,True,1.0,-0.10986775178026449,0.03241491085899514,245.75,0.95,,0,True,True,False,False,False,Q1_weak,<0.05R,10:30-11:00,widest,Mon
2023-03-14,up,True,1,0.034482758620689655,1.1825192802056557,5,False,True,0.016091954022988506,0.432183908045977,True,1.0,True,True,13.0,True,True,160.0,True,True,True,True,True,False,True,-1.0,True,-1.0,-1.0,1.2410071942446044,108.75,0.31666666666666665,,1,True,False,False,False,False,Q1_weak,<0.05R,10:30-11:00,narrow,Tue
2023-03-14,down,False,279,0.0022988505747126436,3.44689378757515,4,True,True,0.1724137931034483,0.296551724137931,True,10.0,False,True,10.0,True,True,28.0,True,True,True,True,True,False,False,-1.0,True,-1.0,-1.0,0.7848101265822784,108.75,0.31666666666666665,,1,True,False,False,False,False,Q4_strong,<0.05R,after 13:30,narrow,Tue
2023-03-15,down,True,4,0.10106382978723404,2.6923076923076925,1,False,True,0.05053191489361702,0.3191489361702128,True,1.0,True,True,1.0,True,True,23.0,True,True,True,True,True,False,False,-1.0,True,-1.0,-1.0,1.2044444444444444,94.0,0.15,,2,True,False,False,False,False,Q3,0.05-0.15R,10:30-11:00,narrowest,Wed
2023-03-15,up,False,75,0.061170212765957445,1.1890243902439026,3,True,True,0.04521276595744681,1.3962765957446808,True,7.0,True,True,8.0,True,True,11.0,True,False,True,False,True,False,True,-1.0,True,-1.0,-1.0,-1.0,94.0,0.15,,2,True,True,True,False,False,Q1_weak,0.05-0.15R,11:00-12:00,narrowest,Wed
2023-03-16,up,True,11,0.06611570247933884,3.5103926096997693,2,False,True,0.09090909090909091,2.4855371900826446,True,2.0,True,False,,False,False,,False,False,False,False,True,True,True,1.6496350364963503,True,1.0,2.0,,121.0,0.5083333333333333,,3,True,True,True,True,True,Q4_strong,0.05-0.15R,10:30-11:00,mid,Thu
2023-03-17,down,True,3,0.0017667844522968198,1.4054054054054055,2,False,True,0.10424028268551237,0.7084805653710248,True,1.0,True,True,118.0,False,False,,False,False,False,False,True,False,True,0.30985915492957744,True,1.0,0.31448763250883394,,141.5,0.7333333333333333,,4,True,True,False,False,False,Q2,<0.05R,10:30-11:00,wide,Fri
2023-03-20,up,True,19,0.021739130434782608,2.4609375,3,False,True,0.03140096618357488,0.7246376811594203,True,1.0,True,True,1.0,True,True,80.0,True,False,True,False,True,True,True,-1.0,True,1.0,-1.0,-1.0,103.5,0.26666666666666666,,0,True,True,False,False,False,Q3,<0.05R,10:30-11:00,narrow,Mon
2023-03-21,down,True,22,0.03389830508474576,1.4092140921409215,3,False,True,0.11138014527845036,0.20823244552058112,True,1.0,True,True,9.0,True,True,21.0,True,True,True,True,True,False,False,-1.0,True,-1.0,-1.0,-1.0,103.25,0.26666666666666666,,1,False,False,False,False,False,Q2,<0.05R,10:30-11:00,narrow,Tue
2023-03-21,up,False,266,0.01937046004842615,2.4742268041237114,4,True,True,0.031476997578692496,0.5907990314769975,True,1.0,True,False,,False,False,,False,False,False,False,True,True,True,0.7086247086247086,True,1.0,0.774818401937046,,103.25,0.26666666666666666,,1,True,True,False,False,False,Q3,<0.05R,after 13:30,narrow,Tue
2023-03-22,up,True,68,0.005698005698005698,3.4615384615384612,1,False,True,0.05413105413105413,1.6296296296296295,True,1.0,True,True,3.0,True,True,23.0,True,True,True,True,True,False,False,-1.0,True,-1.0,-1.0,-1.0,87.75,0.11666666666666667,,2,True,True,True,True,False,Q4_strong,<0.05R,11:00-12:00,narrowest,Wed
2023-03-22,down,False,278,0.1396011396011396,1.4170692431561998,2,True,True,0.03418803418803419,1.7692307692307692,True,1.0,True,True,1.0,True,True,6.0,True,True,True,True,True,False,True,-1.0,True,-1.0,-1.0,0.6866197183098591,87.75,0.11666666666666667,,2,True,True,True,True,False,Q2,0.05-0.15R,after 13:30,narrowest,Wed
2023-03-23,up,True,14,0.011235955056179775,0.3021148036253776,2,False,True,0.0898876404494382,0.651685393258427,True,1.0,True,True,123.0,False,True,133.0,True,True,True,True,True,False,False,-1.0,True,1.0,-1.0,1.3633440514469453,111.25,0.45,,3,True,True,False,False,False,Q1_weak,<0.05R,10:30-11:00,mid,Thu
2023-03-23,down,False,235,0.14606741573033707,4.7368421052631575,3,True,True,0.07865168539325842,1.0224719101123596,True,35.0,True,True,35.0,False,True,82.0,True,False,True,False,True,False,False,1.3217391304347825,True,1.0,2.0,-0.18458781362007168,111.25,0.45,,3,True,True,True,False,False,Q4_strong,0.05-0.15R,after 13:30,mid,Thu
2023-03-24,down,True,52,0.041474654377880185,0.985691573926868,2,False,False,,0.06912442396313365,True,1.0,True,True,2.0,True,True,3.0,True,True,True,True,False,False,False,-1.0,True,-1.0,-1.0,5.27027027027027,108.5,0.38333333333333336,,4,False,False,False,False,False,Q1_weak,<0.05R,11:00-12:00,mid,Fri
2023-03-24,up,False,91,0.020737327188940093,3.00556586270872,1,True,True,0.02304147465437788,0.47235023041474655,True,1.0,True,True,1.0,True,True,3.0,True,False,True,False,True,False,True,-1.0,True,-1.0,-1.0,-1.0,108.5,0.38333333333333336,,4,True,False,False,False,False,Q4_strong,<0.05R,12:00-13:30,mid,Fri
2023-03-27,down,True,0,0.01775147928994083,3.2882882882882885,3,False,True,0.07396449704142012,1.363905325443787,True,1.0,True,True,1.0,True,False,,False,False,False,False,True,False,True,1.8971428571428572,True,1.0,2.0,,84.5,0.08333333333333333,,0,True,True,True,False,False,Q4_strong,<0.05R,10:30-11:00,narrowest,Mon
2023-03-28,down,True,3,0.15347721822541965,4.59214501510574,4,False,True,0.15827338129496402,0.37170263788968827,True,28.0,True,True,29.0,True,True,57.0,True,False,True,False,True,False,False,-1.0,True,-1.0,-1.0,-1.0,104.25,0.3333333333333333,,1,True,False,False,False,False,Q4_strong,0.15-0.30R,10:30-11:00,narrow,Tue
2023-03-29,down,True,5,0.014492753623188406,1.3293051359516617,3,False,True,0.00966183574879227,0.5120772946859904,True,1.0,True,True,31.0,False,True,49.0,True,True,True,True,True,False,False,-1.0,True,1.0,-1.0,0.9440993788819876,51.75,0.016666666666666666,,2,True,True,False,False,False,Q2,<0.05R,10:30-11:00,narrowest,Wed
2023-03-29,up,False,179,0.04830917874396135,1.8604651162790697,3,True,True,0.03864734299516908,1.183574879227053,True,1.0,True,True,1.0,True,True,4.0,True,False,True,False,True,False,True,-1.0,True,-1.0,-1.0,-1.0,51.75,0.016666666666666666,,2,True,True,True,False,False,Q2,<0.05R,12:00-13:30,narrowest,Wed
2023-03-30,up,True,41,0.03322259136212625,2.5742574257425743,9,False,False,,0.10963455149501661,True,1.0,True,True,1.0,True,True,14.0,True,True,True,True,False,False,False,-1.0,True,-1.0,-1.0,1.6935483870967742,75.25,0.05,,3,False,False,False,False,False,Q3,<0.05R,11:00-12:00,narrowest,Thu
2023-03-30,down,False,187,0.03322259136212625,2.56,2,True,True,0.019933554817275746,0.22591362126245848,True,1.0,True,True,1.0,True,True,25.0,True,False,True,False,True,False,False,-1.0,True,-1.0,-1.0,1.690909090909091,75.25,0.05,,3,False,False,False,False,False,Q3,<0.05R,after 13:30,narrowest,Thu
2023-03-31,up,True,2,0.015151515151515152,0.7253886010362695,3,False,True,0.05454545454545454,1.803030303030303,True,1.0,True,False,,False,False,,False,False,False,False,True,True,True,1.911764705882353,True,1.0,2.0,,82.5,0.09166666666666666,,4,True,True,True,True,False,Q1_weak,<0.05R,10:30-11:00,narrowest,Fri
2023-04-03,down,True,21,0.15,2.9842931937172774,6,False,True,0.15714285714285714,0.6321428571428571,True,77.0,False,True,77.0,False,True,261.0,True,True,True,True,True,False,False,-1.0,True,1.0,-1.0,0.32848837209302323,70.0,0.05,,0,True,True,False,False,False,Q3,0.05-0.15R,10:30-11:00,narrowest,Mon
2023-04-03,up,False,325,0.07857142857142857,4.093959731543624,3,True,True,0.14642857142857144,0.15,True,4.0,False,False,,False,False,,False,False,False,False,True,False,True,-0.12962962962962962,True,0.007142857142857143,0.007142857142857143,,70.0,0.05,,0,False,False,False,False,False,Q4_strong,0.05-0.15R,after 13:30,narrowest,Mon
2023-04-04,down,True,41,0.00516795865633075,0.8421052631578947,7,False,False,,0.6382428940568475,True,1.0,True,True,1.0,True,False,,False,False,False,False,False,False,True,0.12276214833759591,True,1.0,0.1343669250645995,,96.75,0.2916666666666667,,1,True,True,False,False,False,Q1_weak,<0.05R,11:00-12:00,narrow,Tue
2023-04-05,down,True,3,0.026595744680851064,0.39215686274509803,2,False,False,,0.8723404255319149,True,1.0,True,True,321.0,False,False,,False,False,False,False,False,False,True,0.12121212121212122,True,1.0,0.18085106382978725,,94.0,0.24166666666666667,,2,True,True,False,False,False,Q1_weak,<0.05R,10:30-11:00,narrow,Wed
2023-04-06,up,True,37,0.07444168734491315,2.876254180602007,1,False,True,0.009925558312655087,1.3598014888337469,False,,False,False,,False,False,,False,False,False,False,True,False,True,1.611231101511879,False,,,,100.75,0.36666666666666664,,3,True,True,True,False,False,Q3,0.05-0.15R,11:00-12:00,narrow,Thu
2023-04-10,up,True,36,0.012084592145015106,2.014388489208633,2,False,False,,1.3836858006042296,True,1.0,True,True,1.0,True,True,57.0,False,False,False,False,False,False,True,1.9292035398230087,True,1.0,2.0,-1.0,82.75,0.13333333333333333,,0,True,True,True,False,False,Q2,<0.05R,11:00-12:00,narrowest,Mon
2023-04-11,down,True,16,0.059782608695652176,2.823529411764706,1,False,True,0.010869565217391304,0.16304347826086957,True,2.0,True,True,2.0,True,True,3.0,True,False,True,False,True,False,False,-1.0,True,-1.0,-1.0,-1.0,92.0,0.23333333333333334,,1,False,False,False,False,False,Q3,0.05-0.15R,10:30-11:00,narrow,Tue
2023-04-12,down,True,25,0.12585034013605442,3.452380952380952,2,False,True,0.1445578231292517,0.6513605442176871,True,45.0,True,True,48.0,True,True,51.0,True,False,True,False,True,False,True,-1.0,True,-1.0,-1.0,-1.0,147.0,0.8833333333333333,,2,True,True,False,False,False,Q4_strong,0.05-0.15R,10:30-11:00,widest,Wed
2023-04-13,up,True,35,0.008438818565400843,1.5950920245398772,2,False,False,,0.7573839662447257,True,1.0,True,True,1.0,True,True,2.0,False,False,False,False,False,False,True,1.170124481327801,True,1.0,1.2067510548523206,-1.0,118.5,0.6833333333333333,,3,True,True,False,False,False,Q2,<0.05R,11:00-12:00,wide,Thu
2023-04-14,down,True,2,0.0020408163265306124,3.3067729083665336,1,False,True,0.08979591836734693,0.6081632653061224,True,1.0,True,True,2.0,True,True,39.0,False,False,False,False,True,False,False,-0.7926829268292683,True,1.0,-0.7918367346938775,-1.0,122.5,0.7333333333333333,,4,True,True,False,False,False,Q4_strong,<0.05R,10:30-11:00,wide,Fri
2023-04-17,down,True,8,0.1992619926199262,4.931506849315069,3,False,True,0.16605166051660517,0.9077490774907749,True,20.0,True,True,21.0,True,True,270.0,True,False,True,False,True,False,False,-1.0,True,1.0,-1.0,0.43174603174603177,67.75,0.05,,0,True,True,False,False,False,Q4_strong,0.15-0.30R,10:30-11:00,narrowest,Mon
2023-04-18,down,True,0,0.045889101338432124,3.110047846889952,1,False,True,0.009560229445506692,0.22179732313575526,True,1.0,True,True,6.0,True,True,9.0,False,False,False,False,True,False,False,-0.3957968476357268,True,-0.3403441682600382,-0.3403441682600382,-1.0,130.75,0.8166666666666667,,1,False,False,False,False,False,Q4_strong,<0.05R,10:30-11:00,widest,Tue
2023-04-19,up,True,9,0.05741626794258373,2.6621160409556315,4,False,True,0.09090909090909091,1.799043062200957,True,3.0,True,True,7.0,True,False,,False,False,False,False,True,True,True,1.6909871244635193,True,1.0,2.0,,52.25,0.03333333333333333,,2,True,True,True,True,False,Q3,0.05-0.15R,10:30-11:00,narrowest,Wed
2023-04-20,up,True,3,0.011848341232227487,3.8610038610038613,1,False,False,,0.45734597156398105,True,1.0,True,True,1.0,True,True,2.0,True,True,True,True,False,False,False,-1.0,True,-1.0,-1.0,-1.0,105.5,0.4666666666666667,,3,True,False,False,False,False,Q4_strong,<0.05R,10:30-11:00,mid,Thu
2023-04-20,down,False,286,0.05924170616113744,1.4184397163120568,5,True,True,0.009478672985781991,0.23222748815165878,True,1.0,True,True,22.0,True,True,39.0,False,False,False,False,True,False,False,-0.6271186440677966,True,-0.5829383886255924,-0.5829383886255924,0.05238095238095238,105.5,0.4666666666666667,,3,False,False,False,False,False,Q2,0.05-0.15R,after 13:30,mid,Thu
2023-04-21,up,True,71,0.09571788413098237,3.0730478589420653,3,False,True,0.037783375314861464,0.40554156171284633,True,2.0,True,True,2.0,True,True,6.0,False,False,False,False,True,False,True,-0.0507399577167019,True,0.1309823677581864,0.1309823677581864,-1.0,99.25,0.38333333333333336,,4,True,False,False,False,False,Q4_strong,0.05-0.15R,11:00-12:00,mid,Fri
2023-04-24,down,True,6,0.0375,2.5,4,False,True,0.090625,1.084375,True,206.0,False,True,206.0,False,False,,False,False,False,False,True,False,False,1.7906976744186047,True,-0.13125,-0.13125,,80.0,0.13333333333333333,,0,True,True,True,False,False,Q3,<0.05R,10:30-11:00,narrowest,Mon
2023-04-25,down,True,3,0.01592356687898089,1.686046511627907,2,False,True,0.03503184713375796,1.6687898089171975,True,1.0,True,True,3.0,True,True,7.0,False,False,False,False,True,False,True,1.9074074074074074,True,1.0,2.0,-1.0,78.5,0.13333333333333333,,1,True,True,True,True,False,Q2,<0.05R,10:30-11:00,narrowest,Tue
2023-04-26,up,True,39,0.035211267605633804,0.7263922518159807,1,False,False,,0.6302816901408451,True,2.0,True,True,86.0,False,True,86.0,True,True,True,True,False,False,False,-1.0,True,1.0,-1.0,1.2047619047619047,71.0,0.1,,2,True,True,False,False,False,Q1_weak,<0.05R,11:00-12:00,narrowest,Wed
2023-04-26,down,False,246,0.028169014084507043,0.9022556390977443,3,True,True,0.08098591549295775,0.4612676056338028,True,1.0,True,True,1.0,True,False,,False,False,False,False,True,False,True,0.32,True,0.39436619718309857,0.39436619718309857,,71.0,0.1,,2,True,False,False,False,False,Q1_weak,<0.05R,after 13:30,narrowest,Wed
2023-04-27,up,True,4,0.09872611464968153,3.611111111111111,3,False,True,0.05732484076433121,2.054140127388535,True,21.0,True,True,22.0,True,False,,False,False,False,False,True,False,True,1.5053191489361701,True,1.0,2.0,,78.5,0.15833333333333333,,3,True,True,True,True,True,Q4_strong,0.05-0.15R,10:30-11:00,narrowest,Thu
2023-04-28,up,True,212,0.008333333333333333,2.0392156862745097,7,False,True,0.014583333333333334,0.26666666666666666,True,1.0,True,True,1.0,True,True,13.0,False,False,False,False,True,False,True,0.5,True,0.525,0.525,-1.0,120.0,0.7166666666666667,,4,True,False,False,False,False,Q2,<0.05R,after 13:30,wide,Fri
2023-05-01,down,True,1,0.020512820512820513,1.6483516483516485,2,False,False,,0.4256410256410256,True,1.0,True,True,1.0,True,True,1.0,True,True,True,True,False,False,False,-1.0,True,-1.0,-1.0,1.8472222222222223,48.75,0.016666666666666666,,0,True,False,False,False,False,Q2,<0.05R,10:30-11:00,narrowest,Mon
2023-05-01,up,False,30,0.005128205128205128,1.2612612612612615,3,True,True,0.020512820512820513,0.7230769230769231,True,1.0,True,True,2.0,True,True,4.0,True,True,True,True,True,False,False,-1.0,True,-1.0,-1.0,1.8513513513513513,48.75,0.016666666666666666,,0,True,True,False,False,False,Q1_weak,<0.05R,10:30-11:00,narrowest,Mon
2023-05-02,down,True,1,0.025974025974025976,0.8223684210526316,2,False,True,0.025974025974025976,0.7575757575757576,True,2.0,True,True,198.0,False,True,201.0,False,False,False,False,True,False,True,0.1646090534979424,True,1.0,0.22510822510822512,-0.28878281622911695,115.5,0.6833333333333333,,1,True,True,False,False,False,Q1_weak,<0.05R,10:30-11:00,wide,Tue
2023-05-03,down,True,36,0.03225806451612903,1.5270935960591132,2,False,False,,1.7557603686635945,True,1.0,True,True,1.0,True,True,7.0,True,True,True,True,False,False,True,-1.0,True,-1.0,-1.0,-1.0,54.25,0.06666666666666667,,2,True,True,True,True,False,Q2,<0.05R,11:00-12:00,narrowest,Wed
2023-05-03,up,False,210,0.10599078341013825,8.305084745762711,2,True,False,,1.327188940092166,True,1.0,True,True,1.0,False,True,3.0,True,True,True,True,False,False,False,-1.0,True,-1.0,-1.0,0.3745019920318725,54.25,0.06666666666666667,,2,True,True,True,False,False,Q4_strong,0.05-0.15R,after 13:30,narrowest,Wed
2023-05-04,up,True,39,0.037037037037037035,1.9158878504672898,7,True,True,0.05555555555555555,0.558641975308642,True,1.0,True,True,1.0,True,True,41.0,True,False,True,False,True,False,False,-1.0,True,-1.0,-1.0,-1.0,81.0,0.2,,3,True,True,False,False,False,Q2,<0.05R,11:00-12:00,narrow,Thu
2023-05-05,up,True,2,0.050955414012738856,2.5,5,False,True,0.010615711252653927,0.9936305732484076,True,47.0,True,False,,False,False,,False,False,False,False,True,False,True,1.1714836223506744,True,1.0,1.3927813163481952,,117.75,0.7,,4,True,True,False,False,False,Q3,0.05-0.15R,10:30-11:00,wide,Fri
2023-05-08,down,True,4,0.025510204081632654,2.5806451612903225,3,False,True,0.0663265306122449,0.1377551020408163,True,1.0,True,True,1.0,True,True,10.0,True,True,True,True,True,False,False,-1.0,True,-1.0,-1.0,1.2755102040816326,49.0,0.03333333333333333,,0,False,False,False,False,False,Q3,<0.05R,10:30-11:00,narrowest,Mon
2023-05-08,up,False,76,0.00510204081632653,2.043010752688172,1,True,True,0.02040816326530612,1.1785714285714286,True,1.0,True,True,2.0,True,True,141.0,False,False,False,False,True,False,True,1.9696969696969697,True,1.0,2.0,-1.0,49.0,0.03333333333333333,,0,True,True,True,False,False,Q2,<0.05R,11:00-12:00,narrowest,Mon
2023-05-09,down,True,42,0.20348837209302326,3.6363636363636362,3,False,True,0.0755813953488372,0.5581395348837209,True,1.0,True,True,1.0,True,True,6.0,False,False,False,False,True,False,True,-0.01652892561983471,True,1.0,0.38372093023255816,-1.0,43.0,0.016666666666666666,,1,True,True,False,False,False,Q4_strong,0.15-0.30R,11:00-12:00,narrowest,Tue
2023-05-10,down,True,25,0.13777777777777778,2.156862745098039,2,False,True,0.06444444444444444,0.5244444444444445,True,4.0,True,True,5.0,True,True,5.0,True,True,True,True,True,False,False,-1.0,True,-1.0,-1.0,-1.0,112.5,0.6833333333333333,,2,True,True,False,False,False,Q3,0.05-0.15R,10:30-11:00,wide,Wed
2023-05-10,up,False,294,0.0044444444444444444,0.7357859531772576,2,True,True,0.0022222222222222222,0.11555555555555555,True,1.0,True,True,1.0,True,True,25.0,False,False,False,False,True,False,False,-0.4185022026431718,True,-0.41333333333333333,-0.41333333333333333,0.7901234567901234,112.5,0.6833333333333333,,2,False,False,False,False,False,Q1_weak,<0.05R,after 13:30,wide,Wed
2023-05-11,down,True,9,0.020491803278688523,0.9552238805970149,2,False,False,,0.1762295081967213,True,1.0,True,True,5.0,True,True,6.0,True,True,True,True,False,False,False,-1.0,True,-1.0,-1.0,2.5,61.0,0.11666666666666667,,3,False,False,False,False,False,Q1_weak,<0.05R,10:30-11:00,narrowest,Thu
2023-05-11,up,False,58,0.012295081967213115,2.19435736677116,3,True,True,0.14344262295081966,0.6065573770491803,True,1.0,True,True,10.0,True,True,138.0,True,False,True,False,True,False,True,-1.0,True,-1.0,-1.0,-1.0,61.0,0.11666666666666667,,3,True,True,False,False,False,Q3,<0.05R,11:00-12:00,narrowest,Thu
2023-05-12,down,True,0,0.008823529411764706,1.6099071207430342,4,False,True,0.09705882352941177,1.0794117647058823,True,1.0,True,True,13.0,True,True,35.0,False,False,False,False,True,False,True,1.9479768786127167,True,1.0,2.0,-1.0,85.0,0.35833333333333334,,4,True,True,True,False,False,Q2,<0.05R,10:30-11:00,narrow,Fri
2023-05-15,up,True,50,0.035830618892508145,1.386138613861386,1,False,True,0.016286644951140065,0.6742671009771987,True,4.0,True,True,10.0,True,True,10.0,False,False,False,False,True,False,True,0.9969604863221885,True,1.0,1.1400651465798046,-1.0,76.75,0.2,,0,True,True,False,False,False,Q2,<0.05R,11:00-12:00,narrow,Mon
2023-05-16,up,True,26,0.15692307692307692,4.027777777777778,3,False,True,0.16,0.47692307692307695,True,2.0,True,True,5.0,True,True,294.0,False,False,False,False,True,False,False,-0.8665105386416861,True,-0.8246153846153846,-0.8246153846153846,0.156,81.25,0.2833333333333333,,1,True,False,False,False,False,Q4_strong,0.15-0.30R,10:30-11:00,narrow,Tue
2023-05-17,up,True,30,0.003875968992248062,1.8103448275862069,1,False,True,0.031007751937984496,2.0,True,1.0,True,True,1.0,True,True,5.0,True,False,True,False,True,False,True,-1.0,True,-1.0,-1.0,-1.0,64.5,0.13333333333333333,,2,True,True,True,True,True,Q2,<0.05R,10:30-11:00,narrowest,Wed
2023-05-18,up,True,0,0.07520325203252033,3.066666666666667,1,False,True,0.046747967479674794,1.0203252032520325,True,12.0,True,True,13.0,True,True,13.0,False,False,False,False,True,False,True,1.607773851590106,True,1.0,2.0,-1.0,123.0,0.8666666666666667,,3,True,True,True,False,False,Q4_strong,0.05-0.15R,10:30-11:00,widest,Thu
2023-05-19,down,True,45,0.07063197026022305,3.290598290598291,2,False,False,,0.7063197026022305,True,1.0,True,True,1.0,True,True,2.0,True,False,True,False,False,False,True,-1.0,True,-1.0,-1.0,-1.0,67.25,0.15,,4,True,True,False,False,False,Q4_strong,0.05-0.15R,11:00-12:00,narrowest,Fri
2023-05-23,down,True,125,0.14349775784753363,4.109589041095891,5,False,True,0.11210762331838565,2.013452914798206,True,1.0,True,True,1.0,True,False,,False,False,False,False,True,False,True,1.3310104529616724,True,1.0,2.0,,55.75,0.11666666666666667,,1,True,True,True,True,True,Q4_strong,0.05-0.15R,12:00-13:30,narrowest,Tue
2023-05-24,down,True,20,0.02247191011235955,0.6557377049180327,4,False,True,0.03932584269662921,0.21910112359550563,True,18.0,False,True,19.0,True,True,33.0,True,True,True,True,True,False,False,-1.0,True,-1.0,-1.0,1.4942528735632183,89.0,0.45,,2,False,False,False,False,False,Q1_weak,<0.05R,10:30-11:00,mid,Wed
2023-05-24,up,False,291,0.011235955056179775,0.2191780821917808,5,True,True,0.08707865168539326,0.3455056179775281,True,1.0,True,True,2.0,True,False,,False,False,False,False,True,False,False,-0.510989010989011,True,-0.5,-0.5,,89.0,0.45,,2,True,False,False,False,False,Q1_weak,<0.05R,after 13:30,mid,Wed
2023-05-25,up,True,42,0.019650655021834062,2.251082251082251,5,False,True,0.039301310043668124,0.5720524017467249,True,4.0,True,True,4.0,True,True,22.0,False,False,False,False,True,False,True,0.1722689075630252,True,1.0,0.2183406113537118,-1.0,114.5,0.7666666666666667,,3,True,True,False,False,False,Q3,<0.05R,11:00-12:00,wide,Thu
2023-05-26,up,True,0,0.01971090670170828,1.2972972972972974,3,False,True,0.009198423127463863,0.859395532194481,True,1.0,True,True,2.0,True,False,,False,False,False,False,True,False,True,1.2566371681415929,True,1.0,1.3455978975032852,,190.25,0.9833333333333333,,4,True,True,False,False,False,Q1_weak,<0.05R,10:30-11:00,widest,Fri
2023-05-30,down,True,131,0.017241379310344827,0.6751054852320675,6,False,True,0.03605015673981191,0.39655172413793105,True,1.0,True,True,1.0,True,True,9.0,False,False,False,False,True,False,True,0.0030303030303030303,True,0.03761755485893417,0.03761755485893417,-1.0,159.5,0.9333333333333333,,1,True,False,False,False,False,Q1_weak,<0.05R,12:00-13:30,widest,Tue
2023-05-31,down,True,49,0.005434782608695652,0.21108179419525067,4,False,True,0.050724637681159424,0.16666666666666666,True,1.0,True,True,1.0,True,True,32.0,True,False,True,False,True,False,False,-1.0,True,-1.0,-1.0,-1.0,138.0,0.8833333333333333,,2,False,False,False,False,False,Q1_weak,<0.05R,11:00-12:00,widest,Wed
2023-06-01,up,True,11,0.013888888888888888,1.5517241379310345,5,False,True,0.12222222222222222,2.0694444444444446,False,,False,False,,False,False,,False,False,False,False,True,True,True,1.9189189189189189,False,,,,90.0,0.45,,3,True,True,True,True,True,Q2,<0.05R,10:30-11:00,mid,Thu
2023-06-05,up,True,22,0.005917159763313609,1.5476190476190477,1,False,True,0.0650887573964497,0.5029585798816568,True,1.0,True,True,12.0,True,True,165.0,True,True,True,True,True,False,False,-1.0,True,1.0,-1.0,1.0,84.5,0.39166666666666666,,0,True,True,False,False,False,Q2,<0.05R,10:30-11:00,mid,Mon
2023-06-05,down,False,243,0.011834319526627219,2.9326923076923075,4,True,True,0.08284023668639054,0.2869822485207101,True,1.0,True,True,3.0,True,False,,True,False,False,False,True,False,False,-1.0,True,-1.0,-1.0,,84.5,0.39166666666666666,,0,True,False,False,False,False,Q3,<0.05R,after 13:30,mid,Mon
2023-06-06,up,True,15,0.16181229773462782,5.096525096525097,3,False,True,0.15857605177993528,0.5436893203883495,True,10.0,True,True,37.0,True,True,39.0,True,False,True,False,True,False,True,-1.0,True,-1.0,-1.0,-1.0,77.25,0.26666666666666666,,1,True,True,False,False,False,Q4_strong,0.15-0.30R,10:30-11:00,narrow,Tue
2023-06-07,down,True,5,0.10956521739130434,2.6687116564417175,4,False,True,0.09043478260869565,1.5704347826086957,False,,False,False,,False,False,,False,False,False,False,False,False,True,1.4607703281027105,False,,,,143.75,0.9333333333333333,,2,True,True,True,True,False,Q3,0.05-0.15R,10:30-11:00,widest,Wed
2023-06-08,up,True,12,0.09973753280839895,2.4630541871921183,4,False,True,0.06036745406824147,1.05249343832021,True,185.0,False,False,,False,False,,False,False,False,False,True,True,True,1.50109409190372,True,1.0,1.6062992125984252,,95.25,0.55,,3,True,True,True,False,False,Q3,0.05-0.15R,10:30-11:00,mid,Thu
2023-06-09,down,True,58,0.0210727969348659,3.185483870967742,1,False,True,0.05938697318007663,0.46551724137931033,True,1.0,True,True,8.0,True,True,118.0,False,False,False,False,True,False,True,-0.03308823529411765,True,0.007662835249042145,0.007662835249042145,-0.23492063492063492,130.5,0.8666666666666667,,4,True,False,False,False,False,Q4_strong,<0.05R,11:00-12:00,widest,Fri
2023-06-12,up,True,16,0.04072398190045249,1.5015015015015016,5,False,True,0.00904977375565611,3.1040723981900453,True,1.0,True,True,1.0,True,True,10.0,True,False,True,False,True,False,True,-1.0,True,-1.0,-1.0,-1.0,55.25,0.11666666666666667,,0,True,True,True,True,True,Q2,<0.05R,10:30-11:00,narrowest,Mon
2023-06-14,up,True,10,0.006289308176100629,1.7079889807162536,3,False,True,0.025157232704402517,0.3710691823899371,True,1.0,True,True,2.0,True,True,15.0,True,True,True,True,True,False,True,-1.0,True,-1.0,-1.0,-1.0,119.25,0.8,,2,True,False,False,False,False,Q2,<0.05R,10:30-11:00,wide,Wed
2023-06-14,down,False,215,0.17819706498951782,3.2203389830508473,1,True,True,0.16771488469601678,0.6415094339622641,True,5.0,False,True,5.0,False,True,5.0,True,True,True,True,True,True,False,-1.0,True,1.0,-1.0,1.3097345132743363,119.25,0.8,,2,True,True,False,False,False,Q4_strong,0.15-0.30R,after 13:30,wide,Wed
2023-06-15,up,True,18,0.03210272873194221,2.2586520947176685,2,False,True,0.016051364365971106,1.0963081861958266,True,1.0,True,True,2.0,True,True,3.0,False,False,False,False,True,False,True,1.8190045248868778,True,1.0,2.0,-1.0,155.75,0.9333333333333333,,3,True,True,True,False,False,Q3,<0.05R,10:30-11:00,widest,Thu
2023-06-16,down,True,57,0.02456140350877193,1.9469026548672566,3,False,True,0.07017543859649122,0.5228070175438596,True,1.0,True,True,1.0,True,True,17.0,True,False,True,False,True,False,True,-1.0,True,-1.0,-1.0,-1.0,142.5,0.8833333333333333,,4,True,True,False,False,False,Q2,<0.05R,11:00-12:00,widest,Fri
2023-06-21,down,True,14,0.029668411867364748,0.7906295754026355,3,False,False,,0.5148342059336823,True,1.0,True,True,56.0,False,True,209.0,True,False,True,False,False,False,True,-1.0,True,1.0,-1.0,-0.5645569620253165,143.25,0.8666666666666667,,2,True,True,False,False,False,Q1_weak,<0.05R,10:30-11:00,widest,Wed
2023-06-22,up,True,70,0.016216216216216217,2.03125,2,False,True,0.052702702702702706,0.372972972972973,True,17.0,True,True,20.0,True,True,23.0,False,False,False,False,True,False,True,0.643979057591623,True,0.6972972972972973,0.6972972972972973,-1.0,185.0,0.9833333333333333,,3,True,False,False,False,False,Q2,<0.05R,11:00-12:00,widest,Thu
2023-06-23,up,True,106,0.09268292682926829,2.2822822822822824,2,False,True,0.06585365853658537,0.6585365853658537,True,142.0,False,True,142.0,False,True,147.0,True,False,True,False,True,False,False,-1.0,True,-1.0,-1.0,0.17592592592592593,102.5,0.6,,4,True,True,False,False,False,Q3,0.05-0.15R,12:00-13:30,wide,Fri
2023-06-26,down,True,38,0.01171875,1.3530655391120507,1,False,False,,1.3359375,True,1.0,True,True,1.0,True,False,,False,False,False,False,False,False,True,1.9312977099236641,True,1.0,2.0,,128.0,0.7666666666666667,,0,True,True,True,False,False,Q2,<0.05R,11:00-12:00,wide,Mon
2023-06-27,up,True,58,0.0027472527472527475,2.29126213592233,2,False,True,0.12362637362637363,1.760989010989011,True,1.0,True,True,5.0,True,False,,False,False,False,False,True,True,True,1.9836065573770492,True,1.0,2.0,,91.0,0.45,,1,True,True,True,True,False,Q3,<0.05R,11:00-12:00,mid,Tue
2023-06-28,up,True,2,0.07966457023060797,1.6507936507936507,1,False,True,0.041928721174004195,0.6226415094339622,True,42.0,True,True,43.0,False,True,43.0,True,False,True,False,True,True,False,-1.0,True,1.0,-1.0,-1.0,119.25,0.6916666666666667,,2,True,True,False,False,False,Q2,0.05-0.15R,10:30-11:00,wide,Wed
2023-06-29,down,True,16,0.0502283105022831,1.150855365474339,5,False,True,0.00684931506849315,0.06164383561643835,True,1.0,False,True,2.0,True,True,18.0,True,False,True,False,True,False,False,-1.0,True,-1.0,-1.0,0.4238095238095238,109.5,0.5833333333333334,,3,False,False,False,False,False,Q1_weak,0.05-0.15R,10:30-11:00,mid,Thu
2023-07-05,up,True,5,0.02862595419847328,3.183391003460208,1,False,True,0.01717557251908397,0.0648854961832061,True,1.0,False,True,5.0,True,True,9.0,True,False,True,False,True,False,False,-1.0,True,-1.0,-1.0,1.9489795918367347,131.0,0.7833333333333333,,2,False,False,False,False,False,Q4_strong,<0.05R,10:30-11:00,wide,Wed
2023-07-06,up,True,148,0.046228710462287104,3.568075117370892,3,False,True,0.0413625304136253,0.36739659367396593,True,2.0,True,True,2.0,True,True,32.0,False,False,False,False,True,False,True,0.2984409799554566,True,0.41849148418491483,0.41849148418491483,-1.0,102.75,0.5166666666666667,,3,True,False,False,False,False,Q4_strong,<0.05R,12:00-13:30,mid,Thu
2023-07-07,down,True,4,0.04481792717086835,1.3793103448275863,4,False,True,0.06442577030812324,0.18487394957983194,True,1.0,True,True,1.0,True,True,11.0,True,True,True,True,True,False,True,-1.0,True,-1.0,-1.0,1.387878787878788,89.25,0.38333333333333336,,4,False,False,False,False,False,Q2,<0.05R,10:30-11:00,mid,Fri
2023-07-07,up,False,89,0.025210084033613446,1.5873015873015874,6,True,True,0.03081232492997199,0.9159663865546218,True,199.0,False,True,199.0,False,True,208.0,True,True,True,True,True,True,False,-1.0,True,-1.0,-1.0,0.7014925373134329,89.25,0.38333333333333336,,4,True,True,False,False,False,Q2,<0.05R,11:00-12:00,mid,Fri
2023-07-10,down,True,92,0.06963249516441006,3.493282149712092,7,False,True,0.05609284332688588,0.172147001934236,True,1.0,True,True,1.0,True,True,47.0,True,False,True,False,True,False,False,-1.0,True,-1.0,-1.0,0.6843853820598007,129.25,0.7333333333333333,,0,False,False,False,False,False,Q4_strong,0.05-0.15R,12:00-13:30,wide,Mon
2023-07-11,up,True,89,0.018145161290322582,2.028985507246377,6,False,True,0.06653225806451613,0.3649193548387097,True,8.0,True,True,9.0,True,True,29.0,True,False,True,False,True,False,True,-1.0,True,-1.0,-1.0,-1.0,124.0,0.7166666666666667,,1,True,False,False,False,False,Q2,<0.05R,11:00-12:00,wide,Tue
2023-07-12,down,True,70,0.26700251889168763,6.9724770642201825,8,False,True,0.1964735516372796,0.6498740554156172,True,57.0,False,True,57.0,False,True,118.0,True,False,True,False,True,False,False,-1.0,True,-1.0,-1.0,-0.035794183445190156,99.25,0.4583333333333333,,2,True,True,False,False,False,Q4_strong,0.15-0.30R,11:00-12:00,mid,Wed
2023-07-13,up,True,71,0.02888086642599278,2.9571984435797667,1,False,False,,1.7292418772563176,True,1.0,True,True,1.0,True,False,,False,False,False,False,False,False,True,1.8361774744027304,True,1.0,2.0,,69.25,0.2,,3,True,True,True,True,False,Q3,<0.05R,11:00-12:00,narrow,Thu
2023-07-14,down,True,235,0.0055248618784530384,3.0529595015576323,1,False,True,0.011049723756906077,0.430939226519337,True,1.0,True,True,1.0,True,False,,False,False,False,False,True,False,True,0.2586520947176685,True,0.27255985267034993,0.27255985267034993,,135.75,0.8,,4,True,False,False,False,False,Q4_strong,<0.05R,after 13:30,wide,Fri
2023-07-17,up,True,58,0.024054982817869417,2.2349570200573066,1,False,True,0.054982817869415807,1.3917525773195876,True,1.0,True,True,1.0,True,True,58.0,False,False,False,False,True,False,True,1.862295081967213,True,1.0,2.0,-1.0,72.75,0.21666666666666667,,0,True,True,True,False,False,Q3,<0.05R,11:00-12:00,narrow,Mon
2023-07-18,up,True,70,0.02710843373493976,1.3707165109034267,9,False,True,0.03313253012048193,2.575301204819277,True,1.0,True,False,,False,False,,False,False,False,False,False,False,True,1.8457142857142856,True,1.0,2.0,,83.0,0.3333333333333333,,1,True,True,True,True,True,Q2,<0.05R,11:00-12:00,narrow,Tue
2023-07-19,up,True,13,0.011363636363636364,1.0772833723653394,7,False,True,0.08712121212121213,0.39015151515151514,True,1.0,True,True,3.0,True,True,12.0,True,True,True,True,True,False,False,-1.0,True,-1.0,-1.0,-1.0,66.0,0.15,,2,True,False,False,False,False,Q1_weak,<0.05R,10:30-11:00,narrowest,Wed
2023-07-19,down,False,120,0.03409090909090909,1.3903743315508021,3,True,True,0.10227272727272728,0.9053030303030303,True,3.0,True,True,3.0,True,True,169.0,False,False,False,False,True,False,True,0.3333333333333333,True,1.0,0.42424242424242425,-0.42990654205607476,66.0,0.15,,2,True,True,False,False,False,Q2,<0.05R,12:00-13:30,narrowest,Wed
2023-07-20,down,True,0,0.02337228714524207,2.0,1,False,True,0.05008347245409015,1.323873121869783,True,1.0,True,True,34.0,True,True,34.0,False,False,False,False,True,False,True,1.8660287081339713,True,1.0,2.0,-1.0,149.75,0.8833333333333333,,3,True,True,True,False,False,Q2,<0.05R,10:30-11:00,widest,Thu
2023-07-21,down,True,279,0.08148148148148149,3.8922155688622757,4,False,True,0.08148148148148149,0.1674074074074074,True,11.0,False,True,11.0,True,False,,False,False,False,False,True,False,True,-0.007643312101910828,True,0.15407407407407409,0.15407407407407409,,168.75,0.95,,4,False,False,False,False,False,Q4_strong,0.05-0.15R,after 13:30,widest,Fri
2023-07-25,up,True,67,0.008875739644970414,3.5135135135135136,5,False,True,0.05621301775147929,0.757396449704142,True,1.0,True,True,1.0,True,False,,False,False,False,False,True,False,False,-0.09883720930232558,True,1.0,-0.08284023668639054,,84.5,0.325,,1,True,True,False,False,False,Q4_strong,<0.05R,11:00-12:00,narrow,Tue
2023-07-26,down,True,25,0.09215017064846416,1.9014084507042255,3,False,True,0.13310580204778158,0.6962457337883959,True,38.0,False,True,43.0,False,True,49.0,True,True,True,True,True,False,False,-1.0,True,-1.0,-1.0,0.9959839357429718,73.25,0.21666666666666667,,2,True,True,False,False,False,Q2,0.05-0.15R,10:30-11:00,narrow,Wed
2023-07-26,up,False,249,0.2696245733788396,3.6865021770682147,3,True,True,0.2354948805460751,0.6177474402730375,True,9.0,False,True,9.0,False,True,27.0,True,True,True,True,True,True,False,-1.0,True,-1.0,-1.0,0.22164948453608246,73.25,0.21666666666666667,,2,True,True,False,False,False,Q4_strong,0.15-0.30R,after 13:30,narrow,Wed
2023-07-27,down,True,169,0.03745318352059925,2.1997105643994215,1,False,True,0.07303370786516854,1.9419475655430711,False,,False,False,,False,False,,False,False,False,False,True,False,True,1.7909407665505226,False,,,,133.5,0.7333333333333333,,3,True,True,True,True,False,Q3,<0.05R,12:00-13:30,wide,Thu
2023-07-28,up,True,4,0.06167400881057269,1.549053356282272,6,False,True,0.0022026431718061676,0.5881057268722467,True,1.0,True,True,1.0,True,True,12.0,False,False,False,False,True,False,True,0.21176470588235294,True,1.0,0.36123348017621143,-1.0,113.5,0.5333333333333333,,4,True,True,False,False,False,Q2,0.05-0.15R,10:30-11:00,mid,Fri
2023-07-31,down,True,317,0.005012531328320802,1.6911764705882353,4,False,True,0.03759398496240601,0.05012531328320802,True,1.0,True,True,2.0,True,True,4.0,True,False,True,False,True,False,False,-1.0,True,-1.0,-1.0,1.6989247311827957,99.75,0.4583333333333333,,0,False,False,False,False,False,Q2,<0.05R,after 13:30,mid,Mon
2023-08-01,up,True,11,0.06896551724137931,3.1122448979591835,1,False,False,,0.39080459770114945,True,1.0,True,True,2.0,True,True,22.0,False,False,False,False,False,False,True,-0.09090909090909091,True,0.034482758620689655,0.034482758620689655,-1.0,87.0,0.3333333333333333,,1,True,False,False,False,False,Q4_strong,0.05-0.15R,10:30-11:00,narrow,Tue
2023-08-02,down,True,15,0.02772963604852686,3.3333333333333335,2,False,True,0.06759098786828423,0.7660311958405546,True,5.0,True,False,,False,False,,False,False,False,False,False,False,True,0.6863711001642037,True,1.0,0.779896013864818,,144.25,0.85,,2,True,True,False,False,False,Q4_strong,<0.05R,10:30-11:00,widest,Wed
2023-08-03,up,True,49,0.05194805194805195,2.2674418604651163,6,False,False,,0.49134199134199136,True,2.0,True,True,3.0,True,True,232.0,False,False,False,False,False,False,False,-0.6666666666666666,True,-0.6320346320346321,-0.6320346320346321,0.08115942028985507,115.5,0.5666666666666667,,3,True,False,False,False,False,Q3,0.05-0.15R,11:00-12:00,mid,Thu
2023-08-04,up,True,115,0.010484927916120577,3.343283582089552,3,False,True,0.05504587155963303,0.1402359108781127,True,1.0,True,True,10.0,True,True,60.0,True,True,True,True,True,False,False,-1.0,True,-1.0,-1.0,2.3461538461538463,190.75,1.0,,4,False,False,False,False,False,Q4_strong,<0.05R,12:00-13:30,widest,Fri
2023-08-04,down,False,249,0.0327653997378768,1.6457960644007157,5,True,True,0.02621231979030144,0.2948885976408912,True,1.0,True,True,2.0,True,False,,False,False,False,False,True,False,True,0.28044280442804426,True,0.36435124508519,0.36435124508519,,190.75,1.0,,4,True,False,False,False,False,Q2,<0.05R,after 13:30,widest,Fri
2023-08-07,down,True,48,0.07526881720430108,2.2388059701492535,3,False,True,0.14408602150537633,0.1956989247311828,True,4.0,True,True,4.0,True,True,33.0,True,True,True,True,True,False,False,-1.0,True,-1.0,-1.0,1.6476190476190475,116.25,0.55,,0,False,False,False,False,False,Q3,0.05-0.15R,11:00-12:00,mid,Mon
2023-08-07,up,False,321,0.01935483870967742,1.4915254237288136,5,True,False,,0.15483870967741936,True,3.0,True,True,3.0,True,False,,False,False,False,False,False,False,True,0.18219461697722567,True,0.22795698924731184,0.22795698924731184,,116.25,0.55,,0,False,False,False,False,False,Q2,<0.05R,after 13:30,mid,Mon
2023-08-08,down,True,26,0.025830258302583026,1.1783960720130933,2,False,True,0.042435424354243544,0.1918819188191882,True,18.0,True,True,23.0,True,True,41.0,True,False,True,False,True,False,False,-1.0,True,-1.0,-1.0,-1.0,135.5,0.7166666666666667,,1,False,False,False,False,False,Q1_weak,<0.05R,10:30-11:00,wide,Tue
2023-08-09,down,True,21,0.16179775280898875,4.301075268817204,1,False,True,0.0898876404494382,0.9955056179775281,True,159.0,False,True,159.0,False,True,168.0,False,False,False,False,True,False,True,0.801358234295416,True,1.0,1.3842696629213482,-0.7058823529411765,111.25,0.4666666666666667,,2,True,True,False,False,False,Q4_strong,0.15-0.30R,10:30-11:00,mid,Wed
2023-08-10,down,True,50,0.03994082840236687,3.1578947368421053,3,False,True,0.03550295857988166,0.8121301775147929,True,1.0,True,True,2.0,True,True,14.0,False,False,False,False,True,False,True,0.7232876712328767,True,1.0,0.8609467455621301,-1.0,169.0,0.9333333333333333,,3,True,True,False,False,False,Q4_strong,<0.05R,11:00-12:00,widest,Thu
2023-08-11,down,True,63,0.06748466257668712,2.5118483412322274,1,False,True,0.0736196319018405,0.12065439672801637,True,3.0,False,True,3.0,True,True,3.0,True,False,True,False,True,False,False,-1.0,True,-1.0,-1.0,1.9651162790697674,122.25,0.55,,4,False,False,False,False,False,Q3,0.05-0.15R,11:00-12:00,mid,Fri
2023-08-14,up,True,4,0.03985507246376811,4.105263157894737,3,False,True,0.07608695652173914,0.7282608695652174,True,110.0,True,False,,False,False,,False,False,False,False,True,True,True,1.261744966442953,True,1.0,1.4420289855072463,,138.0,0.725,,0,True,True,False,False,False,Q4_strong,<0.05R,10:30-11:00,wide,Mon
2023-08-15,down,True,6,0.0017094017094017094,0.5664488017429194,2,False,False,,0.26153846153846155,True,1.0,True,True,2.0,True,True,2.0,True,False,True,False,False,False,True,-1.0,True,-1.0,-1.0,-1.0,146.25,0.8166666666666667,,1,True,False,False,False,False,Q1_weak,<0.05R,10:30-11:00,widest,Tue
2023-08-16,down,True,86,0.008064516129032258,2.6885245901639343,1,False,True,0.005376344086021506,1.2123655913978495,True,1.0,True,True,1.0,True,True,145.0,False,False,False,False,True,False,True,1.9523809523809523,True,1.0,2.0,-1.0,93.0,0.2833333333333333,,2,True,True,True,False,False,Q3,<0.05R,11:00-12:00,narrow,Wed
2023-08-17,down,True,3,0.043824701195219126,1.7796610169491525,3,False,True,0.0697211155378486,1.0159362549800797,True,13.0,True,True,13.0,True,True,17.0,True,False,True,False,True,False,True,-1.0,True,-1.0,-1.0,-1.0,125.5,0.55,,3,True,True,True,False,False,Q2,<0.05R,10:30-11:00,mid,Thu
2023-08-18,up,True,10,0.005698005698005698,1.659919028340081,2,False,False,,1.205128205128205,True,1.0,True,True,1.0,True,True,6.0,True,False,True,False,False,False,True,-1.0,True,-1.0,-1.0,-1.0,87.75,0.2,,4,True,True,True,False,False,Q2,<0.05R,10:30-11:00,narrow,Fri
2023-08-21,down,True,45,0.013779527559055118,1.8018018018018018,1,False,True,0.05511811023622047,0.13188976377952755,True,2.0,True,True,3.0,True,True,4.0,True,True,True,True,True,False,False,-1.0,True,-1.0,-1.0,-1.0,127.0,0.55,,0,False,False,False,False,False,Q2,<0.05R,11:00-12:00,mid,Mon
2023-08-21,up,False,175,0.03740157480314961,1.958041958041958,3,True,True,0.03740157480314961,0.639763779527559,True,2.0,True,True,5.0,True,False,,False,False,False,False,True,False,True,0.7289377289377289,True,1.0,0.8582677165354331,,127.0,0.55,,0,True,True,False,False,False,Q2,<0.05R,12:00-13:30,mid,Mon
2023-08-22,down,True,1,0.0873015873015873,2.5974025974025974,3,False,True,0.0873015873015873,0.6957671957671958,True,7.0,True,True,13.0,True,True,21.0,True,False,True,False,True,False,True,-1.0,True,-1.0,-1.0,-1.0,94.5,0.26666666666666666,,1,True,True,False,False,False,Q3,0.05-0.15R,10:30-11:00,narrow,Tue
2023-08-23,up,True,11,0.03436426116838488,1.5714285714285714,2,False,True,0.044673539518900345,0.6701030927835051,False,,False,False,,False,False,,False,False,False,False,False,False,True,0.617363344051447,False,,,,145.5,0.8,,2,True,True,False,False,False,Q2,<0.05R,10:30-11:00,wide,Wed
2023-08-24,down,True,3,0.04477611940298507,2.086677367576244,2,False,True,0.018656716417910446,0.8097014925373134,True,3.0,True,True,4.0,True,False,,False,False,False,False,True,False,True,1.3732876712328768,True,1.0,1.585820895522388,,268.0,1.0,,3,True,True,False,False,False,Q3,<0.05R,10:30-11:00,widest,Thu
2023-08-25,down,True,6,0.11048951048951049,1.7454545454545454,1,False,True,0.025174825174825177,0.6615384615384615,True,3.0,True,True,4.0,True,True,4.0,True,False,True,False,True,False,False,-1.0,True,1.0,-1.0,-1.0,178.75,0.9333333333333333,,4,True,True,False,False,False,Q2,0.05-0.15R,10:30-11:00,widest,Fri
2023-08-28,down,True,72,0.05737704918032787,3.4243176178660053,2,False,True,0.12295081967213115,0.1721311475409836,True,1.0,True,True,16.0,True,True,60.0,True,False,True,False,True,False,False,-1.0,True,-1.0,-1.0,0.9497716894977168,122.0,0.48333333333333334,,0,False,False,False,False,False,Q4_strong,0.05-0.15R,11:00-12:00,mid,Mon
2023-08-29,up,True,0,0.0362087326943557,2.700228832951945,1,False,True,0.0362087326943557,0.5665601703940362,True,8.0,True,True,15.0,True,False,,False,False,False,False,True,False,True,0.8540218470705064,True,1.0,0.9882854100106496,,234.75,0.9833333333333333,,1,True,True,False,False,False,Q3,<0.05R,10:30-11:00,widest,Tue
2023-08-30,up,True,106,0.05860113421550094,3.2624113475177308,3,False,True,0.026465028355387523,0.11720226843100189,True,1.0,True,True,6.0,True,True,22.0,False,False,False,False,True,False,False,-0.17597292724196278,True,-0.07939508506616257,-0.07939508506616257,-1.0,132.25,0.6166666666666667,,2,False,False,False,False,False,Q4_strong,0.05-0.15R,12:00-13:30,wide,Wed
2023-08-31,up,True,1,0.011848341232227487,0.8351648351648352,1,False,False,,0.11848341232227488,True,1.0,True,True,11.0,True,True,13.0,True,False,True,False,False,False,False,-1.0,True,-1.0,-1.0,2.9210526315789473,105.5,0.3333333333333333,,3,False,False,False,False,False,Q1_weak,<0.05R,10:30-11:00,narrow,Thu
2023-09-01,down,True,26,0.04383116883116883,1.688073394495413,5,False,True,0.03571428571428571,0.2905844155844156,True,3.0,True,True,6.0,True,True,29.0,False,False,False,False,True,False,False,-0.33432835820895523,True,-0.275974025974026,-0.275974025974026,-1.0,154.0,0.8333333333333334,,4,True,False,False,False,False,Q2,<0.05R,10:30-11:00,widest,Fri
2023-09-05,up,True,22,0.17337461300309598,2.4411134903640255,2,False,True,0.08359133126934984,0.7832817337461301,True,3.0,True,True,6.0,True,True,45.0,False,False,False,False,True,False,True,-0.06896551724137931,True,1.0,0.25386996904024767,-1.0,80.75,0.1,,1,True,True,False,False,False,Q3,0.15-0.30R,10:30-11:00,narrowest,Tue
2023-09-06,down,True,22,0.05631067961165048,5.147058823529412,5,False,True,0.003883495145631068,0.5825242718446602,True,1.0,True,True,1.0,True,True,2.0,False,False,False,False,True,False,False,-0.2757417102966841,True,1.0,-0.1941747572815534,-1.0,128.75,0.55,,2,True,True,False,False,False,Q4_strong,0.05-0.15R,10:30-11:00,mid,Wed
2023-09-07,up,True,10,0.1317365269461078,1.9157088122605364,6,False,True,0.09281437125748503,0.8473053892215568,True,13.0,True,True,14.0,True,False,,True,False,False,False,True,False,True,-1.0,True,-1.0,-1.0,,83.5,0.13333333333333333,,3,True,True,False,False,False,Q2,0.05-0.15R,10:30-11:00,narrowest,Thu
2023-09-08,down,True,270,0.037267080745341616,1.7721518987341773,4,False,True,0.028985507246376812,0.11801242236024845,True,5.0,False,True,7.0,True,True,51.0,False,False,False,False,True,False,False,-0.45857418111753373,True,-0.41821946169772256,-0.41821946169772256,0.5339805825242718,120.75,0.45,,4,False,False,False,False,False,Q2,<0.05R,after 13:30,mid,Fri
2023-09-11,up,True,184,0.00684931506849315,0.3125,3,False,False,,0.4497716894977169,True,1.0,True,False,,False,False,,False,False,False,False,False,False,True,0.4774774774774775,True,0.4977168949771689,0.4977168949771689,,109.5,0.3416666666666667,,0,True,False,False,False,False,Q1_weak,<0.05R,after 13:30,narrow,Mon
2023-09-12,down,True,0,0.10191082802547771,2.3837209302325584,2,False,True,0.01592356687898089,1.2292993630573248,True,1.0,True,True,2.0,True,True,2.0,False,False,False,False,True,False,True,1.492063492063492,True,1.0,2.0,-1.0,78.5,0.08333333333333333,,1,True,True,True,False,False,Q3,0.05-0.15R,10:30-11:00,narrowest,Tue
2023-09-13,up,True,10,0.023310023310023312,0.7746478873239437,3,False,True,0.11421911421911422,0.5431235431235432,True,1.0,True,True,3.0,True,True,6.0,False,False,False,False,True,False,False,-0.16926503340757237,True,1.0,-0.13053613053613053,-1.0,107.25,0.35,,2,True,True,False,False,False,Q1_weak,<0.05R,10:30-11:00,narrow,Wed
2023-09-14,up,True,14,0.06264501160092807,2.200956937799043,2,False,True,0.07192575406032482,0.703016241299304,True,57.0,True,True,57.0,False,False,,False,False,False,False,True,True,True,0.44536082474226807,True,1.0,0.6264501160092807,,107.75,0.36666666666666664,,3,True,True,False,False,False,Q3,0.05-0.15R,10:30-11:00,narrow,Thu
2023-09-15,down,True,20,0.01263823064770932,1.2313432835820894,2,False,True,0.11058451816745656,0.7109004739336493,False,,False,False,,False,False,,False,False,False,False,True,False,True,0.9429892141756548,False,,,,158.25,0.8833333333333333,,4,True,True,False,False,False,Q1_weak,<0.05R,10:30-11:00,widest,Fri
2023-09-18,up,True,62,0.03367875647668394,1.1347517730496455,5,False,True,0.08549222797927461,0.22279792746113988,True,1.0,True,True,1.0,True,True,198.0,True,False,True,False,True,False,False,-1.0,True,-1.0,-1.0,-0.030456852791878174,96.5,0.26666666666666666,,0,False,False,False,False,False,Q1_weak,<0.05R,11:00-12:00,narrow,Mon
2023-09-19,down,True,8,0.09476309226932668,4.683195592286502,1,False,True,0.16957605985037408,0.24438902743142144,True,7.0,False,True,36.0,True,True,54.0,True,True,True,True,True,False,False,-1.0,True,-1.0,-1.0,2.2828947368421053,100.25,0.31666666666666665,,1,False,False,False,False,False,Q4_strong,0.05-0.15R,10:30-11:00,narrow,Tue
2023-09-19,up,False,198,0.0199501246882793,0.8982035928143713,2,True,True,0.00997506234413965,0.34663341645885287,True,1.0,True,True,1.0,True,True,41.0,False,False,False,False,True,False,True,0.03836930455635491,True,0.0798004987531172,0.0798004987531172,-1.0,100.25,0.31666666666666665,,1,True,False,False,False,False,Q1_weak,<0.05R,after 13:30,narrow,Tue
2023-09-20,down,True,30,0.037037037037037035,1.337579617834395,5,False,False,,2.8754208754208754,True,1.0,True,True,1.0,True,True,98.0,False,False,False,False,False,False,True,1.793103448275862,True,1.0,2.0,-1.0,74.25,0.08333333333333333,,2,True,True,True,True,True,Q2,<0.05R,10:30-11:00,narrowest,Wed
2023-09-21,down,True,276,0.04938271604938271,1.3068181818181817,3,False,True,0.07901234567901234,0.5901234567901235,True,2.0,True,False,,False,False,,False,False,False,False,False,False,True,0.9393258426966292,True,1.0,1.1308641975308642,,101.25,0.35,,3,True,True,False,False,False,Q1_weak,<0.05R,after 13:30,narrow,Thu
2023-09-22,up,True,0,0.049342105263157895,2.294455066921606,4,False,True,0.12828947368421054,0.8355263157894737,True,169.0,False,True,170.0,False,True,177.0,True,True,True,True,True,True,False,-1.0,True,-1.0,-1.0,0.5852272727272727,76.0,0.1,,4,True,True,False,False,False,Q3,<0.05R,10:30-11:00,narrowest,Fri
2023-09-22,down,False,222,0.006578947368421052,2.160664819944598,3,True,True,0.08223684210526316,0.46710526315789475,True,1.0,True,True,11.0,True,True,49.0,True,True,True,True,True,False,True,-1.0,True,-1.0,-1.0,0.9261083743842364,76.0,0.1,,4,True,False,False,False,False,Q3,<0.05R,after 13:30,narrowest,Fri
2023-09-25,up,True,46,0.041666666666666664,1.7431192660550459,3,False,True,0.06359649122807018,0.375,True,13.0,True,True,41.0,True,True,94.0,False,False,False,False,True,False,True,0.5748987854251012,True,0.706140350877193,0.706140350877193,-1.0,114.0,0.5,,0,True,False,False,False,False,Q2,<0.05R,11:00-12:00,mid,Mon
2023-09-26,down,True,187,0.022587268993839837,2.0224719101123596,6,False,True,0.026694045174537988,0.4784394250513347,True,14.0,True,True,14.0,True,False,,False,False,False,False,True,False,True,0.2043222003929273,True,0.2587268993839836,0.2587268993839836,,121.75,0.55,,1,True,False,False,False,False,Q2,<0.05R,after 13:30,mid,Tue
2023-09-27,down,True,21,0.0075,2.8070175438596494,3,False,True,0.2025,1.2,True,1.0,True,True,11.0,True,True,234.0,True,True,True,True,True,False,False,1.9556650246305418,True,1.0,2.0,0.3435114503816794,100.0,0.3333333333333333,,2,True,True,True,False,False,Q3,<0.05R,10:30-11:00,narrow,Wed
2023-09-27,up,False,281,0.015,0.6639004149377593,2,True,False,,0.155,True,1.0,True,True,2.0,True,True,3.0,True,True,True,True,False,False,False,-1.0,True,-1.0,-1.0,2.276595744680851,100.0,0.3333333333333333,,2,False,False,False,False,False,Q1_weak,<0.05R,after 13:30,narrow,Wed
2023-09-28,up,True,17,0.0021691973969631237,1.7469879518072287,2,False,True,0.03036876355748373,1.5119305856832972,True,1.0,True,True,1.0,True,False,,False,False,False,False,True,False,True,1.9870410367170626,True,1.0,2.0,,115.25,0.5166666666666667,,3,True,True,True,True,False,Q2,<0.05R,10:30-11:00,mid,Thu
2023-09-29,down,True,45,0.013774104683195593,2.1164021164021167,3,False,True,0.046831955922865015,1.7520661157024793,True,1.0,True,True,3.0,True,True,7.0,False,False,False,False,True,False,True,1.9195710455764075,True,1.0,2.0,-1.0,90.75,0.25,,4,True,True,True,True,False,Q3,<0.05R,11:00-12:00,narrow,Fri
2023-10-02,up,True,45,0.08304498269896193,3.0578512396694215,5,False,True,0.08131487889273356,0.3719723183391003,True,3.0,True,True,22.0,True,True,32.0,True,False,True,False,True,False,False,-1.0,True,-1.0,-1.0,-0.3626373626373626,144.5,0.8166666666666667,,0,True,False,False,False,False,Q4_strong,0.05-0.15R,11:00-12:00,widest,Mon
2023-10-03,down,True,9,0.023284313725490197,1.045531197301855,4,False,True,0.025735294117647058,0.5845588235294118,True,1.0,True,True,1.0,True,False,,False,False,False,False,True,False,True,0.43559718969555034,True,1.0,0.5024509803921569,,204.0,0.9666666666666667,,1,True,True,False,False,False,Q1_weak,<0.05R,10:30-11:00,widest,Tue
2023-10-04,up,True,11,0.085,1.6641901931649332,2,False,False,,1.215,True,1.0,True,True,2.0,True,True,5.0,True,False,True,False,False,False,True,-1.0,True,-1.0,-1.0,-1.0,100.0,0.3416666666666667,,2,True,True,True,False,False,Q2,0.05-0.15R,10:30-11:00,narrow,Wed
2023-10-05,down,True,6,0.05828220858895705,1.4388489208633093,3,False,True,0.09969325153374232,0.2898773006134969,True,48.0,False,True,61.0,True,True,94.0,True,False,True,False,True,False,False,-1.0,True,-1.0,-1.0,0.860248447204969,163.0,0.8833333333333333,,3,True,False,False,False,False,Q2,0.05-0.15R,10:30-11:00,widest,Thu
2023-10-06,up,True,0,0.10350877192982456,1.7298578199052133,2,False,True,0.08070175438596491,2.2140350877192985,False,,False,False,,False,False,,False,False,False,False,True,True,True,1.4854651162790697,False,,,,142.5,0.75,,4,True,True,True,True,True,Q2,0.05-0.15R,10:30-11:00,wide,Fri
2023-10-09,up,True,108,0.053304904051172705,2.4264705882352944,4,False,True,0.053304904051172705,1.2452025586353945,True,10.0,True,True,11.0,True,True,26.0,False,False,False,False,True,False,True,1.7109826589595376,True,1.0,2.0,-1.0,117.25,0.5333333333333333,,0,True,True,True,False,False,Q3,0.05-0.15R,12:00-13:30,mid,Mon
2023-10-10,up,True,2,0.0391304347826087,2.0448877805486285,1,False,True,0.04782608695652174,0.7695652173913043,True,153.0,False,True,153.0,False,True,153.0,False,False,False,False,True,True,False,-0.4717741935483871,True,-0.43043478260869567,-0.43043478260869567,0.17357512953367876,115.0,0.4666666666666667,,1,True,True,False,False,False,Q2,<0.05R,10:30-11:00,mid,Tue
2023-10-11,down,True,73,0.06936416184971098,2.1818181818181817,1,False,True,0.028901734104046242,0.5520231213872833,True,2.0,True,True,2.0,True,True,2.0,True,False,True,False,True,False,False,-1.0,True,1.0,-1.0,-1.0,86.5,0.15,,2,True,True,False,False,False,Q3,0.05-0.15R,11:00-12:00,narrowest,Wed
2023-10-12,up,True,111,0.07105263157894737,4.679802955665025,1,False,False,,0.08157894736842106,True,1.0,False,True,1.0,True,True,28.0,True,True,True,True,False,False,False,-1.0,True,-1.0,-1.0,2.770642201834862,95.0,0.23333333333333334,,3,False,False,False,False,False,Q4_strong,0.05-0.15R,12:00-13:30,narrow,Thu
2023-10-12,down,False,158,0.010526315789473684,1.1524163568773236,2,True,True,0.010526315789473684,1.5763157894736841,True,1.0,True,False,,False,False,,False,False,False,False,False,False,True,1.9381443298969072,True,1.0,2.0,,95.0,0.23333333333333334,,3,True,True,True,True,False,Q1_weak,<0.05R,12:00-13:30,narrow,Thu
2023-10-13,down,True,0,0.007462686567164179,1.5909090909090908,1,False,False,,2.029850746268657,True,1.0,True,True,1.0,True,True,1.0,False,False,False,False,False,False,True,1.9558823529411764,True,1.0,2.0,-1.0,100.5,0.3333333333333333,,4,True,True,True,True,True,Q2,<0.05R,10:30-11:00,narrow,Fri
2023-10-16,up,True,0,0.12144212523719165,3.7185929648241207,2,False,True,0.10056925996204934,0.27514231499051234,True,9.0,True,True,12.0,True,True,24.0,True,False,True,False,True,False,False,-1.0,True,-1.0,-1.0,-1.0,131.75,0.6833333333333333,,0,True,False,False,False,False,Q4_strong,0.05-0.15R,10:30-11:00,wide,Mon
2023-10-17,up,True,5,0.04707792207792208,1.0509031198686372,2,False,True,0.08279220779220779,0.6818181818181818,True,12.0,True,True,18.0,True,False,,False,False,False,False,True,True,True,0.35014836795252224,True,1.0,0.4772727272727273,,154.0,0.8583333333333333,,1,True,True,False,False,False,Q1_weak,<0.05R,10:30-11:00,widest,Tue
2023-10-18,down,True,6,0.08823529411764706,1.7142857142857142,5,False,True,0.08088235294117647,1.3970588235294117,True,6.0,True,True,7.0,True,True,80.0,True,False,True,False,True,False,True,-1.0,True,-1.0,-1.0,-1.0,102.0,0.35,,2,True,True,True,False,False,Q2,0.05-0.15R,10:30-11:00,narrow,Wed
2023-10-19,down,True,2,0.014150943396226415,1.0680907877169559,1,False,False,,1.4221698113207548,True,1.0,True,True,1.0,True,True,2.0,True,True,True,True,False,False,True,-1.0,True,-1.0,-1.0,-1.0,106.0,0.36666666666666664,,3,True,True,True,False,False,Q1_weak,<0.05R,10:30-11:00,narrow,Thu
2023-10-19,up,False,92,0.04009433962264151,4.1516245487364625,3,True,True,0.05660377358490566,0.2759433962264151,True,1.0,True,True,1.0,True,True,27.0,True,True,True,True,True,False,False,-1.0,True,-1.0,-1.0,0.33251231527093594,106.0,0.36666666666666664,,3,True,False,False,False,False,Q4_strong,<0.05R,12:00-13:30,narrow,Thu
2023-10-20,down,True,0,0.02186878727634195,1.1610486891385767,4,False,True,0.009940357852882704,0.8628230616302187,True,4.0,True,True,4.0,True,True,167.0,False,False,False,False,True,False,True,1.4666666666666666,True,1.0,1.5745526838966202,-1.0,125.75,0.65,,4,True,True,False,False,False,Q1_weak,<0.05R,10:30-11:00,wide,Fri
2023-10-23,up,True,14,0.012968299711815562,0.41198501872659177,4,False,False,,0.9567723342939481,True,1.0,True,True,1.0,True,False,,False,False,False,False,False,False,True,0.18258426966292135,True,1.0,0.2132564841498559,,173.5,0.9166666666666666,,0,True,True,False,False,False,Q1_weak,<0.05R,10:30-11:00,widest,Mon
2023-10-24,up,True,7,0.03571428571428571,1.561904761904762,2,False,True,0.07692307692307693,0.3131868131868132,True,3.0,True,True,3.0,True,True,23.0,True,True,True,True,True,False,False,-1.0,True,-1.0,-1.0,1.8452380952380953,91.0,0.16666666666666666,,1,True,False,False,False,False,Q2,<0.05R,10:30-11:00,narrowest,Tue
2023-10-24,down,False,114,0.01098901098901099,1.5238095238095237,3,True,True,0.04120879120879121,0.5769230769230769,True,1.0,True,True,1.0,True,True,64.0,True,True,True,True,True,False,False,-1.0,True,1.0,-1.0,1.2162162162162162,91.0,0.16666666666666666,,1,True,True,False,False,False,Q2,<0.05R,12:00-13:30,narrowest,Tue
2023-10-25,down,True,72,0.014754098360655738,4.4140625,2,False,True,0.08032786885245902,0.9540983606557377,True,1.0,True,True,1.0,True,False,,False,False,False,False,True,False,True,1.5063694267515924,True,1.0,1.580327868852459,,152.5,0.8166666666666667,,2,True,True,False,False,False,Q4_strong,<0.05R,11:00-12:00,widest,Wed
2023-10-26,down,True,53,0.021136063408190225,1.3822894168466524,6,False,False,,0.6842800528401585,True,1.0,True,True,9.0,True,True,204.0,False,False,False,False,False,False,True,0.7224334600760456,True,1.0,0.7952443857331571,-0.6352941176470588,189.25,0.9333333333333333,,3,True,True,False,False,False,Q2,<0.05R,11:00-12:00,widest,Thu
2023-10-27,down,True,11,0.028662420382165606,1.5238095238095237,5,False,False,,1.035031847133758,True,1.0,True,True,5.0,True,True,24.0,True,True,True,True,False,False,True,-1.0,True,-1.0,-1.0,0.16819571865443425,78.5,0.058333333333333334,,4,True,True,True,False,False,Q2,<0.05R,10:30-11:00,narrowest,Fri
2023-10-27,up,False,44,0.07006369426751592,1.644859813084112,1,True,True,0.08917197452229299,0.4872611464968153,True,18.0,False,True,18.0,True,True,19.0,True,True,True,True,True,False,False,-1.0,True,-1.0,-1.0,1.3705583756345177,78.5,0.058333333333333334,,4,True,False,False,False,False,Q2,0.05-0.15R,11:00-12:00,narrowest,Fri
2023-10-30,down,True,1,0.0017152658662092624,0.3483309143686502,2,False,False,,0.1680960548885077,True,1.0,True,True,2.0,True,True,4.0,True,False,True,False,False,False,False,-1.0,True,-1.0,-1.0,-1.0,145.75,0.7833333333333333,,0,False,False,False,False,False,Q1_weak,<0.05R,10:30-11:00,wide,Mon
2023-10-31,up,True,30,0.03404255319148936,1.9745222929936306,1,False,False,,0.6382978723404256,True,1.0,True,True,1.0,True,True,2.0,True,False,True,False,False,False,True,-1.0,True,-1.0,-1.0,-1.0,117.5,0.5166666666666667,,1,True,True,False,False,False,Q2,<0.05R,10:30-11:00,mid,Tue
2023-11-01,up,True,7,0.008113590263691683,1.0705596107055961,2,False,False,,1.002028397565923,True,1.0,True,True,1.0,True,True,11.0,True,False,True,False,False,False,True,-1.0,True,-1.0,-1.0,-1.0,123.25,0.6,,2,True,True,True,False,False,Q1_weak,<0.05R,10:30-11:00,wide,Wed
2023-11-02,up,True,21,0.05120481927710843,3.685800604229607,1,False,True,0.08132530120481928,0.6746987951807228,True,9.0,True,True,10.0,True,True,24.0,False,False,False,False,True,False,True,0.9344262295081968,True,1.0,1.1325301204819278,-1.0,83.0,0.1,,3,True,True,False,False,False,Q4_strong,0.05-0.15R,10:30-11:00,narrowest,Thu
2023-11-03,up,True,105,0.02240325865580448,1.6603773584905661,2,False,False,,0.5315682281059063,True,1.0,True,True,68.0,True,False,,False,False,False,False,False,False,True,0.13255360623781676,True,1.0,0.18329938900203666,,122.75,0.6,,4,True,True,False,False,False,Q2,<0.05R,12:00-13:30,wide,Fri
2023-11-06,down,True,158,0.013793103448275862,2.8244274809160306,1,False,True,0.02413793103448276,0.6482758620689655,True,1.0,True,True,92.0,False,True,93.0,True,False,True,False,True,False,False,-1.0,True,1.0,-1.0,0.6437768240343348,72.5,0.016666666666666666,,0,True,True,False,False,False,Q3,<0.05R,12:00-13:30,narrowest,Mon
2023-11-07,up,True,1,0.006237006237006237,1.1989100817438691,5,False,True,0.014553014553014554,0.5654885654885655,True,1.0,True,True,119.0,True,False,,False,False,False,False,True,False,True,0.49691991786447637,True,1.0,0.5155925155925156,,120.25,0.55,,1,True,True,False,False,False,Q1_weak,<0.05R,10:30-11:00,mid,Tue
2023-11-08,down,True,10,0.003215434083601286,0.9146341463414634,3,False,False,,0.6816720257234726,True,1.0,True,True,1.0,True,True,37.0,True,False,True,False,False,False,False,-1.0,True,1.0,-1.0,-1.0,77.75,0.06666666666666667,,2,True,True,False,False,False,Q1_weak,<0.05R,10:30-11:00,narrowest,Wed
2023-11-09,down,True,1,0.037383177570093455,3.1268436578171093,4,False,False,,1.442367601246106,True,1.0,True,True,1.0,True,True,7.0,True,True,True,True,False,False,True,-1.0,True,-1.0,-1.0,2.2429906542056073,80.25,0.11666666666666667,,3,True,True,True,False,False,Q4_strong,<0.05R,10:30-11:00,narrowest,Thu
2023-11-09,up,False,80,0.06542056074766354,3.3333333333333335,9,True,True,0.1059190031152648,0.2616822429906542,True,6.0,False,True,11.0,True,True,25.0,True,True,True,True,True,False,False,-1.0,True,-1.0,-1.0,1.0876288659793814,80.25,0.11666666666666667,,3,True,False,False,False,False,Q4_strong,0.05-0.15R,11:00-12:00,narrowest,Thu
2023-11-10,up,True,33,0.05278592375366569,1.8316831683168318,2,False,True,0.12903225806451613,2.5073313782991202,False,,False,False,,False,False,,False,False,False,False,True,False,True,1.7135278514588859,False,,,,85.25,0.18333333333333332,,4,True,True,True,True,True,Q2,0.05-0.15R,11:00-12:00,narrow,Fri
2023-11-13,up,True,16,0.03728813559322034,2.376237623762376,4,False,True,0.08813559322033898,0.6847457627118644,True,2.0,True,True,2.0,True,False,,False,False,False,False,True,False,True,0.15141955835962145,True,1.0,0.23728813559322035,,73.75,0.03333333333333333,,0,True,True,False,False,False,Q3,<0.05R,10:30-11:00,narrowest,Mon
2023-11-14,up,True,1,0.033419023136246784,1.0498687664041995,2,False,False,,0.3213367609254499,True,1.0,True,True,1.0,True,True,5.0,True,False,True,False,False,False,False,-1.0,True,-1.0,-1.0,-1.0,97.25,0.31666666666666665,,1,True,False,False,False,False,Q1_weak,<0.05R,10:30-11:00,narrow,Tue
2023-11-15,down,True,82,0.018518518518518517,1.766109785202864,5,True,True,0.1111111111111111,1.0888888888888888,True,9.0,True,True,14.0,True,False,,False,False,False,False,True,False,True,1.8928571428571428,True,1.0,2.0,,67.5,0.016666666666666666,,2,True,True,True,False,False,Q2,<0.05R,11:00-12:00,narrowest,Wed
2023-11-16,down,True,11,0.018633540372670808,2.714776632302405,1,False,False,,0.35403726708074534,True,1.0,True,True,1.0,True,True,5.0,True,True,True,True,False,False,False,-1.0,True,-1.0,-1.0,-1.0,80.5,0.16666666666666666,,3,True,False,False,False,False,Q3,<0.05R,10:30-11:00,narrowest,Thu
2023-11-17,down,True,35,0.009302325581395349,2.6065162907268173,1,False,True,0.04186046511627907,0.037209302325581395,True,1.0,True,True,1.0,True,True,4.0,True,True,True,True,True,False,False,-1.0,True,-1.0,-1.0,1.5340909090909092,53.75,0.016666666666666666,,4,False,False,False,False,False,Q3,<0.05R,11:00-12:00,narrowest,Fri
2023-11-17,up,False,92,0.046511627906976744,1.6666666666666667,2,True,True,0.06046511627906977,1.1023255813953488,True,18.0,True,True,19.0,True,True,22.0,False,False,False,False,True,False,True,1.7446808510638299,True,1.0,2.0,-1.0,53.75,0.016666666666666666,,4,True,True,True,False,False,Q2,<0.05R,12:00-13:30,narrowest,Fri
2023-11-20,up,True,30,0.030232558139534883,1.7777777777777777,6,False,True,0.020930232558139535,1.0651162790697675,True,1.0,True,False,,False,False,,False,False,False,False,True,True,True,1.8289473684210527,True,1.0,2.0,,107.5,0.5166666666666667,,0,True,True,True,False,False,Q2,<0.05R,10:30-11:00,mid,Mon
2023-11-27,up,True,82,0.0125,0.6711409395973155,2,False,False,,0.4875,True,1.0,True,True,8.0,True,True,144.0,True,False,True,False,False,False,False,-1.0,True,-1.0,-1.0,0.7210526315789474,80.0,0.16666666666666666,,0,True,False,False,False,False,Q1_weak,<0.05R,11:00-12:00,narrowest,Mon
2023-11-28,up,True,9,0.0663265306122449,5.665236051502146,3,False,True,0.28061224489795916,1.3061224489795917,True,16.0,True,True,16.0,False,True,156.0,True,False,True,False,True,True,True,1.6486486486486487,True,1.0,2.0,-0.7614213197969543,49.0,0.016666666666666666,,1,True,True,True,False,False,Q4_strong,0.05-0.15R,10:30-11:00,narrowest,Tue
2023-11-29,down,True,40,0.11538461538461539,4.683195592286502,7,False,True,0.06275303643724696,0.5789473684210527,True,2.0,True,True,79.0,True,False,,False,False,False,False,True,False,True,0.5888157894736842,True,1.0,0.9554655870445344,,123.5,0.7666666666666667,,2,True,True,False,False,False,Q4_strong,0.05-0.15R,11:00-12:00,wide,Wed
2023-11-30,down,True,8,0.032015065913371,2.1327967806841044,2,False,True,0.1318267419962335,0.4726930320150659,True,1.0,True,True,21.0,True,True,314.0,True,False,True,False,True,False,False,-1.0,True,-1.0,-1.0,0.1848341232227488,132.75,0.8166666666666667,,3,True,False,False,False,False,Q3,<0.05R,10:30-11:00,widest,Thu
2023-12-01,down,True,0,0.06388888888888888,2.1355236139630387,2,False,False,,0.10555555555555556,True,1.0,True,True,1.0,True,True,1.0,True,True,True,True,False,False,False,-1.0,True,-1.0,-1.0,4.605633802816901,90.0,0.3,,4,False,False,False,False,False,Q3,0.05-0.15R,10:30-11:00,narrow,Fri
2023-12-01,up,False,41,0.03611111111111111,2.8627450980392157,5,True,True,0.075,0.9611111111111111,True,1.0,True,True,7.0,True,False,,False,False,False,False,True,False,True,1.2072538860103628,True,1.0,1.3666666666666667,,90.0,0.3,,4,True,True,False,False,False,Q3,<0.05R,11:00-12:00,narrow,Fri
2023-12-04,down,True,1,0.007707129094412331,1.3692946058091287,1,False,False,,0.19653179190751446,True,1.0,True,True,1.0,True,True,1.0,True,True,True,True,False,False,False,-1.0,True,-1.0,-1.0,-1.0,129.75,0.7833333333333333,,0,False,False,False,False,False,Q2,<0.05R,10:30-11:00,wide,Mon
2023-12-04,up,False,320,0.046242774566473986,5.132075471698113,5,True,True,0.055876685934489405,0.07129094412331406,True,1.0,False,True,1.0,True,False,,False,False,False,False,True,False,False,-0.15873015873015872,True,-0.08092485549132948,-0.08092485549132948,,129.75,0.7833333333333333,,0,False,False,False,False,False,Q4_strong,<0.05R,after 13:30,wide,Mon
2023-12-05,up,True,15,0.029315960912052116,1.6428571428571428,4,False,True,0.04723127035830619,0.15798045602605862,True,2.0,True,True,2.0,True,True,30.0,True,False,True,False,True,False,False,-1.0,True,-1.0,-1.0,-0.01507537688442211,153.5,0.8833333333333333,,1,False,False,False,False,False,Q2,<0.05R,10:30-11:00,widest,Tue
2023-12-06,down,True,63,0.033950617283950615,3.207126948775056,6,False,True,0.016975308641975308,0.45524691358024694,True,1.0,True,True,1.0,True,False,,False,False,False,False,True,False,True,0.638728323699422,True,0.75,0.75,,162.0,0.9166666666666666,,2,True,False,False,False,False,Q4_strong,<0.05R,11:00-12:00,widest,Wed
2023-12-07,up,True,6,0.0365296803652968,1.3367609254498716,3,False,True,0.0182648401826484,0.6301369863013698,True,1.0,True,True,4.0,True,True,20.0,True,False,True,False,True,False,True,-1.0,True,-1.0,-1.0,-1.0,109.5,0.55,,3,True,True,False,False,False,Q2,<0.05R,10:30-11:00,mid,Thu
2023-12-08,up,True,258,0.007518796992481203,0.670391061452514,3,False,True,0.007518796992481203,0.031578947368421054,True,1.0,True,True,3.0,True,True,15.0,False,False,False,False,True,False,False,-0.18962962962962962,True,-0.1774436090225564,-0.1774436090225564,0.15942028985507245,166.25,0.9333333333333333,,4,False,False,False,False,False,Q1_weak,<0.05R,after 13:30,widest,Fri
2023-12-11,up,True,17,0.08726415094339622,2.93398533007335,1,False,True,0.11084905660377359,0.6792452830188679,True,13.0,True,True,18.0,True,True,18.0,True,False,True,False,True,False,True,-1.0,True,-1.0,-1.0,-1.0,106.0,0.49166666666666664,,0,True,True,False,False,False,Q3,0.05-0.15R,10:30-11:00,mid,Mon
2023-12-12,up,True,28,0.04533333333333334,4.512820512820513,1,False,True,0.064,0.9546666666666667,True,14.0,True,True,58.0,True,True,59.0,False,False,False,False,True,False,True,1.6234718826405867,True,1.0,1.8613333333333333,-1.0,93.75,0.31666666666666665,,1,True,True,False,False,False,Q4_strong,<0.05R,10:30-11:00,narrow,Tue
2023-12-13,down,True,93,0.0375,1.0035842293906811,3,False,False,,0.3541666666666667,True,1.0,True,True,5.0,True,True,12.0,True,True,True,True,False,False,False,-1.0,True,-1.0,-1.0,-1.0,60.0,0.05,,2,True,False,False,False,False,Q1_weak,<0.05R,12:00-13:30,narrowest,Wed
2023-12-13,up,False,212,0.020833333333333332,2.355889724310777,1,True,False,,2.4875,True,1.0,True,False,,False,False,,False,False,False,False,False,False,True,1.88,True,1.0,2.0,,60.0,0.05,,2,True,True,True,True,True,Q3,<0.05R,after 13:30,narrowest,Wed
2023-12-14,down,True,7,0.07945205479452055,1.308724832214765,3,False,True,0.11506849315068493,1.7315068493150685,True,5.0,True,True,5.0,True,True,16.0,False,False,False,False,True,False,True,1.5886524822695036,True,1.0,2.0,-1.0,91.25,0.3333333333333333,,3,True,True,True,True,False,Q1_weak,0.05-0.15R,10:30-11:00,narrow,Thu
2023-12-15,up,True,23,0.046511627906976744,1.9928825622775799,1,False,True,0.005813953488372093,0.24709302325581395,True,2.0,True,True,4.0,True,True,4.0,True,True,True,True,True,False,False,-1.0,True,-1.0,-1.0,-1.0,86.0,0.25,,4,False,False,False,False,False,Q2,<0.05R,10:30-11:00,narrow,Fri
2023-12-15,down,False,191,0.014534883720930232,6.111111111111112,7,True,True,0.07267441860465117,0.20348837209302326,True,1.0,True,True,1.0,True,True,106.0,True,True,True,True,True,False,False,-1.0,True,-1.0,-1.0,0.38461538461538464,86.0,0.25,,4,False,False,False,False,False,Q4_strong,<0.05R,after 13:30,narrow,Fri
2023-12-18,up,True,61,0.003424657534246575,0.502092050209205,3,False,False,,0.9383561643835616,True,1.0,True,True,2.0,True,False,,False,False,False,False,False,False,True,0.8843537414965986,True,1.0,0.8972602739726028,,73.0,0.1,,0,True,True,False,False,False,Q1_weak,<0.05R,11:00-12:00,narrowest,Mon
2023-12-19,up,True,3,0.03755868544600939,1.276595744680851,5,False,False,,0.5586854460093896,True,1.0,True,True,2.0,True,True,3.0,True,False,True,False,False,False,True,-1.0,True,-1.0,-1.0,-1.0,53.25,0.03333333333333333,,1,True,True,False,False,False,Q1_weak,<0.05R,10:30-11:00,narrowest,Tue
2023-12-20,up,True,0,0.0658682634730539,3.6904761904761902,3,False,True,0.059880239520958084,0.2275449101796407,True,10.0,False,True,17.0,True,True,18.0,True,True,True,True,True,False,False,-1.0,True,-1.0,-1.0,3.0594059405940595,83.5,0.25,,2,False,False,False,False,False,Q4_strong,0.05-0.15R,10:30-11:00,narrow,Wed
2023-12-20,down,False,249,0.05389221556886228,2.2343324250681196,4,True,True,0.04491017964071856,2.5239520958083834,True,1.0,True,True,2.0,True,False,,False,False,False,False,True,False,True,1.7081081081081082,True,1.0,2.0,,83.5,0.25,,2,True,True,True,True,True,Q3,0.05-0.15R,after 13:30,narrow,Wed
2023-12-21,down,True,98,0.023809523809523808,1.7536534446764092,2,False,True,0.08008658008658008,0.24458874458874458,True,2.0,True,True,3.0,True,True,23.0,True,True,True,True,True,False,False,-1.0,True,-1.0,-1.0,-1.0,115.5,0.6166666666666667,,3,False,False,False,False,False,Q2,<0.05R,12:00-13:30,wide,Thu
2023-12-21,up,False,322,0.01948051948051948,1.056910569105691,3,True,True,0.006493506493506494,0.06277056277056277,True,2.0,False,True,2.0,True,False,,False,False,False,False,True,False,False,-0.175,True,-0.14285714285714285,-0.14285714285714285,,115.5,0.6166666666666667,,3,False,False,False,False,False,Q1_weak,<0.05R,after 13:30,wide,Thu
2023-12-22,down,True,30,0.07177033492822966,2.986111111111111,3,False,True,0.06220095693779904,1.784688995215311,True,1.0,True,True,1.0,True,True,30.0,True,False,True,False,True,False,True,-1.0,True,-1.0,-1.0,-1.0,52.25,0.03333333333333333,,4,True,True,True,True,False,Q3,0.05-0.15R,10:30-11:00,narrowest,Fri
2023-12-26,up,True,9,0.009708737864077669,0.9053497942386831,1,False,False,,1.0533980582524272,True,1.0,True,True,3.0,True,True,4.0,True,False,True,False,False,False,True,-1.0,True,-1.0,-1.0,-1.0,51.5,0.03333333333333333,,1,True,True,True,False,False,Q1_weak,<0.05R,10:30-11:00,narrowest,Tue
2023-12-28,down,True,153,0.03111111111111111,2.4892703862660945,4,False,True,0.05333333333333334,0.4444444444444444,True,1.0,True,True,1.0,True,False,,True,False,False,False,True,False,True,-1.0,True,-1.0,-1.0,,56.25,0.1,,3,True,False,False,False,False,Q3,<0.05R,12:00-13:30,narrowest,Thu
2023-12-29,down,True,5,0.08148148148148149,1.5023474178403755,6,False,False,,4.014814814814815,True,1.0,True,True,1.0,True,False,,False,False,False,False,False,False,True,1.5796178343949046,True,1.0,2.0,,33.75,0.016666666666666666,,4,True,True,True,True,True,Q2,0.05-0.15R,10:30-11:00,narrowest,Fri
2024-01-02,down,True,0,0.06698564593301436,2.4125874125874125,1,False,True,0.03987240829346093,0.6012759170653907,True,14.0,True,True,15.0,True,True,34.0,False,False,False,False,True,False,False,-0.1659634317862166,True,1.0,-0.05422647527910686,-1.0,156.75,0.9,,1,True,True,False,False,False,Q3,0.05-0.15R,10:30-11:00,widest,Tue
2024-01-03,down,True,7,0.015463917525773196,3.824884792626728,2,False,True,0.09536082474226804,0.3556701030927835,True,1.0,True,True,4.0,True,True,20.0,True,False,True,False,True,False,True,-1.0,True,-1.0,-1.0,-1.0,97.0,0.48333333333333334,,2,True,False,False,False,False,Q4_strong,<0.05R,10:30-11:00,mid,Wed
2024-01-04,up,True,19,0.022222222222222223,2.192691029900332,3,False,False,,0.5611111111111111,True,1.0,True,True,3.0,True,True,63.0,True,True,True,True,False,False,False,-1.0,True,1.0,-1.0,1.1450381679389312,90.0,0.4083333333333333,,3,True,True,False,False,False,Q3,<0.05R,10:30-11:00,mid,Thu
2024-01-04,down,False,325,0.027777777777777776,2.066869300911854,4,True,False,,0.08055555555555556,True,1.0,False,True,1.0,True,False,,False,False,False,False,False,False,False,-0.06315789473684211,True,-0.011111111111111112,-0.011111111111111112,,90.0,0.4083333333333333,,3,False,False,False,False,False,Q3,<0.05R,after 13:30,mid,Thu
2024-01-05,up,True,4,0.029723991507430998,1.5730337078651686,4,False,False,,0.18683651804670912,True,5.0,True,True,5.0,True,True,46.0,True,True,True,True,False,False,False,-1.0,True,-1.0,-1.0,1.9267015706806283,117.75,0.7,,4,False,False,False,False,False,Q2,<0.05R,10:30-11:00,wide,Fri
2024-01-05,down,False,166,0.014861995753715499,2.2857142857142856,1,True,True,0.0021231422505307855,0.28662420382165604,True,1.0,True,True,4.0,True,True,8.0,True,False,True,False,True,False,False,-1.0,True,-1.0,-1.0,-1.0,117.75,0.7,,4,True,False,False,False,False,Q3,<0.05R,12:00-13:30,wide,Fri
2024-01-08,up,True,0,0.014388489208633094,1.1931818181818181,6,False,True,0.00539568345323741,1.1996402877697843,True,1.0,True,True,7.0,True,False,,False,False,False,False,True,True,True,1.916083916083916,True,1.0,2.0,,139.0,0.8333333333333334,,0,True,True,True,False,False,Q1_weak,<0.05R,10:30-11:00,widest,Mon
2024-01-09,up,True,13,0.02023121387283237,1.851851851851852,1,False,True,0.017341040462427744,1.4046242774566473,True,1.0,True,True,1.0,True,True,3.0,False,False,False,False,True,False,True,1.8833333333333333,True,1.0,2.0,-1.0,86.5,0.38333333333333336,,1,True,True,True,False,False,Q2,<0.05R,10:30-11:00,mid,Tue
2024-01-10,up,True,12,0.03793103448275862,1.342756183745583,5,False,True,0.07931034482758621,1.5034482758620689,True,30.0,True,True,30.0,True,False,,False,False,False,False,True,False,True,1.7884615384615385,True,1.0,2.0,,72.5,0.19166666666666668,,2,True,True,True,True,False,Q2,<0.05R,10:30-11:00,narrow,Wed
2024-01-11,down,True,43,0.07534246575342465,6.666666666666666,2,False,True,0.10273972602739725,0.3264840182648402,True,88.0,False,True,89.0,True,True,98.0,True,False,True,False,True,False,False,-1.0,True,-1.0,-1.0,1.078239608801956,219.0,1.0,,3,True,False,False,False,False,Q4_strong,0.05-0.15R,11:00-12:00,widest,Thu
2024-01-12,down,True,19,0.02564102564102564,2.5145067698259185,3,False,True,0.04895104895104895,0.20279720279720279,True,1.0,True,True,9.0,True,True,19.0,True,False,True,False,True,False,False,-1.0,True,-1.0,-1.0,-0.020833333333333332,107.25,0.6,,4,False,False,False,False,False,Q3,<0.05R,10:30-11:00,wide,Fri
2024-01-16,up,True,10,0.03697478991596639,2.259414225941423,3,False,True,0.052100840336134456,0.20168067226890757,True,20.0,False,True,20.0,True,True,20.0,True,False,True,False,True,False,False,-1.0,True,-1.0,-1.0,-0.003787878787878788,148.75,0.85,,1,False,False,False,False,False,Q3,<0.05R,10:30-11:00,widest,Tue
2024-01-17,up,True,315,0.0032520325203252032,2.9441624365482233,2,False,True,0.016260162601626018,0.2731707317073171,True,1.0,True,True,1.0,True,False,,False,False,False,False,True,False,True,0.3263327948303716,True,0.33495934959349594,0.33495934959349594,,153.75,0.8833333333333333,,2,True,False,False,False,False,Q3,<0.05R,after 13:30,widest,Wed
2024-01-18,up,True,7,0.08823529411764706,1.7045454545454544,5,False,False,,1.0514705882352942,True,1.0,True,True,5.0,True,True,94.0,True,True,True,True,False,False,True,-1.0,True,1.0,-1.0,0.25745257452574527,68.0,0.16666666666666666,,3,True,True,True,False,False,Q2,0.05-0.15R,10:30-11:00,narrowest,Thu
2024-01-18,down,False,151,0.014705882352941176,0.1411764705882353,4,True,True,0.09558823529411764,0.6433823529411765,True,1.0,True,True,1.0,True,True,41.0,True,True,True,True,True,False,False,-1.0,True,1.0,-1.0,0.6555555555555556,68.0,0.16666666666666666,,3,True,True,False,False,False,Q1_weak,<0.05R,12:00-13:30,narrowest,Thu
2024-01-19,up,True,25,0.05263157894736842,2.915451895043732,3,False,True,0.015037593984962405,3.236842105263158,True,1.0,True,True,1.0,True,False,,False,False,False,False,True,False,True,1.7142857142857142,True,1.0,2.0,,66.5,0.15,,4,True,True,True,True,True,Q3,0.05-0.15R,10:30-11:00,narrowest,Fri
2024-01-22,down,True,0,0.10810810810810811,2.4705882352941178,5,False,True,0.0343980343980344,0.48402948402948404,True,3.0,True,True,3.0,True,False,,False,False,False,False,True,False,True,0.18585858585858586,True,0.44226044226044225,0.44226044226044225,,101.75,0.5833333333333334,,0,True,False,False,False,False,Q3,0.05-0.15R,10:30-11:00,mid,Mon
2024-01-23,up,True,149,0.01910828025477707,1.0101010101010102,2,False,True,0.012738853503184714,0.6496815286624203,True,1.0,True,True,1.0,True,True,4.0,False,False,False,False,True,False,True,0.9815950920245399,True,1.0,1.0573248407643312,-1.0,78.5,0.30833333333333335,,1,True,True,False,False,False,Q1_weak,<0.05R,12:00-13:30,narrow,Tue
2024-01-24,up,True,2,0.003067484662576687,1.5217391304347825,2,False,True,0.03680981595092025,0.9141104294478528,True,1.0,True,True,34.0,False,True,35.0,True,True,True,True,True,False,False,-1.0,True,1.0,-1.0,-1.0,81.5,0.38333333333333336,,2,True,True,False,False,False,Q2,<0.05R,10:30-11:00,mid,Wed
2024-01-24,down,False,286,0.05521472392638037,1.2972972972972974,4,True,True,0.012269938650306749,0.4110429447852761,True,8.0,True,True,8.0,True,False,,False,False,False,False,True,False,True,0.18232044198895028,True,0.3128834355828221,0.3128834355828221,,81.5,0.38333333333333336,,2,True,False,False,False,False,Q1_weak,0.05-0.15R,after 13:30,mid,Wed
2024-01-25,up,True,79,0.005847953216374269,0.24316109422492402,7,False,True,0.08771929824561403,0.20175438596491227,True,6.0,False,True,6.0,True,True,16.0,True,True,True,True,True,False,False,-1.0,True,-1.0,-1.0,0.8767123287671232,85.5,0.45,,3,False,False,False,False,False,Q1_weak,<0.05R,11:00-12:00,mid,Thu
2024-01-25,down,False,138,0.10818713450292397,2.3342175066312993,2,True,True,0.023391812865497075,1.2543859649122806,True,1.0,True,True,7.0,True,True,14.0,False,False,False,False,True,False,True,1.4663461538461537,True,1.0,2.0,-1.0,85.5,0.45,,3,True,True,True,False,False,Q3,0.05-0.15R,12:00-13:30,mid,Thu
2024-01-26,up,True,0,0.003205128205128205,0.3183023872679045,7,False,True,0.07692307692307693,0.6410256410256411,True,1.0,True,True,71.0,False,True,126.0,True,True,True,True,True,False,False,-1.0,True,1.0,-1.0,0.5950155763239875,78.0,0.3,,4,True,True,False,False,False,Q1_weak,<0.05R,10:30-11:00,narrow,Fri
2024-01-29,down,True,30,0.06956521739130435,1.9075144508670518,5,False,False,,0.10869565217391304,True,1.0,False,True,1.0,True,True,16.0,True,True,True,True,False,False,False,-1.0,True,-1.0,-1.0,0.8613138686131386,57.5,0.13333333333333333,,0,False,False,False,False,False,Q2,0.05-0.15R,10:30-11:00,narrowest,Mon
2024-01-29,up,False,90,0.017391304347826087,1.6042780748663101,2,True,False,,2.3086956521739133,True,1.0,True,True,1.0,True,True,1.0,False,False,False,False,False,False,True,1.8991596638655461,True,1.0,2.0,-1.0,57.5,0.13333333333333333,,0,True,True,True,True,True,Q2,<0.05R,11:00-12:00,narrowest,Mon
2024-01-30,down,True,106,0.06227106227106227,2.3963133640553,7,False,True,0.054945054945054944,1.0,True,1.0,True,False,,False,False,,False,False,False,False,False,False,True,1.6677524429967427,True,1.0,2.0,,68.25,0.21666666666666667,,1,True,True,True,False,False,Q3,0.05-0.15R,12:00-13:30,narrow,Tue
2024-01-31,down,True,0,0.002304147465437788,1.0183299389002036,5,False,False,,0.8064516129032258,True,1.0,True,True,31.0,True,True,76.0,True,True,True,True,False,False,True,-1.0,True,-1.0,-1.0,1.1749049429657794,108.5,0.7166666666666667,,2,True,True,False,False,False,Q1_weak,<0.05R,10:30-11:00,wide,Wed
2024-01-31,up,False,250,0.03225806451612903,0.5700712589073634,4,True,True,0.16589861751152074,0.5299539170506913,True,10.0,False,True,10.0,False,True,21.0,True,True,True,True,True,False,False,-1.0,True,-1.0,-1.0,0.15478260869565216,108.5,0.7166666666666667,,2,True,True,False,False,False,Q1_weak,<0.05R,after 13:30,wide,Wed
2024-02-01,up,True,96,0.03526448362720403,2.5219941348973607,8,True,True,0.05037783375314862,0.8463476070528967,True,1.0,True,True,12.0,True,False,,False,False,False,False,True,False,True,1.2705882352941176,True,1.0,1.4307304785894206,,99.25,0.6333333333333333,,3,True,True,False,False,False,Q3,<0.05R,12:00-13:30,wide,Thu
2024-02-02,up,True,10,0.022082018927444796,1.0552763819095479,4,False,True,0.0946372239747634,0.9558359621451105,True,1.0,True,True,21.0,True,False,,False,False,False,False,True,True,True,1.2356495468277946,True,1.0,1.334384858044164,,158.5,0.9333333333333333,,4,True,True,False,False,False,Q1_weak,<0.05R,10:30-11:00,widest,Fri
2024-02-05,down,True,10,0.13736263736263737,3.979328165374677,2,False,True,0.10622710622710622,0.34065934065934067,True,26.0,False,True,27.0,True,True,29.0,True,True,True,True,True,False,False,-1.0,True,-1.0,-1.0,1.9635627530364372,136.5,0.8333333333333334,,0,True,False,False,False,False,Q4_strong,0.05-0.15R,10:30-11:00,widest,Mon
2024-02-05,up,False,251,0.014652014652014652,1.3733905579399142,3,True,True,0.01098901098901099,0.06043956043956044,True,1.0,True,True,1.0,True,True,20.0,False,False,False,False,True,False,False,-0.597864768683274,True,-0.5860805860805861,-0.5860805860805861,1.120879120879121,136.5,0.8333333333333334,,0,False,False,False,False,False,Q2,<0.05R,after 13:30,widest,Mon
2024-02-06,down,True,79,0.02654867256637168,0.7446808510638298,2,False,True,0.0014749262536873156,0.22123893805309736,True,1.0,True,True,39.0,True,True,50.0,False,False,False,False,True,False,False,-0.7619047619047619,True,-0.7492625368731564,-0.7492625368731564,1.1263157894736842,169.5,0.9833333333333333,,1,False,False,False,False,False,Q1_weak,<0.05R,11:00-12:00,widest,Tue
2024-02-07,up,True,22,0.03691275167785235,2.160919540229885,1,False,False,,0.05201342281879195,True,1.0,False,True,1.0,True,True,1.0,True,False,True,False,False,False,False,-1.0,True,-1.0,-1.0,0.6309523809523809,149.0,0.85,,2,False,False,False,False,False,Q3,<0.05R,10:30-11:00,widest,Wed
2024-02-08,up,True,18,0.125,3.3983286908077996,2,False,True,0.15086206896551724,0.5258620689655172,True,38.0,True,True,41.0,True,True,127.0,True,False,True,False,True,True,False,-1.0,True,1.0,-1.0,-0.27485380116959063,58.0,0.15,,3,True,True,False,False,False,Q4_strong,0.05-0.15R,10:30-11:00,narrowest,Thu
2024-02-09,up,True,1,0.013192612137203167,1.3029315960912053,1,False,False,,1.0686015831134565,True,1.0,True,True,64.0,True,False,,False,False,False,False,False,False,True,1.922879177377892,True,1.0,2.0,,94.75,0.5333333333333333,,4,True,True,True,False,False,Q1_weak,<0.05R,10:30-11:00,mid,Fri
2024-02-12,up,True,10,0.02857142857142857,0.44843049327354256,5,False,False,,1.6114285714285714,True,170.0,False,True,170.0,False,True,174.0,True,True,True,True,False,False,False,1.837837837837838,True,-1.0,-1.0,0.3057142857142857,43.75,0.03333333333333333,,0,True,True,True,True,False,Q1_weak,<0.05R,10:30-11:00,narrowest,Mon
2024-02-12,down,False,191,0.1657142857142857,1.7972350230414746,1,True,False,,1.6228571428571428,True,2.0,True,True,4.0,True,True,5.0,True,False,True,False,False,False,True,-1.0,True,-1.0,-1.0,-1.0,43.75,0.03333333333333333,,0,True,True,True,True,False,Q2,0.15-0.30R,after 13:30,narrowest,Mon
2024-02-13,up,True,0,0.03205128205128205,0.6842923794712287,8,False,True,0.05929487179487179,0.3141025641025641,True,2.0,True,True,2.0,True,True,117.0,True,True,True,True,True,False,False,-1.0,True,-1.0,-1.0,0.9711538461538461,156.0,0.8833333333333333,,1,True,False,False,False,False,Q1_weak,<0.05R,10:30-11:00,widest,Tue
2024-02-13,down,False,263,0.030448717948717948,1.1428571428571428,13,True,True,0.05448717948717949,0.28685897435897434,True,1.0,True,True,7.0,True,True,62.0,True,False,True,False,True,False,False,-1.0,True,-1.0,-1.0,0.10139165009940358,156.0,0.8833333333333333,,1,True,False,False,False,False,Q1_weak,<0.05R,after 13:30,widest,Tue
2024-02-14,down,True,30,0.1778846153846154,2.8468468468468466,2,False,True,0.1875,0.5072115384615384,True,23.0,True,True,23.0,True,True,31.0,True,True,True,True,True,False,False,-1.0,True,1.0,-1.0,-1.0,104.0,0.6,,2,True,True,False,False,False,Q3,0.15-0.30R,10:30-11:00,wide,Wed
2024-02-14,up,False,309,0.036057692307692304,2.4806201550387597,6,True,True,0.04807692307692308,0.38461538461538464,False,,False,False,,False,False,,False,False,False,False,True,False,True,0.33183856502242154,False,,,,104.0,0.6,,2,True,False,False,False,False,Q3,<0.05R,after 13:30,wide,Wed
2024-02-15,down,True,38,0.002352941176470588,1.7289719626168225,1,False,True,0.01411764705882353,0.15529411764705883,True,1.0,True,True,3.0,True,True,6.0,True,True,True,True,True,False,False,-1.0,True,-1.0,-1.0,3.588785046728972,106.25,0.6166666666666667,,3,False,False,False,False,False,Q2,<0.05R,11:00-12:00,wide,Thu
2024-02-15,up,False,168,0.0611764705882353,1.9230769230769231,4,True,True,0.04941176470588235,0.28,True,26.0,False,True,27.0,True,True,54.0,False,False,False,False,True,False,True,0.07127882599580712,True,0.2023529411764706,0.2023529411764706,-0.625615763546798,106.25,0.6166666666666667,,3,True,False,False,False,False,Q2,0.05-0.15R,12:00-13:30,wide,Thu
2024-02-20,down,True,0,0.08616780045351474,3.1475409836065573,3,False,True,0.03741496598639456,0.23129251700680273,True,3.0,True,True,3.0,True,True,14.0,True,False,True,False,True,False,False,-1.0,True,-1.0,-1.0,-1.0,220.5,1.0,,1,False,False,False,False,False,Q4_strong,0.05-0.15R,10:30-11:00,widest,Tue
2024-02-21,down,True,100,0.045307443365695796,3.4319526627218937,1,False,False,,0.9773462783171522,True,1.0,True,True,1.0,True,True,36.0,True,True,True,True,False,False,False,-1.0,True,-1.0,-1.0,-1.0,77.25,0.2833333333333333,,2,True,True,False,False,False,Q4_strong,<0.05R,12:00-13:30,narrow,Wed
2024-02-21,up,False,325,0.061488673139158574,2.1141649048625792,2,True,True,0.045307443365695796,0.22006472491909385,True,2.0,True,True,2.0,True,False,,False,False,False,False,True,False,True,0.15561959654178675,True,0.2977346278317152,0.2977346278317152,,77.25,0.2833333333333333,,2,False,False,False,False,False,Q3,0.05-0.15R,after 13:30,narrow,Wed
2024-02-22,up,True,48,0.03764705882352941,1.4254859611231103,4,False,False,,1.0988235294117648,True,1.0,True,True,2.0,True,True,30.0,False,False,False,False,False,False,True,1.7899343544857769,True,1.0,2.0,-1.0,106.25,0.6083333333333333,,3,True,True,True,False,False,Q2,<0.05R,11:00-12:00,wide,Thu
2024-02-23,down,True,0,0.0024752475247524753,0.7773851590106007,3,False,True,0.03712871287128713,0.9678217821782178,True,1.0,True,True,1.0,True,False,,False,False,False,False,True,False,True,1.1231527093596059,True,1.0,1.1336633663366336,,101.0,0.5333333333333333,,4,True,True,False,False,False,Q1_weak,<0.05R,10:30-11:00,mid,Fri
2024-02-26,up,True,82,0.029498525073746312,1.2121212121212122,3,False,True,0.02654867256637168,0.10324483775811209,True,1.0,True,True,6.0,True,True,8.0,True,False,True,False,True,False,False,-1.0,True,-1.0,-1.0,-1.0,84.75,0.35,,0,False,False,False,False,False,Q1_weak,<0.05R,11:00-12:00,narrow,Mon
2024-02-27,down,True,142,0.02185792349726776,2.3574144486692012,2,False,True,0.030054644808743168,0.3524590163934426,True,1.0,True,True,1.0,True,True,20.0,True,False,True,False,True,False,False,-1.0,True,-1.0,-1.0,1.5202312138728324,91.5,0.4666666666666667,,1,True,False,False,False,False,Q3,<0.05R,12:00-13:30,mid,Tue
2024-02-28,up,True,31,0.07446808510638298,2.2377622377622375,2,False,True,0.1879432624113475,0.40425531914893614,True,2.0,True,True,8.0,True,True,86.0,True,False,True,False,True,False,False,-1.0,True,-1.0,-1.0,0.21693121693121692,70.5,0.23333333333333334,,2,True,False,False,False,False,Q3,0.05-0.15R,11:00-12:00,narrow,Wed
2024-02-29,down,True,32,0.04371584699453552,1.5885947046843176,5,False,True,0.06284153005464481,0.9043715846994536,True,1.0,True,True,1.0,True,True,12.0,True,True,True,True,True,False,False,-1.0,True,1.0,-1.0,-1.0,91.5,0.475,,3,True,True,False,False,False,Q2,<0.05R,11:00-12:00,mid,Thu
2024-02-29,up,False,318,0.01092896174863388,2.7237354085603114,4,True,True,0.03278688524590164,0.40437158469945356,True,1.0,True,True,1.0,True,False,,False,False,False,False,True,False,False,-0.13903743315508021,True,-0.12021857923497267,-0.12021857923497267,,91.5,0.475,,3,True,False,False,False,False,Q3,<0.05R,after 13:30,mid,Thu
2024-03-01,up,True,31,0.021844660194174758,1.1564625850340136,3,False,True,0.019417475728155338,1.7087378640776698,False,,False,False,,False,False,,False,False,False,False,True,True,True,1.8744186046511628,False,,,,103.0,0.6,,4,True,True,True,True,False,Q1_weak,<0.05R,11:00-12:00,wide,Fri
2024-03-04,down,True,174,0.12385321100917432,2.9365079365079367,3,False,True,0.05963302752293578,0.5137614678899083,True,2.0,True,True,2.0,True,True,10.0,True,True,True,True,True,False,True,-1.0,True,-1.0,-1.0,1.6875,54.5,0.1,,0,True,True,False,False,False,Q3,0.05-0.15R,12:00-13:30,narrowest,Mon
2024-03-04,up,False,249,0.13761467889908258,4.125560538116591,7,True,False,,0.21559633027522937,True,1.0,False,True,1.0,True,True,56.0,True,True,True,True,False,False,False,-1.0,True,-1.0,-1.0,0.21559633027522937,54.5,0.1,,0,False,False,False,False,False,Q4_strong,0.05-0.15R,after 13:30,narrowest,Mon
2024-03-05,down,True,0,0.020491803278688523,1.7142857142857142,2,False,True,0.01092896174863388,0.6543715846994536,True,1.0,True,True,51.0,True,True,115.0,False,False,False,False,True,False,True,0.17585301837270342,True,1.0,0.22404371584699453,-1.0,183.0,0.95,,1,True,True,False,False,False,Q2,<0.05R,10:30-11:00,widest,Tue
2024-03-06,up,True,86,0.004601226993865031,1.329479768786127,5,False,False,,0.2929447852760736,True,1.0,True,True,2.0,True,True,97.0,True,False,True,False,False,False,False,-1.0,True,-1.0,-1.0,0.4092140921409214,163.0,0.9,,2,True,False,False,False,False,Q2,<0.05R,11:00-12:00,widest,Wed
2024-03-07,up,True,8,0.0625,1.7241379310344827,3,False,True,0.041666666666666664,1.0104166666666667,True,17.0,True,False,,False,False,,False,False,False,False,True,True,True,1.6666666666666667,True,1.0,2.0,,120.0,0.7666666666666667,,3,True,True,True,False,False,Q2,0.05-0.15R,10:30-11:00,wide,Thu
2024-03-08,down,True,38,0.005110732538330494,3.4405594405594404,2,True,True,0.14480408858603067,1.877342419080068,True,1.0,True,True,5.0,True,False,,False,False,False,False,False,False,True,1.96964586846543,True,1.0,2.0,,146.75,0.8,,4,True,True,True,True,False,Q4_strong,<0.05R,11:00-12:00,wide,Fri
2024-03-11,up,True,24,0.05656108597285068,2.1102362204724407,6,False,True,0.10407239819004525,0.20588235294117646,True,5.0,True,True,5.0,True,True,17.0,True,False,True,False,True,False,False,-1.0,True,-1.0,-1.0,-1.0,110.5,0.7,,0,False,False,False,False,False,Q3,0.05-0.15R,10:30-11:00,wide,Mon
2024-03-12,up,True,0,0.11384217335058215,2.857142857142857,3,False,True,0.09831824062095731,0.6403622250970246,True,127.0,True,True,127.0,True,True,133.0,False,False,False,False,True,False,True,0.7291886195995785,True,1.0,1.1228978007761967,-1.0,193.25,0.95,,1,True,True,False,False,False,Q3,0.05-0.15R,10:30-11:00,widest,Tue
2024-03-13,down,True,72,0.08070866141732283,2.2815533980582523,6,False,True,0.045275590551181105,0.16535433070866143,True,4.0,False,True,7.0,True,True,13.0,True,False,True,False,True,False,False,-1.0,True,-1.0,-1.0,-0.11363636363636363,127.0,0.7333333333333333,,2,False,False,False,False,False,Q3,0.05-0.15R,11:00-12:00,wide,Wed
2024-03-14,down,True,279,0.023106546854942234,1.5414258188824663,3,False,True,0.07188703465982028,0.21566110397946084,True,1.0,True,True,32.0,True,True,42.0,False,False,False,False,True,False,False,-0.7803680981595092,True,-0.7702182284980744,-0.7702182284980744,0.4268292682926829,194.75,0.95,,3,False,False,False,False,False,Q2,<0.05R,after 13:30,widest,Thu
2024-03-15,down,True,107,0.013745704467353952,2.254335260115607,2,False,True,0.00859106529209622,0.1563573883161512,True,1.0,True,True,1.0,True,True,4.0,True,False,True,False,True,False,False,-1.0,True,-1.0,-1.0,-1.0,145.5,0.75,,4,False,False,False,False,False,Q3,<0.05R,12:00-13:30,wide,Fri
2024-03-18,down,True,140,0.10628019323671498,4.761904761904762,3,False,True,0.06763285024154589,0.5652173913043478,True,33.0,True,True,33.0,True,True,96.0,False,False,False,False,True,False,True,0.5896414342629482,True,1.0,0.927536231884058,-1.0,103.5,0.5333333333333333,,0,True,True,False,False,False,Q4_strong,0.05-0.15R,12:00-13:30,mid,Mon
2024-03-19,up,True,62,0.0025188916876574307,1.0476190476190477,3,False,True,0.03526448362720403,1.3778337531486147,True,1.0,True,True,7.0,True,False,,False,False,False,False,True,False,True,1.9849624060150375,True,1.0,2.0,,99.25,0.4583333333333333,,1,True,True,True,False,False,Q1_weak,<0.05R,11:00-12:00,mid,Tue
2024-03-20,up,True,211,0.23098591549295774,7.942583732057416,3,True,True,0.4197183098591549,1.8394366197183099,True,2.0,True,True,8.0,False,False,,True,False,False,False,True,True,True,-1.0,True,1.0,-1.0,,88.75,0.36666666666666664,,2,True,True,True,True,False,Q4_strong,0.15-0.30R,after 13:30,narrow,Wed
2024-03-21,down,True,37,0.09337349397590361,1.9521912350597608,6,False,True,0.024096385542168676,0.8855421686746988,True,1.0,True,True,3.0,True,True,25.0,True,False,True,False,True,False,True,-1.0,True,-1.0,-1.0,-1.0,83.0,0.3,,3,True,True,False,False,False,Q2,0.05-0.15R,11:00-12:00,narrow,Thu
2024-03-22,up,True,140,0.026923076923076925,1.6600790513833992,2,False,True,0.06923076923076923,0.9384615384615385,True,142.0,False,True,142.0,False,True,146.0,False,False,False,False,True,True,True,0.15328467153284672,True,1.0,0.2153846153846154,-0.28,65.0,0.11666666666666667,,4,True,True,False,False,False,Q2,<0.05R,12:00-13:30,narrowest,Fri
2024-03-25,up,True,78,0.0550098231827112,3.3191489361702127,1,False,True,0.023575638506876228,0.2337917485265226,True,2.0,True,True,3.0,True,True,11.0,False,False,False,False,True,False,False,-0.5592920353982301,True,-0.5108055009823183,-0.5108055009823183,-1.0,127.25,0.7,,0,False,False,False,False,False,Q4_strong,0.05-0.15R,11:00-12:00,wide,Mon
2024-03-26,down,True,1,0.1487603305785124,1.8313253012048192,5,False,False,,1.7975206611570247,True,1.0,True,True,3.0,True,True,89.0,True,False,True,False,False,False,True,-1.0,True,-1.0,-1.0,-1.0,60.5,0.1,,1,True,True,True,True,False,Q2,0.05-0.15R,10:30-11:00,narrowest,Tue
2024-03-28,down,True,167,0.006134969325153374,0.7100591715976332,2,False,True,0.015337423312883436,0.10429447852760736,True,1.0,True,True,1.0,True,True,2.0,True,False,True,False,True,False,False,-1.0,True,-1.0,-1.0,-1.0,81.5,0.25833333333333336,,3,False,False,False,False,False,Q1_weak,<0.05R,12:00-13:30,narrow,Thu
2024-04-01,down,True,21,0.05622489959839357,1.628787878787879,2,False,True,0.06626506024096386,0.5461847389558233,True,5.0,True,True,16.0,True,True,303.0,False,False,False,False,True,False,False,-0.2851985559566787,True,1.0,-0.20481927710843373,-0.03293413173652695,124.5,0.6666666666666666,,0,True,True,False,False,False,Q2,0.05-0.15R,10:30-11:00,wide,Mon
2024-04-02,up,True,152,0.011049723756906077,0.6293706293706294,2,False,False,,0.6077348066298343,True,1.0,True,True,3.0,True,True,9.0,False,False,False,False,False,False,True,0.8108108108108109,True,1.0,0.850828729281768,-1.0,90.5,0.36666666666666664,,1,True,True,False,False,False,Q1_weak,<0.05R,12:00-13:30,narrow,Tue
2024-04-03,up,True,3,0.002793296089385475,0.851063829787234,1,False,False,,0.1857541899441341,True,1.0,True,True,1.0,True,True,4.0,True,False,True,False,False,False,False,-1.0,True,-1.0,-1.0,-1.0,179.0,0.8833333333333333,,2,False,False,False,False,False,Q1_weak,<0.05R,10:30-11:00,widest,Wed
2024-04-04,down,True,42,0.006153846153846154,4.857142857142857,2,False,True,0.05846153846153846,5.138461538461539,True,1.0,True,True,1.0,True,True,17.0,True,False,True,False,True,False,True,-1.0,True,-1.0,-1.0,-1.0,81.25,0.25,,3,True,True,True,True,True,Q4_strong,<0.05R,11:00-12:00,narrow,Thu
2024-04-05,up,True,19,0.10833333333333334,3.471971066907776,3,False,True,0.10666666666666667,1.0383333333333333,True,26.0,True,True,27.0,True,False,,False,False,False,False,True,False,True,1.4657534246575343,True,1.0,2.0,,150.0,0.7833333333333333,,4,True,True,True,False,False,Q4_strong,0.05-0.15R,10:30-11:00,wide,Fri
2024-04-08,up,True,0,0.15903614457831325,3.3566433566433567,3,False,True,0.10361445783132531,0.3349397590361446,True,13.0,True,True,32.0,True,True,32.0,True,False,True,False,True,False,False,-1.0,True,-1.0,-1.0,0.7752808988764045,103.75,0.5166666666666667,,0,True,False,False,False,False,Q4_strong,0.15-0.30R,10:30-11:00,mid,Mon
2024-04-09,down,True,0,0.1895910780669145,5.831702544031311,8,False,True,0.16356877323420074,0.8159851301115242,True,79.0,False,True,90.0,False,True,329.0,True,False,True,False,True,False,False,-1.0,True,-1.0,-1.0,,134.5,0.7,,1,True,True,False,False,False,Q4_strong,0.15-0.30R,10:30-11:00,wide,Tue
2024-04-10,up,True,8,0.14962593516209477,3.1578947368421053,1,False,True,0.10473815461346633,0.2593516209476309,True,2.0,False,True,6.0,True,True,6.0,True,False,True,False,True,False,False,-1.0,True,-1.0,-1.0,0.13333333333333333,100.25,0.45,,2,True,False,False,False,False,Q4_strong,0.05-0.15R,10:30-11:00,mid,Wed
2024-04-11,up,True,71,0.1076555023923445,2.8493150684931505,2,False,True,0.05502392344497608,2.3421052631578947,True,2.0,True,True,2.0,True,True,3.0,False,False,False,False,True,False,True,1.468503937007874,True,1.0,2.0,-1.0,104.5,0.5666666666666667,,3,True,True,True,True,True,Q3,0.05-0.15R,11:00-12:00,mid,Thu
2024-04-12,down,True,6,0.16568047337278108,3.1264367816091956,1,False,True,0.16568047337278108,1.6390532544378698,True,53.0,True,True,53.0,False,True,53.0,False,False,False,False,True,False,True,1.2533333333333334,True,1.0,2.0,-1.0,84.5,0.3,,4,True,True,True,True,False,Q4_strong,0.15-0.30R,10:30-11:00,narrow,Fri
2024-04-15,down,True,23,0.06418918918918919,1.8156808803301236,1,False,True,0.016891891891891893,2.3614864864864864,True,3.0,True,True,3.0,True,True,40.0,False,False,False,False,True,False,True,1.658682634730539,True,1.0,2.0,-1.0,148.0,0.7833333333333333,,0,True,True,True,True,True,Q2,0.05-0.15R,10:30-11:00,wide,Mon
2024-04-16,up,True,84,0.0136986301369863,2.2857142857142856,5,False,True,0.06164383561643835,0.5159817351598174,True,1.0,True,True,1.0,True,True,5.0,True,True,True,True,True,False,False,-1.0,True,-1.0,-1.0,1.4891304347826086,109.5,0.6166666666666667,,1,True,True,False,False,False,Q3,<0.05R,11:00-12:00,wide,Tue
2024-04-17,down,True,22,0.12727272727272726,2.563338301043219,4,False,True,0.17520661157024794,1.2760330578512398,True,8.0,True,True,8.0,True,False,,False,False,False,False,True,False,True,1.391304347826087,True,1.0,2.0,,151.25,0.8166666666666667,,2,True,True,True,False,False,Q3,0.05-0.15R,10:30-11:00,widest,Wed
2024-04-18,up,True,5,0.045364891518737675,1.3465346534653466,4,False,True,0.03944773175542406,0.5305719921104537,True,6.0,True,True,92.0,False,True,119.0,True,True,True,True,True,False,False,-1.0,True,1.0,-1.0,0.9595959595959596,126.75,0.65,,3,True,True,False,False,False,Q2,<0.05R,10:30-11:00,wide,Thu
2024-04-18,down,False,174,0.09467455621301775,3.68763557483731,5,True,False,,0.2406311637080868,True,1.0,True,True,1.0,True,True,5.0,False,False,False,False,False,False,True,-0.06633499170812604,True,0.11045364891518737,0.11045364891518737,-1.0,126.75,0.65,,3,False,False,False,False,False,Q4_strong,0.05-0.15R,12:00-13:30,wide,Thu
2024-04-19,down,True,49,0.007102272727272727,1.7097415506958251,2,False,True,0.008522727272727272,1.2940340909090908,True,1.0,True,True,11.0,True,False,,False,False,False,False,True,True,True,1.9579831932773109,True,1.0,2.0,,176.0,0.8833333333333333,,4,True,True,True,False,False,Q2,<0.05R,11:00-12:00,widest,Fri
2024-04-22,down,True,22,0.021775544388609715,1.4912280701754386,6,False,True,0.020100502512562814,0.22613065326633167,True,2.0,True,True,7.0,True,True,45.0,True,True,True,True,True,False,False,-1.0,True,-1.0,-1.0,1.3312101910828025,149.25,0.7666666666666667,,0,False,False,False,False,False,Q2,<0.05R,10:30-11:00,wide,Mon
2024-04-22,up,False,177,0.011725293132328308,0.6896551724137931,4,True,True,0.038525963149078725,0.7805695142378559,True,1.0,True,True,1.0,True,False,,False,False,False,False,True,False,True,0.22585924713584288,True,1.0,0.254606365159129,,149.25,0.7666666666666667,,0,True,True,False,False,False,Q1_weak,<0.05R,12:00-13:30,wide,Mon
2024-04-23,up,True,0,0.07643312101910828,2.700587084148728,1,False,True,0.07165605095541401,0.5509554140127388,True,15.0,True,True,15.0,True,True,15.0,False,False,False,False,True,False,True,0.26795580110497236,True,1.0,0.46178343949044587,-1.0,157.0,0.8166666666666667,,1,True,True,False,False,False,Q3,0.05-0.15R,10:30-11:00,widest,Tue
2024-04-24,down,True,9,0.01488095238095238,3.132530120481928,1,False,False,,1.7172619047619047,True,1.0,True,True,1.0,True,False,,False,False,False,False,False,False,True,1.9132947976878614,True,1.0,2.0,,84.0,0.2,,2,True,True,True,True,False,Q4_strong,<0.05R,10:30-11:00,narrow,Wed
2024-04-25,up,True,111,0.07387387387387387,3.550561797752809,2,False,True,0.06846846846846846,1.1387387387387387,True,2.0,True,False,,False,False,,False,False,False,False,True,True,True,1.6138147566718994,True,1.0,2.0,,138.75,0.6666666666666666,,3,True,True,True,False,False,Q4_strong,0.05-0.15R,12:00-13:30,wide,Thu
2024-04-26,up,True,18,0.023222060957910014,1.680672268907563,3,False,True,0.04934687953555878,0.35413642960812775,True,2.0,True,True,2.0,True,False,,False,False,False,False,True,False,False,-0.05825242718446602,True,-0.01451378809869376,-0.01451378809869376,,172.25,0.8666666666666667,,4,True,False,False,False,False,Q2,<0.05R,10:30-11:00,widest,Fri
2024-04-29,down,True,273,0.1134453781512605,3.6458333333333335,4,False,True,0.07142857142857142,0.32563025210084034,True,6.0,False,True,11.0,True,True,50.0,True,False,True,False,True,False,False,-1.0,True,-1.0,-1.0,0.1636828644501279,119.0,0.5166666666666667,,0,True,False,False,False,False,Q4_strong,0.05-0.15R,after 13:30,mid,Mon
2024-04-30,down,True,0,0.021052631578947368,0.45714285714285713,8,False,True,0.11228070175438597,3.656140350877193,True,1.0,True,True,1.0,True,True,15.0,True,False,True,False,True,False,True,-1.0,True,-1.0,-1.0,-1.0,71.25,0.11666666666666667,,1,True,True,True,True,True,Q1_weak,<0.05R,10:30-11:00,narrowest,Tue
2024-05-01,down,True,47,0.01634877384196185,1.8487394957983192,4,False,True,0.10899182561307902,0.2888283378746594,True,3.0,True,True,4.0,True,True,17.0,True,True,True,True,True,False,False,-1.0,True,-1.0,-1.0,-1.0,91.75,0.31666666666666665,,2,True,False,False,False,False,Q2,<0.05R,11:00-12:00,narrow,Wed
2024-05-01,up,False,214,0.005449591280653951,3.186646433990895,1,True,False,,3.005449591280654,True,1.0,True,True,1.0,True,True,3.0,True,True,True,True,False,False,False,-1.0,True,-1.0,-1.0,-1.0,91.75,0.31666666666666665,,2,True,True,True,True,True,Q4_strong,<0.05R,after 13:30,narrow,Wed
2024-05-02,up,True,179,0.010404624277456647,1.0344827586206897,3,False,True,0.012716763005780347,0.3838150289017341,True,3.0,True,True,3.0,True,True,6.0,False,False,False,False,True,False,True,0.3941109852774632,True,0.423121387283237,0.423121387283237,-1.0,216.25,0.9833333333333333,,3,True,False,False,False,False,Q1_weak,<0.05R,12:00-13:30,widest,Thu
2024-05-06,up,True,76,0.013468013468013467,1.5126050420168067,3,False,True,0.006734006734006734,1.0942760942760943,True,1.0,True,True,1.0,True,True,14.0,True,False,True,False,True,False,True,-1.0,True,-1.0,-1.0,-1.0,74.25,0.11666666666666667,,0,True,True,True,False,False,Q2,<0.05R,11:00-12:00,narrowest,Mon
2024-05-07,up,True,25,0.018433179723502304,0.896551724137931,3,False,True,0.07834101382488479,0.5576036866359447,True,38.0,True,True,39.0,False,True,173.0,True,True,True,True,True,True,False,-1.0,True,1.0,-1.0,1.0239520958083832,54.25,0.03333333333333333,,1,True,True,False,False,False,Q1_weak,<0.05R,10:30-11:00,narrowest,Tue
2024-05-07,down,False,237,0.004608294930875576,0.2346041055718475,2,True,False,,0.28110599078341014,True,1.0,True,True,1.0,True,True,3.0,True,False,True,False,False,False,False,-1.0,True,-1.0,-1.0,-1.0,54.25,0.03333333333333333,,1,True,False,False,False,False,Q1_weak,<0.05R,after 13:30,narrowest,Tue
2024-05-08,up,True,11,0.013207547169811321,2.893617021276596,3,False,True,0.045283018867924525,0.2358490566037736,True,1.0,True,True,24.0,True,True,29.0,True,False,True,False,True,False,False,-1.0,True,-1.0,-1.0,0.3699421965317919,132.5,0.6333333333333333,,2,False,False,False,False,False,Q3,<0.05R,10:30-11:00,wide,Wed
2024-05-09,up,True,8,0.03412073490813648,2.6455026455026456,2,False,True,0.06036745406824147,0.3700787401574803,True,1.0,True,True,4.0,True,True,78.0,False,False,False,False,True,False,True,0.16707616707616707,True,0.24671916010498687,0.24671916010498687,-1.0,95.25,0.3333333333333333,,3,True,False,False,False,False,Q3,<0.05R,10:30-11:00,narrow,Thu
2024-05-10,down,True,0,0.04693877551020408,2.163355408388521,7,False,True,0.02857142857142857,0.3020408163265306,True,1.0,True,True,2.0,True,True,289.0,False,False,False,False,True,False,False,-0.5149253731343284,True,-0.46938775510204084,-0.46938775510204084,-0.09931506849315068,122.5,0.5666666666666667,,4,True,False,False,False,False,Q3,<0.05R,10:30-11:00,mid,Fri
2024-05-13,down,True,160,0.03273809523809524,0.8163265306122449,2,False,False,,0.20535714285714285,True,1.0,False,True,1.0,True,True,1.0,True,False,True,False,False,False,False,-1.0,True,-1.0,-1.0,1.4059405940594059,84.0,0.20833333333333334,,0,False,False,False,False,False,Q1_weak,<0.05R,12:00-13:30,narrow,Mon
2024-05-14,up,True,224,0.047505938242280284,4.327485380116959,8,False,True,0.07600950118764846,0.5914489311163895,True,16.0,True,False,,False,False,,False,False,False,False,True,True,True,0.6160520607375272,True,1.0,0.7695961995249406,,105.25,0.48333333333333334,,1,True,True,False,False,False,Q4_strong,<0.05R,after 13:30,mid,Tue
2024-05-15,up,True,3,0.020887728459530026,1.1072664359861593,2,False,True,0.031331592689295036,1.7180156657963446,True,1.0,True,False,,False,False,,False,False,False,False,True,False,True,1.8796992481203008,True,1.0,2.0,,95.75,0.36666666666666664,,2,True,True,True,True,False,Q1_weak,<0.05R,10:30-11:00,narrow,Wed
2024-05-16,up,True,14,0.0392156862745098,0.9090909090909091,4,False,True,0.024509803921568627,0.7401960784313726,True,1.0,True,True,82.0,False,True,82.0,True,True,True,True,True,False,False,-1.0,True,1.0,-1.0,0.9722222222222222,51.0,0.016666666666666666,,3,True,True,False,False,False,Q1_weak,<0.05R,10:30-11:00,narrowest,Thu
2024-05-16,down,False,224,0.10294117647058823,4.362139917695473,3,True,True,0.14215686274509803,0.553921568627451,True,3.0,True,True,3.0,True,True,7.0,True,False,True,False,True,False,True,-1.0,True,-1.0,-1.0,-1.0,51.0,0.016666666666666666,,3,True,True,False,False,False,Q4_strong,0.05-0.15R,after 13:30,narrowest,Thu
2024-05-17,up,True,3,0.05851063829787234,1.033210332103321,2,False,True,0.03723404255319149,0.20212765957446807,True,4.0,True,True,4.0,True,True,27.0,True,True,True,True,True,False,False,-1.0,True,-1.0,-1.0,2.054054054054054,47.0,0.016666666666666666,,4,False,False,False,False,False,Q1_weak,0.05-0.15R,10:30-11:00,narrowest,Fri
2024-05-17,down,False,169,0.1276595744680851,3.9823008849557517,2,True,True,0.1276595744680851,1.6063829787234043,True,3.0,True,True,7.0,True,True,121.0,False,False,False,False,True,False,False,1.3898305084745763,True,1.0,2.0,0.0935672514619883,47.0,0.016666666666666666,,4,True,True,True,True,False,Q4_strong,0.05-0.15R,12:00-13:30,narrowest,Fri
2024-05-20,up,True,12,0.012170385395537525,0.9649122807017544,3,False,False,,0.2920892494929006,True,1.0,True,True,2.0,True,True,15.0,False,False,False,False,False,False,True,0.09900990099009901,True,0.1257606490872211,0.1257606490872211,-1.0,123.25,0.6,,0,True,False,False,False,False,Q1_weak,<0.05R,10:30-11:00,wide,Mon
2024-05-21,up,True,0,0.04672897196261682,1.1555555555555554,7,False,True,0.06074766355140187,1.4439252336448598,True,82.0,True,False,,False,False,,False,False,False,False,True,False,True,1.7435897435897436,True,1.0,2.0,,53.5,0.05,,1,True,True,True,False,False,Q1_weak,<0.05R,10:30-11:00,narrowest,Tue
2024-05-22,up,True,35,0.017045454545454544,1.707317073170732,4,False,True,0.10227272727272728,0.13636363636363635,True,1.0,True,True,3.0,True,True,45.0,True,True,True,True,True,False,False,-1.0,True,-1.0,-1.0,0.8691588785046729,44.0,0.016666666666666666,,2,False,False,False,False,False,Q2,<0.05R,11:00-12:00,narrowest,Wed
2024-05-22,down,False,187,0.30113636363636365,6.086956521739131,3,True,True,0.2215909090909091,2.375,True,142.0,False,True,142.0,False,False,,False,False,False,False,False,False,False,0.8723404255319149,True,-0.22727272727272727,-0.22727272727272727,,44.0,0.016666666666666666,,2,True,True,True,True,True,Q4_strong,>0.30R,after 13:30,narrowest,Wed
2024-05-23,down,True,24,0.02249134948096886,1.336405529953917,9,False,True,0.04844290657439446,1.4982698961937717,True,1.0,True,True,7.0,True,True,15.0,True,False,True,False,True,False,True,-1.0,True,-1.0,-1.0,-1.0,144.5,0.7166666666666667,,3,True,True,True,False,False,Q2,<0.05R,10:30-11:00,wide,Thu
2024-05-24,up,True,1,0.011848341232227487,1.5,1,False,False,,0.8341232227488151,True,1.0,True,True,2.0,True,True,5.0,False,False,False,False,False,False,True,0.6481481481481481,True,1.0,0.6872037914691943,-1.0,105.5,0.48333333333333334,,4,True,True,False,False,False,Q2,<0.05R,10:30-11:00,mid,Fri
2024-05-28,up,True,135,0.015384615384615385,0.9836065573770492,2,False,False,,0.09230769230769231,True,1.0,True,True,4.0,True,True,4.0,True,True,True,True,False,False,True,-1.0,True,-1.0,-1.0,-1.0,97.5,0.36666666666666664,,1,False,False,False,False,False,Q1_weak,<0.05R,12:00-13:30,narrow,Tue
2024-05-28,down,False,247,0.09487179487179487,2.059620596205962,11,True,False,,0.2,True,3.0,False,True,3.0,True,True,48.0,True,True,True,True,False,False,False,-1.0,True,-1.0,-1.0,0.5864406779661017,97.5,0.36666666666666664,,1,False,False,False,False,False,Q2,0.05-0.15R,after 13:30,narrow,Tue
2024-05-29,up,True,4,0.00234192037470726,0.04962779156327544,2,False,False,,0.11241217798594848,True,1.0,True,True,1.0,True,True,11.0,True,False,True,False,False,False,False,-1.0,True,-1.0,-1.0,-1.0,106.75,0.48333333333333334,,2,False,False,False,False,False,Q1_weak,<0.05R,10:30-11:00,mid,Wed
2024-05-30,down,True,8,0.1378299120234604,4.104046242774566,2,False,True,0.10850439882697947,1.6187683284457477,True,55.0,True,True,56.0,False,True,87.0,True,False,True,False,True,False,True,-1.0,True,-1.0,-1.0,-1.0,85.25,0.26666666666666666,,3,True,True,True,True,False,Q4_strong,0.05-0.15R,10:30-11:00,narrow,Thu
2024-05-31,down,True,0,0.06466512702078522,2.1361815754339117,3,False,True,0.04849884526558892,0.8025404157043879,True,294.0,False,True,294.0,False,True,310.0,True,False,True,False,True,False,False,-1.0,True,-1.0,-1.0,0.7258454106280193,216.5,1.0,,4,True,True,False,False,False,Q3,0.05-0.15R,10:30-11:00,widest,Fri
2024-06-03,down,True,16,0.05909090909090909,1.120331950207469,5,False,True,0.1431818181818182,1.9068181818181817,True,313.0,False,True,313.0,False,False,,False,False,False,False,True,False,False,1.6829268292682926,True,-0.1318181818181818,-0.1318181818181818,,110.0,0.5333333333333333,,0,True,True,True,True,False,Q1_weak,0.05-0.15R,10:30-11:00,mid,Mon
2024-06-04,up,True,225,0.11428571428571428,4.591439688715954,2,False,True,0.12467532467532468,0.9272727272727272,True,47.0,False,True,49.0,False,True,49.0,False,False,False,False,True,True,True,0.452431289640592,True,1.0,0.7844155844155845,-0.4900990099009901,96.25,0.36666666666666664,,1,True,True,False,False,False,Q4_strong,0.05-0.15R,after 13:30,narrow,Tue
2024-06-05,up,True,0,0.10372340425531915,2.640449438202247,4,False,True,0.11436170212765957,1.9734042553191489,False,,False,False,,False,False,,False,False,False,False,True,True,True,1.4845814977973568,False,,,,94.0,0.3333333333333333,,2,True,True,True,True,False,Q3,0.05-0.15R,10:30-11:00,narrow,Wed
2024-06-06,down,True,219,0.0748502994011976,2.25609756097561,9,False,True,0.0029940119760479044,0.17964071856287425,True,1.0,True,True,1.0,True,False,,True,False,False,False,True,False,False,-1.0,True,-1.0,-1.0,,83.5,0.21666666666666667,,3,False,False,False,False,False,Q3,0.05-0.15R,after 13:30,narrow,Thu
2024-06-07,up,True,7,0.006896551724137931,3.102310231023102,4,False,True,0.08275862068965517,1.2413793103448276,True,1.0,True,True,1.0,True,True,30.0,True,False,True,False,True,False,False,-1.0,True,1.0,-1.0,-1.0,72.5,0.15,,4,True,True,True,False,False,Q4_strong,<0.05R,10:30-11:00,narrowest,Fri
2024-06-10,up,True,1,0.03765690376569038,0.6175771971496437,7,False,False,,1.5439330543933054,True,1.0,True,True,1.0,True,False,,False,False,False,False,False,False,True,1.7898832684824904,True,1.0,2.0,,59.75,0.1,,0,True,True,True,True,False,Q1_weak,<0.05R,10:30-11:00,narrowest,Mon
2024-06-11,up,True,9,0.00516795865633075,1.6447368421052633,2,False,False,,1.6149870801033592,True,1.0,True,True,64.0,True,True,64.0,False,False,False,False,False,False,True,1.969309462915601,True,1.0,2.0,-1.0,96.75,0.45,,1,True,True,True,True,False,Q2,<0.05R,10:30-11:00,mid,Tue
2024-06-12,up,True,3,0.004431314623338257,1.124260355029586,2,False,False,,0.26440177252584934,True,1.0,True,True,1.0,True,True,3.0,True,False,True,False,False,False,False,-1.0,True,-1.0,-1.0,-1.0,169.25,0.9,,2,True,False,False,False,False,Q1_weak,<0.05R,10:30-11:00,widest,Wed
2024-06-13,down,True,111,0.017475728155339806,2.481203007518797,1,False,True,0.04854368932038835,0.26990291262135924,True,11.0,False,True,12.0,True,True,37.0,True,False,True,False,True,False,False,-1.0,True,-1.0,-1.0,0.7535545023696683,128.75,0.7166666666666667,,3,True,False,False,False,False,Q3,<0.05R,12:00-13:30,wide,Thu
2024-06-14,up,True,163,0.043835616438356165,1.516245487364621,2,False,True,0.030136986301369864,0.4821917808219178,True,5.0,True,True,5.0,True,True,62.0,False,False,False,False,True,False,True,0.7052896725440806,True,0.8547945205479452,0.8547945205479452,-1.0,91.25,0.35,,4,True,False,False,False,False,Q2,<0.05R,12:00-13:30,narrow,Fri
2024-06-17,up,True,30,0.06875,2.9429429429429432,2,False,True,0.05625,3.590625,True,1.0,True,False,,False,False,,False,False,False,False,True,True,True,1.6373626373626373,True,1.0,2.0,,80.0,0.2,,0,True,True,True,True,True,Q3,0.05-0.15R,10:30-11:00,narrow,Mon
2024-06-18,down,True,15,0.0958904109589041,1.8461538461538463,2,False,False,,0.680365296803653,True,1.0,True,True,1.0,True,True,1.0,True,True,True,True,False,False,False,-1.0,True,1.0,-1.0,-1.0,54.75,0.1,,1,True,True,False,False,False,Q2,0.05-0.15R,10:30-11:00,narrowest,Tue
2024-06-18,up,False,197,0.0867579908675799,1.4760147601476015,5,True,False,,0.1917808219178082,True,4.0,False,True,4.0,True,True,12.0,True,True,True,True,False,False,False,-1.0,True,-1.0,-1.0,1.4166666666666667,54.75,0.1,,1,False,False,False,False,False,Q2,0.05-0.15R,after 13:30,narrowest,Tue
2024-06-20,down,True,112,0.04835924006908463,4.747774480712166,1,False,True,0.08981001727115717,1.1070811744386875,False,,False,False,,False,False,,False,False,False,False,False,False,True,1.7354330708661416,False,,,,144.75,0.7833333333333333,,3,True,True,True,False,False,Q4_strong,<0.05R,12:00-13:30,wide,Thu
2024-06-21,up,True,49,0.04835164835164835,2.669789227166276,4,False,True,0.035164835164835165,0.3934065934065934,True,1.0,True,True,2.0,True,True,9.0,True,False,True,False,True,False,False,-1.0,True,-1.0,-1.0,-1.0,113.75,0.6,,4,True,False,False,False,False,Q3,<0.05R,11:00-12:00,wide,Fri
2024-06-24,down,True,14,0.04660194174757282,1.0101010101010102,3,False,True,0.08155339805825243,0.9805825242718447,True,1.0,True,True,2.0,True,True,15.0,True,False,True,False,True,False,True,-1.0,True,-1.0,-1.0,-1.0,128.75,0.7083333333333334,,0,True,True,False,False,False,Q1_weak,<0.05R,10:30-11:00,wide,Mon
2024-06-25,up,True,36,0.037825059101654845,3.8378378378378377,1,False,True,0.03309692671394799,0.7872340425531915,True,1.0,True,True,1.0,True,True,101.0,True,False,True,False,True,False,True,-1.0,True,1.0,-1.0,-1.0,105.75,0.5333333333333333,,1,True,True,False,False,False,Q4_strong,<0.05R,11:00-12:00,mid,Tue
2024-06-26,down,True,41,0.016706443914081145,2.5538971807628523,3,False,True,0.03818615751789976,0.06921241050119331,True,1.0,False,True,1.0,True,True,9.0,True,True,True,True,True,False,False,-1.0,True,-1.0,-1.0,0.8666666666666667,104.75,0.5,,2,False,False,False,False,False,Q3,<0.05R,11:00-12:00,mid,Wed
2024-06-26,up,False,84,0.02386634844868735,4.96042216358839,1,True,True,0.07159904534606205,0.03818615751789976,True,1.0,True,True,1.0,True,True,12.0,True,False,True,False,True,False,False,-1.0,True,-1.0,-1.0,-0.14678899082568808,104.75,0.5,,2,False,False,False,False,False,Q4_strong,<0.05R,11:00-12:00,mid,Wed
2024-06-27,down,True,58,0.06496062992125984,8.378378378378377,3,False,True,0.09645669291338582,0.281496062992126,True,1.0,True,True,1.0,True,True,42.0,True,False,True,False,True,False,False,-1.0,True,-1.0,-1.0,0.3574007220216607,127.0,0.6833333333333333,,3,True,False,False,False,False,Q4_strong,0.05-0.15R,11:00-12:00,wide,Thu
2024-06-28,down,True,106,0.022435897435897436,3.775510204081632,2,False,True,0.05235042735042735,0.5683760683760684,True,1.0,True,True,5.0,True,True,9.0,False,False,False,False,True,False,True,0.8302658486707567,True,1.0,0.9123931623931624,-1.0,234.0,1.0,,4,True,True,False,False,False,Q4_strong,<0.05R,12:00-13:30,widest,Fri
2024-07-01,up,True,98,0.03017241379310345,2.7817745803357314,1,False,True,0.05747126436781609,0.507183908045977,True,75.0,True,True,75.0,True,False,,False,False,False,False,True,True,True,0.6260162601626016,True,1.0,0.7241379310344828,,174.0,0.9333333333333333,,0,True,True,False,False,False,Q3,<0.05R,12:00-13:30,widest,Mon
2024-07-02,up,True,20,0.05979381443298969,2.642998027613412,3,False,True,0.04742268041237113,1.3298969072164948,True,1.0,True,True,1.0,True,False,,False,False,False,False,True,False,True,1.6795580110497237,True,1.0,2.0,,121.25,0.6166666666666667,,1,True,True,True,False,False,Q3,0.05-0.15R,10:30-11:00,wide,Tue
2024-07-05,up,True,18,0.017241379310344827,2.9629629629629632,1,False,True,0.036637931034482756,0.8211206896551724,True,1.0,True,True,1.0,True,True,11.0,False,False,False,False,True,False,True,1.2583333333333333,True,1.0,1.3362068965517242,-1.0,116.0,0.5833333333333334,,4,True,True,False,False,False,Q3,<0.05R,10:30-11:00,mid,Fri
2024-07-08,down,True,6,0.00881057268722467,2.458628841607565,2,False,True,0.12334801762114538,0.15418502202643172,True,1.0,False,True,1.0,True,True,27.0,True,True,True,True,True,False,False,-1.0,True,-1.0,-1.0,0.8321678321678322,56.75,0.11666666666666667,,0,False,False,False,False,False,Q3,<0.05R,10:30-11:00,narrowest,Mon
2024-07-08,up,False,52,0.15859030837004406,4.078431372549019,6,True,True,0.11013215859030837,0.6079295154185022,True,4.0,True,True,4.0,True,True,47.0,True,False,True,False,True,False,True,-1.0,True,-1.0,-1.0,-1.0,56.75,0.11666666666666667,,0,True,True,False,False,False,Q4_strong,0.15-0.30R,11:00-12:00,narrowest,Mon
2024-07-09,down,True,1,0.06687898089171974,1.171303074670571,4,False,True,0.012738853503184714,0.9872611464968153,True,1.0,True,True,1.0,True,True,6.0,True,False,True,False,True,False,True,-1.0,True,-1.0,-1.0,-1.0,78.5,0.2,,1,True,True,False,False,False,Q1_weak,0.05-0.15R,10:30-11:00,narrow,Tue
2024-07-10,down,True,30,0.01,1.8716577540106953,3,False,True,0.043333333333333335,0.24666666666666667,True,1.0,True,True,7.0,True,True,25.0,True,True,True,True,True,False,False,-1.0,True,-1.0,-1.0,1.3375,75.0,0.2,,2,False,False,False,False,False,Q2,<0.05R,10:30-11:00,narrow,Wed
2024-07-10,up,False,112,0.06,3.896103896103896,3,True,True,0.02,1.6033333333333333,True,1.0,True,False,,False,False,,False,False,False,False,True,True,True,1.6785714285714286,True,1.0,2.0,,75.0,0.2,,2,True,True,True,True,False,Q4_strong,0.05-0.15R,12:00-13:30,narrow,Wed
2024-07-11,down,True,13,0.0020387359836901123,0.9824561403508771,1,False,True,0.022426095820591234,1.1406727828746177,True,1.0,True,True,4.0,True,False,,False,False,False,False,True,False,True,1.9878172588832488,True,1.0,2.0,,245.25,1.0,,3,True,True,True,False,False,Q1_weak,<0.05R,10:30-11:00,widest,Thu
2024-07-12,up,True,3,0.02009273570324575,2.072936660268714,4,False,True,0.09428129829984544,0.9520865533230294,True,2.0,True,True,94.0,True,True,317.0,False,False,False,False,True,False,False,-0.5913818722139673,True,1.0,-0.5749613601236476,-0.10391061452513967,161.75,0.8666666666666667,,4,True,True,False,False,False,Q3,<0.05R,10:30-11:00,widest,Fri
2024-07-15,up,True,0,0.05673758865248227,3.2131147540983607,4,False,True,0.04964539007092199,1.0354609929078014,True,3.0,True,True,75.0,False,True,76.0,True,True,True,True,True,True,False,1.694267515923567,True,1.0,2.0,0.6525911708253359,105.75,0.5083333333333333,,0,True,True,True,False,False,Q4_strong,0.05-0.15R,10:30-11:00,mid,Mon
2024-07-15,down,False,183,0.030732860520094562,2.9063097514340344,2,True,False,,0.7139479905437353,True,1.0,True,True,2.0,True,True,57.0,True,False,True,False,False,False,False,-1.0,True,-1.0,-1.0,-1.0,105.75,0.5083333333333333,,0,True,True,False,False,False,Q3,<0.05R,after 13:30,mid,Mon
2024-07-16,down,True,107,0.03391959798994975,1.4285714285714286,3,False,True,0.10427135678391959,0.10552763819095477,True,1.0,True,True,1.0,True,True,32.0,True,False,True,False,True,False,False,-1.0,True,-1.0,-1.0,1.3788546255506609,199.0,0.9333333333333333,,1,False,False,False,False,False,Q2,<0.05R,12:00-13:30,widest,Tue
2024-07-17,down,True,56,0.0027210884353741495,0.6861499364675985,4,False,True,0.0653061224489796,0.5986394557823129,True,1.0,True,True,1.0,True,False,,False,False,False,False,True,False,True,1.1393775372124493,True,1.0,1.1510204081632653,,183.75,0.9166666666666666,,2,True,True,False,False,False,Q1_weak,<0.05R,11:00-12:00,widest,Wed
2024-07-18,down,True,1,0.1969111969111969,4.0124416796267495,6,False,True,0.21235521235521235,2.0154440154440154,True,23.0,True,False,,False,False,,False,False,False,False,False,False,True,1.1523545706371192,True,1.0,2.0,,129.5,0.7166666666666667,,3,True,True,True,True,True,Q4_strong,0.15-0.30R,10:30-11:00,wide,Thu
2024-07-19,down,True,2,0.046413502109704644,1.4107883817427385,2,False,True,0.0379746835443038,0.8143459915611815,True,1.0,True,True,3.0,True,True,7.0,False,False,False,False,True,False,True,0.8108108108108109,True,1.0,0.9789029535864979,-1.0,177.75,0.9,,4,True,True,False,False,False,Q2,<0.05R,10:30-11:00,widest,Fri
2024-07-22,down,True,49,0.010416666666666666,0.8835341365461847,1,False,False,,0.5069444444444444,True,1.0,True,True,2.0,True,True,60.0,True,True,True,True,False,False,False,-1.0,True,1.0,-1.0,1.5159420289855072,144.0,0.7666666666666667,,0,True,True,False,False,False,Q1_weak,<0.05R,11:00-12:00,wide,Mon
2024-07-22,up,False,219,0.019097222222222224,2.4806201550387597,3,True,True,0.043402777777777776,0.125,True,1.0,True,True,1.0,True,True,51.0,False,False,False,False,True,False,False,-0.4180602006688963,True,-0.3958333333333333,-0.3958333333333333,-0.041237113402061855,144.0,0.7666666666666667,,0,False,False,False,False,False,Q3,<0.05R,after 13:30,wide,Mon
2024-07-23,down,True,21,0.024070021881838075,1.2716763005780347,5,False,False,,0.25820568927789933,True,1.0,True,True,1.0,True,True,5.0,True,True,True,True,False,False,True,-1.0,True,-1.0,-1.0,2.536764705882353,114.25,0.5666666666666667,,1,True,False,False,False,False,Q1_weak,<0.05R,10:30-11:00,mid,Tue
2024-07-23,up,False,44,0.045951859956236324,2.360515021459227,9,True,True,0.08096280087527352,0.3238512035010941,True,30.0,False,True,37.0,True,True,69.0,True,True,True,True,True,False,False,-1.0,True,-1.0,-1.0,0.24229979466119098,114.25,0.5666666666666667,,1,True,False,False,False,False,Q3,<0.05R,11:00-12:00,mid,Tue
2024-07-24,down,True,6,0.014666666666666666,3.506172839506173,1,False,True,0.010666666666666666,1.5866666666666667,True,1.0,True,False,,False,False,,False,False,False,False,False,False,True,1.9145077720207253,True,1.0,2.0,,187.5,0.9166666666666666,,2,True,True,True,True,False,Q4_strong,<0.05R,10:30-11:00,widest,Wed
2024-07-25,up,True,42,0.03420669577874818,1.283720930232558,3,False,True,0.08151382823871907,0.47671033478893743,True,8.0,True,True,8.0,True,True,29.0,True,False,True,False,True,False,False,-1.0,True,-1.0,-1.0,-1.0,343.5,1.0,,3,True,False,False,False,False,Q1_weak,<0.05R,11:00-12:00,widest,Thu
2024-07-26,up,True,92,0.06972789115646258,2.857142857142857,2,True,True,0.06292517006802721,0.717687074829932,True,93.0,False,True,93.0,False,True,95.0,True,False,True,False,True,True,False,-1.0,True,-1.0,-1.0,0.04925053533190578,147.0,0.7833333333333333,,4,True,True,False,False,False,Q3,0.05-0.15R,12:00-13:30,wide,Fri
2024-07-29,down,True,30,0.13365539452495975,1.9738406658739598,3,False,True,0.08856682769726248,0.7004830917874396,True,5.0,True,True,5.0,True,True,56.0,True,False,True,False,True,False,True,-1.0,True,1.0,-1.0,-0.3185053380782918,155.25,0.7833333333333333,,0,True,True,False,False,False,Q2,0.05-0.15R,10:30-11:00,wide,Mon
2024-07-30,down,True,3,0.012441679626749611,0.9230769230769231,2,False,True,0.05909797822706065,2.214618973561431,True,14.0,True,False,,False,False,,False,False,False,False,True,False,True,1.9271623672230653,True,1.0,2.0,,160.75,0.8,,1,True,True,True,True,True,Q1_weak,<0.05R,10:30-11:00,wide,Tue
2024-07-31,up,True,4,0.015527950310559006,0.827178729689808,1,False,False,,0.6304347826086957,True,1.0,True,True,6.0,True,True,6.0,True,False,True,False,False,False,True,-1.0,True,-1.0,-1.0,-1.0,161.0,0.8166666666666667,,2,True,True,False,False,False,Q1_weak,<0.05R,10:30-11:00,widest,Wed
2024-08-01,down,True,1,0.023206751054852322,1.8895116092874298,1,False,False,,2.4335443037974684,True,1.0,True,True,3.0,True,False,,False,False,False,False,False,False,True,1.8669354838709677,True,1.0,2.0,,237.0,0.9666666666666667,,3,True,True,True,True,True,Q2,<0.05R,10:30-11:00,widest,Thu
2024-08-05,up,True,41,0.07708246995441359,3.0178069353327084,1,False,True,0.04268545379196022,0.2925818483215914,True,2.0,True,True,2.0,True,True,39.0,False,False,False,False,True,False,False,-0.39497307001795334,True,-0.3016991297140489,-0.3016991297140489,-1.0,603.25,1.0,,0,True,False,False,False,False,Q4_strong,0.05-0.15R,11:00-12:00,widest,Mon
2024-08-06,up,True,10,0.018957345971563982,0.6794055201698513,1,False,True,0.006635071090047393,0.9611374407582939,True,1.0,True,True,48.0,True,True,49.0,False,False,False,False,True,False,False,-0.45844748858447487,True,1.0,-0.437914691943128,-1.0,263.75,0.95,,1,True,True,False,False,False,Q1_weak,<0.05R,10:30-11:00,widest,Tue
2024-08-07,down,True,74,0.10638297872340426,7.564575645756457,2,False,True,0.23076923076923078,2.972176759410802,True,14.0,True,False,,False,False,,False,False,False,False,False,False,True,1.4736842105263157,True,1.0,2.0,,152.75,0.7,,2,True,True,True,True,True,Q4_strong,0.05-0.15R,11:00-12:00,wide,Wed
2024-08-08,up,True,6,0.01841903300076746,0.9544950055493896,3,False,False,,0.5072908672294705,True,1.0,True,True,6.0,True,True,34.0,False,False,False,False,False,False,True,0.7298297557364914,True,1.0,0.7935533384497314,-1.0,325.75,0.95,,3,True,True,False,False,False,Q1_weak,<0.05R,10:30-11:00,widest,Thu
2024-08-09,up,True,35,0.020061728395061727,0.5377720870678617,4,False,True,0.047839506172839504,0.6666666666666666,True,1.0,True,True,2.0,True,True,23.0,True,False,True,False,True,False,True,-1.0,True,-1.0,-1.0,-1.0,162.0,0.75,,4,True,True,False,False,False,Q1_weak,<0.05R,11:00-12:00,wide,Fri
2024-08-12,up,True,6,0.018337408312958436,2.364864864864865,1,False,True,0.022004889975550123,0.1821515892420538,True,1.0,True,True,2.0,True,True,8.0,True,False,True,False,True,False,False,-1.0,True,-1.0,-1.0,-1.0,204.5,0.85,,0,False,False,False,False,False,Q3,<0.05R,10:30-11:00,widest,Mon
2024-08-13,up,True,16,0.01411764705882353,2.5277161862527717,2,False,True,0.12705882352941175,1.7882352941176471,False,,False,False,,False,False,,False,False,False,False,True,True,True,1.9176201372997712,False,,,,106.25,0.38333333333333336,,1,True,True,True,True,False,Q3,<0.05R,10:30-11:00,mid,Tue
2024-08-14,down,True,2,0.03699284009546539,4.490500863557858,2,False,True,0.09069212410501193,0.19331742243436753,True,1.0,True,True,6.0,True,True,15.0,True,True,True,True,True,False,False,-1.0,True,-1.0,-1.0,1.6737967914438503,209.5,0.85,,2,False,False,False,False,False,Q4_strong,<0.05R,10:30-11:00,widest,Wed
2024-08-14,up,False,84,0.0011933174224343676,0.28846153846153844,6,True,True,0.02386634844868735,0.13365155131264916,True,1.0,True,True,15.0,True,True,22.0,True,False,True,False,True,False,False,-1.0,True,-1.0,-1.0,0.3275862068965517,209.5,0.85,,2,False,False,False,False,False,Q1_weak,<0.05R,11:00-12:00,widest,Wed
2024-08-15,up,True,5,0.030944625407166124,1.9512195121951221,2,False,True,0.03257328990228013,0.739413680781759,True,2.0,True,True,17.0,True,True,21.0,False,False,False,False,True,False,True,1.138036809815951,True,1.0,1.270358306188925,-1.0,153.5,0.6333333333333333,,3,True,True,False,False,False,Q2,<0.05R,10:30-11:00,wide,Thu
2024-08-16,up,True,100,0.031067961165048542,2.367601246105919,6,False,True,0.04271844660194175,0.5398058252427185,True,123.0,False,True,214.0,False,False,,False,False,False,False,True,True,True,0.1206581352833638,True,0.19029126213592232,0.19029126213592232,,128.75,0.5,,4,True,True,False,False,False,Q3,<0.05R,12:00-13:30,mid,Fri
2024-08-19,up,True,20,0.11139896373056994,3.7142857142857144,2,False,True,0.15544041450777202,2.44300518134715,True,68.0,True,True,70.0,False,False,,False,False,False,False,True,True,True,1.4533898305084745,True,1.0,2.0,,96.5,0.23333333333333334,,0,True,True,True,True,True,Q4_strong,0.05-0.15R,10:30-11:00,narrow,Mon
2024-08-20,down,True,6,0.13963039014373715,2.1739130434782608,2,False,True,0.043121149897330596,0.4948665297741273,True,13.0,False,True,17.0,True,True,44.0,True,False,True,False,True,False,False,-1.0,True,-1.0,-1.0,-0.12974683544303797,121.75,0.45,,1,True,False,False,False,False,Q3,0.05-0.15R,10:30-11:00,mid,Tue
2024-08-21,up,True,6,0.24173027989821882,8.915254237288135,1,False,True,0.41475826972010177,0.7175572519083969,True,13.0,False,True,13.0,False,True,14.0,True,True,True,True,True,True,False,-1.0,True,-1.0,-1.0,0.4673913043478261,98.25,0.26666666666666666,,2,True,True,False,False,False,Q4_strong,0.15-0.30R,10:30-11:00,narrow,Wed
2024-08-21,down,False,25,0.022900763358778626,0.2863961813842482,2,True,False,,0.4223918575063613,True,1.0,True,True,1.0,True,True,3.0,True,True,True,True,False,False,False,-1.0,True,-1.0,-1.0,-1.0,98.25,0.26666666666666666,,2,True,False,False,False,False,Q1_weak,<0.05R,10:30-11:00,narrow,Wed
2024-08-22,down,True,2,0.06690140845070422,1.4479638009049773,3,False,False,,2.403169014084507,True,2.0,True,True,2.0,True,False,,False,False,False,False,False,False,True,1.6459627329192548,True,1.0,2.0,,142.0,0.55,,3,True,True,True,True,True,Q2,0.05-0.15R,10:30-11:00,mid,Thu
2024-08-23,down,True,18,0.2920353982300885,6.358695652173913,5,False,True,0.18331226295828065,0.5802781289506953,True,9.0,True,True,9.0,True,False,,True,False,False,False,True,False,False,-1.0,True,-1.0,-1.0,,197.75,0.8,,4,True,True,False,False,False,Q4_strong,0.15-0.30R,10:30-11:00,wide,Fri
2024-08-26,down,True,1,0.15932642487046633,4.908789386401327,6,False,True,0.13212435233160622,0.533678756476684,True,31.0,False,True,32.0,False,False,,False,False,False,False,True,False,True,-0.12180746561886051,True,0.15803108808290156,0.15803108808290156,,193.0,0.7833333333333333,,0,True,True,False,False,False,Q4_strong,0.15-0.30R,10:30-11:00,wide,Mon
2024-08-27,up,True,0,0.04935064935064935,1.5592203898050974,3,False,True,0.00909090909090909,0.312987012987013,True,5.0,True,True,7.0,True,True,62.0,False,False,False,False,True,False,True,0.07328605200945626,True,0.17922077922077922,0.17922077922077922,-0.4707692307692308,192.5,0.7666666666666667,,1,True,False,False,False,False,Q2,<0.05R,10:30-11:00,wide,Tue
2024-08-28,down,True,14,0.06631762652705062,3.197158081705151,6,False,True,0.09773123909249563,1.638743455497382,False,,False,False,,False,False,,False,False,False,False,False,False,True,1.6486902927580893,False,,,,143.25,0.5166666666666667,,2,True,True,True,True,False,Q4_strong,0.05-0.15R,10:30-11:00,mid,Wed
2024-08-29,up,True,137,0.008464328899637243,4.384615384615385,2,False,True,0.02781136638452237,0.02418379685610641,True,1.0,True,True,1.0,True,True,2.0,True,True,True,True,True,False,False,-1.0,True,-1.0,-1.0,5.830645161290323,206.75,0.85,,3,False,False,False,False,False,Q4_strong,<0.05R,12:00-13:30,widest,Thu
2024-08-29,down,False,240,0.006045949214026602,2.7156549520766773,1,True,True,0.04232164449818621,0.6831922611850061,True,1.0,True,True,1.0,True,False,,False,False,False,False,True,True,True,0.7980884109916367,True,1.0,0.8198307134220073,,206.75,0.85,,3,True,True,False,False,False,Q3,<0.05R,after 13:30,widest,Thu
2024-08-30,down,True,27,0.3006535947712418,4.654731457800511,2,False,True,0.28104575163398693,1.2505446623093681,True,224.0,False,True,232.0,False,True,266.0,True,True,True,True,True,False,False,0.8734693877551021,True,-1.0,-1.0,0.47782546494992845,114.75,0.3333333333333333,,4,True,True,True,False,False,Q4_strong,>0.30R,10:30-11:00,narrow,Fri
2024-09-03,down,True,1,0.11735330836454431,3.9678284182305634,2,False,True,0.13358302122347065,1.857677902621723,False,,False,False,,False,False,,False,False,False,False,False,False,True,1.4297269969666329,False,,,,200.25,0.8166666666666667,,1,True,True,True,True,False,Q4_strong,0.05-0.15R,10:30-11:00,widest,Tue
2024-09-04,up,True,0,0.13282442748091602,2.0990764063811924,3,False,True,0.07022900763358779,0.6885496183206107,True,2.0,True,True,60.0,False,True,255.0,True,False,True,False,True,True,False,-1.0,True,1.0,-1.0,-0.009419152276295133,163.75,0.65,,2,True,True,False,False,False,Q3,0.05-0.15R,10:30-11:00,wide,Wed
2024-09-05,down,True,56,0.047080979284369114,1.223529411764706,4,False,True,0.04143126177024482,0.16195856873822975,True,1.0,True,True,1.0,True,True,76.0,True,False,True,False,True,False,False,-1.0,True,-1.0,-1.0,0.1762114537444934,265.5,0.9333333333333333,,3,False,False,False,False,False,Q1_weak,<0.05R,11:00-12:00,widest,Thu
2024-09-06,down,True,2,0.019862490450725745,1.5849843587069863,1,False,True,0.012223071046600458,0.6409472880061116,True,1.0,True,False,,False,False,,False,False,False,False,True,False,True,1.0301249081557677,True,1.0,1.1107715813598167,,327.25,0.95,,4,True,True,False,False,False,Q2,<0.05R,10:30-11:00,widest,Fri
2024-09-09,down,True,0,0.17672413793103448,4.663536776212832,2,False,True,0.1939655172413793,0.9267241379310345,True,71.0,False,True,79.0,False,True,86.0,True,True,True,True,True,False,False,-1.0,True,-1.0,-1.0,0.5935828877005348,116.0,0.275,,0,True,True,False,False,False,Q4_strong,0.15-0.30R,10:30-11:00,narrow,Mon
2024-09-09,up,False,157,0.017241379310344827,1.4901960784313726,1,True,False,,0.07974137931034483,True,1.0,True,True,6.0,True,True,7.0,True,True,True,True,False,False,False,-1.0,True,-1.0,-1.0,8.452830188679245,116.0,0.275,,0,False,False,False,False,False,Q2,<0.05R,12:00-13:30,narrow,Mon
2024-09-10,down,True,80,0.1,5.377855887521968,3,False,True,0.1685185185185185,0.7185185185185186,True,54.0,False,True,59.0,False,True,80.0,True,True,True,True,True,False,False,-1.0,True,-1.0,-1.0,0.5518394648829431,135.0,0.4166666666666667,,1,True,True,False,False,False,Q4_strong,0.05-0.15R,11:00-12:00,mid,Tue
2024-09-10,up,False,211,0.04814814814814815,5.737265415549598,4,True,True,0.12777777777777777,0.4203703703703704,True,1.0,True,True,3.0,True,False,,False,False,False,False,True,False,True,0.36824324324324326,True,0.5,0.5,,135.0,0.4166666666666667,,1,True,False,False,False,False,Q4_strong,<0.05R,after 13:30,mid,Tue
2024-09-11,down,True,0,0.07604562737642585,2.380506091846298,3,False,True,0.07034220532319392,0.3669201520912547,True,6.0,True,True,35.0,True,True,43.0,True,True,True,True,True,False,False,-1.0,True,-1.0,-1.0,1.595667870036101,263.0,0.8833333333333333,,2,True,False,False,False,False,Q3,0.05-0.15R,10:30-11:00,widest,Wed
2024-09-11,up,False,119,0.028517110266159697,0.7587548638132295,3,True,True,0.01806083650190114,1.4714828897338403,True,5.0,True,True,5.0,True,True,17.0,False,False,False,False,True,False,True,1.8381294964028776,True,1.0,2.0,-1.0,263.0,0.8833333333333333,,2,True,True,True,False,False,Q1_weak,<0.05R,12:00-13:30,widest,Wed
2024-09-12,up,True,3,0.012121212121212121,1.468682505399568,4,False,True,0.012121212121212121,0.8090909090909091,True,1.0,True,True,2.0,True,True,2.0,True,False,True,False,True,False,True,-1.0,True,-1.0,-1.0,-1.0,165.0,0.6166666666666667,,3,True,True,False,False,False,Q2,<0.05R,10:30-11:00,wide,Thu
2024-09-13,up,True,43,0.026717557251908396,0.6153846153846154,4,False,True,0.04770992366412214,0.366412213740458,True,1.0,True,True,1.0,True,True,24.0,False,False,False,False,True,False,False,-0.07971014492753623,True,-0.030534351145038167,-0.030534351145038167,-1.0,131.0,0.36666666666666664,,4,True,False,False,False,False,Q1_weak,<0.05R,11:00-12:00,narrow,Fri
2024-09-16,down,True,4,0.13761467889908258,3.5324675324675323,5,False,True,0.15045871559633028,0.23669724770642203,True,2.0,False,True,2.0,True,True,49.0,True,False,True,False,True,False,False,-1.0,True,-1.0,-1.0,0.5422343324250681,136.25,0.38333333333333336,,0,False,False,False,False,False,Q4_strong,0.05-0.15R,10:30-11:00,mid,Mon
2024-09-17,up,True,15,0.09394572025052192,3.4600760456273765,3,False,True,0.1440501043841336,0.17954070981210857,True,3.0,False,True,6.0,True,True,12.0,True,True,True,True,True,False,False,-1.0,True,-1.0,-1.0,1.797029702970297,119.75,0.25,,1,False,False,False,False,False,Q4_strong,0.05-0.15R,10:30-11:00,narrow,Tue
2024-09-17,down,False,110,0.07515657620041753,2.3244552058111383,1,True,True,0.162839248434238,1.1231732776617953,False,,False,False,,False,False,,False,False,False,False,True,False,True,1.6079854809437386,False,,,,119.75,0.25,,1,True,True,True,False,False,Q3,0.05-0.15R,12:00-13:30,narrow,Tue
2024-09-18,down,True,53,0.05307262569832402,1.329479768786127,6,False,True,0.00558659217877095,0.994413407821229,True,4.0,True,True,4.0,True,True,63.0,True,True,True,True,True,False,True,-1.0,True,1.0,-1.0,0.8433734939759037,89.5,0.06666666666666667,,2,True,True,False,False,False,Q2,0.05-0.15R,11:00-12:00,narrowest,Wed
2024-09-18,up,False,210,1.2513966480446927,29.595959595959595,1,True,True,1.335195530726257,1.8268156424581006,True,11.0,False,True,11.0,False,True,12.0,True,True,True,True,True,True,False,-0.14354066985645933,True,1.0,-1.0,0.1794871794871795,89.5,0.06666666666666667,,2,True,True,True,True,False,Q4_strong,>0.30R,after 13:30,narrowest,Wed
2024-09-19,up,True,0,0.03197674418604651,1.9245283018867925,1,False,True,0.0377906976744186,0.38953488372093026,True,6.0,True,True,6.0,True,True,7.0,True,False,True,False,True,False,False,-1.0,True,-1.0,-1.0,-1.0,172.0,0.6166666666666667,,3,True,False,False,False,False,Q2,<0.05R,10:30-11:00,wide,Thu
2024-09-20,down,True,19,0.013605442176870748,1.5664845173041895,1,False,True,0.049886621315192746,1.018140589569161,True,1.0,True,True,54.0,False,True,67.0,True,True,True,True,True,False,False,1.9205298013245033,True,1.0,2.0,0.7693836978131213,110.25,0.16666666666666666,,4,True,True,True,False,False,Q2,<0.05R,10:30-11:00,narrowest,Fri
2024-09-23,up,True,23,0.03932584269662921,2.4413145539906105,1,False,False,,0.07303370786516854,True,1.0,False,True,1.0,True,True,2.0,True,True,True,True,False,False,False,-1.0,True,-1.0,-1.0,3.10752688172043,89.0,0.06666666666666667,,0,False,False,False,False,False,Q3,<0.05R,10:30-11:00,narrowest,Mon
2024-09-23,down,False,151,0.008426966292134831,0.6436781609195402,2,True,True,0.10674157303370786,0.1404494382022472,True,1.0,False,True,2.0,True,True,18.0,True,False,True,False,True,False,False,-1.0,True,-1.0,-1.0,0.7633587786259542,89.0,0.06666666666666667,,0,False,False,False,False,False,Q1_weak,<0.05R,12:00-13:30,narrowest,Mon
2024-09-24,down,True,11,0.006578947368421052,0.2686202686202686,3,False,False,,0.05789473684210526,True,1.0,False,True,1.0,True,True,4.0,True,True,True,True,False,False,False,-1.0,True,-1.0,-1.0,3.253968253968254,190.0,0.6833333333333333,,1,False,False,False,False,False,Q1_weak,<0.05R,10:30-11:00,wide,Tue
2024-09-24,up,False,76,0.010526315789473684,1.75,9,True,True,0.046052631578947366,0.31973684210526315,True,1.0,True,True,1.0,True,False,,False,False,False,False,True,False,True,0.14690721649484537,True,0.17105263157894737,0.17105263157894737,,190.0,0.6833333333333333,,1,True,False,False,False,False,Q2,<0.05R,11:00-12:00,wide,Tue
2024-09-26,down,True,1,0.061366806136680614,3.0425963488843815,1,False,True,0.03486750348675035,0.8382147838214784,True,4.0,True,True,5.0,True,True,6.0,False,False,False,False,True,False,False,-0.14161490683229813,True,1.0,-0.03626220362622036,-1.0,179.25,0.65,,3,True,True,False,False,False,Q4_strong,0.05-0.15R,10:30-11:00,wide,Thu
2024-09-27,down,True,4,0.04603580562659847,2.2929936305732483,1,False,False,,1.1483375959079285,True,1.0,True,True,1.0,True,True,3.0,False,False,False,False,False,False,True,1.7470725995316159,True,1.0,2.0,-1.0,97.75,0.11666666666666667,,4,True,True,True,False,False,Q3,<0.05R,10:30-11:00,narrowest,Fri
2024-09-30,down,True,229,0.13518518518518519,3.9759036144578315,3,False,True,0.10555555555555556,0.5296296296296297,True,16.0,False,True,16.0,False,True,21.0,True,True,True,True,True,False,False,-1.0,True,-1.0,-1.0,0.9808153477218226,135.0,0.35833333333333334,,0,True,True,False,False,False,Q4_strong,0.05-0.15R,after 13:30,narrow,Mon
2024-09-30,up,False,325,0.07407407407407407,2.387543252595156,2,True,True,0.07777777777777778,0.17962962962962964,True,4.0,False,False,,False,False,,False,False,False,False,True,False,True,-0.02903225806451613,True,0.11481481481481481,0.11481481481481481,,135.0,0.35833333333333334,,0,False,False,False,False,False,Q3,0.05-0.15R,after 13:30,narrow,Mon
2024-10-01,down,True,1,0.017578125,0.9598432908912831,2,False,False,,0.16666666666666666,True,1.0,True,True,1.0,True,True,5.0,True,False,True,False,False,False,False,-1.0,True,-1.0,-1.0,-1.0,384.0,0.9833333333333333,,1,False,False,False,False,False,Q1_weak,<0.05R,10:30-11:00,widest,Tue
2024-10-02,up,True,10,0.001379310344827586,0.8034433285509326,2,False,False,,0.416551724137931,True,1.0,True,True,4.0,True,True,14.0,False,False,False,False,False,False,False,-0.055020632737276476,True,-0.05241379310344828,-0.05241379310344828,-1.0,181.25,0.6333333333333333,,2,True,False,False,False,False,Q1_weak,<0.05R,10:30-11:00,wide,Wed
2024-10-03,down,True,150,0.023972602739726026,4.258943781942079,1,False,True,0.08789954337899543,0.07191780821917808,True,1.0,True,True,2.0,True,True,11.0,True,False,True,False,True,False,False,-1.0,True,-1.0,-1.0,1.2590673575129534,219.0,0.8166666666666667,,3,False,False,False,False,False,Q4_strong,<0.05R,12:00-13:30,widest,Thu
2024-10-04,up,True,327,0.004429678848283499,2.208955223880597,4,False,False,,0.028792912513842746,True,1.0,False,True,1.0,True,False,,False,False,False,False,False,False,False,-0.1119648737650933,True,-0.10409745293466224,-0.10409745293466224,,225.75,0.8333333333333334,,4,False,False,False,False,False,Q3,<0.05R,after 13:30,widest,Fri
2024-10-07,down,True,240,0.06702412868632708,5.987261146496816,2,True,True,0.14745308310991956,1.5067024128686326,True,1.0,True,False,,False,False,,False,False,False,False,False,False,True,1.6453900709219857,True,1.0,2.0,,93.25,0.05,,0,True,True,True,True,False,Q4_strong,0.05-0.15R,after 13:30,narrowest,Mon
2024-10-08,up,True,4,0.03766478342749529,2.4014336917562726,1,False,True,0.062146892655367235,0.9566854990583804,True,3.0,True,True,3.0,True,True,154.0,False,False,False,False,True,True,True,1.295971978984238,True,1.0,1.4689265536723164,-1.0,132.75,0.2833333333333333,,1,True,True,False,False,False,Q3,<0.05R,10:30-11:00,narrow,Tue
2024-10-09,up,True,29,0.05591397849462366,2.5789473684210527,6,False,True,0.07526881720430108,1.1010752688172043,False,,False,False,,False,False,,False,False,False,False,True,True,True,1.6982591876208897,False,,,,116.25,0.2,,2,True,True,True,False,False,Q3,0.05-0.15R,10:30-11:00,narrow,Wed
2024-10-10,up,True,17,0.01312910284463895,2.1333333333333333,1,False,False,,0.8096280087527352,True,1.0,True,True,1.0,True,True,1.0,False,False,False,False,False,False,True,0.208955223880597,True,1.0,0.24070021881838075,-1.0,114.25,0.15833333333333333,,3,True,True,False,False,False,Q3,<0.05R,10:30-11:00,narrowest,Thu
2024-10-11,up,True,280,0.0015015015015015015,1.5602836879432624,2,False,False,,0.07807807807807808,True,1.0,True,True,3.0,True,True,26.0,False,False,False,False,False,False,False,-0.38023952095808383,True,-0.3783783783783784,-0.3783783783783784,1.2820512820512822,166.5,0.5833333333333334,,4,False,False,False,False,False,Q2,<0.05R,after 13:30,mid,Fri
2024-10-14,down,True,31,0.0017985611510791368,1.3197969543147208,7,False,False,,0.11510791366906475,True,1.0,True,True,1.0,True,True,80.0,True,False,True,False,False,False,False,-1.0,True,-1.0,-1.0,0.2403846153846154,139.0,0.38333333333333336,,0,False,False,False,False,False,Q2,<0.05R,11:00-12:00,mid,Mon
2024-10-15,down,True,0,0.1929530201342282,3.2653061224489797,3,False,True,0.14093959731543623,1.7197986577181208,False,,False,False,,False,False,,False,False,False,False,False,False,True,1.1646489104116222,False,,,,149.0,0.45,,1,True,True,True,True,False,Q4_strong,0.15-0.30R,10:30-11:00,mid,Tue
2024-10-16,up,True,232,0.0380794701986755,3.4615384615384612,3,False,True,0.04966887417218543,0.1456953642384106,True,4.0,False,True,16.0,True,True,83.0,False,False,False,False,True,False,False,-0.20615384615384616,True,-0.1456953642384106,-0.1456953642384106,-0.15384615384615385,151.0,0.45,,2,False,False,False,False,False,Q4_strong,<0.05R,after 13:30,mid,Wed
2024-10-17,down,True,308,0.041766109785202864,4.154302670623145,4,False,True,0.04295942720763723,0.060859188544152745,True,2.0,False,True,2.0,True,False,,False,False,False,False,True,False,True,-0.05506607929515418,True,0.02386634844868735,0.02386634844868735,,209.5,0.7916666666666666,,3,False,False,False,False,False,Q4_strong,<0.05R,after 13:30,wide,Thu
2024-10-18,up,True,62,0.036011080332409975,0.9876543209876544,6,False,True,0.019390581717451522,0.06371191135734072,True,1.0,False,True,1.0,True,True,4.0,True,False,True,False,True,False,False,-1.0,True,-1.0,-1.0,0.34057971014492755,90.25,0.05,,4,False,False,False,False,False,Q1_weak,<0.05R,11:00-12:00,narrowest,Fri
2024-10-21,down,True,15,0.18785578747628084,4.736,4,False,True,0.1252371916508539,0.5901328273244781,True,2.0,True,True,2.0,True,True,72.0,True,False,True,False,True,False,False,-1.0,True,1.0,-1.0,0.49361702127659574,131.75,0.3,,0,True,True,False,False,False,Q4_strong,0.15-0.30R,10:30-11:00,narrow,Mon
2024-10-22,up,True,185,0.03156146179401993,2.807017543859649,4,False,True,0.04318936877076412,0.5465116279069767,True,84.0,False,False,,False,False,,False,False,False,False,True,True,True,0.1875,True,0.26245847176079734,0.26245847176079734,,150.5,0.4666666666666667,,1,True,True,False,False,False,Q3,<0.05R,after 13:30,mid,Tue
2024-10-23,down,True,43,0.13276231263383298,5.622317596566523,5,False,True,0.19700214132762311,2.2869379014989293,True,4.0,True,True,8.0,True,False,,False,False,False,False,True,False,True,1.3705583756345177,True,1.0,2.0,,116.75,0.23333333333333334,,2,True,True,True,True,True,Q4_strong,0.05-0.15R,11:00-12:00,narrow,Wed
2024-10-24,down,True,77,0.06382978723404255,5.508021390374331,6,False,True,0.2127659574468085,0.4194528875379939,True,1.0,True,True,7.0,True,True,13.0,True,True,True,True,True,False,False,-1.0,True,-1.0,-1.0,-1.0,82.25,0.016666666666666666,,3,True,False,False,False,False,Q4_strong,0.05-0.15R,11:00-12:00,narrowest,Thu
2024-10-24,up,False,156,0.0182370820668693,0.7865168539325842,1,True,False,,0.364741641337386,True,1.0,True,True,2.0,True,True,2.0,True,False,True,False,False,False,True,-1.0,True,-1.0,-1.0,-1.0,82.25,0.016666666666666666,,3,True,False,False,False,False,Q1_weak,<0.05R,12:00-13:30,narrowest,Thu
2024-10-25,down,True,194,0.014976958525345621,2.0437956204379564,6,False,True,0.016129032258064516,0.13940092165898618,True,1.0,True,True,1.0,True,True,5.0,False,False,False,False,True,False,False,-0.07158836689038031,True,-0.04377880184331797,-0.04377880184331797,-1.0,217.0,0.8333333333333334,,4,False,False,False,False,False,Q2,<0.05R,after 13:30,widest,Fri
2024-10-28,down,True,88,0.030534351145038167,1.894273127753304,2,False,False,,0.43256997455470736,True,1.0,True,True,1.0,True,True,5.0,False,False,False,False,False,False,True,0.47961630695443647,True,0.5699745547073791,0.5699745547073791,-1.0,98.25,0.14166666666666666,,0,True,False,False,False,False,Q2,<0.05R,11:00-12:00,narrowest,Mon
2024-10-29,up,True,46,0.010248901903367497,2.0062695924764893,3,False,True,0.008784773060029283,0.8404099560761347,True,1.0,True,True,1.0,True,False,,False,False,False,False,True,False,True,1.035868005738881,True,1.0,1.0775988286969254,,170.75,0.65,,1,True,True,False,False,False,Q2,<0.05R,11:00-12:00,wide,Tue
2024-10-30,down,True,324,0.017543859649122806,4.335260115606936,4,False,True,0.06539074960127592,0.17862838915470494,True,1.0,True,False,,False,False,,False,False,False,False,False,False,True,0.06779661016949153,True,0.10526315789473684,0.10526315789473684,,156.75,0.5833333333333334,,2,False,False,False,False,False,Q4_strong,<0.05R,after 13:30,mid,Wed
2024-10-31,down,True,16,0.04095904095904096,2.732049036777583,1,False,True,0.02097902097902098,0.4385614385614386,True,302.0,False,True,302.0,True,False,,False,False,False,False,True,False,True,0.7202216066481995,True,0.8611388611388612,0.8611388611388612,,250.25,0.9166666666666666,,3,True,False,False,False,False,Q3,<0.05R,10:30-11:00,widest,Thu
2024-11-01,up,True,57,0.06440281030444965,2.2634508348794062,2,False,True,0.05152224824355972,0.07962529274004684,True,4.0,False,True,4.0,True,True,8.0,True,False,True,False,True,False,False,-1.0,True,-1.0,-1.0,3.9911504424778763,213.5,0.8666666666666667,,4,False,False,False,False,False,Q3,0.05-0.15R,11:00-12:00,widest,Fri
2024-11-04,up,True,19,0.018300653594771243,1.4064697609001409,3,False,False,,0.11764705882352941,True,1.0,True,True,1.0,True,True,41.0,True,False,True,False,False,False,False,-1.0,True,-1.0,-1.0,1.2109375,191.25,0.7166666666666667,,0,False,False,False,False,False,Q2,<0.05R,10:30-11:00,wide,Mon
2024-11-05,up,True,62,0.04160688665710186,4.9640287769784175,3,False,True,0.03730272596843615,0.29555236728837875,True,1.0,True,True,8.0,True,True,125.0,False,False,False,False,True,False,True,0.13509933774834437,True,0.22955523672883787,0.22955523672883787,-0.60625,174.25,0.6666666666666666,,1,True,False,False,False,False,Q4_strong,<0.05R,11:00-12:00,wide,Tue
2024-11-06,up,True,1,0.08372093023255814,2.625607779578606,2,False,True,0.010852713178294573,0.7798449612403101,True,1.0,True,True,2.0,True,True,5.0,True,False,True,False,True,False,True,-1.0,True,-1.0,-1.0,-1.0,161.25,0.5666666666666667,,2,True,True,False,False,False,Q3,0.05-0.15R,10:30-11:00,mid,Wed
2024-11-07,up,True,15,0.015968063872255488,2.271714922048998,2,False,True,0.0658682634730539,0.9880239520958084,True,1.0,True,False,,False,False,,False,False,False,False,True,True,True,1.4003868471953578,True,1.0,1.4770459081836327,,125.25,0.3,,3,True,True,False,False,False,Q3,<0.05R,10:30-11:00,narrow,Thu
2024-11-08,up,True,85,0.0035211267605633804,2.214022140221402,4,False,True,0.03873239436619718,0.4612676056338028,True,1.0,True,True,1.0,True,True,4.0,True,False,True,False,True,False,True,-1.0,True,-1.0,-1.0,-1.0,71.0,0.016666666666666666,,4,True,False,False,False,False,Q3,<0.05R,11:00-12:00,narrowest,Fri
2024-11-11,down,True,150,0.13090909090909092,4.606741573033708,3,False,True,0.14181818181818182,0.41454545454545455,True,37.0,False,True,37.0,True,True,40.0,False,False,False,False,True,False,False,-0.9567723342939481,True,-0.9454545454545454,-0.9454545454545454,0.8141263940520446,137.5,0.45,,0,True,False,False,False,False,Q4_strong,0.05-0.15R,12:00-13:30,mid,Mon
2024-11-12,down,True,42,0.04498269896193772,1.7660044150110377,1,False,False,,1.726643598615917,True,1.0,True,True,5.0,True,True,7.0,False,False,False,False,False,False,False,1.7523809523809524,True,1.0,2.0,-1.0,72.25,0.03333333333333333,,1,True,True,True,True,False,Q2,<0.05R,11:00-12:00,narrowest,Tue
2024-11-13,up,True,98,0.015625,1.7230769230769232,4,False,True,0.044921875,0.65625,True,1.0,True,True,1.0,True,True,175.0,False,False,False,False,True,True,False,-0.42045454545454547,True,1.0,-0.40234375,-0.0045351473922902496,128.0,0.31666666666666665,,2,True,True,False,False,False,Q2,<0.05R,12:00-13:30,narrow,Wed
2024-11-14,down,True,121,0.05027932960893855,3.819095477386935,3,False,True,0.09497206703910614,0.515828677839851,True,3.0,True,True,3.0,True,True,6.0,True,False,True,False,True,False,True,-1.0,True,-1.0,-1.0,-1.0,134.25,0.38333333333333336,,3,True,True,False,False,False,Q4_strong,0.05-0.15R,12:00-13:30,mid,Thu
2024-11-15,down,True,5,0.04057591623036649,2.637729549248748,2,False,True,0.060209424083769635,0.9293193717277487,True,2.0,True,True,3.0,True,False,,False,False,False,False,True,False,True,0.8062953995157385,True,1.0,0.9528795811518325,,191.0,0.7333333333333333,,4,True,True,False,False,False,Q3,<0.05R,10:30-11:00,wide,Fri
2024-11-18,up,True,0,0.0805921052631579,1.5649452269170578,5,False,True,0.06085526315789474,0.46875,True,83.0,False,True,83.0,True,True,194.0,False,False,False,False,True,False,False,-0.37960339943342775,True,-0.27960526315789475,-0.27960526315789475,-0.18681318681318682,152.0,0.55,,0,True,False,False,False,False,Q2,0.05-0.15R,10:30-11:00,mid,Mon
2024-11-19,up,True,1,0.03608247422680412,2.4178712220762155,1,False,False,,1.9329896907216495,True,1.0,True,True,1.0,True,False,,False,False,False,False,False,False,True,1.7980769230769231,True,1.0,2.0,,97.0,0.13333333333333333,,1,True,True,True,True,False,Q3,<0.05R,10:30-11:00,narrowest,Tue
2024-11-20,up,True,325,0.011648745519713262,2.7184466019417477,3,False,True,0.035842293906810034,0.03046594982078853,True,1.0,False,True,1.0,True,False,,False,False,False,False,True,False,False,-0.04903677758318739,True,-0.026881720430107527,-0.026881720430107527,,279.0,0.9666666666666667,,2,False,False,False,False,False,Q3,<0.05R,after 13:30,widest,Wed
2024-11-21,down,True,0,0.011111111111111112,0.5855855855855856,9,False,True,0.01568627450980392,0.023529411764705882,True,1.0,False,True,1.0,True,True,26.0,True,False,True,False,True,False,False,-1.0,True,-1.0,-1.0,0.6707152496626181,382.5,0.9833333333333333,,3,False,False,False,False,False,Q1_weak,<0.05R,10:30-11:00,widest,Thu
2024-11-22,up,True,161,0.004975124378109453,2.8395061728395063,1,False,True,0.03648424543946932,0.04643449419568822,True,1.0,False,True,2.0,True,True,2.0,True,False,True,False,True,False,False,-1.0,True,-1.0,-1.0,0.8194444444444444,150.75,0.5333333333333333,,4,False,False,False,False,False,Q3,<0.05R,12:00-13:30,mid,Fri
2024-11-25,down,True,102,0.06139315230224321,2.7817745803357314,2,False,True,0.049586776859504134,0.4203069657615112,True,51.0,False,True,55.0,True,True,61.0,False,False,False,False,True,False,False,-0.1829652996845426,True,-0.08264462809917356,-0.08264462809917356,-0.0345679012345679,211.75,0.8166666666666667,,0,True,False,False,False,False,Q3,0.05-0.15R,12:00-13:30,widest,Mon
2024-11-26,down,True,230,0.0332541567695962,1.3333333333333333,7,False,False,,0.1496437054631829,True,1.0,True,True,2.0,True,True,84.0,True,False,True,False,False,False,False,-1.0,True,-1.0,-1.0,0.35968379446640314,105.25,0.18333333333333332,,1,False,False,False,False,False,Q2,<0.05R,after 13:30,narrow,Tue
2024-11-27,down,True,6,0.06465517241379311,1.9761499148211243,3,False,True,0.06609195402298851,0.5201149425287356,True,6.0,True,True,7.0,True,True,8.0,False,False,False,False,True,False,False,-0.6310432569974554,True,1.0,-0.5833333333333334,-1.0,174.0,0.6833333333333333,,2,True,True,False,False,False,Q2,0.05-0.15R,10:30-11:00,wide,Wed
2024-12-02,up,True,4,0.0014705882352941176,1.5635179153094463,2,False,False,,0.3720588235294118,True,1.0,True,True,1.0,True,True,3.0,False,False,False,False,False,False,True,0.2375366568914956,True,0.2411764705882353,0.2411764705882353,-1.0,170.0,0.65,,0,True,False,False,False,False,Q2,<0.05R,10:30-11:00,wide,Mon
2024-12-03,up,True,56,0.08521303258145363,3.9482200647249193,1,False,True,0.09022556390977443,0.5588972431077694,True,8.0,True,True,9.0,True,True,10.0,False,False,False,False,True,False,True,0.6252676659528907,True,1.0,0.9022556390977443,-1.0,99.75,0.18333333333333332,,1,True,True,False,False,False,Q4_strong,0.05-0.15R,11:00-12:00,narrow,Tue
2024-12-04,up,True,2,0.10526315789473684,2.4203821656050954,2,False,True,0.14802631578947367,1.1085526315789473,True,15.0,True,True,59.0,True,True,184.0,False,False,False,False,True,False,True,1.4782608695652173,True,1.0,2.0,-1.0,76.0,0.05,,2,True,True,True,False,False,Q3,0.05-0.15R,10:30-11:00,narrowest,Wed
2024-12-05,down,True,21,0.05581395348837209,0.6916426512968299,7,False,False,,0.7209302325581395,True,1.0,True,True,2.0,True,True,28.0,True,True,True,True,False,False,True,-1.0,True,-1.0,-1.0,0.56875,53.75,0.016666666666666666,,3,True,True,False,False,False,Q1_weak,0.05-0.15R,10:30-11:00,narrowest,Thu
2024-12-05,up,False,102,0.06511627906976744,3.2323232323232323,6,True,True,0.09302325581395349,0.2930232558139535,True,5.0,True,True,31.0,True,True,66.0,True,True,True,True,True,False,False,-1.0,True,-1.0,-1.0,0.7484276729559748,53.75,0.016666666666666666,,3,True,False,False,False,False,Q4_strong,0.05-0.15R,12:00-13:30,narrowest,Thu
2024-12-06,up,True,157,0.03139717425431711,1.3333333333333333,6,False,True,0.02511773940345369,0.15070643642072212,True,27.0,False,True,28.0,True,True,68.0,False,False,False,False,True,False,True,0.09748892171344166,True,0.1664050235478807,0.1664050235478807,-0.7932692307692307,159.25,0.6166666666666667,,4,False,False,False,False,False,Q2,<0.05R,12:00-13:30,wide,Fri
2024-12-09,down,True,7,0.1686746987951807,2.8938906752411575,1,False,True,0.11325301204819277,1.0506024096385542,True,4.0,True,True,4.0,True,True,4.0,False,False,False,False,True,False,True,1.2432432432432432,True,1.0,2.0,-1.0,103.75,0.23333333333333334,,0,True,True,True,False,False,Q3,0.15-0.30R,10:30-11:00,narrow,Mon
2024-12-10,down,True,28,0.04691358024691358,1.091549295774648,5,False,True,0.08395061728395062,1.508641975308642,True,1.0,True,True,5.0,True,False,,False,False,False,False,False,False,True,1.742663656884876,True,1.0,2.0,,101.25,0.23333333333333334,,1,True,True,True,True,False,Q1_weak,<0.05R,10:30-11:00,narrow,Tue
2024-12-11,up,True,44,0.03828483920367534,2.702702702702703,2,False,True,0.02450229709035222,0.5130168453292496,True,1.0,True,True,2.0,True,True,2.0,False,False,False,False,True,False,True,0.5604551920341394,True,1.0,0.6799387442572741,-1.0,163.25,0.65,,2,True,True,False,False,False,Q3,<0.05R,11:00-12:00,wide,Wed
2024-12-12,up,True,7,0.023809523809523808,1.5,3,False,True,0.1164021164021164,0.2724867724867725,True,1.0,True,True,1.0,True,True,68.0,True,False,True,False,True,False,False,-1.0,True,-1.0,-1.0,-1.0,94.5,0.16666666666666666,,3,True,False,False,False,False,Q2,<0.05R,10:30-11:00,narrowest,Thu
2024-12-13,down,True,10,0.2563559322033898,5.138632162661738,1,False,True,0.211864406779661,1.0466101694915255,True,221.0,False,True,221.0,False,True,222.0,False,False,False,False,True,False,False,0.9831932773109243,True,-0.1271186440677966,-0.1271186440677966,0.011583011583011582,118.0,0.35,,4,True,True,True,False,False,Q4_strong,0.15-0.30R,10:30-11:00,narrow,Fri
2024-12-16,up,True,2,0.13533834586466165,2.4745762711864407,1,False,True,0.06265664160401002,1.5714285714285714,True,9.0,True,True,11.0,True,True,21.0,False,False,False,False,True,False,True,1.3609467455621302,True,1.0,2.0,-1.0,99.75,0.225,,0,True,True,True,True,False,Q3,0.05-0.15R,10:30-11:00,narrow,Mon
2024-12-17,up,True,65,0.004081632653061225,0.7289293849658315,2,False,True,0.08163265306122448,0.15714285714285714,True,14.0,False,True,14.0,True,True,18.0,True,False,True,False,True,False,False,-1.0,True,-1.0,-1.0,0.554945054945055,122.5,0.36666666666666664,,1,False,False,False,False,False,Q1_weak,<0.05R,11:00-12:00,narrow,Tue
2024-12-18,up,True,9,0.002386634844868735,0.8746355685131196,3,False,True,0.016706443914081145,0.3412887828162291,True,1.0,True,True,1.0,True,True,34.0,True,True,True,True,True,False,False,-1.0,True,-1.0,-1.0,1.4541484716157205,104.75,0.26666666666666666,,2,True,False,False,False,False,Q1_weak,<0.05R,10:30-11:00,narrow,Wed
2024-12-18,down,False,215,0.3627684964200477,6.075949367088608,3,True,True,0.3747016706443914,7.458233890214797,False,,False,False,,False,False,,False,False,False,False,False,False,True,0.7385892116182573,False,,,,104.75,0.26666666666666666,,2,True,True,True,True,True,Q4_strong,>0.30R,after 13:30,narrow,Wed
2024-12-19,down,True,1,0.028642590286425903,0.9966216216216216,1,False,False,,0.6674968866749689,True,1.0,True,True,1.0,True,True,1.0,True,False,True,False,False,False,True,-1.0,True,-1.0,-1.0,-1.0,200.75,0.8333333333333334,,3,True,True,False,False,False,Q1_weak,<0.05R,10:30-11:00,widest,Thu
2024-12-20,up,True,0,0.0889443059019119,2.38,9,False,True,0.05569409808811305,1.167082294264339,False,,False,False,,False,False,,False,False,False,False,True,True,True,1.5469301340860975,False,,,,300.75,0.9666666666666667,,4,True,True,True,False,False,Q3,0.05-0.15R,10:30-11:00,widest,Fri
2024-12-23,up,True,73,0.018867924528301886,0.7792207792207793,4,False,True,0.03270440251572327,0.5094339622641509,True,1.0,True,True,1.0,True,False,,False,False,False,False,True,False,True,0.7393939393939394,True,1.0,0.8050314465408805,,198.75,0.8,,0,True,True,False,False,False,Q1_weak,<0.05R,11:00-12:00,wide,Mon
2024-12-26,up,True,8,0.010889292196007259,0.5473684210526316,3,False,True,0.023593466424682397,0.4954627949183303,True,1.0,True,True,1.0,True,True,3.0,False,False,False,False,True,False,False,-0.03197158081705151,True,-0.010889292196007259,-0.010889292196007259,-1.0,137.75,0.48333333333333334,,3,True,False,False,False,False,Q1_weak,<0.05R,10:30-11:00,mid,Thu
2024-12-27,down,True,107,0.01998572448251249,1.7199017199017197,2,False,True,0.008565310492505354,0.03997144896502498,True,1.0,True,True,1.0,True,True,9.0,True,False,True,False,True,False,False,-1.0,True,-1.0,-1.0,4.10625,350.25,0.9666666666666667,,4,False,False,False,False,False,Q2,<0.05R,12:00-13:30,widest,Fri
2024-12-30,up,True,50,0.027607361963190184,1.2580645161290323,3,False,False,,0.950920245398773,True,1.0,True,True,1.0,True,False,,False,False,False,False,False,False,False,-0.10174418604651163,True,1.0,-0.05214723926380368,,163.0,0.6333333333333333,,0,True,True,False,False,False,Q1_weak,<0.05R,11:00-12:00,wide,Mon
2024-12-31,down,True,34,0.03225806451612903,1.461988304093567,9,False,True,0.08064516129032258,0.9774193548387097,True,2.0,True,True,3.0,True,False,,False,False,False,False,True,False,True,1.312121212121212,True,1.0,1.461290322580645,,155.0,0.5833333333333334,,1,True,True,False,False,False,Q2,<0.05R,11:00-12:00,mid,Tue
2025-01-02,down,True,119,0.05405405405405406,1.8164967562557923,8,False,True,0.07567567567567568,0.6585585585585586,True,163.0,False,True,163.0,False,False,,False,False,False,False,True,False,False,-0.11382113821138211,True,-0.018018018018018018,-0.018018018018018018,,277.5,0.9333333333333333,,3,True,True,False,False,False,Q2,0.05-0.15R,12:00-13:30,widest,Thu
2025-01-03,up,True,62,0.0041841004184100415,1.932367149758454,1,False,False,,0.6610878661087866,True,3.0,True,False,,False,False,,False,False,False,False,False,False,True,0.7385892116182573,True,1.0,0.7531380753138075,,179.25,0.7666666666666667,,4,True,True,False,False,False,Q2,<0.05R,11:00-12:00,wide,Fri
2025-01-06,up,True,40,0.03828483920367534,3.6842105263157894,1,False,False,,0.06125574272588055,True,1.0,True,True,1.0,True,True,6.0,True,True,True,True,False,False,False,-1.0,True,-1.0,-1.0,8.76056338028169,163.25,0.6583333333333333,,0,False,False,False,False,False,Q4_strong,<0.05R,11:00-12:00,wide,Mon
2025-01-06,down,False,195,0.013782542113323124,5.43778801843318,2,True,True,0.05972434915773354,0.46401225114854516,True,1.0,True,True,1.0,True,False,,False,False,False,False,True,False,False,-0.34873323397913564,True,-0.33078101071975496,-0.33078101071975496,,163.25,0.6583333333333333,,0,True,False,False,False,False,Q4_strong,<0.05R,after 13:30,wide,Mon
2025-01-07,down,True,1,0.030276046304541407,2.1364009860312243,5,False,True,0.0792520035618878,0.8753339269813001,True,1.0,True,True,27.0,True,False,,False,False,False,False,False,False,True,1.0596137699412258,True,1.0,1.1843276936776492,,280.75,0.95,,1,True,True,False,False,False,Q3,<0.05R,10:30-11:00,widest,Tue
2025-01-08,up,True,72,0.0456490727532097,1.4426229508196722,4,False,True,0.024251069900142655,0.14550641940085593,True,1.0,True,True,1.0,True,True,10.0,True,True,True,True,True,False,False,-1.0,True,-1.0,-1.0,5.482758620689655,175.25,0.7333333333333333,,2,False,False,False,False,False,Q2,<0.05R,11:00-12:00,wide,Wed
2025-01-08,down,False,117,0.05420827389443652,3.7561779242174627,1,True,True,0.06990014265335236,0.369472182596291,True,1.0,True,True,15.0,True,True,25.0,True,True,True,True,True,False,False,-1.0,True,-1.0,-1.0,1.5329815303430079,175.25,0.7333333333333333,,2,True,False,False,False,False,Q4_strong,0.05-0.15R,12:00-13:30,wide,Wed
2025-01-13,up,True,15,0.009771986970684038,0.10427528675703858,2,False,True,0.011400651465798045,0.7100977198697068,True,1.0,True,True,7.0,True,True,7.0,True,False,True,False,True,False,True,-1.0,True,-1.0,-1.0,-1.0,153.5,0.5166666666666667,,0,True,True,False,False,False,Q1_weak,<0.05R,10:30-11:00,mid,Mon
2025-01-14,down,True,9,0.06574923547400612,1.5238095238095237,3,False,False,,1.1788990825688073,True,1.0,True,True,1.0,True,True,4.0,False,False,False,False,False,False,True,1.6513513513513514,True,1.0,2.0,-1.0,163.5,0.6333333333333333,,1,True,True,True,False,False,Q2,0.05-0.15R,10:30-11:00,wide,Tue
2025-01-15,up,True,238,0.04067796610169491,4.015748031496063,4,False,True,0.03728813559322034,0.20225988700564973,True,17.0,True,True,22.0,True,False,,False,False,False,False,True,False,False,-0.17763845350052246,True,-0.11073446327683616,-0.11073446327683616,,221.25,0.8666666666666667,,2,False,False,False,False,False,Q4_strong,<0.05R,after 13:30,widest,Wed
2025-01-16,down,True,72,0.09891808346213292,2.9281767955801103,2,False,True,0.05564142194744977,0.5734157650695518,True,2.0,True,True,2.0,True,True,4.0,True,False,True,False,True,False,True,-1.0,True,-1.0,-1.0,-1.0,161.75,0.55,,3,True,True,False,False,False,Q3,0.05-0.15R,11:00-12:00,mid,Thu
2025-01-17,up,True,162,0.014492753623188406,0.8268733850129198,3,False,True,0.02318840579710145,0.10579710144927536,True,1.0,True,True,1.0,True,True,29.0,False,False,False,False,True,False,False,-0.6253521126760564,True,-0.6144927536231884,-0.6144927536231884,1.2983870967741935,172.5,0.6666666666666666,,4,False,False,False,False,False,Q1_weak,<0.05R,12:00-13:30,wide,Fri
2025-01-21,up,True,136,0.011688311688311689,1.2203389830508475,1,False,False,,0.2792207792207792,True,1.0,True,True,96.0,True,True,97.0,False,False,False,False,False,False,False,-0.06091370558375635,True,-0.03896103896103896,-0.03896103896103896,-0.0,192.5,0.7666666666666667,,1,True,False,False,False,False,Q1_weak,<0.05R,12:00-13:30,wide,Tue
2025-01-22,up,True,7,0.01486988847583643,3.663663663663664,1,False,True,0.027881040892193308,0.4200743494423792,True,1.0,True,True,2.0,True,True,13.0,False,False,False,False,True,False,False,-0.5956678700361011,True,-0.5836431226765799,-0.5836431226765799,-1.0,134.5,0.35,,2,True,False,False,False,False,Q4_strong,<0.05R,10:30-11:00,narrow,Wed
2025-01-23,up,True,4,0.04807692307692308,1.7633410672853829,3,False,True,0.14903846153846154,2.418269230769231,True,1.0,True,True,37.0,False,False,,False,False,False,False,True,True,True,1.736842105263158,True,1.0,2.0,,52.0,0.016666666666666666,,3,True,True,True,True,True,Q2,<0.05R,10:30-11:00,narrowest,Thu
2025-01-24,down,True,29,0.008241758241758242,2.038216560509554,1,False,True,0.027472527472527472,1.5741758241758241,True,1.0,True,True,1.0,True,True,1.0,True,False,True,False,True,False,True,-1.0,True,-1.0,-1.0,-1.0,91.0,0.11666666666666667,,4,True,True,True,True,False,Q2,<0.05R,10:30-11:00,narrowest,Fri
2025-01-27,up,True,0,0.015311004784688996,0.510879848628193,4,False,False,,0.184688995215311,True,1.0,True,True,1.0,True,True,30.0,True,True,True,True,False,False,False,-1.0,True,-1.0,-1.0,1.7633928571428572,261.25,0.8833333333333333,,0,False,False,False,False,False,Q1_weak,<0.05R,10:30-11:00,widest,Mon
2025-01-27,down,False,260,0.009569377990430622,1.5170670037926677,11,True,True,0.004784688995215311,0.053588516746411484,True,1.0,True,True,1.0,True,True,46.0,True,False,True,False,True,False,False,-1.0,True,-1.0,-1.0,0.36116910229645094,261.25,0.8833333333333333,,0,False,False,False,False,False,Q2,<0.05R,after 13:30,widest,Mon
2025-01-28,up,True,90,0.017067494181536073,1.514360313315927,3,False,True,0.021722265321955005,0.44763382467028706,True,2.0,True,False,,False,False,,False,False,False,False,True,False,True,0.5296324081020255,True,0.5818463925523661,0.5818463925523661,,322.25,0.95,,1,True,False,False,False,False,Q2,<0.05R,11:00-12:00,widest,Tue
2025-01-29,down,True,13,0.08151093439363817,2.7659574468085104,2,False,True,0.14314115308151093,0.9025844930417495,True,2.0,True,True,2.0,True,True,7.0,True,False,True,False,True,False,False,-1.0,True,-1.0,-1.0,-1.0,125.75,0.3,,2,True,True,False,False,False,Q3,0.05-0.15R,10:30-11:00,narrow,Wed
2025-01-30,down,True,0,0.027563395810363836,1.4557670772676372,2,False,True,0.08820286659316427,0.4520396912899669,True,1.0,True,True,1.0,True,True,8.0,True,False,True,False,True,False,False,-1.0,True,-1.0,-1.0,-1.0,226.75,0.8333333333333334,,3,True,False,False,False,False,Q2,<0.05R,10:30-11:00,widest,Thu
2025-01-31,up,True,4,0.02365930599369085,1.4634146341463414,3,False,True,0.00473186119873817,0.26813880126182965,True,2.0,True,True,6.0,True,True,8.0,True,True,True,True,True,False,False,-1.0,True,-1.0,-1.0,-1.0,158.5,0.4666666666666667,,4,True,False,False,False,False,Q2,<0.05R,10:30-11:00,mid,Fri
2025-01-31,down,False,184,0.12145110410094637,3.4633027522935778,3,True,True,0.11356466876971609,1.446372239747634,True,1.0,True,True,1.0,True,False,,False,False,False,False,True,False,True,1.4137055837563453,True,1.0,2.0,,158.5,0.4666666666666667,,4,True,True,True,False,False,Q4_strong,0.05-0.15R,after 13:30,mid,Fri
2025-02-03,up,True,3,0.024072216649949848,1.1269430051813472,3,False,False,,0.6308926780341023,True,1.0,True,True,4.0,True,False,,False,False,False,False,False,False,True,0.2889952153110048,True,1.0,0.3510531594784353,,249.25,0.85,,0,True,True,False,False,False,Q1_weak,<0.05R,10:30-11:00,widest,Mon
2025-02-04,up,True,8,0.030009680542110357,2.0052770448548816,2,False,True,0.017424975798644726,0.1181026137463698,True,1.0,True,True,5.0,True,True,8.0,False,False,False,False,True,False,True,-0.021917808219178082,True,0.036786060019361085,0.036786060019361085,-1.0,258.25,0.85,,1,False,False,False,False,False,Q2,<0.05R,10:30-11:00,widest,Tue
2025-02-05,up,True,39,0.09090909090909091,1.8713450292397662,3,False,True,0.03547671840354767,1.376940133037694,True,2.0,True,True,2.0,True,True,3.0,False,False,False,False,True,False,True,1.5384615384615385,True,1.0,2.0,-1.0,112.75,0.25,,2,True,True,True,False,False,Q2,0.05-0.15R,11:00-12:00,narrow,Wed
2025-02-06,down,True,243,0.18552036199095023,5.627705627705628,4,False,True,0.09954751131221719,0.2420814479638009,True,2.0,False,True,2.0,True,True,57.0,True,True,True,True,True,False,False,-1.0,True,-1.0,-1.0,0.5821325648414986,110.5,0.25,,3,False,False,False,False,False,Q4_strong,0.15-0.30R,after 13:30,narrow,Thu
2025-02-06,up,False,324,0.1515837104072398,5.993883792048929,3,True,True,0.18099547511312217,0.3031674208144796,False,,False,False,,False,False,,False,False,False,False,True,False,True,0.07291666666666667,False,,,,110.5,0.25,,3,True,False,False,False,False,Q4_strong,0.15-0.30R,after 13:30,narrow,Thu
2025-02-07,down,True,23,0.11347517730496454,15.170603674540683,1,False,True,0.42819148936170215,0.4725177304964539,True,2.0,True,True,2.0,True,False,,False,False,False,False,False,False,True,0.3800578034682081,True,0.6932624113475178,0.6932624113475178,,282.0,0.9166666666666666,,4,True,False,False,False,False,Q4_strong,0.05-0.15R,10:30-11:00,widest,Fri
2025-02-10,up,True,5,0.025096525096525095,1.4545454545454546,1,False,False,,0.1583011583011583,True,1.0,True,True,1.0,True,True,7.0,False,False,False,False,False,False,False,-0.4852941176470588,True,-0.4594594594594595,-0.4594594594594595,-1.0,129.5,0.35,,0,False,False,False,False,False,Q2,<0.05R,10:30-11:00,narrow,Mon
2025-02-11,up,True,14,0.0328719723183391,2.6706231454005933,3,False,True,0.04152249134948097,0.18166089965397925,True,14.0,False,True,14.0,True,True,21.0,True,False,True,False,True,False,False,-1.0,True,-1.0,-1.0,0.9634146341463414,144.5,0.4166666666666667,,1,False,False,False,False,False,Q3,<0.05R,10:30-11:00,mid,Tue
2025-02-12,up,True,8,0.07011070110701106,2.878787878787879,3,False,False,,0.48954489544895446,True,1.0,True,True,2.0,True,True,10.0,False,False,False,False,False,False,True,0.41639697950377563,True,0.6150061500615006,0.6150061500615006,-1.0,203.25,0.75,,2,True,False,False,False,False,Q3,0.05-0.15R,10:30-11:00,wide,Wed
2025-02-13,up,True,6,0.02009273570324575,0.5739514348785872,2,False,True,0.0865533230293663,0.7882534775888718,True,54.0,True,True,55.0,True,True,55.0,True,False,True,False,True,False,True,-1.0,True,-1.0,-1.0,-1.0,161.75,0.5083333333333333,,3,True,True,False,False,False,Q1_weak,<0.05R,10:30-11:00,mid,Thu
2025-02-14,up,True,26,0.039285714285714285,1.71875,6,False,True,0.08214285714285714,0.9285714285714286,True,4.0,True,True,4.0,True,True,23.0,True,False,True,False,True,False,True,-1.0,True,-1.0,-1.0,-1.0,70.0,0.05,,4,True,True,False,False,False,Q2,<0.05R,10:30-11:00,narrowest,Fri
2025-02-18,down,True,217,0.04900181488203267,6.22356495468278,2,False,True,0.17785843920145192,0.1996370235934664,True,4.0,False,True,6.0,True,True,27.0,True,False,True,False,True,False,False,-1.0,True,-1.0,-1.0,1.2024291497975708,137.75,0.35833333333333334,,1,False,False,False,False,False,Q4_strong,<0.05R,after 13:30,narrow,Tue
2025-02-19,up,True,45,0.012077294685990338,1.1394891944990178,3,False,True,0.004830917874396135,0.7560386473429952,True,1.0,True,True,1.0,True,True,2.0,False,False,False,False,True,False,True,0.45754716981132076,True,1.0,0.4927536231884058,-1.0,103.5,0.18333333333333332,,2,True,True,False,False,False,Q1_weak,<0.05R,11:00-12:00,narrow,Wed
2025-02-21,down,True,3,0.037037037037037035,2.2635658914728682,3,False,True,0.0280970625798212,1.6845466155810984,True,1.0,True,True,2.0,True,True,27.0,False,False,False,False,True,False,True,1.793103448275862,True,1.0,2.0,-1.0,195.75,0.6833333333333333,,4,True,True,True,True,False,Q3,<0.05R,10:30-11:00,wide,Fri
2025-02-24,down,True,326,0.012311901504787962,1.0303030303030303,7,False,True,0.014363885088919288,0.07523939808481532,False,,False,False,,False,False,,False,False,False,False,True,False,True,0.05740987983978638,False,,,,365.5,0.9833333333333333,,0,False,False,False,False,False,Q1_weak,<0.05R,after 13:30,widest,Mon
2025-02-25,down,True,61,0.05822613405551794,3.183279742765273,3,False,False,,0.1035883547731889,True,3.0,False,True,3.0,True,True,5.0,True,False,True,False,False,False,False,-1.0,True,-1.0,-1.0,1.8526785714285714,369.25,1.0,,1,False,False,False,False,False,Q4_strong,0.05-0.15R,11:00-12:00,widest,Tue
2025-02-26,up,True,31,0.02717391304347826,1.972318339100346,3,False,True,0.01358695652173913,0.19701086956521738,True,1.0,True,True,1.0,True,True,94.0,True,True,True,True,True,False,False,-1.0,True,-1.0,-1.0,1.8237179487179487,184.0,0.65,,2,False,False,False,False,False,Q2,<0.05R,11:00-12:00,wide,Wed
2025-02-26,down,False,179,0.09239130434782608,2.244143033292232,2,True,True,0.08967391304347826,0.6766304347826086,True,1.0,True,True,1.0,True,False,,False,False,False,False,True,False,False,-0.17660550458715596,True,1.0,-0.024456521739130436,,184.0,0.65,,2,True,True,False,False,False,Q3,0.05-0.15R,12:00-13:30,wide,Wed
2025-02-27,down,True,240,0.04332129963898917,2.656934306569343,10,False,True,0.04486848891181021,0.6157813305827746,False,,False,False,,False,False,,False,False,False,False,True,False,True,1.0137636449928809,False,,,,484.75,1.0,,3,True,True,False,False,False,Q3,<0.05R,after 13:30,widest,Thu
2025-02-28,up,True,1,0.022651006711409395,0.6684256816182937,1,False,False,,0.6233221476510067,True,1.0,True,True,1.0,True,True,2.0,True,False,True,False,False,False,True,-1.0,True,-1.0,-1.0,-1.0,298.0,0.8833333333333333,,4,True,True,False,False,False,Q1_weak,<0.05R,10:30-11:00,widest,Fri
2025-03-03,down,True,158,0.013850415512465374,0.6567796610169491,5,False,True,0.006925207756232687,1.2278393351800554,True,16.0,True,True,52.0,True,False,,False,False,False,False,True,False,True,1.9191374663072776,True,1.0,2.0,,361.0,0.95,,0,True,True,True,False,False,Q1_weak,<0.05R,12:00-13:30,widest,Mon
2025-03-04,up,True,160,0.07329105003523609,2.451394759087067,3,False,True,0.03946441155743481,0.8527131782945736,True,6.0,True,True,7.0,True,True,161.0,False,False,False,False,True,False,False,-0.2876459741856177,True,1.0,-0.1832276250880902,-0.12418300653594772,354.75,0.9333333333333333,,1,True,True,False,False,False,Q3,0.05-0.15R,12:00-13:30,widest,Tue
2025-03-05,down,True,56,0.019845644983461964,0.7096774193548387,2,False,False,,0.24366041896361632,True,1.0,True,True,2.0,True,True,31.0,True,True,True,True,False,False,False,-1.0,True,-1.0,-1.0,1.7180722891566265,226.75,0.7083333333333334,,2,False,False,False,False,False,Q1_weak,<0.05R,11:00-12:00,wide,Wed
2025-03-05,up,False,128,0.006615214994487321,1.3908205841446453,2,True,False,,1.0055126791620728,True,1.0,True,True,5.0,True,True,7.0,False,False,False,False,False,False,True,1.9608269858541894,True,1.0,2.0,-1.0,226.75,0.7083333333333334,,2,True,True,True,False,False,Q2,<0.05R,12:00-13:30,wide,Wed
2025-03-06,up,True,9,0.03718199608610567,2.9417773237997955,3,False,True,0.11056751467710371,0.11545988258317025,True,2.0,False,True,4.0,True,True,15.0,True,True,True,True,True,False,False,-1.0,True,-1.0,-1.0,1.6697892271662764,255.5,0.7333333333333333,,3,False,False,False,False,False,Q3,<0.05R,10:30-11:00,wide,Thu
2025-03-06,down,False,93,0.030332681017612523,1.2708333333333333,2,True,True,0.05185909980430528,0.8816046966731899,True,19.0,True,False,,False,False,,False,False,False,False,False,False,True,0.9501845018450185,True,1.0,1.0684931506849316,,255.5,0.7333333333333333,,3,True,True,False,False,False,Q1_weak,<0.05R,12:00-13:30,wide,Thu
2025-03-07,down,True,1,0.16953035509736541,2.8706624605678233,2,False,True,0.19931271477663232,1.1832760595647194,True,18.0,True,True,18.0,False,True,143.0,True,True,True,True,True,False,False,1.2403763900769889,True,1.0,2.0,0.5383373688458434,218.25,0.65,,4,True,True,True,False,False,Q3,0.15-0.30R,10:30-11:00,wide,Fri
2025-03-07,up,False,232,0.044673539518900345,2.33879781420765,10,True,True,0.09851088201603665,0.2027491408934708,True,4.0,True,True,4.0,True,True,76.0,True,False,True,False,True,False,False,-1.0,True,-1.0,-1.0,-1.0,218.25,0.65,,4,False,False,False,False,False,Q3,<0.05R,after 13:30,wide,Fri
2025-03-10,down,True,3,0.007992007992007992,1.0225921521997623,2,False,True,0.004995004995004995,1.5264735264735265,True,1.0,True,True,5.0,True,True,5.0,False,False,False,False,True,False,True,1.952802359882006,True,1.0,2.0,-1.0,250.25,0.7166666666666667,,0,True,True,True,True,False,Q1_weak,<0.05R,10:30-11:00,wide,Mon
2025-03-11,down,True,7,0.05324459234608985,3.049056603773585,1,False,True,0.07321131447587355,0.37437603993344426,True,3.0,True,True,6.0,True,True,8.0,True,True,True,True,True,False,False,-1.0,True,-1.0,-1.0,-1.0,300.5,0.85,,1,True,False,False,False,False,Q4_strong,0.05-0.15R,10:30-11:00,widest,Tue
2025-03-11,up,False,259,0.03161397670549085,0.8072487644151565,2,True,True,0.022462562396006656,0.2420965058236273,True,1.0,True,True,12.0,True,True,13.0,True,False,True,False,True,False,False,-1.0,True,-1.0,-1.0,1.4127310061601643,300.5,0.85,,1,False,False,False,False,False,Q1_weak,<0.05R,after 13:30,widest,Tue
2025-03-12,down,True,2,0.1125158027812895,2.2395326192794545,4,False,True,0.14538558786346398,0.934260429835651,True,66.0,False,True,71.0,False,True,97.0,True,False,True,False,True,False,False,-1.0,True,-1.0,-1.0,-0.1634050880626223,197.75,0.55,,2,True,True,False,False,False,Q3,0.05-0.15R,10:30-11:00,mid,Wed
2025-03-13,down,True,66,0.08217821782178218,3.329065300896287,4,False,True,0.06534653465346535,0.6118811881188119,True,6.0,True,True,7.0,True,True,61.0,False,False,False,False,True,False,True,0.3554421768707483,True,1.0,0.5782178217821782,-1.0,252.5,0.7,,3,True,True,False,False,False,Q4_strong,0.05-0.15R,11:00-12:00,wide,Thu
2025-03-14,up,True,30,0.020380434782608696,1.7431192660550456,5,False,True,0.10326086956521739,0.6616847826086957,True,1.0,True,True,9.0,True,False,,False,False,False,False,True,True,True,0.8433420365535248,True,1.0,0.9184782608695652,,184.0,0.475,,4,True,True,False,False,False,Q2,<0.05R,10:30-11:00,mid,Fri
2025-03-17,down,True,28,0.016717325227963525,1.0857142857142856,5,False,False,,0.331306990881459,True,1.0,True,True,1.0,True,True,75.0,True,True,True,True,False,False,False,-1.0,True,-1.0,-1.0,0.9819004524886877,164.5,0.4,,0,True,False,False,False,False,Q1_weak,<0.05R,10:30-11:00,mid,Mon
2025-03-17,up,False,221,0.05167173252279635,2.361111111111111,1,True,True,0.05927051671732523,0.6778115501519757,True,104.0,False,True,104.0,False,True,105.0,False,False,False,False,True,True,False,-0.2699724517906336,True,-0.1945288753799392,-0.1945288753799392,0.08974358974358974,164.5,0.4,,0,True,True,False,False,False,Q3,0.05-0.15R,after 13:30,mid,Mon
2025-03-18,down,True,31,0.041392285983066796,3.127463863337714,2,False,True,0.0761994355597366,0.11382878645343368,True,7.0,False,True,7.0,True,True,24.0,True,False,True,False,True,False,False,-1.0,True,-1.0,-1.0,0.3377049180327869,265.75,0.75,,1,False,False,False,False,False,Q4_strong,<0.05R,11:00-12:00,wide,Tue
2025-03-19,up,True,75,0.0012853470437017994,0.10471204188481674,6,False,False,,1.2455012853470437,True,1.0,True,True,1.0,True,True,48.0,True,False,True,False,False,False,True,-1.0,True,-1.0,-1.0,-1.0,194.5,0.48333333333333334,,2,True,True,True,False,False,Q1_weak,<0.05R,11:00-12:00,mid,Wed
2025-03-20,up,True,13,0.015117157974300832,0.6659267480577137,4,False,False,,0.05517762660619804,True,1.0,True,True,7.0,True,True,9.0,True,False,True,False,False,False,False,-1.0,True,-1.0,-1.0,4.0,330.75,0.9,,3,False,False,False,False,False,Q1_weak,<0.05R,10:30-11:00,widest,Thu
2025-03-21,up,True,26,0.04066265060240964,3.7518463810930576,5,False,True,0.12198795180722892,1.2078313253012047,True,1.0,True,True,17.0,True,True,24.0,True,False,True,False,True,False,True,-1.0,True,-1.0,-1.0,-1.0,166.0,0.36666666666666664,,4,True,True,True,False,False,Q4_strong,<0.05R,10:30-11:00,narrow,Fri
2025-03-24,up,True,19,0.07822410147991543,1.870503597122302,2,False,True,0.052854122621564484,0.5243128964059197,True,6.0,True,True,9.0,True,True,13.0,False,False,False,False,True,False,True,0.1316270566727605,True,1.0,0.3086680761099366,-1.0,118.25,0.11666666666666667,,0,True,True,False,False,False,Q2,0.05-0.15R,10:30-11:00,narrowest,Mon
2025-03-25,up,True,8,0.10752688172043011,2.028397565922921,5,False,True,0.07526881720430108,0.43548387096774194,True,57.0,False,True,62.0,True,True,113.0,True,False,True,False,True,False,True,-1.0,True,-1.0,-1.0,-0.8943661971830986,93.0,0.06666666666666667,,1,True,False,False,False,False,Q2,0.05-0.15R,10:30-11:00,narrowest,Tue
2025-03-26,down,True,82,0.06854838709677419,3.8117647058823527,5,False,True,0.07661290322580645,0.7338709677419355,False,,False,False,,False,False,,False,False,False,False,False,False,True,0.6914893617021277,False,,,,248.0,0.6333333333333333,,2,True,True,False,False,False,Q4_strong,0.05-0.15R,11:00-12:00,wide,Wed
2025-03-27,up,True,2,0.028416779431664412,1.529808773903262,1,False,False,,0.41948579161028415,True,1.0,True,True,1.0,True,True,58.0,True,False,True,False,False,False,False,-1.0,True,-1.0,-1.0,1.2465753424657535,184.75,0.48333333333333334,,3,True,False,False,False,False,Q2,<0.05R,10:30-11:00,mid,Thu
2025-03-28,down,True,2,0.045124899274778404,1.8863361547762998,2,False,False,,0.6760676873489122,True,7.0,True,True,7.0,True,False,,False,False,False,False,False,False,True,0.9209164818920916,True,1.0,1.0942788074133762,,310.25,0.8666666666666667,,4,True,True,False,False,False,Q2,<0.05R,10:30-11:00,widest,Fri
2025-03-31,up,True,52,0.0034883720930232558,1.6648879402347918,5,False,True,0.04302325581395349,1.386046511627907,True,6.0,True,True,7.0,True,False,,False,False,False,False,True,False,True,1.9792147806004619,True,1.0,2.0,,215.0,0.55,,0,True,True,True,False,False,Q2,<0.05R,11:00-12:00,mid,Mon
2025-04-01,up,True,21,0.06956521739130435,1.562099871959027,3,False,True,0.043478260869565216,0.901863354037267,True,191.0,False,True,191.0,False,True,195.0,False,False,False,False,True,True,True,1.1079607415485277,True,1.0,1.4012422360248447,-0.8012269938650307,201.25,0.5333333333333333,,1,True,True,False,False,False,Q2,0.05-0.15R,10:30-11:00,mid,Tue
2025-04-02,up,True,27,0.014790468364831553,1.5345911949685536,2,False,True,0.03451109285127362,0.885784716516023,True,3.0,True,True,3.0,True,True,16.0,False,False,False,False,True,False,True,0.7741420590582602,True,1.0,0.8266228430566968,-1.0,304.25,0.85,,2,True,True,False,False,False,Q2,<0.05R,10:30-11:00,widest,Wed
2025-04-03,down,True,10,0.008027522935779817,1.1524822695035462,1,False,False,,0.8784403669724771,True,1.0,True,True,1.0,True,True,1.0,True,False,True,False,False,False,True,-1.0,True,1.0,-1.0,-1.0,218.0,0.55,,3,True,True,False,False,False,Q1_weak,<0.05R,10:30-11:00,mid,Thu
2025-04-04,down,True,2,0.04017857142857143,0.9393346379647749,2,False,False,,1.1436011904761905,True,1.0,True,True,29.0,False,True,29.0,True,False,True,False,False,False,True,-1.0,True,1.0,-1.0,-1.0,336.0,0.9166666666666666,,4,True,True,True,False,False,Q1_weak,<0.05R,10:30-11:00,widest,Fri
2025-04-08,down,True,43,0.06291946308724833,1.3220338983050848,4,False,True,0.06375838926174497,3.6434563758389262,True,1.0,True,True,7.0,True,True,27.0,False,False,False,False,True,False,True,1.6646795827123695,True,1.0,2.0,-1.0,298.0,0.7916666666666666,,1,True,True,True,True,True,Q2,0.05-0.15R,11:00-12:00,wide,Tue
2025-04-09,up,True,152,0.15876027830487033,6.44666155026861,3,False,True,0.1265022137887413,4.526881720430108,True,5.0,True,True,5.0,True,True,16.0,False,False,False,False,True,False,True,1.2770043206913106,True,1.0,2.0,-1.0,395.25,0.9666666666666667,,2,True,True,True,True,True,Q4_strong,0.15-0.30R,12:00-13:30,widest,Wed
2025-04-10,down,True,46,0.024752475247524754,1.2016293279022403,7,False,True,0.0297029702970297,2.1435643564356437,True,167.0,False,True,168.0,False,False,,False,False,False,False,True,False,True,1.8584905660377358,True,1.0,2.0,,303.0,0.8,,3,True,True,True,True,True,Q1_weak,<0.05R,11:00-12:00,wide,Thu
2025-04-11,up,True,122,0.008069939475453935,1.0434782608695652,3,True,True,0.04976462676529926,0.6072629455279085,True,1.0,True,True,57.0,True,False,,False,False,False,False,True,False,True,0.8405029781601588,True,1.0,0.8702084734364492,,371.75,0.95,,4,True,True,False,False,False,Q1_weak,<0.05R,12:00-13:30,widest,Fri
2025-04-14,down,True,57,0.0449438202247191,1.4814814814814814,5,False,True,0.05056179775280899,0.9372659176029963,True,5.0,True,True,174.0,False,True,220.0,False,False,False,False,True,False,True,0.23024054982817868,True,1.0,0.3408239700374532,-0.3837471783295711,267.0,0.6833333333333333,,0,True,True,False,False,False,Q2,<0.05R,11:00-12:00,wide,Mon
2025-04-15,down,True,173,0.01021566401816118,1.103448275862069,3,False,True,0.0510783200908059,0.18274687854710556,True,1.0,True,True,1.0,True,True,14.0,False,False,False,False,True,False,False,-0.3314794215795328,True,-0.3178206583427923,-0.3178206583427923,-1.0,220.25,0.5,,1,False,False,False,False,False,Q1_weak,<0.05R,12:00-13:30,mid,Tue
2025-04-16,up,True,54,0.14684287812041116,3.1290743155149934,5,False,True,0.16740088105726872,0.32599118942731276,True,7.0,False,True,14.0,True,True,29.0,True,True,True,True,True,False,False,-1.0,True,-1.0,-1.0,0.8466257668711656,170.25,0.3,,2,True,False,False,False,False,Q4_strong,0.05-0.15R,11:00-12:00,narrow,Wed
2025-04-16,down,False,181,0.14243759177679882,6.398996235884567,2,True,True,0.20704845814977973,2.3083700440528636,True,1.0,True,False,,False,False,,False,False,False,False,False,False,True,1.334857142857143,True,1.0,2.0,,170.25,0.3,,2,True,True,True,True,True,Q4_strong,0.05-0.15R,after 13:30,narrow,Wed
2025-04-17,down,True,0,0.10810810810810811,2.3516720604099244,4,False,True,0.021879021879021878,0.2767052767052767,True,2.0,True,True,3.0,True,True,36.0,True,True,True,True,True,False,False,-1.0,True,-1.0,-1.0,0.9489194499017681,194.25,0.35,,3,True,False,False,False,False,Q3,0.05-0.15R,10:30-11:00,narrow,Thu
2025-04-17,up,False,230,0.009009009009009009,1.2171507607192256,2,True,False,,0.08494208494208494,True,1.0,True,True,6.0,True,True,9.0,True,False,True,False,False,False,False,-1.0,True,-1.0,-1.0,2.357142857142857,194.25,0.35,,3,False,False,False,False,False,Q1_weak,<0.05R,after 13:30,narrow,Thu
2025-04-21,down,True,44,0.03770028275212064,2.723279648609078,3,False,True,0.021677662582469368,0.7530631479736098,True,1.0,True,True,4.0,True,True,283.0,False,False,False,False,True,False,False,-0.22787028921998248,True,1.0,-0.1696512723845429,-0.050213675213675216,265.25,0.65,,0,True,True,False,False,False,Q3,<0.05R,11:00-12:00,wide,Mon
2025-04-22,up,True,9,0.0340632603406326,1.5172413793103448,3,False,True,0.021897810218978103,1.0121654501216546,True,2.0,True,True,12.0,True,True,169.0,False,False,False,False,True,False,True,1.8086560364464692,True,1.0,2.0,-0.45138178096212894,205.5,0.4166666666666667,,1,True,True,True,False,False,Q2,<0.05R,10:30-11:00,mid,Tue
2025-04-23,up,True,5,0.049342105263157895,1.2662090007627766,1,False,True,0.03399122807017544,0.09210526315789473,True,2.0,False,True,2.0,True,True,4.0,True,True,True,True,True,False,False,-1.0,True,-1.0,-1.0,6.377777777777778,228.0,0.5333333333333333,,2,False,False,False,False,False,Q1_weak,<0.05R,10:30-11:00,mid,Wed
2025-04-23,down,False,57,0.03070175438596491,1.3233923578751166,2,True,True,0.10964912280701754,0.819078947368421,True,3.0,True,True,3.0,True,False,,False,False,False,False,True,False,True,1.0020661157024793,True,1.0,1.125,,228.0,0.5333333333333333,,2,True,True,False,False,False,Q2,<0.05R,11:00-12:00,mid,Wed
2025-04-24,up,True,2,0.009290540540540541,1.180327868852459,1,False,False,,0.6613175675675675,True,1.0,True,True,11.0,True,True,11.0,False,False,False,False,False,False,True,1.1575456053067994,True,1.0,1.197635135135135,-1.0,296.0,0.7333333333333333,,3,True,True,False,False,False,Q1_weak,<0.05R,10:30-11:00,wide,Thu
2025-04-25,up,True,113,0.054411764705882354,1.9172113289760349,2,True,True,0.057352941176470586,0.8735294117647059,True,87.0,False,True,89.0,False,False,,False,False,False,False,True,True,True,1.220159151193634,True,1.0,1.4617647058823529,,170.0,0.23333333333333334,,4,True,True,False,False,False,Q2,0.05-0.15R,12:00-13:30,narrow,Fri
2025-04-28,down,True,39,0.06851119894598155,1.6161616161616161,8,False,False,,0.927536231884058,True,2.0,True,True,2.0,True,True,252.0,True,False,True,False,False,False,False,-1.0,True,1.0,-1.0,0.10433884297520661,189.75,0.31666666666666665,,0,True,True,False,False,False,Q2,0.05-0.15R,11:00-12:00,narrow,Mon
2025-04-29,up,True,30,0.027848101265822784,1.1532125205930808,3,False,False,,0.4417721518987342,True,1.0,True,True,1.0,True,True,3.0,True,False,True,False,False,False,True,-1.0,True,-1.0,-1.0,-1.0,197.5,0.36666666666666664,,1,True,False,False,False,False,Q1_weak,<0.05R,10:30-11:00,narrow,Tue
2025-04-30,up,True,0,0.023668639053254437,1.0035005834305717,2,False,True,0.02485207100591716,1.8970414201183432,True,5.0,True,True,5.0,True,True,11.0,False,False,False,False,True,False,True,1.8644067796610169,True,1.0,2.0,-1.0,211.25,0.45,,2,True,True,True,True,False,Q1_weak,<0.05R,10:30-11:00,mid,Wed
2025-05-01,up,True,6,0.11512027491408934,2.2535211267605635,3,False,True,0.0859106529209622,0.8264604810996563,True,2.0,True,True,78.0,False,True,79.0,True,True,True,True,True,True,False,-1.0,True,1.0,-1.0,0.6661442006269592,145.5,0.16666666666666666,,3,True,True,False,False,False,Q3,0.05-0.15R,10:30-11:00,narrowest,Thu
2025-05-02,up,True,45,0.029595015576323987,2.3703703703703702,2,False,True,0.056074766355140186,0.6012461059190031,True,3.0,True,True,4.0,True,True,6.0,False,False,False,False,True,False,True,0.008823529411764706,True,1.0,0.06853582554517133,-1.0,160.5,0.16666666666666666,,4,True,True,False,False,False,Q3,<0.05R,11:00-12:00,narrowest,Fri
2025-05-05,up,True,31,0.015904572564612324,1.1918063314711358,2,False,False,,0.6401590457256461,True,1.0,True,True,1.0,True,True,8.0,True,False,True,False,False,False,False,-1.0,True,1.0,-1.0,-1.0,125.75,0.08333333333333333,,0,True,True,False,False,False,Q1_weak,<0.05R,11:00-12:00,narrowest,Mon
2025-05-06,up,True,5,0.013196480938416423,0.46052631578947373,4,False,False,,0.6847507331378299,True,1.0,True,True,1.0,True,True,94.0,False,False,False,False,False,False,False,-0.4114285714285714,True,1.0,-0.39589442815249265,-1.0,170.5,0.26666666666666666,,1,True,True,False,False,False,Q1_weak,<0.05R,10:30-11:00,narrow,Tue
2025-05-07,down,True,24,0.07322175732217573,3.680297397769517,13,True,True,0.09832635983263599,1.49581589958159,True,1.0,True,True,107.0,False,True,288.0,True,True,True,True,True,False,False,-1.0,True,1.0,-1.0,-0.09757942511346444,119.5,0.08333333333333333,,2,True,True,True,False,False,Q4_strong,0.05-0.15R,10:30-11:00,narrowest,Wed
2025-05-07,up,False,312,0.2698744769874477,5.539971949509116,4,True,True,0.7907949790794979,0.6401673640167364,True,2.0,False,True,4.0,False,False,,True,True,False,False,True,True,False,-1.0,True,-1.0,-1.0,,119.5,0.08333333333333333,,2,True,True,False,False,False,Q4_strong,0.15-0.30R,after 13:30,narrowest,Wed
2025-05-08,down,True,24,0.0050335570469798654,1.2729498164014688,2,False,True,0.21476510067114093,0.3087248322147651,True,1.0,True,True,3.0,True,True,20.0,True,True,True,True,True,False,False,-1.0,True,-1.0,-1.0,0.8352941176470589,149.0,0.15,,3,True,False,False,False,False,Q1_weak,<0.05R,10:30-11:00,narrowest,Thu
2025-05-08,up,False,58,0.1325503355704698,2.955223880597015,2,True,True,0.0016778523489932886,1.0956375838926173,True,1.0,True,True,1.0,True,True,267.0,False,False,False,False,True,False,False,1.3713527851458887,True,1.0,2.0,0.0136986301369863,149.0,0.15,,3,True,True,True,False,False,Q3,0.05-0.15R,11:00-12:00,narrowest,Thu
2025-05-09,down,True,5,0.046130952380952384,2.155688622754491,2,False,True,0.049107142857142856,0.31994047619047616,True,8.0,False,True,13.0,True,True,25.0,False,False,False,False,True,False,False,-0.35149863760217986,True,-0.2916666666666667,-0.2916666666666667,-0.10057471264367816,168.0,0.23333333333333334,,4,True,False,False,False,False,Q3,<0.05R,10:30-11:00,narrow,Fri
2025-05-12,down,True,0,0.031446540880503145,2.4438902743142146,1,False,True,0.03018867924528302,0.16855345911949685,True,2.0,False,True,2.0,True,True,9.0,True,True,True,True,True,False,False,-1.0,True,-1.0,-1.0,3.092511013215859,198.75,0.43333333333333335,,0,False,False,False,False,False,Q3,<0.05R,10:30-11:00,mid,Mon
2025-05-12,up,False,158,0.025157232704402517,4.961832061068702,3,True,True,0.055345911949685536,0.1610062893081761,True,2.0,True,True,2.0,True,True,15.0,False,False,False,False,True,False,True,0.2155688622754491,True,0.27672955974842767,0.27672955974842767,-1.0,198.75,0.43333333333333335,,0,False,False,False,False,False,Q4_strong,<0.05R,12:00-13:30,mid,Mon
2025-05-13,up,True,23,0.011872146118721462,3.8684719535783363,1,False,True,0.021917808219178082,0.365296803652968,True,1.0,True,True,1.0,True,False,,False,False,False,False,True,False,True,0.14986619090098127,True,0.1771689497716895,0.1771689497716895,,273.75,0.7,,1,True,False,False,False,False,Q4_strong,<0.05R,10:30-11:00,wide,Tue
2025-05-14,up,True,122,0.03612167300380228,5.433070866141732,4,False,True,0.10836501901140684,0.10836501901140684,True,4.0,False,True,5.0,True,True,8.0,True,False,True,False,True,False,False,-1.0,True,-1.0,-1.0,-0.5631067961165048,131.5,0.1,,2,False,False,False,False,False,Q4_strong,<0.05R,12:00-13:30,narrowest,Wed
2025-05-15,up,True,33,0.08354430379746836,3.289124668435013,2,False,True,0.14430379746835442,1.8556962025316455,True,262.0,False,True,262.0,False,True,262.0,False,False,False,False,True,True,True,1.5704989154013016,True,1.0,1.478481012658228,-0.44806007509386736,98.75,0.03333333333333333,,3,True,True,True,True,False,Q4_strong,0.05-0.15R,11:00-12:00,narrowest,Thu
2025-05-16,down,True,5,0.04281345565749235,1.2371134020618557,1,False,False,,0.8318042813455657,True,1.0,True,True,19.0,False,True,19.0,True,True,True,True,False,False,False,-1.0,True,1.0,-1.0,1.0236486486486487,81.75,0.016666666666666666,,4,True,True,False,False,False,Q1_weak,<0.05R,10:30-11:00,narrowest,Fri
2025-05-16,up,False,183,0.0061162079510703364,1.2996389891696751,2,True,False,,0.5137614678899083,True,1.0,True,True,3.0,True,True,6.0,False,False,False,False,False,False,True,0.851963746223565,True,1.0,0.8746177370030581,-1.0,81.75,0.016666666666666666,,4,True,True,False,False,False,Q1_weak,<0.05R,after 13:30,narrowest,Fri
2025-05-19,up,True,71,0.0345821325648415,1.9383259911894273,7,False,True,0.024015369836695485,0.3150816522574448,True,2.0,True,True,2.0,True,False,,False,False,False,False,True,False,True,0.3719676549865229,True,0.4668587896253602,0.4668587896253602,,260.25,0.65,,0,True,False,False,False,False,Q2,<0.05R,11:00-12:00,wide,Mon
2025-05-20,up,True,10,0.01764705882352941,0.23323615160349856,4,False,True,0.10588235294117647,0.40588235294117647,True,1.0,True,True,1.0,True,True,64.0,True,True,True,True,True,False,True,-1.0,True,-1.0,-1.0,-1.0,85.0,0.03333333333333333,,1,True,False,False,False,False,Q1_weak,<0.05R,10:30-11:00,narrowest,Tue
2025-05-20,down,False,238,0.07352941176470588,2.3934426229508197,3,True,True,0.13823529411764707,0.6676470588235294,True,2.0,True,True,2.0,True,True,63.0,True,True,True,True,True,False,False,-1.0,True,1.0,-1.0,0.41044776119402987,85.0,0.03333333333333333,,1,True,True,False,False,False,Q3,0.05-0.15R,after 13:30,narrowest,Tue
2025-05-21,up,True,26,0.0060882800608828,3.2699619771863118,2,False,True,0.0593607305936073,0.7138508371385084,True,1.0,True,True,139.0,False,True,141.0,True,True,True,True,True,True,False,-1.0,True,1.0,-1.0,0.6706231454005934,164.25,0.2,,2,True,True,False,False,False,Q4_strong,<0.05R,10:30-11:00,narrow,Wed
2025-05-21,down,False,174,0.0334855403348554,2.371294851794072,1,True,True,0.0136986301369863,1.243531202435312,True,1.0,True,True,14.0,False,True,15.0,False,False,False,False,True,False,True,1.81169757489301,True,1.0,2.0,-1.0,164.25,0.2,,2,True,True,True,False,False,Q3,<0.05R,12:00-13:30,narrow,Wed
2025-05-23,up,True,67,0.036390101892285295,2.334384858044164,2,False,False,,0.5167394468704513,True,1.0,True,True,1.0,True,True,2.0,False,False,False,False,False,False,False,-0.23880597014925373,True,1.0,-0.18340611353711792,-1.0,171.75,0.31666666666666665,,4,True,True,False,False,False,Q3,<0.05R,11:00-12:00,narrow,Fri
2025-05-27,up,True,18,0.02490170380078637,2.167487684729064,2,False,False,,0.5504587155963303,True,1.0,True,True,1.0,True,True,1.0,False,False,False,False,False,False,True,0.7815230961298377,True,1.0,0.8702490170380078,-1.0,190.75,0.38333333333333336,,1,True,True,False,False,False,Q3,<0.05R,10:30-11:00,mid,Tue
2025-05-28,down,True,7,0.005802707930367505,2.429906542056075,1,False,True,0.015473887814313346,0.690522243713733,True,1.0,True,True,1.0,True,True,4.0,True,False,True,False,True,False,True,-1.0,True,-1.0,-1.0,-1.0,129.25,0.13333333333333333,,2,True,True,False,False,False,Q3,<0.05R,10:30-11:00,narrowest,Wed
2025-05-29,down,True,87,0.04678362573099415,8.361204013377927,5,False,True,0.1946532999164578,0.2656641604010025,True,13.0,False,True,13.0,True,True,60.0,False,False,False,False,True,False,False,-0.2750190985485103,True,-0.2071846282372598,-0.2071846282372598,-0.32621951219512196,299.25,0.85,,3,True,False,False,False,False,Q4_strong,<0.05R,11:00-12:00,widest,Thu
2025-05-30,up,True,7,0.01740506329113924,3.9406779661016946,2,False,True,0.0759493670886076,0.2579113924050633,True,1.0,True,True,3.0,True,True,8.0,True,True,True,True,True,False,False,-1.0,True,-1.0,-1.0,3.170886075949367,158.0,0.2,,4,True,False,False,False,False,Q4_strong,<0.05R,10:30-11:00,narrow,Fri
2025-05-30,down,False,117,0.06487341772151899,3.364485981308411,3,True,True,0.16772151898734178,1.0332278481012658,True,102.0,False,True,103.0,False,True,111.0,True,True,True,True,True,False,False,1.6554621848739495,True,-1.0,-1.0,0.6753585397653195,158.0,0.2,,4,True,True,True,False,False,Q4_strong,0.05-0.15R,12:00-13:30,narrow,Fri
2025-06-02,up,True,151,0.05263157894736842,3.5643564356435644,3,False,True,0.03919372900335946,0.3840985442329227,True,3.0,True,True,13.0,True,True,21.0,False,False,False,False,True,False,True,0.5227963525835866,True,0.683090705487122,0.683090705487122,-1.0,223.25,0.65,,0,True,False,False,False,False,Q4_strong,0.05-0.15R,12:00-13:30,wide,Mon
2025-06-03,up,True,21,0.038834951456310676,2.910216718266254,1,False,True,0.019417475728155338,0.941747572815534,True,1.0,True,False,,False,False,,False,False,False,False,True,True,True,0.8792792792792793,True,1.0,1.025242718446602,,128.75,0.13333333333333333,,1,True,True,False,False,False,Q3,<0.05R,10:30-11:00,narrowest,Tue
2025-06-04,up,True,216,0.031198686371100164,2.6436781609195403,2,False,False,,0.06403940886699508,True,1.0,True,True,1.0,True,True,2.0,False,False,False,False,False,False,False,-0.5038639876352395,True,-0.4729064039408867,-0.4729064039408867,-1.0,152.25,0.21666666666666667,,2,False,False,False,False,False,Q3,<0.05R,after 13:30,narrow,Wed
2025-06-05,up,True,16,0.10067114093959731,2.1461609620721553,1,False,True,0.025167785234899327,0.6342281879194631,True,1.0,True,True,2.0,True,True,3.0,True,True,True,True,True,False,False,-1.0,True,1.0,-1.0,-1.0,149.0,0.20833333333333334,,3,True,True,False,False,False,Q3,0.05-0.15R,10:30-11:00,narrow,Thu
2025-06-05,down,False,142,0.03691275167785235,3.6135508155583436,2,True,True,0.010067114093959731,1.261744966442953,True,1.0,True,True,1.0,True,True,19.0,True,False,True,False,True,False,True,-1.0,True,-1.0,-1.0,-1.0,149.0,0.20833333333333334,,3,True,True,True,False,False,Q4_strong,<0.05R,12:00-13:30,narrow,Thu
2025-06-06,down,True,50,0.05172413793103448,1.591263650546022,6,True,True,0.04433497536945813,0.4014778325123153,True,1.0,True,True,2.0,True,True,162.0,True,True,True,True,True,False,False,-1.0,True,-1.0,-1.0,0.1402805611222445,101.5,0.08333333333333333,,4,True,False,False,False,False,Q2,0.05-0.15R,11:00-12:00,narrowest,Fri
2025-06-06,up,False,243,0.034482758620689655,2.43161094224924,4,True,False,,0.09113300492610837,True,1.0,False,True,1.0,True,True,9.0,True,False,True,False,False,False,False,-1.0,True,-1.0,-1.0,1.7768595041322315,101.5,0.08333333333333333,,4,False,False,False,False,False,Q3,<0.05R,after 13:30,narrowest,Fri
2025-06-09,up,True,2,0.09740259740259741,2.384428223844282,3,False,False,,0.21212121212121213,True,7.0,False,True,11.0,True,True,13.0,False,False,False,False,False,False,False,-0.8514492753623188,True,-0.8225108225108225,-0.8225108225108225,0.6744186046511628,115.5,0.1,,0,False,False,False,False,False,Q3,0.05-0.15R,10:30-11:00,narrowest,Mon
2025-06-10,down,True,62,0.2691029900332226,7.324675324675325,7,False,True,0.4119601328903654,1.0,True,8.0,False,True,10.0,False,True,21.0,True,True,True,True,True,False,False,0.9503239740820735,True,-1.0,-1.0,0.16216216216216217,75.25,0.016666666666666666,,1,True,True,True,False,False,Q4_strong,0.15-0.30R,11:00-12:00,narrowest,Tue
2025-06-10,up,False,92,0.0033222591362126247,0.056179775280898875,5,True,True,0.19933554817275748,1.3156146179401993,True,1.0,True,True,1.0,True,True,118.0,True,False,True,False,True,True,True,-1.0,True,1.0,-1.0,-1.0,75.25,0.016666666666666666,,1,True,True,True,False,False,Q1_weak,<0.05R,12:00-13:30,narrowest,Tue
2025-06-11,up,True,4,0.01568627450980392,2.0869565217391304,3,False,False,,0.1803921568627451,True,1.0,True,True,1.0,True,True,35.0,True,True,True,True,False,False,False,-1.0,True,-1.0,-1.0,1.2462686567164178,127.5,0.18333333333333332,,2,False,False,False,False,False,Q3,<0.05R,10:30-11:00,narrow,Wed
2025-06-11,down,False,211,0.15098039215686274,3.7162162162162162,1,True,True,0.09215686274509804,0.9803921568627451,False,,False,False,,False,False,,False,False,False,False,True,False,True,0.10542168674698796,False,,,,127.5,0.18333333333333332,,2,True,True,False,False,False,Q4_strong,0.15-0.30R,after 13:30,narrow,Wed
2025-06-12,up,True,7,0.08258928571428571,3.3175355450236963,2,False,True,0.08705357142857142,0.4174107142857143,True,20.0,True,True,40.0,True,True,45.0,False,False,False,False,True,False,True,-0.04980842911877394,True,0.10714285714285714,0.10714285714285714,-0.38721804511278196,112.0,0.11666666666666667,,3,True,False,False,False,False,Q4_strong,0.05-0.15R,10:30-11:00,narrowest,Thu
2025-06-13,up,True,52,0.04922644163150492,4.591304347826087,2,False,True,0.07313642756680731,0.33755274261603374,True,1.0,True,True,1.0,True,True,114.0,True,True,True,True,True,False,False,-1.0,True,-1.0,-1.0,1.4960629921259843,177.75,0.48333333333333334,,4,True,False,False,False,False,Q4_strong,<0.05R,11:00-12:00,mid,Fri
2025-06-13,down,False,315,0.02531645569620253,1.9701492537313432,5,True,True,0.030942334739803096,0.09423347398030943,True,1.0,True,True,1.0,True,False,,False,False,False,False,True,False,False,-0.42570281124497994,True,-0.39662447257383965,-0.39662447257383965,,177.75,0.48333333333333334,,4,False,False,False,False,False,Q2,<0.05R,after 13:30,mid,Fri
2025-06-16,up,True,2,0.014666666666666666,1.607717041800643,1,False,False,,0.10933333333333334,True,1.0,True,True,3.0,True,True,4.0,False,False,False,False,False,False,False,-0.2927461139896373,True,-0.272,-0.272,-1.0,187.5,0.5166666666666667,,0,False,False,False,False,False,Q2,<0.05R,10:30-11:00,mid,Mon
2025-06-17,down,True,150,0.011627906976744186,1.7293233082706767,2,True,False,,1.083720930232558,True,1.0,True,True,2.0,True,True,3.0,False,False,False,False,False,False,True,1.9318181818181819,True,1.0,2.0,-1.0,107.5,0.11666666666666667,,1,True,True,True,False,False,Q2,<0.05R,12:00-13:30,narrowest,Tue
2025-06-18,up,True,4,0.03827751196172249,2.1203438395415475,1,False,True,0.007974481658692184,0.09409888357256778,True,3.0,True,True,3.0,True,True,6.0,True,True,True,True,True,False,False,-1.0,True,-1.0,-1.0,-1.0,156.75,0.3333333333333333,,2,False,False,False,False,False,Q3,<0.05R,10:30-11:00,narrow,Wed
2025-06-18,down,False,267,0.044657097288676235,1.4439655172413794,3,True,True,0.06060606060606061,0.2807017543859649,True,1.0,True,True,6.0,True,True,16.0,True,False,True,False,True,False,False,-1.0,True,-1.0,-1.0,-0.3118556701030928,156.75,0.3333333333333333,,2,True,False,False,False,False,Q2,<0.05R,after 13:30,narrow,Wed
2025-06-20,down,True,12,0.030991735537190084,0.6255585344057194,4,False,True,0.060950413223140494,0.5103305785123967,True,1.0,True,True,51.0,True,False,,False,False,False,False,True,False,True,0.29766536964980544,True,1.0,0.378099173553719,,242.0,0.75,,4,True,True,False,False,False,Q1_weak,<0.05R,10:30-11:00,wide,Fri
2025-06-23,up,True,178,0.04926108374384237,3.1424766977363516,3,True,True,0.02561576354679803,0.31822660098522165,False,,False,False,,False,False,,False,False,False,False,True,False,True,0.34439461883408073,False,,,,253.75,0.7666666666666667,,0,True,False,False,False,False,Q4_strong,<0.05R,12:00-13:30,wide,Mon
2025-06-24,up,True,12,0.061224489795918366,1.1170212765957446,4,False,True,0.08843537414965986,1.5612244897959184,True,1.0,True,True,4.0,True,False,,False,False,False,False,True,False,True,1.6727272727272726,True,1.0,2.0,,73.5,0.016666666666666666,,1,True,True,True,True,False,Q1_weak,0.05-0.15R,10:30-11:00,narrowest,Tue
2025-06-25,down,True,35,0.06804733727810651,1.195219123505976,7,False,False,,0.8905325443786982,True,1.0,True,True,1.0,True,False,,False,False,False,False,False,False,True,-0.109375,True,1.0,0.011834319526627219,,84.5,0.06666666666666667,,2,True,True,False,False,False,Q1_weak,0.05-0.15R,11:00-12:00,narrowest,Wed
2025-06-26,up,True,0,0.022727272727272728,2.252559726962457,1,False,True,0.06313131313131314,1.202020202020202,True,1.0,True,True,6.0,True,True,13.0,False,False,False,False,True,False,True,1.8695652173913044,True,1.0,2.0,-1.0,99.0,0.11666666666666667,,3,True,True,True,False,False,Q3,<0.05R,10:30-11:00,narrowest,Thu
2025-06-27,down,True,232,0.0338680926916221,1.8546365914786969,1,False,False,,0.6078431372549019,True,1.0,True,True,1.0,True,True,1.0,True,False,True,False,False,False,False,-1.0,True,1.0,-1.0,-1.0,140.25,0.3,,4,True,True,False,False,False,Q2,<0.05R,after 13:30,narrow,Fri
2025-06-30,down,True,250,0.018461538461538463,2.6027397260273974,1,False,True,0.006153846153846154,0.16307692307692306,True,1.0,True,True,3.0,True,True,5.0,True,True,True,True,True,False,False,-1.0,True,-1.0,-1.0,2.4054054054054053,81.25,0.05,,0,False,False,False,False,False,Q3,<0.05R,after 13:30,narrowest,Mon
2025-06-30,up,False,291,0.021538461538461538,4.372093023255814,5,True,True,0.06153846153846154,0.7292307692307692,True,1.0,True,True,1.0,True,False,,False,False,False,False,True,True,True,0.19469026548672566,True,1.0,0.24615384615384617,,81.25,0.05,,0,True,True,False,False,False,Q4_strong,<0.05R,after 13:30,narrowest,Mon
2025-07-01,down,True,3,0.002512562814070352,3.7478108581436076,2,False,True,0.2613065326633166,1.550251256281407,True,1.0,True,True,199.0,False,False,,False,False,False,False,False,False,True,1.985,True,1.0,2.0,,99.5,0.15,,1,True,True,True,True,False,Q4_strong,<0.05R,10:30-11:00,narrowest,Tue
2025-07-02,up,True,4,0.022108843537414966,2.1705426356589146,1,False,False,,0.3792517006802721,True,1.0,True,True,1.0,True,True,10.0,False,False,False,False,False,False,True,0.5602605863192183,True,0.6292517006802721,0.6292517006802721,-1.0,147.0,0.36666666666666664,,2,True,False,False,False,False,Q3,<0.05R,10:30-11:00,narrow,Wed
2025-07-07,down,True,26,0.12337662337662338,3.313953488372093,2,False,True,0.07792207792207792,1.5681818181818181,True,4.0,True,True,5.0,True,True,17.0,True,False,True,False,True,False,True,-1.0,True,-1.0,-1.0,-1.0,77.0,0.05,,0,True,True,True,True,False,Q4_strong,0.05-0.15R,10:30-11:00,narrowest,Mon
2025-07-08,down,True,25,0.05026455026455026,2.4734982332155475,1,False,False,,0.08465608465608465,True,1.0,True,True,1.0,True,True,2.0,True,True,True,True,False,False,False,-1.0,True,-1.0,-1.0,2.9805825242718447,94.5,0.13333333333333333,,1,False,False,False,False,False,Q3,0.05-0.15R,10:30-11:00,narrowest,Tue
2025-07-08,up,False,113,0.005291005291005291,1.9937694704049844,7,True,True,0.0873015873015873,0.2037037037037037,True,1.0,True,True,7.0,True,True,12.0,True,False,True,False,True,False,False,-1.0,True,-1.0,-1.0,0.09652509652509653,94.5,0.13333333333333333,,1,False,False,False,False,False,Q2,<0.05R,12:00-13:30,narrowest,Tue
2025-07-09,down,True,6,0.05037313432835821,2.9292929292929295,4,False,True,0.013059701492537313,0.43470149253731344,True,1.0,True,True,1.0,True,True,211.0,True,False,True,False,True,False,False,-1.0,True,-1.0,-1.0,0.3888888888888889,134.0,0.36666666666666664,,2,True,False,False,False,False,Q3,0.05-0.15R,10:30-11:00,narrow,Wed
2025-07-11,up,True,72,0.0017667844522968198,1.7777777777777777,6,False,True,0.04240282685512368,0.12014134275618374,True,1.0,True,True,1.0,True,True,14.0,True,False,True,False,True,False,False,-1.0,True,-1.0,-1.0,-1.0,141.5,0.4,,4,False,False,False,False,False,Q2,<0.05R,11:00-12:00,mid,Fri
2025-07-14,up,True,28,0.01020408163265306,0.9722222222222222,2,False,True,0.013605442176870748,0.5255102040816326,True,1.0,True,False,,False,False,,False,False,False,False,True,False,True,0.58,True,1.0,0.6122448979591837,,147.0,0.44166666666666665,,0,True,True,False,False,False,Q1_weak,<0.05R,10:30-11:00,mid,Mon
2025-07-15,down,True,22,0.017114914425427872,0.7433628318584071,3,False,True,0.17603911980440098,0.6894865525672371,True,1.0,True,True,2.0,True,True,31.0,True,False,True,False,True,False,True,-1.0,True,-1.0,-1.0,-1.0,102.25,0.21666666666666667,,1,True,True,False,False,False,Q1_weak,<0.05R,10:30-11:00,narrow,Tue
2025-07-16,down,True,49,0.055062166962699825,4.0544629349470505,2,False,True,0.1705150976909414,0.8046181172291297,True,4.0,True,True,4.0,True,True,36.0,True,True,True,True,True,False,False,-1.0,True,1.0,-1.0,0.48755490483162517,140.75,0.4166666666666667,,2,True,True,False,False,False,Q4_strong,0.05-0.15R,11:00-12:00,mid,Wed
2025-07-16,up,False,310,0.047957371225577264,4.019607843137255,4,True,True,0.03907637655417407,0.07460035523978685,True,3.0,False,True,6.0,True,False,,False,False,False,False,True,False,False,-0.2820097244732577,True,-0.21314387211367672,-0.21314387211367672,,140.75,0.4166666666666667,,2,False,False,False,False,False,Q4_strong,<0.05R,after 13:30,mid,Wed
2025-07-17,up,True,6,0.0319634703196347,2.0114942528735633,1,False,False,,0.954337899543379,True,1.0,True,True,1.0,True,True,2.0,False,False,False,False,False,False,True,1.3562231759656653,True,1.0,1.5068493150684932,-1.0,109.5,0.25,,3,True,True,False,False,False,Q2,<0.05R,10:30-11:00,narrow,Thu
2025-07-18,down,True,123,0.018255578093306288,2.4096385542168677,1,False,True,0.006085192697768763,0.13995943204868155,True,1.0,True,True,1.0,True,True,7.0,False,False,False,False,True,False,False,-0.6575342465753424,True,-0.6450304259634888,-0.6450304259634888,0.49019607843137253,123.25,0.31666666666666665,,4,False,False,False,False,False,Q3,<0.05R,12:00-13:30,narrow,Fri
2025-07-21,up,True,1,0.012195121951219513,1.1369509043927648,1,False,False,,0.03353658536585366,True,1.0,True,True,2.0,True,True,6.0,True,False,True,False,False,False,False,-1.0,True,-1.0,-1.0,6.2727272727272725,164.0,0.6333333333333333,,0,False,False,False,False,False,Q1_weak,<0.05R,10:30-11:00,wide,Mon
2025-07-23,up,True,85,0.017094017094017096,0.7558139534883721,5,False,True,0.09615384615384616,0.5213675213675214,True,2.0,True,True,3.0,True,True,26.0,True,False,True,False,True,False,True,-1.0,True,-1.0,-1.0,-1.0,117.0,0.3,,2,True,True,False,False,False,Q1_weak,<0.05R,11:00-12:00,narrow,Wed
2025-07-24,up,True,162,0.004866180048661801,0.8372093023255814,5,False,True,0.043795620437956206,0.22871046228710462,True,5.0,True,True,16.0,True,True,167.0,False,False,False,False,True,False,False,-0.4771084337349398,True,-0.4720194647201946,-0.4720194647201946,,102.75,0.23333333333333334,,3,False,False,False,False,False,Q1_weak,<0.05R,12:00-13:30,narrow,Thu
2025-07-25,up,True,53,0.011730205278592375,2.8260869565217392,2,False,True,0.03812316715542522,0.7038123167155426,True,1.0,True,True,1.0,True,True,13.0,False,False,False,False,True,False,True,0.12607449856733524,True,1.0,0.15249266862170088,-1.0,85.25,0.13333333333333333,,4,True,True,False,False,False,Q3,<0.05R,11:00-12:00,narrowest,Fri
2025-07-28,down,True,49,0.07782101167315175,3.7857142857142856,3,False,True,0.1517509727626459,0.4357976653696498,True,4.0,False,True,4.0,True,True,32.0,True,False,True,False,True,False,False,-1.0,True,-1.0,-1.0,-0.07563025210084033,64.25,0.016666666666666666,,0,True,False,False,False,False,Q4_strong,0.05-0.15R,11:00-12:00,narrowest,Mon
2025-07-29,down,True,22,0.06593406593406594,1.6966580976863754,6,False,True,0.02197802197802198,1.032967032967033,True,8.0,True,True,8.0,True,False,,False,False,False,False,True,False,True,1.6504854368932038,True,1.0,2.0,,113.75,0.3333333333333333,,1,True,True,True,False,False,Q2,0.05-0.15R,10:30-11:00,narrow,Tue
2025-07-30,up,True,20,0.016556291390728478,2.6347305389221556,1,False,True,0.009933774834437087,0.8377483443708609,True,7.0,True,True,8.0,True,True,9.0,True,True,True,True,True,False,False,-1.0,True,-1.0,-1.0,-1.0,75.5,0.06666666666666667,,2,True,True,False,False,False,Q3,<0.05R,10:30-11:00,narrowest,Wed
2025-07-30,down,False,267,0.039735099337748346,0.875912408759124,4,True,True,0.271523178807947,1.2483443708609272,True,1.0,True,True,54.0,False,False,,True,False,False,False,True,False,False,1.7791411042944785,True,1.0,2.0,,75.5,0.06666666666666667,,2,True,True,True,False,False,Q1_weak,<0.05R,after 13:30,narrowest,Wed
2025-07-31,down,True,12,0.02276707530647986,1.5146299483648882,3,False,True,0.08231173380035026,2.12784588441331,True,1.0,True,True,2.0,True,False,,False,False,False,False,True,False,True,1.8693467336683418,True,1.0,2.0,,142.75,0.5833333333333334,,3,True,True,True,True,True,Q2,<0.05R,10:30-11:00,mid,Thu
2025-08-01,down,True,222,0.016060862214708368,1.5642458100558658,2,False,False,,0.02197802197802198,True,1.0,True,True,1.0,True,True,5.0,False,False,False,False,False,False,False,-0.5585585585585585,True,-0.5443786982248521,-0.5443786982248521,2.8241758241758244,295.75,0.9833333333333333,,4,False,False,False,False,False,Q2,<0.05R,after 13:30,widest,Fri
2025-08-04,up,True,100,0.004273504273504274,1.135646687697161,1,False,False,,0.245014245014245,True,1.0,True,True,1.0,True,True,4.0,False,False,False,False,False,False,True,0.3587570621468927,True,0.37037037037037035,0.37037037037037035,-1.0,175.5,0.7666666666666667,,0,False,False,False,False,False,Q1_weak,<0.05R,12:00-13:30,wide,Mon
2025-08-05,down,True,3,0.06273062730627306,1.402002861230329,1,False,True,0.005535055350553505,1.0940959409594095,False,,False,False,,False,False,,False,False,False,False,True,False,True,1.6655737704918032,False,,,,135.5,0.5,,1,True,True,True,False,False,Q2,0.05-0.15R,10:30-11:00,mid,Tue
2025-08-06,up,True,30,0.016483516483516484,0.608,3,False,False,,1.173992673992674,True,1.0,True,True,1.0,True,True,4.0,False,False,False,False,False,False,True,1.9042553191489362,True,1.0,2.0,-1.0,136.5,0.5166666666666667,,2,True,True,True,False,False,Q1_weak,<0.05R,10:30-11:00,mid,Wed
2025-08-07,down,True,25,0.17120622568093385,3.1818181818181817,1,False,False,,1.66147859922179,True,5.0,True,True,5.0,True,True,25.0,False,False,False,False,False,False,True,1.2347826086956522,True,1.0,2.0,-1.0,128.5,0.43333333333333335,,3,True,True,True,True,False,Q4_strong,0.15-0.30R,10:30-11:00,mid,Thu
2025-08-08,up,True,0,0.0016286644951140066,1.1481481481481481,1,False,True,0.02768729641693811,0.26384364820846906,True,1.0,True,True,11.0,True,True,12.0,False,False,False,False,True,False,True,0.39935064935064934,True,0.40390879478827363,0.40390879478827363,-1.0,153.5,0.6833333333333333,,4,True,False,False,False,False,Q1_weak,<0.05R,10:30-11:00,wide,Fri
2025-08-11,up,True,91,0.002881844380403458,1.8461538461538463,1,False,False,,0.4265129682997118,True,1.0,True,True,1.0,True,True,1.0,True,True,True,True,False,False,False,-1.0,True,-1.0,-1.0,-1.0,86.75,0.18333333333333332,,0,True,False,False,False,False,Q2,<0.05R,12:00-13:30,narrow,Mon
2025-08-11,down,False,215,0.043227665706051875,1.1650485436893203,3,True,False,,1.07492795389049,True,1.0,True,True,1.0,True,True,10.0,False,False,False,False,False,False,True,1.7612732095490715,True,1.0,2.0,-1.0,86.75,0.18333333333333332,,0,True,True,True,False,False,Q1_weak,<0.05R,after 13:30,narrow,Mon
2025-08-12,up,True,39,0.009395973154362415,1.630901287553648,1,False,True,0.08859060402684564,0.7610738255033557,False,,False,False,,False,False,,False,False,False,False,True,True,True,1.3122529644268774,False,,,,186.25,0.8166666666666667,,1,True,True,False,False,False,Q2,<0.05R,11:00-12:00,widest,Tue
2025-08-13,down,True,16,0.030864197530864196,2.488888888888889,2,False,True,0.06995884773662552,0.5020576131687243,True,2.0,True,True,3.0,True,False,,False,False,False,False,True,False,True,0.003875968992248062,True,1.0,0.06584362139917696,,121.5,0.4,,2,True,True,False,False,False,Q3,<0.05R,10:30-11:00,mid,Wed
2025-08-14,up,True,0,0.02100840336134454,2.0408163265306123,1,False,True,0.046218487394957986,0.39915966386554624,True,1.0,True,True,27.0,True,True,27.0,True,False,True,False,True,False,False,-1.0,True,-1.0,-1.0,0.4351464435146444,119.0,0.38333333333333336,,3,True,False,False,False,False,Q2,<0.05R,10:30-11:00,mid,Thu
2025-08-15,down,True,70,0.05328596802841918,2.142857142857143,2,False,True,0.08170515097690942,0.2539964476021314,True,1.0,True,True,1.0,True,True,11.0,True,False,True,False,True,False,False,-1.0,True,-1.0,-1.0,0.12156862745098039,140.75,0.575,,4,True,False,False,False,False,Q3,0.05-0.15R,11:00-12:00,mid,Fri
2025-08-18,down,True,16,0.05042016806722689,2.7636363636363637,3,False,True,0.0896358543417367,0.1792717086834734,True,1.0,True,True,2.0,True,True,6.0,True,False,True,False,True,False,False,-1.0,True,-1.0,-1.0,0.5,89.25,0.16666666666666666,,0,False,False,False,False,False,Q3,0.05-0.15R,10:30-11:00,narrowest,Mon
2025-08-19,down,True,1,0.001694915254237288,0.3735144312393888,7,False,False,,1.335593220338983,True,1.0,True,True,1.0,True,False,,False,False,False,False,False,False,True,1.989864864864865,True,1.0,2.0,,147.5,0.6666666666666666,,1,True,True,True,False,False,Q1_weak,<0.05R,10:30-11:00,wide,Tue
2025-08-20,down,True,16,0.033921302578018994,3.452855245683931,1,False,False,,0.0773405698778833,True,1.0,True,True,1.0,True,True,19.0,True,False,True,False,False,False,False,-1.0,True,-1.0,-1.0,4.6536585365853655,368.5,1.0,,2,False,False,False,False,False,Q4_strong,<0.05R,10:30-11:00,widest,Wed
2025-08-21,down,True,148,0.02600780234070221,3.874538745387454,3,False,True,0.0754226267880364,0.19245773732119636,True,1.0,True,True,1.0,True,True,42.0,True,False,True,False,True,False,False,-1.0,True,-1.0,-1.0,0.13544668587896252,192.25,0.8833333333333333,,3,False,False,False,False,False,Q4_strong,<0.05R,12:00-13:30,widest,Thu
2025-08-22,up,True,16,0.017543859649122806,1.5873015873015872,5,False,False,,0.03976608187134503,True,1.0,True,True,1.0,True,True,62.0,False,False,False,False,False,False,False,-0.34124293785310733,True,-0.31812865497076026,-0.31812865497076026,0.4166666666666667,427.5,1.0,,4,False,False,False,False,False,Q2,<0.05R,10:30-11:00,widest,Fri
2025-08-25,up,True,7,0.03821656050955414,1.8736383442265796,3,False,False,,0.4692144373673036,True,1.0,True,True,1.0,True,True,3.0,True,False,True,False,False,False,False,-1.0,True,-1.0,-1.0,-1.0,117.75,0.38333333333333336,,0,True,False,False,False,False,Q2,<0.05R,10:30-11:00,mid,Mon
2025-08-26,up,True,25,0.004132231404958678,2.331002331002331,4,False,False,,0.4297520661157025,True,1.0,True,True,1.0,True,True,1.0,True,False,True,False,False,False,True,-1.0,True,-1.0,-1.0,-1.0,121.0,0.4166666666666667,,1,True,False,False,False,False,Q3,<0.05R,10:30-11:00,mid,Tue
2025-08-27,up,True,1,0.018907563025210083,0.6989247311827956,3,False,True,0.025210084033613446,0.42857142857142855,True,1.0,True,True,1.0,True,True,14.0,True,False,True,False,True,False,True,-1.0,True,-1.0,-1.0,-1.0,119.0,0.4083333333333333,,2,True,False,False,False,False,Q1_weak,<0.05R,10:30-11:00,mid,Wed
2025-08-28,up,True,46,0.035346097201767304,4.451219512195122,2,False,True,0.09278350515463918,0.36229749631811486,True,2.0,True,True,2.0,True,True,4.0,False,False,False,False,True,False,True,0.20357634112792297,True,0.28865979381443296,0.28865979381443296,-1.0,169.75,0.8,,3,True,False,False,False,False,Q4_strong,<0.05R,11:00-12:00,wide,Thu
2025-08-29,down,True,22,0.003125,0.5082212257100149,1,False,False,,0.12708333333333333,True,1.0,True,True,1.0,True,True,2.0,False,False,False,False,False,False,False,-0.3830227743271222,True,-0.37916666666666665,-0.37916666666666665,-1.0,240.0,0.9,,4,False,False,False,False,False,Q1_weak,<0.05R,10:30-11:00,widest,Fri
2025-09-02,up,True,325,0.02551521099116781,1.2200435729847494,2,False,True,0.008832188420019628,0.040235525024533855,True,2.0,True,True,4.0,True,False,,False,False,False,False,True,False,False,-0.07282913165266107,True,-0.02551521099116781,-0.02551521099116781,,254.75,0.95,,1,False,False,False,False,False,Q1_weak,<0.05R,after 13:30,widest,Tue
2025-09-03,up,True,4,0.029339853300733496,0.40540540540540543,5,False,False,,0.5183374083129584,True,1.0,True,True,47.0,False,True,54.0,True,True,True,True,False,False,False,-1.0,True,1.0,-1.0,0.656,102.25,0.25833333333333336,,2,True,True,False,False,False,Q1_weak,<0.05R,10:30-11:00,narrow,Wed
2025-09-03,down,False,195,0.1100244498777506,3.1496062992125986,3,True,True,0.06601466992665037,0.5061124694376528,True,2.0,True,True,2.0,True,True,120.0,True,False,True,False,True,False,False,-1.0,True,1.0,-1.0,0.5626822157434402,102.25,0.25833333333333336,,2,True,True,False,False,False,Q4_strong,0.05-0.15R,after 13:30,narrow,Wed
2025-09-04,up,True,57,0.02531645569620253,1.203883495145631,3,False,True,0.014466546112115732,0.9547920433996383,True,1.0,True,True,2.0,True,True,5.0,False,False,False,False,True,False,True,1.5800344234079173,True,1.0,1.7106690777576854,-1.0,138.25,0.5666666666666667,,3,True,True,False,False,False,Q1_weak,<0.05R,11:00-12:00,mid,Thu
2025-09-05,down,True,5,0.015539305301645339,1.4149443561208268,2,False,False,,0.4515539305301645,True,1.0,True,True,1.0,True,True,65.0,False,False,False,False,False,False,False,-0.4734042553191489,True,-0.4570383912248629,-0.4570383912248629,0.24623115577889448,273.5,0.95,,4,True,False,False,False,False,Q2,<0.05R,10:30-11:00,widest,Fri
2025-09-08,up,True,11,0.019138755980861243,0.875,2,False,True,0.019138755980861243,0.11244019138755981,True,4.0,True,True,4.0,True,True,9.0,True,True,True,True,True,False,False,-1.0,True,-1.0,-1.0,5.118421052631579,104.5,0.26666666666666666,,0,False,False,False,False,False,Q1_weak,<0.05R,10:30-11:00,narrow,Mon
2025-09-08,down,False,202,0.06220095693779904,4.235294117647059,2,True,True,0.07655502392344497,0.11244019138755981,True,1.0,True,True,1.0,True,True,18.0,False,False,False,False,True,False,False,-0.6553191489361702,True,-0.6124401913875598,-0.6124401913875598,-1.0,104.5,0.26666666666666666,,0,False,False,False,False,False,Q4_strong,0.05-0.15R,after 13:30,narrow,Mon
2025-09-09,down,True,2,0.12745098039215685,3.95010395010395,4,False,True,0.12745098039215685,0.7222222222222222,True,1.0,True,True,21.0,False,True,83.0,True,True,True,True,True,False,False,-1.0,True,1.0,-1.0,0.55,76.5,0.06666666666666667,,1,True,True,False,False,False,Q4_strong,0.05-0.15R,10:30-11:00,narrowest,Tue
2025-09-09,up,False,298,0.0196078431372549,1.0294117647058825,2,True,False,,0.4215686274509804,True,1.0,True,True,1.0,True,True,3.0,False,False,False,False,False,False,True,0.2138364779874214,True,0.26143790849673204,0.26143790849673204,-1.0,76.5,0.06666666666666667,,1,True,False,False,False,False,Q1_weak,<0.05R,after 13:30,narrowest,Tue
2025-09-10,down,True,172,0.029925187032418952,1.7363344051446945,5,False,True,0.04738154613466334,1.1496259351620948,True,13.0,True,True,14.0,True,False,,False,False,False,False,True,False,True,1.8305882352941176,True,1.0,2.0,,100.25,0.23333333333333334,,2,True,True,True,False,False,Q2,<0.05R,12:00-13:30,narrow,Wed
2025-09-11,up,True,5,0.015915119363395226,1.222879684418146,8,False,True,0.06631299734748011,0.44562334217506633,True,1.0,True,True,2.0,True,False,,False,False,False,False,True,False,True,0.12339331619537275,True,0.15915119363395225,0.15915119363395225,,94.25,0.18333333333333332,,3,True,False,False,False,False,Q1_weak,<0.05R,10:30-11:00,narrow,Thu
2025-09-12,up,True,3,0.030100334448160536,0.7854984894259819,2,False,True,0.020066889632107024,1.1070234113712374,True,7.0,True,True,73.0,False,False,,False,False,False,False,False,False,True,1.8296529968454258,True,1.0,2.0,,74.75,0.05,,4,True,True,True,False,False,Q1_weak,<0.05R,10:30-11:00,narrowest,Fri
2025-09-15,up,True,33,0.0026246719160104987,1.0526315789473684,2,False,True,0.007874015748031496,0.5118110236220472,True,1.0,True,True,2.0,True,True,2.0,False,False,False,False,True,False,True,0.9399477806788512,True,1.0,0.9501312335958005,-1.0,95.25,0.23333333333333334,,0,True,True,False,False,False,Q1_weak,<0.05R,11:00-12:00,narrow,Mon
2025-09-16,down,True,32,0.06583072100313479,1.7891373801916932,4,False,True,0.0219435736677116,0.26959247648902823,True,3.0,True,True,4.0,True,True,140.0,True,False,True,False,True,False,False,-1.0,True,-1.0,-1.0,-0.44751381215469616,79.75,0.11666666666666667,,1,True,False,False,False,False,Q2,0.05-0.15R,11:00-12:00,narrowest,Tue
2025-09-17,down,True,6,0.014319809069212411,1.0169491525423728,3,False,True,0.05250596658711217,1.8520286396181385,True,1.0,True,True,3.0,True,True,204.0,True,True,True,True,True,False,False,-1.0,True,1.0,-1.0,-1.0,104.75,0.38333333333333336,,2,True,True,True,True,False,Q1_weak,<0.05R,10:30-11:00,mid,Wed
2025-09-17,up,False,297,0.021479713603818614,1.0111396743787489,2,True,True,0.028639618138424822,0.0954653937947494,True,1.0,True,True,2.0,True,True,4.0,True,False,True,False,True,False,False,-1.0,True,-1.0,-1.0,0.6593406593406593,104.75,0.38333333333333336,,2,False,False,False,False,False,Q1_weak,<0.05R,after 13:30,mid,Wed
2025-09-18,up,True,0,0.07509881422924901,2.610441767068273,2,False,True,0.06060606060606061,0.14492753623188406,True,3.0,True,True,3.0,True,True,4.0,False,False,False,False,True,False,False,-0.9576174112256587,True,-0.9512516469038208,-0.9512516469038208,-1.0,189.75,0.8666666666666667,,3,False,False,False,False,False,Q3,0.05-0.15R,10:30-11:00,widest,Thu
2025-09-19,down,True,43,0.009375,0.9302325581395349,1,False,False,,0.36875,True,1.0,True,True,6.0,True,True,29.0,True,True,True,True,False,False,False,-1.0,True,-1.0,-1.0,2.084507042253521,80.0,0.11666666666666667,,4,True,False,False,False,False,Q1_weak,<0.05R,11:00-12:00,narrowest,Fri
2025-09-19,up,False,119,0.003125,1.1428571428571428,1,True,False,,0.88125,True,1.0,True,True,2.0,True,True,3.0,False,False,False,False,False,False,True,1.062111801242236,True,1.0,1.075,-1.0,80.0,0.11666666666666667,,4,True,True,False,False,False,Q1_weak,<0.05R,12:00-13:30,narrowest,Fri
2025-09-22,up,True,9,0.02452316076294278,1.2925170068027212,2,False,True,0.01907356948228883,1.3215258855585832,True,38.0,True,True,39.0,True,True,57.0,False,False,False,False,True,False,True,1.8597402597402597,True,1.0,2.0,-1.0,91.75,0.2,,0,True,True,True,False,False,Q1_weak,<0.05R,10:30-11:00,narrow,Mon
2025-09-23,down,True,98,0.037383177570093455,3.3497536945812807,2,False,True,0.056074766355140186,1.8566978193146417,True,6.0,True,True,6.0,True,True,11.0,False,False,False,False,True,False,True,1.791304347826087,True,1.0,2.0,-1.0,80.25,0.13333333333333333,,1,True,True,True,True,False,Q4_strong,<0.05R,12:00-13:30,narrowest,Tue
2025-09-24,down,True,40,0.013071895424836602,1.4318706697459584,3,False,True,0.0196078431372549,1.3725490196078431,True,1.0,True,True,2.0,True,True,10.0,False,False,False,False,True,False,True,1.9235668789808917,True,1.0,2.0,-1.0,114.75,0.43333333333333335,,2,True,True,True,False,False,Q2,<0.05R,11:00-12:00,mid,Wed
2025-09-25,up,True,12,0.002280501710376283,2.2635135135135136,2,False,True,0.0330672748004561,0.2508551881413911,True,1.0,True,True,1.0,True,True,20.0,True,False,True,False,True,False,False,-1.0,True,-1.0,-1.0,-1.0,219.25,0.8833333333333333,,3,True,False,False,False,False,Q3,<0.05R,10:30-11:00,widest,Thu
2025-09-26,up,True,297,0.0023446658851113715,0.5660377358490566,3,False,False,,0.011723329425556858,True,1.0,True,True,1.0,True,True,2.0,False,False,False,False,False,False,False,-0.07701283547257877,True,-0.07268464243845252,-0.07268464243845252,-1.0,213.25,0.8666666666666667,,4,False,False,False,False,False,Q1_weak,<0.05R,after 13:30,widest,Fri
2025-09-29,down,True,66,0.007858546168958742,0.9813084112149534,3,False,False,,0.5324165029469549,True,1.0,True,True,1.0,True,True,8.0,False,False,False,False,False,False,True,0.15473887814313347,True,1.0,0.17288801571709234,-1.0,127.25,0.5333333333333333,,0,True,True,False,False,False,Q1_weak,<0.05R,11:00-12:00,mid,Mon
2025-09-30,up,True,18,0.013793103448275862,3.517587939698492,2,False,True,0.12413793103448276,0.7609195402298851,True,1.0,True,True,1.0,True,True,32.0,True,False,True,False,True,False,True,-1.0,True,-1.0,-1.0,-1.0,108.75,0.35,,1,True,True,False,False,False,Q4_strong,<0.05R,10:30-11:00,narrow,Tue
2025-10-01,up,True,4,0.023952095808383235,2.7865168539325844,1,False,True,0.06287425149700598,0.8607784431137725,True,6.0,True,True,6.0,True,True,45.0,False,False,False,False,True,False,True,1.3114285714285714,True,1.0,1.4221556886227544,-1.0,167.0,0.75,,2,True,True,False,False,False,Q3,<0.05R,10:30-11:00,wide,Wed
2025-10-02,down,True,32,0.020967741935483872,1.6346153846153846,2,False,True,0.04838709677419355,0.13064516129032258,True,1.0,True,True,4.0,True,True,5.0,True,False,True,False,True,False,False,-1.0,True,-1.0,-1.0,1.691860465116279,155.0,0.7166666666666667,,3,False,False,False,False,False,Q2,<0.05R,11:00-12:00,wide,Thu
2025-10-03,down,True,155,0.16452991452991453,3.0648330058939095,7,False,False,,1.0918803418803418,True,2.0,True,True,2.0,True,False,,False,False,False,False,False,False,True,1.257234726688103,True,1.0,2.0,,117.0,0.4083333333333333,,4,True,True,True,False,False,Q4_strong,0.15-0.30R,12:00-13:30,mid,Fri
2025-10-06,up,True,173,0.02619047619047619,3.1496062992125986,5,True,True,0.07857142857142857,0.29523809523809524,True,4.0,True,True,4.0,True,True,144.0,False,False,False,False,True,False,False,-0.7285067873303167,True,-0.7142857142857143,-0.7142857142857143,0.11836734693877551,105.0,0.3333333333333333,,0,True,False,False,False,False,Q4_strong,<0.05R,12:00-13:30,narrow,Mon
2025-10-07,down,True,5,0.06986899563318777,4.451038575667655,2,False,True,0.24017467248908297,3.890829694323144,True,1.0,True,True,5.0,True,False,,False,False,False,False,False,False,True,1.632183908045977,True,1.0,2.0,,57.25,0.016666666666666666,,1,True,True,True,True,True,Q4_strong,0.05-0.15R,10:30-11:00,narrowest,Tue
2025-10-08,up,True,55,0.07484076433121019,4.672897196261682,3,False,True,0.07484076433121019,0.7213375796178344,True,6.0,True,False,,False,False,,False,False,False,False,True,True,True,0.9667590027700831,True,1.0,1.2611464968152866,,157.0,0.7333333333333333,,2,True,True,False,False,False,Q4_strong,0.05-0.15R,11:00-12:00,wide,Wed
2025-10-09,down,True,0,0.008287292817679558,2.064896755162242,2,False,False,,0.9226519337016574,True,1.0,True,True,26.0,False,True,30.0,True,False,True,False,False,False,False,-1.0,True,1.0,-1.0,-1.0,90.5,0.2,,3,True,True,False,False,False,Q3,<0.05R,10:30-11:00,narrow,Thu
2025-10-10,down,True,27,0.30952380952380953,12.372881355932202,3,False,True,0.6296296296296297,9.621693121693122,False,,False,False,,False,False,,False,False,False,False,False,False,True,0.8529411764705882,False,,,,94.5,0.25,,4,True,True,True,True,True,Q4_strong,>0.30R,10:30-11:00,narrow,Fri
2025-10-13,up,True,106,0.003968253968253968,1.3934426229508197,5,False,False,,0.2724867724867725,True,1.0,True,True,1.0,True,False,,False,False,False,False,False,False,True,0.06561679790026247,True,0.07407407407407407,0.07407407407407407,,189.0,0.8166666666666667,,0,True,False,False,False,False,Q2,<0.05R,12:00-13:30,widest,Mon
2025-10-14,up,True,6,0.001644736842105263,1.8508997429305913,5,False,True,0.005756578947368421,0.7319078947368421,True,1.0,True,True,1.0,True,True,16.0,False,False,False,False,True,False,True,0.2081967213114754,True,1.0,0.21217105263157895,-1.0,304.0,0.9666666666666667,,1,True,True,False,False,False,Q2,<0.05R,10:30-11:00,widest,Tue
2025-10-15,up,True,1,0.0011560693641618498,0.6938775510204082,2,False,False,,0.008092485549132947,True,1.0,False,True,1.0,True,True,9.0,True,True,True,True,False,False,False,-1.0,True,-1.0,-1.0,13.295081967213115,216.25,0.8666666666666667,,2,False,False,False,False,False,Q1_weak,<0.05R,10:30-11:00,widest,Wed
2025-10-15,down,False,80,0.05086705202312139,3.2936078006500544,6,True,True,0.03699421965317919,1.0809248554913296,True,1.0,True,True,3.0,True,True,12.0,False,False,False,False,True,False,False,1.7229800629590766,True,1.0,2.0,-1.0,216.25,0.8666666666666667,,2,True,True,True,False,False,Q4_strong,0.05-0.15R,11:00-12:00,widest,Wed
2025-10-16,up,True,6,0.0022371364653243847,0.38190954773869346,3,False,True,0.020134228187919462,0.48322147651006714,True,1.0,True,True,14.0,True,True,29.0,True,True,True,True,True,False,False,-1.0,True,-1.0,-1.0,0.7310704960835509,111.75,0.4,,3,True,False,False,False,False,Q1_weak,<0.05R,10:30-11:00,mid,Thu
2025-10-16,down,False,60,0.07606263982102908,4.334975369458128,1,True,False,,3.3131991051454137,True,1.0,True,True,1.0,True,True,4.0,True,False,True,False,False,False,True,-1.0,True,-1.0,-1.0,-1.0,111.75,0.4,,3,True,True,True,True,True,Q4_strong,0.05-0.15R,11:00-12:00,mid,Thu
2025-10-17,up,True,120,0.027753686036426712,1.941031941031941,1,False,True,0.007805724197745013,0.3295750216825672,True,1.0,True,True,1.0,True,True,3.0,False,False,False,False,True,False,True,0.13311421528348397,True,0.19601040763226366,0.19601040763226366,-1.0,288.25,0.9333333333333333,,4,True,False,False,False,False,Q2,<0.05R,12:00-13:30,widest,Fri
2025-10-20,up,True,9,0.013333333333333334,1.9090909090909092,1,False,True,0.02074074074074074,0.42074074074074075,True,1.0,True,False,,False,False,,False,False,False,False,True,False,True,0.1673881673881674,True,0.1985185185185185,0.1985185185185185,,168.75,0.7166666666666667,,0,True,False,False,False,False,Q2,<0.05R,10:30-11:00,wide,Mon
2025-10-21,up,True,77,0.06801007556675064,2.2132796780684103,3,True,True,0.06801007556675064,0.4433249370277078,True,2.0,True,True,67.0,True,True,73.0,True,False,True,False,True,False,False,-1.0,True,-1.0,-1.0,-0.1993006993006993,99.25,0.25,,1,True,False,False,False,False,Q3,0.05-0.15R,11:00-12:00,narrow,Tue
2025-10-22,down,True,0,0.018571428571428572,1.4503816793893132,5,False,True,0.014285714285714285,1.7685714285714285,True,3.0,True,True,4.0,True,False,,False,False,False,False,True,False,True,1.8925619834710743,True,1.0,2.0,,175.0,0.7333333333333333,,2,True,True,True,True,False,Q2,<0.05R,10:30-11:00,wide,Wed
2025-10-23,up,True,7,0.02074688796680498,0.6363636363636364,6,False,True,0.011065006915629323,0.598893499308437,True,3.0,True,True,5.0,True,True,67.0,False,False,False,False,True,False,True,0.7383798140770252,True,1.0,0.8105117565698479,-1.0,180.75,0.75,,3,True,True,False,False,False,Q1_weak,<0.05R,10:30-11:00,wide,Thu
2025-10-24,up,True,111,0.0021008403361344537,0.0,3,False,True,0.02100840336134454,0.18487394957983194,True,1.0,True,True,2.0,True,True,5.0,False,False,False,False,True,False,False,-0.6610878661087866,True,-0.6596638655462185,-0.6596638655462185,-1.0,119.0,0.43333333333333335,,4,False,False,False,False,False,Q1_weak,<0.05R,12:00-13:30,mid,Fri
2025-10-27,up,True,5,0.0473186119873817,1.0038610038610039,1,False,False,,1.3312302839116719,True,11.0,True,True,13.0,True,True,13.0,False,False,False,False,False,False,True,1.7406340057636887,True,1.0,2.0,-1.0,79.25,0.06666666666666667,,0,True,True,True,False,False,Q1_weak,<0.05R,10:30-11:00,narrowest,Mon
2025-10-28,down,True,2,0.06513409961685823,1.8811881188118813,2,False,False,,0.36015325670498083,True,2.0,True,True,2.0,True,True,30.0,True,True,True,True,False,False,False,-1.0,True,-1.0,-1.0,-1.0,65.25,0.03333333333333333,,1,True,False,False,False,False,Q2,0.05-0.15R,10:30-11:00,narrowest,Tue
2025-10-28,up,False,120,0.3333333333333333,9.797979797979798,9,True,False,,2.0957854406130267,True,1.0,True,True,1.0,False,False,,False,False,False,False,False,False,True,0.8,True,1.0,2.0,,65.25,0.03333333333333333,,1,True,True,True,True,True,Q4_strong,>0.30R,12:00-13:30,narrowest,Tue
2025-10-29,down,True,20,0.027874564459930314,1.5529411764705883,3,False,True,0.003484320557491289,2.8641114982578397,True,1.0,True,True,1.0,True,True,309.0,False,False,False,False,True,False,False,1.8415841584158417,True,1.0,2.0,,71.75,0.05,,2,True,True,True,True,True,Q2,<0.05R,10:30-11:00,narrowest,Wed
2025-10-30,down,True,286,0.023933402705515087,2.1176470588235294,1,False,True,0.046826222684703434,0.3048907388137357,True,3.0,True,True,16.0,True,True,16.0,False,False,False,False,True,False,True,0.5124131082423039,True,0.5848074921956296,0.5848074921956296,-1.0,240.25,0.9,,3,True,False,False,False,False,Q3,<0.05R,after 13:30,widest,Thu
2025-10-31,down,True,88,0.021505376344086023,0.4793028322440087,2,False,True,0.14157706093189965,1.2275985663082438,True,1.0,True,True,203.0,False,True,206.0,False,False,False,False,True,False,True,1.8762886597938144,True,1.0,2.0,-0.4332425068119891,139.5,0.5833333333333334,,4,True,True,True,False,False,Q1_weak,<0.05R,11:00-12:00,mid,Fri
2025-11-03,down,True,0,0.028969957081545063,1.562156215621562,1,False,False,,0.07510729613733906,True,1.0,True,True,3.0,True,True,8.0,True,False,True,False,False,False,False,-1.0,True,-1.0,-1.0,1.1292134831460674,233.0,0.8666666666666667,,0,False,False,False,False,False,Q2,<0.05R,10:30-11:00,widest,Mon
2025-11-04,down,True,109,0.03470715835140998,5.222437137330754,4,False,True,0.09761388286334056,0.5162689804772235,True,1.0,True,True,1.0,True,True,7.0,False,False,False,False,True,False,True,0.6247464503042597,True,1.0,0.737527114967462,-1.0,230.5,0.85,,1,True,True,False,False,False,Q4_strong,<0.05R,12:00-13:30,widest,Tue
2025-11-05,up,True,16,0.0021691973969631237,1.7159763313609468,2,False,False,,0.7006507592190889,True,1.0,True,True,2.0,True,True,3.0,False,False,False,False,False,False,True,0.1900647948164147,True,1.0,0.19522776572668113,-1.0,230.5,0.8416666666666667,,2,True,True,False,False,False,Q2,<0.05R,10:30-11:00,widest,Wed
2025-11-06,down,True,6,0.07466666666666667,3.734513274336283,2,False,True,0.13066666666666665,0.7351111111111112,True,210.0,False,True,229.0,False,False,,False,False,False,False,True,False,True,0.7749419953596288,True,1.0,1.04,,281.25,0.9333333333333333,,3,True,True,False,False,False,Q4_strong,0.05-0.15R,10:30-11:00,widest,Thu
2025-11-07,down,True,12,0.008733624454148471,0.15965166908563133,2,False,True,0.013100436681222707,0.7543668122270742,True,1.0,True,True,161.0,False,True,163.0,True,True,True,True,True,True,False,-1.0,True,1.0,-1.0,0.9987562189054726,229.0,0.8,,4,True,True,False,False,False,Q1_weak,<0.05R,10:30-11:00,wide,Fri
2025-11-07,up,False,269,0.010917030567685589,1.5592515592515592,2,True,False,,0.27074235807860264,True,1.0,True,True,1.0,True,True,7.0,False,False,False,False,False,False,True,0.4337606837606838,True,0.4650655021834061,0.4650655021834061,-1.0,229.0,0.8,,4,True,False,False,False,False,Q2,<0.05R,after 13:30,wide,Fri
2025-11-10,down,True,29,0.008849557522123894,2.0547945205479454,1,False,True,0.0584070796460177,0.5185840707964602,True,1.0,True,True,12.0,True,True,64.0,True,True,True,True,True,False,False,-1.0,True,1.0,-1.0,1.1133004926108374,141.25,0.55,,0,True,True,False,False,False,Q2,<0.05R,10:30-11:00,mid,Mon
2025-11-10,up,False,186,0.02654867256637168,2.0865139949109417,2,True,True,0.01592920353982301,0.6654867256637168,True,1.0,True,True,6.0,True,True,22.0,False,False,False,False,True,False,True,0.5747899159663865,True,1.0,0.6584070796460177,-1.0,141.25,0.55,,0,True,True,False,False,False,Q3,<0.05R,after 13:30,mid,Mon
2025-11-11,down,True,3,0.1479028697571744,2.2780569514237854,3,False,True,0.0772626931567329,0.47902869757174393,True,8.0,True,True,8.0,True,True,8.0,True,True,True,True,True,False,False,-1.0,True,-1.0,-1.0,-1.0,113.25,0.38333333333333336,,1,True,False,False,False,False,Q3,0.05-0.15R,10:30-11:00,mid,Tue
2025-11-11,up,False,168,0.02207505518763797,1.3669064748201438,1,True,True,0.0706401766004415,0.44370860927152317,True,6.0,True,True,7.0,True,True,7.0,False,False,False,False,True,False,True,-0.02536997885835095,True,0.017660044150110375,0.017660044150110375,-1.0,113.25,0.38333333333333336,,1,True,False,False,False,False,Q2,<0.05R,12:00-13:30,mid,Tue
2025-11-12,down,True,6,0.11402508551881414,4.478063540090772,3,False,False,,0.33181299885974913,True,1.0,True,True,1.0,True,True,122.0,False,False,False,False,False,False,False,-0.659238625812442,True,-0.5815279361459521,-0.5815279361459521,0.18695652173913044,219.25,0.775,,2,True,False,False,False,False,Q4_strong,0.05-0.15R,10:30-11:00,wide,Wed
2025-11-13,down,True,15,0.08680947012401354,2.788259958071279,5,False,True,0.09131905298759865,1.2525366403607667,False,,False,False,,False,False,,False,False,False,False,False,False,True,1.5561959654178674,False,,,,221.75,0.8,,3,True,True,True,False,False,Q3,0.05-0.15R,10:30-11:00,wide,Thu
2025-11-14,up,True,7,0.034161490683229816,1.7661900756938602,1,False,True,0.015527950310559006,0.6577639751552795,False,,False,False,,False,False,,False,False,False,False,True,True,True,0.2930232558139535,False,,,,402.5,0.9833333333333333,,4,True,True,False,False,False,Q2,<0.05R,10:30-11:00,widest,Fri
2025-11-17,down,True,46,0.01254180602006689,0.8668076109936576,3,False,True,0.05016722408026756,0.7466555183946488,True,1.0,True,True,1.0,True,True,10.0,True,False,True,False,True,False,True,-1.0,True,-1.0,-1.0,-1.0,299.0,0.9666666666666667,,0,True,True,False,False,False,Q1_weak,<0.05R,11:00-12:00,widest,Mon
2025-11-18,down,True,31,0.08893034825870647,3.377337733773377,1,False,True,0.06529850746268656,0.13370646766169153,True,6.0,False,True,6.0,True,True,7.0,True,False,True,False,True,False,False,-1.0,True,-1.0,-1.0,0.7690677966101694,402.0,0.9833333333333333,,1,False,False,False,False,False,Q4_strong,0.05-0.15R,11:00-12:00,widest,Tue
2025-11-19,down,True,124,0.0018050541516245488,0.8496732026143791,6,False,True,0.013237063778580024,0.15764139590854392,True,1.0,True,True,7.0,True,True,26.0,True,False,True,False,True,False,False,-1.0,True,-1.0,-1.0,0.5970695970695971,415.5,1.0,,2,False,False,False,False,False,Q1_weak,<0.05R,12:00-13:30,widest,Wed
2025-11-20,up,True,7,0.05203252032520325,1.759259259259259,4,False,True,0.01951219512195122,0.06666666666666667,True,1.0,True,True,1.0,True,True,11.0,True,True,True,True,True,False,False,-1.0,True,-1.0,-1.0,1.3682310469314078,153.75,0.5166666666666667,,3,False,False,False,False,False,Q2,0.05-0.15R,10:30-11:00,mid,Thu
2025-11-20,down,False,30,0.10569105691056911,2.799575821845175,3,True,True,0.16260162601626016,6.816260162601626,False,,False,False,,False,False,,False,False,False,False,False,False,True,1.476510067114094,False,,,,153.75,0.5166666666666667,,3,True,True,True,True,True,Q3,0.05-0.15R,10:30-11:00,mid,Thu
2025-11-21,down,True,3,0.032317636195752536,1.9091373149566104,1,False,True,0.07386888273314866,0.36934441366574333,True,1.0,True,True,11.0,True,True,14.0,True,True,True,True,True,False,False,-1.0,True,-1.0,-1.0,1.365231259968102,270.75,0.8666666666666667,,4,True,False,False,False,False,Q2,<0.05R,10:30-11:00,widest,Fri
2025-11-21,up,False,86,0.057248384118190214,2.675736961451247,2,True,True,0.0664819944598338,1.1015697137580793,True,68.0,True,True,68.0,True,True,68.0,False,False,False,False,True,False,True,1.691797845898923,True,1.0,2.0,-1.0,270.75,0.8666666666666667,,4,True,True,True,False,False,Q3,0.05-0.15R,11:00-12:00,widest,Fri
2025-11-24,up,True,5,0.01383399209486166,1.4130434782608696,2,False,False,,0.8843873517786561,True,1.0,True,True,1.0,True,False,,False,False,False,False,False,False,True,1.2461538461538462,True,1.0,1.308300395256917,,253.0,0.8333333333333334,,0,True,True,False,False,False,Q2,<0.05R,10:30-11:00,widest,Mon
2025-11-25,up,True,72,0.01981981981981982,0.7547169811320754,4,False,False,,0.9216216216216216,True,1.0,True,True,2.0,True,True,3.0,False,False,False,False,False,False,True,1.3518197573656845,True,1.0,1.445045045045045,-1.0,277.5,0.8833333333333333,,1,True,True,False,False,False,Q1_weak,<0.05R,11:00-12:00,widest,Tue
2025-11-26,up,True,32,0.0034129692832764505,2.3024830699774266,1,False,True,0.027303754266211604,0.6535836177474402,True,1.0,True,False,,False,False,,False,False,False,False,True,False,True,0.2135593220338983,True,1.0,0.22184300341296928,,146.5,0.5,,2,True,True,False,False,False,Q3,<0.05R,11:00-12:00,mid,Wed
2025-12-01,up,True,22,0.09457579972183588,2.783389450056117,6,False,True,0.10152990264255911,0.5938803894297635,True,14.0,True,True,14.0,True,False,,False,False,False,False,True,False,True,-0.03508771929824561,True,1.0,0.1474269819193324,,179.75,0.6,,0,True,True,False,False,False,Q3,0.05-0.15R,10:30-11:00,wide,Mon
2025-12-02,up,True,20,0.03814713896457766,1.267605633802817,6,False,True,0.0340599455040872,0.08310626702997276,True,2.0,False,True,2.0,True,True,15.0,True,True,True,True,True,False,False,-1.0,True,-1.0,-1.0,2.732394366197183,183.5,0.6333333333333333,,1,False,False,False,False,False,Q1_weak,<0.05R,10:30-11:00,wide,Tue
2025-12-02,down,False,54,0.047683923705722074,1.2197483059051306,4,True,True,0.008174386920980926,0.30926430517711173,True,1.0,True,True,13.0,True,True,37.0,True,False,True,False,True,False,False,-1.0,True,-1.0,-1.0,0.4064272211720227,183.5,0.6333333333333333,,1,True,False,False,False,False,Q1_weak,<0.05R,11:00-12:00,wide,Tue
2025-12-03,up,True,4,0.02249134948096886,1.3875598086124403,3,False,True,0.22837370242214533,0.7664359861591695,True,1.0,True,True,4.0,True,False,,False,False,False,False,True,True,True,1.0562913907284768,True,1.0,1.1487889273356402,,144.5,0.4666666666666667,,2,True,True,False,False,False,Q2,<0.05R,10:30-11:00,mid,Wed
2025-12-04,down,True,35,0.02727272727272727,2.381729200652529,3,False,True,0.06623376623376623,0.16493506493506493,True,1.0,True,True,1.0,True,True,13.0,True,False,True,False,True,False,False,-1.0,True,-1.0,-1.0,-1.0,192.5,0.6666666666666666,,3,False,False,False,False,False,Q3,<0.05R,11:00-12:00,wide,Thu
2025-12-05,down,True,61,0.05784061696658098,2.7532467532467533,6,False,True,0.032133676092544985,0.11439588688946016,True,1.0,True,True,1.0,True,True,23.0,False,False,False,False,True,False,False,-0.5852534562211982,True,-0.5372750642673522,-0.5372750642673522,-0.1130952380952381,194.5,0.6666666666666666,,4,False,False,False,False,False,Q3,0.05-0.15R,11:00-12:00,wide,Fri
2025-12-08,down,True,31,0.11288343558282209,3.9530332681017613,4,False,False,,0.452760736196319,True,9.0,True,True,21.0,True,True,116.0,False,False,False,False,False,False,False,-0.2782782782782783,True,-0.11533742331288344,-0.11533742331288344,-1.0,203.75,0.6666666666666666,,0,True,False,False,False,False,Q4_strong,0.05-0.15R,11:00-12:00,wide,Mon
2025-12-09,up,True,13,0.05909090909090909,2.48868778280543,5,False,True,0.045454545454545456,0.5977272727272728,True,1.0,True,True,3.0,True,True,5.0,False,False,False,False,True,False,True,0.43089430894308944,True,1.0,0.6,-1.0,110.0,0.26666666666666666,,1,True,True,False,False,False,Q3,0.05-0.15R,10:30-11:00,narrow,Tue
2025-12-10,down,True,25,0.13064133016627077,2.316715542521994,6,False,True,0.07363420427553444,0.36342042755344417,True,1.0,True,True,2.0,True,True,23.0,True,True,True,True,True,False,False,-1.0,True,-1.0,-1.0,0.39659367396593675,105.25,0.23333333333333334,,2,True,False,False,False,False,Q3,0.05-0.15R,10:30-11:00,narrow,Wed
2025-12-10,up,False,145,0.04275534441805225,1.769436997319035,3,True,True,0.0498812351543943,1.8859857482185274,True,1.0,True,True,1.0,True,True,7.0,True,False,True,False,True,False,True,-1.0,True,-1.0,-1.0,-1.0,105.25,0.23333333333333334,,2,True,True,True,True,False,Q2,<0.05R,12:00-13:30,narrow,Wed
2025-12-11,up,True,186,0.01730769230769231,1.3,5,False,True,0.058653846153846154,0.27884615384615385,True,1.0,True,True,17.0,True,False,,False,False,False,False,True,False,True,0.44609665427509293,True,0.49615384615384617,0.49615384615384617,,260.0,0.85,,3,True,False,False,False,False,Q1_weak,<0.05R,after 13:30,widest,Thu
2025-12-12,down,True,28,0.270935960591133,8.575096277278561,2,False,True,0.17405582922824303,0.6469622331691297,True,134.0,False,True,134.0,False,True,134.0,False,False,False,False,True,False,True,0.0979765708200213,True,1.0,0.6929392446633826,-0.6,304.5,0.95,,4,True,True,False,False,False,Q4_strong,0.15-0.30R,10:30-11:00,widest,Fri
2025-12-16,up,True,305,0.018458197611292075,3.3591731266149867,8,True,True,0.01737242128121607,0.15200868621064062,True,5.0,True,True,12.0,True,False,,False,False,False,False,True,False,False,-0.34345549738219894,True,-0.31921824104234525,-0.31921824104234525,,230.25,0.7166666666666667,,1,False,False,False,False,False,Q4_strong,<0.05R,after 13:30,wide,Tue
2025-12-17,down,True,5,0.08405438813349815,2.581369248035915,7,False,True,0.12978986402966625,1.76885043263288,False,,False,False,,False,False,,False,False,False,False,False,False,True,1.5682539682539682,False,,,,202.25,0.5833333333333334,,2,True,True,True,True,False,Q3,0.05-0.15R,10:30-11:00,mid,Wed
2025-12-18,up,True,1,0.025495750708215296,0.9927611168562565,2,False,True,0.009915014164305949,0.4235127478753541,True,1.0,True,True,94.0,True,True,95.0,True,False,True,False,True,False,False,-1.0,True,-1.0,-1.0,0.46136363636363636,176.5,0.4666666666666667,,3,True,False,False,False,False,Q1_weak,<0.05R,10:30-11:00,mid,Thu
2025-12-22,down,True,5,0.09795918367346938,2.231237322515213,3,False,True,0.0836734693877551,0.36122448979591837,True,7.0,False,True,8.0,True,True,11.0,False,False,False,False,True,False,False,-0.3822525597269625,True,-0.2612244897959184,-0.2612244897959184,0.06167400881057269,122.5,0.26666666666666666,,0,True,False,False,False,False,Q3,0.05-0.15R,10:30-11:00,narrow,Mon
2025-12-23,up,True,58,0.008130081300813009,2.105263157894737,2,False,False,,0.5630081300813008,True,1.0,True,True,1.0,True,True,2.0,False,False,False,False,False,False,True,0.944,True,1.0,0.975609756097561,-1.0,123.0,0.2833333333333333,,1,True,True,False,False,False,Q3,<0.05R,11:00-12:00,narrow,Tue
2025-12-29,down,True,117,0.00794912559618442,1.1428571428571428,6,False,True,0.012718600953895072,0.08744038155802862,True,2.0,False,True,4.0,True,True,19.0,True,False,True,False,True,False,False,-1.0,True,-1.0,-1.0,1.547945205479452,157.25,0.4166666666666667,,0,False,False,False,False,False,Q1_weak,<0.05R,12:00-13:30,mid,Mon
2025-12-30,up,True,50,0.05472636815920398,3.593220338983051,2,False,True,0.08706467661691543,0.1890547263681592,True,5.0,False,True,6.0,True,True,15.0,True,True,True,True,True,False,False,-1.0,True,-1.0,-1.0,2.3900709219858154,100.5,0.13333333333333333,,1,False,False,False,False,False,Q4_strong,0.05-0.15R,11:00-12:00,narrowest,Tue
2025-12-31,down,True,24,0.010080645161290322,2.088607594936709,2,False,True,0.1028225806451613,0.9959677419354839,True,1.0,True,True,21.0,True,True,32.0,True,False,True,False,True,False,True,-1.0,True,-1.0,-1.0,-1.0,124.0,0.31666666666666665,,2,True,True,False,False,False,Q3,<0.05R,10:30-11:00,narrow,Wed
2026-01-02,down,True,22,0.024531024531024532,1.5263571990558615,5,False,True,0.08802308802308802,0.5541125541125541,True,1.0,True,True,1.0,True,False,,False,False,False,False,False,False,True,0.34800550206327374,True,1.0,0.41414141414141414,,346.5,0.9333333333333333,,4,True,True,False,False,False,Q2,<0.05R,10:30-11:00,widest,Fri
2026-01-05,up,True,3,0.043029259896729774,0.979020979020979,3,False,True,0.010327022375215147,0.16695352839931152,True,1.0,True,True,2.0,True,True,2.0,True,False,True,False,True,False,False,-1.0,True,-1.0,-1.0,-1.0,145.25,0.35,,0,False,False,False,False,False,Q1_weak,<0.05R,10:30-11:00,narrow,Mon
2026-01-06,up,True,128,0.017543859649122806,3.648208469055375,9,False,True,0.017543859649122806,0.3435672514619883,True,1.0,True,True,1.0,True,False,,False,False,False,False,True,False,True,0.3559322033898305,True,0.40350877192982454,0.40350877192982454,,171.0,0.43333333333333335,,1,True,False,False,False,False,Q4_strong,<0.05R,12:00-13:30,mid,Tue
2026-01-07,up,True,2,0.0389908256880734,2.9079159935379644,1,False,True,0.10321100917431193,1.06651376146789,True,1.0,True,True,6.0,True,True,6.0,True,False,True,False,True,False,False,-1.0,True,-1.0,-1.0,-1.0,109.0,0.16666666666666666,,2,True,True,True,False,False,Q3,<0.05R,10:30-11:00,narrowest,Wed
2026-01-09,up,True,1,0.020387359836901122,1.5074309978768576,1,False,False,,0.508664627930683,True,1.0,True,True,6.0,True,True,6.0,False,False,False,False,False,False,True,0.5288932419196866,True,1.0,0.5912334352701325,-1.0,245.25,0.7666666666666667,,4,True,True,False,False,False,Q2,<0.05R,10:30-11:00,wide,Fri
2026-01-12,up,True,40,0.014473684210526316,2.8956228956228958,2,False,True,0.010526315789473684,0.45789473684210524,True,1.0,True,True,1.0,True,False,,False,False,False,False,True,False,True,0.1636828644501279,True,0.19736842105263158,0.19736842105263158,,190.0,0.5,,0,True,False,False,False,False,Q3,<0.05R,11:00-12:00,mid,Mon
2026-01-13,down,True,303,0.020585048754062838,3.0573248407643314,5,False,True,0.0010834236186348862,0.03791982665222102,True,1.0,True,True,1.0,True,True,7.0,False,False,False,False,True,False,False,-0.8033298647242456,True,-0.7952329360780065,-0.7952329360780065,1.4968944099378882,230.75,0.7,,1,False,False,False,False,False,Q4_strong,<0.05R,after 13:30,wide,Tue
2026-01-14,down,True,16,0.02213666987487969,2.3501199040767387,2,False,True,0.06544754571703561,0.4225216554379211,True,1.0,True,True,18.0,True,True,37.0,False,False,False,False,True,False,False,-0.823963133640553,True,-0.8161693936477382,-0.8161693936477382,-1.0,259.75,0.8,,2,True,False,False,False,False,Q3,<0.05R,10:30-11:00,wide,Wed
2026-01-15,down,True,16,0.12808988764044943,2.54259501965924,6,False,False,,1.4831460674157304,True,1.0,True,True,1.0,True,True,17.0,True,False,True,False,False,False,True,-1.0,True,-1.0,-1.0,-1.0,111.25,0.16666666666666666,,3,True,True,True,False,False,Q3,0.05-0.15R,10:30-11:00,narrowest,Thu
2026-01-16,down,True,1,0.0044004400440044,0.2832244008714597,4,False,False,,0.3179317931793179,True,1.0,True,True,1.0,True,True,39.0,False,False,False,False,False,False,False,-0.18974918211559433,True,-0.18261826182618263,-0.18261826182618263,-0.16778523489932887,227.25,0.6166666666666667,,4,True,False,False,False,False,Q1_weak,<0.05R,10:30-11:00,wide,Fri
2026-01-20,up,True,2,0.11873840445269017,2.033542976939203,2,False,False,,0.45454545454545453,True,3.0,True,True,5.0,True,True,16.0,True,True,True,True,False,False,False,-1.0,True,-1.0,-1.0,-1.0,134.75,0.26666666666666666,,1,True,False,False,False,False,Q2,0.05-0.15R,10:30-11:00,narrow,Tue
2026-01-20,down,False,183,0.06307977736549165,4.709677419354839,2,True,True,0.06679035250463822,1.007421150278293,True,2.0,True,False,,False,False,,False,False,False,False,False,False,True,1.6639209225700164,True,1.0,2.0,,134.75,0.26666666666666666,,1,True,True,True,False,False,Q4_strong,0.05-0.15R,after 13:30,narrow,Tue
2026-01-21,up,True,0,0.009643201542912247,1.009549795361528,1,False,True,0.009643201542912247,1.0289296046287368,True,66.0,True,True,66.0,True,True,67.0,True,False,True,False,True,False,True,-1.0,True,-1.0,-1.0,-1.0,259.25,0.8,,2,True,True,True,False,False,Q1_weak,<0.05R,10:30-11:00,wide,Wed
2026-01-23,up,True,4,0.043532338308457715,1.6592592592592592,2,False,True,0.05845771144278607,0.4092039800995025,True,59.0,False,True,126.0,True,True,128.0,False,False,False,False,True,False,False,-0.33638443935926776,True,-0.27860696517412936,-0.27860696517412936,-0.008988764044943821,201.0,0.5166666666666667,,4,True,False,False,False,False,Q2,<0.05R,10:30-11:00,mid,Fri
2026-01-26,up,True,22,0.027434842249657063,1.6129032258064515,9,False,True,0.013717421124828532,0.27434842249657065,True,2.0,True,True,5.0,True,False,,False,False,False,False,True,False,False,-0.4837451235370611,True,-0.4554183813443073,-0.4554183813443073,,182.25,0.4166666666666667,,0,True,False,False,False,False,Q2,<0.05R,10:30-11:00,mid,Mon
2026-01-27,up,True,6,0.03968253968253968,1.7391304347826086,1,False,False,,0.2507936507936508,True,14.0,True,True,16.0,True,True,16.0,False,False,False,False,False,False,True,-0.058823529411764705,True,0.015873015873015872,0.015873015873015872,-1.0,157.5,0.35,,1,True,False,False,False,False,Q2,<0.05R,10:30-11:00,narrow,Tue
2026-01-28,down,True,4,0.09635416666666667,3.486590038314176,1,False,True,0.052083333333333336,1.0859375,True,2.0,True,True,2.0,True,True,4.0,False,False,False,False,True,False,True,1.51528384279476,True,1.0,2.0,-1.0,96.0,0.03333333333333333,,2,True,True,True,False,False,Q4_strong,0.05-0.15R,10:30-11:00,narrowest,Wed
2026-01-29,down,True,1,0.00875752599890531,1.2080536912751678,6,False,True,0.0060207991242474,0.39901477832512317,True,1.0,True,True,75.0,True,True,104.0,True,False,True,False,True,False,False,-1.0,True,-1.0,-1.0,0.6473779385171791,456.75,1.0,,3,True,False,False,False,False,Q1_weak,<0.05R,10:30-11:00,widest,Thu
2026-01-30,down,True,0,0.07370184254606366,1.1035818005808327,3,False,True,0.1407035175879397,1.4874371859296482,True,1.0,True,True,1.0,True,True,5.0,True,False,True,False,True,False,True,-1.0,True,-1.0,-1.0,-1.0,149.25,0.3,,4,True,True,True,False,False,Q1_weak,0.05-0.15R,10:30-11:00,narrow,Fri
2026-02-02,up,True,91,0.010738255033557046,2.237136465324385,11,False,True,0.010067114093959731,0.1,True,1.0,True,True,5.0,True,True,178.0,False,False,False,False,True,False,False,-0.3140604467805519,True,-0.2993288590604027,-0.2993288590604027,-0.09268292682926829,372.5,0.9166666666666666,,0,False,False,False,False,False,Q3,<0.05R,12:00-13:30,widest,Mon
2026-02-03,down,True,102,0.1400414937759336,8.68238557558946,2,False,True,0.10062240663900415,0.5212655601659751,False,,False,False,,False,False,,False,False,False,False,False,False,True,-0.1385737439222042,False,,,,482.0,1.0,,1,True,True,False,False,False,Q4_strong,0.05-0.15R,12:00-13:30,widest,Tue
2026-02-04,down,True,32,0.09485815602836879,2.319301032565528,4,False,True,0.08599290780141844,1.150709219858156,True,10.0,True,True,10.0,True,False,,False,False,False,False,True,False,True,1.5216095380029806,True,1.0,2.0,,282.0,0.8333333333333334,,2,True,True,True,False,False,Q3,0.05-0.15R,11:00-12:00,widest,Wed
2026-02-06,up,True,37,0.00617828773168579,0.6928406466512702,2,False,True,0.01500441306266549,0.8402471315092674,True,1.0,True,True,1.0,True,False,,False,False,False,False,True,True,True,1.1229293809938972,True,1.0,1.1491615180935568,,283.25,0.8166666666666667,,4,True,True,False,False,False,Q1_weak,<0.05R,11:00-12:00,widest,Fri
2026-02-09,up,True,5,0.0041876046901172526,1.0741687979539642,2,False,True,0.015912897822445562,0.585427135678392,True,1.0,True,True,4.0,True,False,,False,False,False,False,True,True,True,0.5481727574750831,True,1.0,0.5611390284757118,,298.5,0.8166666666666667,,0,True,True,False,False,False,Q1_weak,<0.05R,10:30-11:00,widest,Mon
2026-02-10,down,True,282,0.013054830287206266,0.7111111111111111,4,False,True,0.01174934725848564,0.3002610966057441,True,2.0,True,True,4.0,True,False,,False,False,False,False,True,False,True,0.34096692111959287,True,0.37597911227154046,0.37597911227154046,,191.5,0.43333333333333335,,1,True,False,False,False,False,Q1_weak,<0.05R,after 13:30,mid,Tue
2026-02-12,down,True,6,0.04601571268237935,1.0153102336825142,6,False,True,0.051627384960718295,2.0123456790123457,False,,False,False,,False,False,,False,False,False,False,False,False,True,1.7471736896197327,False,,,,222.75,0.55,,3,True,True,True,True,True,Q1_weak,<0.05R,10:30-11:00,mid,Thu
2026-02-13,up,True,0,0.08140531276778064,1.7966436327739388,1,False,True,0.02913453299057412,0.4284490145672665,True,1.0,True,True,8.0,True,True,8.0,True,False,True,False,True,False,False,-1.0,True,-1.0,-1.0,-1.0,291.75,0.7833333333333333,,4,True,False,False,False,False,Q2,0.05-0.15R,10:30-11:00,wide,Fri
2026-02-17,down,True,9,0.014144271570014143,1.051660516605166,3,False,False,,0.019801980198019802,True,1.0,False,True,1.0,True,True,5.0,True,True,True,True,False,False,False,-1.0,True,-1.0,-1.0,5.4375,353.5,0.8666666666666667,,1,False,False,False,False,False,Q1_weak,<0.05R,10:30-11:00,widest,Tue
2026-02-17,up,False,189,0.009900990099009901,1.0458715596330275,4,True,True,0.033946251768033946,0.20933521923620935,True,1.0,True,True,79.0,True,True,111.0,False,False,False,False,True,False,False,-0.23439667128987518,True,-0.21923620933521923,-0.21923620933521923,-0.07392197125256673,353.5,0.8666666666666667,,1,False,False,False,False,False,Q1_weak,<0.05R,after 13:30,widest,Tue
2026-02-18,up,True,16,0.009316770186335404,1.9251336898395721,1,False,False,,0.16847826086956522,True,1.0,True,True,3.0,True,True,6.0,True,False,True,False,False,False,False,-1.0,True,-1.0,-1.0,-1.0,322.0,0.8333333333333334,,2,False,False,False,False,False,Q2,<0.05R,10:30-11:00,widest,Wed
2026-02-19,down,True,171,0.023255813953488372,0.9742895805142083,7,True,True,0.007751937984496124,0.059431524547803614,True,1.0,True,True,1.0,True,True,38.0,True,False,True,False,True,False,False,-1.0,True,-1.0,-1.0,-1.0,193.5,0.45,,3,False,False,False,False,False,Q1_weak,<0.05R,12:00-13:30,mid,Thu
2026-02-20,up,True,18,0.005562422744128554,0.8076009501187649,2,False,False,,0.13967861557478367,True,1.0,True,True,1.0,True,True,29.0,True,False,True,False,False,False,False,-1.0,True,-1.0,-1.0,-0.43326039387308535,404.5,0.9333333333333333,,4,False,False,False,False,False,Q1_weak,<0.05R,10:30-11:00,widest,Fri
2026-02-23,down,True,5,0.005012531328320802,1.2585499316005473,3,False,True,0.07894736842105263,0.8646616541353384,True,1.0,True,True,1.0,True,False,,False,False,False,False,True,False,True,0.7096774193548387,True,1.0,0.7268170426065163,,199.5,0.48333333333333334,,0,True,True,False,False,False,Q1_weak,<0.05R,10:30-11:00,mid,Mon
2026-02-24,up,True,0,0.00546875,0.43010752688172044,15,False,True,0.02109375,0.20078125,True,1.0,True,True,1.0,True,False,,False,False,False,False,True,False,True,0.08500772797527048,True,0.096875,0.096875,,320.0,0.8333333333333334,,1,False,False,False,False,False,Q1_weak,<0.05R,10:30-11:00,widest,Tue
2026-02-25,up,True,213,0.003658536585365854,0.847457627118644,4,False,True,0.01097560975609756,0.16951219512195123,True,1.0,True,True,87.0,True,False,,False,False,False,False,True,False,True,0.21307506053268765,True,0.22195121951219512,0.22195121951219512,,205.0,0.55,,2,False,False,False,False,False,Q1_weak,<0.05R,after 13:30,mid,Wed
2026-02-26,down,True,4,0.030087527352297593,1.4967589864466706,1,False,False,,0.05087527352297593,True,1.0,False,True,1.0,True,True,1.0,False,False,False,False,False,False,False,-0.8751289989680082,True,-0.8676148796498906,-0.8676148796498906,3.8950276243093924,457.0,0.9833333333333333,,3,False,False,False,False,False,Q2,<0.05R,10:30-11:00,widest,Thu
2026-02-27,up,True,14,0.004640371229698376,0.47516198704103674,3,False,True,0.0382830626450116,0.18213457076566125,True,2.0,True,True,4.0,True,True,7.0,True,False,True,False,True,False,True,-1.0,True,-1.0,-1.0,-1.0,215.5,0.55,,4,False,False,False,False,False,Q1_weak,<0.05R,10:30-11:00,mid,Fri
2026-03-02,up,True,37,0.009482129832239242,1.5795868772782504,1,False,True,0.028446389496717725,0.4471188913202042,True,9.0,True,True,10.0,True,True,12.0,False,False,False,False,True,False,True,0.41374373657838226,True,0.44055433989788473,0.44055433989788473,-1.0,342.75,0.8333333333333334,,0,True,False,False,False,False,Q2,<0.05R,11:00-12:00,widest,Mon
2026-03-03,up,True,75,0.047696038803556995,2.7644230769230766,3,False,True,0.06305578011317704,0.6103476151980598,True,4.0,True,True,16.0,True,False,,False,False,False,False,True,False,True,0.4797047970479705,True,1.0,0.6208569118835894,,309.25,0.7833333333333333,,1,True,True,False,False,False,Q3,<0.05R,11:00-12:00,wide,Tue
2026-03-04,up,True,33,0.02029664324746292,0.8365019011406843,11,False,False,,0.2232630757220921,True,1.0,True,True,1.0,True,False,,False,False,False,False,False,False,False,-0.19654913728432108,True,-0.16393442622950818,-0.16393442622950818,,320.25,0.8,,2,False,False,False,False,False,Q1_weak,<0.05R,11:00-12:00,wide,Wed
2026-03-05,down,True,0,0.14142538975501115,4.297520661157025,1,False,True,0.14587973273942093,0.9476614699331849,True,6.0,True,True,7.0,True,True,7.0,True,False,True,False,True,False,False,-1.0,True,-1.0,-1.0,-1.0,224.5,0.5166666666666667,,3,True,True,False,False,False,Q4_strong,0.05-0.15R,10:30-11:00,mid,Thu
2026-03-06,up,True,0,0.004540295119182747,0.726072607260726,2,False,False,,0.44154370034052215,True,1.0,True,True,13.0,True,True,19.0,True,True,True,True,False,False,False,-1.0,True,-1.0,-1.0,-1.0,220.25,0.48333333333333334,,4,True,False,False,False,False,Q1_weak,<0.05R,10:30-11:00,mid,Fri
2026-03-09,up,True,14,0.048292108362779744,2.7935222672064777,1,False,True,0.09187279151943463,2.5100117785630154,False,,False,False,,False,False,,False,False,False,False,True,True,True,1.7357679914070892,False,,,,212.25,0.45,,0,True,True,True,True,True,Q3,<0.05R,10:30-11:00,mid,Mon
2026-03-10,up,True,9,0.051451187335092345,0.9935602575896963,8,False,False,,0.716358839050132,True,1.0,True,True,215.0,False,True,219.0,True,False,True,False,False,False,False,-1.0,True,1.0,-1.0,0.15355805243445692,189.5,0.3,,1,True,True,False,False,False,Q1_weak,0.05-0.15R,10:30-11:00,narrow,Tue
2026-03-11,down,True,3,0.02857142857142857,1.420863309352518,4,False,True,0.06832298136645963,0.5229813664596273,True,2.0,True,True,2.0,True,True,10.0,True,False,True,False,True,False,False,-1.0,True,-1.0,-1.0,-1.0,201.25,0.4,,2,True,True,False,False,False,Q2,<0.05R,10:30-11:00,mid,Wed
2026-03-12,down,True,1,0.0057405281285878304,0.32629558541266795,1,False,True,0.010332950631458095,0.33983926521239954,True,1.0,True,True,4.0,True,True,4.0,True,False,True,False,True,False,True,-1.0,True,-1.0,-1.0,-1.0,217.75,0.48333333333333334,,3,True,False,False,False,False,Q1_weak,<0.05R,10:30-11:00,mid,Thu
2026-03-13,down,True,13,0.014157014157014158,1.0260869565217392,1,False,True,0.08236808236808237,1.341055341055341,True,1.0,True,False,,False,False,,False,False,False,False,True,False,True,1.9173967459324155,True,1.0,2.0,,194.25,0.35,,4,True,True,True,False,False,Q1_weak,<0.05R,10:30-11:00,narrow,Fri
2026-03-16,up,True,279,0.15156794425087108,18.681318681318682,4,True,True,0.45818815331010454,0.3832752613240418,True,2.0,False,True,2.0,True,True,14.0,True,False,True,False,True,False,False,-1.0,True,-1.0,-1.0,0.06927175843694494,143.5,0.16666666666666666,,0,True,False,False,False,False,Q4_strong,0.15-0.30R,after 13:30,narrowest,Mon
2026-03-17,down,True,66,0.06045751633986928,2.4372759856630823,6,False,True,0.07026143790849673,0.11601307189542484,True,1.0,True,True,3.0,True,True,68.0,True,False,True,False,True,False,False,-1.0,True,-1.0,-1.0,-0.18471337579617833,153.0,0.21666666666666667,,1,False,False,False,False,False,Q3,0.05-0.15R,11:00-12:00,narrow,Tue
2026-03-18,down,True,161,0.0777479892761394,2.308892355694228,1,False,True,0.029490616621983913,0.9115281501340483,True,5.0,True,True,6.0,True,True,8.0,True,False,True,False,True,False,True,-1.0,True,-1.0,-1.0,-1.0,186.5,0.31666666666666665,,2,True,True,False,False,False,Q3,0.05-0.15R,12:00-13:30,narrow,Wed
2026-03-19,up,True,35,0.07045454545454545,3.053892215568862,3,False,True,0.14204545454545456,0.6579545454545455,True,2.0,True,True,2.0,True,True,14.0,True,False,True,False,True,False,True,-1.0,True,-1.0,-1.0,-1.0,220.0,0.5333333333333333,,3,True,True,False,False,False,Q4_strong,0.05-0.15R,11:00-12:00,mid,Thu
2026-03-20,down,True,24,0.013958125623130608,2.2547584187408494,1,False,False,,1.073778664007976,True,1.0,True,True,1.0,True,True,1.0,False,False,False,False,False,False,True,1.9185257032007759,True,1.0,2.0,-1.0,250.75,0.6666666666666666,,4,True,True,True,False,False,Q3,<0.05R,10:30-11:00,wide,Fri
2026-03-23,down,True,86,0.10850439882697947,2.6333711691259936,3,True,True,0.028347996089931573,0.48484848484848486,True,11.0,True,True,12.0,True,True,123.0,False,False,False,False,True,False,True,0.03855421686746988,True,0.26392961876832843,0.26392961876832843,-0.4350547730829421,255.75,0.6666666666666666,,0,True,False,False,False,False,Q3,0.05-0.15R,11:00-12:00,wide,Mon
2026-03-24,up,True,26,0.010899182561307902,0.8174692049272116,2,False,False,,0.3692098092643052,True,1.0,True,True,2.0,True,True,2.0,True,False,True,False,False,False,False,-1.0,True,-1.0,-1.0,-1.0,183.5,0.26666666666666666,,1,True,False,False,False,False,Q1_weak,<0.05R,10:30-11:00,narrow,Tue
2026-03-25,down,True,46,0.0906801007556675,7.923497267759562,3,False,True,0.3161209068010076,0.20654911838790932,True,3.0,False,True,4.0,True,True,9.0,True,False,True,False,True,False,False,-1.0,True,-1.0,-1.0,-0.25054945054945055,198.5,0.38333333333333336,,2,False,False,False,False,False,Q4_strong,0.05-0.15R,11:00-12:00,mid,Wed
2026-03-26,down,True,61,0.05322128851540616,4.962779156327544,3,False,True,0.036414565826330535,1.619047619047619,True,1.0,True,True,4.0,True,True,15.0,False,False,False,False,True,False,True,1.7113924050632912,True,1.0,2.0,-1.0,178.5,0.21666666666666667,,3,True,True,True,True,False,Q4_strong,0.05-0.15R,11:00-12:00,narrow,Thu
2026-03-27,down,True,130,0.004739336492890996,0.3879310344827586,5,False,False,,0.8720379146919431,True,1.0,True,True,1.0,True,True,6.0,False,False,False,False,False,False,True,1.3450704225352113,True,1.0,1.367298578199052,-1.0,211.0,0.45,,4,True,True,False,False,False,Q1_weak,<0.05R,12:00-13:30,mid,Fri
2026-03-30,down,True,11,0.024439918533604887,2.303206997084548,3,False,True,0.0274949083503055,1.0926680244399185,True,1.0,True,True,5.0,True,True,5.0,True,False,True,False,True,False,True,-1.0,True,-1.0,-1.0,-1.0,245.5,0.6333333333333333,,0,True,True,True,False,False,Q3,<0.05R,10:30-11:00,wide,Mon
2026-03-31,up,True,128,0.16584158415841585,6.54485049833887,3,True,True,0.2438118811881188,1.952970297029703,False,,False,False,,False,False,,False,False,False,False,True,True,True,1.2527881040892193,False,,,,202.0,0.4166666666666667,,1,True,True,True,True,False,Q4_strong,0.15-0.30R,12:00-13:30,mid,Tue
2026-04-01,up,True,9,0.014925373134328358,3.0047846889952154,3,False,True,0.1,0.8208955223880597,True,1.0,True,True,1.0,True,True,234.0,True,False,True,False,True,True,False,-1.0,True,1.0,-1.0,-0.27607361963190186,167.5,0.15,,2,True,True,False,False,False,Q3,<0.05R,10:30-11:00,narrowest,Wed
2026-04-02,up,True,3,0.06053639846743295,3.772819472616633,4,False,True,0.25593869731800767,0.8045977011494253,False,,False,False,,False,False,,False,False,False,False,True,False,True,1.0758714969241285,False,,,,326.25,0.85,,3,True,True,False,False,False,Q4_strong,0.05-0.15R,10:30-11:00,widest,Thu
2026-04-06,down,True,162,0.1053268765133172,5.682656826568265,4,False,True,0.08837772397094432,0.20823244552058112,True,5.0,False,True,7.0,True,True,12.0,True,False,True,False,True,False,False,-1.0,True,-1.0,-1.0,0.8295454545454546,206.5,0.4166666666666667,,0,False,False,False,False,False,Q4_strong,0.05-0.15R,12:00-13:30,mid,Mon
2026-04-07,down,True,32,0.030254777070063694,1.596009975062344,1,False,True,0.03343949044585987,0.16719745222929935,True,8.0,False,True,9.0,True,True,9.0,True,True,True,True,True,False,False,-1.0,True,-1.0,-1.0,4.389705882352941,314.0,0.7833333333333333,,1,False,False,False,False,False,Q2,<0.05R,11:00-12:00,wide,Tue
2026-04-07,up,False,315,0.06050955414012739,11.869639794168096,3,True,True,0.06050955414012739,0.23248407643312102,True,1.0,True,True,2.0,True,False,,False,False,False,False,True,False,True,0.24147727272727273,True,0.39171974522292996,0.39171974522292996,,314.0,0.7833333333333333,,1,False,False,False,False,False,Q4_strong,0.05-0.15R,after 13:30,wide,Tue
2026-04-08,down,True,2,0.018094089264173704,1.8309859154929577,2,False,False,,0.5597104945717732,True,1.0,True,True,1.0,True,True,73.0,True,False,True,False,False,False,False,-1.0,True,1.0,-1.0,0.12454212454212454,207.25,0.43333333333333335,,2,True,True,False,False,False,Q2,<0.05R,10:30-11:00,mid,Wed
2026-04-09,down,True,6,0.02030456852791878,2.753950338600452,1,False,False,,0.021996615905245348,True,1.0,False,True,1.0,True,True,1.0,True,True,True,True,False,False,False,-1.0,True,-1.0,-1.0,6.55,147.75,0.08333333333333333,,3,False,False,False,False,False,Q3,<0.05R,10:30-11:00,narrowest,Thu
2026-04-09,up,False,62,0.09983079526226735,6.8895348837209305,3,True,True,0.3062605752961083,1.0710659898477157,True,6.0,True,True,6.0,True,False,,False,False,False,False,True,True,True,1.5007052186177716,True,1.0,2.0,,147.75,0.08333333333333333,,3,True,True,True,False,False,Q4_strong,0.05-0.15R,11:00-12:00,narrowest,Thu
2026-04-10,up,True,44,0.0049382716049382715,1.794871794871795,1,False,True,0.01728395061728395,0.2345679012345679,True,1.0,True,True,12.0,True,True,15.0,True,True,True,True,True,False,False,-1.0,True,-1.0,-1.0,1.7777777777777777,101.25,0.03333333333333333,,4,False,False,False,False,False,Q2,<0.05R,11:00-12:00,narrowest,Fri
2026-04-10,down,False,86,0.07901234567901234,2.2132796780684103,7,True,True,0.024691358024691357,0.45185185185185184,True,4.0,True,True,14.0,True,True,17.0,False,False,False,False,True,False,False,-0.4136460554371002,True,-0.32098765432098764,-0.32098765432098764,-1.0,101.25,0.03333333333333333,,4,True,False,False,False,False,Q3,0.05-0.15R,11:00-12:00,narrowest,Fri
2026-04-13,up,True,27,0.06213872832369942,2.358974358974359,2,False,True,0.05057803468208093,1.2557803468208093,True,3.0,True,True,3.0,True,True,3.0,False,False,False,False,True,False,True,1.6683804627249357,True,1.0,2.0,-1.0,173.0,0.18333333333333332,,0,True,True,True,False,False,Q3,0.05-0.15R,10:30-11:00,narrow,Mon
2026-04-14,up,True,0,0.004991680532445923,0.49523809523809526,3,False,False,,1.3111480865224625,True,1.0,True,True,1.0,True,True,10.0,False,False,False,False,False,False,True,1.970345963756178,True,1.0,2.0,-1.0,150.25,0.11666666666666667,,1,True,True,True,False,False,Q1_weak,<0.05R,10:30-11:00,narrowest,Tue
2026-04-15,up,True,0,0.003289473684210526,0.2033898305084746,3,False,True,0.024671052631578948,1.600328947368421,True,1.0,True,True,8.0,True,True,9.0,False,False,False,False,True,False,True,1.9803921568627452,True,1.0,2.0,-1.0,152.0,0.13333333333333333,,2,True,True,True,True,False,Q1_weak,<0.05R,10:30-11:00,narrowest,Wed
2026-04-16,up,True,38,0.004219409282700422,1.2182741116751268,2,False,True,0.046413502109704644,0.6230661040787623,True,22.0,True,True,85.0,False,True,127.0,True,False,True,False,True,True,True,-1.0,True,1.0,-1.0,-0.3722772277227723,177.75,0.2,,3,True,True,False,False,False,Q1_weak,<0.05R,11:00-12:00,narrow,Thu
2026-04-17,up,True,3,0.13651877133105803,4.140625,4,False,True,0.07849829351535836,0.742320819112628,True,2.0,True,True,171.0,False,False,,False,False,False,False,True,True,True,0.3351206434316354,True,1.0,0.6996587030716723,,146.5,0.06666666666666667,,4,True,True,False,False,False,Q4_strong,0.05-0.15R,10:30-11:00,narrowest,Fri
2026-04-20,down,True,10,0.03125,2.134646962233169,2,False,True,0.12723214285714285,1.3125,True,9.0,True,True,188.0,False,True,224.0,False,False,False,False,True,False,False,1.8235294117647058,True,1.0,2.0,0.03508771929824561,112.0,0.05,,0,True,True,True,False,False,Q3,<0.05R,10:30-11:00,narrowest,Mon
2026-04-21,down,True,30,0.055205047318611984,2.76707530647986,7,False,True,0.025236593059936908,1.1041009463722398,True,8.0,True,True,8.0,True,False,,False,False,False,False,True,False,True,1.7017045454545454,True,1.0,2.0,,158.5,0.2,,1,True,True,True,False,False,Q3,0.05-0.15R,10:30-11:00,narrow,Tue
2026-04-22,up,True,9,0.02364394993045897,1.4245810055865924,1,False,True,0.03477051460361613,0.5660639777468707,True,2.0,True,True,2.0,True,True,3.0,False,False,False,False,True,False,True,0.897742363877822,True,1.0,0.9874826147426982,-1.0,179.75,0.2833333333333333,,2,True,True,False,False,False,Q2,<0.05R,10:30-11:00,narrow,Wed
2026-04-23,up,True,27,0.019963702359346643,1.6047548291233285,8,False,True,0.007259528130671506,0.38475499092558985,True,1.0,True,True,1.0,True,True,67.0,True,True,True,True,True,False,False,-1.0,True,-1.0,-1.0,0.75,137.75,0.06666666666666667,,3,True,False,False,False,False,Q2,<0.05R,10:30-11:00,narrowest,Thu
2026-04-23,down,False,159,0.07622504537205081,2.695214105793451,3,True,True,0.12522686025408347,2.056261343012704,True,2.0,True,True,86.0,False,False,,False,False,False,False,True,False,True,1.6031496062992125,True,1.0,2.0,,137.75,0.06666666666666667,,3,True,True,True,True,True,Q3,0.05-0.15R,12:00-13:30,narrowest,Thu
2026-04-24,up,True,16,0.032846715328467155,1.6551724137931034,1,False,False,,1.4251824817518248,True,1.0,True,True,1.0,True,True,1.0,False,False,False,False,False,False,True,1.8150684931506849,True,1.0,2.0,-1.0,137.0,0.05,,4,True,True,True,False,False,Q2,<0.05R,10:30-11:00,narrowest,Fri
2026-04-27,up,True,183,0.0018315018315018315,1.7582417582417582,6,False,True,0.014652014652014652,0.1446886446886447,True,1.0,True,True,2.0,True,True,72.0,False,False,False,False,True,False,True,0.14233576642335766,True,0.14652014652014653,0.14652014652014653,-1.0,136.5,0.05,,0,False,False,False,False,False,Q2,<0.05R,after 13:30,narrowest,Mon
