date,direction,is_first,minutes_after_ib,close_through,disp_ratio,impulse_bars,opposite_touched_first,fvg_present,fvg_size,mfe,retest,retest_minutes,resumed_after_retest,failed,failed_minutes,failed_before_05,cisd,cisd_minutes,reached_mid_after,reached_opposite_after,cisd_then_mid,cisd_then_opposite,fvg_revisited,fvg_held,eod_beyond_edge,s1_breakout_r,s2_retest_filled,s2_retest_r05,s2_retest_r10,s3_cisd_fade_r,ib_range,ib_range_pctile,gap_dir,dow,ext_0.25,ext_0.5,ext_1.0,ext_1.5,ext_2.0,disp_q,close_through_b,time_b,ib_width_q,dow_name
2021-04-29,down,True,60,0.11310592459605028,1.1544991511035654,2,False,True,0.236983842010772,0.7396768402154399,True,135.0,False,True,135.0,False,True,180.0,False,False,False,False,True,True,False,-0.5768667642752562,True,-0.48114901256732495,-0.48114901256732495,-0.06984667802385008,139.25,1.0,,3,True,True,False,False,False,Q2,0.05-0.15R,11:00-12:00,widest,Thu
2021-04-30,down,True,195,0.02127659574468085,2.098949211908932,2,True,True,0.14657210401891252,0.14657210401891252,True,15.0,False,True,15.0,True,False,,False,False,False,False,True,False,False,-0.4126984126984127,True,-0.3877068557919622,-0.3877068557919622,,105.75,0.7619047619047619,,4,False,False,False,False,False,Q3,<0.05R,after 13:30,wide,Fri
2021-05-03,down,True,15,0.04145077720207254,1.3824503311258278,3,False,True,0.4119170984455959,0.8186528497409327,False,,False,False,,False,False,,False,False,False,False,False,False,True,1.0813397129186604,False,,,,96.5,0.6818181818181818,,0,True,True,False,False,False,Q3,<0.05R,10:30-11:00,wide,Mon
2021-05-04,down,True,15,0.07125307125307126,0.7936507936507936,2,False,True,0.08722358722358722,0.5515970515970516,True,15.0,True,True,300.0,False,False,,False,False,False,False,True,True,False,-0.556989247311828,True,1.0,-0.49385749385749383,,203.5,1.0,,1,True,True,False,False,False,Q2,0.05-0.15R,10:30-11:00,widest,Tue
2021-05-05,down,True,270,0.11559633027522936,1.9246861924686192,6,False,True,0.1798165137614679,0.48807339449541287,False,,False,False,,False,False,,False,False,False,False,False,False,True,0.23248882265275708,False,,,,136.25,0.9166666666666666,,2,True,False,False,False,False,Q3,0.05-0.15R,after 13:30,widest,Wed
2021-05-06,up,True,60,0.36174636174636177,1.8970736629667002,2,False,True,0.4095634095634096,0.7879417879417879,True,120.0,True,True,135.0,False,False,,False,False,False,False,True,True,True,0.42460796139927626,True,1.0,1.4553014553014554,,120.25,0.8,,3,True,True,False,False,False,Q3,>0.30R,11:00-12:00,wide,Thu
2021-05-10,down,True,15,0.12057877813504823,0.9106529209621993,3,False,True,0.03697749196141479,0.9630225080385852,True,30.0,True,True,45.0,True,False,,False,False,False,False,True,False,True,1.3186528497409327,True,1.0,1.8778135048231512,,155.5,0.9629629629629629,,0,True,True,False,False,False,Q2,0.05-0.15R,10:30-11:00,widest,Mon
2021-05-11,up,True,45,0.1583011583011583,1.9425837320574164,4,False,True,0.25997425997426,0.4980694980694981,True,15.0,True,True,15.0,True,False,,False,False,False,False,True,False,True,0.2678396871945259,True,0.6692406692406693,0.6692406692406693,,194.25,0.9642857142857143,,1,True,False,False,False,False,Q3,0.15-0.30R,11:00-12:00,widest,Tue
2021-05-12,down,True,0,0.2688588007736944,1.288421052631579,4,False,True,0.12379110251450677,1.1025145067698259,True,45.0,True,False,,False,False,,False,False,False,False,True,True,True,0.9509433962264151,True,1.0,2.0,,129.25,0.7931034482758621,,2,True,True,True,False,False,Q2,0.15-0.30R,10:30-11:00,wide,Wed
2021-05-13,down,True,60,0.1732283464566929,1.022977022977023,3,True,False,,0.7047244094488189,True,15.0,True,True,30.0,True,False,,True,False,False,False,False,False,False,-1.0,True,1.0,-1.0,,127.0,0.7666666666666667,,3,True,True,False,False,False,Q2,0.15-0.30R,11:00-12:00,wide,Thu
2021-05-14,up,True,15,0.17955112219451372,2.377049180327869,5,False,False,,1.1695760598503742,True,15.0,True,False,,False,False,,False,False,False,False,False,False,True,1.2073394495412844,True,1.0,2.0,,100.25,0.5161290322580645,,4,True,True,True,False,False,Q4_strong,0.15-0.30R,10:30-11:00,mid,Fri
2021-05-17,down,True,90,0.11137440758293839,0.7153284671532847,6,False,False,,0.518957345971564,True,15.0,True,True,15.0,True,True,225.0,True,False,True,False,False,False,False,-1.0,True,1.0,-1.0,,105.5,0.5625,,0,True,True,False,False,False,Q1_weak,0.05-0.15R,11:00-12:00,mid,Mon
2021-05-18,up,True,15,0.012121212121212121,0.6288343558282208,1,False,False,,0.1696969696969697,True,15.0,False,True,15.0,True,True,30.0,True,True,True,True,False,False,False,-1.0,True,-1.0,-1.0,2.938775510204082,82.5,0.36363636363636365,,1,False,False,False,False,False,Q1_weak,<0.05R,10:30-11:00,narrow,Tue
2021-05-18,down,False,240,0.5303030303030303,3.4713656387665197,2,True,True,0.36666666666666664,1.1666666666666667,True,60.0,True,False,,False,False,,False,False,False,False,True,False,True,0.45588235294117646,True,1.0,2.0,,82.5,0.36363636363636365,,1,True,True,True,False,False,Q4_strong,>0.30R,after 13:30,narrow,Tue
2021-05-19,up,True,30,0.24177949709864605,1.1966053748231966,2,False,False,,1.11605415860735,True,45.0,True,False,,False,False,,False,False,False,False,False,False,True,1.0221642764015646,True,1.0,2.0,,129.25,0.8088235294117647,,2,True,True,True,False,False,Q2,0.15-0.30R,10:30-11:00,widest,Wed
2021-05-20,up,True,0,0.0586145648312611,0.3035019455252918,5,False,True,0.16163410301953818,0.7158081705150977,False,,False,False,,False,False,,False,False,False,False,True,False,True,0.7154213036565977,False,,,,140.75,0.8857142857142857,,3,True,True,False,False,False,Q1_weak,0.05-0.15R,10:30-11:00,widest,Thu
2021-05-21,down,True,0,0.11436170212765957,0.40842787682333875,3,False,True,0.02925531914893617,0.8537234042553191,True,30.0,True,False,,False,False,,False,False,False,False,True,True,True,0.974025974025974,True,1.0,1.425531914893617,,94.0,0.4166666666666667,,4,True,True,False,False,False,Q1_weak,0.05-0.15R,10:30-11:00,mid,Fri
2021-05-24,up,True,0,0.031088082901554404,0.291497975708502,5,False,True,0.08290155440414508,0.3298791018998273,True,15.0,True,True,15.0,True,False,,False,False,False,False,False,False,False,-0.06829268292682927,True,-0.010362694300518135,-0.010362694300518135,,144.75,0.8918918918918919,,0,True,False,False,False,False,Q1_weak,<0.05R,10:30-11:00,widest,Mon
2021-05-25,down,True,45,0.12215909090909091,1.9444444444444444,2,False,True,0.09375,0.4289772727272727,True,30.0,False,True,45.0,True,False,,False,False,False,False,True,False,False,-0.410958904109589,True,-0.26704545454545453,-0.26704545454545453,,88.0,0.3684210526315789,,1,True,False,False,False,False,Q3,0.05-0.15R,11:00-12:00,mid,Tue
2021-05-26,up,True,30,0.018957345971563982,0.25992779783393505,2,False,True,0.14218009478672985,0.3033175355450237,True,15.0,True,True,15.0,True,True,150.0,True,False,True,False,True,False,False,-1.0,True,-1.0,-1.0,-0.3333333333333333,52.75,0.02564102564102564,,2,True,False,False,False,False,Q1_weak,<0.05R,10:30-11:00,narrowest,Wed
2021-05-27,up,True,0,0.24892703862660945,1.2517985611510791,3,False,True,0.13733905579399142,0.31759656652360513,True,15.0,False,True,15.0,True,True,315.0,True,False,True,False,True,False,False,-1.0,True,-1.0,-1.0,,58.25,0.05,,3,True,False,False,False,False,Q2,0.15-0.30R,10:30-11:00,narrowest,Thu
2021-05-28,up,True,60,0.1270718232044199,1.70126582278481,3,False,True,0.27071823204419887,0.5248618784530387,True,105.0,False,True,105.0,False,True,150.0,True,True,True,True,True,True,False,-1.0,True,-1.0,-1.0,0.35294117647058826,45.25,0.024390243902439025,,4,True,True,False,False,False,Q3,0.05-0.15R,11:00-12:00,narrowest,Fri
2021-05-28,down,False,315,0.08839779005524862,3.103448275862069,2,True,False,,0.0,False,,False,False,,False,False,,False,False,False,False,False,False,False,,False,,,,45.25,0.024390243902439025,,4,False,False,False,False,False,Q4_strong,0.05-0.15R,after 13:30,narrowest,Fri
2021-06-01,down,True,15,0.09878682842287695,1.9748858447488586,2,False,True,0.16984402079722705,0.2530329289428076,True,15.0,False,True,15.0,True,True,105.0,False,False,False,False,True,False,False,-0.42257597684515197,True,-0.30849220103986136,-0.30849220103986136,-0.2724458204334365,144.25,0.8809523809523809,,1,True,False,False,False,False,Q3,0.05-0.15R,10:30-11:00,widest,Tue
2021-06-02,down,True,165,0.3656387665198238,3.37378640776699,3,True,True,0.27312775330396477,0.8546255506607929,True,135.0,False,True,135.0,False,True,150.0,False,False,False,False,True,False,False,-0.8804071246819338,True,-0.7929515418502202,-0.7929515418502202,,56.75,0.06976744186046512,,2,True,True,False,False,False,Q4_strong,>0.30R,12:00-13:30,narrowest,Wed
2021-06-03,up,True,15,0.08372093023255814,2.546230440967283,1,False,True,0.4,0.3697674418604651,True,30.0,False,True,30.0,True,False,,False,False,False,False,True,False,False,-0.8047808764940239,True,-0.772093023255814,-0.772093023255814,,107.5,0.6136363636363636,,3,True,False,False,False,False,Q4_strong,0.05-0.15R,10:30-11:00,wide,Thu
2021-06-04,up,True,45,0.09466437177280551,0.7652733118971061,2,False,False,,0.22719449225473323,True,15.0,True,False,,False,False,,False,False,False,False,False,False,True,0.023154848046309694,True,0.21686746987951808,0.21686746987951808,,145.25,0.9111111111111111,,4,False,False,False,False,False,Q1_weak,0.05-0.15R,11:00-12:00,widest,Fri
2021-06-07,up,True,255,0.2644230769230769,2.296511627906977,4,False,True,0.25961538461538464,0.8461538461538461,False,,False,False,,False,False,,False,False,False,False,True,True,True,0.610062893081761,False,,,,52.0,0.043478260869565216,,0,True,True,False,False,False,Q4_strong,0.15-0.30R,after 13:30,narrowest,Mon
2021-06-08,down,True,15,0.15343915343915343,0.7923497267759563,1,False,True,0.031746031746031744,0.8571428571428571,True,15.0,True,True,240.0,False,True,255.0,False,False,False,False,True,False,True,-0.012145748987854251,True,1.0,0.291005291005291,-0.2670299727520436,94.5,0.46808510638297873,,1,True,True,False,False,False,Q2,0.15-0.30R,10:30-11:00,mid,Tue
2021-06-09,down,True,285,0.05063291139240506,2.0813008130081303,4,False,True,0.0379746835443038,0.2120253164556962,True,15.0,True,False,,False,False,,False,False,False,False,False,False,True,0.12643678160919541,True,0.24050632911392406,0.24050632911392406,,79.0,0.3333333333333333,,2,False,False,False,False,False,Q3,0.05-0.15R,after 13:30,narrow,Wed
2021-06-11,up,True,315,0.2033898305084746,3.7476099426386233,3,True,False,,0.0,False,,False,False,,False,False,,False,False,False,False,False,False,False,,False,,,,44.25,0.02,,4,False,False,False,False,False,Q4_strong,0.15-0.30R,after 13:30,narrowest,Fri
2021-06-14,up,True,90,0.15527950310559005,1.6786570743405274,2,False,True,0.059006211180124224,1.0683229813664596,True,30.0,True,True,30.0,True,False,,False,False,False,False,True,True,True,1.2890995260663507,True,1.0,2.0,,80.5,0.35294117647058826,,0,True,True,True,False,False,Q3,0.15-0.30R,11:00-12:00,narrow,Mon
2021-06-15,down,True,45,0.08582089552238806,1.75,1,False,True,0.03731343283582089,0.8171641791044776,True,30.0,True,True,30.0,True,False,,False,False,False,False,True,False,True,0.5732484076433121,True,1.0,0.8432835820895522,,67.0,0.22115384615384615,,1,True,True,False,False,False,Q3,0.05-0.15R,11:00-12:00,narrow,Tue
2021-06-16,down,True,60,0.13615023474178403,1.4233128834355828,3,False,True,0.40375586854460094,3.9859154929577465,False,,False,False,,False,False,,False,False,False,False,True,False,True,1.3579335793357934,False,,,,53.25,0.09433962264150944,,2,True,True,True,True,True,Q3,0.05-0.15R,11:00-12:00,narrowest,Wed
2021-06-17,up,True,0,0.15653495440729484,0.7936,5,False,True,0.26595744680851063,0.6231003039513677,True,15.0,True,True,105.0,False,False,,False,False,False,False,True,True,True,0.3148148148148148,True,1.0,0.7264437689969605,,164.5,0.9629629629629629,,3,True,True,False,False,False,Q2,0.15-0.30R,10:30-11:00,widest,Thu
2021-06-18,down,True,30,0.1752873563218391,2.6842105263157894,2,False,True,0.14942528735632185,0.39655172413793105,True,15.0,True,True,45.0,True,False,,True,False,False,False,True,False,True,-1.0,True,-1.0,-1.0,,87.0,0.43636363636363634,,4,True,False,False,False,False,Q4_strong,0.15-0.30R,10:30-11:00,mid,Fri
2021-06-21,up,True,0,0.07453416149068323,1.886255924170616,1,False,True,0.2194616977225673,0.5362318840579711,False,,False,False,,False,False,,False,False,False,False,True,True,True,0.5765765765765766,False,,,,120.75,0.6964285714285714,,0,True,True,False,False,False,Q3,0.05-0.15R,10:30-11:00,wide,Mon
2021-06-22,up,True,30,0.23826714801444043,1.8175895765472314,2,False,True,0.2490974729241877,1.48014440433213,False,,False,False,,False,False,,False,False,False,False,True,True,True,1.0317848410757946,False,,,,69.25,0.24561403508771928,,1,True,True,True,False,False,Q3,0.15-0.30R,10:30-11:00,narrow,Tue
2021-06-24,up,True,0,0.06302521008403361,0.33962264150943394,5,False,True,0.008403361344537815,0.31092436974789917,True,15.0,True,True,15.0,True,True,180.0,True,True,True,True,True,False,False,-1.0,True,-1.0,-1.0,-0.018867924528301886,59.5,0.13559322033898305,,3,True,False,False,False,False,Q1_weak,0.05-0.15R,10:30-11:00,narrowest,Thu
2021-06-24,down,False,180,0.025210084033613446,1.896792189679219,2,True,True,0.025210084033613446,0.2815126050420168,True,15.0,True,True,15.0,True,True,60.0,True,False,True,False,True,False,False,-1.0,True,-1.0,-1.0,-0.44041450777202074,59.5,0.13559322033898305,,3,True,False,False,False,False,Q3,<0.05R,12:00-13:30,narrowest,Thu
2021-06-28,up,True,105,0.0684931506849315,0.9924812030075187,2,False,False,,0.4136986301369863,True,15.0,True,True,30.0,True,True,45.0,False,False,False,False,False,False,True,0.4433734939759036,True,0.6410958904109589,0.6410958904109589,-1.0,91.25,0.5,,0,True,False,False,False,False,Q2,0.05-0.15R,12:00-13:30,mid,Mon
2021-06-29,up,True,105,0.288135593220339,2.3552311435523112,5,False,True,0.13559322033898305,0.6313559322033898,False,,False,False,,False,False,,False,False,False,False,True,True,True,0.3763440860215054,False,,,,59.0,0.13333333333333333,,1,True,True,False,False,False,Q4_strong,0.15-0.30R,12:00-13:30,narrowest,Tue
2021-07-01,down,True,30,0.1774193548387097,4.75531914893617,2,False,True,0.2903225806451613,0.5967741935483871,True,45.0,False,True,45.0,False,True,210.0,True,False,True,False,True,False,False,-1.0,True,-1.0,-1.0,0.0032679738562091504,62.0,0.2,,3,True,True,False,False,False,Q4_strong,0.15-0.30R,10:30-11:00,narrow,Thu
2021-07-02,up,True,75,0.059782608695652176,0.922360248447205,2,False,True,0.25,1.3858695652173914,True,15.0,True,True,15.0,True,False,,False,False,False,False,True,True,True,1.6796116504854368,True,1.0,2.0,,46.0,0.05,,4,True,True,True,False,False,Q2,0.05-0.15R,11:00-12:00,narrowest,Fri
2021-07-06,down,True,15,0.1346153846153846,0.8746355685131196,3,False,True,0.009615384615384616,2.168269230769231,True,15.0,True,True,15.0,True,False,,True,False,False,False,True,True,False,1.3636363636363635,True,1.0,2.0,,52.0,0.075,,1,True,True,True,True,True,Q2,0.05-0.15R,10:30-11:00,narrowest,Tue
2021-07-07,down,True,0,0.5214105793450882,2.8184615384615386,5,False,True,0.030226700251889168,0.5869017632241813,True,30.0,False,True,60.0,False,False,,False,False,False,False,True,False,False,-0.6855733662145499,True,-0.35768261964735515,-0.35768261964735515,,99.25,0.6,,2,True,True,False,False,False,Q4_strong,>0.30R,10:30-11:00,wide,Wed
2021-07-08,up,True,60,0.06981981981981981,0.5530864197530864,3,False,True,0.05630630630630631,0.9324324324324325,False,,False,False,,False,False,,False,False,False,False,True,True,True,1.0039525691699605,False,,,,111.0,0.6666666666666666,,3,True,True,False,False,False,Q1_weak,0.05-0.15R,11:00-12:00,wide,Thu
2021-07-09,up,True,0,0.04868913857677903,2.5511811023622046,2,False,True,0.4606741573033708,1.4569288389513109,True,15.0,True,False,,False,False,,False,False,False,False,True,True,True,1.733788395904437,True,1.0,2.0,,66.75,0.3,,4,True,True,True,False,False,Q4_strong,<0.05R,10:30-11:00,narrow,Fri
2021-07-13,up,True,30,0.10596026490066225,0.9379310344827586,2,False,True,0.08609271523178808,0.3465783664459161,True,120.0,False,True,120.0,True,True,120.0,True,True,True,True,True,False,False,-1.0,True,-1.0,-1.0,2.05,113.25,0.6666666666666666,,1,True,False,False,False,False,Q2,0.05-0.15R,10:30-11:00,wide,Tue
2021-07-14,down,True,45,0.26639344262295084,1.5439469320066335,2,False,True,0.36885245901639346,1.1967213114754098,True,75.0,False,True,75.0,False,False,,False,False,False,False,False,False,True,0.9572192513368984,True,1.0,1.3278688524590163,,61.0,0.21666666666666667,,2,True,True,True,False,False,Q3,0.15-0.30R,11:00-12:00,narrow,Wed
2021-07-15,down,True,15,0.05150214592274678,0.12252591894439209,4,False,False,,0.6652360515021459,True,15.0,True,True,15.0,True,False,,False,False,False,False,False,False,False,-0.16731517509727625,True,1.0,-0.0815450643776824,,116.5,0.6833333333333333,,3,True,True,False,False,False,Q1_weak,0.05-0.15R,10:30-11:00,wide,Thu
2021-07-16,down,True,30,0.1673076923076923,2.237704918032787,2,False,True,0.12692307692307692,0.6423076923076924,True,45.0,True,True,60.0,True,True,120.0,False,False,False,False,True,False,True,0.5129682997118156,True,1.0,1.0192307692307692,-1.0,130.0,0.8,,4,True,True,False,False,False,Q4_strong,0.15-0.30R,10:30-11:00,wide,Fri
2021-07-20,up,True,0,0.1569620253164557,1.022801302931596,2,False,True,0.10126582278481013,1.691139240506329,False,,False,False,,False,False,,False,False,False,False,True,True,True,1.283236994219653,False,,,,98.75,0.5333333333333333,,1,True,True,True,True,False,Q2,0.15-0.30R,10:30-11:00,mid,Tue
2021-07-21,up,True,30,0.10927152317880795,0.6377440347071583,2,False,True,0.052980132450331126,0.8576158940397351,True,30.0,True,True,30.0,True,True,105.0,False,False,False,False,True,False,True,1.1304347826086956,True,1.0,1.596026490066225,-1.0,75.5,0.31666666666666665,,2,True,True,False,False,False,Q1_weak,0.05-0.15R,10:30-11:00,narrow,Wed
2021-07-22,up,True,0,0.13043478260869565,0.5982404692082112,3,False,True,0.007246376811594203,0.322463768115942,True,30.0,True,True,30.0,True,True,90.0,True,False,True,False,True,False,True,-1.0,True,-1.0,-1.0,-1.0,69.0,0.3,,3,True,False,False,False,False,Q1_weak,0.05-0.15R,10:30-11:00,narrow,Thu
2021-07-23,up,True,15,0.15602836879432624,0.7396449704142013,5,False,True,0.4326241134751773,1.5957446808510638,False,,False,False,,False,False,,False,False,False,False,True,False,True,1.2864864864864864,False,,,,70.5,0.3333333333333333,,4,True,True,True,True,False,Q1_weak,0.15-0.30R,10:30-11:00,narrow,Fri
2021-07-26,up,True,75,0.12987012987012986,2.4155844155844153,4,False,True,0.01948051948051948,0.21753246753246752,True,30.0,False,True,30.0,True,True,45.0,False,False,False,False,True,False,False,-0.211340206185567,True,-0.006493506493506494,-0.006493506493506494,-0.6201117318435754,77.0,0.36666666666666664,,0,False,False,False,False,False,Q4_strong,0.05-0.15R,11:00-12:00,narrow,Mon
2021-07-27,down,True,0,0.18298555377207062,1.7512776831345827,1,False,True,0.13643659711075443,1.1364365971107544,True,315.0,False,False,,False,False,,False,False,False,False,True,False,True,1.1962397179788484,True,0.012841091492776886,0.012841091492776886,,155.75,0.95,,1,True,True,True,False,False,Q3,0.15-0.30R,10:30-11:00,widest,Tue
2021-08-03,up,True,75,0.013675213675213675,1.0771954674220963,3,True,True,0.49743589743589745,0.28205128205128205,True,15.0,True,True,15.0,True,False,,False,False,False,False,False,False,True,0.4425956738768719,True,0.48205128205128206,0.48205128205128206,,146.25,0.9,,1,True,False,False,False,False,Q2,<0.05R,11:00-12:00,widest,Tue
2021-08-04,up,True,150,0.2916666666666667,2.169657422512235,2,True,True,0.24242424242424243,0.5833333333333334,True,120.0,False,True,165.0,False,False,,False,False,False,False,True,True,False,-0.37799043062200954,True,-0.015151515151515152,-0.015151515151515152,,66.0,0.26666666666666666,,2,True,True,False,False,False,Q4_strong,0.15-0.30R,12:00-13:30,narrow,Wed
2021-08-05,up,True,15,0.22083333333333333,4.13265306122449,2,False,True,0.13333333333333333,0.6541666666666667,False,,False,False,,False,False,,False,False,False,False,True,True,True,0.4624277456647399,False,,,,60.0,0.21666666666666667,,3,True,True,False,False,False,Q4_strong,0.15-0.30R,10:30-11:00,narrow,Thu
2021-08-06,down,True,15,0.3302752293577982,3.5572139303482584,2,False,True,0.41743119266055045,0.8853211009174312,True,60.0,False,True,60.0,False,False,,False,False,False,False,True,False,False,-0.4143646408839779,True,-0.027522935779816515,-0.027522935779816515,,54.5,0.15,,4,True,True,False,False,False,Q4_strong,>0.30R,10:30-11:00,narrowest,Fri
2021-08-10,down,True,0,1.1491935483870968,4.64,3,False,True,0.6935483870967742,1.625,False,,False,False,,False,False,,False,False,False,False,False,False,True,-0.09046454767726161,False,,,,62.0,0.2916666666666667,,1,True,True,True,True,False,Q4_strong,>0.30R,10:30-11:00,narrow,Tue
2021-08-11,down,True,15,0.27325581395348836,2.3120300751879697,2,False,True,0.11337209302325581,0.813953488372093,False,,False,False,,False,False,,False,False,False,False,True,True,True,-0.18421052631578946,False,,,,86.0,0.5333333333333333,,2,True,True,False,False,False,Q4_strong,0.15-0.30R,10:30-11:00,mid,Wed
2021-08-12,up,True,0,0.0529595015576324,0.2679900744416873,4,False,True,0.3925233644859813,0.8598130841121495,False,,False,False,,False,False,,False,False,False,False,False,False,True,1.1380281690140845,False,,,,80.25,0.5,,3,True,True,False,False,False,Q1_weak,0.05-0.15R,10:30-11:00,mid,Thu
2021-08-16,down,True,15,0.05433186490455213,0.49841772151898733,5,False,False,,0.12041116005873716,True,15.0,False,True,15.0,True,True,255.0,True,True,True,True,False,False,False,-1.0,True,-1.0,-1.0,0.05532503457814661,170.25,1.0,,0,False,False,False,False,False,Q1_weak,0.05-0.15R,10:30-11:00,widest,Mon
2021-08-16,up,False,285,0.02936857562408223,1.092896174863388,4,True,True,0.005873715124816446,0.14537444933920704,True,15.0,True,True,15.0,True,False,,False,False,False,False,True,False,True,0.18585298196948682,True,0.2555066079295154,0.2555066079295154,,170.25,1.0,,0,False,False,False,False,False,Q2,<0.05R,after 13:30,widest,Mon
2021-08-17,up,True,0,0.08244680851063829,1.4430992736077481,3,False,True,0.013297872340425532,0.1675531914893617,True,15.0,True,True,15.0,True,True,75.0,True,True,True,True,True,False,False,-1.0,True,-1.0,-1.0,-0.06991525423728813,94.0,0.6333333333333333,,1,False,False,False,False,False,Q3,0.05-0.15R,10:30-11:00,wide,Tue
2021-08-17,down,False,75,0.08776595744680851,1.5757931844888367,5,True,True,0.0797872340425532,0.5452127659574468,True,15.0,True,True,15.0,True,False,,True,False,False,False,True,False,False,-1.0,True,1.0,-1.0,,94.0,0.6333333333333333,,1,True,True,False,False,False,Q3,0.05-0.15R,11:00-12:00,wide,Tue
2021-08-18,down,True,210,0.17993079584775087,3.223454833597464,1,False,False,,1.698961937716263,True,15.0,True,True,15.0,False,True,15.0,True,False,True,False,False,False,True,-1.0,True,1.0,-1.0,-1.0,72.25,0.43333333333333335,,2,True,True,True,True,False,Q4_strong,0.15-0.30R,after 13:30,mid,Wed
2021-08-19,up,True,15,0.08997955010224949,2.3908523908523907,1,False,True,0.09815950920245399,0.9243353783231084,True,210.0,False,True,210.0,False,False,,False,False,False,False,True,True,True,0.4436741767764298,True,1.0,0.7034764826175869,,122.25,0.85,,3,True,True,False,False,False,Q4_strong,0.05-0.15R,10:30-11:00,widest,Thu
2021-08-20,up,True,300,0.007547169811320755,1.019108280254777,4,False,True,0.0018867924528301887,0.06415094339622641,True,15.0,True,True,15.0,True,False,,False,False,False,False,False,False,False,-0.13382899628252787,True,-0.12075471698113208,-0.12075471698113208,,132.5,0.8666666666666667,,4,False,False,False,False,False,Q2,<0.05R,after 13:30,widest,Fri
2021-08-23,up,True,0,0.07930367504835589,0.7467811158798283,5,False,True,0.05609284332688588,0.6460348162475822,False,,False,False,,False,False,,False,False,False,False,True,True,True,0.5609348914858097,False,,,,129.25,0.8333333333333334,,0,True,True,False,False,False,Q1_weak,0.05-0.15R,10:30-11:00,widest,Mon
2021-08-24,up,True,0,0.07488986784140969,0.4444444444444444,3,False,False,,0.1894273127753304,True,15.0,False,True,15.0,True,False,,True,False,False,False,False,False,False,-1.0,True,-1.0,-1.0,,56.75,0.14166666666666666,,1,False,False,False,False,False,Q1_weak,0.05-0.15R,10:30-11:00,narrowest,Tue
2021-08-25,down,True,0,0.06976744186046512,0.8351648351648352,4,False,False,,0.4883720930232558,True,15.0,True,True,30.0,True,False,,True,False,False,False,False,False,False,-1.0,True,-1.0,-1.0,,43.0,0.016666666666666666,,2,True,False,False,False,False,Q2,0.05-0.15R,10:30-11:00,narrowest,Wed
2021-08-27,up,True,165,0.013445378151260505,0.6453488372093023,4,False,True,0.02689075630252101,0.10084033613445378,True,45.0,True,True,45.0,True,False,,False,False,False,False,True,False,False,-0.08183306055646482,True,-0.05714285714285714,-0.05714285714285714,,148.75,0.9166666666666666,,4,False,False,False,False,False,Q1_weak,<0.05R,12:00-13:30,widest,Fri
2021-08-30,up,True,0,0.00847457627118644,0.15824175824175823,5,False,True,0.125,0.3771186440677966,True,15.0,True,True,45.0,True,False,,False,False,False,False,True,False,True,0.4166666666666667,True,0.4406779661016949,0.4406779661016949,,118.0,0.8,,0,True,False,False,False,False,Q1_weak,<0.05R,10:30-11:00,wide,Mon
2021-09-01,down,True,300,0.01948051948051948,4.662921348314606,2,False,True,0.09415584415584416,0.24675324675324675,True,15.0,True,False,,False,False,,False,False,False,False,False,False,True,0.225,True,0.2727272727272727,0.2727272727272727,,77.0,0.44166666666666665,,2,False,False,False,False,False,Q4_strong,<0.05R,after 13:30,mid,Wed
2021-09-02,down,True,105,0.00749063670411985,1.244047619047619,4,False,True,0.0449438202247191,0.951310861423221,True,15.0,True,True,30.0,True,False,,False,False,False,False,False,False,True,0.2878228782287823,True,1.0,0.30711610486891383,,66.75,0.2916666666666667,,3,True,True,False,False,False,Q2,<0.05R,12:00-13:30,narrow,Thu
2021-09-07,up,True,15,0.08870967741935484,0.7,3,False,True,0.31451612903225806,0.5282258064516129,True,15.0,True,True,15.0,True,False,,True,False,False,False,True,True,True,-1.0,True,-1.0,-1.0,,62.0,0.23333333333333334,,1,True,True,False,False,False,Q1_weak,0.05-0.15R,10:30-11:00,narrow,Tue
2021-09-08,down,True,0,0.8461538461538461,2.536340852130326,2,False,True,0.832579185520362,1.5972850678733033,True,195.0,False,True,210.0,False,False,,False,False,False,False,False,False,False,0.11428571428571428,True,-0.3891402714932127,-0.3891402714932127,,55.25,0.11666666666666667,,2,True,True,True,True,False,Q4_strong,>0.30R,10:30-11:00,narrowest,Wed
2021-09-09,down,True,45,0.13953488372093023,3.4603773584905664,4,False,True,0.24651162790697675,1.241860465116279,True,15.0,True,True,15.0,True,False,,False,False,False,False,False,False,True,1.3454545454545455,True,1.0,2.0,,53.75,0.1,,3,True,True,True,False,False,Q4_strong,0.05-0.15R,11:00-12:00,narrowest,Thu
2021-09-10,down,True,0,0.35424354243542433,2.0386100386100385,3,False,True,0.0036900369003690036,2.4612546125461257,True,15.0,True,True,150.0,False,False,,False,False,False,False,True,True,True,0.755939524838013,True,1.0,2.0,,67.75,0.3333333333333333,,4,True,True,True,True,True,Q3,>0.30R,10:30-11:00,narrow,Fri
2021-09-13,down,True,225,0.01125,0.7290436835891381,2,False,False,,0.07375,True,15.0,True,True,15.0,True,True,45.0,False,False,False,False,False,False,False,-0.7408312958435208,True,-0.735,-0.735,0.9289617486338798,200.0,1.0,,0,False,False,False,False,False,Q1_weak,<0.05R,after 13:30,widest,Mon
2021-09-14,down,True,150,0.0502092050209205,1.2960462873674061,1,False,False,,0.50418410041841,True,15.0,True,True,15.0,True,True,30.0,False,False,False,False,False,False,True,0.24334600760456274,True,1.0,0.3682008368200837,-1.0,119.5,0.8166666666666667,,1,True,True,False,False,False,Q2,0.05-0.15R,12:00-13:30,widest,Tue
2021-09-15,up,True,135,0.041749502982107355,0.8539215686274509,3,False,True,0.18886679920477137,0.6441351888667992,False,,False,False,,False,False,,False,False,False,False,False,False,True,0.8587155963302753,False,,,,125.75,0.85,,2,True,True,False,False,False,Q2,<0.05R,12:00-13:30,widest,Wed
2021-09-16,up,True,210,0.05251141552511415,0.6570796460176991,2,True,True,0.2237442922374429,0.545662100456621,True,15.0,True,False,,False,False,,False,False,False,False,False,False,True,0.5247933884297521,True,1.0,0.684931506849315,,109.5,0.6833333333333333,,3,True,True,False,False,False,Q1_weak,0.05-0.15R,after 13:30,wide,Thu
2021-09-17,down,True,0,0.09221311475409837,1.1555555555555554,1,False,True,0.006147540983606557,0.7110655737704918,True,120.0,True,False,,False,False,,False,False,False,False,True,True,True,0.4117647058823529,True,1.0,0.6721311475409836,,122.0,0.8166666666666667,,4,True,True,False,False,False,Q2,0.05-0.15R,10:30-11:00,widest,Fri
2021-09-20,down,True,0,0.06884057971014493,0.8462709284627092,4,False,False,,1.4909420289855073,True,15.0,True,True,30.0,True,False,,False,False,False,False,False,False,True,1.6369426751592357,True,1.0,2.0,,138.0,0.9,,0,True,True,True,False,False,Q2,0.05-0.15R,10:30-11:00,widest,Mon
2021-09-21,down,True,15,0.038910505836575876,4.133333333333334,1,False,False,,0.2237354085603113,True,15.0,False,True,15.0,True,True,15.0,True,False,True,False,False,False,False,-1.0,True,-1.0,-1.0,-0.5588972431077694,128.5,0.8333333333333334,,1,False,False,False,False,False,Q4_strong,<0.05R,10:30-11:00,widest,Tue
2021-09-22,up,True,30,0.027837259100642397,0.24573378839590443,6,False,True,0.07922912205567452,0.8179871520342612,True,120.0,True,True,225.0,False,False,,False,False,False,False,True,False,True,0.4381338742393509,True,1.0,0.5182012847965739,,116.75,0.7166666666666667,,2,True,True,False,False,False,Q1_weak,<0.05R,10:30-11:00,wide,Wed
2021-09-23,up,True,180,0.01437699680511182,0.26006191950464397,3,False,True,0.03035143769968051,0.054313099041533544,True,15.0,True,True,30.0,True,True,135.0,False,False,False,False,True,False,False,-0.5124223602484472,True,-0.4984025559105431,-0.4984025559105431,,156.5,0.95,,3,False,False,False,False,False,Q1_weak,<0.05R,12:00-13:30,widest,Thu
2021-09-24,up,True,90,0.0547945205479452,0.6319702602230483,3,False,True,0.16095890410958905,0.9794520547945206,True,15.0,True,True,105.0,True,False,,False,False,False,False,False,False,True,1.2098765432098766,True,1.0,1.452054794520548,,73.0,0.35,,4,True,True,False,False,False,Q1_weak,0.05-0.15R,11:00-12:00,narrow,Fri
2021-09-27,up,True,270,0.11494252873563218,2.035830618892508,1,False,False,,0.12452107279693486,True,15.0,False,True,15.0,True,True,45.0,False,False,False,False,False,False,False,-0.4392523364485981,True,-0.3103448275862069,-0.3103448275862069,,130.5,0.85,,0,False,False,False,False,False,Q3,0.05-0.15R,after 13:30,widest,Mon
2021-09-28,down,True,30,0.20719602977667495,1.1986143187066973,5,False,True,0.02729528535980149,0.4305210918114144,True,60.0,True,True,60.0,True,False,,False,False,False,False,True,False,True,0.15087719298245614,True,0.6277915632754343,0.6277915632754343,,201.5,1.0,,1,True,False,False,False,False,Q2,0.15-0.30R,10:30-11:00,widest,Tue
2021-09-29,down,True,60,0.12210526315789473,1.0700104493207943,3,False,True,0.26526315789473687,0.6442105263157895,True,15.0,True,True,15.0,True,False,,True,False,False,False,True,False,True,-1.0,True,1.0,-1.0,,118.75,0.7,,2,True,True,False,False,False,Q2,0.05-0.15R,11:00-12:00,wide,Wed
2021-09-30,down,True,15,0.265993265993266,2.491166077738516,2,False,True,0.5993265993265994,1.8080808080808082,True,15.0,True,True,30.0,True,True,30.0,False,False,False,False,True,False,True,0.9582417582417583,True,1.0,2.0,-1.0,74.25,0.3333333333333333,,3,True,True,True,True,False,Q4_strong,0.15-0.30R,10:30-11:00,narrow,Thu
2021-10-01,up,True,225,0.027166882276843468,0.6907158836689038,4,True,True,0.0815006468305304,0.4269081500646831,False,,False,False,,False,False,,False,False,False,False,True,False,True,0.2920245398773006,False,,,,193.25,0.9666666666666667,,4,True,False,False,False,False,Q1_weak,<0.05R,after 13:30,widest,Fri
2021-10-04,down,True,0,0.18951132300357568,0.844559585492228,5,False,True,0.18831942789034564,0.6793802145411204,False,,False,False,,False,False,,False,False,False,False,False,False,True,0.01728608470181504,False,,,,209.75,1.0,,0,True,True,False,False,False,Q2,0.15-0.30R,10:30-11:00,widest,Mon
2021-10-05,up,True,0,0.04316546762589928,0.3643724696356275,5,False,True,0.13848920863309352,0.8507194244604317,False,,False,False,,False,False,,False,False,False,False,True,True,True,0.2119205298013245,False,,,,139.0,0.8333333333333334,,1,True,True,False,False,False,Q1_weak,<0.05R,10:30-11:00,widest,Tue
2021-10-06,up,True,180,0.12550607287449392,1.0065359477124183,3,False,True,0.20242914979757085,0.5182186234817814,True,15.0,True,False,,False,False,,False,False,False,False,False,False,True,0.5329018338727076,True,1.0,0.9176788124156545,,185.25,0.9333333333333333,,2,True,True,False,False,False,Q2,0.05-0.15R,12:00-13:30,widest,Wed
2021-10-07,up,True,75,0.03339517625231911,0.6765734265734266,2,False,True,0.07050092764378478,0.05380333951762523,True,15.0,True,True,15.0,True,True,120.0,True,False,True,False,True,False,False,-1.0,True,-1.0,-1.0,1.961290322580645,134.75,0.7833333333333333,,3,False,False,False,False,False,Q1_weak,<0.05R,11:00-12:00,wide,Thu
2021-10-08,down,True,0,0.19023136246786632,2.0353634577603144,1,False,True,0.05912596401028278,0.5655526992287918,True,15.0,True,True,15.0,True,False,,False,False,False,False,False,False,True,0.24208566108007448,True,1.0,0.7146529562982005,,97.25,0.4583333333333333,,4,True,True,False,False,False,Q3,0.15-0.30R,10:30-11:00,mid,Fri
2021-10-11,down,True,315,0.12696148359486448,2.917015926236379,4,False,True,0.034236804564907276,0.0,False,,False,False,,False,False,,False,False,False,False,False,False,False,,False,,,,175.25,0.9166666666666666,,0,False,False,False,False,False,Q4_strong,0.05-0.15R,after 13:30,widest,Mon
2021-10-12,down,True,15,0.1,0.603318250377074,3,False,False,,0.23529411764705882,True,15.0,True,True,15.0,True,True,60.0,True,False,True,False,False,False,True,-1.0,True,-1.0,-1.0,-1.0,127.5,0.6833333333333333,,1,False,False,False,False,False,Q1_weak,0.05-0.15R,10:30-11:00,wide,Tue
2021-10-14,up,True,45,0.00966183574879227,0.8256410256410256,1,False,True,0.07971014492753623,0.5289855072463768,True,15.0,True,False,,False,False,,False,False,False,False,True,False,True,0.7962085308056872,True,1.0,0.8309178743961353,,103.5,0.4666666666666667,,3,True,True,False,False,False,Q2,<0.05R,11:00-12:00,mid,Thu
2021-10-15,up,True,15,0.2112676056338028,1.25,2,False,True,0.3004694835680751,0.7230046948356808,True,30.0,True,True,45.0,True,False,,True,False,False,False,True,False,True,-1.0,True,-1.0,-1.0,,53.25,0.03333333333333333,,4,True,True,False,False,False,Q2,0.15-0.30R,10:30-11:00,narrowest,Fri
2021-10-18,up,True,15,0.06666666666666667,1.09375,1,False,True,0.11724137931034483,1.2275862068965517,False,,False,False,,False,False,,False,False,False,False,True,True,True,1.6470588235294117,False,,,,108.75,0.475,,0,True,True,True,False,False,Q2,0.05-0.15R,10:30-11:00,mid,Mon
2021-10-19,up,True,15,0.23430962343096234,2.913533834586466,1,False,True,0.06694560669456066,0.702928870292887,True,30.0,True,False,,False,False,,False,False,False,False,True,True,True,0.5527065527065527,True,1.0,1.2803347280334727,,59.75,0.11666666666666667,,1,True,True,False,False,False,Q4_strong,0.15-0.30R,10:30-11:00,narrowest,Tue
2021-10-20,down,True,150,0.3771186440677966,3.1839464882943145,1,True,True,0.3728813559322034,1.0338983050847457,True,120.0,False,True,165.0,False,False,,False,False,False,False,True,False,False,0.7101449275362319,True,-0.1016949152542373,-0.1016949152542373,,59.0,0.11666666666666667,,2,True,True,True,False,False,Q4_strong,>0.30R,12:00-13:30,narrowest,Wed
2021-10-21,up,True,0,0.07446808510638298,0.34355828220858897,5,False,True,0.1675531914893617,0.5930851063829787,True,15.0,True,True,45.0,True,False,,False,False,False,False,True,False,True,0.7453703703703703,True,1.0,1.0053191489361701,,94.0,0.4083333333333333,,3,True,True,False,False,False,Q1_weak,0.05-0.15R,10:30-11:00,mid,Thu
2021-10-22,down,True,45,0.617363344051447,2.235820895522388,4,True,True,0.5916398713826366,1.437299035369775,False,,False,False,,False,False,,False,False,False,False,False,False,True,0.3424460431654676,False,,,,77.75,0.35,,4,True,True,True,False,False,Q4_strong,>0.30R,11:00-12:00,narrow,Fri
2021-10-25,up,True,75,0.02237136465324385,0.951219512195122,1,False,True,0.174496644295302,0.959731543624161,True,15.0,True,False,,False,False,,False,False,False,False,True,False,True,1.1092077087794432,True,1.0,1.203579418344519,,111.75,0.5583333333333333,,0,True,True,False,False,False,Q2,<0.05R,11:00-12:00,mid,Mon
2021-10-26,down,True,105,0.019027484143763214,0.9067245119305858,1,True,True,0.2854122621564482,0.6511627906976745,True,15.0,True,True,195.0,False,False,,False,False,False,False,True,True,True,0.5336048879837068,True,1.0,0.5919661733615222,,118.25,0.6166666666666667,,1,True,True,False,False,False,Q2,<0.05R,12:00-13:30,wide,Tue
2021-10-27,up,True,30,0.0700280112044818,1.0958549222797929,1,False,False,,0.7787114845938375,True,15.0,True,True,240.0,False,True,285.0,True,False,True,False,False,False,False,-1.0,True,1.0,-1.0,,89.25,0.4,,2,True,True,False,False,False,Q2,0.05-0.15R,10:30-11:00,mid,Wed
2021-10-28,up,True,0,0.1644295302013423,2.3896103896103895,3,False,True,0.030201342281879196,0.8322147651006712,True,30.0,True,True,135.0,False,False,,False,False,False,False,True,True,True,0.7929292929292929,True,1.0,1.3825503355704698,,74.5,0.31666666666666665,,3,True,True,False,False,False,Q4_strong,0.15-0.30R,10:30-11:00,narrow,Thu
2021-10-29,up,True,30,0.07671232876712329,1.3773087071240107,3,False,True,0.08493150684931507,1.5315068493150685,False,,False,False,,False,False,,False,False,False,False,True,True,True,1.6009501187648456,False,,,,91.25,0.4,,4,True,True,True,True,False,Q3,0.05-0.15R,10:30-11:00,mid,Fri
2021-11-01,up,True,315,0.2525,3.2603406326034063,7,False,True,0.0275,0.0,False,,False,False,,False,False,,False,False,False,False,False,False,False,,False,,,,100.0,0.48333333333333334,,0,False,False,False,False,False,Q4_strong,0.15-0.30R,after 13:30,mid,Mon
2021-11-02,up,True,60,0.03357314148681055,0.5896589658965896,2,False,False,,0.11510791366906475,True,15.0,True,True,15.0,True,True,30.0,True,False,True,False,False,False,False,-1.0,True,-1.0,-1.0,-0.635,104.25,0.5,,1,False,False,False,False,False,Q1_weak,<0.05R,11:00-12:00,mid,Tue
2021-11-03,up,True,225,0.2620967741935484,4.502890173410405,2,False,True,0.5483870967741935,2.3951612903225805,True,15.0,True,False,,False,False,,False,False,False,False,True,True,True,0.9682539682539683,True,1.0,2.0,,62.0,0.14166666666666666,,2,True,True,True,True,True,Q4_strong,0.15-0.30R,after 13:30,narrowest,Wed
2021-11-04,up,True,0,0.08021390374331551,0.48034934497816595,5,False,True,0.09803921568627451,0.5614973262032086,True,30.0,True,True,45.0,True,False,,False,False,False,False,True,False,True,0.32565284178187404,True,1.0,0.5383244206773619,,140.25,0.85,,3,True,True,False,False,False,Q1_weak,0.05-0.15R,10:30-11:00,widest,Thu
2021-11-05,down,True,150,0.3525423728813559,3.0545454545454547,4,False,True,0.1288135593220339,1.1220338983050848,True,105.0,False,False,,False,False,,False,False,False,False,True,False,True,0.7594433399602386,True,1.0,0.6372881355932203,,73.75,0.25,,4,True,True,True,False,False,Q4_strong,>0.30R,12:00-13:30,narrow,Fri
2021-11-08,down,True,0,0.019543973941368076,5.0256410256410255,2,False,False,,0.19218241042345277,True,15.0,False,True,15.0,True,True,45.0,True,False,True,False,False,False,False,-1.0,True,-1.0,-1.0,-0.5367965367965368,76.75,0.2833333333333333,,0,False,False,False,False,False,Q4_strong,<0.05R,10:30-11:00,narrow,Mon
2021-11-09,down,True,180,0.0407911001236094,0.48,2,False,False,,0.14585908529048208,True,15.0,True,True,30.0,True,True,45.0,False,False,False,False,False,False,False,-0.3314285714285714,True,-0.276885043263288,-0.276885043263288,0.05504587155963303,202.25,0.9833333333333333,,1,False,False,False,False,False,Q1_weak,<0.05R,12:00-13:30,widest,Tue
2021-11-10,down,True,195,0.1199442119944212,1.084894613583138,2,False,True,0.19386331938633194,0.810320781032078,False,,False,False,,False,False,,False,False,False,False,True,False,True,0.38020247469066365,False,,,,179.25,0.9,,2,True,True,False,False,False,Q2,0.05-0.15R,after 13:30,widest,Wed
2021-11-11,down,True,105,0.021660649819494584,0.19458896982310095,3,False,True,0.34657039711191334,0.5342960288808665,True,15.0,True,True,15.0,True,False,,True,False,False,False,True,False,True,-1.0,True,-1.0,-1.0,,69.25,0.2,,3,True,True,False,False,False,Q1_weak,<0.05R,12:00-13:30,narrow,Thu
2021-11-12,up,True,15,0.40327868852459015,2.043701799485861,4,False,True,0.40327868852459015,1.7737704918032786,False,,False,False,,False,False,,False,False,False,False,True,True,True,0.6606170598911071,False,,,,76.25,0.2833333333333333,,4,True,True,True,True,False,Q3,>0.30R,10:30-11:00,narrow,Fri
2021-11-15,down,True,60,0.5546875,3.804081632653061,2,False,True,0.3333333333333333,0.7916666666666666,True,105.0,False,True,180.0,False,True,210.0,False,False,False,False,True,False,False,-0.8222222222222222,True,-0.625,-0.625,0.10704960835509138,96.0,0.4166666666666667,,0,True,True,False,False,False,Q4_strong,>0.30R,11:00-12:00,mid,Mon
2021-11-16,up,True,30,0.19187358916478556,1.5185185185185186,3,False,True,0.42437923250564336,0.5756207674943566,False,,False,False,,False,False,,False,False,False,False,True,True,True,0.3099510603588907,False,,,,110.75,0.55,,1,True,True,False,False,False,Q3,0.15-0.30R,10:30-11:00,mid,Tue
2021-11-17,up,True,0,0.23684210526315788,1.471571906354515,1,False,True,0.043859649122807015,1.219298245614035,True,15.0,True,True,105.0,False,True,105.0,True,False,True,False,True,True,False,1.0357142857142858,True,1.0,2.0,-0.03735632183908046,57.0,0.08333333333333333,,2,True,True,True,False,False,Q3,0.15-0.30R,10:30-11:00,narrowest,Wed
2021-11-18,up,True,60,0.31063829787234043,3.9722222222222223,5,False,True,0.46382978723404256,0.7,True,150.0,True,False,,False,False,,False,False,False,False,True,True,True,0.24671916010498687,True,1.0,1.0212765957446808,,117.5,0.6166666666666667,,3,True,True,False,False,False,Q4_strong,>0.30R,11:00-12:00,wide,Thu
2021-11-22,down,True,45,0.19729206963249515,1.3260619977037886,5,False,True,0.33849129593810445,2.021276595744681,False,,False,False,,False,False,,False,False,False,False,True,False,True,1.1511789181692094,False,,,,129.25,0.7666666666666667,,0,True,True,True,True,True,Q3,0.15-0.30R,11:00-12:00,wide,Mon
2021-11-23,down,True,0,0.10851648351648352,0.45342312008978675,3,False,False,,0.6497252747252747,True,15.0,True,True,45.0,False,False,,False,False,False,False,False,False,False,-0.801354401805869,True,1.0,-0.7582417582417582,,182.0,0.9,,1,True,True,False,False,False,Q1_weak,0.05-0.15R,10:30-11:00,widest,Tue
2021-11-24,up,True,30,0.0819935691318328,0.6145374449339207,2,False,True,0.11254019292604502,0.7138263665594855,True,180.0,True,False,,False,False,,False,False,False,False,True,True,True,1.0165745856353592,True,1.0,1.347266881028939,,155.5,0.8333333333333334,,2,True,True,False,False,False,Q1_weak,0.05-0.15R,10:30-11:00,widest,Wed
2021-11-29,up,True,60,0.27423167848699764,3.4796747967479673,4,False,True,0.14184397163120568,1.1678486997635933,False,,False,False,,False,False,,False,False,False,False,True,True,True,0.9374045801526718,False,,,,105.75,0.4666666666666667,,0,True,True,True,False,False,Q4_strong,0.15-0.30R,11:00-12:00,mid,Mon
2021-11-30,down,True,15,1.2659380692167577,7.669172932330826,3,False,True,0.8743169398907104,1.8233151183970857,False,,False,False,,False,False,,False,False,False,False,False,False,True,-0.15059308922124806,False,,,,137.25,0.7666666666666667,,1,True,True,True,True,False,Q4_strong,>0.30R,10:30-11:00,wide,Tue
2021-12-01,up,True,30,0.3177570093457944,1.4240231548480462,3,False,True,0.2616822429906542,0.4672897196261682,True,30.0,False,True,45.0,True,True,105.0,True,True,True,True,True,False,False,-1.0,True,-1.0,-1.0,-0.14789687924016282,107.0,0.4666666666666667,,2,True,False,False,False,False,Q3,>0.30R,10:30-11:00,mid,Wed
2021-12-01,down,False,135,0.2546728971962617,3.8217821782178216,1,True,True,0.3341121495327103,3.850467289719626,True,15.0,True,False,,False,False,,False,False,False,False,False,False,True,0.9876160990712074,True,1.0,2.0,,107.0,0.4666666666666667,,2,True,True,True,True,True,Q4_strong,0.15-0.30R,12:00-13:30,mid,Wed
2021-12-02,down,True,0,0.05870020964360587,2.0358152686145146,1,False,False,,0.10796645702306079,True,15.0,True,True,15.0,True,True,30.0,True,True,True,True,False,False,False,-1.0,True,-1.0,-1.0,0.49504950495049505,238.5,1.0,,3,False,False,False,False,False,Q3,0.05-0.15R,10:30-11:00,widest,Thu
2021-12-02,up,False,105,0.09433962264150944,0.5521512385919165,3,True,True,0.10167714884696016,0.16457023060796647,True,15.0,True,True,15.0,True,False,,False,False,False,False,True,False,False,-0.41622574955908287,True,-0.3060796645702306,-0.3060796645702306,,238.5,1.0,,3,False,False,False,False,False,Q1_weak,0.05-0.15R,12:00-13:30,widest,Thu
2021-12-03,down,True,0,0.13496503496503495,1.5246913580246915,1,False,True,0.04965034965034965,0.5454545454545454,False,,False,False,,False,False,,False,False,False,False,False,False,True,-0.13766519823788545,False,,,,357.5,1.0,,4,True,True,False,False,False,Q3,0.05-0.15R,10:30-11:00,widest,Fri
2021-12-06,up,True,135,0.17704918032786884,1.1532718489240228,1,False,True,0.05245901639344262,0.47759562841530057,False,,False,False,,False,False,,False,False,False,False,True,False,True,0.09200968523002422,False,,,,228.75,0.9666666666666667,,0,True,False,False,False,False,Q2,0.15-0.30R,12:00-13:30,widest,Mon
2021-12-07,up,True,0,0.17114093959731544,1.377906976744186,1,False,False,,0.511744966442953,True,15.0,True,True,285.0,False,False,,False,False,False,False,False,False,True,0.28,True,1.0,0.7181208053691275,,149.0,0.7666666666666667,,1,True,True,False,False,False,Q3,0.15-0.30R,10:30-11:00,wide,Tue
2021-12-08,up,True,180,0.11163895486935867,1.6082051282051282,3,False,True,0.035629453681710214,0.38954869358669836,True,15.0,True,True,15.0,True,False,,False,False,False,False,True,False,True,0.31844660194174756,True,0.6128266033254157,0.6128266033254157,,105.25,0.38333333333333336,,2,True,False,False,False,False,Q3,0.05-0.15R,12:00-13:30,mid,Wed
2021-12-09,down,True,165,0.015544041450777202,0.6303418803418804,2,False,True,0.05181347150259067,0.8998272884283247,True,15.0,True,False,,False,False,,False,False,False,False,True,True,True,1.5745393634840872,True,1.0,1.6545768566493955,,144.75,0.7666666666666667,,3,True,True,False,False,False,Q1_weak,<0.05R,12:00-13:30,wide,Thu
2021-12-10,down,True,30,0.264,1.0275862068965518,3,False,False,,0.538,True,15.0,False,True,15.0,False,True,285.0,True,True,True,True,False,False,False,-1.0,True,-1.0,-1.0,,125.0,0.6,,4,True,True,False,False,False,Q2,0.15-0.30R,10:30-11:00,wide,Fri
2021-12-13,down,True,30,0.11053540587219343,0.9656121045392022,1,False,True,0.025906735751295335,0.844559585492228,True,240.0,True,False,,False,False,,False,False,False,False,True,True,True,1.0325318246110324,True,1.0,1.4818652849740932,,144.75,0.7583333333333333,,0,True,True,False,False,False,Q2,0.05-0.15R,10:30-11:00,wide,Mon
2021-12-14,down,True,15,0.3018867924528302,0.8456973293768545,2,False,True,0.27615780445969124,0.8164665523156089,True,225.0,False,True,225.0,False,True,270.0,True,False,True,False,True,False,False,-1.0,True,-1.0,-1.0,-0.05172413793103448,145.75,0.7666666666666667,,1,True,True,False,False,False,Q2,>0.30R,10:30-11:00,wide,Tue
2021-12-15,down,True,60,0.24688796680497926,1.5207496653279786,4,False,True,0.0975103734439834,0.5560165975103735,True,90.0,False,True,120.0,False,True,150.0,True,True,True,True,True,False,False,-1.0,True,-1.0,-1.0,-0.22760041194644695,120.5,0.5666666666666667,,2,True,True,False,False,False,Q3,0.15-0.30R,11:00-12:00,mid,Wed
2021-12-15,up,False,210,0.45850622406639,6.812797821647379,6,True,True,0.3008298755186722,3.0684647302904566,True,15.0,True,True,15.0,False,False,,False,False,False,False,True,True,True,0.564935064935065,True,1.0,2.0,,120.5,0.5666666666666667,,2,True,True,True,True,True,Q4_strong,>0.30R,after 13:30,mid,Wed
2021-12-16,down,True,30,0.2796019900497512,2.0831918505942273,1,False,True,0.1761194029850746,1.1850746268656716,False,,False,False,,False,False,,False,False,False,False,False,False,True,0.9240587109125717,False,,,,251.25,0.9833333333333333,,3,True,True,True,False,False,Q3,0.15-0.30R,10:30-11:00,widest,Thu
2021-12-17,up,True,15,0.28366013071895424,1.1817553559087768,3,False,True,0.3516339869281046,0.5934640522875817,True,45.0,False,True,45.0,False,False,,True,False,False,False,True,False,False,-1.0,True,-1.0,-1.0,,191.25,0.8666666666666667,,4,True,True,False,False,False,Q2,0.15-0.30R,10:30-11:00,widest,Fri
2021-12-20,down,True,30,0.14254859611231102,0.4873765093304061,2,False,False,,0.4406047516198704,True,15.0,True,True,45.0,True,True,285.0,True,False,True,False,False,False,False,-1.0,True,-1.0,-1.0,,115.75,0.5,,0,True,False,False,False,False,Q1_weak,0.05-0.15R,10:30-11:00,mid,Mon
2021-12-21,up,True,90,0.07994579945799458,0.8954203691045796,1,True,True,0.06775067750677506,1.024390243902439,False,,False,False,,False,False,,False,False,False,False,True,True,True,1.5864485981308412,False,,,,184.5,0.8333333333333334,,1,True,True,True,False,False,Q2,0.05-0.15R,11:00-12:00,widest,Tue
2021-12-22,up,True,0,0.1031390134529148,2.284182305630027,2,False,True,0.19506726457399104,1.1905829596412556,True,180.0,True,False,,False,False,,False,False,False,False,True,True,True,1.486988847583643,True,1.0,2.0,,111.5,0.45,,2,True,True,True,False,False,Q4_strong,0.05-0.15R,10:30-11:00,mid,Wed
2021-12-23,up,True,15,0.21818181818181817,2.0180722891566263,1,False,True,0.15324675324675324,0.8649350649350649,False,,False,False,,False,False,,False,False,False,False,True,True,True,0.0,False,,,,96.25,0.2833333333333333,,3,True,True,False,False,False,Q3,0.15-0.30R,10:30-11:00,narrow,Thu
2021-12-27,up,True,0,0.05084745762711865,0.20657276995305165,5,False,True,0.11093990755007704,0.349768875192604,True,15.0,True,False,,False,False,,False,False,False,False,True,False,True,0.509090909090909,True,0.662557781201849,0.662557781201849,,162.25,0.7833333333333333,,0,True,False,False,False,False,Q1_weak,0.05-0.15R,10:30-11:00,wide,Mon
2021-12-28,down,True,120,0.0811965811965812,1.06265664160401,3,False,True,0.13247863247863248,0.33547008547008544,True,15.0,True,True,15.0,True,False,,False,False,False,False,False,False,False,-0.1875,True,-0.05555555555555555,-0.05555555555555555,,117.0,0.5166666666666667,,1,True,False,False,False,False,Q2,0.05-0.15R,12:00-13:30,mid,Tue
2021-12-30,down,True,315,0.17547568710359407,3.1132075471698113,5,False,True,0.2346723044397463,0.0,False,,False,False,,False,False,,False,False,False,False,False,False,False,,False,,,,118.25,0.5583333333333333,,3,False,False,False,False,False,Q4_strong,0.15-0.30R,after 13:30,mid,Thu
2021-12-31,down,True,315,0.2636363636363636,4.323699421965318,2,False,False,,0.0,False,,False,False,,False,False,,False,False,False,False,False,False,False,,False,,,,110.0,0.43333333333333335,,4,False,False,False,False,False,Q4_strong,0.15-0.30R,after 13:30,mid,Fri
2022-01-03,up,True,240,0.02464332036316472,1.1134676564156947,3,False,True,0.005188067444876783,0.06874189364461739,True,15.0,True,True,15.0,True,False,,False,False,False,False,True,False,True,-0.004944375772558714,True,0.04409857328145266,0.04409857328145266,,192.75,0.9166666666666666,,0,False,False,False,False,False,Q2,<0.05R,after 13:30,widest,Mon
2022-01-04,down,True,0,0.5315161839863713,3.434862385321101,1,False,True,0.3781942078364566,1.5383304940374787,False,,False,False,,False,False,,False,False,False,False,False,False,True,0.4541701073492981,False,,,,146.75,0.75,,1,True,True,True,True,False,Q4_strong,>0.30R,10:30-11:00,wide,Tue
2022-01-05,down,True,120,0.2703639514731369,2.9171270718232045,1,False,True,0.35701906412478335,2.38474870017331,True,90.0,True,False,,False,False,,False,False,False,False,True,True,True,0.9471316085489314,True,1.0,2.0,,144.25,0.6833333333333333,,2,True,True,True,True,True,Q4_strong,0.15-0.30R,12:00-13:30,wide,Wed
2022-01-06,up,True,30,0.04265873015873016,0.22147651006711408,4,False,False,,0.17956349206349206,True,15.0,True,True,15.0,True,False,,True,False,False,False,False,False,False,-1.0,True,-1.0,-1.0,,252.0,0.9833333333333333,,3,False,False,False,False,False,Q1_weak,<0.05R,10:30-11:00,widest,Thu
2022-01-07,down,True,0,0.3473389355742297,1.5376344086021505,4,False,True,0.33613445378151263,0.7801120448179272,True,75.0,False,False,,False,False,,False,False,False,False,True,False,True,0.01487603305785124,True,1.0,0.7198879551820728,,178.5,0.8166666666666667,,4,True,True,False,False,False,Q3,>0.30R,10:30-11:00,widest,Fri
2022-01-10,down,True,0,0.13522727272727272,1.355,1,False,False,,0.19318181818181818,True,15.0,True,True,15.0,True,True,30.0,True,True,True,True,False,False,False,-1.0,True,-1.0,-1.0,1.4647887323943662,220.0,0.9166666666666666,,0,False,False,False,False,False,Q3,0.05-0.15R,10:30-11:00,widest,Mon
2022-01-10,up,False,210,0.15454545454545454,0.9181905678537056,7,True,True,0.0715909090909091,0.9181818181818182,True,60.0,True,False,,False,False,,False,False,False,False,True,False,True,1.0763888888888888,True,1.0,1.7181818181818183,,220.0,0.9166666666666666,,0,True,True,False,False,False,Q2,0.15-0.30R,after 13:30,widest,Mon
2022-01-11,up,True,30,0.27848101265822783,2.30062630480167,2,False,True,0.70042194092827,1.0421940928270041,False,,False,False,,False,False,,False,False,False,False,True,True,True,0.926829268292683,False,,,,177.75,0.7833333333333333,,1,True,True,True,False,False,Q4_strong,0.15-0.30R,10:30-11:00,wide,Tue
2022-01-12,down,True,15,0.21042084168336672,0.5989304812834224,3,False,True,0.4909819639278557,0.6993987975951904,True,15.0,True,True,45.0,False,False,,True,False,False,False,False,False,False,-1.0,True,1.0,-1.0,,124.75,0.55,,2,True,True,False,False,False,Q1_weak,0.15-0.30R,10:30-11:00,mid,Wed
2022-01-13,down,True,0,0.15488215488215487,2.3877551020408165,1,False,True,0.08417508417508418,2.5117845117845117,False,,False,False,,False,False,,False,False,False,False,True,True,True,1.2904884318766068,False,,,,148.5,0.7,,3,True,True,True,True,True,Q4_strong,0.15-0.30R,10:30-11:00,wide,Thu
2022-01-18,down,True,135,0.10889570552147239,0.6671168129642134,4,False,False,,0.6196319018404908,True,45.0,True,True,105.0,True,False,,False,False,False,False,False,False,True,0.3979848866498741,True,1.0,0.7024539877300614,,163.0,0.75,,1,True,True,False,False,False,Q1_weak,0.05-0.15R,12:00-13:30,wide,Tue
2022-01-19,down,True,0,0.391304347826087,1.8040345821325647,3,False,True,0.5300207039337475,1.8778467908902692,True,90.0,True,True,90.0,False,False,,True,False,False,False,True,False,True,0.6829268292682927,True,-1.0,-1.0,,120.75,0.48333333333333334,,2,True,True,True,True,False,Q3,>0.30R,10:30-11:00,mid,Wed
2022-01-20,up,True,15,0.13133208255159476,0.6700167504187604,3,False,True,0.01876172607879925,0.350844277673546,True,15.0,True,True,45.0,True,True,45.0,True,True,True,True,True,False,False,-1.0,True,-1.0,-1.0,0.8320610687022901,133.25,0.5333333333333333,,3,True,False,False,False,False,Q1_weak,0.05-0.15R,10:30-11:00,mid,Thu
2022-01-20,down,False,210,0.054409005628517824,1.1209580838323354,2,True,True,0.09380863039399624,2.579737335834897,True,15.0,True,False,,False,False,,False,False,False,False,True,False,True,1.7055837563451777,True,1.0,2.0,,133.25,0.5333333333333333,,3,True,True,True,True,True,Q2,0.05-0.15R,after 13:30,mid,Thu
2022-01-21,up,True,45,0.043668122270742356,1.7297297297297298,1,False,False,,0.13973799126637554,True,15.0,False,True,15.0,True,True,15.0,True,True,True,True,False,False,False,-1.0,True,-1.0,-1.0,1.5339805825242718,286.25,0.9833333333333333,,4,False,False,False,False,False,Q3,<0.05R,11:00-12:00,widest,Fri
2022-01-21,down,False,255,0.07423580786026202,1.6066646831300206,1,True,True,0.026200873362445413,0.41135371179039304,True,15.0,True,False,,False,False,,False,False,False,False,True,False,True,0.5794676806083651,True,0.8139737991266376,0.8139737991266376,,286.25,0.9833333333333333,,4,True,False,False,False,False,Q3,0.05-0.15R,after 13:30,widest,Fri
2022-01-24,down,True,60,0.23647469458987783,2.775874906924795,1,False,True,0.1518324607329843,0.9458987783595113,True,90.0,False,True,90.0,False,True,90.0,True,True,True,True,True,False,False,-1.0,True,-1.0,-1.0,0.60431654676259,286.5,0.9833333333333333,,0,True,True,False,False,False,Q4_strong,0.15-0.30R,11:00-12:00,widest,Mon
2022-01-24,up,False,300,0.24171029668411867,0.9857688302672682,4,True,True,0.08900523560209424,0.9022687609075044,False,,False,False,,False,False,,False,False,False,False,True,True,True,0.788235294117647,False,,,,286.5,0.9833333333333333,,0,True,True,False,False,False,Q2,0.15-0.30R,after 13:30,widest,Mon
2022-01-25,down,True,75,0.02050326188257223,0.47596153846153844,2,False,False,,0.05591798695246971,True,15.0,True,True,15.0,True,True,90.0,True,True,True,True,False,False,False,-1.0,True,-1.0,-1.0,0.87893864013267,268.25,0.95,,1,False,False,False,False,False,Q1_weak,<0.05R,11:00-12:00,widest,Tue
2022-01-25,up,False,225,0.023299161230195712,0.609088079676315,6,True,True,0.010251630941286114,0.3560111835973905,True,15.0,True,True,45.0,True,False,,True,False,False,False,True,False,False,-1.0,True,-1.0,-1.0,,268.25,0.95,,1,True,False,False,False,False,Q1_weak,<0.05R,after 13:30,widest,Tue
2022-01-26,down,True,0,0.018209408194233688,0.5478424015009381,3,False,True,0.07132018209408195,2.2701062215478,True,15.0,True,True,15.0,True,True,60.0,True,True,True,True,True,False,True,-1.0,True,-1.0,-1.0,0.3889908256880734,164.75,0.7,,2,True,True,True,True,True,Q1_weak,<0.05R,10:30-11:00,wide,Wed
2022-01-26,up,False,120,0.19119878603945373,1.25625,3,True,True,0.125948406676783,0.7572078907435509,True,30.0,True,True,30.0,True,True,90.0,True,True,True,True,True,False,False,-1.0,True,-1.0,-1.0,0.3219178082191781,164.75,0.7,,2,True,True,False,False,False,Q2,0.15-0.30R,12:00-13:30,wide,Wed
2022-01-27,down,True,90,0.1001410437235543,1.6341829085457271,2,False,True,0.3229901269393512,1.619181946403385,False,,False,False,,False,False,,False,False,False,False,False,False,True,1.499412455934195,False,,,,177.25,0.7,,3,True,True,True,True,False,Q3,0.05-0.15R,11:00-12:00,wide,Thu
2022-01-28,up,True,15,0.17458677685950413,3.5832521908471273,1,False,True,0.2840909090909091,1.3884297520661157,True,15.0,True,True,210.0,False,False,,False,False,False,False,True,True,True,1.223583460949464,True,1.0,2.0,,242.0,0.9,,4,True,True,True,False,False,Q4_strong,0.15-0.30R,10:30-11:00,widest,Fri
2022-01-31,up,True,75,0.15652879156528793,1.2674339878131347,2,False,True,0.027575020275750203,0.6171938361719383,True,30.0,True,False,,False,False,,False,False,False,False,True,True,True,0.6213712168004941,True,1.0,1.1289537712895377,,308.25,0.9833333333333333,,0,True,True,False,False,False,Q2,0.15-0.30R,11:00-12:00,widest,Mon
2022-02-01,up,True,300,0.06509539842873176,0.7637017070979335,3,False,True,0.051627384960718295,0.30303030303030304,False,,False,False,,False,False,,False,False,False,False,True,False,True,0.19860973187686196,False,,,,222.75,0.8333333333333334,,1,True,False,False,False,False,Q1_weak,0.05-0.15R,after 13:30,widest,Tue
2022-02-02,down,True,30,0.4132231404958678,3.8897893030794166,2,False,True,0.003305785123966942,0.5636363636363636,True,15.0,True,True,45.0,False,True,105.0,True,False,True,False,True,False,False,-1.0,True,1.0,-1.0,-0.026836158192090395,151.25,0.55,,2,True,True,False,False,False,Q4_strong,>0.30R,10:30-11:00,mid,Wed
2022-02-03,down,True,75,0.07269789983844911,1.2374318594791034,3,True,True,0.09208400646203554,1.4297253634894993,True,15.0,True,True,15.0,True,False,,False,False,False,False,True,False,True,1.619181946403385,True,1.0,2.0,,154.75,0.55,,3,True,True,True,False,False,Q2,0.05-0.15R,11:00-12:00,mid,Thu
2022-02-04,up,True,150,0.14957264957264957,1.4756355932203389,3,False,True,0.11004273504273504,0.6527777777777778,False,,False,False,,False,False,,False,False,False,False,True,True,True,-0.14144736842105263,False,,,,234.0,0.85,,4,True,True,False,False,False,Q3,0.05-0.15R,12:00-13:30,widest,Fri
2022-02-07,down,True,45,0.001834862385321101,0.5729275970619098,2,False,True,0.21651376146788992,1.163302752293578,True,15.0,True,True,180.0,False,True,225.0,False,False,False,False,True,True,True,1.9890310786106034,True,1.0,2.0,-1.0,136.25,0.38333333333333336,,0,True,True,True,False,False,Q1_weak,<0.05R,11:00-12:00,mid,Mon
2022-02-08,up,True,15,0.15767634854771784,2.2430830039525693,3,False,True,0.4045643153526971,1.5601659751037344,False,,False,False,,False,False,,False,False,False,False,True,True,True,1.2807570977917981,False,,,,120.5,0.2916666666666667,,1,True,True,True,True,False,Q4_strong,0.15-0.30R,10:30-11:00,narrow,Tue
2022-02-09,up,True,120,0.2857142857142857,1.9220055710306405,3,False,True,0.125,0.9489795918367347,True,165.0,True,False,,False,False,,False,False,False,False,True,True,True,0.8311688311688312,True,1.0,1.8775510204081634,,98.0,0.08333333333333333,,2,True,True,False,False,False,Q3,0.15-0.30R,12:00-13:30,narrowest,Wed
2022-02-10,up,True,0,0.0537109375,1.051869722557298,5,False,False,,0.1494140625,True,15.0,False,True,15.0,True,True,255.0,True,True,True,True,False,False,False,-1.0,True,-1.0,-1.0,-0.021612635078969242,256.0,0.9166666666666666,,3,False,False,False,False,False,Q2,0.05-0.15R,10:30-11:00,widest,Thu
2022-02-10,down,False,255,0.025390625,1.4723926380368098,1,True,False,,0.44140625,True,15.0,True,True,15.0,True,False,,False,False,False,False,False,False,True,0.1895910780669145,True,0.25,0.25,,256.0,0.9166666666666666,,3,True,False,False,False,False,Q3,<0.05R,after 13:30,widest,Thu
2022-02-11,down,True,30,0.026874115983026876,1.283720930232558,2,False,True,0.002828854314002829,2.314002828854314,True,15.0,True,False,,False,False,,False,False,False,False,False,False,True,1.8469798657718122,True,1.0,2.0,,176.75,0.6333333333333333,,4,True,True,True,True,True,Q2,<0.05R,10:30-11:00,wide,Fri
2022-02-14,up,True,45,0.15384615384615385,6.294573643410853,1,False,True,0.019639934533551555,0.3878887070376432,True,15.0,True,True,15.0,True,True,150.0,True,True,True,True,True,False,False,-1.0,True,-1.0,-1.0,-0.1678115799803729,152.75,0.5166666666666667,,0,True,False,False,False,False,Q4_strong,0.15-0.30R,11:00-12:00,mid,Mon
2022-02-14,down,False,195,0.27986906710310966,6.986813186813187,6,True,True,0.6121112929623568,0.5237315875613748,True,30.0,False,True,30.0,False,False,,True,False,False,False,True,False,False,-1.0,True,-1.0,-1.0,,152.75,0.5166666666666667,,0,True,True,False,False,False,Q4_strong,0.15-0.30R,after 13:30,mid,Mon
2022-02-15,up,True,0,0.23376623376623376,2.258503401360544,2,False,True,0.19155844155844157,1.2045454545454546,True,15.0,True,True,45.0,True,True,105.0,True,True,True,True,True,True,True,-1.0,True,1.0,-1.0,0.3848396501457726,77.0,0.016666666666666666,,1,True,True,True,False,False,Q4_strong,0.15-0.30R,10:30-11:00,narrowest,Tue
2022-02-16,up,True,225,0.31066176470588236,5.436746987951808,3,False,True,0.25183823529411764,0.9411764705882353,False,,False,False,,False,False,,False,False,False,False,True,True,True,0.3832199546485261,False,,,,136.0,0.3333333333333333,,2,True,True,False,False,False,Q4_strong,>0.30R,after 13:30,narrow,Wed
2022-02-17,down,True,90,0.044585987261146494,1.1199207135777998,3,False,True,0.006369426751592357,1.2101910828025477,True,15.0,True,True,15.0,True,False,,False,False,False,False,True,False,True,1.7543859649122806,True,1.0,2.0,,157.0,0.55,,3,True,True,True,False,False,Q2,<0.05R,11:00-12:00,mid,Thu
2022-02-18,down,True,0,0.12222222222222222,0.41275797373358347,3,False,True,0.12962962962962962,1.3296296296296297,True,225.0,False,True,255.0,False,False,,False,False,False,False,True,False,True,1.4107142857142858,True,1.0,1.1962962962962962,,135.0,0.3,,4,True,True,True,False,False,Q1_weak,0.05-0.15R,10:30-11:00,narrow,Fri
2022-02-22,down,True,105,0.032520325203252036,0.2477211796246649,8,True,False,,0.6148373983739838,True,15.0,True,True,150.0,False,False,,True,False,False,False,False,False,False,-1.0,True,1.0,-1.0,,246.0,0.8666666666666667,,1,True,True,False,False,False,Q1_weak,<0.05R,12:00-13:30,widest,Tue
2022-02-23,down,True,0,0.05925925925925926,0.47854356306892065,5,False,False,,1.270899470899471,True,15.0,True,True,75.0,True,False,,False,False,False,False,False,False,True,1.6821192052980132,True,1.0,2.0,,236.25,0.8166666666666667,,2,True,True,True,False,False,Q1_weak,0.05-0.15R,10:30-11:00,widest,Wed
2022-02-24,up,True,30,0.058788947677836566,0.8068459657701711,2,False,False,,1.1757789535567313,True,15.0,True,True,30.0,True,False,,False,False,False,False,False,False,True,1.6843766438716465,True,1.0,2.0,,425.25,1.0,,3,True,True,True,False,False,Q2,0.05-0.15R,10:30-11:00,widest,Thu
2022-02-25,up,True,0,0.1361760660247593,0.7661290322580645,3,False,True,0.1499312242090784,0.9546079779917469,False,,False,False,,False,False,,False,False,False,False,True,True,True,1.2475675675675675,False,,,,181.75,0.65,,4,True,True,False,False,False,Q1_weak,0.05-0.15R,10:30-11:00,wide,Fri
2022-02-28,up,True,0,0.45384615384615384,1.9958847736625513,2,False,True,0.5403846153846154,1.0384615384615385,True,90.0,False,True,105.0,False,True,210.0,True,True,True,True,True,True,True,0.5725806451612904,True,1.0,-1.0,0.004739336492890996,130.0,0.25,,0,True,True,True,False,False,Q3,>0.30R,10:30-11:00,narrow,Mon
2022-02-28,down,False,225,0.07115384615384615,0.2196222159571469,2,True,True,0.3211538461538462,0.2423076923076923,True,15.0,False,True,15.0,True,True,90.0,True,True,True,True,True,False,False,-1.0,True,-1.0,-1.0,,130.0,0.25,,0,False,False,False,False,False,Q1_weak,0.05-0.15R,after 13:30,narrow,Mon
2022-03-01,down,True,45,0.011904761904761904,1.5205479452054795,1,False,True,0.373015873015873,1.9603174603174602,True,15.0,True,False,,False,False,,False,False,False,False,True,True,True,1.930232558139535,True,1.0,2.0,,126.0,0.25,,1,True,True,True,True,False,Q3,<0.05R,11:00-12:00,narrow,Tue
2022-03-02,up,True,30,0.23496503496503496,2.370311252992817,1,False,True,0.22097902097902097,0.8965034965034965,False,,False,False,,False,False,,False,False,False,False,True,True,True,0.49857278782112274,False,,,,178.75,0.6666666666666666,,2,True,True,False,False,False,Q4_strong,0.15-0.30R,10:30-11:00,wide,Wed
2022-03-03,down,True,0,0.1652078774617068,1.1527093596059113,5,False,True,0.1673960612691466,0.7527352297592997,True,60.0,True,True,90.0,True,False,,False,False,False,False,True,False,True,0.3536184210526316,True,1.0,0.8008752735229759,,228.5,0.8,,3,True,True,False,False,False,Q2,0.15-0.30R,10:30-11:00,wide,Thu
2022-03-04,down,True,15,0.09056122448979592,0.8592692828146142,2,False,False,,0.3354591836734694,True,45.0,False,True,45.0,True,True,75.0,True,False,True,False,False,False,False,-1.0,True,-1.0,-1.0,-0.18200408997955012,196.0,0.7333333333333333,,4,True,False,False,False,False,Q2,0.05-0.15R,10:30-11:00,wide,Fri
2022-03-07,down,True,0,0.019448946515397084,0.19801980198019803,5,False,False,,0.8346839546191248,True,15.0,True,True,30.0,True,False,,False,False,False,False,False,False,True,1.5288611544461779,True,1.0,1.627228525121556,,308.5,0.9833333333333333,,0,True,True,False,False,False,Q1_weak,<0.05R,10:30-11:00,widest,Mon
2022-03-08,up,True,90,0.3566137566137566,3.8182559087204564,2,True,True,0.7333333333333333,1.235978835978836,True,105.0,False,True,105.0,False,False,,True,False,False,False,True,True,False,0.7510809141445337,True,1.0,-1.0,,236.25,0.8083333333333333,,1,True,True,True,False,False,Q4_strong,>0.30R,11:00-12:00,widest,Tue
2022-03-09,up,True,15,0.11677631578947369,1.3549618320610688,5,False,False,,0.9720394736842105,True,15.0,True,True,15.0,True,False,,False,False,False,False,False,False,True,0.8106666666666666,True,1.0,1.2335526315789473,,152.0,0.4166666666666667,,2,True,True,False,False,False,Q3,0.05-0.15R,10:30-11:00,mid,Wed
2022-03-10,down,True,0,0.04183266932270916,1.0174216027874565,3,False,True,0.14342629482071714,0.7171314741035857,True,15.0,True,True,105.0,False,True,225.0,True,True,True,True,True,True,False,-1.0,True,1.0,-1.0,0.12385919165580182,125.5,0.21666666666666667,,3,True,True,False,False,False,Q2,<0.05R,10:30-11:00,narrow,Thu
2022-03-10,up,False,255,0.05776892430278884,1.9140989729225024,1,True,False,,0.19322709163346613,True,15.0,False,True,15.0,True,False,,False,False,False,False,False,False,False,-0.3964285714285714,True,-0.32669322709163345,-0.32669322709163345,,125.5,0.21666666666666667,,3,False,False,False,False,False,Q3,0.05-0.15R,after 13:30,narrow,Thu
2022-03-11,down,True,30,0.08488372093023255,2.3419811320754715,1,False,True,0.0755813953488372,1.0546511627906976,True,15.0,True,False,,False,False,,False,False,False,False,False,False,True,1.5646123260437377,True,1.0,2.0,,215.0,0.7,,4,True,True,True,False,False,Q4_strong,0.05-0.15R,10:30-11:00,wide,Fri
2022-03-14,down,True,60,0.013210039630118891,1.0469798657718121,3,False,True,0.2430647291941876,0.9749009247027741,True,15.0,True,False,,False,False,,False,False,False,False,False,False,True,1.534105534105534,True,1.0,1.6010568031704095,,189.25,0.6333333333333333,,0,True,True,False,False,False,Q2,<0.05R,11:00-12:00,wide,Mon
2022-03-15,up,True,0,0.23706896551724138,0.7843137254901961,2,False,True,0.15660919540229884,1.293103448275862,True,225.0,True,False,,False,False,,False,False,False,False,False,False,True,1.0350877192982457,True,1.0,2.0,,174.0,0.5166666666666667,,1,True,True,True,False,False,Q1_weak,0.15-0.30R,10:30-11:00,mid,Tue
2022-03-16,down,True,210,0.38222222222222224,7.976649746192893,1,True,True,0.4533333333333333,0.6633333333333333,True,30.0,True,True,30.0,False,True,60.0,True,True,True,True,True,False,False,-1.0,True,1.0,-1.0,0.18153117600631413,225.0,0.7666666666666667,,2,True,True,False,False,False,Q4_strong,>0.30R,after 13:30,wide,Wed
2022-03-16,up,False,285,0.04666666666666667,1.6446578631452582,5,True,True,0.042222222222222223,0.5344444444444445,True,15.0,True,False,,False,False,,False,False,False,False,True,True,True,0.8719512195121951,True,1.0,1.0466666666666666,,225.0,0.7666666666666667,,2,True,True,False,False,False,Q3,<0.05R,after 13:30,wide,Wed
2022-03-17,up,True,165,0.10967741935483871,3.1692913385826773,1,False,True,0.18451612903225806,0.5638709677419355,True,105.0,True,False,,False,False,,False,False,False,False,True,True,True,0.7238095238095238,True,1.0,1.1019354838709678,,193.75,0.6666666666666666,,3,True,True,False,False,False,Q4_strong,0.05-0.15R,12:00-13:30,wide,Thu
2022-03-18,up,True,60,0.007992007992007992,0.5,1,False,True,0.06593406593406594,0.7142857142857143,True,15.0,True,True,15.0,True,False,,False,False,False,False,True,False,True,1.2822025565388397,True,1.0,1.3186813186813187,,250.25,0.8666666666666667,,4,True,True,False,False,False,Q1_weak,<0.05R,11:00-12:00,widest,Fri
2022-03-21,down,True,165,0.06282722513089005,0.4528493894165536,6,False,True,0.030366492146596858,0.18534031413612564,True,15.0,False,True,30.0,True,False,,True,False,False,False,True,False,False,-1.0,True,-1.0,-1.0,,238.75,0.8166666666666667,,0,False,False,False,False,False,Q1_weak,0.05-0.15R,12:00-13:30,widest,Mon
2022-03-22,up,True,0,0.11649365628604383,0.5877957658779577,3,False,True,0.1314878892733564,0.461361014994233,True,105.0,True,True,105.0,True,False,,False,False,False,False,True,False,True,0.29186155285313375,True,0.5928489042675894,0.5928489042675894,,216.75,0.6666666666666666,,1,True,False,False,False,False,Q1_weak,0.05-0.15R,10:30-11:00,wide,Tue
2022-03-23,up,True,30,0.0686456400742115,0.576219512195122,2,False,True,0.0055658627087198514,0.6437847866419295,True,60.0,True,True,90.0,False,True,135.0,True,True,True,True,True,True,False,-1.0,True,1.0,-1.0,0.2288488210818308,134.75,0.21666666666666667,,2,True,True,False,False,False,Q1_weak,0.05-0.15R,10:30-11:00,narrow,Wed
2022-03-23,down,False,315,0.12430426716141002,2.486695694242864,1,True,False,,0.0,False,,False,False,,False,False,,False,False,False,False,False,False,False,,False,,,,134.75,0.21666666666666667,,2,False,False,False,False,False,Q4_strong,0.05-0.15R,after 13:30,narrow,Wed
2022-03-24,up,True,30,0.06306306306306306,1.171764705882353,3,True,True,0.34234234234234234,1.9166666666666667,True,15.0,True,False,,False,False,,False,False,False,False,True,True,True,1.664,True,1.0,2.0,,111.0,0.06666666666666667,,3,True,True,True,True,False,Q2,0.05-0.15R,10:30-11:00,narrowest,Thu
2022-03-25,up,True,0,0.04774535809018567,2.4375,2,False,False,,0.20689655172413793,True,15.0,True,True,15.0,True,True,30.0,True,True,True,True,False,False,False,-1.0,True,-1.0,-1.0,-0.32592592592592595,94.25,0.03333333333333333,,4,False,False,False,False,False,Q4_strong,<0.05R,10:30-11:00,narrowest,Fri
2022-03-25,down,False,30,0.583554376657825,3.7187948350071736,2,True,True,0.7002652519893899,1.2917771883289124,True,165.0,False,True,165.0,False,False,,True,False,False,False,True,False,False,0.3843329253365973,True,-1.0,-1.0,,94.25,0.03333333333333333,,4,True,True,True,False,False,Q4_strong,>0.30R,10:30-11:00,narrowest,Fri
2022-03-28,down,True,75,0.09692307692307692,1.0460526315789473,4,False,True,0.19692307692307692,0.3,True,15.0,True,True,45.0,True,True,165.0,True,True,True,True,True,False,False,-1.0,True,-1.0,-1.0,0.16874135546334718,162.5,0.4166666666666667,,0,True,False,False,False,False,Q2,0.05-0.15R,11:00-12:00,mid,Mon
2022-03-28,up,False,255,0.16615384615384615,2.575928008998875,5,True,True,0.13692307692307693,0.46615384615384614,False,,False,False,,False,False,,False,False,False,False,True,False,True,0.44341801385681295,False,,,,162.5,0.4166666666666667,,0,True,False,False,False,False,Q4_strong,0.15-0.30R,after 13:30,mid,Mon
2022-03-29,up,True,255,0.009358288770053475,0.3764705882352941,2,False,True,0.08823529411764706,0.26336898395721925,True,15.0,True,False,,False,False,,False,False,False,False,True,False,True,0.2125984251968504,True,0.23529411764705882,0.23529411764705882,,187.0,0.5666666666666667,,1,True,False,False,False,False,Q1_weak,<0.05R,after 13:30,mid,Tue
2022-03-30,down,True,30,0.2112676056338028,1.822125813449024,4,True,True,0.3323943661971831,1.4535211267605634,True,30.0,True,True,45.0,False,False,,True,False,False,False,True,False,True,-1.0,True,-1.0,-1.0,,88.75,0.03333333333333333,,2,True,True,True,False,False,Q3,0.15-0.30R,10:30-11:00,narrowest,Wed
2022-03-31,down,True,300,0.125,2.107466852756455,2,True,True,0.21975806451612903,0.8911290322580645,True,15.0,True,False,,False,False,,False,False,False,False,False,False,True,1.038709677419355,True,1.0,1.5483870967741935,,124.0,0.13333333333333333,,3,True,True,False,False,False,Q3,0.05-0.15R,after 13:30,narrowest,Thu
2022-04-01,down,True,60,0.23306772908366533,1.7449947312961012,3,False,True,0.13745019920318724,0.649402390438247,True,15.0,True,True,165.0,False,False,,True,False,False,False,True,False,False,-1.0,True,1.0,-1.0,,125.5,0.175,,4,True,True,False,False,False,Q3,0.15-0.30R,11:00-12:00,narrow,Fri
2022-04-04,up,True,30,0.1349527665317139,1.0050377833753148,2,False,True,0.04048582995951417,0.5303643724696356,True,180.0,True,False,,False,False,,False,False,False,False,True,True,True,0.6036131774707758,True,1.0,1.0364372469635628,,185.25,0.5833333333333334,,0,True,True,False,False,False,Q2,0.05-0.15R,10:30-11:00,mid,Mon
2022-04-05,down,True,0,0.05099502487562189,1.158273381294964,5,False,False,,0.7711442786069652,True,15.0,True,True,15.0,True,False,,False,False,False,False,False,False,True,0.8442437923250564,True,1.0,1.0323383084577114,,201.0,0.65,,1,True,True,False,False,False,Q2,0.05-0.15R,10:30-11:00,wide,Tue
2022-04-06,down,True,105,0.11615487316421896,0.9503849443969205,2,False,True,0.102803738317757,0.32843791722296395,True,30.0,True,True,60.0,True,True,75.0,True,True,True,True,True,False,False,-1.0,True,-1.0,-1.0,-1.0,187.25,0.6,,2,True,False,False,False,False,Q2,0.05-0.15R,12:00-13:30,wide,Wed
2022-04-07,down,True,0,0.06890756302521009,1.9669724770642203,3,False,True,0.052100840336134456,0.9563025210084034,True,15.0,True,True,15.0,True,True,255.0,True,True,True,True,True,True,False,-1.0,True,1.0,-1.0,0.1686746987951807,148.75,0.3333333333333333,,3,True,True,False,False,False,Q3,0.05-0.15R,10:30-11:00,narrow,Thu
2022-04-07,up,False,270,0.1226890756302521,2.020703933747412,3,True,True,0.34285714285714286,0.173109243697479,True,15.0,True,True,15.0,True,False,,True,False,False,False,True,False,False,-1.0,True,-1.0,-1.0,,148.75,0.3333333333333333,,3,False,False,False,False,False,Q3,0.05-0.15R,after 13:30,narrow,Thu
2022-04-08,up,True,105,0.0776255707762557,1.1877300613496933,1,False,False,,0.1308980213089802,True,15.0,False,True,15.0,True,True,45.0,True,True,True,True,False,False,False,-1.0,True,-1.0,-1.0,1.9601593625498008,164.25,0.45,,4,False,False,False,False,False,Q2,0.05-0.15R,12:00-13:30,mid,Fri
2022-04-11,down,True,0,0.10946196660482375,1.4659090909090908,2,False,True,0.02411873840445269,0.575139146567718,True,15.0,True,True,60.0,True,False,,True,False,False,False,True,False,True,-1.0,True,-1.0,-1.0,,134.75,0.24166666666666667,,0,True,True,False,False,False,Q3,0.05-0.15R,10:30-11:00,narrow,Mon
2022-04-12,down,True,90,0.007598784194528876,1.3393528969149735,2,False,True,0.057750759878419454,1.4088145896656534,True,15.0,True,False,,False,False,,False,False,False,False,False,False,True,1.9550898203592815,True,1.0,2.0,,164.5,0.4666666666666667,,1,True,True,True,False,False,Q3,<0.05R,11:00-12:00,mid,Tue
2022-04-13,up,True,30,0.2804532577903683,3.2323232323232323,1,False,True,0.26203966005665724,0.9575070821529745,False,,False,False,,False,False,,False,False,False,False,True,True,True,0.542649727767695,False,,,,176.5,0.5,,2,True,True,False,False,False,Q4_strong,0.15-0.30R,10:30-11:00,mid,Wed
2022-04-14,down,True,60,0.07142857142857142,2.0,1,False,True,0.040983606557377046,0.6920374707259953,True,30.0,True,False,,False,False,,False,False,False,False,True,False,True,1.0204918032786885,True,1.0,1.3091334894613582,,213.5,0.6833333333333333,,3,True,True,False,False,False,Q3,0.05-0.15R,11:00-12:00,wide,Thu
2022-04-18,down,True,90,0.045584045584045586,1.748633879781421,1,False,True,0.06837606837606838,0.2336182336182336,True,45.0,False,True,60.0,True,True,90.0,True,False,True,False,True,False,False,-1.0,True,-1.0,-1.0,-0.18125,175.5,0.4666666666666667,,0,False,False,False,False,False,Q3,<0.05R,11:00-12:00,mid,Mon
2022-04-19,up,True,0,0.1590909090909091,1.1296969696969696,5,False,True,0.10795454545454546,0.5473484848484849,False,,False,False,,False,False,,False,False,False,False,True,True,True,0.41810344827586204,False,,,,264.0,0.9166666666666666,,1,True,True,False,False,False,Q2,0.15-0.30R,10:30-11:00,widest,Tue
2022-04-20,down,True,90,0.17937701396348013,1.4051355206847362,2,False,True,0.04081632653061224,0.3469387755102041,True,30.0,True,True,45.0,True,True,60.0,False,False,False,False,True,False,True,-0.05059288537549407,True,0.2900107411385607,0.2900107411385607,-1.0,232.75,0.7833333333333333,,2,True,False,False,False,False,Q3,0.15-0.30R,11:00-12:00,wide,Wed
2022-04-21,down,True,15,0.12855007473841554,0.8151183970856102,2,False,True,0.2600896860986547,2.6053811659192827,True,15.0,True,False,,False,False,,False,False,False,False,True,False,True,1.3864447086801426,True,1.0,2.0,,167.25,0.45,,3,True,True,True,True,True,Q2,0.05-0.15R,10:30-11:00,mid,Thu
2022-04-22,down,True,60,0.25673940949935814,2.3760984182776803,2,False,True,0.3055198973042362,1.2477535301668805,False,,False,False,,False,False,,False,False,False,False,False,False,True,0.9821882951653944,False,,,,194.75,0.65,,4,True,True,True,False,False,Q4_strong,0.15-0.30R,11:00-12:00,wide,Fri
2022-04-25,up,True,225,0.22514619883040934,2.9723926380368098,2,False,True,0.1301169590643275,0.7967836257309941,True,45.0,True,True,45.0,False,False,,False,False,False,False,True,True,True,0.6875,True,1.0,1.4473684210526316,,171.0,0.45,,0,True,True,False,False,False,Q4_strong,0.15-0.30R,after 13:30,mid,Mon
2022-04-26,down,True,0,0.024734982332155476,0.8763557483731019,5,False,False,,0.5706713780918727,True,15.0,True,True,105.0,True,False,,False,False,False,False,False,False,True,1.0218855218855218,True,1.0,1.1219081272084805,,283.0,0.95,,1,True,True,False,False,False,Q2,<0.05R,10:30-11:00,widest,Tue
2022-04-28,down,True,0,0.0034522439585730723,0.05150214592274678,3,False,False,,0.14039125431530494,True,15.0,False,True,15.0,True,True,30.0,True,True,True,True,False,False,False,-1.0,True,-1.0,-1.0,0.5606299212598426,217.25,0.75,,3,False,False,False,False,False,Q1_weak,<0.05R,10:30-11:00,wide,Thu
2022-04-28,up,False,120,0.18757192174913695,1.6385786802030458,4,True,True,0.31185270425776757,1.2025316455696202,False,,False,False,,False,False,,False,False,False,False,False,False,True,1.181589958158996,False,,,,217.25,0.75,,3,True,True,True,False,False,Q3,0.15-0.30R,12:00-13:30,wide,Thu
2022-04-29,down,True,0,0.02768166089965398,0.2378535170413343,3,False,True,0.35294117647058826,1.7739331026528258,True,15.0,True,True,60.0,True,False,,False,False,False,False,False,False,True,1.842622950819672,True,1.0,2.0,,216.75,0.725,,4,True,True,True,True,False,Q1_weak,<0.05R,10:30-11:00,wide,Fri
2022-05-02,down,True,240,0.05666003976143141,0.379041248606466,1,True,False,,0.1312127236580517,True,15.0,False,True,15.0,True,True,15.0,True,True,True,True,False,False,False,-1.0,True,-1.0,-1.0,3.7615062761506275,251.5,0.9,,0,False,False,False,False,False,Q1_weak,0.05-0.15R,after 13:30,widest,Mon
2022-05-02,up,False,315,0.30218687872763417,2.643312101910828,1,True,False,,0.0,False,,False,False,,False,False,,False,False,False,False,False,False,False,,False,,,,251.5,0.9,,0,False,False,False,False,False,Q4_strong,>0.30R,after 13:30,widest,Mon
2022-05-03,up,True,180,0.1292517006802721,1.2232415902140672,1,False,False,,0.17142857142857143,True,15.0,True,True,15.0,True,True,30.0,True,False,True,False,False,False,False,-1.0,True,-1.0,-1.0,-0.1913978494623656,183.75,0.5333333333333333,,1,False,False,False,False,False,Q2,0.05-0.15R,12:00-13:30,mid,Tue
2022-05-04,down,True,30,0.1869031377899045,1.276410998552822,7,False,False,,0.26193724420190995,True,45.0,False,True,45.0,True,True,150.0,True,True,True,True,False,False,False,-1.0,True,-1.0,-1.0,0.0,183.25,0.5166666666666667,,2,True,False,False,False,False,Q2,0.15-0.30R,10:30-11:00,mid,Wed
2022-05-04,up,False,195,0.1582537517053206,1.0902173913043478,3,True,False,,2.4065484311050476,True,15.0,True,True,15.0,False,False,,True,False,False,False,False,False,True,-1.0,True,1.0,-1.0,,183.25,0.5166666666666667,,2,True,True,True,True,True,Q2,0.15-0.30R,after 13:30,mid,Wed
2022-05-05,down,True,0,0.048280907095830286,0.3067577828397874,5,False,True,0.04681784930504755,0.8756400877834675,False,,False,False,,False,False,,False,False,False,False,False,False,True,0.6897931954636425,False,,,,341.75,0.9833333333333333,,3,True,True,False,False,False,Q1_weak,<0.05R,10:30-11:00,widest,Thu
2022-05-06,up,True,30,0.003110419906687403,0.016941176470588234,2,False,False,,0.2744945567651633,True,15.0,True,True,30.0,True,True,165.0,True,False,True,False,False,False,False,-1.0,True,-1.0,-1.0,-0.02383419689119171,321.5,0.9666666666666667,,4,True,False,False,False,False,Q1_weak,<0.05R,10:30-11:00,widest,Fri
2022-05-09,down,True,0,0.00477326968973747,0.02699662542182227,4,False,True,0.11813842482100238,1.0071599045346062,True,15.0,True,True,90.0,False,False,,False,False,False,False,True,True,True,1.9716312056737588,True,1.0,2.0,,209.5,0.65,,0,True,True,True,False,False,Q1_weak,<0.05R,10:30-11:00,wide,Mon
2022-05-10,down,True,15,0.32147093712930014,1.6042047531992687,3,False,True,0.1981020166073547,0.7888493475682088,True,150.0,False,True,150.0,False,True,180.0,True,False,True,False,True,False,False,-1.0,True,-1.0,-1.0,-0.49818181818181817,210.75,0.65,,1,True,True,False,False,False,Q3,>0.30R,10:30-11:00,wide,Tue
2022-05-11,down,True,135,0.031578947368421054,1.2373300370828184,5,False,True,0.11578947368421053,0.6240601503759399,True,105.0,True,True,105.0,True,False,,False,False,False,False,False,False,True,0.9094766619519095,True,1.0,1.0300751879699248,,332.5,0.9666666666666667,,2,True,True,False,False,False,Q2,<0.05R,12:00-13:30,widest,Wed
2022-05-12,up,True,15,0.08575478384124734,2.6714975845410627,1,False,True,0.024096385542168676,0.24592487597448617,True,15.0,True,True,30.0,True,True,60.0,True,True,True,True,True,False,False,-1.0,True,-1.0,-1.0,0.5421052631578948,352.75,0.9833333333333333,,3,False,False,False,False,False,Q4_strong,0.05-0.15R,10:30-11:00,widest,Thu
2022-05-13,up,True,45,0.05018248175182482,0.8146240988671473,1,False,True,0.04288321167883212,0.3403284671532847,True,15.0,True,True,135.0,True,True,150.0,False,False,False,False,True,False,True,0.21227197346600332,True,0.33394160583941607,0.33394160583941607,-1.0,274.0,0.8666666666666667,,4,True,False,False,False,False,Q2,0.05-0.15R,11:00-12:00,widest,Fri
2022-05-16,up,True,225,0.036390101892285295,1.0742793791574279,2,True,True,0.004366812227074236,0.1615720524017467,True,15.0,True,True,15.0,True,True,45.0,True,False,True,False,True,False,False,-1.0,True,-1.0,-1.0,0.51338199513382,171.75,0.31666666666666665,,0,False,False,False,False,False,Q2,<0.05R,after 13:30,narrow,Mon
2022-05-17,down,True,0,0.3622641509433962,1.5622641509433963,4,False,True,0.27169811320754716,0.5641509433962264,True,45.0,False,True,45.0,False,True,255.0,True,True,True,True,True,False,False,-1.0,True,-1.0,-1.0,0.10533333333333333,132.5,0.15,,1,True,True,False,False,False,Q3,>0.30R,10:30-11:00,narrowest,Tue
2022-05-17,up,False,270,0.11886792452830189,1.3658536585365855,3,True,True,0.19056603773584907,0.31886792452830187,True,30.0,True,False,,False,False,,False,False,False,False,True,False,True,0.14329268292682926,True,0.41509433962264153,0.41509433962264153,,132.5,0.15,,1,True,False,False,False,False,Q3,0.05-0.15R,after 13:30,narrowest,Tue
2022-05-18,down,True,0,0.10227272727272728,0.4550898203592814,2,False,True,0.42727272727272725,3.6568181818181817,True,15.0,True,True,15.0,True,False,,False,False,False,False,True,False,True,1.490566037735849,True,1.0,2.0,,110.0,0.05,,2,True,True,True,True,True,Q1_weak,0.05-0.15R,10:30-11:00,narrowest,Wed
2022-05-19,up,True,60,0.25817757009345793,5.7595129375951295,1,False,True,0.06658878504672897,0.31542056074766356,True,15.0,False,True,60.0,True,True,60.0,True,False,True,False,True,False,False,-1.0,True,-1.0,-1.0,0.25508607198748046,214.0,0.65,,3,True,False,False,False,False,Q4_strong,0.15-0.30R,11:00-12:00,wide,Thu
2022-05-20,down,True,15,0.41607898448519043,3.442176870748299,2,False,True,0.4527503526093089,2.1692524682651624,False,,False,False,,False,False,,False,False,False,False,False,False,True,0.6374133949191686,False,,,,177.25,0.4,,4,True,True,True,True,True,Q4_strong,>0.30R,10:30-11:00,mid,Fri
2022-05-23,up,True,60,0.08258064516129032,1.206290471785384,3,False,True,0.007741935483870968,0.39483870967741935,True,15.0,True,True,90.0,True,False,,False,False,False,False,True,False,True,0.3654485049833887,True,0.5909677419354838,0.5909677419354838,,193.75,0.5416666666666666,,0,True,False,False,False,False,Q2,0.05-0.15R,11:00-12:00,mid,Mon
2022-05-25,up,True,225,0.2722298221614227,3.2203389830508473,2,False,True,0.04514363885088919,0.7948016415868673,False,,False,False,,False,False,,False,False,False,False,True,False,True,0.0637732506643047,False,,,,182.75,0.4,,2,True,True,False,False,False,Q4_strong,0.15-0.30R,after 13:30,mid,Wed
2022-05-26,up,True,30,0.10278011794439765,0.5894568690095847,2,False,True,0.07834877843302443,0.4962089300758214,True,30.0,True,False,,False,False,,False,False,False,False,True,False,True,0.27253668763102723,True,0.5341196293176074,0.5341196293176074,,296.75,0.9,,3,True,False,False,False,False,Q1_weak,0.05-0.15R,10:30-11:00,widest,Thu
2022-05-27,up,True,75,0.06371191135734072,0.5058324496288441,4,False,True,0.015235457063711912,0.5581717451523546,True,30.0,True,True,30.0,True,False,,False,False,False,False,True,False,True,0.8673218673218673,True,1.0,1.105263157894737,,180.5,0.38333333333333336,,4,True,True,False,False,False,Q1_weak,0.05-0.15R,11:00-12:00,mid,Fri
2022-05-31,up,True,75,0.10576923076923077,1.8421404682274247,3,False,True,0.2860576923076923,0.3870192307692308,True,30.0,True,True,90.0,True,False,,False,False,False,False,True,False,False,-0.5138888888888888,True,-0.4110576923076923,-0.4110576923076923,,208.0,0.5833333333333334,,1,True,False,False,False,False,Q3,0.05-0.15R,11:00-12:00,mid,Tue
2022-06-01,down,True,45,0.22043628013777267,1.0112866817155757,2,False,True,0.09644087256027555,0.6934557979334098,True,180.0,False,True,180.0,False,True,195.0,False,False,False,False,True,False,True,0.04940239043824701,True,0.5120551090700345,0.5120551090700345,-0.523153942428035,217.75,0.7333333333333333,,2,True,True,False,False,False,Q2,0.15-0.30R,11:00-12:00,wide,Wed
2022-06-02,up,True,30,0.26710526315789473,1.6172638436482085,3,False,True,0.26052631578947366,1.4039473684210526,False,,False,False,,False,False,,False,False,False,False,True,True,True,0.9554030874785592,False,,,,190.0,0.5166666666666667,,3,True,True,True,False,False,Q3,0.15-0.30R,10:30-11:00,mid,Thu
2022-06-03,down,True,0,0.12090163934426229,1.0043041606886658,3,False,True,0.24795081967213115,0.8709016393442623,True,15.0,True,False,,False,False,,False,False,False,False,True,False,True,0.5346534653465347,True,1.0,0.9057377049180327,,122.0,0.08333333333333333,,4,True,True,False,False,False,Q2,0.05-0.15R,10:30-11:00,narrowest,Fri
2022-06-06,down,True,45,0.1043956043956044,1.2146529562982005,3,False,True,0.510989010989011,1.031135531135531,True,30.0,True,True,150.0,False,False,,False,False,False,False,False,False,True,1.481818181818182,True,1.0,2.0,,136.5,0.18333333333333332,,0,True,True,True,False,False,Q2,0.05-0.15R,11:00-12:00,narrow,Mon
2022-06-07,up,True,0,0.3914780292942743,2.015267175572519,2,False,True,0.3355525965379494,0.7456724367509987,True,45.0,True,True,45.0,False,False,,False,False,False,False,True,True,True,0.22554144884241972,True,1.0,1.18508655126498,,187.75,0.5,,1,True,True,False,False,False,Q3,>0.30R,10:30-11:00,mid,Tue
2022-06-08,down,True,120,0.08681672025723473,2.901521216973579,2,False,True,0.1414790996784566,0.3102893890675241,True,15.0,True,True,15.0,True,False,,False,False,False,False,False,False,True,-0.0547945205479452,True,0.10932475884244373,0.10932475884244373,,155.5,0.21666666666666667,,2,True,False,False,False,False,Q4_strong,0.05-0.15R,12:00-13:30,narrow,Wed
2022-06-09,down,True,240,0.22053872053872053,1.1525704809286899,3,True,True,0.18518518518518517,1.5892255892255893,False,,False,False,,False,False,,False,False,False,False,True,False,True,1.0817757009345794,False,,,,148.5,0.2,,3,True,True,True,True,False,Q2,0.15-0.30R,after 13:30,narrow,Thu
2022-06-10,down,True,30,0.014736842105263158,0.15803336259877085,2,False,False,,0.12421052631578948,True,15.0,True,True,45.0,True,True,225.0,True,False,True,False,False,False,True,-1.0,True,-1.0,-1.0,-0.8747203579418344,237.5,0.7833333333333333,,4,False,False,False,False,False,Q1_weak,<0.05R,10:30-11:00,wide,Fri
2022-06-13,down,True,0,0.13802083333333334,0.96,4,False,True,0.057291666666666664,0.6627604166666666,True,45.0,True,True,45.0,True,False,,True,False,False,False,True,False,True,-1.0,True,-1.0,-1.0,,192.0,0.55,,0,True,True,False,False,False,Q2,0.05-0.15R,10:30-11:00,mid,Mon
2022-06-14,down,True,0,0.006688963210702341,0.1407185628742515,3,False,False,,0.3779264214046823,True,15.0,True,True,15.0,True,False,,True,True,False,False,False,False,False,-1.0,True,-1.0,-1.0,,149.5,0.23333333333333334,,1,True,False,False,False,False,Q1_weak,<0.05R,10:30-11:00,narrow,Tue
2022-06-15,up,True,240,1.2669584245076586,10.029702970297029,1,True,False,,1.9277899343544858,True,15.0,True,False,,False,False,,False,False,False,False,False,False,True,-0.15108359133126936,True,1.0,2.0,,114.25,0.08333333333333333,,2,True,True,True,True,False,Q4_strong,>0.30R,after 13:30,narrowest,Wed
2022-06-16,down,True,0,0.313458262350937,2.147783251231527,1,False,True,0.2453151618398637,0.9165247018739353,True,30.0,True,True,30.0,False,False,,False,False,False,False,True,False,True,-0.07539267015706806,True,1.0,0.504258943781942,,146.75,0.21666666666666667,,3,True,True,False,False,False,Q3,>0.30R,10:30-11:00,narrow,Thu
2022-06-17,down,True,0,0.03463855421686747,0.40842105263157896,3,False,True,0.22590361445783133,0.3825301204819277,True,15.0,True,True,30.0,True,True,150.0,True,True,True,True,True,False,False,-1.0,True,-1.0,-1.0,-0.12404580152671756,166.0,0.3333333333333333,,4,True,False,False,False,False,Q1_weak,<0.05R,10:30-11:00,narrow,Fri
2022-06-17,up,False,150,0.19578313253012047,2.411450752062106,1,True,True,0.19578313253012047,0.286144578313253,True,15.0,False,True,45.0,True,True,120.0,False,False,False,False,True,False,False,-0.7683982683982684,True,-0.677710843373494,-0.677710843373494,-0.1226215644820296,166.0,0.3333333333333333,,4,True,False,False,False,False,Q4_strong,0.15-0.30R,12:00-13:30,narrow,Fri
2022-06-21,up,True,15,0.030183727034120734,0.7670454545454545,2,False,False,,0.06299212598425197,True,15.0,False,True,15.0,True,True,45.0,True,False,True,False,False,False,False,-1.0,True,-1.0,-1.0,1.2556818181818181,190.5,0.5833333333333334,,1,False,False,False,False,False,Q1_weak,<0.05R,10:30-11:00,mid,Tue
2022-06-22,up,True,0,0.013927576601671309,0.20588235294117646,5,False,True,0.23026926648096566,0.11049210770659239,True,15.0,False,True,15.0,True,False,,True,False,False,False,True,False,False,-1.0,True,-1.0,-1.0,,269.25,0.85,,2,False,False,False,False,False,Q1_weak,<0.05R,10:30-11:00,widest,Wed
2022-06-23,up,True,0,0.10590277777777778,1.1294117647058823,2,False,True,0.013888888888888888,0.5538194444444444,True,30.0,True,True,60.0,True,True,90.0,True,False,True,False,True,False,True,-1.0,True,-1.0,-1.0,-1.0,144.0,0.16666666666666666,,3,True,True,False,False,False,Q2,0.05-0.15R,10:30-11:00,narrowest,Thu
2022-06-24,up,True,315,0.2676923076923077,9.398280802292264,3,False,False,,0.0,False,,False,False,,False,False,,False,False,False,False,False,False,False,,False,,,,243.75,0.8,,4,False,False,False,False,False,Q4_strong,0.15-0.30R,after 13:30,wide,Fri
2022-06-28,down,True,0,0.12094395280235988,0.4951560818083961,4,False,True,0.38200589970501475,1.9896755162241888,False,,False,False,,False,False,,False,False,False,False,True,False,True,1.4156769596199525,False,,,,169.5,0.3,,1,True,True,True,True,False,Q1_weak,0.05-0.15R,10:30-11:00,narrow,Tue
2022-06-30,up,True,75,0.10232067510548523,1.1562913907284769,1,False,True,0.049578059071729956,0.4092827004219409,True,15.0,True,True,15.0,True,True,165.0,False,False,False,False,True,False,False,-0.5201401050788091,True,-0.4219409282700422,-0.4219409282700422,0.12213740458015267,237.0,0.7666666666666667,,3,True,False,False,False,False,Q2,0.05-0.15R,11:00-12:00,wide,Thu
2022-07-05,up,True,0,0.2658959537572254,1.3248407643312101,1,False,False,,2.279383429672447,True,15.0,True,True,30.0,False,True,30.0,False,False,False,False,False,False,True,0.9584905660377359,True,1.0,2.0,-1.0,129.75,0.06666666666666667,,1,True,True,True,True,True,Q3,0.15-0.30R,10:30-11:00,narrowest,Tue
2022-07-06,up,True,240,0.33073929961089493,2.3408360128617365,2,True,True,0.17509727626459143,0.7140077821011673,True,75.0,False,False,,False,False,,False,False,False,False,True,True,True,-0.36768149882903983,True,0.05058365758754864,0.05058365758754864,,128.5,0.06666666666666667,,2,True,True,False,False,False,Q4_strong,>0.30R,after 13:30,narrowest,Wed
2022-07-07,up,True,30,0.04681647940074907,0.30392156862745096,4,False,True,0.04681647940074907,0.8745318352059925,True,15.0,True,True,15.0,True,False,,False,False,False,False,True,False,True,1.0684931506849316,True,1.0,1.2621722846441947,,133.5,0.11666666666666667,,3,True,True,False,False,False,Q1_weak,<0.05R,10:30-11:00,narrowest,Thu
2022-07-08,up,True,0,0.19487179487179487,0.64472190692395,3,False,True,0.3213675213675214,0.5914529914529915,True,15.0,True,True,105.0,False,False,,True,False,False,False,True,True,True,-1.0,True,1.0,-1.0,,146.25,0.16666666666666666,,4,True,True,False,False,False,Q1_weak,0.15-0.30R,10:30-11:00,narrowest,Fri
2022-07-12,down,True,270,0.11791383219954649,3.3196384552177487,5,False,True,0.19387755102040816,0.4217687074829932,False,,False,False,,False,False,,False,False,False,False,False,False,True,0.005504587155963303,False,,,,220.5,0.7333333333333333,,1,True,False,False,False,False,Q4_strong,0.05-0.15R,after 13:30,wide,Tue
2022-07-13,up,True,0,0.5802816901408451,3.5555555555555554,2,False,True,0.547887323943662,0.8704225352112676,False,,False,False,,False,False,,False,False,False,False,True,True,True,-0.24771838331160365,False,,,,177.5,0.36666666666666664,,2,True,True,False,False,False,Q4_strong,>0.30R,10:30-11:00,narrow,Wed
2022-07-14,up,True,60,0.0707070707070707,1.528281750266809,6,False,True,0.049062049062049064,0.8686868686868687,True,15.0,True,True,45.0,True,False,,False,False,False,False,True,False,True,1.0391908975979773,True,1.0,1.3275613275613276,,173.25,0.3333333333333333,,3,True,True,False,False,False,Q3,0.05-0.15R,11:00-12:00,narrow,Thu
2022-07-15,up,True,315,0.1391941391941392,2.6923076923076925,2,False,False,,0.0,False,,False,False,,False,False,,False,False,False,False,False,False,False,,False,,,,136.5,0.14166666666666666,,4,False,False,False,False,False,Q4_strong,0.05-0.15R,after 13:30,narrowest,Fri
2022-07-18,down,True,180,0.3850129198966408,5.543773119605425,4,False,True,0.5348837209302325,2.405684754521964,False,,False,False,,False,False,,False,False,False,False,True,True,True,0.6948905109489051,False,,,,96.75,0.016666666666666666,,0,True,True,True,True,True,Q4_strong,>0.30R,12:00-13:30,narrowest,Mon
2022-07-19,up,True,0,0.07073170731707316,0.4816753926701571,2,False,True,0.33170731707317075,1.8682926829268294,False,,False,False,,False,False,,False,False,False,False,True,True,True,1.6282051282051282,False,,,,102.5,0.03333333333333333,,1,True,True,True,True,False,Q1_weak,0.05-0.15R,10:30-11:00,narrowest,Tue
2022-07-20,up,True,0,0.22935779816513763,0.711340206185567,3,False,True,0.3174311926605505,0.908256880733945,True,150.0,False,True,150.0,False,False,,False,False,False,False,True,True,True,0.4125786163522013,True,1.0,1.0605504587155963,,136.25,0.16666666666666666,,2,True,True,False,False,False,Q1_weak,0.15-0.30R,10:30-11:00,narrowest,Wed
2022-07-21,up,True,90,0.21460506706408347,1.6500829187396353,7,False,True,0.18479880774962743,0.624441132637854,False,,False,False,,False,False,,False,False,False,False,True,True,True,0.5651720542231491,False,,,,167.75,0.3333333333333333,,3,True,True,False,False,False,Q3,0.15-0.30R,11:00-12:00,narrow,Thu
2022-07-22,down,True,45,0.3563402889245586,4.427616926503341,2,False,True,0.18780096308186195,1.2776886035313002,False,,False,False,,False,False,,False,False,False,False,False,False,True,0.7516401124648547,False,,,,155.75,0.31666666666666665,,4,True,True,True,False,False,Q4_strong,>0.30R,11:00-12:00,narrow,Fri
2022-07-25,down,True,270,0.06891025641025642,0.7783641160949868,2,False,False,,0.13782051282051283,True,15.0,False,True,30.0,True,True,45.0,False,False,False,False,False,False,False,-0.8816901408450705,True,-0.8653846153846154,-0.8653846153846154,,156.0,0.3333333333333333,,0,False,False,False,False,False,Q1_weak,0.05-0.15R,after 13:30,narrow,Mon
2022-07-26,down,True,0,0.07142857142857142,0.5274725274725275,3,False,True,0.16741071428571427,0.9330357142857143,True,15.0,True,True,15.0,True,False,,False,False,False,False,False,False,True,0.953125,True,1.0,1.2321428571428572,,112.0,0.06666666666666667,,1,True,True,False,False,False,Q1_weak,0.05-0.15R,10:30-11:00,narrowest,Tue
2022-07-27,up,True,75,0.028481012658227847,0.4524456521739131,2,False,True,0.030063291139240507,1.6170886075949367,True,15.0,True,True,60.0,True,False,,False,False,False,False,True,False,True,1.8383233532934131,True,1.0,2.0,,158.0,0.36666666666666664,,2,True,True,True,True,False,Q1_weak,<0.05R,11:00-12:00,narrow,Wed
2022-07-28,up,True,45,0.05693069306930693,1.0232158211521927,4,True,True,0.12128712871287128,0.5470297029702971,True,15.0,True,True,90.0,True,False,,False,False,False,False,False,False,True,0.6511111111111111,True,1.0,0.8391089108910891,,202.0,0.7,,3,True,True,False,False,False,Q2,0.05-0.15R,11:00-12:00,wide,Thu
2022-07-29,up,True,210,0.022788203753351208,0.4296482412060302,3,False,True,0.004021447721179625,0.435656836461126,True,15.0,True,False,,False,False,,False,False,False,False,True,False,True,0.37948717948717947,True,0.44235924932975873,0.44235924932975873,,186.5,0.5666666666666667,,4,True,False,False,False,False,Q1_weak,<0.05R,after 13:30,mid,Fri
2022-08-01,up,True,15,0.09584295612009237,0.6430338004946414,2,False,False,,0.18706697459584296,True,15.0,False,True,45.0,True,True,150.0,True,False,True,False,False,False,False,-1.0,True,-1.0,-1.0,-0.14890510948905109,216.5,0.7833333333333333,,0,False,False,False,False,False,Q1_weak,0.05-0.15R,10:30-11:00,wide,Mon
2022-08-02,up,True,15,0.08592321755027423,0.907563025210084,3,False,True,0.06946983546617916,1.0255941499085923,True,15.0,True,True,15.0,True,False,,False,False,False,False,True,False,False,1.5600624024960998,True,1.0,2.0,,136.75,0.23333333333333334,,1,True,True,True,False,False,Q2,0.05-0.15R,10:30-11:00,narrow,Tue
2022-08-03,up,True,30,0.013605442176870748,0.8941684665226781,2,False,True,0.09115646258503401,0.745578231292517,True,15.0,True,False,,False,False,,False,False,False,False,True,True,True,1.0225165562913907,True,1.0,1.0775510204081633,,183.75,0.5666666666666667,,2,True,True,False,False,False,Q2,<0.05R,10:30-11:00,mid,Wed
2022-08-04,down,True,0,0.2651162790697674,1.1238447319778189,4,False,True,0.21395348837209302,0.43488372093023253,True,15.0,False,True,15.0,True,True,270.0,True,True,True,True,True,False,False,-1.0,True,-1.0,-1.0,0.008169934640522876,107.5,0.05,,3,True,False,False,False,False,Q2,0.15-0.30R,10:30-11:00,narrowest,Thu
2022-08-05,down,True,45,0.12020460358056266,1.7609668755595342,5,False,True,0.19309462915601022,0.15089514066496162,True,15.0,True,True,30.0,True,False,,True,False,False,False,True,False,False,-1.0,True,-1.0,-1.0,,195.5,0.7166666666666667,,4,False,False,False,False,False,Q3,0.05-0.15R,11:00-12:00,wide,Fri
2022-08-08,down,True,60,0.13351134846461948,2.143106457242583,4,False,True,0.10947930574098798,0.595460614152203,True,15.0,True,True,15.0,True,False,,False,False,False,False,False,False,True,0.21285563751317177,True,1.0,0.5367156208277704,,187.25,0.6166666666666667,,0,True,True,False,False,False,Q3,0.05-0.15R,11:00-12:00,wide,Mon
2022-08-09,down,True,105,0.050359712230215826,1.5938242280285035,4,False,True,0.039568345323741004,0.07194244604316546,True,15.0,False,True,15.0,True,False,,True,False,False,False,True,False,False,-1.0,True,-1.0,-1.0,,139.0,0.26666666666666666,,1,False,False,False,False,False,Q3,0.05-0.15R,12:00-13:30,narrow,Tue
2022-08-10,up,True,45,0.01279317697228145,0.42424242424242425,4,False,False,,0.4520255863539446,True,15.0,True,True,60.0,True,False,,False,False,False,False,False,False,True,0.6153846153846154,True,0.6567164179104478,0.6567164179104478,,117.25,0.11666666666666667,,2,True,False,False,False,False,Q1_weak,<0.05R,11:00-12:00,narrowest,Wed
2022-08-11,down,True,30,0.30962343096234307,2.7731958762886597,4,False,True,0.2803347280334728,1.4267782426778242,False,,False,False,,False,False,,False,False,False,False,False,False,True,0.8527131782945736,False,,,,119.5,0.13333333333333333,,3,True,True,True,False,False,Q4_strong,>0.30R,10:30-11:00,narrowest,Thu
2022-08-12,up,True,45,0.06295399515738499,0.9443254817987153,3,False,True,0.10653753026634383,1.1694915254237288,True,30.0,True,True,30.0,True,False,,False,False,False,False,False,False,True,1.664516129032258,True,1.0,2.0,,103.25,0.05,,4,True,True,True,False,False,Q2,0.05-0.15R,11:00-12:00,narrowest,Fri
2022-08-15,up,True,60,0.0199501246882793,1.725301204819277,2,False,True,0.4164588528678304,0.713216957605985,False,,False,False,,False,False,,False,False,False,False,True,True,True,0.935251798561151,False,,,,100.25,0.03333333333333333,,0,True,True,False,False,False,Q3,<0.05R,11:00-12:00,narrowest,Mon
2022-08-16,down,True,15,0.01488833746898263,0.29411764705882354,6,False,False,,0.07444168734491315,True,15.0,False,True,15.0,True,True,45.0,True,True,True,True,False,False,False,-1.0,True,-1.0,-1.0,0.1455026455026455,100.75,0.05,,1,False,False,False,False,False,Q1_weak,<0.05R,10:30-11:00,narrowest,Tue
2022-08-16,up,False,75,0.141439205955335,1.4633093525179854,4,True,True,0.08684863523573201,0.8089330024813896,True,15.0,True,True,30.0,True,False,,True,False,False,False,True,True,False,-1.0,True,1.0,-1.0,,100.75,0.05,,1,True,True,False,False,False,Q3,0.05-0.15R,11:00-12:00,narrowest,Tue
2022-08-17,down,True,15,0.3566084788029925,1.6096579476861166,2,False,False,,0.5910224438902744,True,30.0,True,True,105.0,False,True,150.0,True,True,True,True,False,False,False,-1.0,True,1.0,-1.0,0.7673130193905817,100.25,0.041666666666666664,,2,True,True,False,False,False,Q3,>0.30R,10:30-11:00,narrowest,Wed
2022-08-17,up,False,210,0.1371571072319202,5.0910447761194035,1,True,True,0.26433915211970077,0.5012468827930174,True,15.0,True,True,45.0,False,False,,True,False,False,False,True,True,False,-1.0,True,1.0,-1.0,,100.25,0.041666666666666664,,2,True,True,False,False,False,Q4_strong,0.05-0.15R,after 13:30,narrowest,Wed
2022-08-18,up,True,0,0.05642633228840126,2.3076923076923075,1,False,True,0.11285266457680251,0.9184952978056427,True,15.0,True,True,120.0,False,False,,False,False,False,False,True,False,True,0.49577464788732395,True,1.0,0.664576802507837,,79.75,0.016666666666666666,,3,True,True,False,False,False,Q4_strong,0.05-0.15R,10:30-11:00,narrowest,Thu
2022-08-19,down,True,15,0.11785095320623917,1.5126050420168067,1,False,True,0.0034662045060658577,0.36221837088388215,True,60.0,True,True,105.0,True,False,,False,False,False,False,True,False,True,0.008415147265077139,True,0.24610051993067592,0.24610051993067592,,144.25,0.38333333333333336,,4,True,False,False,False,False,Q3,0.05-0.15R,10:30-11:00,mid,Fri
2022-08-22,down,True,15,0.10392156862745099,1.6317016317016317,1,False,False,,0.707843137254902,True,15.0,True,True,45.0,True,True,60.0,False,False,False,False,False,False,True,0.4577922077922078,True,1.0,0.7607843137254902,-1.0,127.5,0.23333333333333334,,0,True,True,False,False,False,Q3,0.05-0.15R,10:30-11:00,narrow,Mon
2022-08-24,up,True,30,0.1969309462915601,2.39010989010989,2,False,True,0.24552429667519182,0.6342710997442456,True,90.0,False,True,90.0,False,True,135.0,False,False,False,False,True,True,False,-0.5027522935779817,True,-0.3069053708439898,-0.3069053708439898,-0.21628498727735368,97.75,0.05,,2,True,True,False,False,False,Q4_strong,0.15-0.30R,10:30-11:00,narrowest,Wed
2022-08-25,up,True,0,0.06272401433691756,0.44741235392320533,4,False,True,0.1953405017921147,0.43010752688172044,True,15.0,True,True,15.0,True,False,,True,False,False,False,True,False,True,-1.0,True,-1.0,-1.0,,139.5,0.4,,3,True,False,False,False,False,Q1_weak,0.05-0.15R,10:30-11:00,mid,Thu
2022-08-26,down,True,0,0.27205882352941174,2.2627511591962906,5,False,True,0.14915966386554622,1.4464285714285714,False,,False,False,,False,False,,False,False,False,False,False,False,True,0.9428571428571428,False,,,,238.0,0.9666666666666667,,4,True,True,True,False,False,Q4_strong,0.15-0.30R,10:30-11:00,widest,Fri
2022-08-29,down,True,15,0.12167300380228137,1.2884615384615385,2,False,True,0.16159695817490494,0.23193916349809887,True,15.0,True,True,60.0,True,True,135.0,True,False,True,False,True,False,False,-1.0,True,-1.0,-1.0,-0.6204081632653061,131.5,0.3,,0,False,False,False,False,False,Q2,0.05-0.15R,10:30-11:00,narrow,Mon
2022-08-30,down,True,0,0.3901840490797546,2.4930232558139536,5,False,True,0.17423312883435582,0.6674846625766871,True,105.0,True,False,,False,False,,False,False,False,False,True,True,True,-0.27291523087525843,True,1.0,0.294478527607362,,203.75,0.8666666666666667,,1,True,True,False,False,False,Q4_strong,>0.30R,10:30-11:00,widest,Tue
2022-08-31,down,True,15,0.09420289855072464,1.5132924335378324,1,False,True,0.009057971014492754,0.7155797101449275,True,45.0,True,True,45.0,False,False,,False,False,False,False,True,True,True,0.9817073170731707,True,1.0,1.355072463768116,,138.0,0.36666666666666664,,2,True,True,False,False,False,Q3,0.05-0.15R,10:30-11:00,narrow,Wed
2022-09-01,down,True,0,0.12475633528265107,2.2791461412151066,1,False,True,0.009746588693957114,0.6081871345029239,True,60.0,True,True,165.0,False,True,225.0,True,True,True,True,True,True,False,-1.0,True,1.0,-1.0,0.32,128.25,0.25,,3,True,True,False,False,False,Q4_strong,0.05-0.15R,10:30-11:00,narrow,Thu
2022-09-01,up,False,270,0.14619883040935672,1.7391304347826089,5,True,False,,0.5886939571150097,True,15.0,True,True,15.0,True,False,,False,False,False,False,False,False,True,0.5128205128205128,True,1.0,0.9551656920077972,,128.25,0.25,,3,True,True,False,False,False,Q3,0.05-0.15R,after 13:30,narrow,Thu
2022-09-02,up,True,0,0.21052631578947367,0.7387606318347509,4,False,True,0.21052631578947367,0.3263157894736842,True,15.0,False,True,15.0,True,True,120.0,True,True,True,True,True,False,False,-1.0,True,-1.0,-1.0,-0.1553072625698324,142.5,0.43333333333333335,,4,True,False,False,False,False,Q1_weak,0.15-0.30R,10:30-11:00,mid,Fri
2022-09-02,down,False,120,0.24385964912280703,1.9223619464188082,3,True,True,0.4263157894736842,1.6298245614035087,False,,False,False,,False,False,,False,False,False,False,False,False,True,1.0165094339622642,False,,,,142.5,0.43333333333333335,,4,True,True,True,True,False,Q3,0.15-0.30R,12:00-13:30,mid,Fri
2022-09-07,up,True,30,0.1189873417721519,2.3558282208588954,2,False,True,0.3265822784810127,1.8025316455696203,True,15.0,True,True,15.0,True,False,,False,False,False,False,True,True,True,1.4233128834355828,True,1.0,2.0,,98.75,0.06666666666666667,,2,True,True,True,True,False,Q4_strong,0.05-0.15R,10:30-11:00,narrowest,Wed
2022-09-08,up,True,0,0.15204678362573099,1.6917808219178083,2,False,True,0.13157894736842105,0.5423976608187134,True,90.0,False,True,90.0,False,True,90.0,True,False,True,False,True,True,True,-1.0,True,-1.0,-1.0,-0.73992673992674,171.0,0.6666666666666666,,3,True,True,False,False,False,Q3,0.15-0.30R,10:30-11:00,wide,Thu
2022-09-09,up,True,0,0.12909441233140656,1.3029612756264237,5,False,False,,0.5279383429672447,True,15.0,True,True,90.0,True,False,,False,False,False,False,False,False,True,0.33996937212863704,True,1.0,0.6859344894026975,,129.75,0.30833333333333335,,4,True,True,False,False,False,Q2,0.05-0.15R,10:30-11:00,narrow,Fri
2022-09-13,down,True,0,0.2270450751252087,2.484472049689441,5,False,True,0.2303839732888147,1.8464106844741235,False,,False,False,,False,False,,False,False,False,False,False,False,True,1.0631458094144661,False,,,,149.75,0.5333333333333333,,1,True,True,True,True,False,Q4_strong,0.15-0.30R,10:30-11:00,mid,Tue
2022-09-14,up,True,15,0.010845986984815618,0.42435424354243545,2,True,False,,0.3383947939262473,True,15.0,True,True,30.0,True,False,,True,True,False,False,False,False,True,-1.0,True,-1.0,-1.0,,115.25,0.2,,2,True,False,False,False,False,Q1_weak,<0.05R,10:30-11:00,narrow,Wed
2022-09-15,down,True,15,0.7406679764243614,3.138888888888889,1,False,True,0.5166994106090373,1.3300589390962672,True,135.0,True,True,135.0,False,True,150.0,False,False,False,False,True,False,True,0.20902612826603326,True,1.0,2.0,-1.0,127.25,0.26666666666666666,,3,True,True,True,False,False,Q4_strong,>0.30R,10:30-11:00,narrow,Thu
2022-09-16,up,True,255,0.03125,1.1618257261410787,1,True,True,0.026442307692307692,0.6009615384615384,True,15.0,True,False,,False,False,,False,False,False,False,True,True,True,0.6877828054298643,True,1.0,0.7932692307692307,,104.0,0.16666666666666666,,4,True,True,False,False,False,Q2,<0.05R,after 13:30,narrowest,Fri
2022-09-19,up,True,0,0.23333333333333334,1.9649122807017543,1,False,True,0.06458333333333334,0.7916666666666666,True,15.0,True,True,45.0,True,True,45.0,True,False,True,False,True,False,True,-1.0,True,-1.0,-1.0,-1.0,120.0,0.2833333333333333,,0,True,True,False,False,False,Q3,0.15-0.30R,10:30-11:00,narrow,Mon
2022-09-20,up,True,15,0.1598360655737705,1.903914590747331,3,False,False,,1.2336065573770492,True,15.0,True,True,105.0,False,True,150.0,True,True,True,True,False,False,False,1.2732919254658386,True,1.0,2.0,-0.03197158081705151,61.0,0.016666666666666666,,1,True,True,True,False,False,Q3,0.15-0.30R,10:30-11:00,narrowest,Tue
2022-09-20,down,False,165,0.07377049180327869,2.0242214532871974,2,True,True,0.5368852459016393,0.9631147540983607,True,60.0,False,True,90.0,False,True,135.0,True,True,True,True,True,False,False,-1.0,True,1.0,-1.0,-0.064453125,61.0,0.016666666666666666,,1,True,True,False,False,False,Q3,0.05-0.15R,12:00-13:30,narrowest,Tue
2022-09-21,up,True,180,0.11065573770491803,2.0638569604086845,2,False,True,0.2336065573770492,2.319672131147541,True,15.0,True,True,30.0,False,True,30.0,True,True,True,True,True,True,False,1.4563758389261745,True,1.0,2.0,-0.5269631031220435,61.0,0.025,,2,True,True,True,True,True,Q3,0.05-0.15R,12:00-13:30,narrowest,Wed
2022-09-21,down,False,210,2.2827868852459017,17.08256880733945,1,True,True,1.7172131147540983,3.8524590163934427,True,30.0,True,True,30.0,False,True,30.0,True,True,True,True,True,True,True,-0.46097201767304863,True,-1.0,-1.0,-0.25806451612903225,61.0,0.025,,2,True,True,True,True,True,Q4_strong,>0.30R,after 13:30,narrowest,Wed
2022-09-22,down,True,15,0.19181034482758622,1.3945578231292517,3,False,True,0.04310344827586207,0.4849137931034483,True,15.0,True,True,90.0,True,True,255.0,True,True,True,True,True,False,True,-1.0,True,-1.0,-1.0,0.210896309314587,116.0,0.26666666666666666,,3,True,False,False,False,False,Q3,0.15-0.30R,10:30-11:00,narrow,Thu
2022-09-23,down,True,90,0.02824858757062147,1.2860576923076923,1,False,False,,0.8229755178907722,True,15.0,True,True,45.0,True,True,210.0,False,False,False,False,False,False,False,-0.5597147950089126,True,1.0,-0.5348399246704332,-0.03015075376884422,132.75,0.4666666666666667,,4,True,True,False,False,False,Q2,<0.05R,11:00-12:00,mid,Fri
2022-09-26,down,True,105,0.06914212548015365,1.6139798488664987,2,False,True,0.2087067861715749,0.2535211267605634,True,30.0,True,True,30.0,True,False,,False,False,False,False,True,False,True,0.09673790776152981,True,0.24839948783610755,0.24839948783610755,,195.25,0.85,,0,True,False,False,False,False,Q3,0.05-0.15R,12:00-13:30,widest,Mon
2022-09-27,down,True,45,0.15644171779141106,1.7782764811490126,3,False,True,0.2960122699386503,1.053680981595092,True,15.0,True,False,,False,False,,False,False,False,False,True,False,True,1.2850467289719627,True,1.0,2.0,,163.0,0.7333333333333333,,1,True,True,True,False,False,Q3,0.15-0.30R,11:00-12:00,wide,Tue
2022-09-28,up,True,30,0.010471204188481676,0.5195246179966044,1,False,True,0.225130890052356,1.425828970331588,True,15.0,True,False,,False,False,,False,False,False,False,True,False,True,1.9384615384615385,True,1.0,2.0,,143.25,0.6,,2,True,True,True,False,False,Q1_weak,<0.05R,10:30-11:00,wide,Wed
2022-09-29,down,True,195,0.1500513874614594,1.701901565995526,3,False,True,0.09249743062692703,0.2774922918807811,True,45.0,False,True,75.0,True,True,105.0,False,False,False,False,True,False,False,-0.6909090909090909,True,-0.5981500513874615,-0.5981500513874615,0.2986111111111111,243.25,1.0,,3,True,False,False,False,False,Q3,0.15-0.30R,after 13:30,widest,Thu
2022-09-30,up,True,0,0.11531190926275993,1.5922330097087378,2,False,True,0.18147448015122875,0.6200378071833649,True,15.0,True,True,60.0,False,True,105.0,True,True,True,True,True,False,False,-1.0,True,1.0,-1.0,0.6640776699029126,132.25,0.43333333333333335,,4,True,True,False,False,False,Q3,0.05-0.15R,10:30-11:00,mid,Fri
2022-09-30,down,False,240,0.003780718336483932,1.0038610038610039,2,True,True,0.03780718336483932,0.8979206049149339,True,15.0,True,False,,False,False,,False,False,False,False,True,True,True,1.6848030018761726,True,1.0,1.7051039697542534,,132.25,0.43333333333333335,,4,True,True,False,False,False,Q2,<0.05R,after 13:30,mid,Fri
2022-10-03,up,True,0,0.027259684361549498,0.3719298245614035,4,False,True,0.06025824964131994,0.8278335724533716,True,15.0,True,True,15.0,True,False,,False,False,False,False,True,False,True,0.7836734693877551,True,1.0,0.8809182209469153,,174.25,0.7666666666666667,,0,True,True,False,False,False,Q1_weak,<0.05R,10:30-11:00,wide,Mon
2022-10-04,up,True,15,0.014705882352941176,0.25609756097560976,2,False,False,,0.049019607843137254,True,15.0,True,True,15.0,True,True,120.0,True,False,True,False,False,False,False,-1.0,True,-1.0,-1.0,-0.5824915824915825,153.0,0.65,,1,False,False,False,False,False,Q1_weak,<0.05R,10:30-11:00,wide,Tue
2022-10-05,down,True,15,0.01615508885298869,0.6610942249240122,1,False,False,,0.07108239095315025,True,15.0,False,True,15.0,True,True,15.0,True,True,True,True,False,False,False,-1.0,True,-1.0,-1.0,3.14375,154.75,0.6666666666666666,,2,False,False,False,False,False,Q1_weak,<0.05R,10:30-11:00,wide,Wed
2022-10-05,up,False,135,0.0210016155088853,0.6598484848484849,8,True,True,0.0840064620355412,1.111470113085622,True,15.0,True,False,,False,False,,False,False,False,False,True,True,True,1.8790697674418604,True,1.0,2.0,,154.75,0.6666666666666666,,2,True,True,True,False,False,Q1_weak,<0.05R,12:00-13:30,wide,Wed
2022-10-07,down,True,60,0.1718213058419244,1.4461979913916787,3,False,True,0.1958762886597938,1.1082474226804124,False,,False,False,,False,False,,False,False,False,False,True,False,True,1.2327365728900255,False,,,,145.5,0.6166666666666667,,4,True,True,True,False,False,Q3,0.15-0.30R,11:00-12:00,wide,Fri
2022-10-10,down,True,0,0.1451048951048951,1.9263803680981595,1,False,True,0.06293706293706294,0.743006993006993,True,45.0,True,True,75.0,True,False,,True,False,False,False,True,False,True,-1.0,True,1.0,-1.0,,143.0,0.5666666666666667,,0,True,True,False,False,False,Q3,0.05-0.15R,10:30-11:00,mid,Mon
2022-10-11,up,True,60,0.1728,1.9040307101727447,3,False,True,0.2144,0.6064,True,30.0,True,True,150.0,False,True,195.0,True,True,True,True,True,True,False,-1.0,True,1.0,-1.0,0.13574660633484162,156.25,0.7166666666666667,,1,True,True,False,False,False,Q3,0.15-0.30R,11:00-12:00,wide,Tue
2022-10-13,up,True,30,0.4817432273262662,2.885496183206107,3,False,True,0.4534746760895171,2.100117785630153,False,,False,False,,False,False,,False,False,False,False,True,True,True,0.5278944211157769,False,,,,212.25,0.9333333333333333,,3,True,True,True,True,True,Q4_strong,>0.30R,10:30-11:00,widest,Thu
2022-10-14,down,True,0,0.0007194244604316547,0.8548530721282279,1,False,False,,0.3834532374100719,True,15.0,True,True,15.0,True,True,45.0,False,False,False,False,False,False,True,0.6422413793103449,True,0.6446043165467625,0.6446043165467625,-1.0,347.5,1.0,,4,True,False,False,False,False,Q2,<0.05R,10:30-11:00,widest,Fri
2022-10-18,down,True,0,0.05772005772005772,0.270481144343303,2,False,True,0.3463203463203463,1.0216450216450217,True,15.0,True,False,,False,False,,False,False,False,False,True,False,True,1.6895213454075033,True,1.0,2.0,,173.25,0.75,,1,True,True,True,False,False,Q1_weak,0.05-0.15R,10:30-11:00,wide,Tue
2022-10-19,down,True,150,0.18641618497109827,1.5446428571428572,5,True,True,0.004335260115606936,0.35260115606936415,True,60.0,False,True,60.0,True,False,,False,False,False,False,True,False,False,-0.6463157894736842,True,-0.5144508670520231,-0.5144508670520231,,173.0,0.7333333333333333,,2,True,False,False,False,False,Q3,0.15-0.30R,12:00-13:30,wide,Wed
2022-10-20,down,True,210,0.12723449001051526,1.1039582427142236,3,False,True,0.029442691903259727,0.2092534174553102,True,45.0,True,True,60.0,True,False,,False,False,False,False,True,False,True,-0.18105616093880972,True,0.027339642481598318,0.027339642481598318,,237.75,0.9333333333333333,,3,False,False,False,False,False,Q2,0.05-0.15R,after 13:30,widest,Thu
2022-10-21,up,True,135,0.03152173913043478,0.5205479452054794,2,False,False,,0.6478260869565218,True,30.0,True,False,,False,False,,False,False,False,False,False,False,True,0.9938650306748467,True,1.0,1.1195652173913044,,230.0,0.9166666666666666,,4,True,True,False,False,False,Q1_weak,<0.05R,12:00-13:30,widest,Fri
2022-10-24,up,True,105,0.014891179839633447,0.34601316752011707,1,False,False,,0.41122565864833904,True,15.0,True,True,45.0,True,True,45.0,False,False,False,False,False,False,True,0.4471635150166852,True,0.49026345933562426,0.49026345933562426,-1.0,218.25,0.9,,0,True,False,False,False,False,Q1_weak,<0.05R,12:00-13:30,widest,Mon
2022-10-25,up,True,45,0.07011686143572621,0.6615384615384615,3,False,True,0.011686143572621035,0.41903171953255425,True,90.0,True,True,90.0,True,False,,False,False,False,False,True,False,True,0.4363103953147877,True,0.6377295492487479,0.6377295492487479,,149.75,0.6083333333333333,,1,True,False,False,False,False,Q1_weak,0.05-0.15R,11:00-12:00,wide,Tue
2022-10-26,up,True,0,0.2797427652733119,1.853448275862069,4,False,True,0.09485530546623794,0.7395498392282959,True,135.0,False,True,135.0,False,True,240.0,True,False,True,False,True,True,False,-1.0,True,-1.0,-1.0,0.032989690721649485,155.5,0.6666666666666666,,2,True,True,False,False,False,Q3,0.15-0.30R,10:30-11:00,wide,Wed
2022-10-27,down,True,105,0.07116104868913857,1.3728186144896881,1,False,False,,0.21722846441947566,True,15.0,True,True,15.0,True,True,45.0,False,False,False,False,False,False,True,0.08306010928961749,True,0.23720349563046192,0.23720349563046192,-1.0,200.25,0.85,,3,False,False,False,False,False,Q3,0.05-0.15R,12:00-13:30,widest,Thu
2022-10-28,up,True,0,0.16688227684346701,0.7438468550592525,2,False,True,0.15265200517464425,1.0659767141009056,False,,False,False,,False,False,,False,False,False,False,True,True,True,1.2492725509214355,False,,,,193.25,0.7833333333333333,,4,True,True,True,False,False,Q1_weak,0.15-0.30R,10:30-11:00,wide,Fri
2022-11-01,down,True,0,0.012307692307692308,1.1808278867102397,1,False,False,,0.2441025641025641,True,15.0,True,True,30.0,True,False,,False,False,False,False,False,False,True,0.3383383383383383,True,0.3712820512820513,0.3712820512820513,,243.75,0.9833333333333333,,1,False,False,False,False,False,Q2,<0.05R,10:30-11:00,widest,Tue
2022-11-02,down,True,30,0.25846153846153846,2.4682274247491636,2,False,True,0.26153846153846155,3.9753846153846153,True,165.0,True,True,180.0,False,True,180.0,True,True,True,True,True,False,True,-1.0,True,-1.0,-1.0,-0.21465968586387435,81.25,0.06666666666666667,,2,True,True,True,True,True,Q4_strong,0.15-0.30R,10:30-11:00,narrowest,Wed
2022-11-02,up,False,210,0.5046153846153846,10.092373791621911,3,True,True,0.6615384615384615,1.4646153846153847,True,15.0,True,True,30.0,False,True,45.0,True,True,True,True,True,True,False,0.49310872894333846,True,1.0,2.0,-0.3325,81.25,0.06666666666666667,,2,True,True,True,False,False,Q4_strong,>0.30R,after 13:30,narrowest,Wed
2022-11-03,up,True,15,0.13167259786476868,0.8121019108280254,1,False,False,,0.2846975088967972,True,15.0,True,True,15.0,True,True,15.0,True,False,True,False,False,False,False,-1.0,True,-1.0,-1.0,0.9264705882352942,140.5,0.48333333333333334,,3,True,False,False,False,False,Q2,0.05-0.15R,10:30-11:00,mid,Thu
2022-11-04,down,True,75,0.07836990595611286,1.0165178571428573,5,True,True,0.15778474399164055,0.258098223615465,True,15.0,True,True,15.0,True,False,,True,False,False,False,True,False,False,-1.0,True,-1.0,-1.0,,239.25,0.95,,4,True,False,False,False,False,Q2,0.05-0.15R,11:00-12:00,widest,Fri
2022-11-07,up,True,225,0.2222222222222222,1.26167698368036,3,False,True,0.26337448559670784,0.5740740740740741,False,,False,False,,False,False,,False,False,False,False,False,False,True,0.21367521367521367,False,,,,121.5,0.25,,0,True,True,False,False,False,Q2,0.15-0.30R,after 13:30,narrow,Mon
2022-11-08,up,True,0,0.07875894988066826,1.1516709511568124,4,False,True,0.25059665871121717,1.1431980906921242,True,30.0,True,True,165.0,False,True,225.0,True,True,True,True,True,False,False,1.5917525773195875,True,1.0,2.0,-0.21572052401746725,104.75,0.16666666666666666,,1,True,True,True,False,False,Q2,0.05-0.15R,10:30-11:00,narrowest,Tue
2022-11-08,down,False,225,0.5894988066825776,3.837033026529507,3,True,False,,0.7446300715990454,True,15.0,True,True,15.0,False,True,75.0,True,True,True,True,False,False,False,-1.0,True,1.0,-1.0,-0.0567741935483871,104.75,0.16666666666666666,,1,True,True,False,False,False,Q4_strong,>0.30R,after 13:30,narrowest,Tue
2022-11-09,down,True,15,0.10571428571428572,0.46116504854368934,3,False,True,0.09428571428571429,1.5914285714285714,True,15.0,True,True,15.0,True,False,,True,False,False,False,True,False,True,-1.0,True,-1.0,-1.0,,87.5,0.08333333333333333,,2,True,True,True,True,False,Q1_weak,0.05-0.15R,10:30-11:00,narrowest,Wed
2022-11-10,up,True,75,0.1251564455569462,0.9883928571428572,2,False,False,,0.8798498122653317,True,15.0,True,True,15.0,True,True,60.0,False,False,False,False,False,False,True,1.0790790790790792,True,1.0,1.599499374217772,-1.0,199.75,0.8,,3,True,True,False,False,False,Q2,0.05-0.15R,11:00-12:00,wide,Thu
2022-11-11,up,True,135,0.006510416666666667,0.8368263473053892,1,False,True,0.036458333333333336,0.6015625,True,15.0,True,False,,False,False,,False,False,False,False,True,True,True,0.8766066838046273,True,1.0,0.9010416666666666,,192.0,0.7333333333333333,,4,True,True,False,False,False,Q2,<0.05R,12:00-13:30,wide,Fri
2022-11-14,up,True,90,0.10307017543859649,1.0164271047227926,3,False,False,,0.7236842105263158,True,15.0,True,True,210.0,False,True,225.0,True,False,True,False,False,False,False,-1.0,True,1.0,-1.0,,114.0,0.15,,0,True,True,False,False,False,Q2,0.05-0.15R,11:00-12:00,narrowest,Mon
2022-11-15,down,True,165,1.1194029850746268,6.787330316742081,2,False,True,0.8731343283582089,1.9751243781094527,False,,False,False,,False,False,,False,False,False,False,False,False,True,-0.07373271889400922,False,,,,100.5,0.11666666666666667,,1,True,True,True,True,False,Q4_strong,>0.30R,12:00-13:30,narrowest,Tue
2022-11-16,down,True,15,0.0779510022271715,1.9292604501607715,6,False,False,,0.155902004454343,True,15.0,False,True,15.0,True,False,,True,False,False,False,False,False,False,-1.0,True,-1.0,-1.0,,112.25,0.16666666666666666,,2,False,False,False,False,False,Q3,0.05-0.15R,10:30-11:00,narrowest,Wed
2022-11-17,up,True,75,0.2771317829457364,1.8171428571428572,4,False,True,0.33527131782945735,0.7926356589147286,True,165.0,False,True,195.0,False,False,,False,False,False,False,True,True,True,0.03740648379052369,True,0.6124031007751938,0.6124031007751938,,129.0,0.3,,3,True,True,False,False,False,Q3,0.15-0.30R,11:00-12:00,narrow,Thu
2022-11-18,down,True,15,0.017991004497751123,0.8447802197802198,2,False,True,0.06596701649175413,0.4122938530734633,True,15.0,True,True,15.0,True,True,285.0,False,False,False,False,True,False,False,-0.402315484804631,True,-0.3808095952023988,-0.3808095952023988,-0.13548387096774195,166.75,0.65,,4,True,False,False,False,False,Q2,<0.05R,10:30-11:00,wide,Fri
2022-11-21,down,True,75,0.08,0.7857142857142857,3,False,False,,0.30444444444444446,True,15.0,True,True,75.0,True,True,105.0,False,False,False,False,False,False,False,-0.13793103448275862,True,-0.0,-0.0,-0.5371621621621622,112.5,0.16666666666666666,,0,True,False,False,False,False,Q1_weak,0.05-0.15R,11:00-12:00,narrowest,Mon
2022-11-22,up,True,15,0.22524752475247525,1.3615023474178405,1,False,True,0.03712871287128713,1.297029702970297,True,30.0,True,False,,False,False,,False,False,False,False,True,True,True,1.068259385665529,True,1.0,2.0,,101.0,0.11666666666666667,,1,True,True,True,False,False,Q3,0.15-0.30R,10:30-11:00,narrowest,Tue
2022-11-23,up,True,0,0.07113821138211382,0.6498855835240275,5,False,False,,0.1991869918699187,True,15.0,True,True,45.0,True,False,,True,True,False,False,False,False,True,-1.0,True,-1.0,-1.0,,123.0,0.3,,2,False,False,False,False,False,Q1_weak,0.05-0.15R,10:30-11:00,narrow,Wed
2022-11-28,down,True,90,0.04215456674473068,1.6171224732461356,1,False,True,0.16627634660421545,0.9976580796252927,True,15.0,True,True,15.0,True,False,,False,False,False,False,True,False,True,1.1403887688984882,True,1.0,1.3208430913348945,,106.75,0.16666666666666666,,0,True,True,False,False,False,Q3,<0.05R,11:00-12:00,narrowest,Mon
2022-11-29,down,True,30,0.6591760299625468,3.3763440860215055,3,True,True,1.1086142322097379,1.4419475655430711,False,,False,False,,False,False,,False,False,False,False,False,False,True,0.2940226171243942,False,,,,66.75,0.05,,1,True,True,True,False,False,Q4_strong,>0.30R,10:30-11:00,narrowest,Tue
2022-11-30,down,True,105,0.0199203187250996,2.1015490533562824,3,False,True,0.2350597609561753,0.33067729083665337,True,15.0,False,True,15.0,True,True,75.0,True,True,True,True,True,False,False,-1.0,True,-1.0,-1.0,-0.5498652291105122,62.75,0.05,,2,True,False,False,False,False,Q3,<0.05R,12:00-13:30,narrowest,Wed
2022-11-30,up,False,180,1.6254980079681276,8.89090909090909,1,True,True,1.047808764940239,7.52589641434263,False,,False,False,,False,False,,False,False,False,False,True,True,True,-0.2942830365510778,False,,,,62.75,0.05,,2,True,True,True,True,True,Q4_strong,>0.30R,12:00-13:30,narrowest,Wed
2022-12-02,up,True,60,0.06277056277056277,0.9456066945606695,2,False,True,0.06926406926406926,0.8203463203463204,True,15.0,True,True,15.0,True,False,,False,False,False,False,True,True,True,0.8269230769230769,True,1.0,1.0562770562770563,,115.5,0.26666666666666666,,4,True,True,False,False,False,Q2,0.05-0.15R,11:00-12:00,narrow,Fri
2022-12-05,down,True,75,0.1574074074074074,0.9361702127659575,3,False,True,0.046296296296296294,1.099537037037037,True,30.0,True,False,,False,False,,False,False,False,False,True,False,True,1.2816901408450705,True,1.0,2.0,,108.0,0.2,,0,True,True,True,False,False,Q2,0.15-0.30R,11:00-12:00,narrow,Mon
2022-12-06,down,True,105,0.06033376123234917,0.6844978165938865,4,False,False,,0.5596919127086007,True,15.0,True,False,,False,False,,False,False,False,False,False,False,True,0.33676975945017185,True,1.0,0.4980744544287548,,194.75,0.8083333333333333,,1,True,True,False,False,False,Q1_weak,0.05-0.15R,12:00-13:30,widest,Tue
2022-12-08,up,True,180,0.08847184986595175,1.2342215988779803,2,False,True,0.05227882037533512,0.11796246648793565,True,15.0,False,True,15.0,True,True,30.0,False,False,False,False,True,False,False,-0.31890660592255127,True,-0.19839142091152814,-0.19839142091152814,-0.5,186.5,0.7333333333333333,,3,False,False,False,False,False,Q2,0.05-0.15R,12:00-13:30,wide,Thu
2022-12-09,up,True,15,0.39503386004514673,2.2354211663066956,2,False,False,,0.5191873589164786,True,135.0,False,True,135.0,False,True,285.0,True,False,True,False,False,False,False,-1.0,True,-1.0,-1.0,0.2748917748917749,110.75,0.21666666666666667,,4,True,True,False,False,False,Q4_strong,>0.30R,10:30-11:00,narrow,Fri
2022-12-12,up,True,240,0.06741573033707865,0.990990990990991,2,True,True,0.40074906367041196,1.6329588014981273,False,,False,False,,False,False,,False,False,False,False,True,True,True,1.6435643564356435,False,,,,66.75,0.075,,0,True,True,True,True,False,Q2,0.05-0.15R,after 13:30,narrowest,Mon
2022-12-13,down,True,0,0.015950920245398775,0.5714285714285714,5,False,True,0.09815950920245399,1.2417177914110429,True,15.0,True,True,30.0,True,False,,False,False,False,False,False,False,True,1.9072532699167657,True,1.0,2.0,,203.75,0.8666666666666667,,1,True,True,True,False,False,Q1_weak,<0.05R,10:30-11:00,widest,Tue
2022-12-14,up,True,45,0.03070175438596491,1.0620689655172413,2,False,False,,0.2236842105263158,True,15.0,True,True,30.0,True,True,45.0,True,True,True,True,False,False,False,-1.0,True,-1.0,-1.0,-1.0,114.0,0.275,,2,False,False,False,False,False,Q2,<0.05R,11:00-12:00,narrow,Wed
2022-12-14,down,False,210,0.2807017543859649,10.426320667284523,2,True,True,1.1425438596491229,1.763157894736842,True,60.0,False,True,60.0,False,False,,True,False,False,False,False,False,True,0.9213483146067416,True,-1.0,-1.0,,114.0,0.275,,2,True,True,True,True,False,Q4_strong,0.15-0.30R,after 13:30,narrow,Wed
2022-12-15,down,True,15,0.05026455026455026,1.3278688524590163,1,False,True,0.005291005291005291,0.6481481481481481,True,15.0,True,False,,False,False,,False,False,False,False,True,True,True,0.5432692307692307,True,1.0,0.6984126984126984,,189.0,0.7333333333333333,,3,True,True,False,False,False,Q3,0.05-0.15R,10:30-11:00,wide,Thu
2022-12-16,down,True,45,0.14146341463414633,1.583076923076923,2,False,True,0.0016260162601626016,0.40487804878048783,True,15.0,True,True,225.0,True,True,240.0,False,False,False,False,True,False,False,-0.2661596958174905,True,-0.05853658536585366,-0.05853658536585366,-0.2644628099173554,153.75,0.5333333333333333,,4,True,False,False,False,False,Q3,0.05-0.15R,11:00-12:00,mid,Fri
2022-12-19,down,True,30,0.07766990291262135,0.46505717916137235,3,False,True,0.1203883495145631,0.7650485436893204,True,15.0,True,True,60.0,True,False,,False,False,False,False,True,True,True,0.4336134453781513,True,1.0,0.6563106796116505,,128.75,0.31666666666666665,,0,True,True,False,False,False,Q1_weak,0.05-0.15R,10:30-11:00,narrow,Mon
2022-12-20,up,True,0,0.02127659574468085,0.21787709497206703,4,False,True,0.031096563011456628,0.18003273322422259,True,15.0,False,True,15.0,True,False,,True,False,False,False,True,False,False,-1.0,True,-1.0,-1.0,,152.75,0.5,,1,False,False,False,False,False,Q1_weak,<0.05R,10:30-11:00,mid,Tue
2022-12-21,up,True,0,0.2930327868852459,2.4749163879598663,3,False,True,0.1721311475409836,0.7110655737704918,False,,False,False,,False,False,,False,False,False,False,True,True,True,-0.025839793281653745,False,,,,122.0,0.3,,2,True,True,False,False,False,Q4_strong,0.15-0.30R,10:30-11:00,narrow,Wed
2022-12-22,down,True,0,0.07432432432432433,0.3443708609271523,3,False,True,0.02027027027027027,0.8256756756756757,True,15.0,True,True,285.0,False,False,,False,False,False,False,True,True,False,-0.4258823529411765,True,1.0,-0.34054054054054056,,185.0,0.7,,3,True,True,False,False,False,Q1_weak,0.05-0.15R,10:30-11:00,wide,Thu
2022-12-23,up,True,0,0.12658227848101267,0.7912087912087912,3,False,True,0.20433996383363473,0.352622061482821,True,15.0,False,True,15.0,True,False,,True,False,False,False,True,False,True,-1.0,True,-1.0,-1.0,,138.25,0.4166666666666667,,4,True,False,False,False,False,Q2,0.05-0.15R,10:30-11:00,mid,Fri
2022-12-28,down,True,15,0.2504638218923933,2.1951219512195124,5,False,True,0.29313543599257885,0.764378478664193,True,120.0,True,True,135.0,False,False,,False,False,False,False,True,False,True,0.5710754017305315,True,1.0,1.3580705009276437,,134.75,0.4,,2,True,True,False,False,False,Q4_strong,0.15-0.30R,10:30-11:00,mid,Wed
2022-12-29,up,True,0,0.057722308892355696,1.2300469483568075,5,False,True,0.0109204368174727,0.3416536661466459,True,15.0,True,True,30.0,True,False,,False,False,False,False,False,False,True,0.06713286713286713,True,0.19032761310452417,0.19032761310452417,,160.25,0.65,,3,True,False,False,False,False,Q2,0.05-0.15R,10:30-11:00,wide,Thu
2022-12-30,up,True,135,0.08130081300813008,1.1455938697318009,3,False,False,,0.8482384823848238,True,15.0,True,True,15.0,True,True,15.0,True,False,True,False,False,False,True,-1.0,True,-1.0,-1.0,-1.0,92.25,0.1,,4,True,True,False,False,False,Q2,0.05-0.15R,12:00-13:30,narrowest,Fri
2023-01-03,down,True,30,0.10223953261927946,1.7421203438395416,1,False,True,0.035053554040895815,0.31353456669912366,True,15.0,True,True,225.0,True,False,,False,False,False,False,True,False,False,-0.28294260307194824,True,-0.13631937682570594,-0.13631937682570594,,256.75,0.9833333333333333,,1,True,False,False,False,False,Q3,0.05-0.15R,10:30-11:00,widest,Tue
2023-01-04,up,True,60,0.07650273224043716,2.1847389558232932,6,False,True,0.26229508196721313,0.12021857923497267,True,15.0,True,True,30.0,True,False,,True,False,False,False,True,False,False,-1.0,True,-1.0,-1.0,,183.0,0.7,,2,False,False,False,False,False,Q4_strong,0.05-0.15R,11:00-12:00,wide,Wed
2023-01-06,up,True,15,0.23076923076923078,0.872093023255814,2,False,True,0.046153846153846156,1.234965034965035,False,,False,False,,False,False,,False,False,False,False,True,True,True,1.0526315789473684,False,,,,178.75,0.6833333333333333,,4,True,True,True,False,False,Q2,0.15-0.30R,10:30-11:00,wide,Fri
2023-01-09,up,True,0,0.1765834932821497,1.3357015985790408,2,False,True,0.15738963531669867,0.46449136276391556,True,180.0,False,True,180.0,True,True,180.0,True,True,True,True,True,False,False,-1.0,True,-1.0,-1.0,0.9715762273901809,130.25,0.4,,0,True,False,False,False,False,Q3,0.15-0.30R,10:30-11:00,mid,Mon
2023-01-09,down,False,315,0.05182341650671785,1.4902506963788302,2,True,False,,0.0,False,,False,False,,False,False,,False,False,False,False,False,False,False,,False,,,,130.25,0.4,,0,False,False,False,False,False,Q3,0.05-0.15R,after 13:30,mid,Mon
2023-01-10,down,True,0,0.04819277108433735,1.9344773790951637,2,False,False,,0.11876075731497418,True,15.0,True,True,15.0,True,True,210.0,True,True,True,True,False,False,False,-1.0,True,-1.0,-1.0,0.18613138686131386,145.25,0.5,,1,False,False,False,False,False,Q3,<0.05R,10:30-11:00,mid,Tue
2023-01-10,up,False,315,0.0189328743545611,3.2405566600397617,3,True,False,,0.0,False,,False,False,,False,False,,False,False,False,False,False,False,False,,False,,,,145.25,0.5,,1,False,False,False,False,False,Q4_strong,<0.05R,after 13:30,mid,Tue
2023-01-11,up,True,90,0.11597938144329897,1.0433763188745604,5,False,True,0.1211340206185567,0.9432989690721649,True,75.0,True,False,,False,False,,False,False,False,False,True,True,True,1.292887029288703,True,1.0,1.824742268041237,,97.0,0.11666666666666667,,2,True,True,False,False,False,Q2,0.05-0.15R,11:00-12:00,narrowest,Wed
2023-01-12,up,True,105,0.1,0.8599348534201955,6,False,True,0.046987951807228916,0.26987951807228916,True,60.0,True,True,60.0,True,False,,False,False,False,False,True,False,True,-0.05823293172690763,True,0.13012048192771083,0.13012048192771083,,207.5,0.9,,3,True,False,False,False,False,Q2,0.05-0.15R,12:00-13:30,widest,Thu
2023-01-13,up,True,135,0.03090507726269316,0.5667107001321003,5,False,True,0.19426048565121412,0.8609271523178808,True,15.0,True,False,,False,False,,False,False,False,False,True,False,True,1.363825363825364,True,1.0,1.509933774834437,,113.25,0.2833333333333333,,4,True,True,False,False,False,Q1_weak,<0.05R,12:00-13:30,narrow,Fri
2023-01-18,down,True,0,0.5243553008595988,7.448979591836735,2,False,True,0.4269340974212034,2.312320916905444,False,,False,False,,False,False,,False,False,False,False,False,False,True,0.4643356643356643,False,,,,87.25,0.08333333333333333,,2,True,True,True,True,True,Q4_strong,>0.30R,10:30-11:00,narrowest,Wed
2023-01-19,down,True,15,0.13810741687979539,2.25,2,False,False,,0.4117647058823529,True,15.0,True,True,15.0,True,True,165.0,True,True,True,True,False,False,False,-1.0,True,-1.0,-1.0,0.46808510638297873,97.75,0.15,,3,True,False,False,False,False,Q4_strong,0.05-0.15R,10:30-11:00,narrowest,Thu
2023-01-20,up,True,30,0.17551963048498845,3.3841463414634148,1,False,True,0.23787528868360278,1.8013856812933025,False,,False,False,,False,False,,False,False,False,False,True,True,True,1.2205128205128206,False,,,,108.25,0.25,,4,True,True,True,True,False,Q4_strong,0.15-0.30R,10:30-11:00,narrow,Fri
2023-01-23,up,True,15,0.05326231691078562,0.4470198675496689,6,False,True,0.13448735019973368,0.6577896138482024,False,,False,False,,False,False,,False,False,False,False,True,True,True,0.5968712394705175,False,,,,187.75,0.8,,0,True,True,False,False,False,Q1_weak,0.05-0.15R,10:30-11:00,wide,Mon
2023-01-25,up,True,45,0.004576659038901602,0.8125,3,True,True,0.19221967963386727,1.643020594965675,True,15.0,True,False,,False,False,,False,False,False,False,False,False,True,1.9727891156462585,True,1.0,2.0,,109.25,0.26666666666666666,,2,True,True,True,True,False,Q2,<0.05R,11:00-12:00,narrow,Wed
2023-01-26,down,True,15,0.208984375,2.3046092184368736,2,False,True,0.087890625,0.333984375,True,15.0,True,True,15.0,True,True,165.0,True,True,True,True,True,False,False,-1.0,True,-1.0,-1.0,0.35785288270377735,128.0,0.48333333333333334,,3,True,False,False,False,False,Q4_strong,0.15-0.30R,10:30-11:00,mid,Thu
2023-01-26,up,False,285,0.029296875,1.382716049382716,6,True,True,0.01953125,0.283203125,True,15.0,True,True,15.0,True,False,,False,False,False,False,True,False,True,0.3874538745387454,True,0.46875,0.46875,,128.0,0.48333333333333334,,3,True,False,False,False,False,Q3,<0.05R,after 13:30,mid,Thu
2023-01-27,up,True,60,0.01155115511551155,1.348623853211009,3,False,True,0.132013201320132,0.7607260726072608,True,15.0,True,False,,False,False,,False,False,False,False,True,True,True,0.36451612903225805,True,1.0,0.39603960396039606,,151.5,0.65,,4,True,True,False,False,False,Q3,<0.05R,11:00-12:00,wide,Fri
2023-01-30,down,True,0,0.2980561555075594,2.3228915662650604,3,False,True,0.38444924406047515,0.5831533477321814,True,15.0,True,True,30.0,True,False,,False,False,False,False,False,False,True,0.2381596752368065,True,1.0,0.9762419006479481,,115.75,0.43333333333333335,,0,True,True,False,False,False,Q4_strong,0.15-0.30R,10:30-11:00,mid,Mon
2023-01-31,up,True,0,0.01891891891891892,0.1630695443645084,3,False,True,0.14324324324324325,1.0216216216216216,True,15.0,True,False,,False,False,,False,False,False,False,True,True,True,1.890625,True,1.0,2.0,,92.5,0.13333333333333333,,1,True,True,True,False,False,Q1_weak,<0.05R,10:30-11:00,narrowest,Tue
2023-02-01,down,True,15,0.24669603524229075,1.819371727748691,4,False,True,0.14977973568281938,0.8105726872246696,True,15.0,True,True,15.0,True,True,195.0,True,True,True,True,True,False,False,-1.0,True,-1.0,-1.0,-0.2383073496659243,56.75,0.016666666666666666,,2,True,True,False,False,False,Q3,0.15-0.30R,10:30-11:00,narrowest,Wed
2023-02-01,up,False,210,0.4713656387665198,3.671641791044776,1,True,True,1.7621145374449338,6.312775330396476,True,15.0,True,True,15.0,False,False,,True,True,False,False,True,True,True,-1.0,True,1.0,-1.0,,56.75,0.016666666666666666,,2,True,True,True,True,True,Q4_strong,>0.30R,after 13:30,narrowest,Wed
2023-02-02,up,True,0,0.5965346534653465,2.4016064257028114,3,False,True,0.5148514851485149,1.8440594059405941,True,255.0,False,True,255.0,False,False,,True,False,False,False,True,True,True,0.36794582392776526,True,-1.0,-1.0,,101.0,0.20833333333333334,,3,True,True,True,True,False,Q4_strong,>0.30R,10:30-11:00,narrow,Thu
2023-02-03,up,True,0,0.017241379310344827,1.243445692883895,5,False,False,,0.15970961887477314,True,15.0,True,True,15.0,True,False,,True,False,False,False,False,False,False,-1.0,True,-1.0,-1.0,,275.5,1.0,,4,False,False,False,False,False,Q2,<0.05R,10:30-11:00,widest,Fri
2023-02-07,up,True,30,0.016181229773462782,2.0954446854663775,1,False,True,0.06796116504854369,3.4207119741100325,True,15.0,True,True,75.0,False,True,150.0,True,True,True,True,True,True,True,1.9059561128526645,True,1.0,2.0,0.072,77.25,0.08333333333333333,,1,True,True,True,True,True,Q3,<0.05R,10:30-11:00,narrowest,Tue
2023-02-08,down,True,0,0.2971576227390181,1.7017114914425429,4,False,True,0.2041343669250646,1.4728682170542635,False,,False,False,,False,False,,False,False,False,False,False,False,True,0.8816855753646677,False,,,,96.75,0.15,,2,True,True,True,False,False,Q3,0.15-0.30R,10:30-11:00,narrowest,Wed
2023-02-09,down,True,45,0.3438914027149321,1.138431752178122,2,False,False,,2.276018099547511,False,,False,False,,False,False,,False,False,False,False,False,False,True,0.7774798927613941,False,,,,110.5,0.31666666666666665,,3,True,True,True,True,True,Q2,>0.30R,11:00-12:00,narrow,Thu
2023-02-10,down,True,75,0.014545454545454545,1.9523809523809523,3,False,True,0.09636363636363636,0.3,True,15.0,True,True,60.0,True,True,90.0,True,False,True,False,True,False,False,-1.0,True,-1.0,-1.0,0.04580152671755725,137.5,0.65,,4,True,False,False,False,False,Q3,<0.05R,11:00-12:00,wide,Fri
2023-02-13,up,True,15,0.15289256198347106,1.3071895424836601,3,False,True,0.1797520661157025,0.7768595041322314,False,,False,False,,False,False,,False,False,False,False,True,True,True,0.6740506329113924,False,,,,121.0,0.5,,0,True,True,False,False,False,Q2,0.15-0.30R,10:30-11:00,mid,Mon
2023-02-15,up,True,45,0.009324009324009324,1.424483306836248,2,False,True,0.10722610722610723,0.9603729603729604,True,15.0,True,True,45.0,True,False,,False,False,False,False,True,False,True,1.8581235697940504,True,1.0,1.9114219114219113,,107.25,0.25,,2,True,True,False,False,False,Q3,<0.05R,11:00-12:00,narrow,Wed
2023-02-16,up,True,0,0.05964214711729622,0.6593406593406593,5,False,True,0.073558648111332,0.5725646123260437,True,45.0,True,True,270.0,False,True,285.0,True,True,True,True,True,True,False,-1.0,True,1.0,-1.0,0.0925414364640884,125.75,0.5333333333333333,,3,True,True,False,False,False,Q1_weak,0.05-0.15R,10:30-11:00,mid,Thu
2023-02-16,down,False,315,0.11928429423459244,1.3461538461538463,5,True,False,,0.0,False,,False,False,,False,False,,False,False,False,False,False,False,False,,False,,,,125.75,0.5333333333333333,,3,False,False,False,False,False,Q3,0.05-0.15R,after 13:30,mid,Thu
2023-02-17,down,True,45,0.0196078431372549,1.8657587548638133,1,False,False,,0.23921568627450981,True,15.0,True,True,15.0,True,True,45.0,True,False,True,False,False,False,False,-1.0,True,-1.0,-1.0,-1.0,127.5,0.55,,4,False,False,False,False,False,Q3,<0.05R,11:00-12:00,mid,Fri
2023-02-21,down,True,45,0.18937644341801385,0.814404432132964,3,False,False,,0.8452655889145496,False,,False,False,,False,False,,False,False,False,False,False,False,True,0.847571189279732,False,,,,108.25,0.2916666666666667,,1,True,True,False,False,False,Q2,0.15-0.30R,11:00-12:00,narrow,Tue
2023-02-23,down,True,15,0.5447368421052632,2.095808383233533,2,False,True,0.17894736842105263,1.4342105263157894,True,210.0,False,True,210.0,False,True,225.0,True,False,True,False,True,True,False,0.4357682619647355,True,-1.0,-1.0,0.009943181818181818,95.0,0.15,,3,True,True,True,False,False,Q3,>0.30R,10:30-11:00,narrowest,Thu
2023-02-27,down,True,0,0.024024024024024024,2.662420382165605,2,False,True,0.5675675675675675,0.5735735735735735,True,15.0,True,True,135.0,True,False,,False,False,False,False,False,False,True,0.46418338108882523,True,1.0,0.5345345345345346,,83.25,0.08333333333333333,,0,True,True,False,False,False,Q4_strong,<0.05R,10:30-11:00,narrowest,Mon
2023-02-28,up,True,135,0.23333333333333334,2.27602523659306,1,False,True,0.19393939393939394,0.5909090909090909,True,120.0,False,True,135.0,False,True,135.0,True,False,True,False,True,True,False,-1.0,True,-1.0,-1.0,0.6848249027237354,82.5,0.06666666666666667,,1,True,True,False,False,False,Q4_strong,0.15-0.30R,12:00-13:30,narrowest,Tue
2023-03-01,down,True,30,0.1600790513833992,2.210526315789474,2,False,True,0.28063241106719367,0.22332015810276679,True,15.0,False,True,15.0,True,False,,True,False,False,False,True,False,False,-1.0,True,-1.0,-1.0,,126.5,0.5333333333333333,,2,False,False,False,False,False,Q4_strong,0.15-0.30R,10:30-11:00,mid,Wed
2023-03-02,up,True,180,0.18235294117647058,2.917933130699088,1,False,True,0.2235294117647059,1.9411764705882353,False,,False,False,,False,False,,False,False,False,False,True,True,True,1.1982758620689655,False,,,,85.0,0.1,,3,True,True,True,True,False,Q4_strong,0.15-0.30R,12:00-13:30,narrowest,Thu
2023-03-03,up,True,90,0.06140350877192982,0.5263157894736842,2,False,True,0.21052631578947367,0.8399122807017544,True,15.0,True,False,,False,False,,False,False,False,False,True,False,True,1.25,True,1.0,1.5263157894736843,,114.0,0.425,,4,True,True,False,False,False,Q1_weak,0.05-0.15R,11:00-12:00,mid,Fri
2023-03-06,up,True,0,0.29736842105263156,1.8471337579617835,3,False,True,0.20526315789473684,0.4631578947368421,True,75.0,False,True,120.0,True,True,180.0,True,True,True,True,True,False,False,-1.0,True,-1.0,-1.0,0.29906542056074764,95.0,0.175,,0,True,False,False,False,False,Q3,0.15-0.30R,10:30-11:00,narrow,Mon
2023-03-06,down,False,255,0.015789473684210527,1.2490118577075098,1,True,False,,0.3473684210526316,True,15.0,True,False,,False,False,,False,False,False,False,False,False,True,0.4489795918367347,True,0.49473684210526314,0.49473684210526314,,95.0,0.175,,0,True,False,False,False,False,Q2,<0.05R,after 13:30,narrow,Mon
2023-03-07,down,True,225,0.04657534246575343,1.1069915254237288,1,False,True,0.010958904109589041,0.20821917808219179,True,75.0,False,False,,False,False,,False,False,False,False,True,False,True,0.02756892230576441,True,0.1232876712328767,0.1232876712328767,,182.5,0.8333333333333334,,1,False,False,False,False,False,Q2,<0.05R,after 13:30,widest,Tue
2023-03-08,up,True,30,0.05104408352668213,1.8615384615384616,1,False,False,,0.35730858468677495,True,15.0,True,True,15.0,True,True,120.0,True,False,True,False,False,False,True,-1.0,True,-1.0,-1.0,-0.7198795180722891,107.75,0.2833333333333333,,2,True,False,False,False,False,Q3,0.05-0.15R,10:30-11:00,narrow,Wed
2023-03-09,down,True,150,0.1417004048582996,0.8911042944785277,3,False,True,0.3360323886639676,2.0445344129554655,False,,False,False,,False,False,,False,False,False,False,True,True,True,1.337539432176656,False,,,,123.5,0.5333333333333333,,3,True,True,True,True,True,Q2,0.05-0.15R,12:00-13:30,mid,Thu
2023-03-10,up,True,45,0.10615384615384615,1.2171602126044039,1,False,True,0.027692307692307693,0.32,True,30.0,False,True,30.0,True,True,30.0,True,True,True,True,True,False,False,-1.0,True,-1.0,-1.0,1.009367681498829,162.5,0.8166666666666667,,4,True,False,False,False,False,Q2,0.05-0.15R,11:00-12:00,widest,Fri
2023-03-10,down,False,165,0.10461538461538461,1.398861646234676,1,True,True,0.2753846153846154,0.4307692307692308,True,45.0,False,True,90.0,True,False,,False,False,False,False,True,False,True,0.06870229007633588,True,0.2923076923076923,0.2923076923076923,,162.5,0.8166666666666667,,4,True,False,False,False,False,Q3,0.05-0.15R,12:00-13:30,widest,Fri
2023-03-13,up,True,30,0.17395727365208546,0.7796352583586625,3,False,True,0.10478128179043744,0.5930824008138352,True,120.0,True,True,285.0,False,False,,False,False,False,False,True,True,False,-0.33962264150943394,True,1.0,-0.10986775178026449,,245.75,0.95,,0,True,True,False,False,False,Q1_weak,0.15-0.30R,10:30-11:00,widest,Mon
2023-03-14,up,True,30,0.14022988505747128,1.5551257253384911,1,False,True,0.09195402298850575,0.432183908045977,True,75.0,False,True,120.0,True,True,120.0,True,True,True,True,True,False,True,-1.0,True,-1.0,-1.0,0.9777777777777777,108.75,0.31666666666666665,,1,True,False,False,False,False,Q3,0.05-0.15R,10:30-11:00,narrow,Tue
2023-03-14,down,False,270,0.19540229885057472,3.427265803503427,3,True,True,0.1471264367816092,0.296551724137931,True,15.0,True,True,15.0,True,True,45.0,True,True,True,True,True,False,False,-1.0,True,-1.0,-1.0,,108.75,0.31666666666666665,,1,True,False,False,False,False,Q4_strong,0.15-0.30R,after 13:30,narrow,Tue
2023-03-15,up,True,165,0.07712765957446809,1.0086551264980026,2,True,True,0.125,1.3962765957446808,True,15.0,True,True,15.0,True,False,,False,False,False,False,True,True,True,1.599078341013825,True,1.0,2.0,,94.0,0.15,,2,True,True,True,False,False,Q2,0.05-0.15R,12:00-13:30,narrowest,Wed
2023-03-16,up,True,0,0.0743801652892562,1.5218508997429305,2,False,True,0.38016528925619836,2.4855371900826446,False,,False,False,,False,False,,False,False,False,False,True,True,True,1.6115107913669064,False,,,,121.0,0.5083333333333333,,3,True,True,True,True,True,Q3,0.05-0.15R,10:30-11:00,mid,Thu
2023-03-17,down,True,0,0.3462897526501767,2.4814814814814814,2,False,True,0.3197879858657244,0.7084805653710248,True,120.0,False,True,150.0,False,False,,False,False,False,False,False,False,True,-0.22338204592901878,True,1.0,0.31448763250883394,,141.5,0.7333333333333333,,4,True,True,False,False,False,Q4_strong,>0.30R,10:30-11:00,wide,Fri
2023-03-20,up,True,15,0.1111111111111111,2.063679245283019,1,False,True,0.0893719806763285,0.7246376811594203,True,60.0,True,True,60.0,False,True,75.0,True,False,True,False,True,True,True,-1.0,True,-1.0,-1.0,-1.0,103.5,0.26666666666666666,,0,True,True,False,False,False,Q3,0.05-0.15R,10:30-11:00,narrow,Mon
2023-03-21,down,True,15,0.01937046004842615,0.9144893111638954,1,False,True,0.048426150121065374,0.20823244552058112,True,15.0,True,True,15.0,True,True,15.0,True,True,True,True,True,False,False,-1.0,True,-1.0,-1.0,-1.0,103.25,0.26666666666666666,,1,False,False,False,False,False,Q2,<0.05R,10:30-11:00,narrow,Tue
2023-03-21,up,False,255,0.026634382566585957,1.1385767790262171,4,True,True,0.14527845036319612,0.5907990314769975,False,,False,False,,False,False,,False,False,False,False,True,True,True,0.6850574712643678,False,,,,103.25,0.26666666666666666,,1,True,True,False,False,False,Q2,<0.05R,after 13:30,narrow,Tue
2023-03-22,up,True,225,0.5327635327635327,3.367772511848341,5,False,False,,1.6296296296296295,True,15.0,True,True,30.0,False,True,75.0,True,True,True,True,False,False,False,-1.0,True,-1.0,-1.0,0.004352557127312296,87.75,0.11666666666666667,,2,True,True,True,True,False,Q4_strong,>0.30R,after 13:30,narrowest,Wed
2023-03-22,down,False,315,1.735042735042735,5.849236641221374,2,True,True,0.42735042735042733,0.0,False,,False,False,,False,False,,False,False,False,False,False,False,False,,False,,,,87.75,0.11666666666666667,,2,False,False,False,False,False,Q4_strong,>0.30R,after 13:30,narrowest,Wed
2023-03-23,up,True,0,0.011235955056179775,1.414790996784566,5,False,True,0.2898876404494382,0.651685393258427,True,15.0,True,True,150.0,False,True,225.0,True,True,True,True,True,True,False,-1.0,True,1.0,-1.0,-0.15420023014959724,111.25,0.45,,3,True,True,False,False,False,Q3,<0.05R,10:30-11:00,mid,Thu
2023-03-23,down,False,225,0.30112359550561796,4.120945945945946,1,True,True,0.3550561797752809,1.0224719101123596,True,45.0,True,False,,False,False,,True,False,False,False,True,True,False,0.8723702664796634,True,1.0,2.0,,111.25,0.45,,3,True,True,True,False,False,Q4_strong,>0.30R,after 13:30,mid,Thu
2023-03-24,up,True,240,0.12903225806451613,1.1645299145299146,3,True,True,0.1152073732718894,0.47235023041474655,True,15.0,True,True,30.0,True,False,,False,False,False,False,True,False,True,0.5238095238095238,True,0.9170506912442397,0.9170506912442397,,108.5,0.38333333333333336,,4,True,False,False,False,False,Q2,0.05-0.15R,after 13:30,mid,Fri
2023-03-27,down,True,0,0.014792899408284023,1.3031674208144797,4,False,True,0.1952662721893491,1.363905325443787,True,15.0,True,False,,False,False,,False,False,False,False,False,False,True,1.9137931034482758,True,1.0,2.0,,84.5,0.08333333333333333,,0,True,True,True,False,False,Q2,<0.05R,10:30-11:00,narrowest,Mon
2023-03-28,down,True,0,0.1510791366906475,1.5605749486652978,2,False,True,0.20863309352517986,0.37170263788968827,True,30.0,True,True,30.0,True,True,315.0,True,False,True,False,True,False,False,-1.0,True,-1.0,-1.0,,104.25,0.3333333333333333,,1,True,False,False,False,False,Q3,0.15-0.30R,10:30-11:00,narrow,Tue
2023-03-29,down,True,0,0.06280193236714976,1.1317073170731706,3,False,True,0.12560386473429952,0.5120772946859904,True,30.0,False,True,45.0,False,True,75.0,True,True,True,True,True,False,False,-1.0,True,-1.0,-1.0,0.252,51.75,0.016666666666666666,,2,True,True,False,False,False,Q2,0.05-0.15R,10:30-11:00,narrowest,Wed
2023-03-29,up,False,165,0.04830917874396135,0.7575757575757576,2,True,True,0.12077294685990338,1.183574879227053,True,15.0,True,True,15.0,True,False,,True,False,False,False,True,False,True,-1.0,True,-1.0,-1.0,,51.75,0.016666666666666666,,2,True,True,True,False,False,Q1_weak,<0.05R,12:00-13:30,narrowest,Wed
2023-03-30,down,True,180,0.04318936877076412,1.7092511013215859,2,True,True,0.132890365448505,0.22591362126245848,True,15.0,True,True,15.0,True,True,45.0,True,False,True,False,True,False,False,-1.0,True,-1.0,-1.0,0.4230769230769231,75.25,0.05,,3,False,False,False,False,False,Q3,<0.05R,12:00-13:30,narrowest,Thu
2023-03-31,up,True,0,0.2909090909090909,2.53781512605042,2,False,True,0.021212121212121213,1.803030303030303,False,,False,False,,False,False,,False,False,False,False,True,True,True,0.896551724137931,False,,,,82.5,0.09166666666666666,,4,True,True,True,True,False,Q4_strong,0.15-0.30R,10:30-11:00,narrowest,Fri
2023-04-03,down,True,15,0.2714285714285714,3.6963696369636962,2,False,True,0.575,0.6321428571428571,True,75.0,False,True,75.0,False,True,300.0,True,True,True,True,True,False,False,-1.0,True,1.0,-1.0,,70.0,0.05,,0,True,True,False,False,False,Q4_strong,0.15-0.30R,10:30-11:00,narrowest,Mon
2023-04-03,up,False,315,0.0035714285714285713,0.8507089241034195,7,True,True,0.017857142857142856,0.0,False,,False,False,,False,False,,False,False,False,False,False,False,False,,False,,,,70.0,0.05,,0,False,False,False,False,False,Q2,<0.05R,after 13:30,narrowest,Mon
2023-04-04,down,True,90,0.2971576227390181,1.408450704225352,6,False,True,0.07235142118863049,0.6382428940568475,True,30.0,True,True,75.0,True,False,,False,False,False,False,True,False,True,-0.2884927066450567,True,1.0,0.1343669250645995,,96.75,0.2916666666666667,,1,True,True,False,False,False,Q3,0.15-0.30R,11:00-12:00,narrow,Tue
2023-04-05,down,True,0,0.40425531914893614,1.8865671641791044,5,False,True,0.27393617021276595,0.8723404255319149,True,255.0,False,False,,False,False,,False,False,False,False,True,False,True,-0.34705882352941175,True,0.18085106382978725,0.18085106382978725,,94.0,0.24166666666666667,,2,True,True,False,False,False,Q3,>0.30R,10:30-11:00,narrow,Wed
2023-04-06,up,True,30,0.052109181141439205,1.4766031195840554,2,False,True,0.2878411910669975,1.3598014888337469,False,,False,False,,False,False,,False,False,False,False,True,False,True,1.7168539325842698,False,,,,100.75,0.36666666666666664,,3,True,True,True,False,False,Q3,0.05-0.15R,10:30-11:00,narrow,Thu
2023-04-10,up,True,30,0.1903323262839879,1.9964788732394365,1,False,True,0.1691842900302115,1.3836858006042296,True,60.0,True,True,60.0,True,False,,False,False,False,False,True,False,True,1.1728665207877462,True,1.0,2.0,,82.75,0.13333333333333333,,0,True,True,True,False,False,Q3,0.15-0.30R,10:30-11:00,narrowest,Mon
2023-04-11,down,True,15,0.043478260869565216,0.18975332068311193,2,False,False,,0.16304347826086957,True,15.0,True,True,15.0,True,True,165.0,True,False,True,False,False,False,False,-1.0,True,-1.0,-1.0,-0.5874439461883408,92.0,0.23333333333333334,,1,False,False,False,False,False,Q1_weak,<0.05R,10:30-11:00,narrow,Tue
2023-04-12,down,True,15,0.16666666666666666,1.0892857142857142,2,False,True,0.11394557823129252,0.6513605442176871,True,45.0,True,True,45.0,True,False,,True,False,False,False,True,False,True,-1.0,True,-1.0,-1.0,,147.0,0.8833333333333333,,2,True,True,False,False,False,Q2,0.15-0.30R,10:30-11:00,widest,Wed
2023-04-13,up,True,75,0.008438818565400843,0.3098106712564544,4,False,False,,0.7573839662447257,True,15.0,True,True,15.0,True,False,,False,False,False,False,False,False,True,1.170124481327801,True,1.0,1.2067510548523206,,118.5,0.6833333333333333,,3,True,True,False,False,False,Q1_weak,<0.05R,11:00-12:00,wide,Thu
2023-04-14,down,True,60,0.05714285714285714,0.3229061553985873,2,False,False,,0.6081632653061224,True,15.0,True,True,165.0,False,True,195.0,False,False,False,False,False,False,False,-0.8131868131868132,True,1.0,-0.7918367346938775,0.12585812356979406,122.5,0.7333333333333333,,4,True,True,False,False,False,Q1_weak,0.05-0.15R,11:00-12:00,wide,Fri
2023-04-17,down,True,0,0.22878228782287824,4.243478260869566,4,False,True,0.12546125461254612,0.9077490774907749,True,15.0,True,True,15.0,True,True,285.0,True,False,True,False,True,True,False,-1.0,True,1.0,-1.0,0.1564102564102564,67.75,0.05,,0,True,True,False,False,False,Q4_strong,0.15-0.30R,10:30-11:00,narrowest,Mon
2023-04-18,down,True,75,0.0038240917782026767,0.24598070739549838,2,False,False,,0.22179732313575526,True,15.0,True,True,15.0,True,True,15.0,False,False,False,False,False,False,False,-0.34535104364326374,True,-0.3403441682600382,-0.3403441682600382,-1.0,130.75,0.8166666666666667,,1,False,False,False,False,False,Q1_weak,<0.05R,11:00-12:00,widest,Tue
2023-04-19,up,True,0,0.2535885167464115,1.7164750957854407,3,False,True,0.10526315789473684,1.799043062200957,True,15.0,True,False,,False,False,,False,False,False,False,True,True,True,0.9904761904761905,True,1.0,2.0,,52.25,0.03333333333333333,,2,True,True,True,True,False,Q3,0.15-0.30R,10:30-11:00,narrowest,Wed
2023-04-20,up,True,135,0.2156398104265403,1.8571428571428572,3,False,True,0.09004739336492891,0.45734597156398105,True,75.0,False,True,75.0,True,True,90.0,True,True,True,True,True,False,False,-1.0,True,-1.0,-1.0,0.684931506849315,105.5,0.4666666666666667,,3,True,False,False,False,False,Q3,0.15-0.30R,12:00-13:30,mid,Thu
2023-04-20,down,False,285,0.19194312796208532,1.7688266199649736,2,True,True,0.12085308056872038,0.23222748815165878,True,15.0,False,True,30.0,True,False,,False,False,False,False,True,False,False,-0.6986301369863014,True,-0.5829383886255924,-0.5829383886255924,,105.5,0.4666666666666667,,3,False,False,False,False,False,Q3,0.15-0.30R,after 13:30,mid,Thu
2023-04-21,up,True,75,0.022670025188916875,0.12149532710280374,5,False,False,,0.40554156171284633,True,15.0,True,True,15.0,True,False,,False,False,False,False,False,False,True,0.0819277108433735,True,0.1309823677581864,0.1309823677581864,,99.25,0.38333333333333336,,4,True,False,False,False,False,Q1_weak,<0.05R,11:00-12:00,mid,Fri
2023-04-24,down,True,0,0.51875,3.0489510489510487,1,False,True,0.465625,1.084375,True,210.0,False,True,210.0,False,False,,False,False,False,False,False,False,False,0.4723926380368098,True,-0.13125,-0.13125,,80.0,0.13333333333333333,,0,True,True,True,False,False,Q4_strong,>0.30R,10:30-11:00,narrowest,Mon
2023-04-25,down,True,60,0.025477707006369428,0.9142857142857143,2,False,True,0.07961783439490445,1.6687898089171975,True,15.0,True,False,,False,False,,False,False,False,False,True,True,True,1.8545454545454545,True,1.0,2.0,,78.5,0.13333333333333333,,1,True,True,True,True,False,Q2,<0.05R,11:00-12:00,narrowest,Tue
2023-04-26,up,True,30,0.10211267605633803,1.25,3,False,True,0.2992957746478873,0.6302816901408451,True,90.0,False,True,105.0,False,True,180.0,True,True,True,True,True,True,False,-1.0,True,-1.0,-1.0,0.178117048346056,71.0,0.1,,2,True,True,False,False,False,Q2,0.05-0.15R,10:30-11:00,narrowest,Wed
2023-04-26,down,False,240,0.07746478873239436,1.8867924528301887,1,True,False,,0.4612676056338028,True,15.0,True,False,,False,False,,False,False,False,False,False,False,True,0.2073170731707317,True,0.39436619718309857,0.39436619718309857,,71.0,0.1,,2,True,False,False,False,False,Q3,0.05-0.15R,after 13:30,narrowest,Wed
2023-04-27,up,True,0,0.31210191082802546,2.0136054421768708,3,False,True,0.21337579617834396,2.054140127388535,True,15.0,True,True,15.0,True,False,,False,False,False,False,True,False,True,0.8470588235294118,True,1.0,2.0,,78.5,0.15833333333333333,,3,True,True,True,True,True,Q3,>0.30R,10:30-11:00,narrowest,Thu
2023-04-28,up,True,270,0.0020833333333333333,0.4424103737604882,2,False,False,,0.26666666666666666,True,15.0,True,True,15.0,True,False,,False,False,False,False,False,False,True,0.5186721991701245,True,0.525,0.525,,120.0,0.7166666666666667,,4,True,False,False,False,False,Q1_weak,<0.05R,after 13:30,wide,Fri
2023-05-01,down,True,45,0.24615384615384617,2.121761658031088,2,True,True,0.23076923076923078,0.4256410256410256,True,15.0,False,True,15.0,True,True,75.0,True,True,True,True,True,False,False,-1.0,True,-1.0,-1.0,-0.09740259740259741,48.75,0.016666666666666666,,0,True,False,False,False,False,Q3,0.15-0.30R,11:00-12:00,narrowest,Mon
2023-05-01,up,False,120,0.15384615384615385,1.1170662905500706,5,True,True,0.15384615384615385,0.7230769230769231,True,15.0,True,True,105.0,False,False,,True,False,False,False,True,False,False,-1.0,True,1.0,-1.0,,48.75,0.016666666666666666,,0,True,True,False,False,False,Q2,0.15-0.30R,12:00-13:30,narrowest,Mon
2023-05-02,down,True,0,0.21428571428571427,1.4757281553398058,3,False,True,0.1645021645021645,0.7575757575757576,True,180.0,False,True,195.0,False,False,,False,False,False,False,True,False,True,-0.14242424242424243,True,0.22510822510822512,0.22510822510822512,,115.5,0.6833333333333333,,1,True,True,False,False,False,Q3,0.15-0.30R,10:30-11:00,wide,Tue
2023-05-03,down,True,45,0.009216589861751152,0.9153846153846154,1,False,False,,1.7557603686635945,True,15.0,True,True,30.0,True,True,30.0,True,True,True,True,False,False,True,-1.0,True,-1.0,-1.0,0.738255033557047,54.25,0.06666666666666667,,2,True,True,True,True,False,Q2,<0.05R,11:00-12:00,narrowest,Wed
2023-05-03,up,False,225,0.41935483870967744,2.7024972855591747,2,True,False,,1.327188940092166,True,15.0,True,True,15.0,False,True,45.0,True,True,True,True,False,False,False,-1.0,True,-1.0,-1.0,-0.18284789644012944,54.25,0.06666666666666667,,2,True,True,True,False,False,Q4_strong,>0.30R,after 13:30,narrowest,Wed
2023-05-04,up,True,30,0.07098765432098765,2.289156626506024,3,True,True,0.006172839506172839,0.558641975308642,True,15.0,True,True,15.0,True,False,,True,False,False,False,True,True,False,-1.0,True,-1.0,-1.0,,81.0,0.2,,3,True,True,False,False,False,Q4_strong,0.05-0.15R,10:30-11:00,narrow,Thu
2023-05-05,up,True,0,0.24203821656050956,1.5197889182058046,5,False,True,0.09978768577494693,0.9936305732484076,True,45.0,True,False,,False,False,,False,False,False,False,True,True,True,0.6123032904148784,True,1.0,1.3927813163481952,,117.75,0.7,,4,True,True,False,False,False,Q3,0.15-0.30R,10:30-11:00,wide,Fri
2023-05-08,up,True,75,0.22448979591836735,1.2757731958762886,2,True,True,0.08673469387755102,1.1785714285714286,True,30.0,True,False,,False,False,,False,False,False,False,True,True,True,1.0704225352112675,True,1.0,2.0,,49.0,0.03333333333333333,,0,True,True,True,False,False,Q2,0.15-0.30R,11:00-12:00,narrowest,Mon
2023-05-09,down,True,75,0.25,1.354368932038835,1,False,True,0.029069767441860465,0.5581395348837209,True,60.0,True,True,60.0,True,True,60.0,False,False,False,False,True,False,True,-0.07751937984496124,True,1.0,0.38372093023255816,-1.0,43.0,0.016666666666666666,,1,True,True,False,False,False,Q3,0.15-0.30R,11:00-12:00,narrowest,Tue
2023-05-10,down,True,165,0.4266666666666667,2.883181441590721,4,False,True,0.24666666666666667,0.5244444444444445,True,45.0,False,True,45.0,False,True,75.0,True,True,True,True,True,False,False,-1.0,True,-1.0,-1.0,0.3530571992110454,112.5,0.6833333333333333,,2,True,True,False,False,False,Q4_strong,>0.30R,12:00-13:30,wide,Wed
2023-05-11,up,True,45,0.020491803278688523,0.6225045372050817,3,True,False,,0.6065573770491803,True,15.0,True,True,45.0,True,False,,True,False,False,False,False,False,True,-1.0,True,-1.0,-1.0,,61.0,0.11666666666666667,,3,True,True,False,False,False,Q1_weak,<0.05R,11:00-12:00,narrowest,Thu
2023-05-12,down,True,15,0.04411764705882353,0.5594405594405594,5,False,True,0.06764705882352941,1.0794117647058823,True,15.0,True,True,60.0,True,False,,False,False,False,False,True,False,True,1.7567567567567568,True,1.0,2.0,,85.0,0.35833333333333334,,4,True,True,True,False,False,Q1_weak,<0.05R,10:30-11:00,narrow,Fri
2023-05-15,up,True,45,0.009771986970684038,0.6514598540145985,2,False,True,0.06514657980456026,0.6742671009771987,True,15.0,True,True,15.0,True,False,,False,False,False,False,False,False,True,1.099041533546326,True,1.0,1.1400651465798046,,76.75,0.2,,0,True,True,False,False,False,Q1_weak,<0.05R,11:00-12:00,narrow,Mon
2023-05-16,up,True,15,0.046153846153846156,0.7120253164556962,1,False,False,,0.47692307692307695,True,15.0,True,True,300.0,True,True,300.0,False,False,False,False,False,False,False,-0.8394366197183099,True,-0.8246153846153846,-0.8246153846153846,,81.25,0.2833333333333333,,1,True,False,False,False,False,Q1_weak,<0.05R,10:30-11:00,narrow,Tue
2023-05-17,up,True,60,0.1511627906976744,0.9696969696969697,2,False,False,,2.0,True,45.0,True,False,,False,False,,False,False,False,False,False,False,True,1.3035714285714286,True,1.0,2.0,,64.5,0.13333333333333333,,2,True,True,True,True,True,Q2,0.15-0.30R,11:00-12:00,narrowest,Wed
2023-05-18,up,True,15,0.06707317073170732,0.7392996108949417,1,False,True,0.13414634146341464,1.0203252032520325,True,90.0,True,True,180.0,False,False,,False,False,False,False,True,True,True,1.6451612903225807,True,1.0,2.0,,123.0,0.8666666666666667,,3,True,True,True,False,False,Q1_weak,0.05-0.15R,10:30-11:00,widest,Thu
2023-05-19,down,True,45,0.10780669144981413,2.085616438356164,4,False,False,,0.7063197026022305,True,15.0,True,True,30.0,False,False,,False,False,False,False,False,False,True,-0.09174311926605505,True,1.0,0.10408921933085502,,67.25,0.15,,4,True,True,False,False,False,Q3,0.05-0.15R,11:00-12:00,narrowest,Fri
2023-05-23,down,True,120,0.5829596412556054,4.518518518518518,4,False,True,0.5067264573991032,2.013452914798206,False,,False,False,,False,False,,False,False,False,False,False,False,True,0.38509316770186336,False,,,,55.75,0.11666666666666667,,1,True,True,True,True,True,Q4_strong,>0.30R,12:00-13:30,narrowest,Tue
2023-05-24,down,True,15,0.06179775280898876,0.625,5,False,False,,0.21910112359550563,True,15.0,True,True,15.0,True,True,270.0,True,True,True,True,False,False,False,-1.0,True,-1.0,-1.0,-0.054466230936819175,89.0,0.45,,2,False,False,False,False,False,Q1_weak,0.05-0.15R,10:30-11:00,mid,Wed
2023-05-24,up,False,285,0.0702247191011236,3.2189542483660127,2,True,True,0.2640449438202247,0.3455056179775281,True,15.0,True,True,15.0,True,False,,False,False,False,False,True,False,False,-0.5615763546798029,True,-0.5,-0.5,,89.0,0.45,,2,True,False,False,False,False,Q4_strong,0.05-0.15R,after 13:30,mid,Wed
2023-05-25,up,True,30,0.09388646288209607,1.9204339963833634,4,False,True,0.15938864628820962,0.5720524017467249,True,15.0,True,True,15.0,True,False,,False,False,False,False,True,False,True,0.025735294117647058,True,1.0,0.2183406113537118,,114.5,0.7666666666666667,,3,True,True,False,False,False,Q3,0.05-0.15R,10:30-11:00,wide,Thu
2023-05-26,up,True,0,0.1721419185282523,0.7660738714090287,5,False,True,0.22076215505913271,0.859395532194481,False,,False,False,,False,False,,False,False,False,False,False,False,True,0.7448680351906158,False,,,,190.25,0.9833333333333333,,4,True,True,False,False,False,Q1_weak,0.15-0.30R,10:30-11:00,widest,Fri
2023-05-30,down,True,165,0.08307210031347963,1.760268231349539,2,False,True,0.10188087774294671,0.39655172413793105,True,60.0,False,True,60.0,True,False,,False,False,False,False,True,False,True,-0.11021505376344086,True,0.03761755485893417,0.03761755485893417,,159.5,0.9333333333333333,,1,True,False,False,False,False,Q3,0.05-0.15R,12:00-13:30,widest,Tue
2023-05-31,down,True,45,0.041666666666666664,0.6792452830188679,2,False,True,0.030797101449275364,0.16666666666666666,True,15.0,True,True,30.0,True,True,120.0,True,False,True,False,True,False,False,-1.0,True,-1.0,-1.0,-0.26545454545454544,138.0,0.8833333333333333,,2,False,False,False,False,False,Q1_weak,<0.05R,11:00-12:00,widest,Wed
2023-06-01,up,True,0,0.20277777777777778,4.666666666666667,1,False,True,0.175,2.0694444444444446,False,,False,False,,False,False,,False,False,False,False,True,True,True,1.134387351778656,False,,,,90.0,0.45,,3,True,True,True,True,True,Q4_strong,0.15-0.30R,10:30-11:00,mid,Thu
2023-06-05,up,True,15,0.15088757396449703,0.9508716323296355,2,False,True,0.13609467455621302,0.5029585798816568,True,15.0,True,True,165.0,False,True,225.0,True,True,True,True,True,False,False,-1.0,True,1.0,-1.0,0.08085106382978724,84.5,0.39166666666666666,,0,True,True,False,False,False,Q2,0.15-0.30R,10:30-11:00,mid,Mon
2023-06-06,up,True,15,0.13268608414239483,0.9405940594059405,5,False,True,0.042071197411003236,0.5436893203883495,True,30.0,True,True,30.0,True,False,,True,False,False,False,True,False,True,-1.0,True,-1.0,-1.0,,77.25,0.26666666666666666,,1,True,True,False,False,False,Q2,0.05-0.15R,10:30-11:00,narrow,Tue
2023-06-07,down,True,0,0.31478260869565217,1.2919896640826873,4,False,True,0.22608695652173913,1.5704347826086957,False,,False,False,,False,False,,False,False,False,False,False,False,True,0.8409818569903948,False,,,,143.75,0.9333333333333333,,2,True,True,True,True,False,Q2,>0.30R,10:30-11:00,widest,Wed
2023-06-08,up,True,0,0.10236220472440945,0.927710843373494,3,False,True,0.12335958005249344,1.05249343832021,True,195.0,False,False,,False,False,,False,False,False,False,True,True,True,1.4901960784313726,True,1.0,1.6062992125984252,,95.25,0.55,,3,True,True,True,False,False,Q2,0.05-0.15R,10:30-11:00,mid,Thu
2023-06-09,down,True,45,0.0421455938697318,2.623203285420945,1,False,True,0.09386973180076628,0.46551724137931033,True,15.0,True,True,15.0,True,False,,False,False,False,False,True,False,True,-0.0706713780918728,True,0.007662835249042145,0.007662835249042145,,130.5,0.8666666666666667,,4,True,False,False,False,False,Q4_strong,<0.05R,11:00-12:00,widest,Fri
2023-06-12,up,True,60,0.5701357466063348,3.6012861736334405,3,False,True,0.2986425339366516,3.1040723981900453,False,,False,False,,False,False,,False,False,False,False,True,True,True,0.40169133192389006,False,,,,55.25,0.11666666666666667,,0,True,True,True,True,True,Q4_strong,>0.30R,11:00-12:00,narrowest,Mon
2023-06-14,up,True,30,0.05660377358490566,1.9397260273972603,1,False,True,0.023060796645702306,0.3710691823899371,True,45.0,False,True,90.0,True,True,120.0,True,True,True,True,True,False,True,-1.0,True,-1.0,-1.0,1.3028169014084507,119.25,0.8,,2,True,False,False,False,False,Q3,0.05-0.15R,10:30-11:00,wide,Wed
2023-06-14,down,False,210,0.07337526205450734,6.584924623115578,1,True,True,0.6037735849056604,0.6415094339622641,True,30.0,False,True,30.0,False,True,30.0,True,True,True,True,True,False,False,-1.0,True,-1.0,-1.0,0.18636363636363637,119.25,0.8,,2,True,True,False,False,False,Q4_strong,0.05-0.15R,after 13:30,wide,Wed
2023-06-15,up,True,45,0.1492776886035313,1.0401188707280833,3,False,False,,1.0963081861958266,True,105.0,True,True,105.0,True,False,,False,False,False,False,False,False,True,1.3102595797280594,True,1.0,2.0,,155.75,0.9333333333333333,,3,True,True,True,False,False,Q2,0.05-0.15R,11:00-12:00,widest,Thu
2023-06-16,down,True,255,0.1368421052631579,1.1058664868509778,5,False,True,0.043859649122807015,0.5228070175438596,False,,False,False,,False,False,,False,False,False,False,True,True,True,0.42699724517906334,False,,,,142.5,0.8833333333333333,,4,True,True,False,False,False,Q2,0.05-0.15R,after 13:30,widest,Fri
2023-06-21,down,True,0,0.029668411867364748,1.2323232323232323,5,False,True,0.055846422338568937,0.5148342059336823,True,15.0,True,True,195.0,False,False,,True,False,False,False,True,False,True,-1.0,True,1.0,-1.0,,143.25,0.8666666666666667,,2,True,True,False,False,False,Q2,<0.05R,10:30-11:00,widest,Wed
2023-06-22,up,True,60,0.11486486486486487,1.7157987643424537,1,False,True,0.04594594594594595,0.372972972972973,True,15.0,True,True,30.0,True,True,90.0,False,False,False,False,True,False,True,0.3802197802197802,True,0.6972972972972973,0.6972972972972973,-1.0,185.0,0.9833333333333333,,3,True,False,False,False,False,Q3,0.05-0.15R,11:00-12:00,widest,Thu
2023-06-23,up,True,105,0.22682926829268293,1.8087697929354445,4,False,True,0.2121951219512195,0.6585365853658537,True,135.0,False,True,135.0,False,False,,True,False,False,False,True,True,False,-1.0,True,-1.0,-1.0,,102.5,0.6,,4,True,True,False,False,False,Q3,0.15-0.30R,12:00-13:30,wide,Fri
2023-06-26,down,True,30,0.005859375,1.5939675174013923,1,False,True,0.14453125,1.3359375,True,15.0,True,False,,False,False,,False,False,False,False,False,False,True,1.9652509652509653,True,1.0,2.0,,128.0,0.7666666666666667,,0,True,True,True,False,False,Q3,<0.05R,10:30-11:00,wide,Mon
2023-06-27,up,True,45,0.03571428571428571,2.8109375,1,False,True,0.34065934065934067,1.760989010989011,True,15.0,True,False,,False,False,,False,False,False,False,True,True,True,1.8,True,1.0,2.0,,91.0,0.45,,1,True,True,True,True,False,Q4_strong,<0.05R,11:00-12:00,mid,Tue
2023-06-28,up,True,0,0.3165618448637317,0.9744360902255639,2,False,True,0.3333333333333333,0.6226415094339622,True,30.0,True,True,120.0,False,False,,True,False,False,False,True,True,False,-1.0,True,1.0,-1.0,,119.25,0.6916666666666667,,2,True,True,False,False,False,Q2,>0.30R,10:30-11:00,wide,Wed
2023-07-06,up,True,135,0.012165450121654502,0.513953488372093,4,False,False,,0.36739659367396593,True,15.0,True,True,30.0,True,False,,False,False,False,False,False,False,True,0.3847980997624703,True,0.41849148418491483,0.41849148418491483,,102.75,0.5166666666666667,,3,True,False,False,False,False,Q1_weak,<0.05R,12:00-13:30,mid,Thu
2023-07-07,up,True,75,0.025210084033613446,1.1026033690658499,2,True,True,0.1792717086834734,0.9159663865546218,True,210.0,False,True,210.0,False,True,225.0,True,True,True,True,True,True,False,-1.0,True,-1.0,-1.0,0.22800718132854578,89.25,0.38333333333333336,,4,True,True,False,False,False,Q2,<0.05R,11:00-12:00,mid,Fri
2023-07-07,down,False,315,0.06162464985994398,2.5231286795626575,4,True,True,0.22128851540616246,0.0,False,,False,False,,False,False,,False,False,False,False,False,False,False,,False,,,,89.25,0.38333333333333336,,4,False,False,False,False,False,Q4_strong,0.05-0.15R,after 13:30,mid,Fri
2023-07-10,down,True,90,0.12959381044487428,2.3720349563046192,3,False,True,0.13733075435203096,0.172147001934236,True,15.0,True,True,15.0,True,True,75.0,True,False,True,False,True,False,False,-1.0,True,-1.0,-1.0,0.2216867469879518,129.25,0.7333333333333333,,0,False,False,False,False,False,Q4_strong,0.05-0.15R,11:00-12:00,wide,Mon
2023-07-11,up,True,75,0.018145161290322582,2.817857142857143,1,False,True,0.31048387096774194,0.3649193548387097,True,15.0,True,True,15.0,True,False,,True,False,False,False,True,False,True,-1.0,True,-1.0,-1.0,,124.0,0.7166666666666667,,1,True,False,False,False,False,Q4_strong,<0.05R,11:00-12:00,wide,Tue
2023-07-12,down,True,60,0.3123425692695214,5.150442477876106,4,False,True,0.5037783375314862,0.6498740554156172,True,60.0,False,True,75.0,False,False,,True,False,False,False,True,False,False,-1.0,True,-1.0,-1.0,,99.25,0.4583333333333333,,2,True,True,False,False,False,Q4_strong,>0.30R,11:00-12:00,mid,Wed
2023-07-13,up,True,75,0.1407942238267148,0.6363636363636364,3,False,True,0.05776173285198556,1.7292418772563176,False,,False,False,,False,False,,False,False,False,False,False,False,True,1.3408450704225352,False,,,,69.25,0.2,,3,True,True,True,True,False,Q1_weak,0.05-0.15R,11:00-12:00,narrow,Thu
2023-07-14,down,True,225,0.02394106813996317,2.5180722891566263,1,False,True,0.11602209944751381,0.430939226519337,True,15.0,True,False,,False,False,,False,False,False,False,False,False,True,0.21441124780316345,True,0.27255985267034993,0.27255985267034993,,135.75,0.8,,4,True,False,False,False,False,Q4_strong,<0.05R,after 13:30,wide,Fri
2023-07-17,up,True,60,0.21649484536082475,2.161290322580645,4,False,True,0.08247422680412371,1.3917525773195876,True,45.0,True,True,45.0,True,False,,False,False,False,False,True,False,True,1.0935251798561152,True,1.0,2.0,,72.75,0.21666666666666667,,0,True,True,True,False,False,Q3,0.15-0.30R,11:00-12:00,narrow,Mon
2023-07-18,up,True,60,0.18373493975903615,3.1275720164609053,1,False,True,0.45481927710843373,2.575301204819277,False,,False,False,,False,False,,False,False,False,False,True,True,True,1.1938325991189427,False,,,,83.0,0.3333333333333333,,1,True,True,True,True,True,Q4_strong,0.15-0.30R,11:00-12:00,narrow,Tue
2023-07-19,up,True,30,0.07575757575757576,2.107066381156317,1,False,False,,0.39015151515151514,True,15.0,True,True,15.0,True,True,75.0,True,True,True,True,False,False,False,-1.0,True,-1.0,-1.0,0.08902077151335312,66.0,0.15,,2,True,False,False,False,False,Q3,0.05-0.15R,10:30-11:00,narrowest,Wed
2023-07-19,down,False,120,0.045454545454545456,0.5163934426229508,2,True,True,0.4962121212121212,0.9053030303030303,True,15.0,True,True,15.0,True,False,,False,False,False,False,False,False,True,0.3055555555555556,True,1.0,0.42424242424242425,,66.0,0.15,,2,True,True,False,False,False,Q1_weak,<0.05R,12:00-13:30,narrowest,Wed
2023-07-20,down,True,0,0.12020033388981637,0.5669700910273082,4,False,True,0.24874791318864775,1.323873121869783,True,30.0,True,True,30.0,True,False,,False,False,False,False,False,False,True,1.4185733512786003,True,1.0,2.0,,149.75,0.8833333333333333,,3,True,True,True,False,False,Q1_weak,0.05-0.15R,10:30-11:00,widest,Thu
2023-07-21,down,True,270,0.11851851851851852,1.9133192389006344,2,False,True,0.03259259259259259,0.1674074074074074,True,15.0,False,True,15.0,True,False,,False,False,False,False,False,False,True,-0.06706586826347305,True,0.15407407407407409,0.15407407407407409,,168.75,0.95,,4,False,False,False,False,False,Q3,0.05-0.15R,after 13:30,widest,Fri
2023-07-25,up,True,60,0.10355029585798817,1.5924764890282133,3,False,True,0.06804733727810651,0.757396449704142,True,15.0,True,True,15.0,True,False,,False,False,False,False,True,True,False,-0.24019607843137256,True,1.0,-0.08284023668639054,,84.5,0.325,,1,True,True,False,False,False,Q3,0.05-0.15R,11:00-12:00,narrow,Tue
2023-07-26,down,True,15,0.3890784982935154,5.076923076923077,4,False,True,0.6518771331058021,0.6962457337883959,True,45.0,False,True,45.0,False,True,225.0,True,True,True,True,True,False,False,-1.0,True,-1.0,-1.0,-0.1744186046511628,73.25,0.21666666666666667,,2,True,True,False,False,False,Q4_strong,>0.30R,10:30-11:00,narrow,Wed
2023-07-26,up,False,240,0.3583617747440273,7.02430846605197,1,True,True,0.3174061433447099,0.6177474402730375,True,15.0,False,True,15.0,False,True,30.0,True,True,True,True,True,False,False,-1.0,True,-1.0,-1.0,-0.10734463276836158,73.25,0.21666666666666667,,2,True,True,False,False,False,Q4_strong,>0.30R,after 13:30,narrow,Wed
2023-07-27,down,True,165,0.21910112359550563,2.2436974789915967,4,False,True,0.17415730337078653,1.9419475655430711,False,,False,False,,False,False,,False,False,False,False,True,False,True,1.0859375,False,,,,133.5,0.7333333333333333,,3,True,True,True,True,False,Q4_strong,0.15-0.30R,12:00-13:30,wide,Thu
2023-07-28,up,True,30,0.09251101321585903,1.4344473007712084,3,False,True,0.15638766519823788,0.5881057268722467,True,135.0,False,True,135.0,False,True,150.0,False,False,False,False,True,True,True,0.14869888475836432,True,0.36123348017621143,0.36123348017621143,-0.5476772616136919,113.5,0.5333333333333333,,4,True,True,False,False,False,Q3,0.05-0.15R,10:30-11:00,mid,Fri
2023-08-01,up,True,15,0.028735632183908046,0.49095607235142114,3,False,True,0.23563218390804597,0.39080459770114945,True,15.0,True,True,15.0,True,False,,False,False,False,False,True,False,True,-0.021739130434782608,True,0.034482758620689655,0.034482758620689655,,87.0,0.3333333333333333,,1,True,False,False,False,False,Q1_weak,<0.05R,10:30-11:00,narrow,Tue
2023-08-02,down,True,15,0.2322357019064125,1.388455538221529,2,False,True,0.03986135181975736,0.7660311958405546,False,,False,False,,False,False,,False,False,False,False,False,False,True,0.2153846153846154,False,,,,144.25,0.85,,2,True,True,False,False,False,Q3,0.15-0.30R,10:30-11:00,widest,Wed
2023-08-03,up,True,105,0.06060606060606061,0.6132743362831858,2,False,True,0.15151515151515152,0.49134199134199136,True,90.0,False,True,90.0,True,True,90.0,False,False,False,False,True,False,False,-0.6718146718146718,True,-0.6320346320346321,-0.6320346320346321,0.3087719298245614,115.5,0.5666666666666667,,3,True,False,False,False,False,Q1_weak,0.05-0.15R,12:00-13:30,mid,Thu
2023-08-04,up,True,105,0.03800786369593709,1.0273348519362187,1,False,True,0.03800786369593709,0.1402359108781127,True,15.0,True,True,45.0,True,True,60.0,True,True,True,True,True,False,False,-1.0,True,-1.0,-1.0,2.6864406779661016,190.75,1.0,,4,False,False,False,False,False,Q2,<0.05R,12:00-13:30,widest,Fri
2023-08-04,down,False,255,0.0982961992136304,0.8490059108006448,5,True,False,,0.2948885976408912,True,15.0,True,True,15.0,True,False,,False,False,False,False,False,False,True,0.140197152245345,True,0.36435124508519,0.36435124508519,,190.75,1.0,,4,True,False,False,False,False,Q2,0.05-0.15R,after 13:30,widest,Fri
2023-08-07,up,True,315,0.11397849462365592,2.325102880658436,2,True,False,,0.0,False,,False,False,,False,False,,False,False,False,False,False,False,False,,False,,,,116.25,0.55,,0,False,False,False,False,False,Q4_strong,0.05-0.15R,after 13:30,mid,Mon
2023-08-08,down,True,15,0.09040590405904059,1.908006814310051,1,False,True,0.07749077490774908,0.1918819188191882,True,15.0,True,True,30.0,True,True,165.0,True,False,True,False,True,False,False,-1.0,True,-1.0,-1.0,0.8241379310344827,135.5,0.7166666666666667,,1,False,False,False,False,False,Q3,0.05-0.15R,10:30-11:00,wide,Tue
2023-08-09,down,True,15,0.45617977528089887,2.5757575757575757,3,False,True,0.25617977528089886,0.9955056179775281,True,165.0,False,True,165.0,False,False,,False,False,False,False,True,False,True,0.24676850763807284,True,1.0,1.3842696629213482,,111.25,0.4666666666666667,,2,True,True,False,False,False,Q4_strong,>0.30R,10:30-11:00,mid,Wed
2023-08-10,down,True,75,0.21153846153846154,1.602502406159769,8,False,True,0.14201183431952663,0.8121301775147929,True,60.0,True,False,,False,False,,False,False,False,False,True,True,True,0.3076923076923077,True,1.0,0.8609467455621301,,169.0,0.9333333333333333,,3,True,True,False,False,False,Q3,0.15-0.30R,11:00-12:00,widest,Thu
2023-08-14,up,True,0,0.19927536231884058,1.963302752293578,1,False,True,0.17753623188405798,0.7282608695652174,True,105.0,True,False,,False,False,,False,False,False,False,True,True,True,0.7461139896373057,True,1.0,1.4420289855072463,,138.0,0.725,,0,True,True,False,False,False,Q3,0.15-0.30R,10:30-11:00,wide,Mon
2023-08-15,down,True,285,0.1641025641025641,3.826429980276134,3,False,True,0.23076923076923078,0.26153846153846155,True,30.0,False,False,,False,False,,False,False,False,False,False,False,True,-0.16731016731016732,True,0.10598290598290598,0.10598290598290598,,146.25,0.8166666666666667,,1,True,False,False,False,False,Q4_strong,0.15-0.30R,after 13:30,widest,Tue
2023-08-16,down,True,75,0.06989247311827956,2.2108317214700195,5,False,True,0.17204301075268819,1.2123655913978495,True,15.0,True,True,150.0,False,False,,False,False,False,False,True,True,True,1.6320754716981132,True,1.0,2.0,,93.0,0.2833333333333333,,2,True,True,True,False,False,Q4_strong,0.05-0.15R,11:00-12:00,narrow,Wed
2023-08-17,down,True,0,0.07370517928286853,0.5407925407925408,5,False,False,,1.0159362549800797,True,15.0,True,True,15.0,True,False,,True,False,False,False,False,False,True,-1.0,True,-1.0,-1.0,,125.5,0.55,,3,True,True,True,False,False,Q1_weak,0.05-0.15R,10:30-11:00,mid,Thu
2023-08-18,up,True,30,0.005698005698005698,0.7003484320557491,1,False,True,0.39316239316239315,1.205128205128205,True,15.0,True,True,15.0,True,True,15.0,True,False,True,False,True,False,True,-1.0,True,-1.0,-1.0,-1.0,87.75,0.2,,4,True,True,True,False,False,Q1_weak,<0.05R,10:30-11:00,narrow,Fri
2023-08-21,down,True,60,0.08070866141732283,0.5215646940822467,4,False,False,,0.13188976377952755,True,15.0,True,True,15.0,True,True,45.0,True,True,True,True,False,False,False,-1.0,True,-1.0,-1.0,0.6570605187319885,127.0,0.55,,0,False,False,False,False,False,Q1_weak,0.05-0.15R,11:00-12:00,mid,Mon
2023-08-21,up,False,180,0.20275590551181102,0.9778310365488316,2,True,True,0.16535433070866143,0.639763779527559,False,,False,False,,False,False,,False,False,False,False,False,False,True,0.32212885154061627,False,,,,127.0,0.55,,0,True,True,False,False,False,Q2,0.15-0.30R,12:00-13:30,mid,Mon
2023-08-22,down,True,75,0.1402116402116402,0.5008976660682226,2,False,True,0.0873015873015873,0.6957671957671958,True,195.0,False,True,195.0,False,False,,False,False,False,False,True,False,True,0.40082644628099173,True,1.0,0.7936507936507936,,94.5,0.26666666666666666,,1,True,True,False,False,False,Q1_weak,0.05-0.15R,11:00-12:00,narrow,Tue
2023-08-23,up,True,0,0.0859106529209622,1.0232558139534884,5,False,True,0.03951890034364261,0.6701030927835051,False,,False,False,,False,False,,False,False,False,False,True,True,True,0.4750733137829912,False,,,,145.5,0.8,,2,True,True,False,False,False,Q2,0.05-0.15R,10:30-11:00,wide,Wed
2023-08-24,down,True,0,0.10074626865671642,0.4116575591985428,3,False,True,0.18936567164179105,0.8097014925373134,True,15.0,True,False,,False,False,,False,False,False,False,False,False,True,1.1521739130434783,True,1.0,1.585820895522388,,268.0,1.0,,3,True,True,False,False,False,Q1_weak,0.05-0.15R,10:30-11:00,widest,Thu
2023-08-25,down,True,0,0.24335664335664337,1.1441860465116278,2,False,True,0.22797202797202798,0.6615384615384615,True,60.0,False,True,60.0,False,True,285.0,True,False,True,False,True,False,False,-1.0,True,-1.0,-1.0,-0.1367112810707457,178.75,0.9333333333333333,,4,True,True,False,False,False,Q2,0.15-0.30R,10:30-11:00,widest,Fri
2023-08-28,down,True,60,0.020491803278688523,0.6857142857142857,5,False,False,,0.1721311475409836,True,15.0,True,True,15.0,True,False,,True,False,False,False,False,False,False,-1.0,True,-1.0,-1.0,,122.0,0.48333333333333334,,0,False,False,False,False,False,Q1_weak,<0.05R,11:00-12:00,mid,Mon
2023-08-29,up,True,0,0.024494142705005325,0.22429906542056074,5,False,True,0.16613418530351437,0.5665601703940362,True,15.0,True,False,,False,False,,False,False,False,False,True,True,True,0.8954314720812183,True,1.0,0.9882854100106496,,234.75,0.9833333333333333,,1,True,True,False,False,False,Q1_weak,<0.05R,10:30-11:00,widest,Tue
2023-08-30,up,True,105,0.017013232514177693,0.39568345323741005,4,False,False,,0.11720226843100189,True,15.0,True,True,60.0,True,True,120.0,False,False,False,False,False,False,False,-0.10968921389396709,True,-0.07939508506616257,-0.07939508506616257,-0.6856060606060606,132.25,0.6166666666666667,,2,False,False,False,False,False,Q1_weak,<0.05R,12:00-13:30,wide,Wed
2023-09-01,down,True,15,0.024350649350649352,1.5428109854604202,2,False,True,0.12824675324675325,0.2905844155844156,True,15.0,True,True,30.0,True,False,,False,False,False,False,True,False,False,-0.30959752321981426,True,-0.275974025974026,-0.275974025974026,,154.0,0.8333333333333334,,4,True,False,False,False,False,Q3,<0.05R,10:30-11:00,widest,Fri
2023-09-05,up,True,30,0.5294117647058824,3.7549668874172184,5,False,True,0.17027863777089783,0.7832817337461301,True,30.0,True,True,30.0,False,False,,False,False,False,False,True,True,True,-0.39097744360902253,True,1.0,0.25386996904024767,,80.75,0.1,,1,True,True,False,False,False,Q4_strong,>0.30R,10:30-11:00,narrowest,Tue
2023-09-06,down,True,15,0.08155339805825243,1.188212927756654,1,False,False,,0.5825242718446602,True,30.0,True,True,30.0,True,False,,False,False,False,False,False,False,False,-0.3071786310517529,True,1.0,-0.1941747572815534,,128.75,0.55,,2,True,True,False,False,False,Q2,0.05-0.15R,10:30-11:00,mid,Wed
2023-09-07,up,True,0,0.3592814371257485,2.546419098143236,1,False,False,,0.8473053892215568,True,15.0,True,True,15.0,True,True,75.0,True,False,True,False,False,False,True,-1.0,True,-1.0,-1.0,-1.0,83.5,0.13333333333333333,,3,True,True,False,False,False,Q4_strong,>0.30R,10:30-11:00,narrowest,Thu
2023-09-08,down,True,285,0.047619047619047616,0.6988352745424292,1,False,False,,0.11180124223602485,True,15.0,False,True,15.0,True,True,30.0,False,False,False,False,False,False,False,-0.46880907372400754,True,-0.41821946169772256,-0.41821946169772256,,120.75,0.45,,4,False,False,False,False,False,Q1_weak,<0.05R,after 13:30,mid,Fri
2023-09-11,up,True,195,0.1872146118721461,1.1575061525840853,5,False,True,0.07534246575342465,0.4497716894977169,False,,False,False,,False,False,,False,False,False,False,False,False,True,0.08970099667774087,False,,,,109.5,0.3416666666666667,,0,True,False,False,False,False,Q2,0.15-0.30R,after 13:30,narrow,Mon
2023-09-12,down,True,0,0.04777070063694268,0.20556745182012848,3,False,True,0.3662420382165605,1.2292993630573248,True,15.0,True,True,165.0,False,False,,False,False,False,False,False,False,True,1.7383720930232558,True,1.0,2.0,,78.5,0.08333333333333333,,1,True,True,True,False,False,Q1_weak,<0.05R,10:30-11:00,narrowest,Tue
2023-09-13,up,True,30,0.16783216783216784,0.6308243727598566,4,False,False,,0.5431235431235432,True,45.0,True,True,60.0,True,False,,False,False,False,False,False,False,False,-0.34904013961605584,True,1.0,-0.13053613053613053,,107.25,0.35,,2,True,True,False,False,False,Q1_weak,0.15-0.30R,10:30-11:00,narrow,Wed
2023-09-14,up,True,0,0.06264501160092807,3.411371237458194,2,False,True,0.5846867749419954,0.703016241299304,True,60.0,True,True,60.0,False,False,,False,False,False,False,True,True,True,0.44536082474226807,True,1.0,0.6264501160092807,,107.75,0.36666666666666664,,3,True,True,False,False,False,Q4_strong,0.05-0.15R,10:30-11:00,narrow,Thu
2023-09-15,down,True,15,0.28751974723538704,1.7009493670886076,2,False,True,0.1500789889415482,0.7109004739336493,False,,False,False,,False,False,,False,False,False,False,False,False,True,0.26479438314944836,False,,,,158.25,0.8833333333333333,,4,True,True,False,False,False,Q3,0.15-0.30R,10:30-11:00,widest,Fri
2023-09-18,up,True,60,0.0025906735751295338,1.0518518518518518,4,False,True,0.07772020725388601,0.22279792746113988,True,15.0,True,True,30.0,True,False,,True,False,False,False,True,False,False,-1.0,True,-1.0,-1.0,,96.5,0.26666666666666666,,0,False,False,False,False,False,Q2,<0.05R,11:00-12:00,narrow,Mon
2023-09-19,down,True,0,0.0798004987531172,1.6416184971098267,1,False,True,0.0399002493765586,0.24438902743142144,True,15.0,False,True,30.0,True,True,135.0,True,True,True,True,True,False,False,-1.0,True,-1.0,-1.0,1.2889908256880733,100.25,0.31666666666666665,,1,False,False,False,False,False,Q3,0.05-0.15R,10:30-11:00,narrow,Tue
2023-09-19,up,False,240,0.19950124688279303,2.0,1,True,False,,0.34663341645885287,True,15.0,False,True,15.0,True,True,15.0,False,False,False,False,False,False,True,-0.2281639928698752,True,0.0798004987531172,0.0798004987531172,-0.4875,100.25,0.31666666666666665,,1,True,False,False,False,False,Q3,0.15-0.30R,after 13:30,narrow,Tue
2023-09-20,down,True,30,0.026936026936026935,0.3157894736842105,2,False,True,0.030303030303030304,2.8754208754208754,True,15.0,True,True,45.0,True,False,,False,False,False,False,True,False,True,1.8466453674121406,True,1.0,2.0,,74.25,0.08333333333333333,,2,True,True,True,True,True,Q1_weak,<0.05R,10:30-11:00,narrowest,Wed
2023-09-21,down,True,270,0.1506172839506173,1.476274165202109,2,False,True,0.07407407407407407,0.5901234567901235,False,,False,False,,False,False,,False,False,False,False,False,False,True,0.6375711574952562,False,,,,101.25,0.35,,3,True,True,False,False,False,Q3,0.15-0.30R,after 13:30,narrow,Thu
2023-09-22,up,True,0,0.39473684210526316,1.2571428571428571,2,False,True,0.3651315789473684,0.8355263157894737,True,165.0,False,True,165.0,False,True,180.0,True,True,True,True,True,True,False,-1.0,True,-1.0,-1.0,0.2827586206896552,76.0,0.1,,4,True,True,False,False,False,Q2,>0.30R,10:30-11:00,narrowest,Fri
2023-09-22,down,False,210,0.09210526315789473,1.6063291139240508,6,True,True,0.009868421052631578,0.46710526315789475,True,15.0,True,True,15.0,True,False,,True,True,False,False,True,False,True,-1.0,True,-1.0,-1.0,,76.0,0.1,,4,True,False,False,False,False,Q3,0.05-0.15R,after 13:30,narrowest,Fri
2023-09-25,up,True,60,0.15350877192982457,0.6195899772209568,3,False,True,0.05701754385964912,0.375,True,15.0,True,True,60.0,True,False,,False,False,False,False,True,False,True,0.3053691275167785,True,0.706140350877193,0.706140350877193,,114.0,0.5,,0,True,False,False,False,False,Q1_weak,0.15-0.30R,11:00-12:00,mid,Mon
2023-09-26,down,True,180,0.11088295687885011,1.420849420849421,2,False,False,,0.4784394250513347,True,15.0,True,True,15.0,True,False,,False,False,False,False,False,False,True,0.030252100840336135,True,0.2587268993839836,0.2587268993839836,,121.75,0.55,,1,True,False,False,False,False,Q3,0.05-0.15R,12:00-13:30,mid,Tue
2023-09-27,down,True,15,0.1725,1.0561660561660562,2,False,True,0.165,1.2,True,15.0,True,True,15.0,True,True,255.0,True,True,True,True,True,False,False,1.2304832713754648,True,1.0,2.0,-0.21223470661672908,100.0,0.3333333333333333,,2,True,True,True,False,False,Q2,0.15-0.30R,10:30-11:00,narrow,Wed
2023-09-28,up,True,15,0.0650759219088937,0.7342143906020558,2,False,True,0.40563991323210413,1.5119305856832972,True,15.0,True,False,,False,False,,False,False,False,False,True,False,True,1.654510556621881,True,1.0,2.0,,115.25,0.5166666666666667,,3,True,True,True,True,False,Q1_weak,0.05-0.15R,10:30-11:00,mid,Thu
2023-09-29,down,True,45,0.1763085399449036,1.1886792452830188,3,False,True,0.14600550964187328,1.7520661157024793,False,,False,False,,False,False,,False,False,False,False,False,False,True,1.2179226069246436,False,,,,90.75,0.25,,4,True,True,True,True,False,Q2,0.15-0.30R,11:00-12:00,narrow,Fri
2023-10-02,up,True,45,0.3235294117647059,2.039671682626539,3,False,True,0.0847750865051903,0.3719723183391003,True,15.0,False,True,15.0,True,True,30.0,True,False,True,False,True,False,False,-1.0,True,-1.0,-1.0,-0.5442043222003929,144.5,0.8166666666666667,,0,True,False,False,False,False,Q3,>0.30R,11:00-12:00,widest,Mon
2023-10-03,down,True,15,0.11029411764705882,0.813953488372093,1,False,True,0.04779411764705882,0.5845588235294118,True,90.0,True,False,,False,False,,False,False,False,False,True,False,True,0.23092369477911648,True,1.0,0.5024509803921569,,204.0,0.9666666666666667,,1,True,True,False,False,False,Q2,0.05-0.15R,10:30-11:00,widest,Tue
2023-10-04,up,True,45,0.0425,0.6213355048859935,2,False,True,0.1,1.215,True,15.0,True,True,150.0,False,False,,False,False,False,False,True,True,True,1.7649769585253456,True,1.0,2.0,,100.0,0.3416666666666667,,2,True,True,True,False,False,Q1_weak,<0.05R,11:00-12:00,narrow,Wed
2023-10-05,down,True,0,0.147239263803681,1.7576853526220615,1,False,True,0.09969325153374232,0.2898773006134969,True,45.0,False,True,75.0,True,True,90.0,True,False,True,False,True,False,False,-1.0,True,-1.0,-1.0,0.5558441558441558,163.0,0.8833333333333333,,3,True,False,False,False,False,Q3,0.05-0.15R,10:30-11:00,widest,Thu
2023-10-06,up,True,0,0.23508771929824562,1.4334140435835352,5,False,True,0.3824561403508772,2.2140350877192985,False,,False,False,,False,False,,False,False,False,False,False,False,True,1.0405727923627686,False,,,,142.5,0.75,,4,True,True,True,True,True,Q3,0.15-0.30R,10:30-11:00,wide,Fri
2023-10-09,up,True,150,0.05543710021321962,0.6100558659217877,2,False,True,0.43070362473347545,1.2452025586353945,False,,False,False,,False,False,,False,False,False,False,True,False,True,1.7005758157389634,False,,,,117.25,0.5333333333333333,,0,True,True,True,False,False,Q1_weak,0.05-0.15R,12:00-13:30,mid,Mon
2023-10-10,up,True,0,0.1565217391304348,1.0454545454545454,5,False,True,0.12391304347826088,0.7695652173913043,True,150.0,False,True,150.0,False,False,,False,False,False,False,True,True,False,-0.5662251655629139,True,1.0,-0.43043478260869567,,115.0,0.4666666666666667,,1,True,True,False,False,False,Q2,0.15-0.30R,10:30-11:00,mid,Tue
2023-10-11,down,True,60,0.023121387283236993,0.7119155354449472,2,False,True,0.33236994219653176,0.5520231213872833,True,15.0,True,True,15.0,True,True,255.0,True,False,True,False,True,False,False,-1.0,True,1.0,-1.0,,86.5,0.15,,2,True,True,False,False,False,Q1_weak,<0.05R,11:00-12:00,narrowest,Wed
2023-10-12,up,True,105,0.013157894736842105,1.3922594142259415,1,False,False,,0.08157894736842106,True,15.0,False,True,15.0,True,True,45.0,True,True,True,True,False,False,False,-1.0,True,-1.0,-1.0,-0.2332089552238806,95.0,0.23333333333333334,,3,False,False,False,False,False,Q3,<0.05R,12:00-13:30,narrow,Thu
2023-10-12,down,False,150,0.32894736842105265,4.777027027027027,3,True,True,0.9552631578947368,1.5763157894736841,False,,False,False,,False,False,,False,False,False,False,False,False,True,0.8095238095238095,False,,,,95.0,0.23333333333333334,,3,True,True,True,True,False,Q4_strong,>0.30R,12:00-13:30,narrow,Thu
2023-10-13,down,True,15,0.6492537313432836,3.7037037037037037,4,False,True,0.5049751243781094,2.029850746268657,False,,False,False,,False,False,,False,False,False,False,False,False,True,0.3051948051948052,False,,,,100.5,0.3333333333333333,,4,True,True,True,True,True,Q4_strong,>0.30R,10:30-11:00,narrow,Fri
2023-10-16,up,True,0,0.056925996204933584,0.32653061224489793,5,False,True,0.17267552182163187,0.27514231499051234,True,15.0,True,True,60.0,True,False,,True,False,False,False,True,False,False,-1.0,True,-1.0,-1.0,,131.75,0.6833333333333333,,0,True,False,False,False,False,Q1_weak,0.05-0.15R,10:30-11:00,wide,Mon
2023-10-17,up,True,0,0.024350649350649352,0.6055045871559633,3,False,True,0.07305194805194805,0.6818181818181818,True,15.0,True,True,15.0,True,False,,False,False,False,False,True,False,True,0.4086687306501548,True,1.0,0.4772727272727273,,154.0,0.8583333333333333,,1,True,True,False,False,False,Q1_weak,<0.05R,10:30-11:00,widest,Tue
2023-10-18,down,True,15,0.20588235294117646,1.9636363636363636,4,False,True,0.1568627450980392,1.3970588235294117,True,15.0,True,True,30.0,True,False,,True,False,False,False,True,False,True,-1.0,True,-1.0,-1.0,,102.0,0.35,,2,True,True,True,False,False,Q3,0.15-0.30R,10:30-11:00,narrow,Wed
2023-10-19,down,True,30,0.04245283018867924,0.36905871388630007,2,False,False,,1.4221698113207548,True,15.0,True,True,15.0,True,True,30.0,True,True,True,True,False,False,True,-1.0,True,-1.0,-1.0,0.8184713375796179,106.0,0.36666666666666664,,3,True,True,True,False,False,Q1_weak,<0.05R,10:30-11:00,narrow,Thu
2023-10-20,down,True,0,0.23856858846918488,1.450777202072539,5,False,True,0.18886679920477137,0.8628230616302187,True,135.0,True,True,135.0,False,False,,False,False,False,False,True,False,True,0.7429340511440108,True,1.0,1.5745526838966202,,125.75,0.65,,4,True,True,False,False,False,Q3,0.15-0.30R,10:30-11:00,wide,Fri
2023-10-23,up,True,0,0.012968299711815562,0.42792792792792794,4,False,True,0.10806916426512968,0.9567723342939481,True,15.0,True,False,,False,False,,False,False,False,False,True,False,True,0.18258426966292135,True,1.0,0.2132564841498559,,173.5,0.9166666666666666,,0,True,True,False,False,False,Q1_weak,<0.05R,10:30-11:00,widest,Mon
2023-10-24,up,True,0,0.07142857142857142,0.34196891191709844,2,False,False,,0.3131868131868132,True,15.0,True,True,15.0,True,True,45.0,True,True,True,True,False,False,False,-1.0,True,-1.0,-1.0,0.5775577557755776,91.0,0.16666666666666666,,1,True,False,False,False,False,Q1_weak,0.05-0.15R,10:30-11:00,narrowest,Tue
2023-10-24,down,False,105,0.17032967032967034,2.679955703211517,2,True,True,0.5,0.5769230769230769,True,60.0,False,True,60.0,False,True,135.0,True,True,True,True,True,False,False,-1.0,True,-1.0,-1.0,0.1762295081967213,91.0,0.16666666666666666,,1,True,True,False,False,False,Q4_strong,0.15-0.30R,12:00-13:30,narrowest,Tue
2023-10-25,down,True,75,0.11639344262295082,0.8766692851531814,3,False,True,0.054098360655737705,0.9540983606557377,False,,False,False,,False,False,,False,False,False,False,True,False,True,1.0930851063829787,False,,,,152.5,0.8166666666666667,,2,True,True,False,False,False,Q2,0.05-0.15R,11:00-12:00,widest,Wed
2023-10-26,down,True,45,0.06472919418758256,0.7341640706126686,2,False,True,0.12285336856010567,0.6842800528401585,True,15.0,True,True,195.0,False,False,,False,False,False,False,True,False,True,0.5894736842105263,True,1.0,0.7952443857331571,,189.25,0.9333333333333333,,3,True,True,False,False,False,Q1_weak,0.05-0.15R,11:00-12:00,widest,Thu
2023-10-27,down,True,0,0.1751592356687898,2.1046831955922864,2,False,False,,1.035031847133758,True,15.0,True,True,15.0,True,True,30.0,True,True,True,True,False,False,True,-1.0,True,-1.0,-1.0,-0.054455445544554455,78.5,0.058333333333333334,,4,True,True,True,False,False,Q3,0.15-0.30R,10:30-11:00,narrowest,Fri
2023-10-27,up,False,30,0.07006369426751592,1.1681415929203538,2,True,True,0.4299363057324841,0.4872611464968153,True,30.0,False,True,30.0,True,True,120.0,True,True,True,True,True,False,False,-1.0,True,-1.0,-1.0,-0.21512605042016808,78.5,0.058333333333333334,,4,True,False,False,False,False,Q2,0.05-0.15R,10:30-11:00,narrowest,Fri
2023-10-30,down,True,0,0.12006861063464837,0.5861182519280206,3,False,True,0.36363636363636365,0.1680960548885077,True,15.0,True,True,15.0,True,False,,True,False,False,False,True,False,False,-1.0,True,-1.0,-1.0,,145.75,0.7833333333333333,,0,False,False,False,False,False,Q1_weak,0.05-0.15R,10:30-11:00,wide,Mon
2023-10-31,up,True,135,0.0574468085106383,0.3262357414448669,3,False,True,0.1574468085106383,0.6382978723404256,True,15.0,True,True,15.0,True,False,,False,False,False,False,True,True,True,0.8244274809160306,True,1.0,1.0340425531914894,,117.5,0.5166666666666667,,1,True,True,False,False,False,Q1_weak,0.05-0.15R,12:00-13:30,mid,Tue
2023-11-01,up,True,0,0.034482758620689655,0.3357142857142857,3,False,True,0.3367139959432049,1.002028397565923,True,15.0,True,True,15.0,True,False,,True,False,False,False,True,False,True,-1.0,True,-1.0,-1.0,,123.25,0.6,,2,True,True,True,False,False,Q1_weak,<0.05R,10:30-11:00,wide,Wed
2023-11-02,up,True,15,0.07530120481927711,0.5651340996168582,3,False,True,0.009036144578313253,0.6746987951807228,True,15.0,True,True,15.0,True,False,,False,False,False,False,True,True,True,0.8534031413612565,True,1.0,1.1325301204819278,,83.0,0.1,,3,True,True,False,False,False,Q1_weak,0.05-0.15R,10:30-11:00,narrowest,Thu
2023-11-03,up,True,105,0.16089613034623218,1.0927152317880795,5,False,True,0.15682281059063136,0.5315682281059063,True,60.0,True,False,,False,False,,False,False,False,False,True,True,True,-0.10477657935285054,True,1.0,0.18329938900203666,,122.75,0.6,,4,True,True,False,False,False,Q2,0.15-0.30R,12:00-13:30,wide,Fri
2023-11-06,down,True,150,0.1413793103448276,2.3271767810026383,1,False,True,0.04827586206896552,0.6482758620689655,True,90.0,False,True,90.0,False,True,105.0,True,False,True,False,True,False,False,-1.0,True,-1.0,-1.0,0.38267148014440433,72.5,0.016666666666666666,,0,True,True,False,False,False,Q4_strong,0.05-0.15R,12:00-13:30,narrowest,Mon
2023-11-07,up,True,0,0.1496881496881497,1.0718232044198894,2,False,True,0.1288981288981289,0.5654885654885655,True,105.0,True,False,,False,False,,False,False,False,False,True,True,True,0.1664,True,1.0,0.5155925155925156,,120.25,0.55,,1,True,True,False,False,False,Q2,0.05-0.15R,10:30-11:00,mid,Tue
2023-11-08,down,True,75,0.02572347266881029,2.170854271356784,1,False,True,0.17363344051446947,0.6816720257234726,True,15.0,True,True,75.0,False,True,105.0,True,False,True,False,True,True,False,-1.0,True,1.0,-1.0,0.2721311475409836,77.75,0.06666666666666667,,2,True,True,False,False,False,Q4_strong,<0.05R,11:00-12:00,narrowest,Wed
2023-11-09,up,True,75,0.12149532710280374,1.2222222222222223,2,True,False,,0.2616822429906542,True,15.0,False,True,15.0,True,True,30.0,True,True,True,True,False,False,False,-1.0,True,-1.0,-1.0,0.694560669456067,80.25,0.11666666666666667,,3,True,False,False,False,False,Q2,0.05-0.15R,11:00-12:00,narrowest,Thu
2023-11-09,down,False,195,0.12149532710280374,0.6952506596306068,2,True,True,0.0778816199376947,1.442367601246106,False,,False,False,,False,False,,False,False,False,False,False,False,True,1.413533834586466,False,,,,80.25,0.11666666666666667,,3,True,True,True,False,False,Q1_weak,0.05-0.15R,after 13:30,narrowest,Thu
2023-11-10,up,True,30,0.6099706744868035,3.0549450549450547,3,False,True,0.6774193548387096,2.5073313782991202,False,,False,False,,False,False,,False,False,False,False,True,True,True,0.3513870541611625,False,,,,85.25,0.18333333333333332,,4,True,True,True,True,True,Q4_strong,>0.30R,10:30-11:00,narrow,Fri
2023-11-13,up,True,30,0.2847457627118644,1.544235924932976,3,False,True,0.003389830508474576,0.6847457627118644,True,135.0,False,False,,False,False,,False,False,False,False,True,False,True,-0.21166306695464362,True,1.0,0.23728813559322035,,73.75,0.03333333333333333,,0,True,True,False,False,False,Q3,0.15-0.30R,10:30-11:00,narrowest,Mon
2023-11-14,up,True,0,0.06940874035989718,0.6089965397923875,5,False,False,,0.3213367609254499,True,15.0,True,True,15.0,True,False,,True,False,False,False,False,False,False,-1.0,True,-1.0,-1.0,,97.25,0.31666666666666665,,1,True,False,False,False,False,Q1_weak,0.05-0.15R,10:30-11:00,narrow,Tue
2023-11-15,down,True,75,0.10740740740740741,0.8521594684385383,2,True,True,0.2,1.0888888888888888,True,15.0,True,True,30.0,True,False,,False,False,False,False,False,False,True,1.4695121951219512,True,1.0,2.0,,67.5,0.016666666666666666,,2,True,True,True,False,False,Q2,0.05-0.15R,11:00-12:00,narrowest,Wed
2023-11-16,down,True,45,0.15527950310559005,2.234042553191489,1,False,False,,0.35403726708074534,True,15.0,True,True,30.0,True,True,45.0,True,True,True,True,False,False,False,-1.0,True,-1.0,-1.0,0.6515151515151515,80.5,0.16666666666666666,,3,True,False,False,False,False,Q4_strong,0.15-0.30R,11:00-12:00,narrowest,Thu
2023-11-17,up,True,90,0.1813953488372093,0.603085553997195,4,True,True,0.04186046511627907,1.1023255813953488,True,15.0,True,True,15.0,True,False,,False,False,False,False,True,False,True,1.2013651877133107,True,1.0,2.0,,53.75,0.016666666666666666,,4,True,True,True,False,False,Q1_weak,0.15-0.30R,11:00-12:00,narrowest,Fri
2023-11-20,up,True,30,0.02558139534883721,0.1875,3,False,True,0.2558139534883721,1.0651162790697675,True,15.0,True,False,,False,False,,False,False,False,False,False,False,True,1.8539823008849559,True,1.0,2.0,,107.5,0.5166666666666667,,0,True,True,True,False,False,Q1_weak,<0.05R,10:30-11:00,mid,Mon
2023-11-27,up,True,75,0.05,1.0887096774193548,3,False,True,0.10625,0.4875,True,15.0,True,True,135.0,True,True,165.0,True,False,True,False,True,False,False,-1.0,True,-1.0,-1.0,0.041401273885350316,80.0,0.16666666666666666,,0,True,False,False,False,False,Q2,<0.05R,11:00-12:00,narrowest,Mon
2023-11-28,up,True,0,0.7193877551020408,9.625,3,False,True,0.22959183673469388,1.3061224489795917,True,15.0,True,True,150.0,False,False,,True,False,False,False,True,True,True,0.2301255230125523,True,1.0,2.0,,49.0,0.016666666666666666,,1,True,True,True,False,False,Q4_strong,>0.30R,10:30-11:00,narrowest,Tue
2023-11-29,down,True,30,0.1396761133603239,1.97456279809221,1,False,True,0.13765182186234817,0.5789473684210527,True,75.0,True,True,75.0,True,False,,False,False,False,False,True,False,True,0.5284810126582279,True,1.0,0.9554655870445344,,123.5,0.7666666666666667,,2,True,True,False,False,False,Q3,0.05-0.15R,10:30-11:00,wide,Wed
2023-11-30,down,True,0,0.07156308851224105,1.927710843373494,5,False,True,0.20527306967984935,0.4726930320150659,True,15.0,True,True,15.0,True,False,,True,False,False,False,True,False,False,-1.0,True,-1.0,-1.0,,132.75,0.8166666666666667,,3,True,False,False,False,False,Q3,0.05-0.15R,10:30-11:00,widest,Thu
2023-12-01,up,True,30,0.14444444444444443,4.123943661971831,3,True,True,0.14166666666666666,0.9611111111111111,True,15.0,True,True,15.0,True,False,,False,False,False,False,True,True,True,0.8362068965517241,True,1.0,1.3666666666666667,,90.0,0.3,,4,True,True,False,False,False,Q4_strong,0.05-0.15R,10:30-11:00,narrow,Fri
2023-12-04,down,True,15,0.07129094412331406,0.3777335984095428,4,False,False,,0.19653179190751446,True,15.0,False,True,15.0,True,True,105.0,True,True,True,True,False,False,False,-1.0,True,-1.0,-1.0,0.1290909090909091,129.75,0.7833333333333333,,0,False,False,False,False,False,Q1_weak,0.05-0.15R,10:30-11:00,wide,Mon
2023-12-05,up,True,15,0.09609120521172639,0.696,2,False,False,,0.15798045602605862,True,15.0,False,True,15.0,True,True,30.0,True,False,True,False,False,False,False,-1.0,True,-1.0,-1.0,-0.41839762611275966,153.5,0.8833333333333333,,1,False,False,False,False,False,Q1_weak,0.05-0.15R,10:30-11:00,widest,Tue
2023-12-06,down,True,60,0.035493827160493825,1.3262935586061246,2,False,True,0.05864197530864197,0.45524691358024694,True,15.0,True,True,15.0,True,False,,False,False,False,False,True,False,True,0.6340057636887608,True,0.75,0.75,,162.0,0.9166666666666666,,2,True,False,False,False,False,Q3,<0.05R,11:00-12:00,widest,Wed
2023-12-07,up,True,15,0.0045662100456621,0.016313213703099513,4,False,True,0.3515981735159817,0.6301369863013698,True,15.0,True,True,15.0,True,False,,True,False,False,False,True,False,True,-1.0,True,-1.0,-1.0,,109.5,0.55,,3,True,True,False,False,False,Q1_weak,<0.05R,10:30-11:00,mid,Thu
2023-12-11,up,True,15,0.018867924528301886,0.7494866529774127,2,False,False,,0.6792452830188679,True,15.0,True,True,15.0,True,True,15.0,True,False,True,False,False,False,True,-1.0,True,-1.0,-1.0,-1.0,106.0,0.49166666666666664,,0,True,True,False,False,False,Q1_weak,<0.05R,10:30-11:00,mid,Mon
2023-12-12,up,True,15,0.06933333333333333,0.7782515991471216,3,False,True,0.013333333333333334,0.9546666666666667,True,15.0,True,True,60.0,True,False,,False,False,False,False,True,False,True,1.5128805620608898,True,1.0,1.8613333333333333,,93.75,0.31666666666666665,,1,True,True,False,False,False,Q1_weak,0.05-0.15R,10:30-11:00,narrow,Tue
2023-12-13,down,True,120,0.0625,1.0957683741648108,2,False,True,0.029166666666666667,0.3541666666666667,True,15.0,True,True,90.0,True,True,90.0,True,True,True,True,True,False,False,-1.0,True,-1.0,-1.0,-0.19950738916256158,60.0,0.05,,2,True,False,False,False,False,Q2,0.05-0.15R,12:00-13:30,narrowest,Wed
2023-12-13,up,False,210,0.3375,10.571917808219178,3,True,True,1.2041666666666666,2.4875,False,,False,False,,False,False,,False,False,False,False,True,True,True,0.7910447761194029,False,,,,60.0,0.05,,2,True,True,True,True,True,Q4_strong,>0.30R,after 13:30,narrowest,Wed
2023-12-14,down,True,0,0.06027397260273973,0.5786802030456852,4,False,False,,1.7315068493150685,True,15.0,True,True,15.0,True,False,,False,False,False,False,False,False,True,1.6772616136919316,True,1.0,2.0,,91.25,0.3333333333333333,,3,True,True,True,True,False,Q1_weak,0.05-0.15R,10:30-11:00,narrow,Thu
2023-12-15,up,True,45,0.11627906976744186,1.1896243291592128,1,False,False,,0.24709302325581395,True,15.0,True,True,15.0,True,True,75.0,True,True,True,True,False,False,False,-1.0,True,-1.0,-1.0,1.211340206185567,86.0,0.25,,4,False,False,False,False,False,Q2,0.05-0.15R,11:00-12:00,narrow,Fri
2023-12-15,down,False,180,0.023255813953488372,3.2055030094582975,1,True,True,0.0029069767441860465,0.20348837209302326,True,15.0,True,True,30.0,True,False,,True,True,False,False,True,False,False,-1.0,True,-1.0,-1.0,,86.0,0.25,,4,False,False,False,False,False,Q4_strong,<0.05R,12:00-13:30,narrow,Fri
2023-12-18,up,True,60,0.08904109589041095,0.8187633262260128,3,False,True,0.2226027397260274,0.9383561643835616,True,15.0,True,True,15.0,True,False,,False,False,False,False,True,True,True,0.6104651162790697,True,1.0,0.8972602739726028,,73.0,0.1,,0,True,True,False,False,False,Q2,0.05-0.15R,11:00-12:00,narrowest,Mon
2023-12-19,up,True,15,0.056338028169014086,1.8727272727272728,1,False,False,,0.5586854460093896,True,15.0,True,True,60.0,True,True,75.0,True,False,True,False,False,False,True,-1.0,True,-1.0,-1.0,-1.0,53.25,0.03333333333333333,,1,True,True,False,False,False,Q3,0.05-0.15R,10:30-11:00,narrowest,Tue
2023-12-20,up,True,0,0.12275449101796407,0.7518796992481203,5,False,True,0.15568862275449102,0.2275449101796407,True,15.0,False,True,15.0,True,True,240.0,True,True,True,True,True,False,False,-1.0,True,-1.0,-1.0,-0.15637860082304528,83.5,0.25,,2,False,False,False,False,False,Q1_weak,0.05-0.15R,10:30-11:00,narrow,Wed
2023-12-20,down,False,240,0.2275449101796407,5.819975339087547,5,True,True,1.125748502994012,2.5239520958083834,False,,False,False,,False,False,,False,False,False,False,True,True,True,1.0617283950617284,False,,,,83.5,0.25,,2,True,True,True,True,True,Q4_strong,0.15-0.30R,after 13:30,narrow,Wed
2023-12-21,down,True,90,0.04329004329004329,2.76271186440678,2,False,True,0.16883116883116883,0.24458874458874458,True,15.0,True,True,30.0,True,True,150.0,True,True,True,True,True,False,False,-1.0,True,-1.0,-1.0,0.6570605187319885,115.5,0.6166666666666667,,3,False,False,False,False,False,Q4_strong,<0.05R,11:00-12:00,wide,Thu
2023-12-22,down,True,90,0.23444976076555024,1.3402061855670104,1,False,False,,1.784688995215311,True,15.0,True,True,15.0,True,True,30.0,True,False,True,False,False,False,True,-1.0,True,-1.0,-1.0,-1.0,52.25,0.03333333333333333,,4,True,True,True,True,False,Q3,0.15-0.30R,11:00-12:00,narrowest,Fri
2023-12-26,up,True,165,0.03398058252427184,0.5113636363636364,4,False,False,,1.0533980582524272,True,15.0,True,True,15.0,True,False,,False,False,False,False,False,False,True,1.809090909090909,True,1.0,2.0,,51.5,0.03333333333333333,,1,True,True,True,False,False,Q1_weak,<0.05R,12:00-13:30,narrowest,Tue
2023-12-28,down,True,270,0.08444444444444445,2.6923076923076925,3,False,True,0.03111111111111111,0.4444444444444444,True,15.0,True,True,30.0,True,False,,False,False,False,False,True,False,True,0.22053231939163498,True,0.4266666666666667,0.4266666666666667,,56.25,0.1,,3,True,False,False,False,False,Q4_strong,0.05-0.15R,after 13:30,narrowest,Thu
2023-12-29,down,True,0,1.1111111111111112,22.38095238095238,4,False,True,1.2814814814814814,4.014814814814815,False,,False,False,,False,False,,False,False,False,False,False,False,True,-0.06896551724137931,False,,,,33.75,0.016666666666666666,,4,True,True,True,True,True,Q4_strong,>0.30R,10:30-11:00,narrowest,Fri
2024-01-02,down,True,0,0.007974481658692184,0.2314647377938517,5,False,True,0.12280701754385964,0.6012759170653907,True,15.0,True,True,30.0,True,False,,False,False,False,False,True,False,False,-0.06907378335949764,True,1.0,-0.05422647527910686,,156.75,0.9,,1,True,True,False,False,False,Q1_weak,<0.05R,10:30-11:00,widest,Tue
2024-01-03,down,True,300,0.1056701030927835,0.7881773399014779,4,False,False,,0.3556701030927835,False,,False,False,,False,False,,False,False,False,False,False,False,True,0.09361702127659574,False,,,,97.0,0.48333333333333334,,2,True,False,False,False,False,Q1_weak,0.05-0.15R,after 13:30,mid,Wed
2024-01-04,up,True,30,0.4222222222222222,2.1149425287356323,3,False,True,0.20833333333333334,0.5611111111111111,True,45.0,False,True,45.0,False,True,90.0,True,True,True,True,True,True,False,-1.0,True,-1.0,-1.0,0.6978851963746223,90.0,0.4083333333333333,,3,True,True,False,False,False,Q3,>0.30R,10:30-11:00,mid,Thu
2024-01-05,up,True,0,0.036093418259023353,0.8972972972972973,1,False,False,,0.18683651804670912,True,15.0,True,True,45.0,True,True,45.0,True,True,True,True,False,False,False,-1.0,True,-1.0,-1.0,1.3888888888888888,117.75,0.7,,4,False,False,False,False,False,Q2,<0.05R,10:30-11:00,wide,Fri
2024-01-05,down,False,255,0.11252653927813164,1.8801261829652998,3,True,True,0.15286624203821655,0.28662420382165604,True,45.0,False,True,45.0,True,False,,False,False,False,False,True,False,False,-0.5476603119584056,True,-0.445859872611465,-0.445859872611465,,117.75,0.7,,4,True,False,False,False,False,Q3,0.05-0.15R,after 13:30,wide,Fri
2024-01-08,up,True,0,0.05575539568345324,0.32592592592592595,2,False,True,0.0539568345323741,1.1996402877697843,True,30.0,True,False,,False,False,,False,False,False,False,True,True,True,1.6990291262135921,True,1.0,2.0,,139.0,0.8333333333333334,,0,True,True,True,False,False,Q1_weak,0.05-0.15R,10:30-11:00,widest,Mon
2024-01-09,up,True,30,0.17052023121387283,1.7275064267352187,1,False,True,0.3236994219653179,1.4046242774566473,False,,False,False,,False,False,,False,False,False,False,True,False,True,1.2370689655172413,False,,,,86.5,0.38333333333333336,,1,True,True,True,False,False,Q3,0.15-0.30R,10:30-11:00,mid,Tue
2024-01-10,up,True,0,0.15862068965517243,1.9911894273127753,3,False,True,0.1724137931034483,1.5034482758620689,True,30.0,True,True,30.0,True,False,,False,False,False,False,True,True,True,1.2774869109947644,True,1.0,2.0,,72.5,0.19166666666666668,,2,True,True,True,True,False,Q3,0.15-0.30R,10:30-11:00,narrow,Wed
2024-01-11,down,True,30,0.1689497716894977,1.5829291949563529,2,False,True,0.136986301369863,0.3264840182648402,True,90.0,False,True,90.0,True,True,165.0,True,False,True,False,True,False,False,-1.0,True,-1.0,-1.0,0.17565698478561548,219.0,1.0,,3,True,False,False,False,False,Q3,0.15-0.30R,10:30-11:00,widest,Thu
2024-01-12,down,True,75,0.0675990675990676,0.7840490797546013,2,False,True,0.15384615384615385,0.16783216783216784,True,15.0,True,True,15.0,True,True,135.0,True,False,True,False,True,False,False,-1.0,True,-1.0,-1.0,-0.2198581560283688,107.25,0.6,,4,False,False,False,False,False,Q1_weak,0.05-0.15R,11:00-12:00,wide,Fri
2024-01-16,up,True,0,0.043697478991596636,0.49087893864013266,4,False,True,0.18319327731092436,0.20168067226890757,True,30.0,False,True,30.0,True,False,,True,False,False,False,True,False,False,-1.0,True,-1.0,-1.0,,148.75,0.85,,1,False,False,False,False,False,Q1_weak,<0.05R,10:30-11:00,widest,Tue
2024-01-17,up,True,315,0.16747967479674797,1.7437961099932933,3,False,True,0.0959349593495935,0.0,False,,False,False,,False,False,,False,False,False,False,False,False,False,,False,,,,153.75,0.8833333333333333,,2,False,False,False,False,False,Q3,0.15-0.30R,after 13:30,widest,Wed
2024-01-18,up,True,0,0.1875,2.3203463203463204,2,False,True,0.09558823529411764,1.0514705882352942,True,15.0,True,True,90.0,False,True,90.0,True,True,True,True,True,False,True,-1.0,True,1.0,-1.0,0.29608938547486036,68.0,0.16666666666666666,,3,True,True,True,False,False,Q4_strong,0.15-0.30R,10:30-11:00,narrowest,Thu
2024-01-18,down,False,150,0.2647058823529412,1.9260780287474333,3,True,True,0.3088235294117647,0.6433823529411765,True,30.0,False,True,30.0,False,True,60.0,True,True,True,True,True,False,False,-1.0,True,-1.0,-1.0,0.002242152466367713,68.0,0.16666666666666666,,3,True,True,False,False,False,Q3,0.15-0.30R,12:00-13:30,narrowest,Thu
2024-01-19,up,True,30,0.3157894736842105,2.2897526501766787,1,False,True,0.11278195488721804,3.236842105263158,True,30.0,True,False,,False,False,,False,False,False,False,True,True,True,0.8387096774193549,True,1.0,2.0,,66.5,0.15,,4,True,True,True,True,True,Q4_strong,>0.30R,10:30-11:00,narrowest,Fri
2024-01-22,down,True,0,0.085995085995086,0.48214285714285715,3,False,True,0.044226044226044224,0.48402948402948404,True,30.0,True,True,45.0,True,False,,False,False,False,False,True,False,True,0.23060796645702306,True,0.44226044226044225,0.44226044226044225,,101.75,0.5833333333333334,,0,True,False,False,False,False,Q1_weak,0.05-0.15R,10:30-11:00,mid,Mon
2024-01-23,up,True,135,0.01910828025477707,3.5346715328467155,2,False,True,0.2197452229299363,0.6496815286624203,True,15.0,True,True,15.0,True,False,,False,False,False,False,True,True,True,0.9815950920245399,True,1.0,1.0573248407643312,,78.5,0.30833333333333335,,1,True,True,False,False,False,Q4_strong,<0.05R,12:00-13:30,narrow,Tue
2024-01-24,up,True,0,0.5368098159509203,1.9037974683544303,4,False,True,0.17177914110429449,0.9141104294478528,True,30.0,True,True,30.0,False,True,225.0,True,True,True,True,True,True,False,-1.0,True,1.0,-1.0,0.06484641638225255,81.5,0.38333333333333336,,2,True,True,False,False,False,Q3,>0.30R,10:30-11:00,mid,Wed
2024-01-24,down,False,285,0.25153374233128833,1.1049723756906078,3,True,True,0.12576687116564417,0.4110429447852761,True,15.0,True,True,15.0,True,False,,False,False,False,False,True,False,True,-0.12653061224489795,True,0.3128834355828221,0.3128834355828221,,81.5,0.38333333333333336,,2,True,False,False,False,False,Q2,0.15-0.30R,after 13:30,mid,Wed
2024-01-25,down,True,165,0.24853801169590642,1.7472852912142152,1,True,True,0.2807017543859649,1.2543859649122806,False,,False,False,,False,False,,False,False,False,False,True,True,True,1.00390625,False,,,,85.5,0.45,,3,True,True,True,False,False,Q3,0.15-0.30R,12:00-13:30,mid,Thu
2024-01-26,up,True,0,0.2403846153846154,1.4285714285714286,2,False,True,0.3814102564102564,0.6410256410256411,True,60.0,True,True,120.0,False,True,135.0,True,True,True,True,True,True,False,-1.0,True,1.0,-1.0,0.23076923076923078,78.0,0.3,,4,True,True,False,False,False,Q3,0.15-0.30R,10:30-11:00,narrow,Fri
2024-01-29,up,True,90,0.008695652173913044,0.2869757174392936,5,True,True,0.13043478260869565,2.3086956521739133,True,15.0,True,False,,False,False,,False,False,False,False,True,True,True,1.9487179487179487,True,1.0,2.0,,57.5,0.13333333333333333,,0,True,True,True,True,True,Q1_weak,<0.05R,11:00-12:00,narrowest,Mon
2024-01-30,down,True,105,0.43223443223443225,5.515669515669516,4,False,True,0.5311355311355311,1.0,False,,False,False,,False,False,,False,False,False,False,False,False,True,0.6090373280943026,False,,,,68.25,0.21666666666666667,,1,True,True,True,False,False,Q4_strong,>0.30R,12:00-13:30,narrow,Tue
2024-01-31,down,True,0,0.17511520737327188,0.970873786407767,3,False,True,0.12672811059907835,0.8064516129032258,True,30.0,True,True,30.0,True,True,135.0,True,True,True,True,True,False,True,-1.0,True,-1.0,-1.0,0.6436781609195402,108.5,0.7166666666666667,,2,True,True,False,False,False,Q2,0.15-0.30R,10:30-11:00,wide,Wed
2024-01-31,up,False,240,0.2903225806451613,8.453781512605042,1,True,True,0.16820276497695852,0.5299539170506913,True,15.0,True,True,15.0,False,True,30.0,True,True,True,True,True,True,False,-1.0,True,-1.0,-1.0,-0.13541666666666666,108.5,0.7166666666666667,,2,True,True,False,False,False,Q4_strong,0.15-0.30R,after 13:30,wide,Wed
2024-02-01,up,True,90,0.10831234256926953,2.109300095877277,5,True,True,0.06297229219143577,0.8463476070528967,True,15.0,True,True,15.0,True,False,,False,False,False,False,True,True,True,0.9979296066252588,True,1.0,1.4307304785894206,,99.25,0.6333333333333333,,3,True,True,False,False,False,Q3,0.05-0.15R,11:00-12:00,wide,Thu
2024-02-02,up,True,0,0.1861198738170347,2.896551724137931,1,False,True,0.08990536277602523,0.9558359621451105,True,30.0,True,False,,False,False,,False,False,False,False,True,True,True,0.7011494252873564,True,1.0,1.334384858044164,,158.5,0.9333333333333333,,4,True,True,False,False,False,Q4_strong,0.15-0.30R,10:30-11:00,widest,Fri
2024-02-05,down,True,0,0.25824175824175827,2.3365384615384617,3,False,True,0.08974358974358974,0.34065934065934067,True,30.0,False,True,30.0,True,True,120.0,True,True,True,True,True,False,False,-1.0,True,-1.0,-1.0,0.17307692307692307,136.5,0.8333333333333334,,0,True,False,False,False,False,Q4_strong,0.15-0.30R,10:30-11:00,widest,Mon
2024-02-06,down,True,75,0.06932153392330384,1.8566037735849057,2,False,True,0.15781710914454278,0.22123893805309736,True,30.0,True,True,30.0,True,True,240.0,False,False,False,False,True,False,False,-0.7797927461139896,True,-0.7492625368731564,-0.7492625368731564,,169.5,0.9833333333333333,,1,False,False,False,False,False,Q3,0.05-0.15R,11:00-12:00,widest,Tue
2024-02-08,up,True,15,0.40086206896551724,2.2203947368421053,2,False,True,0.22413793103448276,0.5258620689655172,True,30.0,True,True,30.0,True,False,,True,False,False,False,True,True,False,-1.0,True,1.0,-1.0,,58.0,0.15,,3,True,True,False,False,False,Q4_strong,>0.30R,10:30-11:00,narrowest,Thu
2024-02-09,up,True,0,0.18469656992084432,0.7977207977207977,2,False,True,0.10290237467018469,1.0686015831134565,True,60.0,True,False,,False,False,,False,False,False,False,False,False,True,1.1907514450867052,True,1.0,2.0,,94.75,0.5333333333333333,,4,True,True,True,False,False,Q2,0.15-0.30R,10:30-11:00,mid,Fri
2024-02-12,up,True,0,0.18857142857142858,3.18796992481203,2,False,True,0.41714285714285715,1.6114285714285714,True,180.0,False,True,180.0,False,True,180.0,True,True,True,True,True,True,False,1.1784232365145229,True,-1.0,-1.0,-0.017204301075268817,43.75,0.03333333333333333,,0,True,True,True,True,False,Q4_strong,0.15-0.30R,10:30-11:00,narrowest,Mon
2024-02-12,down,False,180,0.045714285714285714,3.385263157894737,2,True,True,0.7885714285714286,1.6228571428571428,True,15.0,True,True,15.0,True,False,,True,False,False,False,False,False,True,-1.0,True,-1.0,-1.0,,43.75,0.03333333333333333,,0,True,True,True,True,False,Q4_strong,<0.05R,12:00-13:30,narrowest,Mon
2024-02-13,up,True,0,0.2483974358974359,0.9646697388632872,2,False,True,0.3573717948717949,0.3141025641025641,True,15.0,False,True,15.0,True,True,210.0,True,True,True,True,True,False,False,-1.0,True,-1.0,-1.0,0.05128205128205128,156.0,0.8833333333333333,,1,True,False,False,False,False,Q2,0.15-0.30R,10:30-11:00,widest,Tue
2024-02-13,down,False,255,0.05128205128205128,1.8462859596393302,1,True,True,0.14423076923076922,0.28685897435897434,True,15.0,True,True,45.0,True,True,60.0,True,False,True,False,True,False,False,-1.0,True,-1.0,-1.0,,156.0,0.8833333333333333,,1,True,False,False,False,False,Q3,0.05-0.15R,after 13:30,widest,Tue
2024-02-14,down,True,30,0.20192307692307693,0.7606837606837606,3,False,True,0.4326923076923077,0.5072115384615384,True,15.0,True,True,15.0,True,True,270.0,True,True,True,True,True,False,False,-1.0,True,1.0,-1.0,-0.05855855855855856,104.0,0.6,,2,True,True,False,False,False,Q1_weak,0.15-0.30R,10:30-11:00,wide,Wed
2024-02-14,up,False,300,0.09375,0.9663608562691132,6,True,True,0.11538461538461539,0.38461538461538464,False,,False,False,,False,False,,False,False,False,False,False,False,True,0.20242914979757085,False,,,,104.0,0.6,,2,True,False,False,False,False,Q2,0.05-0.15R,after 13:30,wide,Wed
2024-02-15,up,True,165,0.16941176470588235,1.3987473903966599,2,True,True,0.03529411764705882,0.28,True,15.0,True,True,45.0,True,False,,False,False,False,False,True,False,True,-0.10193321616871705,True,0.2023529411764706,0.2023529411764706,,106.25,0.6166666666666667,,3,True,False,False,False,False,Q3,0.15-0.30R,12:00-13:30,wide,Thu
2024-02-20,down,True,90,0.10997732426303855,0.9000825763831545,3,False,True,0.10430839002267574,0.23129251700680273,True,45.0,False,True,90.0,True,True,180.0,True,False,True,False,True,False,False,-1.0,True,-1.0,-1.0,0.3250517598343685,220.5,1.0,,1,False,False,False,False,False,Q2,0.05-0.15R,11:00-12:00,widest,Tue
2024-02-21,down,True,105,0.032362459546925564,0.12222222222222222,2,False,True,0.19741100323624594,0.9773462783171522,True,15.0,True,True,30.0,True,True,210.0,True,True,True,True,True,False,False,-1.0,True,-1.0,-1.0,,77.25,0.2833333333333333,,2,True,True,False,False,False,Q1_weak,<0.05R,12:00-13:30,narrow,Wed
2024-02-21,up,False,315,0.1488673139158576,1.9146608315098468,3,True,True,0.7766990291262136,0.0,False,,False,False,,False,False,,False,False,False,False,False,False,False,,False,,,,77.25,0.2833333333333333,,2,False,False,False,False,False,Q3,0.05-0.15R,after 13:30,narrow,Wed
2024-02-22,up,True,60,0.02588235294117647,0.9583333333333334,3,False,False,,1.0988235294117648,True,15.0,True,True,15.0,True,False,,False,False,False,False,False,False,True,1.8523489932885906,True,1.0,2.0,,106.25,0.6083333333333333,,3,True,True,True,False,False,Q2,<0.05R,11:00-12:00,wide,Thu
2024-02-23,down,True,0,0.16336633663366337,0.6603415559772297,2,False,True,0.022277227722772276,0.9678217821782178,True,15.0,True,True,90.0,False,False,,False,False,False,False,True,False,True,0.6082089552238806,True,1.0,1.1336633663366336,,101.0,0.5333333333333333,,4,True,True,False,False,False,Q1_weak,0.15-0.30R,10:30-11:00,mid,Fri
2024-02-27,down,True,135,0.13934426229508196,1.310823311748381,4,False,True,0.03278688524590164,0.3524590163934426,True,15.0,True,True,15.0,True,True,90.0,True,False,True,False,True,False,False,-1.0,True,-1.0,-1.0,0.12082262210796915,91.5,0.4666666666666667,,1,True,False,False,False,False,Q2,0.05-0.15R,12:00-13:30,mid,Tue
2024-02-28,up,True,45,0.20567375886524822,1.4566473988439306,4,False,True,0.16312056737588654,0.40425531914893614,True,45.0,False,True,60.0,True,True,195.0,True,False,True,False,True,False,False,-1.0,True,-1.0,-1.0,-0.28125,70.5,0.23333333333333334,,2,True,False,False,False,False,Q3,0.15-0.30R,11:00-12:00,narrow,Wed
2024-02-29,down,True,45,0.01366120218579235,1.5914972273567467,1,False,False,,0.9043715846994536,True,15.0,True,True,30.0,False,True,90.0,True,True,True,True,False,False,False,-1.0,True,1.0,-1.0,0.42244897959183675,91.5,0.475,,3,True,True,False,False,False,Q3,<0.05R,11:00-12:00,mid,Thu
2024-03-01,up,True,30,0.18932038834951456,1.1456692913385826,2,False,True,0.11650485436893204,1.7087378640776698,False,,False,False,,False,False,,False,False,False,False,True,True,True,1.176056338028169,False,,,,103.0,0.6,,4,True,True,True,True,False,Q2,0.15-0.30R,10:30-11:00,wide,Fri
2024-03-04,up,True,270,0.16055045871559634,1.122565864833906,1,True,False,,0.20642201834862386,True,15.0,False,True,15.0,True,True,15.0,True,True,True,True,False,False,False,-1.0,True,-1.0,-1.0,1.603960396039604,54.5,0.1,,0,False,False,False,False,False,Q2,0.15-0.30R,after 13:30,narrowest,Mon
2024-03-04,down,False,315,0.39908256880733944,2.7637130801687766,3,True,True,0.45871559633027525,0.0,False,,False,False,,False,False,,False,False,False,False,False,False,False,,False,,,,54.5,0.1,,0,False,False,False,False,False,Q4_strong,>0.30R,after 13:30,narrowest,Mon
2024-03-05,down,True,0,0.13387978142076504,0.795355587808418,5,False,True,0.15710382513661203,0.6543715846994536,True,45.0,True,True,45.0,True,False,,False,False,False,False,False,False,True,-0.034482758620689655,True,1.0,0.22404371584699453,,183.0,0.95,,1,True,True,False,False,False,Q2,0.05-0.15R,10:30-11:00,widest,Tue
2024-03-06,up,True,90,0.20245398773006135,1.5800636267232238,2,False,True,0.11503067484662577,0.2929447852760736,True,45.0,False,True,90.0,True,True,105.0,True,False,True,False,True,False,False,-1.0,True,-1.0,-1.0,0.34366925064599485,163.0,0.9,,2,True,False,False,False,False,Q3,0.15-0.30R,11:00-12:00,widest,Wed
2024-03-07,up,True,0,0.21875,1.1796246648793565,4,False,True,0.010416666666666666,1.0104166666666667,True,15.0,True,False,,False,False,,False,False,False,False,False,False,True,1.0869565217391304,True,1.0,2.0,,120.0,0.7666666666666667,,3,True,True,True,False,False,Q2,0.15-0.30R,10:30-11:00,wide,Thu
2024-03-08,down,True,45,0.6081771720613288,2.3859154929577464,4,True,True,0.3679727427597956,1.877342419080068,False,,False,False,,False,False,,False,False,False,False,False,False,True,0.3535741737125288,False,,,,146.75,0.8,,4,True,True,True,True,False,Q4_strong,>0.30R,11:00-12:00,wide,Fri
2024-03-12,up,True,0,0.20827943078913325,0.6321626617375231,4,False,True,0.18499353169469598,0.6403622250970246,True,120.0,True,True,120.0,True,False,,False,False,False,False,True,True,True,0.4986301369863014,True,1.0,1.1228978007761967,,193.25,0.95,,1,True,True,False,False,False,Q1_weak,0.15-0.30R,10:30-11:00,widest,Tue
2024-03-13,down,True,60,0.031496062992125984,0.7631027253668763,2,False,False,,0.16535433070866143,True,15.0,False,True,15.0,True,True,60.0,True,False,True,False,False,False,False,-1.0,True,-1.0,-1.0,-0.28308823529411764,127.0,0.7333333333333333,,2,False,False,False,False,False,Q1_weak,<0.05R,11:00-12:00,wide,Wed
2024-03-14,down,True,270,0.0962772785622593,2.8126621691748834,4,False,True,0.2233632862644416,0.21566110397946084,True,15.0,True,True,30.0,True,False,,False,False,False,False,True,False,False,-0.8073196986006459,True,-0.7702182284980744,-0.7702182284980744,,194.75,0.95,,3,False,False,False,False,False,Q4_strong,0.05-0.15R,after 13:30,widest,Thu
2024-03-15,down,True,135,0.12027491408934708,2.036144578313253,1,False,False,,0.1563573883161512,True,15.0,False,True,15.0,True,True,30.0,True,False,True,False,False,False,False,-1.0,True,-1.0,-1.0,0.1875,145.5,0.75,,4,False,False,False,False,False,Q3,0.05-0.15R,12:00-13:30,wide,Fri
2024-03-18,down,True,135,0.2753623188405797,2.1963979416809605,1,False,True,0.11835748792270531,0.5652173913043478,True,30.0,True,True,30.0,True,True,90.0,False,False,False,False,True,False,True,0.24299065420560748,True,1.0,0.927536231884058,-1.0,103.5,0.5333333333333333,,0,True,True,False,False,False,Q4_strong,0.15-0.30R,12:00-13:30,mid,Mon
2024-03-19,up,True,75,0.06297229219143577,0.4397089397089397,4,False,True,0.3702770780856423,1.3778337531486147,True,15.0,True,True,15.0,True,False,,False,False,False,False,True,False,True,1.6644295302013423,True,1.0,2.0,,99.25,0.4583333333333333,,1,True,True,True,False,False,Q1_weak,0.05-0.15R,11:00-12:00,mid,Tue
2024-03-20,up,True,210,0.17183098591549295,4.59289843104872,2,True,True,0.4394366197183099,1.8394366197183099,True,15.0,True,False,,False,False,,True,False,False,False,True,True,True,-1.0,True,-1.0,-1.0,,88.75,0.36666666666666664,,2,True,True,True,True,False,Q4_strong,0.15-0.30R,after 13:30,narrow,Wed
2024-03-21,down,True,195,0.08734939759036145,4.1680440771349865,4,False,True,0.2710843373493976,0.8855421686746988,False,,False,False,,False,False,,False,False,False,False,False,False,True,1.2307692307692308,False,,,,83.0,0.3,,3,True,True,False,False,False,Q4_strong,0.05-0.15R,after 13:30,narrow,Thu
2024-03-22,up,True,135,0.23461538461538461,1.7298387096774193,3,False,True,0.29615384615384616,0.9384615384615385,True,135.0,False,True,135.0,False,False,,False,False,False,False,True,True,True,-0.17277486910994763,True,1.0,0.2153846153846154,,65.0,0.11666666666666667,,4,True,True,False,False,False,Q3,0.15-0.30R,12:00-13:30,narrowest,Fri
2024-03-25,up,True,165,0.015717092337917484,0.8534850640113798,3,False,True,0.025540275049115914,0.2337917485265226,True,15.0,True,True,105.0,True,True,150.0,False,False,False,False,True,False,False,-0.5257142857142857,True,-0.5108055009823183,-0.5108055009823183,,127.25,0.7,,0,False,False,False,False,False,Q2,<0.05R,12:00-13:30,wide,Mon
2024-03-26,down,True,0,0.08264462809917356,0.8031496062992126,2,False,True,0.14049586776859505,1.7975206611570247,True,15.0,True,True,15.0,True,False,,True,False,False,False,True,False,True,-1.0,True,-1.0,-1.0,,60.5,0.1,,1,True,True,True,True,False,Q2,0.05-0.15R,10:30-11:00,narrowest,Tue
2024-03-28,down,True,240,0.024539877300613498,1.736111111111111,2,False,False,,0.09815950920245399,True,15.0,False,True,15.0,True,True,15.0,True,False,True,False,False,False,False,-1.0,True,-1.0,-1.0,-0.7222222222222222,81.5,0.25833333333333336,,3,False,False,False,False,False,Q3,<0.05R,after 13:30,narrow,Thu
2024-04-01,down,True,15,0.004016064257028112,0.6387665198237886,5,False,True,0.05421686746987952,0.5461847389558233,True,15.0,True,True,105.0,False,False,,False,False,False,False,True,False,False,-0.21115537848605578,True,1.0,-0.20481927710843373,,124.5,0.6666666666666666,,0,True,True,False,False,False,Q1_weak,<0.05R,10:30-11:00,wide,Mon
2024-04-02,up,True,285,0.1685082872928177,1.8295218295218294,2,False,True,0.09944751381215469,0.6077348066298343,False,,False,False,,False,False,,False,False,False,False,True,True,True,0.384297520661157,False,,,,90.5,0.36666666666666664,,1,True,True,False,False,False,Q3,0.15-0.30R,after 13:30,narrow,Tue
2024-04-03,up,True,15,0.06005586592178771,0.35260930888575454,6,False,False,,0.1857541899441341,True,60.0,False,True,60.0,True,False,,True,False,False,False,False,False,False,-1.0,True,-1.0,-1.0,,179.0,0.8833333333333333,,2,False,False,False,False,False,Q1_weak,0.05-0.15R,10:30-11:00,widest,Wed
2024-04-04,down,True,30,0.033846153846153845,2.4444444444444446,4,False,False,,5.138461538461539,True,15.0,True,True,15.0,True,True,30.0,True,False,True,False,False,False,True,-1.0,True,-1.0,-1.0,-1.0,81.25,0.25,,3,True,True,True,True,True,Q4_strong,<0.05R,10:30-11:00,narrow,Thu
2024-04-05,up,True,15,0.3883333333333333,2.345864661654135,2,False,True,0.2733333333333333,1.0383333333333333,True,30.0,True,False,,False,False,,False,False,False,False,True,False,True,0.6885553470919324,True,1.0,2.0,,150.0,0.7833333333333333,,4,True,True,True,False,False,Q4_strong,>0.30R,10:30-11:00,wide,Fri
2024-04-08,up,True,0,0.060240963855421686,0.2799097065462754,4,False,True,0.20481927710843373,0.3349397590361446,True,30.0,False,True,45.0,True,True,90.0,True,False,True,False,True,False,False,-1.0,True,-1.0,-1.0,-0.2,103.75,0.5166666666666667,,0,True,False,False,False,False,Q1_weak,0.05-0.15R,10:30-11:00,mid,Mon
2024-04-09,down,True,0,0.620817843866171,2.702127659574468,2,False,True,0.3754646840148699,0.8159851301115242,True,75.0,False,True,90.0,False,True,315.0,True,False,True,False,True,False,False,-1.0,True,-1.0,-1.0,,134.5,0.7,,1,True,True,False,False,False,Q4_strong,>0.30R,10:30-11:00,wide,Tue
2024-04-11,up,True,75,0.41148325358851673,3.14410480349345,2,False,True,0.09569377990430622,2.3421052631578947,False,,False,False,,False,False,,False,False,False,False,True,True,True,0.6456692913385826,False,,,,104.5,0.5666666666666667,,3,True,True,True,True,True,Q4_strong,>0.30R,11:00-12:00,mid,Thu
2024-04-12,down,True,0,0.3520710059171598,1.763855421686747,3,False,True,0.3136094674556213,1.6390532544378698,True,45.0,True,True,45.0,False,False,,False,False,False,False,True,True,True,0.7604166666666666,True,1.0,2.0,,84.5,0.3,,4,True,True,True,True,False,Q3,>0.30R,10:30-11:00,narrow,Fri
2024-04-15,down,True,15,0.13006756756756757,1.5476190476190477,6,False,False,,2.3614864864864864,True,15.0,True,True,30.0,True,False,,False,False,False,False,False,False,True,1.3806970509383378,True,1.0,2.0,,148.0,0.7833333333333333,,0,True,True,True,True,True,Q3,0.05-0.15R,10:30-11:00,wide,Mon
2024-04-16,up,True,255,0.17123287671232876,2.339108910891089,2,True,True,0.0410958904109589,0.21232876712328766,True,15.0,True,True,15.0,True,False,,True,False,False,False,True,False,False,-1.0,True,-1.0,-1.0,,109.5,0.6166666666666667,,1,False,False,False,False,False,Q4_strong,0.15-0.30R,after 13:30,wide,Tue
2024-04-17,down,True,15,0.04462809917355372,1.038647342995169,2,False,True,0.11900826446280992,1.2760330578512398,True,15.0,True,False,,False,False,,False,False,False,False,True,False,True,1.7541729893778453,True,1.0,2.0,,151.25,0.8166666666666667,,2,True,True,True,False,False,Q2,<0.05R,10:30-11:00,widest,Wed
2024-04-18,up,True,0,0.1952662721893491,1.5009107468123861,4,False,True,0.126232741617357,0.5305719921104537,True,90.0,False,True,90.0,False,True,150.0,True,True,True,True,True,True,False,-1.0,True,-1.0,-1.0,0.21630094043887146,126.75,0.65,,3,True,True,False,False,False,Q3,0.15-0.30R,10:30-11:00,wide,Thu
2024-04-18,down,False,210,0.013806706114398421,0.5003158559696779,3,True,False,,0.2406311637080868,True,15.0,False,True,15.0,True,False,,False,False,False,False,False,False,True,0.08061420345489444,True,0.11045364891518737,0.11045364891518737,,126.75,0.65,,3,False,False,False,False,False,Q1_weak,<0.05R,after 13:30,wide,Thu
2024-04-19,down,True,45,0.045454545454545456,1.4287974683544302,3,False,True,0.265625,1.2940340909090908,True,15.0,True,False,,False,False,,False,False,False,False,True,False,True,1.75,True,1.0,2.0,,176.0,0.8833333333333333,,4,True,True,True,False,False,Q3,<0.05R,11:00-12:00,widest,Fri
2024-04-22,down,True,30,0.1306532663316583,0.9108910891089109,2,False,True,0.01675041876046901,0.22613065326633167,True,15.0,True,True,15.0,True,True,30.0,True,True,True,True,True,False,False,-1.0,True,-1.0,-1.0,1.7011070110701108,149.25,0.7666666666666667,,0,False,False,False,False,False,Q2,0.05-0.15R,10:30-11:00,wide,Mon
2024-04-22,up,False,165,0.08375209380234507,1.4425087108013936,3,True,True,0.19262981574539365,0.7805695142378559,True,135.0,False,False,,False,False,,False,False,False,False,True,True,True,0.0746054519368723,True,0.254606365159129,0.254606365159129,,149.25,0.7666666666666667,,0,True,True,False,False,False,Q3,0.05-0.15R,12:00-13:30,wide,Mon
2024-04-23,up,True,0,0.030254777070063694,0.300187617260788,5,False,True,0.1942675159235669,0.5509554140127388,True,15.0,True,True,75.0,True,False,,False,False,False,False,True,True,True,0.3783783783783784,True,1.0,0.46178343949044587,,157.0,0.8166666666666667,,1,True,True,False,False,False,Q1_weak,<0.05R,10:30-11:00,widest,Tue
2024-04-24,down,True,0,0.05952380952380952,0.8831168831168831,1,False,True,0.15476190476190477,1.7172619047619047,True,15.0,True,False,,False,False,,False,False,False,False,True,False,True,1.6808510638297873,True,1.0,2.0,,84.0,0.2,,2,True,True,True,True,False,Q2,0.05-0.15R,10:30-11:00,narrow,Wed
2024-04-25,up,True,105,0.08648648648648649,1.5220713073005092,3,False,True,0.08468468468468468,1.1387387387387387,True,15.0,True,False,,False,False,,False,False,False,False,True,False,True,1.5576036866359446,True,1.0,2.0,,138.75,0.6666666666666666,,3,True,True,True,False,False,Q3,0.05-0.15R,12:00-13:30,wide,Thu
2024-04-26,up,True,15,0.08127721335268505,0.6358024691358025,2,False,False,,0.35413642960812775,True,15.0,True,True,15.0,True,False,,False,False,False,False,False,False,False,-0.1523096129837703,True,-0.01451378809869376,-0.01451378809869376,,172.25,0.8666666666666667,,4,True,False,False,False,False,Q1_weak,0.05-0.15R,10:30-11:00,widest,Fri
2024-04-30,down,True,30,0.9333333333333333,2.88822652757079,2,False,True,0.6105263157894737,3.656140350877193,False,,False,False,,False,False,,False,False,False,False,False,False,True,0.046511627906976744,False,,,,71.25,0.11666666666666667,,1,True,True,True,True,True,Q4_strong,>0.30R,10:30-11:00,narrowest,Tue
2024-05-01,down,True,75,0.043596730245231606,3.1815286624203822,1,False,False,,0.2888283378746594,True,15.0,True,True,15.0,True,True,135.0,True,True,True,True,False,False,False,-1.0,True,-1.0,-1.0,0.3911764705882353,91.75,0.31666666666666665,,2,True,False,False,False,False,Q4_strong,<0.05R,11:00-12:00,narrow,Wed
2024-05-01,up,False,225,0.44686648501362397,3.867717614804661,3,True,True,0.8392370572207084,3.005449591280654,True,15.0,True,True,90.0,False,True,90.0,True,True,True,True,True,True,False,-1.0,True,-1.0,-1.0,,91.75,0.31666666666666665,,2,True,True,True,True,True,Q4_strong,>0.30R,after 13:30,narrow,Wed
2024-05-02,up,True,165,0.010404624277456647,0.8034398034398035,3,False,True,0.15953757225433526,0.3838150289017341,True,15.0,True,True,15.0,True,False,,False,False,False,False,False,False,True,0.3941109852774632,True,0.423121387283237,0.423121387283237,,216.25,0.9833333333333333,,3,True,False,False,False,False,Q2,<0.05R,12:00-13:30,widest,Thu
2024-05-06,up,True,135,0.006734006734006734,0.9127134724857685,2,False,True,0.05723905723905724,1.0942760942760943,True,15.0,True,True,15.0,True,False,,False,False,False,False,True,False,True,1.9601328903654485,True,1.0,2.0,,74.25,0.11666666666666667,,0,True,True,True,False,False,Q2,<0.05R,12:00-13:30,narrowest,Mon
2024-05-07,up,True,15,0.2626728110599078,2.261306532663317,2,False,True,0.5253456221198156,0.5576036866359447,True,45.0,True,True,180.0,False,True,210.0,True,True,True,True,True,True,False,-1.0,True,1.0,-1.0,0.0529595015576324,54.25,0.03333333333333333,,1,True,True,False,False,False,Q4_strong,0.15-0.30R,10:30-11:00,narrowest,Tue
2024-05-08,up,True,0,0.05849056603773585,0.40641711229946526,2,False,True,0.10377358490566038,0.2358490566037736,True,30.0,False,True,30.0,True,True,165.0,True,False,True,False,True,False,False,-1.0,True,-1.0,-1.0,-0.38917525773195877,132.5,0.6333333333333333,,2,False,False,False,False,False,Q1_weak,0.05-0.15R,10:30-11:00,wide,Wed
2024-05-09,up,True,15,0.07349081364829396,0.3322784810126582,3,False,True,0.1942257217847769,0.3700787401574803,True,60.0,True,True,60.0,True,False,,False,False,False,False,True,False,True,0.08695652173913043,True,0.24671916010498687,0.24671916010498687,,95.25,0.3333333333333333,,3,True,False,False,False,False,Q1_weak,0.05-0.15R,10:30-11:00,narrow,Thu
2024-05-10,down,True,15,0.053061224489795916,0.8170914542728636,1,False,False,,0.3020408163265306,True,15.0,False,True,30.0,True,True,180.0,False,False,False,False,False,False,False,-0.5202952029520295,True,-0.46938775510204084,-0.46938775510204084,0.03543307086614173,122.5,0.5666666666666667,,4,True,False,False,False,False,Q2,0.05-0.15R,10:30-11:00,mid,Fri
2024-05-14,up,True,210,0.047505938242280284,2.0941176470588236,1,False,True,0.33729216152019004,0.5914489311163895,True,30.0,True,False,,False,False,,False,False,False,False,True,True,True,0.6160520607375272,True,1.0,0.7695961995249406,,105.25,0.48333333333333334,,1,True,True,False,False,False,Q3,<0.05R,after 13:30,mid,Tue
2024-05-15,up,True,0,0.23237597911227154,1.8169491525423729,3,False,True,0.1671018276762402,1.7180156657963446,False,,False,False,,False,False,,False,False,False,False,True,True,True,1.0481283422459893,False,,,,95.75,0.36666666666666664,,2,True,True,True,True,False,Q3,0.15-0.30R,10:30-11:00,narrow,Wed
2024-05-16,up,True,0,0.0392156862745098,0.5714285714285714,2,False,True,0.14215686274509803,0.7401960784313726,True,15.0,True,True,165.0,False,True,165.0,True,True,True,True,True,True,False,-1.0,True,1.0,-1.0,0.23693379790940766,51.0,0.016666666666666666,,3,True,True,False,False,False,Q1_weak,<0.05R,10:30-11:00,narrowest,Thu
2024-05-16,down,False,210,0.10294117647058823,3.778045838359469,1,True,False,,0.553921568627451,True,15.0,True,True,15.0,True,False,,True,False,False,False,False,False,True,-1.0,True,-1.0,-1.0,,51.0,0.016666666666666666,,3,True,True,False,False,False,Q4_strong,0.05-0.15R,after 13:30,narrowest,Thu
2024-05-17,up,True,0,0.06914893617021277,0.5647058823529412,2,False,True,0.07446808510638298,0.20212765957446807,True,15.0,True,True,15.0,True,True,60.0,True,True,True,True,True,False,False,-1.0,True,-1.0,-1.0,0.24175824175824176,47.0,0.016666666666666666,,4,False,False,False,False,False,Q1_weak,0.05-0.15R,10:30-11:00,narrowest,Fri
2024-05-17,down,False,195,0.11170212765957446,1.114365411436541,1,True,True,0.6329787234042553,1.6063829787234043,True,60.0,False,True,75.0,False,True,90.0,False,False,False,False,True,True,False,1.4521739130434783,True,1.0,-0.7659574468085106,0.1,47.0,0.016666666666666666,,4,True,True,True,True,False,Q2,0.05-0.15R,after 13:30,narrowest,Fri
2024-05-20,up,True,120,0.15415821501014199,2.1306818181818183,3,False,True,0.09939148073022312,0.2920892494929006,True,45.0,False,True,45.0,True,True,90.0,False,False,False,False,True,False,True,-0.13953488372093023,True,0.1257606490872211,0.1257606490872211,-0.5311203319502075,123.25,0.6,,0,True,False,False,False,False,Q3,0.15-0.30R,12:00-13:30,wide,Mon
2024-05-21,up,True,0,0.18691588785046728,0.9502762430939227,5,False,True,0.10747663551401869,1.4439252336448598,True,75.0,True,False,,False,False,,False,False,False,False,True,True,True,1.183673469387755,True,1.0,2.0,,53.5,0.05,,1,True,True,True,False,False,Q2,0.15-0.30R,10:30-11:00,narrowest,Tue
2024-05-22,up,True,30,0.045454545454545456,1.7272727272727273,2,False,True,0.10227272727272728,0.13636363636363635,True,15.0,False,True,30.0,True,True,105.0,True,True,True,True,True,False,False,-1.0,True,-1.0,-1.0,0.42857142857142855,44.0,0.016666666666666666,,2,False,False,False,False,False,Q3,<0.05R,10:30-11:00,narrowest,Wed
2024-05-22,down,False,180,0.6988636363636364,7.410852713178294,1,True,True,0.9147727272727273,2.375,True,135.0,False,True,135.0,False,False,,False,False,False,False,False,False,False,0.25118483412322273,True,1.0,2.0,,44.0,0.016666666666666666,,2,True,True,True,True,True,Q4_strong,>0.30R,12:00-13:30,narrowest,Wed
2024-05-23,down,True,15,0.20761245674740483,2.013157894736842,3,False,False,,1.4982698961937717,True,15.0,True,True,15.0,True,True,45.0,True,False,True,False,False,False,True,-1.0,True,-1.0,-1.0,-1.0,144.5,0.7166666666666667,,3,True,True,True,False,False,Q3,0.15-0.30R,10:30-11:00,wide,Thu
2024-05-24,up,True,15,0.22748815165876776,1.6865079365079365,1,False,True,0.2985781990521327,0.8341232227488151,True,255.0,False,False,,False,False,,False,False,False,False,True,True,True,0.15960912052117263,True,0.6872037914691943,0.6872037914691943,,105.5,0.48333333333333334,,4,True,True,False,False,False,Q3,0.15-0.30R,10:30-11:00,mid,Fri
2024-05-28,down,True,240,0.046153846153846156,2.750809061488673,2,True,True,0.1564102564102564,0.2,True,15.0,False,True,15.0,True,True,75.0,True,True,True,True,True,False,False,-1.0,True,-1.0,-1.0,,97.5,0.36666666666666664,,1,False,False,False,False,False,Q4_strong,<0.05R,after 13:30,narrow,Tue
2024-05-28,up,False,315,0.06666666666666667,4.237288135593221,5,True,False,,0.0,False,,False,False,,False,False,,False,False,False,False,False,False,False,,False,,,,97.5,0.36666666666666664,,1,False,False,False,False,False,Q4_strong,0.05-0.15R,after 13:30,narrow,Tue
2024-05-29,up,True,15,0.00234192037470726,0.26785714285714285,6,False,False,,0.11241217798594848,True,15.0,False,True,15.0,True,False,,True,False,False,False,False,False,False,-1.0,True,-1.0,-1.0,,106.75,0.48333333333333334,,2,False,False,False,False,False,Q1_weak,<0.05R,10:30-11:00,mid,Wed
2024-05-30,down,True,0,0.24926686217008798,2.855305466237942,1,False,True,0.18181818181818182,1.6187683284457477,True,60.0,True,True,90.0,False,True,150.0,True,False,True,False,True,False,True,-1.0,True,-1.0,-1.0,-1.0,85.25,0.26666666666666666,,3,True,True,True,True,False,Q4_strong,0.15-0.30R,10:30-11:00,narrow,Thu
2024-05-31,down,True,0,0.2066974595842956,0.9609467455621302,4,False,True,0.28290993071593534,0.8025404157043879,True,285.0,False,True,300.0,False,False,,True,False,False,False,True,False,False,-1.0,True,-1.0,-1.0,,216.5,1.0,,4,True,True,False,False,False,Q2,0.15-0.30R,10:30-11:00,widest,Fri
2024-06-03,down,True,15,0.5045454545454545,2.418111753371869,2,False,True,0.39090909090909093,1.9068181818181817,True,300.0,False,True,300.0,False,False,,False,False,False,False,True,True,False,0.49321266968325794,True,1.0,-0.1318181818181818,,110.0,0.5333333333333333,,0,True,True,True,True,False,Q4_strong,>0.30R,10:30-11:00,mid,Mon
2024-06-04,up,True,225,0.7428571428571429,4.0675675675675675,3,False,True,0.561038961038961,0.9272727272727272,True,45.0,False,True,45.0,False,False,,False,False,False,False,True,True,True,-0.28213166144200624,True,1.0,0.7844155844155845,,96.25,0.36666666666666664,,1,True,True,False,False,False,Q4_strong,>0.30R,after 13:30,narrow,Tue
2024-06-05,up,True,0,0.23404255319148937,0.810126582278481,2,False,True,0.31648936170212766,1.9734042553191489,False,,False,False,,False,False,,False,False,False,False,False,False,True,1.0434782608695652,False,,,,94.0,0.3333333333333333,,2,True,True,True,True,False,Q2,0.15-0.30R,10:30-11:00,narrow,Wed
2024-06-07,up,True,0,0.3931034482758621,6.748091603053435,4,False,True,0.12413793103448276,1.2413793103448276,True,15.0,True,True,30.0,False,True,210.0,True,False,True,False,True,True,False,-1.0,True,1.0,-1.0,-0.2370617696160267,72.5,0.15,,4,True,True,True,False,False,Q4_strong,>0.30R,10:30-11:00,narrowest,Fri
2024-06-10,up,True,15,0.47280334728033474,2.8017241379310347,1,False,True,0.25523012552301255,1.5439330543933054,True,225.0,True,False,,False,False,,False,False,False,False,True,True,True,0.5419354838709678,True,1.0,2.0,,59.75,0.1,,0,True,True,True,True,False,Q4_strong,>0.30R,10:30-11:00,narrowest,Mon
2024-06-11,up,True,0,0.16020671834625322,0.9629629629629629,3,False,True,0.09560723514211886,1.6149870801033592,True,60.0,True,True,60.0,True,False,,False,False,False,False,True,True,True,1.2720156555772995,True,1.0,2.0,,96.75,0.45,,1,True,True,True,True,False,Q2,0.15-0.30R,10:30-11:00,mid,Tue
2024-06-12,up,True,270,0.0723781388478582,2.3529411764705883,2,False,False,,0.26440177252584934,True,15.0,True,True,15.0,True,True,15.0,True,False,True,False,False,False,False,-1.0,True,-1.0,-1.0,-0.21384928716904278,169.25,0.9,,2,True,False,False,False,False,Q4_strong,0.05-0.15R,after 13:30,widest,Wed
2024-06-13,down,True,105,0.2058252427184466,3.4019073569482288,3,False,True,0.14951456310679612,0.26990291262135924,True,15.0,True,True,15.0,True,False,,True,False,False,False,True,False,False,-1.0,True,-1.0,-1.0,,128.75,0.7166666666666667,,3,True,False,False,False,False,Q4_strong,0.15-0.30R,12:00-13:30,wide,Thu
2024-06-14,up,True,150,0.038356164383561646,0.8842105263157896,3,False,True,0.09863013698630137,0.4821917808219178,True,15.0,True,True,60.0,True,False,,False,False,False,False,True,False,True,0.72264631043257,True,0.8547945205479452,0.8547945205479452,,91.25,0.35,,4,True,False,False,False,False,Q2,<0.05R,12:00-13:30,narrow,Fri
2024-06-17,up,True,30,0.246875,1.602015113350126,3,False,True,0.31875,3.590625,False,,False,False,,False,False,,False,False,False,False,True,True,True,1.00836820083682,False,,,,80.0,0.2,,0,True,True,True,True,True,Q3,0.15-0.30R,10:30-11:00,narrow,Mon
2024-06-18,down,True,15,0.0273972602739726,0.22455089820359284,3,False,False,,0.680365296803653,True,15.0,True,True,45.0,False,True,150.0,True,True,True,True,False,False,False,-1.0,True,1.0,-1.0,0.03954802259887006,54.75,0.1,,1,True,True,False,False,False,Q1_weak,<0.05R,10:30-11:00,narrowest,Tue
2024-06-20,down,True,105,0.3799654576856649,4.0756143667296785,3,False,True,0.5803108808290155,1.1070811744386875,False,,False,False,,False,False,,False,False,False,False,False,False,True,0.704612365063788,False,,,,144.75,0.7833333333333333,,3,True,True,True,False,False,Q4_strong,>0.30R,12:00-13:30,wide,Thu
2024-06-21,up,True,75,0.34725274725274724,1.7449947312961012,2,False,True,0.16483516483516483,0.3934065934065934,True,45.0,False,True,45.0,True,True,90.0,True,False,True,False,True,False,False,-1.0,True,-1.0,-1.0,-0.015113350125944584,113.75,0.6,,4,True,False,False,False,False,Q3,>0.30R,11:00-12:00,wide,Fri
2024-06-24,down,True,0,0.04660194174757282,0.7514792899408284,2,False,False,,0.9805825242718447,True,15.0,True,True,15.0,True,False,,True,False,False,False,False,False,True,-1.0,True,-1.0,-1.0,,128.75,0.7083333333333334,,0,True,True,False,False,False,Q1_weak,<0.05R,10:30-11:00,wide,Mon
2024-06-25,up,True,30,0.2198581560283688,3.2205882352941178,1,False,True,0.30260047281323876,0.7872340425531915,True,90.0,True,True,105.0,False,False,,True,False,False,False,True,True,True,-1.0,True,-1.0,-1.0,,105.75,0.5333333333333333,,1,True,True,False,False,False,Q4_strong,0.15-0.30R,10:30-11:00,mid,Tue
2024-06-27,down,True,60,0.20275590551181102,0.8664799253034547,6,False,True,0.11220472440944881,0.281496062992126,True,15.0,False,True,30.0,True,False,,True,False,False,False,True,False,False,-1.0,True,-1.0,-1.0,,127.0,0.6833333333333333,,3,True,False,False,False,False,Q2,0.15-0.30R,11:00-12:00,wide,Thu
2024-06-28,down,True,120,0.09722222222222222,1.468013468013468,1,False,False,,0.5683760683760684,True,15.0,True,True,30.0,True,False,,False,False,False,False,False,False,True,0.6010733452593918,True,1.0,0.9123931623931624,,234.0,1.0,,4,True,True,False,False,False,Q3,0.05-0.15R,12:00-13:30,widest,Fri
2024-07-01,up,True,90,0.14942528735632185,0.8828939301042306,2,False,True,0.14367816091954022,0.507183908045977,True,75.0,True,False,,False,False,,False,False,False,False,True,True,True,0.3274336283185841,True,1.0,0.7241379310344828,,174.0,0.9333333333333333,,0,True,True,False,False,False,Q2,0.05-0.15R,11:00-12:00,widest,Mon
2024-07-02,up,True,15,0.10721649484536082,1.2432432432432432,3,False,False,,1.3298969072164948,True,30.0,True,True,60.0,True,False,,False,False,False,False,False,False,True,1.470288624787776,True,1.0,2.0,,121.25,0.6166666666666667,,1,True,True,True,False,False,Q2,0.05-0.15R,10:30-11:00,wide,Tue
2024-07-05,up,True,30,0.16163793103448276,1.6544502617801047,1,False,True,0.13793103448275862,0.8211206896551724,True,15.0,True,False,,False,False,,False,False,False,False,True,False,True,0.7654723127035831,True,1.0,1.3362068965517242,,116.0,0.5833333333333334,,4,True,True,False,False,False,Q3,0.15-0.30R,10:30-11:00,mid,Fri
2024-07-08,up,True,45,0.14977973568281938,2.462209302325581,3,True,True,0.2643171806167401,0.6079295154185022,True,15.0,True,True,45.0,True,False,,True,False,False,False,True,True,True,-1.0,True,-1.0,-1.0,,56.75,0.11666666666666667,,0,True,True,False,False,False,Q4_strong,0.05-0.15R,11:00-12:00,narrowest,Mon
2024-07-09,down,True,45,0.05732484076433121,0.6208695652173913,3,False,False,,0.9872611464968153,True,15.0,True,True,30.0,True,False,,False,False,False,False,False,False,True,0.21142857142857144,True,1.0,0.3503184713375796,,78.5,0.2,,1,True,True,False,False,False,Q1_weak,0.05-0.15R,11:00-12:00,narrow,Tue
2024-07-10,up,True,105,0.25333333333333335,3.4318555008210176,5,True,True,0.44,1.6033333333333333,False,,False,False,,False,False,,False,False,False,False,True,True,True,0.9911504424778761,False,,,,75.0,0.2,,2,True,True,True,True,False,Q4_strong,0.15-0.30R,12:00-13:30,narrow,Wed
2024-07-11,down,True,0,0.03873598369011213,0.8648648648648649,5,False,True,0.14780835881753313,1.1406727828746177,True,15.0,True,False,,False,False,,False,False,False,False,True,False,True,1.7842951750236518,True,1.0,2.0,,245.25,1.0,,3,True,True,True,False,False,Q2,<0.05R,10:30-11:00,widest,Thu
2024-07-12,up,True,0,0.321483771251932,2.5330948121645798,1,False,True,0.33384853168469864,0.9520865533230294,True,90.0,True,True,90.0,True,True,315.0,False,False,False,False,True,False,False,-0.7412982126058325,True,1.0,-0.5749613601236476,,161.75,0.8666666666666667,,4,True,True,False,False,False,Q4_strong,>0.30R,10:30-11:00,widest,Fri
2024-07-15,up,True,0,0.2765957446808511,1.4986807387862797,4,False,True,0.09456264775413711,1.0354609929078014,True,75.0,False,True,90.0,False,True,180.0,True,True,True,True,True,True,False,0.9315068493150684,True,-1.0,-1.0,-0.016,105.75,0.5083333333333333,,0,True,True,True,False,False,Q3,0.15-0.30R,10:30-11:00,mid,Mon
2024-07-15,down,False,180,0.03309692671394799,0.987417615338526,5,True,False,,0.7139479905437353,True,15.0,True,True,45.0,True,False,,True,False,False,False,False,False,False,-1.0,True,-1.0,-1.0,,105.75,0.5083333333333333,,0,True,True,False,False,False,Q2,<0.05R,12:00-13:30,mid,Mon
2024-07-16,down,True,120,0.06030150753768844,0.46841731724627395,3,False,False,,0.10552763819095477,True,15.0,False,True,15.0,True,True,120.0,True,False,True,False,False,False,False,-1.0,True,-1.0,-1.0,0.15384615384615385,199.0,0.9333333333333333,,1,False,False,False,False,False,Q1_weak,0.05-0.15R,12:00-13:30,widest,Tue
2024-07-17,down,True,60,0.08707482993197278,1.5393586005830904,1,False,False,,0.5986394557823129,False,,False,False,,False,False,,False,False,False,False,False,False,True,0.831981460023175,False,,,,183.75,0.9166666666666666,,2,True,True,False,False,False,Q3,0.05-0.15R,11:00-12:00,widest,Wed
2024-07-18,down,True,0,0.7316602316602316,2.732117812061711,2,False,True,0.1640926640926641,2.0154440154440154,True,15.0,True,False,,False,False,,False,False,False,False,True,True,True,0.21786833855799373,True,1.0,2.0,,129.5,0.7166666666666667,,3,True,True,True,True,True,Q4_strong,>0.30R,10:30-11:00,wide,Thu
2024-07-19,down,True,0,0.12236286919831224,0.7514231499051234,4,False,True,0.15611814345991562,0.8143459915611815,True,15.0,True,True,15.0,True,False,,False,False,False,False,True,False,True,0.5898305084745763,True,1.0,0.9789029535864979,,177.75,0.9,,4,True,True,False,False,False,Q1_weak,0.05-0.15R,10:30-11:00,widest,Fri
2024-07-22,down,True,45,0.3177083333333333,3.3703703703703707,3,False,True,0.28125,0.5069444444444444,True,45.0,False,True,60.0,False,True,165.0,True,True,True,True,True,False,False,-1.0,True,-1.0,-1.0,0.05982905982905983,144.0,0.7666666666666667,,0,True,True,False,False,False,Q4_strong,>0.30R,11:00-12:00,wide,Mon
2024-07-23,up,True,30,0.045951859956236324,2.7534246575342465,1,True,True,0.5951859956236324,0.3238512035010941,True,30.0,False,True,45.0,True,True,75.0,True,True,True,True,True,False,False,-1.0,True,-1.0,-1.0,0.2604166666666667,114.25,0.5666666666666667,,1,True,False,False,False,False,Q4_strong,<0.05R,10:30-11:00,mid,Tue
2024-07-23,down,False,315,0.07658643326039387,1.1118293471234648,2,True,True,0.002188183807439825,0.0,False,,False,False,,False,False,,False,False,False,False,False,False,False,,False,,,,114.25,0.5666666666666667,,1,False,False,False,False,False,Q2,0.05-0.15R,after 13:30,mid,Tue
2024-07-24,down,True,0,0.08666666666666667,0.8335745296671491,1,False,True,0.06,1.5866666666666667,False,,False,False,,False,False,,False,False,False,False,False,False,True,1.5568181818181819,False,,,,187.5,0.9166666666666666,,2,True,True,True,True,False,Q2,0.05-0.15R,10:30-11:00,widest,Wed
2024-07-25,up,True,30,0.05822416302765648,0.3386886669561442,4,False,True,0.019650655021834062,0.47671033478893743,True,15.0,True,True,15.0,True,False,,True,False,False,False,True,False,False,-1.0,True,-1.0,-1.0,,343.5,1.0,,3,True,False,False,False,False,Q1_weak,0.05-0.15R,10:30-11:00,widest,Thu
2024-07-26,up,True,90,0.13095238095238096,0.7457386363636364,3,True,True,0.08333333333333333,0.717687074829932,True,90.0,False,True,90.0,False,False,,True,False,False,False,True,True,False,-1.0,True,1.0,-1.0,,147.0,0.7833333333333333,,4,True,True,False,False,False,Q1_weak,0.05-0.15R,11:00-12:00,wide,Fri
2024-07-29,down,True,30,0.30917874396135264,0.9381107491856678,2,False,True,0.16586151368760063,0.7004830917874396,True,45.0,False,True,45.0,False,True,60.0,True,False,True,False,True,False,True,-1.0,True,-1.0,-1.0,-0.5277435265104808,155.25,0.7833333333333333,,0,True,True,False,False,False,Q2,>0.30R,10:30-11:00,wide,Mon
2024-07-30,down,True,0,0.12752721617418353,0.9135802469135802,5,False,True,0.35769828926905134,2.214618973561431,True,15.0,True,False,,False,False,,False,False,False,False,True,False,True,1.3903345724907064,True,1.0,2.0,,160.75,0.8,,1,True,True,True,True,True,Q2,0.05-0.15R,10:30-11:00,wide,Tue
2024-07-31,up,True,30,0.043478260869565216,0.962178517397882,6,False,False,,0.6304347826086957,True,15.0,True,True,75.0,True,False,,True,False,False,False,False,False,True,-1.0,True,-1.0,-1.0,,161.0,0.8166666666666667,,2,True,True,False,False,False,Q2,<0.05R,10:30-11:00,widest,Wed
2024-08-01,down,True,0,0.18354430379746836,0.5732383214568487,3,False,True,0.31329113924050633,2.4335443037974684,False,,False,False,,False,False,,False,False,False,False,False,False,True,1.1944444444444444,False,,,,237.0,0.9666666666666667,,3,True,True,True,True,True,Q1_weak,0.15-0.30R,10:30-11:00,widest,Thu
2024-08-05,up,True,30,0.04931620389556569,1.9720968403775132,3,False,True,0.025279734769995857,0.2925818483215914,True,15.0,True,True,15.0,True,False,,False,False,False,False,True,False,False,-0.36439079592606566,True,-0.3016991297140489,-0.3016991297140489,,603.25,1.0,,0,True,False,False,False,False,Q3,<0.05R,10:30-11:00,widest,Mon
2024-08-06,up,True,0,0.0966824644549763,1.3203883495145632,1,False,True,0.0938388625592417,0.9611374407582939,True,45.0,True,True,45.0,True,False,,False,False,False,False,True,False,False,-0.5289912629070691,True,1.0,-0.437914691943128,,263.75,0.95,,1,True,True,False,False,False,Q3,0.05-0.15R,10:30-11:00,widest,Tue
2024-08-07,down,True,60,0.10638297872340426,2.187725631768953,3,False,True,0.1718494271685761,2.972176759410802,True,15.0,True,False,,False,False,,False,False,False,False,False,False,True,1.4736842105263157,True,1.0,2.0,,152.75,0.7,,2,True,True,True,True,True,Q4_strong,0.05-0.15R,11:00-12:00,wide,Wed
2024-08-08,up,True,15,0.06753645433614736,0.6311360448807855,1,False,False,,0.5072908672294705,True,15.0,True,True,15.0,True,True,15.0,False,False,False,False,False,False,True,0.5801217038539553,True,1.0,0.7935533384497314,-1.0,325.75,0.95,,3,True,True,False,False,False,Q1_weak,0.05-0.15R,10:30-11:00,widest,Thu
2024-08-09,up,True,150,0.1388888888888889,1.7639553429027113,4,False,True,0.3487654320987654,0.6666666666666666,True,90.0,False,False,,False,False,,False,False,False,False,True,True,True,0.20048309178743962,True,0.5339506172839507,0.5339506172839507,,162.0,0.75,,4,True,True,False,False,False,Q3,0.05-0.15R,12:00-13:30,wide,Fri
2024-08-12,up,True,30,0.09168704156479218,0.38860103626943004,5,False,True,0.2200488997555012,0.1821515892420538,True,15.0,False,True,15.0,True,False,,True,False,False,False,True,False,False,-1.0,True,-1.0,-1.0,,204.5,0.85,,0,False,False,False,False,False,Q1_weak,0.05-0.15R,10:30-11:00,widest,Mon
2024-08-13,up,True,15,0.17411764705882352,1.8362282878411913,1,False,True,0.2023529411764706,1.7882352941176471,False,,False,False,,False,False,,False,False,False,False,True,True,True,1.225130890052356,False,,,,106.25,0.38333333333333336,,1,True,True,True,True,False,Q3,0.15-0.30R,10:30-11:00,mid,Tue
2024-08-14,up,True,75,0.10143198090692124,1.8426279602750189,5,True,True,0.1026252983293556,0.13365155131264916,True,15.0,False,True,15.0,True,False,,True,False,False,False,True,False,False,-1.0,True,-1.0,-1.0,,209.5,0.85,,2,False,False,False,False,False,Q3,0.05-0.15R,11:00-12:00,widest,Wed
2024-08-15,up,True,0,0.0732899022801303,0.67430441898527,2,False,False,,0.739413680781759,True,15.0,True,True,15.0,True,False,,False,False,False,False,False,False,True,0.9801136363636364,True,1.0,1.270358306188925,,153.5,0.6333333333333333,,3,True,True,False,False,False,Q1_weak,0.05-0.15R,10:30-11:00,wide,Thu
2024-08-16,up,True,90,0.14757281553398058,1.8944519621109606,5,False,True,0.13203883495145632,0.5398058252427185,True,120.0,False,True,210.0,False,False,,False,False,False,False,True,True,True,-0.08095952023988005,True,0.19029126213592232,0.19029126213592232,,128.75,0.5,,4,True,True,False,False,False,Q3,0.05-0.15R,11:00-12:00,mid,Fri
2024-08-19,up,True,15,0.30310880829015546,5.252525252525253,1,False,True,0.17616580310880828,2.44300518134715,True,60.0,True,False,,False,False,,False,False,False,False,True,True,True,0.867741935483871,True,1.0,2.0,,96.5,0.23333333333333334,,0,True,True,True,True,True,Q4_strong,>0.30R,10:30-11:00,narrow,Mon
2024-08-20,down,True,0,0.45585215605749485,1.597938144329897,3,False,False,,0.4948665297741273,True,15.0,False,True,75.0,True,False,,True,False,False,False,False,False,False,-1.0,True,-1.0,-1.0,,121.75,0.45,,1,True,False,False,False,False,Q3,>0.30R,10:30-11:00,mid,Tue
2024-08-21,up,True,0,0.5597964376590331,6.442477876106195,2,False,False,,0.7175572519083969,True,15.0,False,True,15.0,False,True,15.0,True,True,True,True,False,False,False,-1.0,True,-1.0,-1.0,0.14020270270270271,98.25,0.26666666666666666,,2,True,True,False,False,False,Q4_strong,>0.30R,10:30-11:00,narrow,Wed
2024-08-22,down,True,15,0.035211267605633804,0.40289256198347106,2,False,True,0.5193661971830986,2.403169014084507,True,15.0,True,False,,False,False,,False,False,False,False,True,False,True,1.8026315789473684,True,1.0,2.0,,142.0,0.55,,3,True,True,True,True,True,Q1_weak,<0.05R,10:30-11:00,mid,Thu
2024-08-23,down,True,90,0.26548672566371684,1.3619302949061662,3,False,True,0.09355246523388117,0.5802781289506953,True,75.0,False,True,75.0,False,True,180.0,True,False,True,False,True,False,False,-1.0,True,-1.0,-1.0,0.0534045393858478,197.75,0.8,,4,True,True,False,False,False,Q3,0.15-0.30R,11:00-12:00,wide,Fri
2024-08-26,down,True,0,0.3329015544041451,1.9795221843003412,5,False,True,0.11269430051813471,0.533678756476684,True,30.0,False,True,30.0,False,False,,False,False,False,False,True,False,True,-0.3048211508553655,True,0.15803108808290156,0.15803108808290156,,193.0,0.7833333333333333,,0,True,True,False,False,False,Q3,>0.30R,10:30-11:00,wide,Mon
2024-08-27,up,True,0,0.09090909090909091,0.417910447761194,4,False,True,0.16103896103896104,0.312987012987013,True,15.0,True,True,45.0,True,False,,False,False,False,False,True,False,True,-0.002197802197802198,True,0.17922077922077922,0.17922077922077922,,192.5,0.7666666666666667,,1,True,False,False,False,False,Q1_weak,0.05-0.15R,10:30-11:00,wide,Tue
2024-08-28,down,True,0,0.06631762652705062,2.4627766599597587,1,False,True,0.4572425828970332,1.638743455497382,False,,False,False,,False,False,,False,False,False,False,True,False,True,1.6486902927580893,False,,,,143.25,0.5166666666666667,,2,True,True,True,True,False,Q4_strong,0.05-0.15R,10:30-11:00,mid,Wed
2024-08-29,down,True,240,0.4486094316807739,3.6503439902873334,3,True,True,0.3010882708585248,0.6831922611850061,False,,False,False,,False,False,,False,False,False,False,False,False,True,-0.04079031230082855,False,,,,206.75,0.85,,3,True,True,False,False,False,Q4_strong,>0.30R,after 13:30,widest,Thu
2024-08-30,down,True,15,0.39433551198257083,4.984709480122324,1,False,True,0.32461873638344224,1.2505446623093681,True,225.0,False,True,240.0,False,True,270.0,True,True,True,True,True,False,False,0.6772228989037758,True,-1.0,-1.0,0.3433029908972692,114.75,0.3333333333333333,,4,True,True,True,False,False,Q4_strong,>0.30R,10:30-11:00,narrow,Fri
2024-09-03,down,True,0,0.29463171036204744,1.7906137184115523,1,False,True,0.2571785268414482,1.857677902621723,False,,False,False,,False,False,,False,False,False,False,False,False,True,0.8876669285153181,False,,,,200.25,0.8166666666666667,,1,True,True,True,True,False,Q3,0.15-0.30R,10:30-11:00,widest,Tue
2024-09-04,up,True,0,0.3603053435114504,1.7098283931357254,2,False,True,0.09770992366412214,0.6885496183206107,True,60.0,False,True,60.0,False,True,255.0,True,False,True,False,True,True,False,-1.0,True,1.0,-1.0,-0.11251758087201125,163.75,0.65,,2,True,True,False,False,False,Q3,>0.30R,10:30-11:00,wide,Wed
2024-09-05,down,True,45,0.06120527306967985,1.373913043478261,4,False,True,0.054613935969868174,0.16195856873822975,True,15.0,True,True,45.0,True,False,,True,False,False,False,True,False,False,-1.0,True,-1.0,-1.0,,265.5,0.9333333333333333,,3,False,False,False,False,False,Q3,0.05-0.15R,11:00-12:00,widest,Thu
2024-09-06,down,True,0,0.27043544690603516,1.2400690846286702,5,False,True,0.2047364400305577,0.6409472880061116,True,30.0,True,False,,False,False,,False,False,False,False,True,True,True,0.3698562221120476,True,1.0,1.1107715813598167,,327.25,0.95,,4,True,True,False,False,False,Q2,0.15-0.30R,10:30-11:00,widest,Fri
2024-09-09,down,True,0,0.4698275862068966,1.9487179487179487,2,False,True,0.2823275862068966,0.9267241379310345,True,60.0,False,True,75.0,False,True,135.0,True,True,True,True,True,False,False,-1.0,True,-1.0,-1.0,0.0468384074941452,116.0,0.275,,0,True,True,False,False,False,Q3,>0.30R,10:30-11:00,narrow,Mon
2024-09-10,down,True,75,0.4666666666666667,3.3962264150943398,2,False,True,0.6666666666666666,0.7185185185185186,True,45.0,False,True,60.0,False,True,120.0,True,True,True,True,True,False,False,-1.0,True,-1.0,-1.0,0.17468354430379746,135.0,0.4166666666666667,,1,True,True,False,False,False,Q4_strong,>0.30R,11:00-12:00,mid,Tue
2024-09-10,up,False,210,0.06666666666666667,1.2316162013370036,3,True,True,0.09444444444444444,0.4203703703703704,True,15.0,True,False,,False,False,,False,False,False,False,False,False,True,0.3235294117647059,True,0.5,0.5,,135.0,0.4166666666666667,,1,True,False,False,False,False,Q2,0.05-0.15R,after 13:30,mid,Tue
2024-09-11,down,True,0,0.217680608365019,1.1129032258064515,5,False,True,0.13688212927756654,0.3669201520912547,True,30.0,False,True,30.0,True,True,105.0,True,True,True,True,True,False,False,-1.0,True,-1.0,-1.0,-0.020435967302452316,263.0,0.8833333333333333,,2,True,False,False,False,False,Q2,0.15-0.30R,10:30-11:00,widest,Wed
2024-09-11,up,False,105,0.028517110266159697,0.7419748069890288,2,True,True,0.15114068441064638,1.4714828897338403,True,15.0,True,True,15.0,True,False,,False,False,False,False,False,False,True,1.8381294964028776,True,1.0,2.0,,263.0,0.8833333333333333,,2,True,True,True,False,False,Q1_weak,<0.05R,12:00-13:30,widest,Wed
2024-09-12,up,True,30,0.15454545454545454,3.673076923076923,1,False,False,,0.8090909090909091,True,15.0,True,True,15.0,True,True,30.0,True,False,True,False,False,False,True,-1.0,True,-1.0,-1.0,-1.0,165.0,0.6166666666666667,,3,True,True,False,False,False,Q4_strong,0.15-0.30R,10:30-11:00,wide,Thu
2024-09-13,up,True,75,0.04770992366412214,0.6302780638516993,1,False,False,,0.366412213740458,True,15.0,True,True,15.0,True,True,15.0,False,False,False,False,False,False,False,-0.11498257839721254,True,-0.030534351145038167,-0.030534351145038167,-1.0,131.0,0.36666666666666664,,4,True,False,False,False,False,Q1_weak,<0.05R,11:00-12:00,narrow,Fri
2024-09-17,down,True,105,0.1440501043841336,2.4915924826904057,2,True,True,0.35490605427974947,1.1231732776617953,False,,False,False,,False,False,,False,False,False,False,False,False,True,1.3290113452188006,False,,,,119.75,0.25,,1,True,True,True,False,False,Q4_strong,0.05-0.15R,12:00-13:30,narrow,Tue
2024-09-18,down,True,60,0.33798882681564246,2.6065857885615253,4,False,True,0.13687150837988826,0.994413407821229,True,45.0,True,True,45.0,False,True,150.0,True,True,True,True,True,True,True,-1.0,True,-1.0,-1.0,0.04081632653061224,89.5,0.06666666666666667,,2,True,True,False,False,False,Q4_strong,>0.30R,11:00-12:00,narrowest,Wed
2024-09-18,up,False,225,0.8324022346368715,3.988881621975147,2,True,True,0.2011173184357542,1.452513966480447,True,15.0,True,True,15.0,False,True,75.0,True,True,True,True,True,True,False,0.12578616352201258,True,1.0,2.0,-0.10590631364562118,89.5,0.06666666666666667,,2,True,True,True,False,False,Q4_strong,>0.30R,after 13:30,narrowest,Wed
2024-09-19,up,True,105,0.1308139534883721,1.1578947368421053,2,False,True,0.04215116279069767,0.38953488372093026,True,120.0,False,True,165.0,True,True,210.0,False,False,False,False,True,False,False,-0.7096774193548387,True,-0.6337209302325582,-0.6337209302325582,,172.0,0.6166666666666667,,3,True,False,False,False,False,Q2,0.05-0.15R,12:00-13:30,wide,Thu
2024-09-20,down,True,15,0.272108843537415,3.0597014925373136,2,False,True,0.2222222222222222,1.018140589569161,True,45.0,False,True,45.0,False,True,90.0,True,True,True,True,True,True,False,0.9427312775330396,True,1.0,-1.0,0.42628205128205127,110.25,0.16666666666666666,,4,True,True,True,False,False,Q4_strong,0.15-0.30R,10:30-11:00,narrowest,Fri
2024-09-24,up,True,75,0.1736842105263158,1.2305825242718447,6,True,True,0.20526315789473684,0.31973684210526315,True,75.0,False,True,150.0,True,False,,False,False,False,False,True,False,True,-0.130859375,True,0.17105263157894737,0.17105263157894737,,190.0,0.6833333333333333,,1,True,False,False,False,False,Q2,0.15-0.30R,11:00-12:00,wide,Tue
2024-09-26,down,True,0,0.0794979079497908,0.5515055467511886,5,False,True,0.0794979079497908,0.8382147838214784,True,15.0,True,True,225.0,False,False,,False,False,False,False,False,False,False,-0.1684717208182912,True,1.0,-0.03626220362622036,,179.25,0.65,,3,True,True,False,False,False,Q1_weak,0.05-0.15R,10:30-11:00,wide,Thu
2024-09-27,down,True,30,0.10997442455242967,2.6666666666666665,2,False,True,0.1483375959079284,1.1483375959079285,True,30.0,True,False,,False,False,,False,False,False,False,True,True,True,1.4591194968553458,True,1.0,2.0,,97.75,0.11666666666666667,,4,True,True,True,False,False,Q4_strong,0.05-0.15R,10:30-11:00,narrowest,Fri
2024-09-30,down,True,225,0.2537037037037037,2.944570135746606,2,False,True,0.05555555555555555,0.5296296296296297,True,15.0,False,True,15.0,False,True,90.0,True,True,True,True,True,False,False,-1.0,True,-1.0,-1.0,,135.0,0.35833333333333334,,0,True,True,False,False,False,Q4_strong,0.15-0.30R,after 13:30,narrow,Mon
2024-09-30,up,False,315,0.05740740740740741,3.8152173913043477,3,True,True,0.15,0.0,False,,False,False,,False,False,,False,False,False,False,False,False,False,,False,,,,135.0,0.35833333333333334,,0,False,False,False,False,False,Q4_strong,0.05-0.15R,after 13:30,narrow,Mon
2024-10-01,down,True,30,0.115234375,1.2621951219512195,2,False,True,0.036458333333333336,0.16666666666666666,True,15.0,True,True,15.0,True,True,30.0,True,False,True,False,True,False,False,-1.0,True,-1.0,-1.0,0.15913200723327306,384.0,0.9833333333333333,,1,False,False,False,False,False,Q2,0.05-0.15R,10:30-11:00,widest,Tue
2024-10-02,up,True,30,0.18482758620689654,1.07012987012987,1,False,False,,0.416551724137931,True,105.0,False,True,105.0,True,True,105.0,False,False,False,False,False,False,False,-0.3081570996978852,True,-0.05241379310344828,-0.05241379310344828,-0.26879271070615035,181.25,0.6333333333333333,,2,True,False,False,False,False,Q2,0.15-0.30R,10:30-11:00,wide,Wed
2024-10-07,down,True,240,0.4477211796246649,3.592085235920852,3,True,True,0.5924932975871313,1.5067024128686326,False,,False,False,,False,False,,False,False,False,False,False,False,True,0.5827439886845828,False,,,,93.25,0.05,,0,True,True,True,True,False,Q4_strong,>0.30R,after 13:30,narrowest,Mon
2024-10-08,up,True,0,0.3107344632768362,2.8263473053892216,4,False,True,0.3013182674199623,0.9566854990583804,True,90.0,True,True,165.0,False,False,,False,False,False,False,True,True,True,0.5226480836236934,True,1.0,1.4689265536723164,,132.75,0.2833333333333333,,1,True,True,False,False,False,Q4_strong,>0.30R,10:30-11:00,narrow,Tue
2024-10-09,up,True,15,0.05591397849462366,1.00375234521576,1,False,True,0.08602150537634409,1.1010752688172043,False,,False,False,,False,False,,False,False,False,False,True,False,True,1.6982591876208897,False,,,,116.25,0.2,,2,True,True,True,False,False,Q2,0.05-0.15R,10:30-11:00,narrow,Wed
2024-10-10,up,True,30,0.05689277899343545,2.2170900692840645,1,False,True,0.16630196936542668,0.8096280087527352,True,15.0,True,True,195.0,False,False,,False,False,False,False,True,False,True,0.11394891944990176,True,1.0,0.24070021881838075,,114.25,0.15833333333333333,,3,True,True,False,False,False,Q4_strong,0.05-0.15R,10:30-11:00,narrowest,Thu
2024-10-11,up,True,270,0.03153153153153153,1.1521418020679468,2,False,True,0.04504504504504504,0.07807807807807808,True,15.0,True,True,30.0,True,False,,False,False,False,False,True,False,False,-0.4152542372881356,True,-0.3783783783783784,-0.3783783783783784,,166.5,0.5833333333333334,,4,False,False,False,False,False,Q2,<0.05R,after 13:30,mid,Fri
2024-10-15,down,True,0,0.8087248322147651,4.373913043478261,5,False,True,0.4077181208053691,1.7197986577181208,False,,False,False,,False,False,,False,False,False,False,False,False,True,0.14615384615384616,False,,,,149.0,0.45,,1,True,True,True,True,False,Q4_strong,>0.30R,10:30-11:00,mid,Tue
2024-10-16,up,True,225,0.08609271523178808,1.2827788649706457,1,False,True,0.0728476821192053,0.1456953642384106,True,15.0,False,True,60.0,True,False,,False,False,False,False,True,False,False,-0.2711864406779661,True,-0.1456953642384106,-0.1456953642384106,,151.0,0.45,,2,False,False,False,False,False,Q2,0.05-0.15R,after 13:30,mid,Wed
2024-10-17,down,True,315,0.011933174224343675,0.9523809523809523,1,False,False,,0.0,False,,False,False,,False,False,,False,False,False,False,False,False,False,,False,,,,209.5,0.7916666666666666,,3,False,False,False,False,False,Q2,<0.05R,after 13:30,wide,Thu
2024-10-21,down,True,30,0.25616698292220114,1.1555555555555554,4,False,False,,0.5901328273244781,True,45.0,False,True,45.0,False,False,,True,False,False,False,False,False,False,-1.0,True,-1.0,-1.0,,131.75,0.3,,0,True,True,False,False,False,Q2,0.15-0.30R,10:30-11:00,narrow,Mon
2024-10-22,up,True,180,0.10465116279069768,1.5553880934438584,2,False,True,0.15614617940199335,0.5465116279069767,True,75.0,False,False,,False,False,,False,False,False,False,True,True,True,0.04395604395604396,True,0.26245847176079734,0.26245847176079734,,150.5,0.4666666666666667,,1,True,True,False,False,False,Q3,0.05-0.15R,12:00-13:30,mid,Tue
2024-10-23,down,True,30,0.07922912205567452,2.69758064516129,2,False,True,0.2740899357601713,2.2869379014989293,True,15.0,True,True,45.0,True,False,,False,False,False,False,False,False,True,1.5896487985212568,True,1.0,2.0,,116.75,0.23333333333333334,,2,True,True,True,True,True,Q4_strong,0.05-0.15R,10:30-11:00,narrow,Wed
2024-10-24,down,True,90,0.2796352583586626,2.0896946564885495,1,False,False,,0.4194528875379939,True,15.0,False,True,15.0,True,True,30.0,True,True,True,True,False,False,False,-1.0,True,-1.0,-1.0,0.42813455657492355,82.25,0.016666666666666666,,3,True,False,False,False,False,Q3,0.15-0.30R,11:00-12:00,narrowest,Thu
2024-10-24,up,False,180,0.03343465045592705,0.8357515960533952,1,True,False,,0.364741641337386,True,15.0,True,True,15.0,True,True,15.0,True,False,True,False,False,False,True,-1.0,True,-1.0,-1.0,-1.0,82.25,0.016666666666666666,,3,True,False,False,False,False,Q2,<0.05R,12:00-13:30,narrowest,Thu
2024-10-25,down,True,180,0.014976958525345621,2.905682483889865,5,False,True,0.15092165898617513,0.13940092165898618,True,15.0,True,True,15.0,True,False,,False,False,False,False,False,False,False,-0.07158836689038031,True,-0.04377880184331797,-0.04377880184331797,,217.0,0.8333333333333334,,4,False,False,False,False,False,Q4_strong,<0.05R,12:00-13:30,widest,Fri
2024-10-28,down,True,150,0.16793893129770993,1.051440329218107,3,False,False,,0.43256997455470736,True,15.0,True,True,15.0,True,False,,False,False,False,False,False,False,True,0.17523809523809525,True,0.5699745547073791,0.5699745547073791,,98.25,0.14166666666666666,,0,True,False,False,False,False,Q2,0.15-0.30R,12:00-13:30,narrowest,Mon
2024-10-29,up,True,60,0.016105417276720352,0.4629294755877034,2,False,False,,0.8404099560761347,True,15.0,True,False,,False,False,,False,False,False,False,False,False,True,1.0127659574468084,True,1.0,1.0775988286969254,,170.75,0.65,,1,True,True,False,False,False,Q1_weak,<0.05R,11:00-12:00,wide,Tue
2024-10-30,down,True,315,0.05263157894736842,1.5104895104895104,5,False,False,,0.0,False,,False,False,,False,False,,False,False,False,False,False,False,False,,False,,,,156.75,0.5833333333333334,,2,False,False,False,False,False,Q3,0.05-0.15R,after 13:30,mid,Wed
2024-10-31,down,True,15,0.12287712287712288,0.6534365924491772,2,False,False,,0.4385614385614386,True,300.0,False,False,,False,False,,False,False,False,False,False,False,True,0.49398556535685645,True,0.8611388611388612,0.8611388611388612,,250.25,0.9166666666666666,,3,True,False,False,False,False,Q1_weak,0.05-0.15R,10:30-11:00,widest,Thu
2024-11-01,up,True,45,0.05620608899297424,0.3646368305209097,3,False,False,,0.07962529274004684,True,15.0,False,True,15.0,True,True,135.0,True,False,True,False,False,False,False,-1.0,True,-1.0,-1.0,0.19745222929936307,213.5,0.8666666666666667,,4,False,False,False,False,False,Q1_weak,0.05-0.15R,11:00-12:00,widest,Fri
2024-11-04,up,True,30,0.05228758169934641,1.8128342245989304,1,False,False,,0.11764705882352941,True,15.0,False,True,15.0,True,True,15.0,True,False,True,False,False,False,False,-1.0,True,-1.0,-1.0,1.9025641025641025,191.25,0.7166666666666667,,0,False,False,False,False,False,Q3,0.05-0.15R,10:30-11:00,wide,Mon
2024-11-05,up,True,75,0.11047345767575323,1.1280214861235451,4,False,False,,0.29555236728837875,True,90.0,False,True,90.0,True,False,,False,False,False,False,False,False,True,0.007050528789659225,True,0.22955523672883787,0.22955523672883787,,174.25,0.6666666666666666,,1,True,False,False,False,False,Q2,0.05-0.15R,11:00-12:00,wide,Tue
2024-11-06,up,True,90,0.043410852713178294,0.35691523263224983,5,False,True,0.006201550387596899,0.7798449612403101,True,15.0,True,True,15.0,True,False,,False,False,False,False,True,False,True,0.9300998573466477,True,1.0,1.0976744186046512,,161.25,0.5666666666666667,,2,True,True,False,False,False,Q1_weak,<0.05R,11:00-12:00,mid,Wed
2024-11-07,up,True,15,0.25349301397205587,1.7311608961303462,2,False,True,0.021956087824351298,0.9880239520958084,True,15.0,True,False,,False,False,,False,False,False,False,True,False,True,0.6437086092715232,True,1.0,1.4770459081836327,,125.25,0.3,,3,True,True,False,False,False,Q3,0.15-0.30R,10:30-11:00,narrow,Thu
2024-11-08,up,True,165,0.0035211267605633804,0.10638297872340426,5,False,False,,0.4612676056338028,True,15.0,True,True,105.0,True,False,,False,False,False,False,False,False,True,0.04195804195804196,True,0.04929577464788732,0.04929577464788732,,71.0,0.016666666666666666,,4,True,False,False,False,False,Q1_weak,<0.05R,12:00-13:30,narrowest,Fri
2024-11-11,down,True,150,0.18363636363636363,1.6745689655172413,2,False,True,0.10363636363636364,0.41454545454545455,True,30.0,False,True,30.0,True,True,45.0,False,False,False,False,True,False,False,-0.9601063829787234,True,-0.9454545454545454,-0.9454545454545454,0.49693251533742333,137.5,0.45,,0,True,False,False,False,False,Q3,0.15-0.30R,12:00-13:30,mid,Mon
2024-11-12,down,True,30,0.09688581314878893,0.9152542372881356,5,False,False,,1.726643598615917,True,15.0,True,True,15.0,True,False,,False,False,False,False,False,False,False,1.5130434782608695,True,1.0,2.0,,72.25,0.03333333333333333,,1,True,True,True,True,False,Q2,0.05-0.15R,10:30-11:00,narrowest,Tue
2024-11-13,up,True,90,0.0859375,1.074600355239787,2,False,True,0.107421875,0.65625,True,15.0,True,True,30.0,True,False,,False,False,False,False,True,False,False,-0.49,True,1.0,-0.40234375,,128.0,0.31666666666666665,,2,True,True,False,False,False,Q2,0.05-0.15R,11:00-12:00,narrow,Wed
2024-11-14,down,True,195,0.09683426443202979,3.321371610845295,3,False,True,0.035381750465549346,0.515828677839851,True,15.0,True,True,15.0,True,False,,False,False,False,False,False,False,True,0.23712948517940718,True,1.0,0.4767225325884544,,134.25,0.38333333333333336,,3,True,True,False,False,False,Q4_strong,0.05-0.15R,after 13:30,mid,Thu
2024-11-15,down,True,0,0.011780104712041885,0.2055800293685756,5,False,True,0.0693717277486911,0.9293193717277487,True,15.0,True,False,,False,False,,False,False,False,False,False,False,True,0.907928388746803,True,1.0,0.9528795811518325,,191.0,0.7333333333333333,,4,True,True,False,False,False,Q1_weak,<0.05R,10:30-11:00,wide,Fri
2024-11-18,up,True,0,0.16940789473684212,0.7086882453151618,3,False,True,0.33223684210526316,0.46875,True,75.0,False,True,120.0,True,False,,False,False,False,False,True,False,False,-0.4619164619164619,True,-0.27960526315789475,-0.27960526315789475,,152.0,0.55,,0,True,False,False,False,False,Q1_weak,0.15-0.30R,10:30-11:00,mid,Mon
2024-11-19,up,True,0,0.20103092783505155,0.6859344894026975,3,False,True,0.16494845360824742,1.9329896907216495,False,,False,False,,False,False,,False,False,False,False,True,True,True,1.1397058823529411,False,,,,97.0,0.13333333333333333,,1,True,True,True,True,False,Q1_weak,0.15-0.30R,10:30-11:00,narrowest,Tue
2024-11-25,down,True,90,0.1357733175914994,1.6112852664576802,1,False,True,0.179456906729634,0.4203069657615112,True,60.0,False,True,60.0,True,False,,False,False,False,False,False,False,False,-0.2785515320334262,True,-0.08264462809917356,-0.08264462809917356,,211.75,0.8166666666666667,,0,True,False,False,False,False,Q3,0.05-0.15R,11:00-12:00,widest,Mon
2024-11-27,down,True,15,0.12643678160919541,1.0853293413173652,1,False,False,,0.5201149425287356,True,135.0,False,True,135.0,False,True,135.0,False,False,False,False,False,False,False,-0.6674311926605505,True,-0.5833333333333334,-0.5833333333333334,0.30787037037037035,174.0,0.6833333333333333,,2,True,True,False,False,False,Q2,0.05-0.15R,10:30-11:00,wide,Wed
2024-12-02,up,True,60,0.19117647058823528,1.6403207331042382,1,False,True,0.12058823529411765,0.3720588235294118,True,120.0,False,True,150.0,True,True,150.0,False,False,False,False,True,False,True,-0.10212765957446808,True,0.2411764705882353,0.2411764705882353,-0.43934426229508194,170.0,0.65,,0,True,False,False,False,False,Q3,0.15-0.30R,11:00-12:00,wide,Mon
2024-12-03,up,True,45,0.17042606516290726,1.4756756756756755,4,False,True,0.05263157894736842,0.5588972431077694,True,15.0,True,True,15.0,True,False,,False,False,False,False,True,False,True,0.41869158878504675,True,1.0,0.9022556390977443,,99.75,0.18333333333333332,,1,True,True,False,False,False,Q3,0.15-0.30R,11:00-12:00,narrow,Tue
2024-12-04,up,True,0,0.18421052631578946,1.9111111111111112,4,False,True,0.006578947368421052,1.1085526315789473,True,15.0,True,True,60.0,True,False,,False,False,False,False,True,False,True,1.1923076923076923,True,1.0,2.0,,76.0,0.05,,2,True,True,True,False,False,Q3,0.15-0.30R,10:30-11:00,narrowest,Wed
2024-12-05,up,True,90,0.14883720930232558,2.4680851063829787,2,True,True,0.33488372093023255,0.2930232558139535,True,15.0,True,True,60.0,True,True,75.0,True,True,True,True,True,False,False,-1.0,True,-1.0,-1.0,0.045112781954887216,53.75,0.016666666666666666,,3,True,False,False,False,False,Q4_strong,0.05-0.15R,11:00-12:00,narrowest,Thu
2024-12-05,down,False,195,0.08372093023255814,1.6589716684155298,1,True,False,,0.7209302325581395,True,15.0,True,True,15.0,True,False,,False,False,False,False,False,False,True,0.5657370517928287,True,1.0,0.827906976744186,,53.75,0.016666666666666666,,3,True,True,False,False,False,Q3,0.05-0.15R,after 13:30,narrowest,Thu
2024-12-06,up,True,150,0.09576138147566719,2.1158371040723982,2,False,True,0.15384615384615385,0.15070643642072212,True,30.0,False,True,60.0,True,False,,False,False,False,False,True,False,True,-0.021080368906455864,True,0.1664050235478807,0.1664050235478807,,159.25,0.6166666666666667,,4,False,False,False,False,False,Q3,0.05-0.15R,12:00-13:30,wide,Fri
2024-12-09,down,True,0,0.0024096385542168677,0.4779874213836478,4,False,True,0.26987951807228916,1.0506024096385542,True,15.0,True,False,,False,False,,False,False,False,False,False,False,True,1.985611510791367,True,1.0,2.0,,103.75,0.23333333333333334,,0,True,True,True,False,False,Q1_weak,<0.05R,10:30-11:00,narrow,Mon
2024-12-10,down,True,15,0.0024691358024691358,1.8548387096774193,1,False,True,0.27901234567901234,1.508641975308642,True,15.0,True,False,,False,False,,False,False,False,False,False,False,True,1.9852579852579852,True,1.0,2.0,,101.25,0.23333333333333334,,1,True,True,True,True,False,Q3,<0.05R,10:30-11:00,narrow,Tue
2024-12-11,up,True,30,0.03828483920367534,1.184549356223176,1,False,True,0.042879019908116385,0.5130168453292496,True,15.0,True,False,,False,False,,False,False,False,False,True,True,True,0.5604551920341394,True,1.0,0.6799387442572741,,163.25,0.65,,2,True,True,False,False,False,Q2,<0.05R,10:30-11:00,wide,Wed
2024-12-12,up,True,15,0.026455026455026454,0.967741935483871,1,False,False,,0.2724867724867725,True,15.0,True,True,30.0,True,True,45.0,True,False,True,False,False,False,False,-1.0,True,-1.0,-1.0,-1.0,94.5,0.16666666666666666,,3,True,False,False,False,False,Q2,<0.05R,10:30-11:00,narrowest,Thu
2024-12-13,down,True,0,0.3813559322033898,1.3053221288515406,4,False,True,0.18220338983050846,1.0466101694915255,True,225.0,False,True,225.0,False,False,,False,False,False,False,True,False,False,0.7019230769230769,True,-0.1271186440677966,-0.1271186440677966,,118.0,0.35,,4,True,True,True,False,False,Q2,>0.30R,10:30-11:00,narrow,Fri
2024-12-16,up,True,0,0.06265664160401002,0.289544235924933,5,False,True,0.10025062656641603,1.5714285714285714,True,15.0,True,True,15.0,True,False,,False,False,False,False,True,False,True,1.665924276169265,True,1.0,2.0,,99.75,0.225,,0,True,True,True,True,False,Q1_weak,0.05-0.15R,10:30-11:00,narrow,Mon
2024-12-17,up,True,60,0.11224489795918367,1.2144955925563172,1,False,False,,0.15714285714285714,True,15.0,False,True,15.0,True,True,30.0,True,False,True,False,False,False,False,-1.0,True,-1.0,-1.0,0.22510822510822512,122.5,0.36666666666666664,,1,False,False,False,False,False,Q2,0.05-0.15R,11:00-12:00,narrow,Tue
2024-12-18,up,True,0,0.15513126491646778,1.6494845360824741,4,False,True,0.03341288782816229,0.3412887828162291,True,30.0,False,True,30.0,True,True,210.0,True,True,True,True,True,False,False,-1.0,True,-1.0,-1.0,-0.3963480128893663,104.75,0.26666666666666666,,2,True,False,False,False,False,Q3,0.15-0.30R,10:30-11:00,narrow,Wed
2024-12-18,down,False,210,0.8806682577565632,15.122676579925649,1,True,True,1.0525059665871122,7.458233890214797,False,,False,False,,False,False,,False,False,False,False,False,False,True,0.08643042350907519,False,,,,104.75,0.26666666666666666,,2,True,True,True,True,True,Q4_strong,>0.30R,after 13:30,narrow,Wed
2024-12-19,down,True,30,0.09090909090909091,1.3132075471698113,1,False,False,,0.6674968866749689,True,15.0,True,True,15.0,True,True,15.0,True,False,True,False,False,False,True,-1.0,True,-1.0,-1.0,-1.0,200.75,0.8333333333333334,,3,True,True,False,False,False,Q2,0.05-0.15R,10:30-11:00,widest,Thu
2024-12-20,up,True,0,0.22194513715710723,0.8878281622911695,3,False,True,0.3649210307564422,1.167082294264339,False,,False,False,,False,False,,False,False,False,False,False,False,True,1.077720207253886,False,,,,300.75,0.9666666666666667,,4,True,True,True,False,False,Q2,0.15-0.30R,10:30-11:00,widest,Fri
2024-12-23,up,True,75,0.08930817610062892,0.6701137538779731,6,False,True,0.13081761006289308,0.5094339622641509,True,15.0,True,True,15.0,True,False,,False,False,False,False,True,True,True,0.5314834578441836,True,1.0,0.8050314465408805,,198.75,0.8,,0,True,True,False,False,False,Q1_weak,0.05-0.15R,11:00-12:00,wide,Mon
2024-12-26,up,True,30,0.030852994555353903,0.21612349914236706,2,False,False,,0.4954627949183303,True,15.0,True,True,15.0,True,False,,False,False,False,False,False,False,False,-0.06837606837606838,True,-0.010889292196007259,-0.010889292196007259,,137.75,0.48333333333333334,,3,True,False,False,False,False,Q1_weak,<0.05R,10:30-11:00,mid,Thu
2024-12-30,up,True,60,0.25920245398773006,1.2474226804123711,2,False,True,0.08282208588957055,0.950920245398773,True,15.0,True,True,255.0,False,False,,False,False,False,False,False,False,False,-0.37575757575757573,True,1.0,-0.05214723926380368,,163.0,0.6333333333333333,,0,True,True,False,False,False,Q2,0.15-0.30R,11:00-12:00,wide,Mon
2024-12-31,down,True,45,0.22096774193548388,1.1886792452830188,4,False,True,0.11612903225806452,0.9774193548387097,True,15.0,True,False,,False,False,,False,False,False,False,False,False,True,0.7069351230425056,True,1.0,1.461290322580645,,155.0,0.5833333333333334,,1,True,True,False,False,False,Q2,0.15-0.30R,11:00-12:00,mid,Tue
2025-01-02,down,True,105,0.05405405405405406,2.904494382022472,1,False,True,0.46126126126126127,0.6585585585585586,True,165.0,False,True,210.0,False,False,,False,False,False,False,False,False,False,-0.11382113821138211,True,-0.018018018018018018,-0.018018018018018018,,277.5,0.9333333333333333,,3,True,True,False,False,False,Q4_strong,0.05-0.15R,12:00-13:30,widest,Thu
2025-01-03,up,True,60,0.1799163179916318,1.0983847283406756,2,False,True,0.1799163179916318,0.6610878661087866,False,,False,False,,False,False,,False,False,False,False,True,True,True,0.28923076923076924,False,,,,179.25,0.7666666666666667,,4,True,True,False,False,False,Q2,0.15-0.30R,11:00-12:00,wide,Fri
2025-01-06,up,True,45,0.013782542113323124,0.3089802130898021,2,False,False,,0.03522205206738132,True,15.0,False,True,15.0,True,True,15.0,True,True,True,True,False,False,False,-1.0,True,-1.0,-1.0,4.878260869565217,163.25,0.6583333333333333,,0,False,False,False,False,False,Q1_weak,<0.05R,11:00-12:00,wide,Mon
2025-01-06,down,False,195,0.0995405819295559,2.187869822485207,2,True,True,0.17151607963246554,0.46401225114854516,True,90.0,False,True,90.0,True,False,,False,False,False,False,True,False,False,-0.44189016602809705,True,-0.33078101071975496,-0.33078101071975496,,163.25,0.6583333333333333,,0,True,False,False,False,False,Q4_strong,0.05-0.15R,after 13:30,wide,Mon
2025-01-07,down,True,0,0.25022261798753337,2.267131242740999,5,False,False,,0.8753339269813001,True,15.0,True,True,15.0,True,False,,False,False,False,False,False,False,True,0.45578635014836794,True,1.0,1.1843276936776492,,280.75,0.95,,1,True,True,False,False,False,Q4_strong,0.15-0.30R,10:30-11:00,widest,Tue
2025-01-08,up,True,60,0.021398002853067047,2.375125376128385,1,False,False,,0.14550641940085593,True,15.0,True,True,15.0,True,True,30.0,True,True,True,True,False,False,False,-1.0,True,-1.0,-1.0,0.4601941747572815,175.25,0.7333333333333333,,2,False,False,False,False,False,Q4_strong,<0.05R,11:00-12:00,wide,Wed
2025-01-08,down,False,105,0.23109843081312412,2.4692611393119006,3,True,True,0.3751783166904422,0.369472182596291,True,15.0,True,True,15.0,True,True,120.0,True,True,True,True,True,False,False,-1.0,True,-1.0,-1.0,-0.04667328699106256,175.25,0.7333333333333333,,2,True,False,False,False,False,Q4_strong,0.15-0.30R,12:00-13:30,wide,Wed
2025-01-13,up,True,135,0.2247557003257329,1.3495871018482108,1,False,True,0.017915309446254073,0.7100977198697068,True,75.0,True,True,75.0,True,False,,False,False,False,False,True,False,True,0.5235955056179775,True,1.0,1.208469055374593,,153.5,0.5166666666666667,,0,True,True,False,False,False,Q3,0.15-0.30R,12:00-13:30,mid,Mon
2025-01-14,down,True,15,0.1834862385321101,1.1709337349397588,3,False,True,0.1559633027522936,1.1788990825688073,True,165.0,True,True,165.0,False,False,,False,False,False,False,True,True,True,1.1946308724832215,True,1.0,2.0,,163.5,0.6333333333333333,,1,True,True,True,False,False,Q2,0.15-0.30R,10:30-11:00,wide,Tue
2025-01-15,up,True,225,0.03954802259887006,0.5516129032258065,2,False,True,0.03728813559322034,0.20225988700564973,True,30.0,True,True,90.0,True,False,,False,False,False,False,True,False,False,-0.17591623036649215,True,-0.11073446327683616,-0.11073446327683616,,221.25,0.8666666666666667,,2,False,False,False,False,False,Q1_weak,<0.05R,after 13:30,widest,Wed
2025-01-16,down,True,180,0.17928902627511592,1.2906077348066298,2,False,True,0.17928902627511592,0.5734157650695518,True,30.0,True,True,30.0,True,False,,False,False,False,False,True,False,True,0.5392491467576792,True,1.0,1.0911901081916537,,161.75,0.55,,3,True,True,False,False,False,Q2,0.15-0.30R,12:00-13:30,mid,Thu
2025-01-17,up,True,150,0.020289855072463767,1.0257913247362251,2,False,True,0.12028985507246377,0.10579710144927536,True,15.0,True,True,15.0,True,True,120.0,False,False,False,False,True,False,False,-0.6295264623955432,True,-0.6144927536231884,-0.6144927536231884,0.06741573033707865,172.5,0.6666666666666666,,4,False,False,False,False,False,Q2,<0.05R,12:00-13:30,wide,Fri
2025-01-21,up,True,135,0.11948051948051948,0.6867154811715481,3,False,True,0.03896103896103896,0.2792207792207792,True,90.0,False,True,105.0,True,False,,False,False,False,False,True,False,False,-0.22431865828092243,True,-0.03896103896103896,-0.03896103896103896,,192.5,0.7666666666666667,,1,True,False,False,False,False,Q1_weak,0.05-0.15R,12:00-13:30,wide,Tue
2025-01-22,up,True,0,0.013011152416356878,0.8,1,False,True,0.1171003717472119,0.4200743494423792,True,15.0,True,True,15.0,True,True,15.0,False,False,False,False,True,False,False,-0.5942028985507246,True,-0.5836431226765799,-0.5836431226765799,-1.0,134.5,0.35,,2,True,False,False,False,False,Q2,<0.05R,10:30-11:00,narrow,Wed
2025-01-23,up,True,0,0.09615384615384616,1.7938144329896908,1,False,True,0.19230769230769232,2.418269230769231,True,30.0,True,True,120.0,False,False,,False,False,False,False,True,True,True,1.5161290322580645,True,1.0,2.0,,52.0,0.016666666666666666,,3,True,True,True,True,True,Q3,0.05-0.15R,10:30-11:00,narrowest,Thu
2025-01-24,down,True,15,0.008241758241758242,0.4250559284116331,1,False,False,,1.5741758241758241,True,15.0,True,True,15.0,True,True,30.0,True,False,True,False,False,False,True,-1.0,True,-1.0,-1.0,-1.0,91.0,0.11666666666666667,,4,True,True,True,True,False,Q1_weak,<0.05R,10:30-11:00,narrowest,Fri
2025-01-27,up,True,0,0.08708133971291866,0.30885692657077973,2,False,True,0.05933014354066986,0.184688995215311,True,15.0,False,True,15.0,True,True,30.0,True,True,True,True,True,False,False,-1.0,True,-1.0,-1.0,1.0496688741721854,261.25,0.8833333333333333,,0,False,False,False,False,False,Q1_weak,0.05-0.15R,10:30-11:00,widest,Mon
2025-01-28,up,True,90,0.16369278510473234,1.0628227194492255,3,False,True,0.17067494181536075,0.44763382467028706,False,,False,False,,False,False,,False,False,False,False,True,False,True,0.19170075978959672,False,,,,322.25,0.95,,1,True,False,False,False,False,Q2,0.15-0.30R,11:00-12:00,widest,Tue
2025-01-29,down,True,0,0.04970178926441352,0.7532467532467533,2,False,False,,0.9025844930417495,True,15.0,True,True,15.0,True,True,240.0,True,False,True,False,False,False,False,-1.0,True,-1.0,-1.0,-0.11156462585034013,125.75,0.3,,2,True,True,False,False,False,Q1_weak,<0.05R,10:30-11:00,narrow,Wed
2025-01-30,down,True,15,0.26350606394707826,2.3476005188067446,1,False,True,0.05843439911797133,0.4520396912899669,True,30.0,False,True,30.0,True,True,60.0,True,False,True,False,True,False,False,-1.0,True,-1.0,-1.0,0.06684141546526867,226.75,0.8333333333333334,,3,True,False,False,False,False,Q4_strong,0.15-0.30R,10:30-11:00,widest,Thu
2025-01-31,up,True,15,0.08675078864353312,1.030741410488246,2,False,False,,0.26813880126182965,True,30.0,False,True,30.0,True,True,45.0,True,True,True,True,False,False,False,-1.0,True,-1.0,-1.0,1.851063829787234,158.5,0.4666666666666667,,4,True,False,False,False,False,Q2,0.05-0.15R,10:30-11:00,mid,Fri
2025-01-31,down,False,195,0.083596214511041,0.8026981450252951,4,True,True,0.0946372239747634,1.446372239747634,True,15.0,True,False,,False,False,,False,False,False,False,False,False,True,1.5702702702702702,True,1.0,2.0,,158.5,0.4666666666666667,,4,True,True,True,False,False,Q2,0.05-0.15R,after 13:30,mid,Fri
2025-02-03,up,True,0,0.30992978936810434,0.875,2,False,True,0.4082246740220662,0.6308926780341023,True,30.0,True,True,120.0,True,False,,False,False,False,False,False,False,True,-0.16594427244582044,True,1.0,0.3510531594784353,,249.25,0.85,,0,True,True,False,False,False,Q2,>0.30R,10:30-11:00,widest,Mon
2025-02-04,up,True,45,0.07841239109390126,0.6176470588235294,2,False,False,,0.1181026137463698,True,15.0,True,True,30.0,True,True,60.0,False,False,False,False,False,False,True,-0.10376569037656903,True,0.036786060019361085,0.036786060019361085,-0.8045540796963947,258.25,0.85,,1,False,False,False,False,False,Q1_weak,0.05-0.15R,11:00-12:00,widest,Tue
2025-02-05,up,True,45,0.06430155210643015,1.6234939759036144,2,False,True,0.43902439024390244,1.376940133037694,True,15.0,True,False,,False,False,,False,False,False,False,True,False,True,1.6581532416502947,True,1.0,2.0,,112.75,0.25,,2,True,True,True,False,False,Q3,0.05-0.15R,11:00-12:00,narrow,Wed
2025-02-06,up,True,315,0.19909502262443438,3.9423076923076925,5,True,True,0.1334841628959276,0.0,False,,False,False,,False,False,,False,False,False,False,False,False,False,,False,,,,110.5,0.25,,3,False,False,False,False,False,Q4_strong,0.15-0.30R,after 13:30,narrow,Thu
2025-02-07,down,True,30,0.07092198581560284,0.9985007496251873,2,False,True,0.016843971631205674,0.4725177304964539,True,15.0,True,True,120.0,True,False,,False,False,False,False,True,False,True,0.4829192546583851,True,0.6932624113475178,0.6932624113475178,,282.0,0.9166666666666666,,4,True,False,False,False,False,Q2,0.05-0.15R,10:30-11:00,widest,Fri
2025-02-10,up,True,0,0.019305019305019305,0.44933920704845814,3,False,True,0.08687258687258688,0.1583011583011583,True,15.0,True,True,15.0,True,False,,False,False,False,False,True,False,False,-0.4795539033457249,True,-0.4594594594594595,-0.4594594594594595,,129.5,0.35,,0,False,False,False,False,False,Q1_weak,<0.05R,10:30-11:00,narrow,Mon
2025-02-11,up,True,0,0.0328719723183391,0.2939297124600639,3,False,True,0.0328719723183391,0.18166089965397925,True,15.0,True,True,15.0,True,True,90.0,True,False,True,False,True,False,False,-1.0,True,-1.0,-1.0,-0.42602495543672014,144.5,0.4166666666666667,,1,False,False,False,False,False,Q1_weak,<0.05R,10:30-11:00,mid,Tue
2025-02-12,up,True,75,0.1992619926199262,0.9061676331049026,2,False,True,0.15252152521525214,0.48954489544895446,False,,False,False,,False,False,,False,False,False,False,True,False,True,0.1547933157431838,False,,,,203.25,0.75,,2,True,False,False,False,False,Q2,0.15-0.30R,11:00-12:00,wide,Wed
2025-02-13,up,True,0,0.34775888717156106,3.0605326876513317,5,False,True,0.17001545595054096,0.7882534775888718,True,60.0,True,True,75.0,True,False,,True,False,False,False,True,False,True,-1.0,True,-1.0,-1.0,,161.75,0.5083333333333333,,3,True,True,False,False,False,Q4_strong,>0.30R,10:30-11:00,mid,Thu
2025-02-14,up,True,15,0.07142857142857142,2.416879795396419,1,False,False,,0.9285714285714286,True,15.0,True,True,15.0,True,True,90.0,True,False,True,False,False,False,True,-1.0,True,-1.0,-1.0,-1.0,70.0,0.05,,4,True,True,False,False,False,Q4_strong,0.05-0.15R,10:30-11:00,narrowest,Fri
2025-02-18,down,True,210,0.043557168784029036,1.9904534606205253,1,False,False,,0.1996370235934664,True,15.0,False,True,15.0,True,True,45.0,True,False,True,False,False,False,False,-1.0,True,-1.0,-1.0,0.7953795379537953,137.75,0.35833333333333334,,1,False,False,False,False,False,Q3,<0.05R,after 13:30,narrow,Tue
2025-02-19,up,True,60,0.1570048309178744,0.7452830188679245,3,False,False,,0.7560386473429952,True,15.0,True,True,45.0,True,False,,False,False,False,False,False,False,True,0.13602941176470587,True,1.0,0.4927536231884058,,103.5,0.18333333333333332,,2,True,True,False,False,False,Q1_weak,0.15-0.30R,11:00-12:00,narrow,Wed
2025-02-21,down,True,0,0.2567049808429119,1.3657219973009447,5,False,True,0.13793103448275862,1.6845466155810984,True,15.0,True,True,15.0,True,False,,False,False,False,False,False,False,True,0.9822784810126582,True,1.0,2.0,,195.75,0.6833333333333333,,4,True,True,True,True,False,Q3,0.15-0.30R,10:30-11:00,wide,Fri
2025-02-24,down,True,315,0.041723666210670314,4.004412575841147,3,False,False,,0.0,False,,False,False,,False,False,,False,False,False,False,False,False,False,,False,,,,365.5,0.9833333333333333,,0,False,False,False,False,False,Q4_strong,<0.05R,after 13:30,widest,Mon
2025-02-26,up,True,30,0.12635869565217392,1.2233676975945018,3,False,True,0.021739130434782608,0.19701086956521738,True,15.0,True,True,15.0,True,True,105.0,True,True,True,True,True,False,False,-1.0,True,-1.0,-1.0,0.37227414330218067,184.0,0.65,,2,False,False,False,False,False,Q2,0.05-0.15R,10:30-11:00,wide,Wed
2025-02-26,down,False,165,0.09239130434782608,1.8406593406593408,5,True,True,0.02717391304347826,0.6766304347826086,True,15.0,True,True,135.0,False,False,,False,False,False,False,True,False,False,-0.17660550458715596,True,1.0,-0.024456521739130436,,184.0,0.65,,2,True,True,False,False,False,Q3,0.05-0.15R,12:00-13:30,wide,Wed
2025-02-27,down,True,240,0.13202681794739557,1.1256152364647978,5,False,True,0.17586384734399174,0.6157813305827746,False,,False,False,,False,False,,False,False,False,False,False,False,True,0.7311301509587923,False,,,,484.75,1.0,,3,True,True,False,False,False,Q2,0.05-0.15R,after 13:30,widest,Thu
2025-02-28,up,True,15,0.0050335570469798654,1.1764705882352942,1,False,False,,0.6233221476510067,True,15.0,True,True,15.0,True,True,30.0,True,False,True,False,False,False,True,-1.0,True,-1.0,-1.0,-1.0,298.0,0.8833333333333333,,4,True,True,False,False,False,Q2,<0.05R,10:30-11:00,widest,Fri
2025-03-03,down,True,150,0.11218836565096953,2.2141119221411194,3,False,True,0.13781163434903046,1.2278393351800554,True,15.0,True,True,90.0,True,False,,False,False,False,False,False,False,True,1.4502262443438914,True,1.0,2.0,,361.0,0.95,,0,True,True,True,False,False,Q4_strong,0.05-0.15R,12:00-13:30,widest,Mon
2025-03-04,up,True,150,0.142353770260747,2.966233766233766,1,False,True,0.05919661733615222,0.8527131782945736,True,15.0,True,True,15.0,True,False,,False,False,False,False,True,False,False,-0.3642347778387274,True,1.0,-0.1832276250880902,,354.75,0.9333333333333333,,1,True,True,False,False,False,Q4_strong,0.05-0.15R,12:00-13:30,widest,Tue
2025-03-05,down,True,60,0.16648291069459759,1.0226415094339623,1,False,False,,0.24366041896361632,True,15.0,True,True,15.0,True,True,15.0,True,True,True,True,False,False,False,-1.0,True,-1.0,-1.0,1.2926829268292683,226.75,0.7083333333333334,,2,False,False,False,False,False,Q2,0.15-0.30R,11:00-12:00,wide,Wed
2025-03-05,up,False,135,0.3241455347298787,1.1333914559721012,5,True,False,,1.0055126791620728,True,15.0,True,True,45.0,True,False,,False,False,False,False,False,False,True,0.820066889632107,True,1.0,2.0,,226.75,0.7083333333333334,,2,True,True,True,False,False,Q2,>0.30R,12:00-13:30,wide,Wed
2025-03-06,up,True,0,0.043052837573385516,0.5301645338208409,4,False,False,,0.11545988258317025,True,15.0,False,True,15.0,True,True,90.0,True,True,True,True,False,False,False,-1.0,True,-1.0,-1.0,-0.17271407837445574,255.5,0.7333333333333333,,3,False,False,False,False,False,Q1_weak,<0.05R,10:30-11:00,wide,Thu
2025-03-06,down,False,90,0.2328767123287671,1.3709345409633593,4,True,True,0.18590998043052837,0.8816046966731899,True,15.0,True,False,,False,False,,False,False,False,False,False,False,True,0.411214953271028,True,1.0,1.0684931506849316,,255.5,0.7333333333333333,,3,True,True,False,False,False,Q3,0.15-0.30R,11:00-12:00,wide,Thu
2025-03-07,down,True,0,0.3516609392898053,2.2233250620347396,4,False,True,0.3642611683848797,1.1832760595647194,True,15.0,True,True,150.0,False,True,195.0,True,True,True,True,True,False,False,0.7612642905178211,True,1.0,2.0,0.1801857585139319,218.25,0.65,,4,True,True,True,False,False,Q4_strong,>0.30R,10:30-11:00,wide,Fri
2025-03-07,up,False,225,0.046964490263459335,1.442230183609494,1,True,False,,0.2027491408934708,True,15.0,True,True,15.0,True,False,,True,False,False,False,False,False,False,-1.0,True,-1.0,-1.0,,218.25,0.65,,4,False,False,False,False,False,Q3,<0.05R,after 13:30,wide,Fri
2025-03-10,down,True,0,0.13686313686313686,0.9012775842044135,4,False,True,0.028971028971028972,1.5264735264735265,True,60.0,True,False,,False,False,,False,False,False,False,True,True,True,1.3552941176470588,True,1.0,2.0,,250.25,0.7166666666666667,,0,True,True,True,True,False,Q2,0.05-0.15R,10:30-11:00,wide,Mon
2025-03-11,down,True,150,0.0973377703826955,0.6071628427532177,3,False,True,0.024958402662229616,0.37437603993344426,True,15.0,True,True,45.0,True,True,60.0,True,True,True,True,True,False,False,-1.0,True,-1.0,-1.0,0.4580759046778464,300.5,0.85,,1,True,False,False,False,False,Q1_weak,0.05-0.15R,12:00-13:30,widest,Tue
2025-03-11,up,False,255,0.08402662229617304,0.612563402262973,6,True,True,0.1064891846921797,0.2420965058236273,True,15.0,False,True,15.0,True,False,,True,False,False,False,True,False,False,-1.0,True,-1.0,-1.0,,300.5,0.85,,1,False,False,False,False,False,Q1_weak,0.05-0.15R,after 13:30,widest,Tue
2025-03-12,down,True,0,0.2945638432364096,6.59622641509434,5,False,True,0.0897597977243995,0.934260429835651,True,60.0,False,True,75.0,False,True,165.0,True,False,True,False,True,False,False,-1.0,True,-1.0,-1.0,-0.3020408163265306,197.75,0.55,,2,True,True,False,False,False,Q4_strong,0.15-0.30R,10:30-11:00,mid,Wed
2025-03-13,down,True,75,0.1099009900990099,1.1867572156196944,1,False,False,,0.6118811881188119,True,15.0,True,True,150.0,False,True,165.0,False,False,False,False,False,False,True,0.29383116883116883,True,1.0,0.5782178217821782,-0.5909661229611042,252.5,0.7,,3,True,True,False,False,False,Q2,0.05-0.15R,11:00-12:00,wide,Thu
2025-03-14,up,True,45,0.13179347826086957,0.576234788833214,4,False,True,0.019021739130434784,0.6616847826086957,True,60.0,True,True,60.0,True,False,,False,False,False,False,True,True,True,0.5182795698924731,True,1.0,0.9184782608695652,,184.0,0.475,,4,True,True,False,False,False,Q1_weak,0.05-0.15R,11:00-12:00,mid,Fri
2025-03-17,down,True,45,0.013677811550151976,0.3836964160224877,1,False,False,,0.331306990881459,True,15.0,True,True,45.0,True,True,45.0,True,True,True,True,False,False,False,-1.0,True,-1.0,-1.0,1.173697270471464,164.5,0.4,,0,True,False,False,False,False,Q1_weak,<0.05R,11:00-12:00,mid,Mon
2025-03-17,up,False,210,0.17477203647416414,1.5888122048674171,1,True,True,0.2066869300911854,0.6778115501519757,True,105.0,False,True,105.0,False,False,,False,False,False,False,True,True,False,-0.40315315315315314,True,-0.1945288753799392,-0.1945288753799392,,164.5,0.4,,0,True,True,False,False,False,Q3,0.15-0.30R,after 13:30,mid,Mon
2025-03-19,up,True,75,0.10025706940874037,0.43486238532110094,4,False,True,0.030848329048843187,1.2455012853470437,True,15.0,True,True,15.0,True,False,,True,False,False,False,True,False,True,-1.0,True,-1.0,-1.0,,194.5,0.48333333333333334,,2,True,True,True,False,False,Q1_weak,0.05-0.15R,11:00-12:00,mid,Wed
2025-03-20,up,True,0,0.012849584278155708,0.5495327102803739,5,False,False,,0.05517762660619804,True,15.0,True,True,15.0,True,False,,True,False,False,False,False,False,False,-1.0,True,-1.0,-1.0,,330.75,0.9,,3,False,False,False,False,False,Q1_weak,<0.05R,10:30-11:00,widest,Thu
2025-03-21,up,True,15,0.12198795180722892,2.8994845360824746,1,False,False,,1.2078313253012047,True,15.0,True,True,15.0,True,True,30.0,True,False,True,False,False,False,True,-1.0,True,-1.0,-1.0,-1.0,166.0,0.36666666666666664,,4,True,True,True,False,False,Q4_strong,0.05-0.15R,10:30-11:00,narrow,Fri
2025-03-24,up,True,15,0.016913319238900635,0.989159891598916,1,False,False,,0.5243128964059197,True,15.0,True,True,45.0,True,True,135.0,False,False,False,False,False,False,True,0.2658486707566462,True,1.0,0.3086680761099366,-1.0,118.25,0.11666666666666667,,0,True,True,False,False,False,Q2,<0.05R,10:30-11:00,narrowest,Mon
2025-03-25,up,True,0,0.27419354838709675,1.6984126984126984,4,False,True,0.06989247311827956,0.43548387096774194,True,60.0,False,True,75.0,True,False,,True,False,False,False,True,False,True,-1.0,True,-1.0,-1.0,,93.0,0.06666666666666667,,1,True,False,False,False,False,Q3,0.15-0.30R,10:30-11:00,narrowest,Tue
2025-03-26,down,True,75,0.13911290322580644,2.0028169014084507,3,False,True,0.1693548387096774,0.7338709677419355,False,,False,False,,False,False,,False,False,False,False,False,False,True,0.5047318611987381,False,,,,248.0,0.6333333333333333,,2,True,True,False,False,False,Q3,0.05-0.15R,11:00-12:00,wide,Wed
2025-03-27,up,True,0,0.19350473612990526,0.7883597883597884,4,False,True,0.04330175913396482,0.41948579161028415,True,60.0,False,True,60.0,True,False,,True,False,False,False,True,False,False,-1.0,True,-1.0,-1.0,,184.75,0.48333333333333334,,3,True,False,False,False,False,Q2,0.15-0.30R,10:30-11:00,mid,Thu
2025-03-28,down,True,15,0.08380338436744561,0.7219730941704036,1,False,False,,0.6760676873489122,True,45.0,True,False,,False,False,,False,False,False,False,False,False,True,0.7936507936507936,True,1.0,1.0942788074133762,,310.25,0.8666666666666667,,4,True,True,False,False,False,Q1_weak,0.05-0.15R,10:30-11:00,widest,Fri
2025-03-31,up,True,60,0.14302325581395348,0.49912739965095987,2,False,False,,1.386046511627907,True,30.0,True,False,,False,False,,False,False,False,False,False,False,True,1.332730560578662,True,1.0,2.0,,215.0,0.55,,0,True,True,True,False,False,Q1_weak,0.05-0.15R,11:00-12:00,mid,Mon
2025-04-01,up,True,15,0.26583850931677017,1.3243243243243243,3,False,True,0.3167701863354037,0.901863354037267,True,195.0,False,True,195.0,False,False,,False,False,False,False,True,True,True,0.5677210056772101,True,1.0,1.4012422360248447,,201.25,0.5333333333333333,,1,True,True,False,False,False,Q3,0.15-0.30R,10:30-11:00,mid,Tue
2025-04-02,up,True,15,0.038619556285949055,0.8274956217162872,1,False,True,0.09942481511914544,0.885784716516023,True,15.0,True,True,15.0,True,True,15.0,False,False,False,False,True,False,True,0.6956521739130435,True,1.0,0.8266228430566968,-1.0,304.25,0.85,,2,True,True,False,False,False,Q2,<0.05R,10:30-11:00,widest,Wed
2025-04-03,down,True,0,0.010321100917431193,1.6201780415430267,1,False,True,0.01834862385321101,0.8784403669724771,True,15.0,True,True,60.0,False,True,90.0,True,False,True,False,True,True,True,-1.0,True,1.0,-1.0,-1.0,218.0,0.55,,3,True,True,False,False,False,Q3,<0.05R,10:30-11:00,mid,Thu
2025-04-04,down,True,0,0.20535714285714285,0.5063512921594393,3,False,True,0.026041666666666668,1.1436011904761905,True,30.0,True,True,30.0,False,False,,True,False,False,False,True,False,True,-1.0,True,-1.0,-1.0,,336.0,0.9166666666666666,,4,True,True,True,False,False,Q1_weak,0.15-0.30R,10:30-11:00,widest,Fri
2025-04-08,down,True,30,0.01929530201342282,1.15203426124197,4,False,True,0.14513422818791946,3.6434563758389262,True,15.0,True,True,30.0,True,False,,False,False,False,False,False,False,True,1.888529886914378,True,1.0,2.0,,298.0,0.7916666666666666,,1,True,True,True,True,True,Q2,<0.05R,10:30-11:00,wide,Tue
2025-04-09,up,True,150,0.0018975332068311196,0.774554496477414,3,False,True,1.6590765338393423,4.526881720430108,True,15.0,True,False,,False,False,,False,False,False,False,True,True,True,1.988657844990548,True,1.0,2.0,,395.25,0.9666666666666667,,2,True,True,True,True,True,Q1_weak,<0.05R,12:00-13:30,widest,Wed
2025-04-10,down,True,45,0.3341584158415842,2.062150403977626,1,False,True,0.23184818481848185,2.1435643564356437,True,165.0,False,True,180.0,False,True,180.0,False,False,False,False,True,True,True,0.798219584569733,True,1.0,2.0,-0.18936399568810636,303.0,0.8,,3,True,True,True,True,True,Q3,>0.30R,11:00-12:00,wide,Thu
2025-04-11,up,True,120,0.2905178211163416,2.2577553593947037,1,True,True,0.2548755884330868,0.6072629455279085,True,45.0,True,True,45.0,True,False,,False,False,False,False,True,True,True,0.18290089323692046,True,1.0,0.8702084734364492,,371.75,0.95,,4,True,True,False,False,False,Q4_strong,0.15-0.30R,12:00-13:30,widest,Fri
2025-04-14,down,True,45,0.15823970037453183,1.686261980830671,3,False,True,0.2144194756554307,0.9372659176029963,True,15.0,True,True,180.0,False,False,,False,False,False,False,False,False,True,0.01849217638691323,True,1.0,0.3408239700374532,,267.0,0.6833333333333333,,0,True,True,False,False,False,Q3,0.15-0.30R,11:00-12:00,wide,Mon
2025-04-15,down,True,210,0.07491486946651532,1.0038684719535782,2,False,False,,0.18274687854710556,True,15.0,True,True,30.0,True,True,45.0,False,False,False,False,False,False,False,-0.4067127344521224,True,-0.3178206583427923,-0.3178206583427923,-0.17534246575342466,220.25,0.5,,1,False,False,False,False,False,Q2,0.05-0.15R,after 13:30,mid,Tue
2025-04-16,up,True,45,0.17180616740088106,1.5887281035795886,2,False,False,,0.32599118942731276,True,15.0,False,True,15.0,True,True,30.0,True,True,True,True,False,False,False,-1.0,True,-1.0,-1.0,0.533106960950764,170.25,0.3,,2,True,False,False,False,False,Q3,0.15-0.30R,11:00-12:00,narrow,Wed
2025-04-16,down,False,180,0.5638766519823789,4.54328832406672,1,True,True,0.748898678414097,2.3083700440528636,False,,False,False,,False,False,,False,False,False,False,False,False,True,0.40993788819875776,False,,,,170.25,0.3,,2,True,True,True,True,True,Q4_strong,>0.30R,12:00-13:30,narrow,Wed
2025-04-17,down,True,15,0.05791505791505792,0.727874276261373,1,False,False,,0.12483912483912483,True,15.0,True,True,15.0,True,True,15.0,True,True,True,True,False,False,False,-1.0,True,-1.0,-1.0,0.7204724409448819,194.25,0.35,,3,False,False,False,False,False,Q1_weak,0.05-0.15R,10:30-11:00,narrow,Thu
2025-04-21,down,True,30,0.03770028275212064,1.1599539700805523,2,False,True,0.11969839773798303,0.7530631479736098,True,15.0,True,True,285.0,False,False,,False,False,False,False,True,False,False,-0.22787028921998248,True,1.0,-0.1696512723845429,,265.25,0.65,,0,True,True,False,False,False,Q2,<0.05R,10:30-11:00,wide,Mon
2025-04-22,up,True,0,0.0340632603406326,1.0485436893203883,5,False,True,0.09124087591240876,1.0121654501216546,True,15.0,True,True,60.0,True,False,,False,False,False,False,True,False,True,1.8086560364464692,True,1.0,2.0,,205.5,0.4166666666666667,,1,True,True,True,False,False,Q2,<0.05R,10:30-11:00,mid,Tue
2025-04-23,down,True,45,0.005482456140350877,4.082758620689655,1,True,True,0.20285087719298245,0.819078947368421,True,15.0,True,True,90.0,False,False,,False,False,False,False,False,False,True,1.1019522776572668,True,1.0,1.125,,228.0,0.5333333333333333,,2,True,True,False,False,False,Q4_strong,<0.05R,11:00-12:00,mid,Wed
2025-04-24,up,True,30,0.17483108108108109,1.0570719602977667,2,False,False,,0.6613175675675675,True,15.0,True,False,,False,False,,False,False,False,False,False,False,True,0.6282853566958698,True,1.0,1.197635135135135,,296.0,0.7333333333333333,,3,True,True,False,False,False,Q2,0.15-0.30R,10:30-11:00,wide,Thu
2025-04-25,up,True,105,0.10735294117647058,0.8492462311557789,3,True,True,0.1676470588235294,0.8735294117647059,True,90.0,False,False,,False,False,,False,False,False,False,True,True,True,1.026634382566586,True,1.0,1.4617647058823529,,170.0,0.23333333333333334,,4,True,True,False,False,False,Q2,0.05-0.15R,12:00-13:30,narrow,Fri
2025-04-28,down,True,45,0.6034255599472991,2.477470930232558,3,False,True,0.09486166007905138,0.927536231884058,True,210.0,False,True,225.0,False,True,270.0,True,False,True,False,True,False,False,-1.0,True,-1.0,-1.0,,189.75,0.31666666666666665,,0,True,True,False,False,False,Q4_strong,>0.30R,11:00-12:00,narrow,Mon
2025-04-29,up,True,180,0.015189873417721518,1.1120394986707178,3,False,True,0.22025316455696203,0.4417721518987342,True,15.0,True,False,,False,False,,False,False,False,False,True,False,True,0.39803439803439805,True,0.44050632911392407,0.44050632911392407,,197.5,0.36666666666666664,,1,True,False,False,False,False,Q2,<0.05R,12:00-13:30,narrow,Tue
2025-04-30,up,True,0,0.1289940828402367,0.3582089552238806,3,False,True,0.10650887573964497,1.8970414201183432,True,15.0,True,False,,False,False,,False,False,False,False,True,False,True,1.3847601128880527,True,1.0,2.0,,211.25,0.45,,2,True,True,True,True,False,Q1_weak,0.05-0.15R,10:30-11:00,mid,Wed
2025-05-01,up,True,0,0.0979381443298969,0.37942857142857145,3,False,True,0.14261168384879724,0.8264604810996563,True,75.0,False,True,75.0,False,False,,True,True,False,False,True,False,False,-1.0,True,-1.0,-1.0,,145.5,0.16666666666666666,,3,True,True,False,False,False,Q1_weak,0.05-0.15R,10:30-11:00,narrowest,Thu
2025-05-02,up,True,60,0.024922118380062305,1.4291754756871036,1,False,True,0.0778816199376947,0.6012461059190031,True,15.0,True,False,,False,False,,False,False,False,False,True,False,True,0.017804154302670624,True,1.0,0.06853582554517133,,160.5,0.16666666666666666,,4,True,True,False,False,False,Q3,<0.05R,11:00-12:00,narrowest,Fri
2025-05-05,up,True,105,0.18091451292246521,2.154850746268657,3,False,False,,0.6401590457256461,True,60.0,True,True,195.0,False,True,210.0,True,False,True,False,False,False,False,-1.0,True,1.0,-1.0,,125.75,0.08333333333333333,,0,True,True,False,False,False,Q3,0.15-0.30R,12:00-13:30,narrowest,Mon
2025-05-06,up,True,0,0.005865102639296188,0.15452151009657594,3,False,True,0.20967741935483872,0.6847507331378299,True,15.0,True,True,15.0,True,False,,False,False,False,False,True,False,False,-0.4028985507246377,True,1.0,-0.39589442815249265,,170.5,0.26666666666666666,,1,True,True,False,False,False,Q1_weak,<0.05R,10:30-11:00,narrow,Tue
2025-05-07,down,True,15,0.12133891213389121,6.562499999999999,2,True,True,0.8451882845188284,1.49581589958159,True,90.0,True,True,105.0,False,True,285.0,True,True,True,True,True,True,False,-1.0,True,-1.0,-1.0,-0.02293202293202293,119.5,0.08333333333333333,,2,True,True,True,False,False,Q4_strong,0.05-0.15R,10:30-11:00,narrowest,Wed
2025-05-07,up,False,300,0.058577405857740586,4.8984329657574,1,True,False,,0.6401673640167364,True,15.0,False,True,15.0,False,False,,True,True,False,False,False,False,False,-1.0,True,-1.0,-1.0,,119.5,0.08333333333333333,,2,True,True,False,False,False,Q4_strong,0.05-0.15R,after 13:30,narrowest,Wed
2025-05-08,down,True,15,0.05201342281879195,1.526243093922652,2,False,False,,0.3087248322147651,True,15.0,False,True,15.0,True,True,30.0,True,True,True,True,False,False,False,-1.0,True,-1.0,-1.0,0.002570694087403599,149.0,0.15,,3,True,False,False,False,False,Q3,0.05-0.15R,10:30-11:00,narrowest,Thu
2025-05-08,up,False,60,0.7936241610738255,2.4361093452002542,3,True,True,0.3640939597315436,1.0956375838926173,True,255.0,False,True,255.0,False,False,,False,False,False,False,True,True,False,0.15953307392996108,True,1.0,-0.29194630872483224,,149.0,0.15,,3,True,True,True,False,False,Q4_strong,>0.30R,11:00-12:00,narrowest,Thu
2025-05-09,down,True,0,0.011904761904761904,0.6666666666666666,3,False,True,0.47470238095238093,0.31994047619047616,True,15.0,False,True,15.0,True,False,,False,False,False,False,False,False,False,-0.3081395348837209,True,-0.2916666666666667,-0.2916666666666667,,168.0,0.23333333333333334,,4,True,False,False,False,False,Q1_weak,<0.05R,10:30-11:00,narrow,Fri
2025-05-12,up,True,225,0.012578616352201259,0.4537075827398408,4,True,False,,0.1610062893081761,True,15.0,True,True,30.0,True,True,30.0,False,False,False,False,False,False,True,0.24539877300613497,True,0.27672955974842767,0.27672955974842767,-1.0,198.75,0.43333333333333335,,0,False,False,False,False,False,Q1_weak,<0.05R,after 13:30,mid,Mon
2025-05-13,up,True,15,0.015525114155251141,1.3060538116591929,1,False,True,0.0273972602739726,0.365296803652968,True,15.0,True,True,15.0,True,False,,False,False,False,False,True,False,True,0.141718334809566,True,0.1771689497716895,0.1771689497716895,,273.75,0.7,,1,True,False,False,False,False,Q2,<0.05R,10:30-11:00,wide,Tue
2025-05-15,up,True,30,0.2683544303797468,2.2649999999999997,3,False,True,0.3620253164556962,1.8556962025316455,True,255.0,False,True,255.0,False,False,,False,False,False,False,True,True,True,0.9522240527182867,True,1.0,1.478481012658228,,98.75,0.03333333333333333,,3,True,True,True,True,False,Q4_strong,0.15-0.30R,10:30-11:00,narrowest,Thu
2025-05-16,down,True,0,0.7522935779816514,3.4257425742574257,3,False,True,0.03058103975535168,0.8318042813455657,True,15.0,True,True,15.0,False,True,150.0,True,True,True,True,True,False,False,-1.0,True,1.0,-1.0,0.17450980392156862,81.75,0.016666666666666666,,4,True,True,False,False,False,Q4_strong,>0.30R,10:30-11:00,narrowest,Fri
2025-05-16,up,False,240,0.09785932721712538,0.9798994974874372,3,True,True,0.08256880733944955,0.5137614678899083,True,60.0,True,True,60.0,True,False,,False,False,False,False,True,True,True,0.5677749360613811,True,1.0,0.8746177370030581,,81.75,0.016666666666666666,,4,True,True,False,False,False,Q2,0.05-0.15R,after 13:30,narrowest,Fri
2025-05-19,up,True,105,0.0345821325648415,0.7498392282958198,2,False,True,0.06532180595581172,0.3150816522574448,True,15.0,True,True,15.0,True,False,,False,False,False,False,True,False,True,0.3719676549865229,True,0.4668587896253602,0.4668587896253602,,260.25,0.65,,0,True,False,False,False,False,Q1_weak,<0.05R,12:00-13:30,wide,Mon
2025-05-20,up,True,0,0.061764705882352944,5.273885350318471,2,False,False,,0.40588235294117647,True,15.0,True,True,15.0,True,True,225.0,True,True,True,True,False,False,True,-1.0,True,-1.0,-1.0,-0.03822937625754527,85.0,0.03333333333333333,,1,True,False,False,False,False,Q4_strong,0.05-0.15R,10:30-11:00,narrowest,Tue
2025-05-20,down,False,225,0.05588235294117647,4.955882352941177,1,True,True,0.4147058823529412,0.6676470588235294,True,15.0,True,True,15.0,True,True,90.0,True,True,True,True,True,False,False,-1.0,True,1.0,-1.0,,85.0,0.03333333333333333,,1,True,True,False,False,False,Q4_strong,0.05-0.15R,after 13:30,narrowest,Tue
2025-05-21,up,True,15,0.0943683409436834,3.163716814159292,2,False,True,0.2404870624048706,0.7138508371385084,True,150.0,False,True,150.0,False,True,150.0,True,True,True,True,True,True,False,-1.0,True,-1.0,-1.0,-0.20704225352112676,164.25,0.2,,2,True,True,False,False,False,Q4_strong,0.05-0.15R,10:30-11:00,narrow,Wed
2025-05-21,down,False,165,0.4474885844748858,10.090543259557343,3,True,True,0.7047184170471842,1.243531202435312,True,15.0,True,False,,False,False,,False,False,False,False,False,False,True,0.5831325301204819,True,1.0,2.0,,164.25,0.2,,2,True,True,True,False,False,Q4_strong,>0.30R,12:00-13:30,narrow,Wed
2025-05-23,up,True,150,0.1819505094614265,1.3447684391080617,5,False,True,0.09898107714701601,0.5167394468704513,True,135.0,False,True,165.0,False,False,,False,False,False,False,True,True,False,-0.4012806830309498,True,-0.18340611353711792,-0.18340611353711792,,171.75,0.31666666666666665,,4,True,True,False,False,False,Q3,0.15-0.30R,12:00-13:30,narrow,Fri
2025-05-27,up,True,45,0.035386631716906945,0.46226415094339623,2,False,True,0.01834862385321101,0.5504587155963303,True,15.0,True,False,,False,False,,False,False,False,False,True,False,True,0.7466340269277846,True,1.0,0.8702490170380078,,190.75,0.38333333333333336,,1,True,True,False,False,False,Q1_weak,<0.05R,11:00-12:00,mid,Tue
2025-05-28,down,True,15,0.04448742746615087,0.5286738351254481,3,False,False,,0.690522243713733,True,15.0,True,True,15.0,True,True,135.0,True,False,True,False,False,False,True,-1.0,True,-1.0,-1.0,-1.0,129.25,0.13333333333333333,,2,True,True,False,False,False,Q1_weak,<0.05R,10:30-11:00,narrowest,Wed
2025-05-29,down,True,75,0.1060985797827903,1.817261587639851,2,False,True,0.053467000835421885,0.2656641604010025,True,15.0,True,True,15.0,True,False,,False,False,False,False,True,False,False,-0.3459682977257064,True,-0.2071846282372598,-0.2071846282372598,,299.25,0.85,,3,True,False,False,False,False,Q3,0.05-0.15R,11:00-12:00,widest,Thu
2025-05-30,down,True,105,0.375,4.086303939962476,1,True,True,0.740506329113924,1.0332278481012658,True,105.0,False,True,105.0,False,True,165.0,True,True,True,True,True,False,False,0.7142857142857143,True,-1.0,-1.0,0.19423791821561337,158.0,0.2,,4,True,True,True,False,False,Q4_strong,>0.30R,12:00-13:30,narrow,Fri
2025-06-02,up,True,210,0.0167973124300112,0.5545023696682464,2,False,True,0.10302351623740201,0.3840985442329227,False,,False,False,,False,False,,False,False,False,False,True,False,True,0.628385698808234,False,,,,223.25,0.65,,0,True,False,False,False,False,Q1_weak,<0.05R,after 13:30,wide,Mon
2025-06-03,up,True,15,0.17475728155339806,2.863501483679525,1,False,True,0.24271844660194175,0.941747572815534,True,195.0,False,False,,False,False,,False,False,False,False,True,True,True,0.5007194244604316,True,1.0,1.025242718446602,,128.75,0.13333333333333333,,1,True,True,False,False,False,Q4_strong,0.15-0.30R,10:30-11:00,narrowest,Tue
2025-06-04,up,True,225,0.0180623973727422,0.4977544910179641,3,False,False,,0.06403940886699508,True,15.0,True,True,30.0,True,True,90.0,False,False,False,False,False,False,False,-0.49128367670364503,True,-0.4729064039408867,-0.4729064039408867,,152.25,0.21666666666666667,,2,False,False,False,False,False,Q1_weak,<0.05R,after 13:30,narrow,Wed
2025-06-05,up,True,15,0.11577181208053691,0.6841432225063938,3,False,True,0.19463087248322147,0.6342281879194631,True,90.0,False,True,105.0,False,True,120.0,True,True,True,True,True,False,False,-1.0,True,-1.0,-1.0,-0.017154389505549948,149.0,0.20833333333333334,,3,True,True,False,False,False,Q1_weak,0.05-0.15R,10:30-11:00,narrow,Thu
2025-06-05,down,False,135,0.028523489932885907,3.6856084002470664,4,True,True,0.2835570469798658,1.261744966442953,True,15.0,True,True,15.0,True,False,,True,False,False,False,False,False,True,-1.0,True,-1.0,-1.0,,149.0,0.20833333333333334,,3,True,True,True,False,False,Q4_strong,<0.05R,12:00-13:30,narrow,Thu
2025-06-06,down,True,120,0.017241379310344827,1.1586206896551723,2,True,True,0.03201970443349754,0.4014778325123153,True,15.0,True,True,30.0,True,True,90.0,True,True,True,True,True,False,False,-1.0,True,-1.0,-1.0,0.11350293542074363,101.5,0.08333333333333333,,4,True,False,False,False,False,Q2,<0.05R,12:00-13:30,narrowest,Fri
2025-06-09,up,True,135,0.03463203463203463,0.9388888888888889,2,False,True,0.09090909090909091,0.16233766233766234,True,15.0,False,True,15.0,True,True,180.0,False,False,False,False,True,False,False,-0.8340080971659919,True,-0.8225108225108225,-0.8225108225108225,,115.5,0.1,,0,False,False,False,False,False,Q2,<0.05R,12:00-13:30,narrowest,Mon
2025-06-10,up,True,90,0.023255813953488372,1.3810316139767054,2,True,True,0.18604651162790697,1.3156146179401993,True,15.0,True,True,75.0,False,False,,True,False,False,False,True,False,True,-1.0,True,1.0,-1.0,,75.25,0.016666666666666666,,1,True,True,True,False,False,Q3,<0.05R,11:00-12:00,narrowest,Tue
2025-06-11,up,True,0,0.021568627450980392,0.2600896860986547,4,False,True,0.07058823529411765,0.1803921568627451,True,15.0,True,True,30.0,True,True,90.0,True,True,True,True,True,False,False,-1.0,True,-1.0,-1.0,0.34675615212527966,127.5,0.18333333333333332,,2,False,False,False,False,False,Q1_weak,<0.05R,10:30-11:00,narrow,Wed
2025-06-11,down,False,210,0.6352941176470588,3.694029850746269,3,True,True,0.24901960784313726,0.9803921568627451,False,,False,False,,False,False,,False,False,False,False,True,True,True,-0.36614853195164077,False,,,,127.5,0.18333333333333332,,2,True,True,False,False,False,Q4_strong,>0.30R,after 13:30,narrow,Wed
2025-06-12,up,True,0,0.10491071428571429,0.6238532110091743,3,False,False,,0.4174107142857143,True,15.0,True,True,45.0,True,False,,False,False,False,False,False,False,True,-0.08487084870848709,True,0.10714285714285714,0.10714285714285714,,112.0,0.11666666666666667,,3,True,False,False,False,False,Q1_weak,0.05-0.15R,10:30-11:00,narrowest,Thu
2025-06-13,up,True,45,0.01828410689170183,0.660377358490566,4,False,True,0.090014064697609,0.33755274261603374,True,15.0,True,True,105.0,True,False,,True,True,False,False,True,False,False,-1.0,True,-1.0,-1.0,,177.75,0.48333333333333334,,4,True,False,False,False,False,Q1_weak,<0.05R,11:00-12:00,mid,Fri
2025-06-17,down,True,165,0.10697674418604651,1.2152974504249292,1,True,True,0.12093023255813953,1.083720930232558,True,15.0,True,False,,False,False,,False,False,False,False,True,False,True,1.471264367816092,True,1.0,2.0,,107.5,0.11666666666666667,,1,True,True,True,False,False,Q2,0.05-0.15R,12:00-13:30,narrowest,Tue
2025-06-18,up,True,0,0.02073365231259968,0.4897959183673469,4,False,True,0.07814992025518341,0.09409888357256778,True,15.0,False,True,15.0,True,True,165.0,True,True,True,True,True,False,False,-1.0,True,-1.0,-1.0,0.4144329896907217,156.75,0.3333333333333333,,2,False,False,False,False,False,Q1_weak,<0.05R,10:30-11:00,narrow,Wed
2025-06-18,down,False,255,0.05582137161084529,6.8046571798188875,1,True,False,,0.2807017543859649,True,15.0,True,True,15.0,True,False,,True,False,False,False,False,False,False,-1.0,True,-1.0,-1.0,,156.75,0.3333333333333333,,2,True,False,False,False,False,Q4_strong,0.05-0.15R,after 13:30,narrow,Wed
2025-06-20,down,True,0,0.03305785123966942,1.0067114093959733,4,False,True,0.04648760330578512,0.5103305785123967,True,60.0,True,True,60.0,True,False,,False,False,False,False,True,False,True,0.2926356589147287,True,1.0,0.378099173553719,,242.0,0.75,,4,True,True,False,False,False,Q2,<0.05R,10:30-11:00,wide,Fri
2025-06-23,up,True,165,0.024630541871921183,2.6764990328820115,2,True,True,0.27783251231527095,0.31822660098522165,False,,False,False,,False,False,,False,False,False,False,True,False,True,0.40751173708920185,False,,,,253.75,0.7666666666666667,,0,True,False,False,False,False,Q4_strong,<0.05R,12:00-13:30,wide,Mon
2025-06-24,up,True,0,0.03741496598639456,1.8524590163934427,3,False,True,0.08503401360544217,1.5612244897959184,True,15.0,True,True,15.0,True,False,,False,False,False,False,True,False,True,1.7911392405063291,True,1.0,2.0,,73.5,0.016666666666666666,,1,True,True,True,True,False,Q3,<0.05R,10:30-11:00,narrowest,Tue
2025-06-25,down,True,30,0.10946745562130178,1.3740458015267174,2,False,True,0.047337278106508875,0.8905325443786982,True,15.0,True,False,,False,False,,False,False,False,False,False,False,True,-0.16990291262135923,True,1.0,0.011834319526627219,,84.5,0.06666666666666667,,2,True,True,False,False,False,Q3,0.05-0.15R,10:30-11:00,narrowest,Wed
2025-06-26,up,True,30,0.12626262626262627,1.1965317919075145,2,False,True,0.017676767676767676,1.202020202020202,True,15.0,True,True,15.0,True,False,,False,False,False,False,True,False,True,1.3951612903225807,True,1.0,2.0,,99.0,0.11666666666666667,,3,True,True,True,False,False,Q2,0.05-0.15R,10:30-11:00,narrowest,Thu
2025-06-27,down,True,225,0.13725490196078433,2.3963963963963963,5,False,True,0.20855614973262032,0.6078431372549019,True,60.0,False,True,75.0,False,False,,True,False,False,False,True,False,False,-1.0,True,-1.0,-1.0,,140.25,0.3,,4,True,True,False,False,False,Q4_strong,0.05-0.15R,after 13:30,narrow,Fri
2025-06-30,up,True,285,0.021538461538461538,0.8806262230919765,3,True,False,,0.7292307692307692,True,15.0,True,False,,False,False,,False,False,False,False,False,False,True,0.19469026548672566,True,1.0,0.24615384615384617,,81.25,0.05,,0,True,True,False,False,False,Q2,<0.05R,after 13:30,narrowest,Mon
2025-07-01,down,True,0,0.35678391959798994,1.9153674832962138,2,False,True,0.29396984924623115,1.550251256281407,True,195.0,False,False,,False,False,,False,False,False,False,True,False,True,0.750733137829912,True,1.0,2.0,,99.5,0.15,,1,True,True,True,True,False,Q3,>0.30R,10:30-11:00,narrowest,Tue
2025-07-02,up,True,15,0.08843537414965986,1.1735537190082646,1,False,False,,0.3792517006802721,True,30.0,True,False,,False,False,,False,False,False,False,False,False,True,0.38439306358381503,True,0.6292517006802721,0.6292517006802721,,147.0,0.36666666666666664,,2,True,False,False,False,False,Q2,0.05-0.15R,10:30-11:00,narrow,Wed
2025-07-07,down,True,15,0.06493506493506493,1.6047297297297296,2,False,False,,1.5681818181818181,True,15.0,True,True,15.0,True,True,75.0,True,False,True,False,False,False,True,-1.0,True,-1.0,-1.0,-1.0,77.0,0.05,,0,True,True,True,True,False,Q3,0.05-0.15R,10:30-11:00,narrowest,Mon
2025-07-08,up,True,105,0.042328042328042326,1.2852631578947369,4,True,False,,0.2037037037037037,True,15.0,False,True,15.0,True,False,,True,False,False,False,False,False,False,-1.0,True,-1.0,-1.0,,94.5,0.13333333333333333,,1,False,False,False,False,False,Q2,<0.05R,12:00-13:30,narrowest,Tue
2025-07-09,down,True,0,0.0018656716417910447,1.8416801292407108,2,False,True,0.27238805970149255,0.43470149253731344,True,15.0,True,True,45.0,True,False,,True,False,False,False,True,False,False,-1.0,True,-1.0,-1.0,,134.0,0.36666666666666664,,2,True,False,False,False,False,Q3,<0.05R,10:30-11:00,narrow,Wed
2025-07-11,up,True,150,0.028268551236749116,0.18181818181818182,2,False,False,,0.12014134275618374,True,15.0,False,True,30.0,True,True,150.0,True,False,False,False,False,False,False,-1.0,True,-1.0,-1.0,0.27403846153846156,141.5,0.4,,4,False,False,False,False,False,Q1_weak,<0.05R,12:00-13:30,mid,Fri
2025-07-14,up,True,15,0.015306122448979591,0.8261933904528763,2,False,True,0.1717687074829932,0.5255102040816326,True,15.0,True,False,,False,False,,False,False,False,False,True,True,True,0.5643564356435643,True,1.0,0.6122448979591837,,147.0,0.44166666666666665,,0,True,True,False,False,False,Q2,<0.05R,10:30-11:00,mid,Mon
2025-07-15,down,True,15,0.20537897310513448,1.2989045383411582,3,False,False,,0.6894865525672371,True,15.0,True,True,15.0,True,False,,True,False,False,False,False,False,True,-1.0,True,-1.0,-1.0,,102.25,0.21666666666666667,,1,True,True,False,False,False,Q2,0.15-0.30R,10:30-11:00,narrow,Tue
2025-07-16,down,True,60,0.09591474245115453,1.3642261353104728,2,False,False,,0.8046181172291297,True,15.0,False,True,15.0,False,True,75.0,True,True,True,True,False,False,False,-1.0,True,-1.0,-1.0,0.2080856123662307,140.75,0.4166666666666667,,2,True,True,False,False,False,Q3,0.05-0.15R,11:00-12:00,mid,Wed
2025-07-16,up,False,300,0.023090586145648313,1.0773130544993663,2,True,False,,0.07460035523978685,True,15.0,False,True,15.0,True,False,,False,False,False,False,False,False,False,-0.24787775891341257,True,-0.21314387211367672,-0.21314387211367672,,140.75,0.4166666666666667,,2,False,False,False,False,False,Q2,<0.05R,after 13:30,mid,Wed
2025-07-17,up,True,15,0.17579908675799086,1.4776632302405497,6,False,True,0.1598173515981735,0.954337899543379,False,,False,False,,False,False,,False,False,False,False,True,True,True,0.8547297297297297,False,,,,109.5,0.25,,3,True,True,False,False,False,Q3,0.15-0.30R,10:30-11:00,narrow,Thu
2025-07-23,up,True,210,0.24572649572649571,1.3303341902313626,4,False,True,0.13675213675213677,0.5213675213675214,False,,False,False,,False,False,,False,False,False,False,True,True,True,0.3667621776504298,False,,,,117.0,0.3,,2,True,True,False,False,False,Q3,0.15-0.30R,after 13:30,narrow,Wed
2025-07-24,up,True,150,0.09732360097323602,2.61397479954181,3,False,True,0.1362530413625304,0.22871046228710462,True,15.0,True,True,15.0,True,False,,False,False,False,False,True,False,False,-0.5580448065173116,True,-0.4720194647201946,-0.4720194647201946,,102.75,0.23333333333333334,,3,False,False,False,False,False,Q4_strong,0.05-0.15R,12:00-13:30,narrow,Thu
2025-07-25,up,True,45,0.0469208211143695,2.1067961165048543,1,False,True,0.13196480938416422,0.7038123167155426,True,15.0,True,True,15.0,True,False,,False,False,False,False,True,False,True,0.05361930294906166,True,1.0,0.15249266862170088,,85.25,0.13333333333333333,,4,True,True,False,False,False,Q3,<0.05R,11:00-12:00,narrowest,Fri
2025-07-28,down,True,195,0.054474708171206226,2.343032159264931,1,False,False,,0.3852140077821012,True,15.0,True,True,105.0,True,True,120.0,False,False,False,False,False,False,False,-0.856140350877193,True,-0.8404669260700389,-0.8404669260700389,,64.25,0.016666666666666666,,0,True,False,False,False,False,Q4_strong,0.05-0.15R,after 13:30,narrowest,Mon
2025-07-29,down,True,15,0.09230769230769231,1.3190954773869348,5,False,True,0.12527472527472527,1.032967032967033,True,15.0,True,False,,False,False,,False,False,False,False,True,False,True,1.5324675324675325,True,1.0,2.0,,113.75,0.3333333333333333,,1,True,True,True,False,False,Q3,0.05-0.15R,10:30-11:00,narrow,Tue
2025-07-30,up,True,75,0.046357615894039736,1.6591304347826088,3,False,True,0.1456953642384106,0.8377483443708609,True,15.0,True,True,45.0,True,True,180.0,True,True,True,True,True,True,False,-1.0,True,1.0,-1.0,-0.214992927864215,75.5,0.06666666666666667,,2,True,True,False,False,False,Q3,<0.05R,11:00-12:00,narrowest,Wed
2025-07-30,down,False,255,0.5033112582781457,12.035203520352034,2,True,True,0.609271523178808,1.2483443708609272,True,15.0,True,True,60.0,False,False,,True,False,False,False,False,False,False,0.49504950495049505,True,1.0,2.0,,75.5,0.06666666666666667,,2,True,True,True,False,False,Q4_strong,>0.30R,after 13:30,narrowest,Wed
2025-07-31,down,True,15,0.4711033274956217,1.98856416772554,4,False,True,0.10507880910683012,2.12784588441331,True,90.0,True,False,,False,False,,False,False,False,False,True,False,True,0.5446348061316502,True,1.0,2.0,,142.75,0.5833333333333334,,3,True,True,True,True,True,Q3,>0.30R,10:30-11:00,mid,Thu
2025-08-04,up,True,135,0.03561253561253561,0.5285575992255566,1,False,False,,0.245014245014245,True,45.0,True,True,45.0,True,False,,False,False,False,False,False,False,True,0.27925531914893614,True,0.37037037037037035,0.37037037037037035,,175.5,0.7666666666666667,,0,False,False,False,False,False,Q1_weak,<0.05R,12:00-13:30,wide,Mon
2025-08-05,down,True,0,0.551660516605166,3.535483870967742,3,False,True,0.540590405904059,1.0940959409594095,False,,False,False,,False,False,,False,False,False,False,False,False,True,0.4263157894736842,False,,,,135.5,0.5,,1,True,True,True,False,False,Q4_strong,>0.30R,10:30-11:00,mid,Tue
2025-08-06,up,True,30,0.07326007326007326,0.4854368932038835,3,False,True,0.08791208791208792,1.173992673992674,False,,False,False,,False,False,,False,False,False,False,True,False,True,1.6166134185303513,False,,,,136.5,0.5166666666666667,,2,True,True,True,False,False,Q1_weak,0.05-0.15R,10:30-11:00,mid,Wed
2025-08-07,down,True,15,0.033073929961089495,1.4954128440366972,1,False,False,,1.66147859922179,True,15.0,True,False,,False,False,,False,False,False,False,False,False,True,1.813868613138686,True,1.0,2.0,,128.5,0.43333333333333335,,3,True,True,True,True,False,Q3,<0.05R,10:30-11:00,mid,Thu
2025-08-08,up,True,0,0.021172638436482084,0.30550621669627,2,False,False,,0.26384364820846906,True,15.0,True,True,15.0,True,True,60.0,False,False,False,False,False,False,True,0.346875,True,0.40390879478827363,0.40390879478827363,-1.0,153.5,0.6833333333333333,,4,True,False,False,False,False,Q1_weak,<0.05R,10:30-11:00,wide,Fri
2025-08-11,up,True,90,0.21902017291066284,1.6485507246376812,2,False,True,0.14985590778097982,0.4265129682997118,True,30.0,False,True,30.0,True,True,75.0,True,True,True,True,True,False,False,-1.0,True,-1.0,-1.0,0.6282894736842105,86.75,0.18333333333333332,,0,True,False,False,False,False,Q3,0.15-0.30R,11:00-12:00,narrow,Mon
2025-08-11,down,False,240,0.276657060518732,1.9512195121951221,10,True,False,,1.07492795389049,True,15.0,True,True,15.0,True,False,,False,False,False,False,False,False,True,0.9313543599257885,True,1.0,2.0,,86.75,0.18333333333333332,,0,True,True,True,False,False,Q3,0.15-0.30R,after 13:30,narrow,Mon
2025-08-12,up,True,30,0.08993288590604027,1.3687943262411348,5,False,True,0.23221476510067113,0.7610738255033557,False,,False,False,,False,False,,False,False,False,False,True,True,True,0.9965870307167235,False,,,,186.25,0.8166666666666667,,1,True,True,False,False,False,Q3,0.05-0.15R,10:30-11:00,widest,Tue
2025-08-13,down,True,30,0.29218106995884774,2.6450116009280746,2,False,False,,0.5020576131687243,True,15.0,True,True,30.0,True,False,,False,False,False,False,False,False,True,-0.32727272727272727,True,1.0,0.06584362139917696,,121.5,0.4,,2,True,True,False,False,False,Q4_strong,0.15-0.30R,10:30-11:00,mid,Wed
2025-08-14,up,True,0,0.18907563025210083,0.8635578583765112,2,False,True,0.06722689075630252,0.39915966386554624,True,15.0,True,True,15.0,True,True,45.0,True,False,True,False,True,False,False,-1.0,True,-1.0,-1.0,-0.2839248434237996,119.0,0.38333333333333336,,3,True,False,False,False,False,Q2,0.15-0.30R,10:30-11:00,mid,Thu
2025-08-15,down,True,60,0.2024866785079929,1.8350710900473934,2,False,False,,0.2539964476021314,True,15.0,False,True,15.0,True,True,75.0,True,False,True,False,False,False,False,-1.0,True,-1.0,-1.0,-0.15384615384615385,140.75,0.575,,4,True,False,False,False,False,Q3,0.15-0.30R,11:00-12:00,mid,Fri
2025-08-19,down,True,0,0.26949152542372884,0.9083870967741936,2,False,True,0.15593220338983052,1.335593220338983,False,,False,False,,False,False,,False,False,False,False,False,False,True,0.9493392070484582,False,,,,147.5,0.6666666666666666,,1,True,True,True,False,False,Q2,0.15-0.30R,10:30-11:00,wide,Tue
2025-08-20,down,True,15,0.017639077340569877,0.15581717451523544,6,False,False,,0.0773405698778833,True,15.0,False,True,15.0,True,False,,True,False,False,False,False,False,False,-1.0,True,-1.0,-1.0,,368.5,1.0,,2,False,False,False,False,False,Q1_weak,<0.05R,10:30-11:00,widest,Wed
2025-08-21,down,True,150,0.007802340702210663,0.16312942155638785,2,False,False,,0.19245773732119636,True,15.0,True,True,30.0,True,True,30.0,True,False,True,False,False,False,False,-1.0,True,-1.0,-1.0,0.1761194029850746,192.25,0.8833333333333333,,3,False,False,False,False,False,Q1_weak,<0.05R,12:00-13:30,widest,Thu
2025-08-25,up,True,15,0.08492569002123142,1.5943877551020407,1,False,True,0.055201698513800426,0.4692144373673036,True,165.0,False,True,225.0,True,True,300.0,True,False,True,False,True,False,False,-1.0,True,-1.0,-1.0,,117.75,0.38333333333333336,,0,True,False,False,False,False,Q3,0.05-0.15R,10:30-11:00,mid,Mon
2025-08-26,up,True,255,0.01652892561983471,0.5349794238683128,4,False,False,,0.4297520661157025,True,15.0,True,True,15.0,True,False,,False,False,False,False,False,False,True,0.592,True,0.6446280991735537,0.6446280991735537,,121.0,0.4166666666666667,,1,True,False,False,False,False,Q1_weak,<0.05R,after 13:30,mid,Tue
2025-08-27,up,True,75,0.1407563025210084,1.7810526315789474,2,False,False,,0.42857142857142855,True,15.0,True,True,15.0,True,True,30.0,True,False,True,False,False,False,True,-1.0,True,-1.0,-1.0,-1.0,119.0,0.4083333333333333,,2,True,False,False,False,False,Q3,0.05-0.15R,11:00-12:00,mid,Wed
2025-08-28,up,True,105,0.07511045655375552,0.685603971318257,2,False,True,0.101620029455081,0.36229749631811486,True,15.0,True,True,30.0,True,False,,False,False,False,False,False,False,True,0.1203585147247119,True,0.28865979381443296,0.28865979381443296,,169.75,0.8,,3,True,False,False,False,False,Q1_weak,0.05-0.15R,12:00-13:30,wide,Thu
2025-08-29,down,True,150,0.035416666666666666,1.6771208226221082,2,False,True,0.13333333333333333,0.12708333333333333,True,15.0,True,True,30.0,True,False,,False,False,False,False,True,False,False,-0.42023346303501946,True,-0.37916666666666665,-0.37916666666666665,,240.0,0.9,,4,False,False,False,False,False,Q3,<0.05R,12:00-13:30,widest,Fri
2025-09-03,up,True,0,0.33985330073349634,3.136,3,False,True,0.23471882640586797,0.5183374083129584,True,45.0,False,True,45.0,False,True,180.0,True,True,True,True,True,True,False,-1.0,True,-1.0,-1.0,0.05612244897959184,102.25,0.25833333333333336,,2,True,True,False,False,False,Q4_strong,>0.30R,10:30-11:00,narrow,Wed
2025-09-03,down,False,195,0.05134474327628362,0.5721153846153847,3,True,True,0.1271393643031785,0.5061124694376528,True,105.0,False,True,105.0,False,True,120.0,True,False,True,False,True,False,False,-1.0,True,-1.0,-1.0,,102.25,0.25833333333333336,,2,True,True,False,False,False,Q1_weak,0.05-0.15R,after 13:30,narrow,Wed
2025-09-04,up,True,150,0.027124773960216998,0.6743978590544157,3,False,True,0.0216998191681736,0.9547920433996383,False,,False,False,,False,False,,False,False,False,False,True,False,True,1.5711835334476845,False,,,,138.25,0.5666666666666667,,3,True,True,False,False,False,Q1_weak,<0.05R,12:00-13:30,mid,Thu
2025-09-05,down,True,0,0.0740402193784278,0.8216704288939052,5,False,True,0.32449725776965266,0.4515539305301645,True,15.0,True,True,45.0,True,False,,False,False,False,False,False,False,False,-0.5270700636942676,True,-0.4570383912248629,-0.4570383912248629,,273.5,0.95,,4,True,False,False,False,False,Q2,0.05-0.15R,10:30-11:00,widest,Fri
2025-09-08,up,True,0,0.045454545454545456,0.8385269121813032,2,False,False,,0.11244019138755981,True,15.0,True,True,15.0,True,True,105.0,True,True,True,True,False,False,False,-1.0,True,-1.0,-1.0,1.0484581497797356,104.5,0.26666666666666666,,0,False,False,False,False,False,Q2,<0.05R,10:30-11:00,narrow,Mon
2025-09-08,down,False,270,0.014354066985645933,1.6666666666666667,3,True,True,0.1339712918660287,0.11244019138755981,True,15.0,True,True,30.0,True,False,,False,False,False,False,True,False,False,-0.6232558139534884,True,-0.6124401913875598,-0.6124401913875598,,104.5,0.26666666666666666,,0,False,False,False,False,False,Q3,<0.05R,after 13:30,narrow,Mon
2025-09-09,down,True,0,0.48366013071895425,3.395498392282958,2,False,False,,0.7222222222222222,True,15.0,False,True,15.0,False,True,150.0,True,True,True,True,False,False,False,-1.0,True,1.0,-1.0,0.16592920353982302,76.5,0.06666666666666667,,1,True,True,False,False,False,Q4_strong,>0.30R,10:30-11:00,narrowest,Tue
2025-09-09,up,False,315,0.13071895424836602,1.7049808429118773,1,True,False,,0.0,False,,False,False,,False,False,,False,False,False,False,False,False,False,,False,,,,76.5,0.06666666666666667,,1,False,False,False,False,False,Q3,0.05-0.15R,after 13:30,narrowest,Tue
2025-09-10,down,True,165,0.1596009975062344,2.5232198142414863,1,False,True,0.12219451371571072,1.1496259351620948,True,15.0,True,False,,False,False,,False,False,False,False,False,False,True,1.274102079395085,True,1.0,2.0,,100.25,0.23333333333333334,,2,True,True,True,False,False,Q4_strong,0.15-0.30R,12:00-13:30,narrow,Wed
2025-09-11,up,True,0,0.10875331564986737,1.4756554307116105,2,False,False,,0.44562334217506633,True,15.0,True,True,15.0,True,False,,False,False,False,False,False,False,True,-0.04793028322440087,True,0.15915119363395225,0.15915119363395225,,94.25,0.18333333333333332,,3,True,False,False,False,False,Q3,0.05-0.15R,10:30-11:00,narrow,Thu
2025-09-12,up,True,0,0.07357859531772576,0.5185185185185185,2,False,True,0.05016722408026756,1.1070234113712374,True,60.0,True,False,,False,False,,False,False,False,False,False,False,True,1.6151603498542273,True,1.0,2.0,,74.75,0.05,,4,True,True,True,False,False,Q1_weak,0.05-0.15R,10:30-11:00,narrowest,Fri
2025-09-15,up,True,75,0.14435695538057744,1.3326923076923076,2,False,False,,0.5118110236220472,True,60.0,True,True,60.0,True,True,165.0,False,False,False,False,False,False,True,0.5132382892057027,True,1.0,0.9501312335958005,-1.0,95.25,0.23333333333333334,,0,True,True,False,False,False,Q3,0.05-0.15R,11:00-12:00,narrow,Mon
2025-09-16,down,True,45,0.047021943573667714,1.2195121951219512,2,False,False,,0.26959247648902823,True,15.0,True,True,60.0,True,True,210.0,True,False,True,False,False,False,False,-1.0,True,-1.0,-1.0,-0.47368421052631576,79.75,0.11666666666666667,,1,True,False,False,False,False,Q2,<0.05R,11:00-12:00,narrowest,Tue
2025-09-17,down,True,0,0.10501193317422435,0.7207207207207207,3,False,False,,1.8520286396181385,True,15.0,True,True,195.0,False,True,285.0,True,True,True,True,False,False,False,-1.0,True,1.0,-1.0,0.03552859618717504,104.75,0.38333333333333336,,2,True,True,True,True,False,Q1_weak,0.05-0.15R,10:30-11:00,mid,Wed
2025-09-19,down,True,30,0.028125,2.3460207612456747,1,False,False,,0.36875,True,15.0,True,True,30.0,True,True,45.0,True,True,True,True,False,False,False,-1.0,True,-1.0,-1.0,0.7312252964426877,80.0,0.11666666666666667,,4,True,False,False,False,False,Q4_strong,<0.05R,10:30-11:00,narrowest,Fri
2025-09-19,up,False,105,0.003125,0.704,4,True,True,0.34375,0.88125,True,15.0,True,True,45.0,True,False,,False,False,False,False,True,True,True,1.062111801242236,True,1.0,1.075,,80.0,0.11666666666666667,,4,True,True,False,False,False,Q1_weak,<0.05R,12:00-13:30,narrowest,Fri
2025-09-22,up,True,0,0.1307901907356948,0.5566037735849056,2,False,True,0.08174386920980926,1.3215258855585832,True,45.0,True,False,,False,False,,False,False,False,False,True,True,True,1.3779697624190064,True,1.0,2.0,,91.75,0.2,,0,True,True,True,False,False,Q1_weak,0.05-0.15R,10:30-11:00,narrow,Mon
2025-09-23,down,True,135,0.009345794392523364,0.657672849915683,1,False,True,0.3582554517133956,1.8566978193146417,True,15.0,True,False,,False,False,,False,False,False,False,True,False,True,1.944954128440367,True,1.0,2.0,,80.25,0.13333333333333333,,1,True,True,True,True,False,Q1_weak,<0.05R,12:00-13:30,narrowest,Tue
2025-09-24,down,True,30,0.054466230936819175,0.9130434782608695,4,False,True,0.5424836601307189,1.3725490196078431,True,15.0,True,True,15.0,True,False,,False,False,False,False,True,False,True,1.7053045186640472,True,1.0,2.0,,114.75,0.43333333333333335,,2,True,True,True,False,False,Q2,0.05-0.15R,10:30-11:00,mid,Wed
2025-09-25,up,True,30,0.04104903078677309,0.2647058823529412,6,False,True,0.05701254275940707,0.2508551881413911,True,15.0,True,True,15.0,True,False,,True,False,False,False,True,False,False,-1.0,True,-1.0,-1.0,,219.25,0.8833333333333333,,3,True,False,False,False,False,Q1_weak,<0.05R,10:30-11:00,widest,Thu
2025-09-29,down,True,120,0.060903732809430254,0.407826982492276,2,False,True,0.021611001964636542,0.5324165029469549,True,75.0,True,True,90.0,True,False,,False,False,False,False,True,False,True,0.04553415061295972,True,1.0,0.17288801571709234,,127.25,0.5333333333333333,,0,True,True,False,False,False,Q1_weak,0.05-0.15R,12:00-13:30,mid,Mon
2025-09-30,up,True,15,0.10344827586206896,3.4395973154362416,3,False,True,0.15862068965517243,0.7609195402298851,True,15.0,True,True,15.0,True,True,135.0,True,False,True,False,True,False,True,-1.0,True,-1.0,-1.0,-1.0,108.75,0.35,,1,True,True,False,False,False,Q4_strong,0.05-0.15R,10:30-11:00,narrow,Tue
2025-10-01,up,True,15,0.02694610778443114,0.16073478760045926,4,False,True,0.10329341317365269,0.8607784431137725,True,15.0,True,True,30.0,True,False,,False,False,False,False,True,False,True,1.2982954545454546,True,1.0,1.4221556886227544,,167.0,0.75,,2,True,True,False,False,False,Q1_weak,<0.05R,10:30-11:00,wide,Wed
2025-10-03,down,True,165,0.20726495726495728,3.694412770809578,6,False,True,0.2329059829059829,1.0918803418803418,True,15.0,True,False,,False,False,,False,False,False,False,False,False,True,1.1208459214501512,True,1.0,2.0,,117.0,0.4083333333333333,,4,True,True,True,False,False,Q4_strong,0.15-0.30R,12:00-13:30,mid,Fri
2025-10-06,up,True,195,0.05476190476190476,1.0033726812816188,1,True,False,,0.29523809523809524,True,15.0,True,True,105.0,True,True,120.0,False,False,False,False,False,False,False,-0.7424892703862661,True,-0.7142857142857143,-0.7142857142857143,,105.0,0.3333333333333333,,0,True,False,False,False,False,Q2,0.05-0.15R,after 13:30,narrow,Mon
2025-10-07,down,True,0,0.14847161572052403,1.3801169590643274,4,False,True,0.8078602620087336,3.890829694323144,True,15.0,True,False,,False,False,,False,False,False,False,True,True,True,1.3131313131313131,True,1.0,2.0,,57.25,0.016666666666666666,,1,True,True,True,True,True,Q3,0.05-0.15R,10:30-11:00,narrowest,Tue
2025-10-08,up,True,45,0.03343949044585987,0.9929775280898877,2,False,True,0.08121019108280254,0.7213375796178344,True,15.0,True,False,,False,False,,False,False,False,False,True,True,True,1.1194029850746268,True,1.0,1.2611464968152866,,157.0,0.7333333333333333,,2,True,True,False,False,False,Q2,<0.05R,11:00-12:00,wide,Wed
2025-10-09,down,True,0,0.4613259668508287,2.397590361445783,3,False,True,0.09116022099447514,0.9226519337016574,True,15.0,True,True,15.0,False,True,315.0,True,False,True,False,True,False,False,-1.0,True,1.0,-1.0,,90.5,0.2,,3,True,True,False,False,False,Q4_strong,>0.30R,10:30-11:00,narrow,Thu
2025-10-10,down,True,15,1.0476190476190477,6.795774647887324,1,False,True,1.2698412698412698,9.621693121693122,False,,False,False,,False,False,,False,False,False,False,False,False,True,-0.03076923076923077,False,,,,94.5,0.25,,4,True,True,True,True,True,Q4_strong,>0.30R,10:30-11:00,narrow,Fri
2025-10-13,up,True,135,0.18386243386243387,1.3992027334851938,1,False,False,,0.2724867724867725,True,15.0,True,True,30.0,True,True,45.0,False,False,False,False,False,False,True,-0.21470019342359767,True,0.07407407407407407,0.07407407407407407,-1.0,189.0,0.8166666666666667,,0,True,False,False,False,False,Q3,0.15-0.30R,12:00-13:30,widest,Mon
2025-10-14,up,True,60,0.17351973684210525,1.1152204836415363,1,False,True,0.17434210526315788,0.7319078947368421,True,240.0,False,True,240.0,False,False,,False,False,False,False,True,False,True,-0.10012210012210013,True,1.0,0.21217105263157895,,304.0,0.9666666666666667,,1,True,True,False,False,False,Q2,0.15-0.30R,11:00-12:00,widest,Tue
2025-10-15,down,True,150,0.8971098265895954,5.804878048780488,4,True,True,0.45895953757225433,1.0809248554913296,True,45.0,False,True,45.0,False,False,,False,False,False,False,True,False,False,0.07364501448076127,True,-0.2543352601156069,-0.2543352601156069,,216.25,0.8666666666666667,,2,True,True,True,False,False,Q4_strong,>0.30R,12:00-13:30,widest,Wed
2025-10-16,up,True,0,0.3982102908277405,2.6818181818181817,2,False,False,,0.48322147651006714,True,15.0,True,True,15.0,True,True,45.0,True,True,True,True,False,False,False,-1.0,True,-1.0,-1.0,0.17553191489361702,111.75,0.4,,3,True,False,False,False,False,Q4_strong,>0.30R,10:30-11:00,mid,Thu
2025-10-16,down,False,60,0.14093959731543623,0.8369070825211176,2,True,True,0.5011185682326622,3.3131991051454137,True,15.0,True,False,,False,False,,False,False,False,False,True,True,True,1.3403141361256545,True,1.0,2.0,,111.75,0.4,,3,True,True,True,True,True,Q2,0.05-0.15R,11:00-12:00,mid,Thu
2025-10-17,up,True,210,0.022549869904596703,0.6632124352331606,2,False,True,0.06678230702515178,0.3295750216825672,False,,False,False,,False,False,,False,False,False,False,False,False,True,0.14439834024896264,False,,,,288.25,0.9333333333333333,,4,True,False,False,False,False,Q1_weak,<0.05R,after 13:30,widest,Fri
2025-10-20,up,True,0,0.07851851851851852,0.36923076923076925,5,False,True,0.07555555555555556,0.42074074074074075,False,,False,False,,False,False,,False,False,False,False,False,False,True,0.03585147247119078,False,,,,168.75,0.7166666666666667,,0,True,False,False,False,False,Q1_weak,0.05-0.15R,10:30-11:00,wide,Mon
2025-10-21,up,True,75,0.18387909319899245,1.7701421800947867,2,True,True,0.22418136020151133,0.4433249370277078,True,60.0,True,True,60.0,True,False,,True,False,False,False,True,False,False,-1.0,True,-1.0,-1.0,,99.25,0.25,,1,True,False,False,False,False,Q3,0.15-0.30R,11:00-12:00,narrow,Tue
2025-10-22,down,True,0,0.22857142857142856,1.4519572953736655,5,False,True,0.38571428571428573,1.7685714285714285,True,15.0,True,True,15.0,True,False,,False,False,False,False,False,False,True,1.0588235294117647,True,1.0,2.0,,175.0,0.7333333333333333,,2,True,True,True,True,False,Q3,0.15-0.30R,10:30-11:00,wide,Wed
2025-10-23,up,True,15,0.056708160442600276,0.6552162849872774,3,False,False,,0.598893499308437,True,15.0,True,True,15.0,True,True,45.0,False,False,False,False,False,False,True,0.6260869565217392,True,1.0,0.8105117565698479,-1.0,180.75,0.75,,3,True,True,False,False,False,Q1_weak,0.05-0.15R,10:30-11:00,wide,Thu
2025-10-24,up,True,135,0.018907563025210083,0.9480217222653219,1,False,False,,0.18487394957983194,True,15.0,True,True,15.0,True,True,180.0,False,False,False,False,False,False,False,-0.6720647773279352,True,-0.6596638655462185,-0.6596638655462185,,119.0,0.43333333333333335,,4,False,False,False,False,False,Q2,<0.05R,12:00-13:30,mid,Fri
2025-10-27,up,True,0,0.167192429022082,1.6,5,False,False,,1.3312302839116719,True,15.0,True,True,15.0,True,False,,False,False,False,False,False,False,True,1.24822695035461,True,1.0,2.0,,79.25,0.06666666666666667,,0,True,True,True,False,False,Q3,0.15-0.30R,10:30-11:00,narrowest,Mon
2025-10-28,down,True,0,0.08045977011494253,1.2014134275618376,2,False,True,0.034482758620689655,0.36015325670498083,True,15.0,True,True,15.0,True,True,90.0,True,True,True,True,True,False,False,-1.0,True,-1.0,-1.0,0.30514705882352944,65.25,0.03333333333333333,,1,True,False,False,False,False,Q2,0.05-0.15R,10:30-11:00,narrowest,Tue
2025-10-28,up,False,120,0.3486590038314176,1.7094499294781382,4,True,True,0.12260536398467432,2.0957854406130267,False,,False,False,,False,False,,False,False,False,False,True,True,True,0.7674943566591422,False,,,,65.25,0.03333333333333333,,1,True,True,True,True,True,Q3,>0.30R,12:00-13:30,narrowest,Tue
2025-10-29,down,True,45,0.020905923344947737,0.07407407407407407,4,False,False,,2.8641114982578397,True,15.0,True,True,105.0,False,False,,False,False,False,False,False,False,False,1.879598662207358,True,1.0,2.0,,71.75,0.05,,2,True,True,True,True,True,Q1_weak,<0.05R,11:00-12:00,narrowest,Wed
2025-10-30,down,True,285,0.061394380853277836,0.5782975958414555,2,False,True,0.10197710718002082,0.3048907388137357,True,15.0,True,False,,False,False,,False,False,False,False,False,False,True,0.4114921223354958,True,0.5848074921956296,0.5848074921956296,,240.25,0.9,,3,True,False,False,False,False,Q1_weak,0.05-0.15R,after 13:30,widest,Thu
2025-10-31,down,True,75,0.05555555555555555,2.4350842418235876,3,False,True,0.1989247311827957,1.2275985663082438,True,210.0,False,True,210.0,False,False,,False,False,False,False,True,True,True,1.7,True,0.96415770609319,0.96415770609319,,139.5,0.5833333333333334,,4,True,True,True,False,False,Q4_strong,0.05-0.15R,11:00-12:00,mid,Fri
2025-11-04,down,True,150,0.014099783080260303,0.6447368421052632,1,False,False,,0.5162689804772235,True,15.0,True,True,45.0,True,False,,False,False,False,False,False,False,True,0.689873417721519,True,1.0,0.737527114967462,,230.5,0.85,,1,True,True,False,False,False,Q1_weak,<0.05R,12:00-13:30,widest,Tue
2025-11-05,up,True,15,0.005422993492407809,0.30612244897959184,3,False,True,0.04229934924078091,0.7006507592190889,True,15.0,True,True,15.0,True,False,,False,False,False,False,True,False,True,0.18240343347639484,True,1.0,0.19522776572668113,,230.5,0.8416666666666667,,2,True,True,False,False,False,Q1_weak,<0.05R,10:30-11:00,widest,Wed
2025-11-06,down,True,0,0.2817777777777778,2.164424514200299,1,False,True,0.14666666666666667,0.7351111111111112,True,210.0,False,True,225.0,False,False,,False,False,False,False,True,False,True,0.30471859010801594,True,1.0,1.04,,281.25,0.9333333333333333,,3,True,True,False,False,False,Q4_strong,0.15-0.30R,10:30-11:00,widest,Thu
2025-11-07,down,True,0,0.05240174672489083,1.6726504751847941,3,False,True,0.24672489082969432,0.7543668122270742,True,15.0,True,True,165.0,False,True,240.0,True,True,True,True,True,False,False,-1.0,True,1.0,-1.0,0.044863459037711315,229.0,0.8,,4,True,True,False,False,False,Q3,0.05-0.15R,10:30-11:00,wide,Fri
2025-11-07,up,False,255,0.010917030567685589,0.5228325612177366,4,True,True,0.35917030567685587,0.27074235807860264,True,15.0,True,True,15.0,True,False,,False,False,False,False,True,False,True,0.4337606837606838,True,0.4650655021834061,0.4650655021834061,,229.0,0.8,,4,True,False,False,False,False,Q1_weak,<0.05R,after 13:30,wide,Fri
2025-11-10,down,True,15,0.008849557522123894,2.939297124600639,2,False,True,0.5415929203539823,0.5185840707964602,True,15.0,True,True,90.0,False,True,135.0,True,True,True,True,True,False,False,-1.0,True,1.0,-1.0,0.09578544061302682,141.25,0.55,,0,True,True,False,False,False,Q4_strong,<0.05R,10:30-11:00,mid,Mon
2025-11-10,up,False,180,0.017699115044247787,1.2236286919831223,1,True,True,0.005309734513274336,0.6654867256637168,True,15.0,True,True,15.0,True,False,,False,False,False,False,True,False,True,0.6017094017094017,True,1.0,0.6584070796460177,,141.25,0.55,,0,True,True,False,False,False,Q2,<0.05R,12:00-13:30,mid,Mon
2025-11-11,down,True,15,0.17439293598233996,1.1503416856492028,4,False,False,,0.47902869757174393,True,15.0,True,True,75.0,True,True,135.0,True,True,True,True,False,False,False,-1.0,True,-1.0,-1.0,0.10378912685337727,113.25,0.38333333333333336,,1,True,False,False,False,False,Q2,0.15-0.30R,10:30-11:00,mid,Tue
2025-11-11,up,False,180,0.0684326710816777,0.5820642978003384,7,True,False,,0.44370860927152317,True,30.0,False,False,,False,False,,False,False,False,False,False,False,True,-0.10485436893203884,True,0.017660044150110375,0.017660044150110375,,113.25,0.38333333333333336,,1,True,False,False,False,False,Q1_weak,0.05-0.15R,12:00-13:30,mid,Tue
2025-11-12,down,True,15,0.020524515393386546,0.8942632170978627,2,False,False,,0.33181299885974913,True,15.0,True,True,30.0,True,True,285.0,False,False,False,False,False,False,False,-0.5980284775465499,True,-0.5815279361459521,-0.5815279361459521,0.003676470588235294,219.25,0.775,,2,True,False,False,False,False,Q2,<0.05R,10:30-11:00,wide,Wed
2025-11-13,down,True,15,0.09808342728297632,0.33505154639175255,3,False,True,0.3314543404735062,1.2525366403607667,False,,False,False,,False,False,,False,False,False,False,False,False,True,1.5080113100848256,False,,,,221.75,0.8,,3,True,True,True,False,False,Q1_weak,0.05-0.15R,10:30-11:00,wide,Thu
2025-11-14,up,True,0,0.16273291925465838,0.8322981366459627,2,False,True,0.1409937888198758,0.6577639751552795,False,,False,False,,False,False,,False,False,False,False,True,True,True,0.04217432052483599,False,,,,402.5,0.9833333333333333,,4,True,True,False,False,False,Q2,0.15-0.30R,10:30-11:00,widest,Fri
2025-11-17,down,True,195,0.19983277591973245,2.0031536697247705,1,False,True,0.15551839464882944,0.7466555183946488,False,,False,False,,False,False,,False,False,False,False,False,False,True,0.03345280764635603,False,,,,299.0,0.9666666666666667,,0,True,True,False,False,False,Q3,0.15-0.30R,after 13:30,widest,Mon
2025-11-20,down,True,30,0.8796747967479674,2.2842830306825297,2,True,True,0.9463414634146341,6.816260162601626,False,,False,False,,False,False,,False,False,False,False,False,False,True,0.08721272834413671,False,,,,153.75,0.5166666666666667,,3,True,True,True,True,True,Q4_strong,>0.30R,10:30-11:00,mid,Thu
2025-11-21,down,True,15,0.020313942751615882,0.21031207598371776,6,False,False,,0.3407202216066482,True,15.0,True,True,15.0,True,True,45.0,True,True,True,True,False,False,False,-1.0,True,-1.0,-1.0,0.2692307692307692,270.75,0.8666666666666667,,4,True,False,False,False,False,Q1_weak,<0.05R,10:30-11:00,widest,Fri
2025-11-21,up,False,75,0.2742382271468144,3.4655172413793105,4,True,True,0.2788550323176362,1.1015697137580793,True,75.0,True,True,75.0,True,False,,False,False,False,False,True,False,True,0.9373881932021467,True,1.0,2.0,,270.75,0.8666666666666667,,4,True,True,True,False,False,Q4_strong,0.15-0.30R,11:00-12:00,widest,Fri
2025-11-24,up,True,0,0.11067193675889328,1.1059907834101383,5,False,True,0.11758893280632411,0.8843873517786561,True,15.0,True,False,,False,False,,False,False,False,False,True,False,True,0.889967637540453,True,1.0,1.308300395256917,,253.0,0.8333333333333334,,0,True,True,False,False,False,Q2,0.05-0.15R,10:30-11:00,widest,Mon
2025-11-25,up,True,75,0.07117117117117117,0.45184847101780007,3,False,True,0.13603603603603603,0.9216216216216216,False,,False,False,,False,False,,False,False,False,False,True,False,True,1.140378548895899,False,,,,277.5,0.8833333333333333,,1,True,True,False,False,False,Q1_weak,0.05-0.15R,11:00-12:00,widest,Tue
2025-11-26,up,True,30,0.08361774744027303,0.8185654008438819,5,False,True,0.12286689419795221,0.6535836177474402,False,,False,False,,False,False,,False,False,False,False,True,True,True,0.04678362573099415,False,,,,146.5,0.5,,2,True,True,False,False,False,Q2,0.05-0.15R,10:30-11:00,mid,Wed
2025-12-01,up,True,15,0.13212795549374132,2.226123595505618,2,False,True,0.16828929068150209,0.5938803894297635,True,15.0,True,True,15.0,True,False,,False,False,False,False,True,False,True,-0.0924092409240924,True,1.0,0.1474269819193324,,179.75,0.6,,0,True,True,False,False,False,Q4_strong,0.05-0.15R,10:30-11:00,wide,Mon
2025-12-02,down,True,45,0.06267029972752043,1.4645873944119558,2,True,True,0.32833787465940056,0.30926430517711173,True,15.0,True,True,15.0,True,False,,True,False,False,False,True,False,False,-1.0,True,-1.0,-1.0,,183.5,0.6333333333333333,,1,True,False,False,False,False,Q3,0.05-0.15R,11:00-12:00,wide,Tue
2025-12-03,up,True,0,0.14359861591695502,3.8445229681978796,4,False,False,,0.7664359861591695,True,15.0,True,True,15.0,True,False,,False,False,False,False,False,False,True,0.6693548387096774,True,1.0,1.1487889273356402,,144.5,0.4666666666666667,,2,True,True,False,False,False,Q4_strong,0.05-0.15R,10:30-11:00,mid,Wed
2025-12-08,down,True,30,0.09325153374233129,0.9473684210526315,6,False,True,0.08588957055214724,0.452760736196319,True,15.0,True,True,15.0,True,False,,False,False,False,False,True,False,False,-0.2543950361944157,True,-0.11533742331288344,-0.11533742331288344,,203.75,0.6666666666666666,,0,True,False,False,False,False,Q2,0.05-0.15R,10:30-11:00,wide,Mon
2025-12-09,up,True,0,0.09090909090909091,1.9476439790575917,4,False,True,0.025,0.5977272727272728,True,15.0,True,False,,False,False,,False,False,False,False,True,False,True,0.35384615384615387,True,1.0,0.6,,110.0,0.26666666666666666,,1,True,True,False,False,False,Q3,0.05-0.15R,10:30-11:00,narrow,Tue
2025-12-10,down,True,15,0.0023752969121140144,1.163141993957704,2,False,False,,0.36342042755344417,True,15.0,True,True,15.0,True,True,30.0,True,True,True,True,False,False,False,-1.0,True,-1.0,-1.0,0.20588235294117646,105.25,0.23333333333333334,,2,True,False,False,False,False,Q2,<0.05R,10:30-11:00,narrow,Wed
2025-12-10,up,False,210,0.2161520190023753,3.9617224880382778,3,True,True,0.08076009501187649,1.8859857482185274,True,15.0,True,True,15.0,False,False,,True,False,False,False,True,True,True,-1.0,True,1.0,-1.0,,105.25,0.23333333333333334,,2,True,True,True,True,False,Q4_strong,0.15-0.30R,after 13:30,narrow,Wed
2025-12-11,up,True,180,0.10865384615384616,0.938441215323646,1,False,True,0.0875,0.27884615384615385,True,15.0,True,True,15.0,True,False,,False,False,False,False,True,False,True,0.22906793048973143,True,0.49615384615384617,0.49615384615384617,,260.0,0.85,,3,True,False,False,False,False,Q2,0.05-0.15R,12:00-13:30,widest,Thu
2025-12-12,down,True,15,0.24466338259441708,2.288,1,False,True,0.059113300492610835,0.6469622331691297,True,135.0,False,True,135.0,False,False,,False,False,False,False,True,False,True,0.13671444321940462,True,1.0,0.6929392446633826,,304.5,0.95,,4,True,True,False,False,False,Q4_strong,0.15-0.30R,10:30-11:00,widest,Fri
2025-12-16,up,True,300,0.048859934853420196,1.191381495564005,6,True,True,0.010857763300760043,0.15200868621064062,True,15.0,True,True,15.0,True,False,,False,False,False,False,False,False,False,-0.3798219584569733,True,-0.31921824104234525,-0.31921824104234525,,230.25,0.7166666666666667,,1,False,False,False,False,False,Q2,<0.05R,after 13:30,wide,Tue
2025-12-17,down,True,0,0.5129789864029666,4.838487972508591,1,False,True,0.5834363411619283,1.76885043263288,False,,False,False,,False,False,,False,False,False,False,False,False,True,0.4807809640024405,False,,,,202.25,0.5833333333333334,,2,True,True,True,True,False,Q4_strong,>0.30R,10:30-11:00,mid,Wed
2025-12-18,up,True,0,0.24504249291784702,0.6228842247799594,2,False,True,0.10623229461756374,0.4235127478753541,True,90.0,False,True,90.0,True,False,,True,False,False,False,True,False,False,-1.0,True,-1.0,-1.0,,176.5,0.4666666666666667,,3,True,False,False,False,False,Q1_weak,0.15-0.30R,10:30-11:00,mid,Thu
2025-12-23,up,True,60,0.0040650406504065045,0.25263157894736843,6,False,True,0.06097560975609756,0.5630081300813008,True,15.0,True,False,,False,False,,False,False,False,False,True,True,True,0.9596774193548387,True,1.0,0.975609756097561,,123.0,0.2833333333333333,,1,True,True,False,False,False,Q1_weak,<0.05R,11:00-12:00,narrow,Tue
2025-12-29,down,True,105,0.022257551669316374,0.7314022383146807,2,False,False,,0.08744038155802862,True,15.0,False,True,15.0,True,True,30.0,True,False,True,False,False,False,False,-1.0,True,-1.0,-1.0,0.7884615384615384,157.25,0.4166666666666667,,0,False,False,False,False,False,Q1_weak,<0.05R,12:00-13:30,mid,Mon
2025-12-31,down,True,15,0.10483870967741936,1.7798913043478262,6,False,True,0.04032258064516129,0.9959677419354839,True,15.0,True,True,30.0,True,False,,True,False,False,False,True,False,True,-1.0,True,-1.0,-1.0,,124.0,0.31666666666666665,,2,True,True,False,False,False,Q3,0.05-0.15R,10:30-11:00,narrow,Wed
2026-01-02,down,True,15,0.23737373737373738,2.704114957544089,1,False,True,0.24963924963924963,0.5541125541125541,False,,False,False,,False,False,,False,False,False,False,False,False,True,-0.0410958904109589,False,,,,346.5,0.9333333333333333,,4,True,True,False,False,False,Q4_strong,0.15-0.30R,10:30-11:00,widest,Fri
2026-01-06,up,True,180,0.027777777777777776,1.0350404312668464,1,False,True,0.05263157894736842,0.3435672514619883,False,,False,False,,False,False,,False,False,False,False,True,False,True,0.3296398891966759,False,,,,171.0,0.43333333333333335,,1,True,False,False,False,False,Q2,<0.05R,12:00-13:30,mid,Tue
2026-01-07,up,True,15,0.22935779816513763,2.9300291545189507,1,False,True,0.09174311926605505,1.06651376146789,True,30.0,True,True,255.0,False,True,285.0,True,False,True,False,True,False,False,1.0566037735849056,True,1.0,2.0,-0.015267175572519083,109.0,0.16666666666666666,,2,True,True,True,False,False,Q4_strong,0.15-0.30R,10:30-11:00,narrowest,Wed
2026-01-09,up,True,30,0.12334352701325178,1.7043010752688172,2,False,True,0.18144750254842,0.508664627930683,True,15.0,True,False,,False,False,,False,False,False,False,True,True,True,0.276369582992641,True,1.0,0.5912334352701325,,245.25,0.7666666666666667,,4,True,True,False,False,False,Q3,0.05-0.15R,10:30-11:00,wide,Fri
2026-01-12,up,True,30,0.06973684210526315,0.7928118393234673,2,False,True,0.046052631578947366,0.45789473684210524,True,15.0,True,True,30.0,True,False,,False,False,False,False,True,False,True,0.050808314087759814,True,0.19736842105263158,0.19736842105263158,,190.0,0.5,,0,True,False,False,False,False,Q2,0.05-0.15R,10:30-11:00,mid,Mon
2026-01-14,down,True,15,0.1482194417709336,0.9208683473389355,3,False,True,0.1472569778633301,0.4225216554379211,True,15.0,True,True,30.0,True,False,,False,False,False,False,True,False,False,-0.858203414996288,True,-0.8161693936477382,-0.8161693936477382,,259.75,0.8,,2,True,False,False,False,False,Q2,0.05-0.15R,10:30-11:00,wide,Wed
2026-01-15,down,True,210,0.01348314606741573,2.6065969428801288,3,False,True,0.26741573033707866,1.4831460674157304,True,15.0,True,False,,False,False,,False,False,False,False,False,False,True,1.9212253829321664,True,1.0,2.0,,111.25,0.16666666666666666,,3,True,True,True,False,False,Q4_strong,<0.05R,after 13:30,narrowest,Thu
2026-01-16,down,True,0,0.1793179317931793,0.915,5,False,True,0.15291529152915292,0.3179317931793179,True,15.0,False,True,15.0,True,False,,False,False,False,False,True,False,False,-0.39838056680161943,True,-0.18261826182618263,-0.18261826182618263,,227.25,0.6166666666666667,,4,True,False,False,False,False,Q2,0.15-0.30R,10:30-11:00,wide,Fri
2026-01-20,up,True,0,0.150278293135436,0.5040840140023337,2,False,True,0.10946196660482375,0.45454545454545453,True,15.0,True,True,15.0,True,True,165.0,True,True,True,True,True,False,False,-1.0,True,-1.0,-1.0,0.07692307692307693,134.75,0.26666666666666666,,1,True,False,False,False,False,Q1_weak,0.15-0.30R,10:30-11:00,narrow,Tue
2026-01-20,down,False,180,0.17625231910946196,1.0796221322537112,3,True,True,0.17068645640074212,1.007421150278293,False,,False,False,,False,False,,False,False,False,False,False,False,True,1.2181069958847737,False,,,,134.75,0.26666666666666666,,1,True,True,True,False,False,Q2,0.15-0.30R,12:00-13:30,narrow,Tue
2026-01-21,up,True,0,0.24975891996142718,1.5607094133697135,5,False,True,0.25168756027000966,1.0289296046287368,True,60.0,True,True,60.0,True,True,90.0,True,False,True,False,True,False,True,-1.0,True,-1.0,-1.0,-1.0,259.25,0.8,,2,True,True,True,False,False,Q3,0.15-0.30R,10:30-11:00,wide,Wed
2026-01-23,up,True,0,0.08706467661691543,1.0149253731343284,5,False,True,0.12686567164179105,0.4092039800995025,True,60.0,False,True,120.0,True,False,,False,False,False,False,True,False,False,-0.3855932203389831,True,-0.27860696517412936,-0.27860696517412936,,201.0,0.5166666666666667,,4,True,False,False,False,False,Q2,0.05-0.15R,10:30-11:00,mid,Fri
2026-01-26,up,True,45,0.1056241426611797,0.9232053422370617,3,False,False,,0.27434842249657065,True,90.0,False,True,105.0,True,False,,False,False,False,False,False,False,False,-0.5503963759909399,True,-0.4554183813443073,-0.4554183813443073,,182.25,0.4166666666666667,,0,True,False,False,False,False,Q2,0.05-0.15R,11:00-12:00,mid,Mon
2026-01-27,up,True,0,0.10317460317460317,1.3544973544973544,1,False,False,,0.2507936507936508,True,15.0,True,True,90.0,True,False,,False,False,False,False,False,False,True,-0.15789473684210525,True,0.015873015873015872,0.015873015873015872,,157.5,0.35,,1,True,False,False,False,False,Q3,0.05-0.15R,10:30-11:00,narrow,Tue
2026-01-28,down,True,0,0.22395833333333334,1.3995271867612293,1,False,True,0.14583333333333334,1.0859375,True,255.0,False,False,,False,False,,False,False,False,False,True,True,True,1.0719424460431655,True,1.0,1.1614583333333333,,96.0,0.03333333333333333,,2,True,True,True,False,False,Q3,0.15-0.30R,10:30-11:00,narrowest,Wed
2026-01-29,down,True,0,0.20689655172413793,1.0432748538011696,1,False,True,0.1685823754789272,0.39901477832512317,True,60.0,False,True,90.0,True,True,90.0,True,False,True,False,True,False,False,-1.0,True,-1.0,-1.0,0.7286527514231499,456.75,1.0,,3,True,False,False,False,False,Q2,0.15-0.30R,10:30-11:00,widest,Thu
2026-01-30,down,True,75,0.22278056951423786,1.4565667011375387,1,False,True,0.1407035175879397,1.4874371859296482,True,45.0,True,False,,False,False,,False,False,False,False,True,True,True,1.0753186558516803,True,1.0,2.0,,149.25,0.3,,4,True,True,True,False,False,Q3,0.15-0.30R,11:00-12:00,narrow,Fri
2026-02-02,up,True,105,0.0087248322147651,0.22583875813720583,3,False,False,,0.1,True,15.0,True,True,15.0,True,True,150.0,False,False,False,False,False,False,False,-0.3113456464379947,True,-0.2993288590604027,-0.2993288590604027,-0.09268292682926829,372.5,0.9166666666666666,,0,False,False,False,False,False,Q1_weak,<0.05R,12:00-13:30,widest,Mon
2026-02-03,down,True,90,0.10580912863070539,1.121024049650892,2,False,True,0.0036307053941908715,0.5212655601659751,False,,False,False,,False,False,,False,False,False,False,False,False,True,-0.0898972602739726,False,,,,482.0,1.0,,1,True,True,False,False,False,Q2,0.05-0.15R,11:00-12:00,widest,Tue
2026-02-04,down,True,60,0.4574468085106383,2.9975308641975307,1,False,True,0.13031914893617022,1.150709219858156,True,195.0,False,False,,False,False,,False,False,False,False,True,True,True,0.5666666666666667,True,0.8049645390070922,0.8049645390070922,,282.0,0.8333333333333334,,2,True,True,True,False,False,Q4_strong,>0.30R,11:00-12:00,widest,Wed
2026-02-06,up,True,30,0.06619593998234775,1.2603810454323399,1,False,True,0.0441306266548985,0.8402471315092674,True,15.0,True,False,,False,False,,False,False,False,False,True,True,True,0.8978955572876072,True,1.0,1.1491615180935568,,283.25,0.8166666666666667,,4,True,True,False,False,False,Q2,0.05-0.15R,10:30-11:00,widest,Fri
2026-02-09,up,True,0,0.035175879396984924,1.2433460076045628,1,False,True,0.10134003350083752,0.585427135678392,False,,False,False,,False,False,,False,False,False,False,True,True,True,0.458528951486698,False,,,,298.5,0.8166666666666667,,0,True,True,False,False,False,Q2,<0.05R,10:30-11:00,widest,Mon
2026-02-10,down,True,270,0.022193211488250653,2.5328185328185326,1,False,True,0.0026109660574412533,0.3002610966057441,True,15.0,True,False,,False,False,,False,False,False,False,False,False,True,0.3175,True,0.37597911227154046,0.37597911227154046,,191.5,0.43333333333333335,,1,True,False,False,False,False,Q4_strong,<0.05R,after 13:30,mid,Tue
2026-02-12,down,True,0,0.37037037037037035,3.5535168195718656,2,False,True,0.3265993265993266,2.0123456790123457,False,,False,False,,False,False,,False,False,False,False,False,False,True,0.723404255319149,False,,,,222.75,0.55,,3,True,True,True,True,True,Q4_strong,>0.30R,10:30-11:00,mid,Thu
2026-02-13,up,True,60,0.06426735218508997,0.8888888888888888,4,False,False,,0.4284490145672665,True,15.0,True,True,195.0,True,True,225.0,False,False,False,False,False,False,False,-0.5299924069855733,True,-0.4695801199657241,-0.4695801199657241,-0.16143011917659805,291.75,0.7833333333333333,,4,True,False,False,False,False,Q2,0.05-0.15R,11:00-12:00,wide,Fri
2026-02-17,up,True,180,0.028995756718528994,0.8873949579831932,2,True,True,0.13154172560113153,0.20933521923620935,True,15.0,True,True,75.0,True,False,,False,False,False,False,True,False,False,-0.2620320855614973,True,-0.21923620933521923,-0.21923620933521923,,353.5,0.8666666666666667,,1,False,False,False,False,False,Q2,<0.05R,12:00-13:30,widest,Tue
2026-02-18,up,True,15,0.039596273291925464,0.43222003929273084,6,False,True,0.002329192546583851,0.16847826086956522,True,60.0,True,True,60.0,True,False,,True,False,False,False,True,False,False,-1.0,True,-1.0,-1.0,,322.0,0.8333333333333334,,2,False,False,False,False,False,Q1_weak,<0.05R,10:30-11:00,widest,Wed
2026-02-20,up,True,15,0.08838071693448703,0.7241379310344828,4,False,True,0.008034610630407911,0.13967861557478367,True,15.0,True,True,15.0,True,False,,True,False,False,False,True,False,False,-1.0,True,-1.0,-1.0,,404.5,0.9333333333333333,,4,False,False,False,False,False,Q1_weak,0.05-0.15R,10:30-11:00,widest,Fri
2026-02-23,down,True,0,0.05889724310776942,0.9740634005763689,3,False,True,0.29699248120300753,0.8646616541353384,True,15.0,True,False,,False,False,,False,False,False,False,True,True,True,0.5448430493273543,True,1.0,0.7268170426065163,,199.5,0.48333333333333334,,0,True,True,False,False,False,Q2,0.05-0.15R,10:30-11:00,mid,Mon
2026-02-24,up,True,0,0.00859375,0.08046940486169321,2,False,True,0.196875,0.20078125,True,15.0,True,True,15.0,True,False,,False,False,False,False,True,False,True,0.07834101382488479,True,0.096875,0.096875,,320.0,0.8333333333333334,,1,False,False,False,False,False,Q1_weak,<0.05R,10:30-11:00,widest,Tue
2026-02-25,up,True,210,0.01951219512195122,0.6838235294117647,1,False,True,0.03902439024390244,0.16951219512195123,True,75.0,True,False,,False,False,,False,False,False,False,True,False,True,0.176056338028169,True,0.22195121951219512,0.22195121951219512,,205.0,0.55,,2,False,False,False,False,False,Q1_weak,<0.05R,after 13:30,mid,Wed
2026-02-27,up,True,0,0.004640371229698376,0.7119741100323624,5,False,False,,0.18213457076566125,True,15.0,True,True,15.0,True,False,,True,False,False,False,False,False,True,-1.0,True,-1.0,-1.0,,215.5,0.55,,4,False,False,False,False,False,Q1_weak,<0.05R,10:30-11:00,mid,Fri
2026-03-02,up,True,30,0.07148067104303428,0.7093235831809872,1,False,True,0.055433989788475566,0.4471188913202042,True,15.0,True,True,15.0,True,True,15.0,False,False,False,False,True,False,True,0.2603701340140396,True,0.44055433989788473,0.44055433989788473,-1.0,342.75,0.8333333333333334,,0,True,False,False,False,False,Q1_weak,0.05-0.15R,10:30-11:00,widest,Mon
2026-03-03,up,True,75,0.034761519805982216,0.4571575166752181,6,False,True,0.007275666936135812,0.6103476151980598,True,15.0,True,True,15.0,True,False,,False,False,False,False,True,False,True,0.5154950869236583,True,1.0,0.6208569118835894,,309.25,0.7833333333333333,,1,True,True,False,False,False,Q1_weak,<0.05R,11:00-12:00,wide,Tue
2026-03-04,up,True,60,0.04215456674473068,0.8283796740172579,2,False,True,0.05620608899297424,0.2232630757220921,True,15.0,True,True,15.0,True,False,,False,False,False,False,True,False,False,-0.22894168466522677,True,-0.16393442622950818,-0.16393442622950818,,320.25,0.8,,2,False,False,False,False,False,Q2,<0.05R,11:00-12:00,wide,Wed
2026-03-05,down,True,45,0.0801781737193764,0.24183006535947713,2,False,True,0.09465478841870824,0.9476614699331849,True,15.0,True,True,15.0,True,False,,True,False,False,False,True,False,False,-1.0,True,-1.0,-1.0,,224.5,0.5166666666666667,,3,True,True,False,False,False,Q1_weak,0.05-0.15R,11:00-12:00,mid,Thu
2026-03-06,up,True,0,0.036322360953461974,0.41567291311754684,4,False,True,0.06923950056753689,0.44154370034052215,True,15.0,True,True,30.0,True,True,285.0,True,True,True,True,True,False,False,-1.0,True,-1.0,-1.0,0.16620752984389348,220.25,0.48333333333333334,,4,True,False,False,False,False,Q1_weak,<0.05R,10:30-11:00,mid,Fri
2026-03-09,up,True,0,0.048292108362779744,4.637931034482759,2,False,True,0.287396937573616,2.5100117785630154,False,,False,False,,False,False,,False,False,False,False,True,True,True,1.7357679914070892,False,,,,212.25,0.45,,0,True,True,True,True,True,Q4_strong,<0.05R,10:30-11:00,mid,Mon
2026-03-10,up,True,0,0.11081794195250659,1.872340425531915,2,False,True,0.32058047493403696,0.716358839050132,True,90.0,True,True,210.0,False,False,,True,False,False,False,True,True,False,-1.0,True,1.0,-1.0,,189.5,0.3,,1,True,True,False,False,False,Q3,0.05-0.15R,10:30-11:00,narrow,Tue
2026-03-11,down,True,45,0.21614906832298136,1.6482965931863727,2,False,False,,0.5229813664596273,True,75.0,True,True,75.0,True,False,,False,False,False,False,False,False,False,-0.3382480485689506,True,1.0,-0.05217391304347826,,201.25,0.4,,2,True,True,False,False,False,Q3,0.15-0.30R,11:00-12:00,mid,Wed
2026-03-12,down,True,30,0.12284730195177956,0.49526387009472256,2,False,False,,0.33983926521239954,True,15.0,True,True,15.0,True,True,30.0,True,False,True,False,False,False,True,-1.0,True,-1.0,-1.0,-1.0,217.75,0.48333333333333334,,3,True,False,False,False,False,Q1_weak,0.05-0.15R,10:30-11:00,mid,Thu
2026-03-13,down,True,0,0.07979407979407979,1.3375527426160339,1,False,True,0.18532818532818532,1.341055341055341,False,,False,False,,False,False,,False,False,False,False,False,False,True,1.5871254162042174,False,,,,194.25,0.35,,4,True,True,True,False,False,Q3,0.05-0.15R,10:30-11:00,narrow,Fri
2026-03-18,down,True,150,0.0388739946380697,1.536231884057971,4,False,True,0.029490616621983913,0.9115281501340483,True,15.0,True,True,15.0,True,False,,True,False,False,False,True,False,True,-1.0,True,-1.0,-1.0,,186.5,0.31666666666666665,,2,True,True,False,False,False,Q3,<0.05R,12:00-13:30,narrow,Wed
2026-03-19,up,True,30,0.03295454545454545,1.8687350835322196,3,False,False,,0.6579545454545455,True,15.0,True,True,15.0,True,True,30.0,True,False,True,False,False,False,True,-1.0,True,-1.0,-1.0,-1.0,220.0,0.5333333333333333,,3,True,True,False,False,False,Q3,<0.05R,10:30-11:00,mid,Thu
2026-03-20,down,True,165,0.018943170488534396,0.5112818050888142,2,False,True,0.040877367896311065,1.073778664007976,True,15.0,True,False,,False,False,,False,False,False,False,True,True,True,1.8904899135446687,True,1.0,2.0,,250.75,0.6666666666666666,,4,True,True,True,False,False,Q1_weak,<0.05R,12:00-13:30,wide,Fri
2026-03-23,down,True,75,0.19941348973607037,3.923398328690808,3,True,True,0.22971652003910067,0.48484848484848486,True,15.0,True,True,15.0,True,False,,False,False,False,False,False,False,True,-0.09643605870020965,True,0.26392961876832843,0.26392961876832843,,255.75,0.6666666666666666,,0,True,False,False,False,False,Q4_strong,0.15-0.30R,11:00-12:00,wide,Mon
2026-03-24,up,True,45,0.1307901907356948,0.8650051921079958,2,False,False,,0.3692098092643052,True,15.0,False,True,30.0,True,True,105.0,True,False,True,False,False,False,False,-1.0,True,-1.0,-1.0,-0.1626733921815889,183.5,0.26666666666666666,,1,True,False,False,False,False,Q2,0.05-0.15R,11:00-12:00,narrow,Tue
2026-03-26,down,True,105,0.3179271708683473,3.8111239860950175,2,False,True,0.23109243697478993,1.619047619047619,False,,False,False,,False,False,,False,False,False,False,False,False,True,0.833904109589041,False,,,,178.5,0.21666666666666667,,3,True,True,True,True,False,Q4_strong,>0.30R,12:00-13:30,narrow,Thu
2026-03-27,down,True,165,0.34360189573459715,2.585170340681363,6,False,True,0.17298578199052134,0.8720379146919431,False,,False,False,,False,False,,False,False,False,False,False,False,True,0.40308988764044945,False,,,,211.0,0.45,,4,True,True,False,False,False,Q4_strong,>0.30R,12:00-13:30,mid,Fri
2026-03-30,down,True,0,0.07535641547861507,0.6485623003194888,2,False,False,,1.0926680244399185,True,15.0,True,True,15.0,True,True,15.0,True,False,True,False,False,False,True,-1.0,True,-1.0,-1.0,-1.0,245.5,0.6333333333333333,,0,True,True,True,False,False,Q1_weak,0.05-0.15R,10:30-11:00,wide,Mon
2026-03-31,up,True,120,0.974009900990099,3.568204121687929,3,True,True,0.6373762376237624,1.952970297029703,False,,False,False,,False,False,,False,False,False,False,True,True,True,0.017632241813602016,False,,,,202.0,0.4166666666666667,,1,True,True,True,True,False,Q4_strong,>0.30R,12:00-13:30,mid,Tue
2026-04-01,up,True,15,0.29402985074626864,2.2489539748953975,6,False,True,0.04328358208955224,0.8208955223880597,True,210.0,False,True,210.0,False,False,,True,False,False,False,True,True,False,-1.0,True,-1.0,-1.0,,167.5,0.15,,2,True,True,False,False,False,Q4_strong,0.15-0.30R,10:30-11:00,narrowest,Wed
2026-04-02,up,True,0,0.6030651340996168,3.6678445229681977,4,False,True,0.2467432950191571,0.8045977011494253,False,,False,False,,False,False,,False,False,False,False,True,True,True,0.05488016672455714,False,,,,326.25,0.85,,3,True,True,False,False,False,Q4_strong,>0.30R,10:30-11:00,widest,Thu
2026-04-06,down,True,150,0.09079903147699758,2.6682161533991864,2,False,False,,0.20823244552058112,True,15.0,False,True,15.0,True,True,75.0,True,False,True,False,False,False,False,-1.0,True,-1.0,-1.0,0.15827338129496402,206.5,0.4166666666666667,,0,False,False,False,False,False,Q4_strong,0.05-0.15R,12:00-13:30,mid,Mon
2026-04-07,up,True,315,0.19585987261146498,4.16633023819136,4,True,False,,0.0,False,,False,False,,False,False,,False,False,False,False,False,False,False,,False,,,,314.0,0.7833333333333333,,1,False,False,False,False,False,Q4_strong,0.15-0.30R,after 13:30,wide,Tue
2026-04-08,down,True,0,0.047044632086851626,0.64,5,False,True,0.04945717732207479,0.5597104945717732,True,30.0,False,True,60.0,False,False,,True,False,False,False,True,False,False,-1.0,True,-1.0,-1.0,,207.25,0.43333333333333335,,2,True,True,False,False,False,Q1_weak,<0.05R,10:30-11:00,mid,Wed
2026-04-09,up,True,60,0.09644670050761421,2.217659137577002,1,True,True,0.21489001692047377,1.0710659898477157,True,15.0,True,False,,False,False,,False,False,False,False,True,True,True,1.5148936170212766,True,1.0,2.0,,147.75,0.08333333333333333,,3,True,True,True,False,False,Q4_strong,0.05-0.15R,11:00-12:00,narrowest,Thu
2026-04-10,up,True,30,0.0049382716049382715,1.1761363636363638,2,False,False,,0.2345679012345679,True,15.0,True,True,15.0,True,True,30.0,True,True,True,True,False,False,False,-1.0,True,-1.0,-1.0,0.39664804469273746,101.25,0.03333333333333333,,4,False,False,False,False,False,Q2,<0.05R,10:30-11:00,narrowest,Fri
2026-04-10,down,False,75,0.0345679012345679,2.055636896046852,3,True,True,0.2938271604938272,0.45185185185185184,True,15.0,True,True,15.0,True,False,,False,False,False,False,False,False,False,-0.3648960739030023,True,-0.32098765432098764,-0.32098765432098764,,101.25,0.03333333333333333,,4,True,False,False,False,False,Q3,<0.05R,11:00-12:00,narrowest,Fri
2026-04-13,up,True,15,0.10838150289017341,0.8123569794050343,3,False,False,,1.2557803468208093,True,15.0,True,True,15.0,True,False,,False,False,False,False,False,False,True,1.4655581947743468,True,1.0,2.0,,173.0,0.18333333333333332,,0,True,True,True,False,False,Q2,0.05-0.15R,10:30-11:00,narrow,Mon
2026-04-14,up,True,45,0.18469217970049917,1.3129251700680271,1,False,True,0.16971713810316139,1.3111480865224625,False,,False,False,,False,False,,False,False,False,False,True,True,True,1.1907654921020656,False,,,,150.25,0.11666666666666667,,1,True,True,True,False,False,Q2,0.15-0.30R,11:00-12:00,narrowest,Tue
2026-04-15,up,True,0,0.07072368421052631,0.2651622002820874,4,False,True,0.08881578947368421,1.600328947368421,True,135.0,True,False,,False,False,,False,False,False,False,True,True,True,1.6282420749279538,True,1.0,2.0,,152.0,0.13333333333333333,,2,True,True,True,True,False,Q1_weak,0.05-0.15R,10:30-11:00,narrowest,Wed
2026-04-16,up,True,30,0.090014064697609,1.866983372921615,3,False,True,0.19831223628691982,0.6230661040787623,True,30.0,True,True,120.0,False,False,,True,False,False,False,True,True,True,-1.0,True,1.0,-1.0,,177.75,0.2,,3,True,True,False,False,False,Q3,0.05-0.15R,10:30-11:00,narrow,Thu
2026-04-17,up,True,0,0.3822525597269625,3.4881516587677726,1,False,True,0.21331058020477817,0.742320819112628,True,165.0,False,True,165.0,False,False,,False,False,False,False,True,True,True,-0.0367504835589942,True,0.6996587030716723,0.6996587030716723,,146.5,0.06666666666666667,,4,True,True,False,False,False,Q4_strong,>0.30R,10:30-11:00,narrowest,Fri
2026-04-20,down,True,0,0.17857142857142858,1.049808429118774,3,False,True,0.24776785714285715,1.3125,True,15.0,True,True,210.0,False,False,,False,False,False,False,True,True,False,1.2105263157894737,True,1.0,2.0,,112.0,0.05,,0,True,True,True,False,False,Q2,0.15-0.30R,10:30-11:00,narrowest,Mon
2026-04-21,down,True,45,0.01892744479495268,0.9686346863468634,1,False,False,,1.1041009463722398,True,15.0,True,True,15.0,True,True,240.0,False,False,False,False,False,False,True,1.8905775075987843,True,1.0,2.0,-1.0,158.5,0.2,,1,True,True,True,False,False,Q2,<0.05R,11:00-12:00,narrow,Tue
2026-04-22,up,True,90,0.03477051460361613,0.7127882599580713,2,False,False,,0.5660639777468707,True,15.0,True,True,15.0,True,True,30.0,False,False,False,False,False,False,True,0.8582574772431729,True,1.0,0.9874826147426982,-1.0,179.75,0.2833333333333333,,2,True,True,False,False,False,Q1_weak,<0.05R,11:00-12:00,narrow,Wed
2026-04-23,up,True,30,0.12885662431941924,0.7222222222222222,4,False,True,0.25226860254083483,0.38475499092558985,True,45.0,False,True,45.0,True,True,120.0,True,True,True,True,True,False,False,-1.0,True,-1.0,-1.0,-0.08403361344537816,137.75,0.06666666666666667,,3,True,False,False,False,False,Q1_weak,0.05-0.15R,10:30-11:00,narrowest,Thu
2026-04-23,down,False,150,0.12704174228675136,5.822189566495225,2,True,True,0.9201451905626135,2.056261343012704,True,90.0,False,False,,False,False,,False,False,False,False,False,False,True,1.3921852387843705,True,1.0,0.5626134301270418,,137.75,0.06666666666666667,,3,True,True,True,True,True,Q4_strong,0.05-0.15R,12:00-13:30,narrowest,Thu
2026-04-24,up,True,15,0.1678832116788321,1.2273476112026358,2,False,True,0.20437956204379562,1.4251824817518248,False,,False,False,,False,False,,False,False,False,False,True,True,True,1.2459016393442623,False,,,,137.0,0.05,,4,True,True,True,False,False,Q2,0.15-0.30R,10:30-11:00,narrowest,Fri
2026-04-27,up,True,315,0.07326007326007326,1.4549653579676676,4,False,False,,0.0,False,,False,False,,False,False,,False,False,False,False,False,False,False,,False,,,,136.5,0.05,,0,False,False,False,False,False,Q3,0.05-0.15R,after 13:30,narrowest,Mon
